canonical_id,source,source_entity_id,entity_type,name,city,region
ASR_000001,booking_kaggle,hotels_00732,hotel,AL Faridah Furnished Units,Khamis Mushait,Asir
ASR_000002,booking_kaggle,hotels_00428,hotel,Abha Airport Hotel,Abha,Asir
ASR_000003,booking_kaggle,hotels_00040,hotel,Abha Palace Hotel,Abha,Asir
ASR_000004,booking_kaggle,hotels_00293,hotel,Abha Sky (Families Only),Abha,Asir
ASR_000005,booking_kaggle,hotels_00804,hotel,Al Afaq Alraqi Furnished Apartments (Families only),Abha,Asir
ASR_000006,booking_kaggle,hotels_00706,hotel,Al Arjowan Hotel Units,Abha,Asir
ASR_000007,booking_kaggle,hotels_00799,hotel,Al Joud Palace Residential Units,Abha,Asir
ASR_000008,booking_kaggle,hotels_00997,hotel,Al Narjis Suites - Abha,Abha,Asir
ASR_000009,booking_kaggle,hotels_00982,hotel,Al Qasr Almomayaz Aparthotel,Abha,Asir
ASR_000010,booking_kaggle,hotels_01004,hotel,Al Raha Rotana Hotel Apartments,Khamis Mushait,Asir
ASR_000011,booking_kaggle,hotels_00090,hotel,Al Reef Homes Hotel,Abha,Asir
ASR_000012,booking_kaggle,hotels_00341,hotel,Al Reef Homes Hotel Apartments Alnuzhah,Abha,Asir
ASR_000013,booking_kaggle,hotels_00044,hotel,Bayat Hotel By Cristal,Khamis Mushait,Asir
ASR_000014,booking_kaggle,hotels_00991,hotel,Beautat Hotel,Abha,Asir
ASR_000015,booking_kaggle,hotels_00018,hotel,Blue inn Boutique,Abha,Asir
ASR_000016,booking_kaggle,hotels_00941,hotel,Burj Al Alailah Furnished Units (Families only),Muhayil,Asir
ASR_000017,booking_kaggle,hotels_00001,hotel,Copper Crown Furnished Apartments,Khamis Mushait,Asir
ASR_000018,booking_kaggle,hotels_00650,hotel,Golden Abha,Abha,Asir
ASR_000019,booking_kaggle,hotels_00842,hotel,Kanaf Abaha Aparthotel,Abha,Asir
ASR_000020,booking_kaggle,hotels_01012,hotel,Khuzama Abha Furnished Apartments,Abha,Asir
ASR_000021,booking_kaggle,hotels_00964,hotel,La Casa Hotel Apartment,Khamis Mushait,Asir
ASR_000022,booking_kaggle,hotels_00696,hotel,La Fontaine Ronas Suites,Abha,Asir
ASR_000023,booking_kaggle,hotels_00679,hotel,Mawasim Aghadeer Hotel,Abha,Asir
ASR_000024,booking_kaggle,hotels_00837,hotel,Melaf Suites,Abha,Asir
ASR_000025,booking_kaggle,hotels_00230,hotel,Mercure Hotel Khamis Mushayt,Khamis Mushait,Asir
ASR_000026,booking_kaggle,hotels_00730,hotel,Milá Hotel 2,Khamis Mushait,Asir
ASR_000027,entertainment_kaggle,entertainment_00105,entertainment,Muvi Cinemas | موڤي سينما,Khamis Mushait,Asir
ASR_000028,entertainment_kaggle,entertainment_00130,entertainment,Muvi Cinemas | موڤي سينما,Khamis Mushait,Asir
ASR_000029,booking_kaggle,hotels_00613,hotel,OYO 315 Ramz Abha Hotel,Abha,Asir
ASR_000030,booking_kaggle,hotels_00492,hotel,OYO 324 Green House Hotel Abha,Abha,Asir
ASR_000031,booking_kaggle,hotels_00266,hotel,OYO 369 Arwa Alqosor,Abha,Asir
ASR_000032,booking_kaggle,hotels_00701,hotel,OYO 410 Diamy Apartments,Khamis Mushait,Asir
ASR_000033,booking_kaggle,hotels_00292,hotel,OYO 412 Qasr Aseer,Khamis Mushait,Asir
ASR_000034,booking_kaggle,hotels_00587,hotel,OYO 467 Al Dahya Hotel,Abha,Asir
ASR_000035,booking_kaggle,hotels_00772,hotel,Qasr Al Dabab Furnished Units- Families only,Abha,Asir
ASR_000036,booking_kaggle,hotels_00795,hotel,Qasr Dalin Furnished Apartments,Khamis Mushait,Asir
ASR_000037,booking_kaggle,hotels_01016,hotel,Quite Night Hotel Apartments,Khamis Mushait,Asir
ASR_000038,booking_kaggle,hotels_00757,hotel,Rayanat Abha Aparthotel,Abha,Asir
ASR_000039,booking_kaggle,hotels_00895,hotel,Rose Palace for Families Only,Abha,Asir
ASR_000040,booking_kaggle,hotels_00830,hotel,Saad Palace 3,Abha,Asir
ASR_000041,booking_kaggle,hotels_00525,hotel,Shafa Abha Hotel,Abha,Asir
ASR_000042,booking_kaggle,hotels_01024,hotel,Shatha Abha Furnished Units,Abha,Asir
ASR_000043,entertainment_kaggle,entertainment_00162,entertainment,Talal Maddah Theater,Abha,Asir
ASR_000044,entertainment_kaggle,entertainment_00169,entertainment,Talal Maddah Theater,Abha,Asir
ASR_000045,booking_kaggle,hotels_00387,hotel,Tanuma Aram Hospitality - Hotel Apartments تنومة آرام للضيافة - شقق فندقية,Tanomah,Asir
ASR_000046,booking_kaggle,hotels_00511,hotel,Tathleeth Palace,Tathleeth,Asir
ASR_000047,booking_kaggle,hotels_00484,hotel,That Msa Resort,Khamis Mushait,Asir
ASR_000048,entertainment_kaggle,entertainment_00126,entertainment,Theater Lasan,Abha,Asir
ASR_000049,entertainment_kaggle,entertainment_00134,entertainment,Theater Lasan,Abha,Asir
ASR_000050,entertainment_kaggle,entertainment_00127,entertainment,University Theater,Abha,Asir
ASR_000051,entertainment_kaggle,entertainment_00135,entertainment,University Theater,Abha,Asir
ASR_000052,booking_kaggle,hotels_00336,hotel,WARD Hotel Suites,Ahad Rafidah,Asir
ASR_000053,booking_kaggle,hotels_00810,hotel,أبهى رفاف,Abha,Asir
ASR_000054,booking_kaggle,hotels_00475,hotel,أجنحة ساوث الفندقية,Khamis Mushait,Asir
ASR_000055,booking_kaggle,hotels_00621,hotel,ابراج الحسام للشقق الفندقية,Ahad Rafidah,Asir
ASR_000056,booking_kaggle,hotels_00765,hotel,اجنحة بيات,Abha,Asir
ASR_000057,booking_kaggle,hotels_00662,hotel,التوفيق ابها للشقق المفروشة,Abha,Asir
ASR_000058,booking_kaggle,hotels_00836,hotel,الدانة طريق الرياض,Abha,Asir
ASR_000059,booking_kaggle,hotels_00889,hotel,الشهد للوحدات السكنية المفروشة,Khamis Mushait,Asir
ASR_000060,booking_kaggle,hotels_00935,hotel,الفيصل للاجنحة الفندقية,Abha,Asir
ASR_000061,booking_kaggle,hotels_00910,hotel,القصر المميز للوحدات السكنية,Muhayil,Asir
ASR_000062,booking_kaggle,hotels_00419,hotel,اللمسة الذهبية للوحدات السكنية,Khamis Mushait,Asir
ASR_000063,booking_kaggle,hotels_00604,hotel,بسمة بلازا شقق فندقية,Abha,Asir
ASR_000064,booking_kaggle,hotels_00936,hotel,بيت الصداقة للوحدات السكنية,Abha,Asir
ASR_000065,booking_kaggle,hotels_00167,hotel,دار التلال لللأجنحة الفندقية,Abha,Asir
ASR_000066,booking_kaggle,hotels_00892,hotel,سحب ابها للوحدات السكنية الفندقية2,Khamis Mushait,Asir
ASR_000067,booking_kaggle,hotels_00309,hotel,شقق عزاب الكثري,Muhayil,Asir
ASR_000068,booking_kaggle,hotels_00194,hotel,فندق جولدن دريم,Khamis Mushait,Asir
ASR_000069,booking_kaggle,hotels_00137,hotel,قصر الجادل,Ahad Rafidah,Asir
ASR_000070,booking_kaggle,hotels_00425,hotel,كود العربية للأجنحة الفندقية,Khamis Mushait,Asir
ASR_000071,booking_kaggle,hotels_00731,hotel,ميلا للوحدات السكنية المفروشة 1,Khamis Mushait,Asir
ASR_000072,booking_kaggle,hotels_00756,hotel,نزل سحب أبها للعزاب,Khamis Mushait,Asir
BAH_000001,booking_kaggle,hotels_00559,hotel,Al Eairy Apartments - Al Baha 2,Al Bahah,Al Bahah
BAH_000002,booking_kaggle,hotels_00565,hotel,Al Eairy Furnished Apartments - Al Bahah 3,Al Bahah,Al Bahah
BAH_000003,booking_kaggle,hotels_00572,hotel,Al Eairy Furnished Apartments - Al Bahah 4,Al Bahah,Al Bahah
BAH_000004,booking_kaggle,hotels_00112,hotel,AlBaha Palace Furnished Apartment,Al Bahah,Al Bahah
BAH_000005,booking_kaggle,hotels_00364,hotel,Capital O 309 Al-faleh Hotel,Al Bahah,Al Bahah
BAH_000006,booking_kaggle,hotels_00233,hotel,National Park Hotel,Baljurashi,Al Bahah
BAH_000007,booking_kaggle,hotels_01017,hotel,Patto Suites,Al Bahah,Al Bahah
BAH_000008,booking_kaggle,hotels_00440,hotel,Saf Hotel,Baljurashi,Al Bahah
BAH_000009,booking_kaggle,hotels_00329,hotel,ميرا هاوس للشقق الفندقية,Baljurashi,Al Bahah
EAS_000001,booking_kaggle,hotels_00553,hotel,ALthuqbah 2 Males only,Dhahran,Eastern Province
EAS_000002,entertainment_kaggle,entertainment_00072,entertainment,AMC Cinemas Ajdan Walk,Al Khobar,Eastern Province
EAS_000003,entertainment_kaggle,entertainment_00082,entertainment,AMC Cinemas Ajdan Walk,Al Khobar,Eastern Province
EAS_000004,entertainment_kaggle,entertainment_00051,entertainment,AMC cinemas,Hafar Al Batin,Eastern Province
EAS_000005,entertainment_kaggle,entertainment_00060,entertainment,AMC cinemas,Hafar Al Batin,Eastern Province
EAS_000006,booking_kaggle,hotels_00562,hotel,Adamah,Dammam,Eastern Province
EAS_000007,entertainment_kaggle,entertainment_00370,entertainment,Ahaji Escape Rooms أحاجي,Dammam,Eastern Province
EAS_000008,booking_kaggle,hotels_00926,hotel,Ahla Amassi Furnished Units,Dammam,Eastern Province
EAS_000009,booking_kaggle,hotels_00643,hotel,Ajwa 3,Al Khobar,Eastern Province
EAS_000010,entertainment_kaggle,entertainment_00125,entertainment,Al Comedy Club,Dammam,Eastern Province
EAS_000011,entertainment_kaggle,entertainment_00133,entertainment,Al Comedy Club,Dammam,Eastern Province
EAS_000012,booking_kaggle,hotels_00704,hotel,Al Eairy Apartment- Dammam 3,Dammam,Eastern Province
EAS_000013,booking_kaggle,hotels_00644,hotel,Al Eairy Apartments - Al Ahsa 1,Al Ahsa,Eastern Province
EAS_000014,booking_kaggle,hotels_00811,hotel,Al Eairy Apartments - Al Ahsa 2,Al Ahsa,Eastern Province
EAS_000015,booking_kaggle,hotels_00783,hotel,Al Eairy Apartments - Al Ahsa 4,Al Ahsa,Eastern Province
EAS_000016,booking_kaggle,hotels_00773,hotel,Al Eairy Apartments - Al Ahsa 5,Al Ahsa,Eastern Province
EAS_000017,booking_kaggle,hotels_00660,hotel,Al Eairy Apartments - Al Nairyah 1,Al Nairyah,Eastern Province
EAS_000018,booking_kaggle,hotels_00716,hotel,Al Eairy Apartments - Al Nairyah 3,Al Nairyah,Eastern Province
EAS_000019,booking_kaggle,hotels_00693,hotel,Al Eairy Apartments - Al-Damam 2,Dammam,Eastern Province
EAS_000020,booking_kaggle,hotels_00666,hotel,Al Eairy Apartments - Al-Nairyah 2,Al Nairyah,Eastern Province
EAS_000021,booking_kaggle,hotels_00675,hotel,Al Eairy Apartments - Al-Nairyah 4,Al Nairyah,Eastern Province
EAS_000022,booking_kaggle,hotels_00718,hotel,Al Eairy Apartments -Aldamam 7,Dammam,Eastern Province
EAS_000023,booking_kaggle,hotels_00824,hotel,Al Eairy Apartments- Dammam 8,Dammam,Eastern Province
EAS_000024,booking_kaggle,hotels_00709,hotel,Al Eairy Furnished units Dammam 4,Dammam,Eastern Province
EAS_000025,booking_kaggle,hotels_00870,hotel,Al Farhan Hotel Suites (Al Jubail),Jubail,Eastern Province
EAS_000026,booking_kaggle,hotels_00008,hotel,Al Gosaibi Hotel,Al Khobar,Eastern Province
EAS_000027,booking_kaggle,hotels_00337,hotel,Al Joory Suites Hotel,Al Khafji,Eastern Province
EAS_000028,booking_kaggle,hotels_00749,hotel,Al Khozama Hotel Suites,Al Khobar,Eastern Province
EAS_000029,booking_kaggle,hotels_00915,hotel,Al Liylak Furnished Units,Dammam,Eastern Province
EAS_000030,booking_kaggle,hotels_00125,hotel,Al Muhaidab Residence Al Ahsa,Al Ahsa,Eastern Province
EAS_000031,booking_kaggle,hotels_01000,hotel,Al Nakhlah Furnished Units,Al Ahsa,Eastern Province
EAS_000032,booking_kaggle,hotels_00524,hotel,Al Nimran Hotel,Al Khobar,Eastern Province
EAS_000033,booking_kaggle,hotels_00608,hotel,Al Qimah Apartments,Dammam,Eastern Province
EAS_000034,booking_kaggle,hotels_00133,hotel,Al Rashid Residence,Al Khobar,Eastern Province
EAS_000035,booking_kaggle,hotels_00358,hotel,Al Shaiki Hotel,Jubail,Eastern Province
EAS_000036,booking_kaggle,hotels_00752,hotel,Al Sharkia Star Hotel Apartments,Dammam,Eastern Province
EAS_000037,booking_kaggle,hotels_00360,hotel,AlMuhaidb Residence Alkhafji,Al Khafji,Eastern Province
EAS_000038,booking_kaggle,hotels_00513,hotel,Aliqbal Hotel,Al Khobar,Eastern Province
EAS_000039,booking_kaggle,hotels_00035,hotel,Alreem Village Hotel,Jubail,Eastern Province
EAS_000040,booking_kaggle,hotels_00563,hotel,Althuqbah,Al Khobar,Eastern Province
EAS_000041,booking_kaggle,hotels_00948,hotel,Amasi for Hotel Suite1,Jubail,Eastern Province
EAS_000042,booking_kaggle,hotels_00607,hotel,Amwaj Al Corniche Hotel Suites,Al Khobar,Eastern Province
EAS_000043,booking_kaggle,hotels_00207,hotel,Ascott Corniche Al Khobar,Al Khobar,Eastern Province
EAS_000044,booking_kaggle,hotels_00161,hotel,Aswar Boutique Hotel,Al Khobar,Eastern Province
EAS_000045,booking_kaggle,hotels_00906,hotel,Belle Vue Inn Hotel & Suites,Dammam,Eastern Province
EAS_000046,booking_kaggle,hotels_00010,hotel,Best Western Premier Al Ahsa Grand Hotel,Al Ahsa,Eastern Province
EAS_000047,booking_kaggle,hotels_00684,hotel,Blue Sands Al Bilsan Furnished Units,Dammam,Eastern Province
EAS_000048,booking_kaggle,hotels_00672,hotel,Blue Sands Palace,Al Khobar,Eastern Province
EAS_000049,booking_kaggle,hotels_00715,hotel,Blue Sands Plaza,Al Khobar,Eastern Province
EAS_000050,booking_kaggle,hotels_00243,hotel,Braira Al Azizya Hotel & Resort,Al Khobar,Eastern Province
EAS_000051,booking_kaggle,hotels_00825,hotel,Bronze Palace,Al Khobar,Eastern Province
EAS_000052,booking_kaggle,hotels_00896,hotel,Bule Palace Tower,Al Jubayl,Eastern Province
EAS_000053,booking_kaggle,hotels_00353,hotel,Capital O 338 Asian Hotel,Jubail,Eastern Province
EAS_000054,booking_kaggle,hotels_00015,hotel,Carlton Al Moaibed Hotel,Al Khobar,Eastern Province
EAS_000055,booking_kaggle,hotels_00166,hotel,Centro Corniche Al Khobar by Rotana,Al Khobar,Eastern Province
EAS_000056,entertainment_kaggle,entertainment_00019,entertainment,Cinépolis Cinemas - Lulu Mall,Dammam,Eastern Province
EAS_000057,booking_kaggle,hotels_00165,hotel,Coral Jubail Hotel,Jubail,Eastern Province
EAS_000058,entertainment_kaggle,entertainment_00249,entertainment,Corniche Island,Al Khobar,Eastern Province
EAS_000059,entertainment_kaggle,entertainment_00258,entertainment,Corniche Island,Al Khobar,Eastern Province
EAS_000060,booking_kaggle,hotels_00148,hotel,Crown Tower Hotel,Jubail,Eastern Province
EAS_000061,entertainment_kaggle,entertainment_00158,entertainment,"Crowne Plaza al Khobar, an IHG Hotel",Al Khobar,Eastern Province
EAS_000062,entertainment_kaggle,entertainment_00165,entertainment,"Crowne Plaza al Khobar, an IHG Hotel",Al Khobar,Eastern Province
EAS_000063,booking_kaggle,hotels_00122,hotel,Dammam Palace Hotel,Dammam,Eastern Province
EAS_000064,booking_kaggle,hotels_00228,hotel,Danah Al-Jubail Suites,Jubail,Eastern Province
EAS_000065,booking_kaggle,hotels_00618,hotel,Danar Hotel Apartments 5,Al Khobar,Eastern Province
EAS_000066,booking_kaggle,hotels_00753,hotel,Danar Hotel Units 4,Al Khobar,Eastern Province
EAS_000067,booking_kaggle,hotels_00645,hotel,Danat Apartments,Al Khobar,Eastern Province
EAS_000068,entertainment_kaggle,entertainment_00009,entertainment,Dhahran Movie Theatre,Dhahran,Eastern Province
EAS_000069,booking_kaggle,hotels_00655,hotel,Diafah ApartHotel,Al Khobar,Eastern Province
EAS_000070,booking_kaggle,hotels_00745,hotel,Dorrat Al Jubail 3,Jubail,Eastern Province
EAS_000071,booking_kaggle,hotels_00171,hotel,DoubleTree by Hilton Dhahran,Al Khobar,Eastern Province
EAS_000072,booking_kaggle,hotels_00516,hotel,Durrat Manzli ApartHotel,Al Khobar,Eastern Province
EAS_000073,entertainment_kaggle,entertainment_00160,entertainment,Emerald Hall,Dammam,Eastern Province
EAS_000074,entertainment_kaggle,entertainment_00167,entertainment,Emerald Hall,Dammam,Eastern Province
EAS_000075,entertainment_kaggle,entertainment_00008,entertainment,Empire Cinemas Khobar,Al Khobar,Eastern Province
EAS_000076,entertainment_kaggle,entertainment_00037,entertainment,Empire Cinemas Khobar,Al Khobar,Eastern Province
EAS_000077,entertainment_kaggle,entertainment_00228,entertainment,Escape the Room,Al Khobar,Eastern Province
EAS_000078,entertainment_kaggle,entertainment_00238,entertainment,Escape the Room,Al Khobar,Eastern Province
EAS_000079,booking_kaggle,hotels_00560,hotel,Flower,Dammam,Eastern Province
EAS_000080,booking_kaggle,hotels_00212,hotel,Garden Plaza Hotel,Al Ahsa,Eastern Province
EAS_000081,booking_kaggle,hotels_00840,hotel,Ghosn Al Banafsej Hotel Apartments,Dammam,Eastern Province
EAS_000082,booking_kaggle,hotels_00321,hotel,Golden Garden Al Corniche,Dammam,Eastern Province
EAS_000083,booking_kaggle,hotels_01021,hotel,Golden Tower Hotel,Jubail,Eastern Province
EAS_000084,booking_kaggle,hotels_00427,hotel,Golden Tulip Al Khobar,Al Khobar,Eastern Province
EAS_000085,booking_kaggle,hotels_00101,hotel,Golden Tulip Dammam Corniche Hotel,Dammam,Eastern Province
EAS_000086,booking_kaggle,hotels_00210,hotel,Goldish Hotel,Al Khobar,Eastern Province
EAS_000087,booking_kaggle,hotels_00142,hotel,Grand Mayral Hotel,Al Khobar,Eastern Province
EAS_000088,booking_kaggle,hotels_00677,hotel,Grand Plaza Hotel Suites,Al Khobar,Eastern Province
EAS_000089,booking_kaggle,hotels_00179,hotel,Gulf Terrace Hotel,Al Khobar,Eastern Province
EAS_000090,booking_kaggle,hotels_00963,hotel,Hala Al Khobar furnished hotel Units for Families Only,Al Khobar,Eastern Province
EAS_000091,booking_kaggle,hotels_00438,hotel,Hawthorn Suites by Wyndham Al Khobar,Al Khobar,Eastern Province
EAS_000092,booking_kaggle,hotels_00185,hotel,Hilton Garden Inn Al Jubail,Jubail,Eastern Province
EAS_000093,booking_kaggle,hotels_00998,hotel,Holiday Furnished Units,Dammam,Eastern Province
EAS_000094,booking_kaggle,hotels_00848,hotel,Holiday Plus Hotel Suites,Al Khobar,Eastern Province
EAS_000095,booking_kaggle,hotels_00813,hotel,Hona Al Holm Furnished Units,Dammam,Eastern Province
EAS_000096,booking_kaggle,hotels_00367,hotel,Howard Johnson Dammam Hotel,Dammam,Eastern Province
EAS_000097,booking_kaggle,hotels_00127,hotel,Intour Al Khafji Hotel,Al Khafji,Eastern Province
EAS_000098,booking_kaggle,hotels_01015,hotel,Inwan Residential Units,Dammam,Eastern Province
EAS_000099,entertainment_kaggle,entertainment_00034,entertainment,Ithra Theatre,Dhahran,Eastern Province
EAS_000100,entertainment_kaggle,entertainment_00043,entertainment,Ithra Theatre,Dhahran,Eastern Province
EAS_000101,booking_kaggle,hotels_00310,hotel,Janadrya 13,Al Khobar,Eastern Province
EAS_000102,booking_kaggle,hotels_00382,hotel,Jubail Inn,Jubail,Eastern Province
EAS_000103,booking_kaggle,hotels_00039,hotel,Kempinski Al Othman Hotel Al Khobar,Al Khobar,Eastern Province
EAS_000104,booking_kaggle,hotels_00581,hotel,Khaleej,Dammam,Eastern Province
EAS_000105,booking_kaggle,hotels_00628,hotel,Khobar Fantastic Furnished Apartments,Al Khobar,Eastern Province
EAS_000106,booking_kaggle,hotels_00494,hotel,Khobar Palace Hotel,Al Khobar,Eastern Province
EAS_000107,entertainment_kaggle,entertainment_00107,entertainment,King Abdulaziz Center for World Culture - Ithra,Dhahran,Eastern Province
EAS_000108,entertainment_kaggle,entertainment_00116,entertainment,King Abdulaziz Center for World Culture - Ithra,Dhahran,Eastern Province
EAS_000109,booking_kaggle,hotels_00871,hotel,Lamssat El saada,Dammam,Eastern Province
EAS_000110,booking_kaggle,hotels_00966,hotel,Lavona 2 Hotel Apartments,Dammam,Eastern Province
EAS_000111,booking_kaggle,hotels_00326,hotel,Lavona Hotel Dammam,Dammam,Eastern Province
EAS_000112,booking_kaggle,hotels_00371,hotel,Lavona Tiba Hotel,Dammam,Eastern Province
EAS_000113,booking_kaggle,hotels_00031,hotel,Le Meridien Al Khobar,Al Khobar,Eastern Province
EAS_000114,booking_kaggle,hotels_00821,hotel,Lina Park,Al Khobar,Eastern Province
EAS_000115,booking_kaggle,hotels_00816,hotel,Lina Park 2,Dammam,Eastern Province
EAS_000116,booking_kaggle,hotels_00671,hotel,Lina Park 5,Al Khobar,Eastern Province
EAS_000117,booking_kaggle,hotels_00823,hotel,Loaloat Al Khobar,Al Khobar,Eastern Province
EAS_000118,booking_kaggle,hotels_00620,hotel,Makarem Al Olaya Suites,Al Khobar,Eastern Province
EAS_000119,booking_kaggle,hotels_00638,hotel,Marasi Al Madinah,Al Khobar,Eastern Province
EAS_000120,booking_kaggle,hotels_00557,hotel,Masaya 2 Furnished Units,Al Khobar,Eastern Province
EAS_000121,booking_kaggle,hotels_00574,hotel,Masaya Furnished Apartments,Al Khobar,Eastern Province
EAS_000122,booking_kaggle,hotels_00328,hotel,Maset Al Masem Al Khobar,Al Khobar,Eastern Province
EAS_000123,booking_kaggle,hotels_00888,hotel,Mkani 2 Hotel Apartments,Al Khobar,Eastern Province
EAS_000124,booking_kaggle,hotels_00690,hotel,Mkani Apartment,Al Khobar,Eastern Province
EAS_000125,entertainment_kaggle,entertainment_00360,entertainment,Modon Lake Park,Dammam,Eastern Province
EAS_000126,entertainment_kaggle,entertainment_00002,entertainment,Muvi Cinemas - Jubail Mall,Jubail,Eastern Province
EAS_000127,entertainment_kaggle,entertainment_00005,entertainment,Muvi Cinemas | موڤي سينما,Dhahran,Eastern Province
EAS_000128,entertainment_kaggle,entertainment_00049,entertainment,Muvi Cinemas | موڤي سينما,Al Ahsa,Eastern Province
EAS_000129,entertainment_kaggle,entertainment_00050,entertainment,Muvi Cinemas | موڤي سينما,Dammam,Eastern Province
EAS_000130,entertainment_kaggle,entertainment_00058,entertainment,Muvi Cinemas | موڤي سينما,Al Ahsa,Eastern Province
EAS_000131,entertainment_kaggle,entertainment_00059,entertainment,Muvi Cinemas | موڤي سينما,Dammam,Eastern Province
EAS_000132,booking_kaggle,hotels_00034,hotel,Mövenpick Hotel Al Khobar,Al Khobar,Eastern Province
EAS_000133,booking_kaggle,hotels_00911,hotel,Natwan Furnished unites,Dammam,Eastern Province
EAS_000134,booking_kaggle,hotels_00111,hotel,Naviti Warwick Dammam,Dammam,Eastern Province
EAS_000135,booking_kaggle,hotels_00849,hotel,Nayyara Al Khobar Hotel Apartments - Families Only,Al Khobar,Eastern Province
EAS_000136,booking_kaggle,hotels_00147,hotel,Noon Hotel Suites,Al Khafji,Eastern Province
EAS_000137,booking_kaggle,hotels_00198,hotel,Novotel Dammam Business Park,Dammam,Eastern Province
EAS_000138,booking_kaggle,hotels_00580,hotel,Nzha,Al Khobar,Eastern Province
EAS_000139,booking_kaggle,hotels_00818,hotel,OYO 200 Majestic Homes,Al Khobar,Eastern Province
EAS_000140,booking_kaggle,hotels_00503,hotel,OYO 288 Diafati Residential Units,Al Khobar,Eastern Province
EAS_000141,booking_kaggle,hotels_00541,hotel,OYO 307 Jubail Rose,Al Jubayl,Eastern Province
EAS_000142,booking_kaggle,hotels_00319,hotel,OYO 356 Durra Taraf Residential,Dammam,Eastern Province
EAS_000143,booking_kaggle,hotels_00311,hotel,OYO 388 Al Dana Al Khalijia,Al Khobar,Eastern Province
EAS_000144,booking_kaggle,hotels_00270,hotel,OYO 389 Diar Rawshan,Dammam,Eastern Province
EAS_000145,booking_kaggle,hotels_00268,hotel,OYO 402 Jawhrat Asfari Hotel,Al Khobar,Eastern Province
EAS_000146,booking_kaggle,hotels_00317,hotel,OYO 411 Moon Hotel,Dammam,Eastern Province
EAS_000147,booking_kaggle,hotels_00875,hotel,OYO 415 Golden Gate Hotel,Al Khobar,Eastern Province
EAS_000148,booking_kaggle,hotels_00699,hotel,OYO 426 Royal Al Khaleej Furnished Apartments,Dammam,Eastern Province
EAS_000149,booking_kaggle,hotels_00700,hotel,OYO 427 Royal Al Khaleej Furnished Apartments 2,Dammam,Eastern Province
EAS_000150,booking_kaggle,hotels_00808,hotel,OYO 443 Safari Al Khaleej,Dammam,Eastern Province
EAS_000151,booking_kaggle,hotels_00761,hotel,OYO 457 Diafati 2,Al Khobar,Eastern Province
EAS_000152,booking_kaggle,hotels_00144,hotel,One to One Grand Marbia,Al Khobar,Eastern Province
EAS_000153,booking_kaggle,hotels_00175,hotel,Park Inn by Radisson Al Khobar,Al Khobar,Eastern Province
EAS_000154,booking_kaggle,hotels_00424,hotel,Park Inn by Radisson Dammam,Dammam,Eastern Province
EAS_000155,booking_kaggle,hotels_00254,hotel,Park Inn by Radisson Hotel & Apartments Dammam Industrial City,Dammam,Eastern Province
EAS_000156,booking_kaggle,hotels_00155,hotel,Park Inn by Radisson Jubail Industrial City,Jubail,Eastern Province
EAS_000157,booking_kaggle,hotels_00746,hotel,RAIHANA ALSHAAB,Dammam,Eastern Province
EAS_000158,entertainment_kaggle,entertainment_00338,entertainment,RMROMA LAND,Dammam,Eastern Province
EAS_000159,entertainment_kaggle,entertainment_00368,entertainment,RMROMA LAND,Dammam,Eastern Province
EAS_000160,booking_kaggle,hotels_00156,hotel,"Radisson Blu Hotel, Dhahran",Al Khobar,Eastern Province
EAS_000161,booking_kaggle,hotels_00140,hotel,"Radisson Blu Residence, Dhahran",Al Khobar,Eastern Province
EAS_000162,booking_kaggle,hotels_00362,hotel,Radmah Suites Jubail,Jubail,Eastern Province
EAS_000163,booking_kaggle,hotels_00429,hotel,Ramada Encore Al Khobar Olaya,Al Khobar,Eastern Province
EAS_000164,booking_kaggle,hotels_00927,hotel,Refan Suites,Dammam,Eastern Province
EAS_000165,booking_kaggle,hotels_00968,hotel,Rest Home Hotel Apartments Dammam,Dammam,Eastern Province
EAS_000166,booking_kaggle,hotels_00561,hotel,Rose,Dammam,Eastern Province
EAS_000167,booking_kaggle,hotels_00566,hotel,Rose 2,Dammam,Eastern Province
EAS_000168,booking_kaggle,hotels_00520,hotel,Royal El Naser Hotel,Al Khobar,Eastern Province
EAS_000169,booking_kaggle,hotels_00967,hotel,Ruoof Furnished Units Apartment,Dammam,Eastern Province
EAS_000170,booking_kaggle,hotels_00129,hotel,SEVEN PALACES HOTEL,Hafr Al Baten,Eastern Province
EAS_000171,booking_kaggle,hotels_00347,hotel,SHALLY RESIDENCE 3,Al Khobar,Eastern Province
EAS_000172,entertainment_kaggle,entertainment_00128,entertainment,Scitech,Al Khobar,Eastern Province
EAS_000173,entertainment_kaggle,entertainment_00136,entertainment,Scitech,Al Khobar,Eastern Province
EAS_000174,booking_kaggle,hotels_00887,hotel,Shamsoon Suits,Al Khobar,Eastern Province
EAS_000175,booking_kaggle,hotels_00338,hotel,Sharq Hotel,Al Jubayl,Eastern Province
EAS_000176,booking_kaggle,hotels_00384,hotel,Signature Al Khobar Hotel,Al Khobar,Eastern Province
EAS_000177,booking_kaggle,hotels_00102,hotel,Sofi Hotel,Dammam,Eastern Province
EAS_000178,booking_kaggle,hotels_00022,hotel,Sofitel Al Khobar The Corniche,Al Khobar,Eastern Province
EAS_000179,booking_kaggle,hotels_00024,hotel,Somewhere Hotel Al Ahsa,Al Ahsa,Eastern Province
EAS_000180,entertainment_kaggle,entertainment_00243,entertainment,Sparky's | سباركيز,Dammam,Eastern Province
EAS_000181,entertainment_kaggle,entertainment_00271,entertainment,Sparky's | سباركيز,Dammam,Eastern Province
EAS_000182,booking_kaggle,hotels_00244,hotel,Staybridge Suites - Al Khobar,Al Khobar,Eastern Province
EAS_000183,entertainment_kaggle,entertainment_00159,entertainment,"Staybridge Suites al Khobar, an IHG Hotel",Al Khobar,Eastern Province
EAS_000184,entertainment_kaggle,entertainment_00166,entertainment,"Staybridge Suites al Khobar, an IHG Hotel",Al Khobar,Eastern Province
EAS_000185,booking_kaggle,hotels_00118,hotel,Sumou Al Khobar Hotel,Al Khobar,Eastern Province
EAS_000186,booking_kaggle,hotels_00042,hotel,Sunset Beach Resort Marina & Spa,Al Khobar,Eastern Province
EAS_000187,booking_kaggle,hotels_00550,hotel,Sunset fog,Dammam,Eastern Province
EAS_000188,booking_kaggle,hotels_00280,hotel,Taj Al Munera 2,Dammam,Eastern Province
EAS_000189,booking_kaggle,hotels_00913,hotel,Telal Ishbeliah,Hafr Al Baten,Eastern Province
EAS_000190,booking_kaggle,hotels_00611,hotel,The Pacific River,Dammam,Eastern Province
EAS_000191,booking_kaggle,hotels_00957,hotel,Tobal Al Khobar Furnished Apartments,Al Khobar,Eastern Province
EAS_000192,booking_kaggle,hotels_00742,hotel,Towlan Hotel Suites,Al Khobar,Eastern Province
EAS_000193,booking_kaggle,hotels_00974,hotel,Traveller Inn Hotel Appartments,Al Khobar,Eastern Province
EAS_000194,booking_kaggle,hotels_00139,hotel,Tripper Inn,Dammam,Eastern Province
EAS_000195,booking_kaggle,hotels_00420,hotel,Tulip Inn Suites and Residence Dammam,Dammam,Eastern Province
EAS_000196,entertainment_kaggle,entertainment_00104,entertainment,VOX Cinemas Jubail Galleria Mall,Jubail,Eastern Province
EAS_000197,entertainment_kaggle,entertainment_00129,entertainment,VOX Cinemas Jubail Galleria Mall,Jubail,Eastern Province
EAS_000198,booking_kaggle,hotels_00771,hotel,Via Apart Hotel,Al Khobar,Eastern Province
EAS_000199,booking_kaggle,hotels_00951,hotel,Villa Hotel Apartments Al Khobar,Al Khobar,Eastern Province
EAS_000200,entertainment_kaggle,entertainment_00069,entertainment,Vox Cinemas,Dammam,Eastern Province
EAS_000201,entertainment_kaggle,entertainment_00079,entertainment,Vox Cinemas,Dammam,Eastern Province
EAS_000202,booking_kaggle,hotels_00748,hotel,Wahat Aleen Furnished Units 1,Al Ahsa,Eastern Province
EAS_000203,booking_kaggle,hotels_00606,hotel,Wardah Al Khobar Apartment,Al Khobar,Eastern Province
EAS_000204,booking_kaggle,hotels_00020,hotel,Warwick Al Khobar,Al Khobar,Eastern Province
EAS_000205,booking_kaggle,hotels_00178,hotel,Wyndham Garden Dammam,Dammam,Eastern Province
EAS_000206,booking_kaggle,hotels_00151,hotel,Zara Continental Hotel,Al Khobar,Eastern Province
EAS_000207,booking_kaggle,hotels_00920,hotel,layale Alnile,Dammam,Eastern Province
EAS_000208,booking_kaggle,hotels_00504,hotel,tuline blue,Jubail,Eastern Province
EAS_000209,booking_kaggle,hotels_00584,hotel,أمجاد للغرف المفروشة,Al Khobar,Eastern Province
EAS_000210,booking_kaggle,hotels_00302,hotel,اجواء غرناطه للوحدات السكنيه المفروشه,Dammam,Eastern Province
EAS_000211,booking_kaggle,hotels_00688,hotel,الاقامة الهادئة,Al Khobar,Eastern Province
EAS_000212,booking_kaggle,hotels_00713,hotel,الدره بلوساندس,Dammam,Eastern Province
EAS_000213,booking_kaggle,hotels_00856,hotel,النايفة للوحدات السكنية المفروشة,Dammam,Eastern Province
EAS_000214,booking_kaggle,hotels_00899,hotel,اماكن للوحدات السكنية المفروشة,Al Ahsa,Eastern Province
EAS_000215,booking_kaggle,hotels_00858,hotel,امواج للوحدات السكنية المفروشة,Al Khobar,Eastern Province
EAS_000216,booking_kaggle,hotels_00768,hotel,ايون للشقق المفروشه,Al Khobar,Eastern Province
EAS_000217,booking_kaggle,hotels_00085,hotel,تولاي بارك TULAY PARK,Al Khobar,Eastern Province
EAS_000218,booking_kaggle,hotels_00820,hotel,دانية للأجنحة الفندقية - عزاب فقط,Jubail,Eastern Province
EAS_000219,booking_kaggle,hotels_00727,hotel,روز نيري للاجنحة الفندقية,Al Khobar,Eastern Province
EAS_000220,booking_kaggle,hotels_00196,hotel,شاليه توليب,Hafr Al Baten,Eastern Province
EAS_000221,booking_kaggle,hotels_00589,hotel,شقق وغرف مؤثثة ( شهري وسنوي ),Dammam,Eastern Province
EAS_000222,booking_kaggle,hotels_00519,hotel,فندق الشرق,Al Jubayl,Eastern Province
EAS_000223,booking_kaggle,hotels_00276,hotel,فندق دولف الخبر,Al Khobar,Eastern Province
EAS_000224,booking_kaggle,hotels_00881,hotel,فندق لؤلؤة الشرق,Hafr Al Baten,Eastern Province
EAS_000225,booking_kaggle,hotels_00861,hotel,قلعه الشرق للوحدات السكنية المفروشة الدمام شارع ٢٨,Dammam,Eastern Province
EAS_000226,booking_kaggle,hotels_00531,hotel,كروان الشرق,Dammam,Eastern Province
EAS_000227,booking_kaggle,hotels_00890,hotel,لؤلؤة الخبر 2,Al Khobar,Eastern Province
EAS_000228,booking_kaggle,hotels_00567,hotel,مارينا السلام,Dammam,Eastern Province
EAS_000229,booking_kaggle,hotels_00349,hotel,مروج الخليج للشقق الفندقية,Al Khafji,Eastern Province
EAS_000230,booking_kaggle,hotels_00712,hotel,منازل لينة 1 للوحدات السكنية المفروشة,Al Ahsa,Eastern Province
HAL_000001,entertainment_kaggle,entertainment_00087,entertainment,AMC Garden 5 - Hail,Hail,Hail
HAL_000002,entertainment_kaggle,entertainment_00097,entertainment,AMC Garden 5 - Hail,Hail,Hail
HAL_000003,booking_kaggle,hotels_01020,hotel,Al Corniche Hotel Suites & Villas,Hail,Hail
HAL_000004,booking_kaggle,hotels_00665,hotel,Al Eairy Apartment- Hael 4,Hail,Hail
HAL_000005,booking_kaggle,hotels_00691,hotel,Al Eairy Apartments - Hail 3,Hail,Hail
HAL_000006,booking_kaggle,hotels_00652,hotel,Al Eairy Apartments- Hael 1,Hail,Hail
HAL_000007,booking_kaggle,hotels_00922,hotel,Almasah Altaj Aparthotel 2,Hail,Hail
HAL_000008,booking_kaggle,hotels_00657,hotel,Assal Hail Hotel Apartments,Hail,Hail
HAL_000009,entertainment_kaggle,entertainment_00073,entertainment,Empire Cinemas Hail,Hail,Hail
HAL_000010,entertainment_kaggle,entertainment_00083,entertainment,Empire Cinemas Hail,Hail,Hail
HAL_000011,booking_kaggle,hotels_00898,hotel,Khayal Apart-Hotel,Hail,Hail
HAL_000012,booking_kaggle,hotels_00011,hotel,Millennium Hail Hotel,Hail,Hail
HAL_000013,booking_kaggle,hotels_00642,hotel,Najmat Sabbabah Furnished Units,Hail,Hail
HAL_000014,booking_kaggle,hotels_00949,hotel,Night 4 You 2 - Al Khozama,Hail,Hail
HAL_000015,booking_kaggle,hotels_00843,hotel,Night For You Apartment 3,Hail,Hail
HAL_000016,booking_kaggle,hotels_00284,hotel,OYO 351 Darr Mesk,Hail,Hail
HAL_000017,booking_kaggle,hotels_00150,hotel,Pinetree Suites Hail,Hail,Hail
HAL_000018,booking_kaggle,hotels_00789,hotel,Rsalyn Hotel Suites,Hail,Hail
HAL_000019,entertainment_kaggle,entertainment_00085,entertainment,VOX Cinema,Hail,Hail
HAL_000020,entertainment_kaggle,entertainment_00114,entertainment,VOX Cinema,Hail,Hail
HAL_000021,booking_kaggle,hotels_00919,hotel,الربيع للوحدات السكنية المفروشة,Hail,Hail
HAL_000022,booking_kaggle,hotels_01010,hotel,شقق حياكم,Hail,Hail
HAL_000023,booking_kaggle,hotels_00860,hotel,شقق عبق الخزامى,Hail,Hail
HAL_000024,entertainment_kaggle,entertainment_00122,entertainment,نطيطات حايل,Hail,Hail
HAL_000025,entertainment_kaggle,entertainment_00146,entertainment,نطيطات حايل,Hail,Hail
JAZ_000001,booking_kaggle,hotels_00189,hotel,AWJ JAZAN HOTEL SUITES,Jazan,Jazan
JAZ_000002,booking_kaggle,hotels_00812,hotel,Al Eairy Apartments - Jazan 3,Jazan,Jazan
JAZ_000003,booking_kaggle,hotels_00720,hotel,Al Eairy Apartments -JAZAN 2,Jazan,Jazan
JAZ_000004,booking_kaggle,hotels_00705,hotel,Al Eairy Apartments- jazan 1,Jazan,Jazan
JAZ_000005,booking_kaggle,hotels_00201,hotel,Al Maali Hotel Jazan,Jazan,Jazan
JAZ_000006,booking_kaggle,hotels_00876,hotel,Al Safa Hotel Suites,Jazan,Jazan
JAZ_000007,booking_kaggle,hotels_00370,hotel,Armada Hotel Jazan,Jazan,Jazan
JAZ_000008,entertainment_kaggle,entertainment_00066,entertainment,Cinépolis Cinemas سينما سينيبولس,Jazan,Jazan
JAZ_000009,entertainment_kaggle,entertainment_00096,entertainment,Cinépolis Cinemas سينما سينيبولس,Jazan,Jazan
JAZ_000010,booking_kaggle,hotels_00239,hotel,Courtyard by Marriott Jazan,Jazan,Jazan
JAZ_000011,booking_kaggle,hotels_00413,hotel,Diamond Elite - النخبة الماسي,Jazan,Jazan
JAZ_000012,entertainment_kaggle,entertainment_00067,entertainment,Empire Cinemas Jazan,Jazan,Jazan
JAZ_000013,booking_kaggle,hotels_00721,hotel,Fully furnished flat for rent,Jazan,Jazan
JAZ_000014,booking_kaggle,hotels_00854,hotel,Hayat Jazan Furnished Units,Jazan,Jazan
JAZ_000015,booking_kaggle,hotels_00512,hotel,Jazan Heart Hotel,Jazan,Jazan
JAZ_000016,booking_kaggle,hotels_00523,hotel,Mirage Hotel,Jazan,Jazan
JAZ_000017,entertainment_kaggle,entertainment_00077,entertainment,Muvi Cinemas | موڤي سينما,Jazan,Jazan
JAZ_000018,booking_kaggle,hotels_00401,hotel,Nawaress Hotel,Jazan,Jazan
JAZ_000019,booking_kaggle,hotels_00025,hotel,Novotel Jazan,Jazan,Jazan
JAZ_000020,booking_kaggle,hotels_00205,hotel,Rfaya Hotel,Jazan,Jazan
JAZ_000021,booking_kaggle,hotels_00474,hotel,Swiss Blue,Jazan,Jazan
JAZ_000022,booking_kaggle,hotels_00928,hotel,Tulip Jazan,Jazan,Jazan
JAZ_000023,booking_kaggle,hotels_00431,hotel,Viola Hotel,Jazan,Jazan
JAZ_000024,booking_kaggle,hotels_00831,hotel,بارك جازان 2 للواحدات السكنية,Jazan,Jazan
JAZ_000025,booking_kaggle,hotels_00508,hotel,جازان روز- Jazan Rose,Jazan,Jazan
JAZ_000026,booking_kaggle,hotels_00944,hotel,دار الملوك للوحدات السكنية المفروشة,Jazan,Jazan
JAZ_000027,booking_kaggle,hotels_00357,hotel,يار للوحدات السكنيه شاليهات و مسابح,Jazan,Jazan
MAK_000001,booking_kaggle,hotels_00900,hotel,AL Bian Suites Hotel,Rabigh,Makkah
MAK_000002,booking_kaggle,hotels_00488,hotel,AL Masarat Tower,Jeddah,Makkah
MAK_000003,booking_kaggle,hotels_00873,hotel,Abahi Apartment,Jeddah,Makkah
MAK_000004,booking_kaggle,hotels_00267,hotel,Abeer Al Azizia Hotel,Makkah,Makkah
MAK_000005,booking_kaggle,hotels_00369,hotel,Acacia Aparthotelاكاسا للشقق,Jeddah,Makkah
MAK_000006,booking_kaggle,hotels_00192,hotel,Adagio Aparthotel Jeddah Malik Road,Jeddah,Makkah
MAK_000007,booking_kaggle,hotels_00874,hotel,Aknaf Jeddah Hotel Suites,Jeddah,Makkah
MAK_000008,booking_kaggle,hotels_00751,hotel,Al Abha,Jeddah,Makkah
MAK_000009,booking_kaggle,hotels_00663,hotel,Al Akhawain Furnished Units,Jeddah,Makkah
MAK_000010,booking_kaggle,hotels_00322,hotel,Al Alya Furnished Apartments,Jeddah,Makkah
MAK_000011,booking_kaggle,hotels_00682,hotel,Al Balood Residential Units,Jeddah,Makkah
MAK_000012,booking_kaggle,hotels_00537,hotel,Al Battal Hotel,Makkah,Makkah
MAK_000013,booking_kaggle,hotels_00614,hotel,Al Eairy Apartments - Al Taif,Taif,Makkah
MAK_000014,booking_kaggle,hotels_00601,hotel,Al Eairy Apartments - Jeddah 4,Jeddah,Makkah
MAK_000015,booking_kaggle,hotels_00605,hotel,Al Eairy Apartments - Jeddah 5,Jeddah,Makkah
MAK_000016,booking_kaggle,hotels_00603,hotel,Al Eairy Apartments - Jeddah 6,Jeddah,Makkah
MAK_000017,booking_kaggle,hotels_00575,hotel,Al Eairy Apartments - Makkah 3,Makkah,Makkah
MAK_000018,booking_kaggle,hotels_00576,hotel,Al Eairy Apartments - Makkah 4,Makkah,Makkah
MAK_000019,booking_kaggle,hotels_00579,hotel,Al Eairy Apartments - Makkah 5,Makkah,Makkah
MAK_000020,booking_kaggle,hotels_00556,hotel,Al Eairy Apartments - Makkah 6,Makkah,Makkah
MAK_000021,booking_kaggle,hotels_00558,hotel,Al Eairy Apartments - Makkah 8,Makkah,Makkah
MAK_000022,booking_kaggle,hotels_00598,hotel,Al Eairy Apartments Jeddah 3,Jeddah,Makkah
MAK_000023,booking_kaggle,hotels_00578,hotel,Al Eairy Apartments- Alqunfudah 3,Al Qunfudhah,Makkah
MAK_000024,booking_kaggle,hotels_00588,hotel,Al Eairy Furnished Apartments- Jeddah 1,Jeddah,Makkah
MAK_000025,booking_kaggle,hotels_00595,hotel,Al Eairy Furnished Apartments- Jeddah 2,Jeddah,Makkah
MAK_000026,booking_kaggle,hotels_00877,hotel,Al Fairouz Resort,Al Hada,Makkah
MAK_000027,booking_kaggle,hotels_00714,hotel,Al Fanar International Hotel Apartments 2 Jeddah,Jeddah,Makkah
MAK_000028,booking_kaggle,hotels_00996,hotel,Al Farhan Suites Al Hamra-Jeddah,Jeddah,Makkah
MAK_000029,booking_kaggle,hotels_00064,hotel,Al Ghufran Safwah Hotel Makkah,Makkah,Makkah
MAK_000030,booking_kaggle,hotels_00832,hotel,Al Hammad 2 Hotel Apartments,Jeddah,Makkah
MAK_000031,booking_kaggle,hotels_00787,hotel,Al Hammad Hotel Apartments,Jeddah,Makkah
MAK_000032,booking_kaggle,hotels_00528,hotel,Al Hyatt Jeddah Continental Hotel,Jeddah,Makkah
MAK_000033,booking_kaggle,hotels_00251,hotel,Al Kanari Resort,Taif,Makkah
MAK_000034,booking_kaggle,hotels_00062,hotel,Al Marwa Rayhaan by Rotana - Makkah,Makkah,Makkah
MAK_000035,booking_kaggle,hotels_00258,hotel,Al Massa Hotel Makkah,Makkah,Makkah
MAK_000036,booking_kaggle,hotels_00460,hotel,Al Olayan Al Khalil Makkah Hotel,Makkah,Makkah
MAK_000037,booking_kaggle,hotels_00262,hotel,Al Rahaba Almomaiazah Furnished Units 6,Jeddah,Makkah
MAK_000038,booking_kaggle,hotels_00028,hotel,Al Rawasi Hotel Suites,Jeddah,Makkah
MAK_000039,booking_kaggle,hotels_00275,hotel,Al Rawhanya Hotel,Makkah,Makkah
MAK_000040,booking_kaggle,hotels_00859,hotel,Al Safwah Al Asriyah Furnished Units,Jeddah,Makkah
MAK_000041,booking_kaggle,hotels_00063,hotel,Al Safwah Royale Orchid Hotel,Makkah,Makkah
MAK_000042,booking_kaggle,hotels_00407,hotel,Al Shahbaa Hotel Jeddah,Jeddah,Makkah
MAK_000043,booking_kaggle,hotels_00050,hotel,Al Shohada Hotel,Makkah,Makkah
MAK_000044,booking_kaggle,hotels_00792,hotel,Al Taif Suites,Taif,Makkah
MAK_000045,booking_kaggle,hotels_00695,hotel,Al Taif Suites - Al Faisaliah,Taif,Makkah
MAK_000046,booking_kaggle,hotels_00478,hotel,Al Wadi Touristic Resort,Al Shafa,Makkah
MAK_000047,booking_kaggle,hotels_00383,hotel,Al Waleed Tower Hotel,Makkah,Makkah
MAK_000048,booking_kaggle,hotels_00687,hotel,Al-Fanar Global Inn & Hotel Suites 1,Jeddah,Makkah
MAK_000049,booking_kaggle,hotels_00323,hotel,Al-Hariri Suites,Jeddah,Makkah
MAK_000050,booking_kaggle,hotels_00222,hotel,Alazhar Palace Hotel,Al Qunfudhah,Makkah
MAK_000051,booking_kaggle,hotels_00932,hotel,Alhan Aparthotel,Taif,Makkah
MAK_000052,booking_kaggle,hotels_00372,hotel,Alraqi Plaza Hotel,Makkah,Makkah
MAK_000053,booking_kaggle,hotels_00649,hotel,Amana AlFakhera Furnished Units 1,Jeddah,Makkah
MAK_000054,booking_kaggle,hotels_00800,hotel,Amana AlFakhera Furnished Units 2,Jeddah,Makkah
MAK_000055,booking_kaggle,hotels_00445,hotel,Aquila Hotel,Jeddah,Makkah
MAK_000056,booking_kaggle,hotels_00975,hotel,Araek Resort,Taif,Makkah
MAK_000057,booking_kaggle,hotels_00770,hotel,Areen Hotel,Jeddah,Makkah
MAK_000058,booking_kaggle,hotels_00853,hotel,Areen Palace Hotel - Almadina Road,Jeddah,Makkah
MAK_000059,booking_kaggle,hotels_00449,hotel,Arkan Bakkah Hotel,Makkah,Makkah
MAK_000060,booking_kaggle,hotels_00218,hotel,Ascott Sari Jeddah,Jeddah,Makkah
MAK_000061,booking_kaggle,hotels_00226,hotel,Ascott Tahlia Jeddah,Jeddah,Makkah
MAK_000062,booking_kaggle,hotels_00076,hotel,"Assila, a Luxury Collection Hotel, Jeddah",Jeddah,Makkah
MAK_000063,booking_kaggle,hotels_00408,hotel,Auris Al Fanar Villas & Private Pools - Alshatieaa,Jeddah,Makkah
MAK_000064,booking_kaggle,hotels_00014,hotel,Awaliv International Hotel,Taif,Makkah
MAK_000065,booking_kaggle,hotels_00835,hotel,Basmah Shaqraa for suits hotel,Jeddah,Makkah
MAK_000066,booking_kaggle,hotels_00260,hotel,Beach Time Villas Hotel,Jeddah,Makkah
MAK_000067,entertainment_kaggle,entertainment_00140,entertainment,Benchmark Stage,Jeddah,Makkah
MAK_000068,entertainment_kaggle,entertainment_00149,entertainment,Benchmark Stage,Jeddah,Makkah
MAK_000069,booking_kaggle,hotels_00423,hotel,Borj Al Deafah Hotel,Makkah,Makkah
MAK_000070,booking_kaggle,hotels_00183,hotel,Boudl Al Tahlia,Jeddah,Makkah
MAK_000071,booking_kaggle,hotels_00158,hotel,Bram Suites,Jeddah,Makkah
MAK_000072,booking_kaggle,hotels_00894,hotel,Burj Al Faris Hotel Apartments,Jeddah,Makkah
MAK_000073,booking_kaggle,hotels_00048,hotel,Casablanca Grand Hotel,Jeddah,Makkah
MAK_000074,booking_kaggle,hotels_00217,hotel,Casablanca Hotel Jeddah,Jeddah,Makkah
MAK_000075,booking_kaggle,hotels_00157,hotel,Centro Salama Jeddah by Rotana,Jeddah,Makkah
MAK_000076,entertainment_kaggle,entertainment_00027,entertainment,Cinépolis Cinemas - Al Jamea Plaza,Jeddah,Makkah
MAK_000077,entertainment_kaggle,entertainment_00055,entertainment,Cinépolis Cinemas - Al Jamea Plaza,Jeddah,Makkah
MAK_000078,booking_kaggle,hotels_00202,hotel,Citadines Al Salamah Jeddah,Jeddah,Makkah
MAK_000079,booking_kaggle,hotels_00195,hotel,Classical Hotel Suites,Jeddah,Makkah
MAK_000080,booking_kaggle,hotels_00057,hotel,Conrad Makkah,Makkah,Makkah
MAK_000081,booking_kaggle,hotels_00172,hotel,Crown Town Hotel,Jeddah,Makkah
MAK_000082,booking_kaggle,hotels_00017,hotel,Crowne Plaza Jeddah,Jeddah,Makkah
MAK_000083,booking_kaggle,hotels_00376,hotel,Crystal Blue Hotel,Rabigh,Makkah
MAK_000084,booking_kaggle,hotels_00170,hotel,DAR AL MISFALAH 2,Makkah,Makkah
MAK_000085,entertainment_kaggle,entertainment_00208,entertainment,DAZ داز,Jeddah,Makkah
MAK_000086,entertainment_kaggle,entertainment_00218,entertainment,DAZ داز,Jeddah,Makkah
MAK_000087,booking_kaggle,hotels_00080,hotel,Dar Al Tawhid Intercontinental Makkah,Makkah,Makkah
MAK_000088,booking_kaggle,hotels_00651,hotel,Dar Alataf Furnished Apartments,Jeddah,Makkah
MAK_000089,booking_kaggle,hotels_00918,hotel,Dar Lebanon,Jeddah,Makkah
MAK_000090,booking_kaggle,hotels_00885,hotel,Dar Wed Hotel suites,Jeddah,Makkah
MAK_000091,booking_kaggle,hotels_00466,hotel,Diwan Residence Hotel- Alsalamah,Jeddah,Makkah
MAK_000092,booking_kaggle,hotels_00352,hotel,Diyar Almashaer Hotel,Makkah,Makkah
MAK_000093,booking_kaggle,hotels_00247,hotel,Doubletree By Hilton Makkah Jabal Omar,Makkah,Makkah
MAK_000094,booking_kaggle,hotels_00586,hotel,Durat Al Matar Apartment,Jeddah,Makkah
MAK_000095,booking_kaggle,hotels_00351,hotel,Dyar Al Hamra Hotel,Jeddah,Makkah
MAK_000096,booking_kaggle,hotels_00055,hotel,Elaf Al Mashaer Hotel Makkah,Makkah,Makkah
MAK_000097,booking_kaggle,hotels_00422,hotel,Elaf Al Salam,Makkah,Makkah
MAK_000098,entertainment_kaggle,entertainment_00035,entertainment,Empire Cinemas Jeddah,Jeddah,Makkah
MAK_000099,entertainment_kaggle,entertainment_00044,entertainment,Empire Cinemas Jeddah,Jeddah,Makkah
MAK_000100,booking_kaggle,hotels_00411,hotel,Ewaa Express Hotel - Al hamra ايوا اكسبريس - الحمرا,Jeddah,Makkah
MAK_000101,booking_kaggle,hotels_00457,hotel,FLAMINGO Boutique Hotel By ALBALAD INN,Jeddah,Makkah
MAK_000102,booking_kaggle,hotels_00759,hotel,Fakhamet Al Taif Hotel Apartments,Taif,Makkah
MAK_000103,booking_kaggle,hotels_00777,hotel,First Home Suites,Jeddah,Makkah
MAK_000104,booking_kaggle,hotels_00735,hotel,Fonoun Rahiti Unites,Jeddah,Makkah
MAK_000105,booking_kaggle,hotels_00003,hotel,Four Points by Sheraton Makkah Al Naseem,Makkah,Makkah
MAK_000106,booking_kaggle,hotels_00399,hotel,Garden Palace Hotel,Jeddah,Makkah
MAK_000107,booking_kaggle,hotels_00278,hotel,Gardinia Inn Furnished Units,Jeddah,Makkah
MAK_000108,booking_kaggle,hotels_00532,hotel,Golden Hotel,Jeddah,Makkah
MAK_000109,booking_kaggle,hotels_00737,hotel,Golden Jwan 2 Furnished Apartments,Jeddah,Makkah
MAK_000110,booking_kaggle,hotels_00214,hotel,Grand Park Hotel,Jeddah,Makkah
MAK_000111,booking_kaggle,hotels_00734,hotel,Grand Plaza Jeddah,Jeddah,Makkah
MAK_000112,booking_kaggle,hotels_00168,hotel,Green Leaf Hotel,Jeddah,Makkah
MAK_000113,booking_kaggle,hotels_00456,hotel,Habitat Hotel All Suites - Jeddah,Jeddah,Makkah
MAK_000114,booking_kaggle,hotels_00331,hotel,Hayat Al Rose Hotel Appartment,Jeddah,Makkah
MAK_000115,booking_kaggle,hotels_00517,hotel,Hayat Alasayal Hotel,Jeddah,Makkah
MAK_000116,booking_kaggle,hotels_00570,hotel,Helm Jeddah Hotel Apartments,Jeddah,Makkah
MAK_000117,booking_kaggle,hotels_00393,hotel,Hibatullah Hotel Makkah managed by Accorhotels,Makkah,Makkah
MAK_000118,booking_kaggle,hotels_00571,hotel,Hidayah Al Yaser,Makkah,Makkah
MAK_000119,booking_kaggle,hotels_00053,hotel,Hilton Makkah Convention Hotel,Makkah,Makkah
MAK_000120,booking_kaggle,hotels_00056,hotel,Hilton Suites Makkah,Makkah,Makkah
MAK_000121,booking_kaggle,hotels_00236,hotel,Holiday Inn Jeddah Gateway,Jeddah,Makkah
MAK_000122,booking_kaggle,hotels_00807,hotel,Holiday Plus Alnuzha,Jeddah,Makkah
MAK_000123,booking_kaggle,hotels_00092,hotel,Hotel nab'a Alsafa Almansour,Makkah,Makkah
MAK_000124,booking_kaggle,hotels_00232,hotel,Hyatt House Jeddah Sari Street,Jeddah,Makkah
MAK_000125,booking_kaggle,hotels_00426,hotel,Ibis Jeddah Malik Road,Jeddah,Makkah
MAK_000126,booking_kaggle,hotels_00134,hotel,Il Villaggio Luxury Villas,Jeddah,Makkah
MAK_000127,booking_kaggle,hotels_00740,hotel,Iwan Alandalusia Al Ajaweed,Jeddah,Makkah
MAK_000128,booking_kaggle,hotels_00098,hotel,JEDDAH PALACE,Jeddah,Makkah
MAK_000129,booking_kaggle,hotels_00694,hotel,Jazli Hotel Suites,Jeddah,Makkah
MAK_000130,booking_kaggle,hotels_00095,hotel,Jeddah Blue Plus Hotel,Jeddah,Makkah
MAK_000131,booking_kaggle,hotels_00068,hotel,Jeddah Hilton,Jeddah,Makkah
MAK_000132,entertainment_kaggle,entertainment_00155,entertainment,Jeddah Superdome,Jeddah,Makkah
MAK_000133,booking_kaggle,hotels_00273,hotel,Jiwar Albyt Hotel,Makkah,Makkah
MAK_000134,booking_kaggle,hotels_00430,hotel,Joury Ajyad,Makkah,Makkah
MAK_000135,booking_kaggle,hotels_00489,hotel,KAEC 2 Bed Rooms Apartment In Al Waha Dist شقة مفروشة بحي الواحه بمدينه الملك عبدالله الاقتصادية,King Abdullah Economic City,Makkah
MAK_000136,booking_kaggle,hotels_00514,hotel,Kayan Al Taif Hotel,Taif,Makkah
MAK_000137,booking_kaggle,hotels_00817,hotel,Kenanah Jeddah Hotel,Jeddah,Makkah
MAK_000138,entertainment_kaggle,entertainment_00181,entertainment,King Fahad's Fountain,Jeddah,Makkah
MAK_000139,entertainment_kaggle,entertainment_00211,entertainment,King Fahad's Fountain,Jeddah,Makkah
MAK_000140,entertainment_kaggle,entertainment_00014,entertainment,Kmax Cinema,King Abdullah Economic City,Makkah
MAK_000141,entertainment_kaggle,entertainment_00023,entertainment,Kmax Cinema,King Abdullah Economic City,Makkah
MAK_000142,booking_kaggle,hotels_00476,hotel,Konoz Al Yam Hotel Jeddah,Jeddah,Makkah
MAK_000143,booking_kaggle,hotels_00901,hotel,LA Fontaine Al Jawharah,Jeddah,Makkah
MAK_000144,booking_kaggle,hotels_00312,hotel,Lafontaine Jeddah Hotel,Jeddah,Makkah
MAK_000145,booking_kaggle,hotels_00128,hotel,Lahoya Hotel & Suites,Jeddah,Makkah
MAK_000146,booking_kaggle,hotels_00481,hotel,Lamar Ajyad Hotel,Makkah,Makkah
MAK_000147,booking_kaggle,hotels_00480,hotel,Lamar Ajyad Hotel 2 - Tower B,Makkah,Makkah
MAK_000148,booking_kaggle,hotels_00471,hotel,Lamar Al Bait Hotel,Makkah,Makkah
MAK_000149,booking_kaggle,hotels_00305,hotel,Lamasat Almakrunih Hotel Palace,Jeddah,Makkah
MAK_000150,booking_kaggle,hotels_00535,hotel,Landmark Furnished Units,Jeddah,Makkah
MAK_000151,booking_kaggle,hotels_00822,hotel,Landmark Suites Jeddah,Jeddah,Makkah
MAK_000152,booking_kaggle,hotels_00458,hotel,Lareen Suites,Jeddah,Makkah
MAK_000153,booking_kaggle,hotels_00797,hotel,Layal Wardiyah Furnished Units,Taif,Makkah
MAK_000154,booking_kaggle,hotels_00954,hotel,Layali Al Tamayoz 1,Jeddah,Makkah
MAK_000155,booking_kaggle,hotels_00729,hotel,Layali Al Tamayoz 2,Jeddah,Makkah
MAK_000156,booking_kaggle,hotels_00659,hotel,Layali Al Tamayoz 4,Jeddah,Makkah
MAK_000157,booking_kaggle,hotels_00697,hotel,Layali Al Tamayoz 5,Jeddah,Makkah
MAK_000158,booking_kaggle,hotels_00658,hotel,Layali Al Tamayoz 6,Jeddah,Makkah
MAK_000159,booking_kaggle,hotels_00891,hotel,Layali Alandlous Furnished Units,Al Qunfudhah,Makkah
MAK_000160,booking_kaggle,hotels_00533,hotel,Le Meridien Al Hada,Al Hada,Makkah
MAK_000161,booking_kaggle,hotels_00033,hotel,Le Meridien Jeddah,Jeddah,Makkah
MAK_000162,booking_kaggle,hotels_00054,hotel,Le Meridien Makkah,Makkah,Makkah
MAK_000163,booking_kaggle,hotels_00072,hotel,Le Meridien Towers Makkah,Makkah,Makkah
MAK_000164,booking_kaggle,hotels_00637,hotel,Leen Aparthotel,Jeddah,Makkah
MAK_000165,booking_kaggle,hotels_00467,hotel,Light Moon,Taif,Makkah
MAK_000166,booking_kaggle,hotels_00769,hotel,Lilas Taif,Taif,Makkah
MAK_000167,booking_kaggle,hotels_00223,hotel,MIRA SUITES PRINCE SULTAN ROAD JEDDAH,Jeddah,Makkah
MAK_000168,booking_kaggle,hotels_00216,hotel,"Mabaat homes - luxury Villas near obhour beach, perfect location",Jeddah,Makkah
MAK_000169,booking_kaggle,hotels_00350,hotel,Mabet Al Tahlia Hotel Apartments,Jeddah,Makkah
MAK_000170,booking_kaggle,hotels_00043,hotel,Makarem Ajyad Makkah Hotel,Makkah,Makkah
MAK_000171,booking_kaggle,hotels_00240,hotel,Makarem Annakheel Hotel & Resort,Jeddah,Makkah
MAK_000172,booking_kaggle,hotels_00009,hotel,Makarem Umm Al Qura Hotel,Makkah,Makkah
MAK_000173,booking_kaggle,hotels_00069,hotel,"Makkah Clock Royal Tower, A Fairmont Hotel",Makkah,Makkah
MAK_000174,booking_kaggle,hotels_00074,hotel,Makkah Hotel,Makkah,Makkah
MAK_000175,booking_kaggle,hotels_00071,hotel,Makkah Towers,Makkah,Makkah
MAK_000176,booking_kaggle,hotels_00937,hotel,Manazel Begela Hotel Apartments,Taif,Makkah
MAK_000177,booking_kaggle,hotels_00855,hotel,Manazel Qurish Furnished Apartments,Jeddah,Makkah
MAK_000178,booking_kaggle,hotels_00554,hotel,Masat Al Mohand Al Rouda,Makkah,Makkah
MAK_000179,booking_kaggle,hotels_00444,hotel,Masayef Jeddah Al Gharbeah,Jeddah,Makkah
MAK_000180,booking_kaggle,hotels_00782,hotel,Massaya Hotel Apartments,Jeddah,Makkah
MAK_000181,entertainment_kaggle,entertainment_00345,entertainment,Mazebox Escape Room,Jeddah,Makkah
MAK_000182,entertainment_kaggle,entertainment_00355,entertainment,Mazebox Escape Room,Jeddah,Makkah
MAK_000183,booking_kaggle,hotels_00225,hotel,Mena Airport Hotel Jeddah,Jeddah,Makkah
MAK_000184,booking_kaggle,hotels_00433,hotel,Mercure Jeddah Al Hamra,Jeddah,Makkah
MAK_000185,booking_kaggle,hotels_00465,hotel,Mira Waterfront Hotel Jeddah,Jeddah,Makkah
MAK_000186,booking_kaggle,hotels_00779,hotel,Monarch Jeddah Hotel Apartments,Jeddah,Makkah
MAK_000187,booking_kaggle,hotels_00985,hotel,Mrakez Alarab Furnished Apartments 3,Jeddah,Makkah
MAK_000188,entertainment_kaggle,entertainment_00065,entertainment,Muvi Cinemas,Jeddah,Makkah
MAK_000189,entertainment_kaggle,entertainment_00095,entertainment,Muvi Cinemas,Jeddah,Makkah
MAK_000190,entertainment_kaggle,entertainment_00109,entertainment,Muvi Cinemas The Village,Jeddah,Makkah
MAK_000191,entertainment_kaggle,entertainment_00118,entertainment,Muvi Cinemas The Village,Jeddah,Makkah
MAK_000192,entertainment_kaggle,entertainment_00064,entertainment,Muvi Cinemas | موڤي سينما,Taif,Makkah
MAK_000193,entertainment_kaggle,entertainment_00071,entertainment,Muvi Cinemas | موڤي سينما,Jeddah,Makkah
MAK_000194,entertainment_kaggle,entertainment_00081,entertainment,Muvi Cinemas | موڤي سينما,Jeddah,Makkah
MAK_000195,entertainment_kaggle,entertainment_00094,entertainment,Muvi Cinemas | موڤي سينما,Taif,Makkah
MAK_000196,entertainment_kaggle,entertainment_00106,entertainment,Muvi Suites Cinemas | موڤي سويتس سينما,Jeddah,Makkah
MAK_000197,entertainment_kaggle,entertainment_00131,entertainment,Muvi Suites Cinemas | موڤي سويتس سينما,Jeddah,Makkah
MAK_000198,booking_kaggle,hotels_00078,hotel,Mövenpick Al Nawras Jeddah - Family Resort,Jeddah,Makkah
MAK_000199,booking_kaggle,hotels_00036,hotel,Mövenpick Hotel Tahlia Jeddah,Jeddah,Makkah
MAK_000200,booking_kaggle,hotels_00059,hotel,Narcissus Resort & Spa Obhur Jeddah,Jeddah,Makkah
MAK_000201,booking_kaggle,hotels_00470,hotel,Nawazi Ajyad Hotel,Makkah,Makkah
MAK_000202,booking_kaggle,hotels_00330,hotel,Nawazi Al Fateh Hotel,Makkah,Makkah
MAK_000203,booking_kaggle,hotels_00208,hotel,Novotel Jeddah Tahlia,Jeddah,Makkah
MAK_000204,booking_kaggle,hotels_00673,hotel,OYO 161 Middle East Suite,Jeddah,Makkah
MAK_000205,booking_kaggle,hotels_00493,hotel,OYO 176 Hotel Safari Al Hada,Taif,Makkah
MAK_000206,booking_kaggle,hotels_00661,hotel,OYO 212 Zahrat Al Jal,Taif,Makkah
MAK_000207,booking_kaggle,hotels_00707,hotel,OYO 236 Al Wethenani Apartment,Taif,Makkah
MAK_000208,booking_kaggle,hotels_00722,hotel,OYO 243 Arkan Hotel Taif,Taif,Makkah
MAK_000209,booking_kaggle,hotels_00536,hotel,OYO 246 Hotel Hadeel Al Motamayezah,Jeddah,Makkah
MAK_000210,booking_kaggle,hotels_00506,hotel,OYO 279 Joahrat Al Taif,Taif,Makkah
MAK_000211,booking_kaggle,hotels_00498,hotel,OYO 285 Masharef Furnished Units In,Taif,Makkah
MAK_000212,booking_kaggle,hotels_00632,hotel,OYO 286 Anhaar Al Taif,Taif,Makkah
MAK_000213,booking_kaggle,hotels_00702,hotel,OYO 287 Al Hamlol Hotel,Taif,Makkah
MAK_000214,booking_kaggle,hotels_00670,hotel,OYO 317 Dheyouf Al Wattan For Furnished Suites,Jeddah,Makkah
MAK_000215,booking_kaggle,hotels_00585,hotel,OYO 341 Sorooh Taibah Furnished Apartments,Jeddah,Makkah
MAK_000216,booking_kaggle,hotels_00594,hotel,OYO 342 Dar Taibah Furnished Units,Jeddah,Makkah
MAK_000217,booking_kaggle,hotels_00654,hotel,OYO 344 Almibkhara Althahbia,Jeddah,Makkah
MAK_000218,booking_kaggle,hotels_00285,hotel,OYO 350 Dar Almadinah,Jeddah,Makkah
MAK_000219,booking_kaggle,hotels_00806,hotel,OYO 365 Oyoon Jeddah Residential Units,Jeddah,Makkah
MAK_000220,booking_kaggle,hotels_00271,hotel,OYO 372 Nawazi Watheer Hotel,Makkah,Makkah
MAK_000221,booking_kaggle,hotels_00277,hotel,OYO 395 Al Hafof Hotel,Jeddah,Makkah
MAK_000222,booking_kaggle,hotels_00711,hotel,OYO 446 Mas Hotel,Jeddah,Makkah
MAK_000223,booking_kaggle,hotels_00674,hotel,OYO 472 Sweet Rooms,Taif,Makkah
MAK_000224,booking_kaggle,hotels_00738,hotel,Oasis Rise Hotel Apartments,Jeddah,Makkah
MAK_000225,booking_kaggle,hotels_00103,hotel,Odst Hotel Suites,Jeddah,Makkah
MAK_000226,booking_kaggle,hotels_00507,hotel,Odst Jeddah Hotel,Jeddah,Makkah
MAK_000227,booking_kaggle,hotels_00130,hotel,Ofoq Al Raha Hotel Apartment,Taif,Makkah
MAK_000228,entertainment_kaggle,entertainment_00123,entertainment,Okaz Market Theater,Taif,Makkah
MAK_000229,entertainment_kaggle,entertainment_00147,entertainment,Okaz Market Theater,Taif,Makkah
MAK_000230,booking_kaggle,hotels_00912,hotel,Olayan Mahbas Hotel,Makkah,Makkah
MAK_000231,booking_kaggle,hotels_00980,hotel,Osool Alshakreen,Jeddah,Makkah
MAK_000232,booking_kaggle,hotels_00075,hotel,"Park Hyatt Jeddah - Marina, Club and Spa",Jeddah,Makkah
MAK_000233,booking_kaggle,hotels_00289,hotel,Praha Hotel,Jeddah,Makkah
MAK_000234,booking_kaggle,hotels_00209,hotel,"Prime Hotel - Jeddah, Al Hamra",Jeddah,Makkah
MAK_000235,booking_kaggle,hotels_00886,hotel,Qandeel Al Raha Furnished Units - For families only,Jeddah,Makkah
MAK_000236,booking_kaggle,hotels_00767,hotel,Qasr Al Balood Hotel Apartments Jeddah,Jeddah,Makkah
MAK_000237,booking_kaggle,hotels_00689,hotel,Qasr Al Mosaidya - Al hamra Family Only,Jeddah,Makkah
MAK_000238,booking_kaggle,hotels_00334,hotel,Qasser AlRawsha,Jeddah,Makkah
MAK_000239,booking_kaggle,hotels_00515,hotel,ROSHAN ALdar Faqeeh Inn,Makkah,Makkah
MAK_000240,booking_kaggle,hotels_00224,hotel,Rabigh Park Hotel,Rabigh,Makkah
MAK_000241,booking_kaggle,hotels_00082,hotel,Raffles Makkah Palace,Makkah,Makkah
MAK_000242,booking_kaggle,hotels_00265,hotel,Rahaf Al Mashaer Hotel,Makkah,Makkah
MAK_000243,booking_kaggle,hotels_00191,hotel,Ramada by Wyndham Al Hada,Al Hada,Makkah
MAK_000244,booking_kaggle,hotels_00182,hotel,Ramada by Wyndham Continental Jeddah,Jeddah,Makkah
MAK_000245,booking_kaggle,hotels_01003,hotel,Rawabi Green Palace,Jeddah,Makkah
MAK_000246,booking_kaggle,hotels_00965,hotel,Rawasi Hotel Suites,Taif,Makkah
MAK_000247,booking_kaggle,hotels_00993,hotel,Rawat Al Msaif Hotel Suites,Taif,Makkah
MAK_000248,booking_kaggle,hotels_00483,hotel,Rayanat Ajyad Hotel - Makkah,Makkah,Makkah
MAK_000249,booking_kaggle,hotels_00100,hotel,Reef Global Hotel,Makkah,Makkah
MAK_000250,booking_kaggle,hotels_00279,hotel,Reef Global Hotel -Al Maabda,Makkah,Makkah
MAK_000251,booking_kaggle,hotels_00361,hotel,Renz Hotel Jeddah,Jeddah,Makkah
MAK_000252,booking_kaggle,hotels_00105,hotel,Retaj Al Rayyan Makkah,Makkah,Makkah
MAK_000253,booking_kaggle,hotels_00879,hotel,Ritan Apart-Hotel,Taif,Makkah
MAK_000254,booking_kaggle,hotels_00539,hotel,Roaya Rawaabi Ajyad,Makkah,Makkah
MAK_000255,booking_kaggle,hotels_00878,hotel,Rose Al Hamra روز الحمراء,Jeddah,Makkah
MAK_000256,booking_kaggle,hotels_00903,hotel,Rose Park Residence,Jeddah,Makkah
MAK_000257,booking_kaggle,hotels_00448,hotel,Rose White Hotel,Jeddah,Makkah
MAK_000258,booking_kaggle,hotels_00077,hotel,Rosewood Jeddah,Jeddah,Makkah
MAK_000259,booking_kaggle,hotels_00904,hotel,Roshan Hotel Suites Hera,Jeddah,Makkah
MAK_000260,booking_kaggle,hotels_00294,hotel,Rozana 2 ApartHotel,Jeddah,Makkah
MAK_000261,booking_kaggle,hotels_00261,hotel,Ruba Al Hijaz Hotel,Makkah,Makkah
MAK_000262,booking_kaggle,hotels_00917,hotel,Saad Palace Jeddah,Jeddah,Makkah
MAK_000263,booking_kaggle,hotels_00110,hotel,Sadeem Al Fajr Hotel Suites,Taif,Makkah
MAK_000264,booking_kaggle,hotels_00368,hotel,Sadeem Village & Chalet,Al Shafa,Makkah
MAK_000265,booking_kaggle,hotels_00287,hotel,Safa Al-Mashaer,Makkah,Makkah
MAK_000266,booking_kaggle,hotels_00766,hotel,Safa Albawadi,Jeddah,Makkah
MAK_000267,booking_kaggle,hotels_00522,hotel,Safwat Al Amal Hotel,Al Hada,Makkah
MAK_000268,booking_kaggle,hotels_00883,hotel,Salam Al Dar Makkah Hotel,Makkah,Makkah
MAK_000269,booking_kaggle,hotels_00206,hotel,Salsabil Hotel by Warwick Al Naseem,Jeddah,Makkah
MAK_000270,booking_kaggle,hotels_00986,hotel,Saryet Al Hamra Hotel Apartments,Jeddah,Makkah
MAK_000271,booking_kaggle,hotels_00152,hotel,Seasons Park Hotel,Jeddah,Makkah
MAK_000272,booking_kaggle,hotels_00297,hotel,Shate Al Hayat Hotel Suites,Jeddah,Makkah
MAK_000273,booking_kaggle,hotels_00060,hotel,Shaza Makkah,Makkah,Makkah
MAK_000274,booking_kaggle,hotels_00041,hotel,Sheraton Jeddah Hotel,Jeddah,Makkah
MAK_000275,booking_kaggle,hotels_00045,hotel,Sheraton Makkah Jabal Al Kaaba Hotel,Makkah,Makkah
MAK_000276,booking_kaggle,hotels_00464,hotel,Snaf Inn Azizia Hotel,Makkah,Makkah
MAK_000277,booking_kaggle,hotels_00342,hotel,Snood Alazizyh Hotel,Makkah,Makkah
MAK_000278,entertainment_kaggle,entertainment_00358,entertainment,Snowy Forest | سنوي فورست,Jeddah,Makkah
MAK_000279,entertainment_kaggle,entertainment_00387,entertainment,Snowy Forest | سنوي فورست,Jeddah,Makkah
MAK_000280,booking_kaggle,hotels_00463,hotel,Spectrums Residence Managed by The Ascott Limited,Jeddah,Makkah
MAK_000281,booking_kaggle,hotels_00521,hotel,Swiss Blue 2,Jeddah,Makkah
MAK_000282,booking_kaggle,hotels_00065,hotel,Swissotel Al Maqam Makkah,Makkah,Makkah
MAK_000283,booking_kaggle,hotels_00067,hotel,Swissôtel Makkah,Makkah,Makkah
MAK_000284,booking_kaggle,hotels_00390,hotel,Taleen Al Hamra'a Hotel,Jeddah,Makkah
MAK_000285,booking_kaggle,hotels_00815,hotel,Tera Al Salam Hotel,Makkah,Makkah
MAK_000286,booking_kaggle,hotels_00296,hotel,Tera Sedky Hotel,Makkah,Makkah
MAK_000287,booking_kaggle,hotels_00592,hotel,The Blue Bow,Makkah,Makkah
MAK_000288,entertainment_kaggle,entertainment_00244,entertainment,The Escape Hotel,Jeddah,Makkah
MAK_000289,entertainment_kaggle,entertainment_00253,entertainment,The Escape Hotel,Jeddah,Makkah
MAK_000290,booking_kaggle,hotels_00037,hotel,The Venue Jeddah Corniche,Jeddah,Makkah
MAK_000291,booking_kaggle,hotels_00955,hotel,The golden caost hotel,Jeddah,Makkah
MAK_000292,entertainment_kaggle,entertainment_00145,entertainment,TheClub,Jeddah,Makkah
MAK_000293,entertainment_kaggle,entertainment_00154,entertainment,TheClub,Jeddah,Makkah
MAK_000294,booking_kaggle,hotels_00235,hotel,V Boutique Hotel,Jeddah,Makkah
MAK_000295,booking_kaggle,hotels_00439,hotel,VERTA Jeddah Hotel فندق فيرتا جدة,Jeddah,Makkah
MAK_000296,entertainment_kaggle,entertainment_00032,entertainment,VOX Cinemas,Jeddah,Makkah
MAK_000297,entertainment_kaggle,entertainment_00041,entertainment,VOX Cinemas,Jeddah,Makkah
MAK_000298,entertainment_kaggle,entertainment_00093,entertainment,VOX Cinemas - Red Sea Mall,Jeddah,Makkah
MAK_000299,entertainment_kaggle,entertainment_00103,entertainment,VOX Cinemas - Red Sea Mall,Jeddah,Makkah
MAK_000300,booking_kaggle,hotels_00135,hotel,Velvet Hotel,Jeddah,Makkah
MAK_000301,booking_kaggle,hotels_00348,hotel,Wakan Luxury Villas and Suites,Jeddah,Makkah
MAK_000302,booking_kaggle,hotels_00479,hotel,Wardedt Al-Shifa Resort,Taif,Makkah
MAK_000303,booking_kaggle,hotels_00924,hotel,Wed Plaza Hotel Apartments - Families Only,Jeddah,Makkah
MAK_000304,booking_kaggle,hotels_00959,hotel,Worood Al Safawa Villas & Suites,Jeddah,Makkah
MAK_000305,booking_kaggle,hotels_00385,hotel,Wow Boutique Hotel Jeddah,Jeddah,Makkah
MAK_000306,entertainment_kaggle,entertainment_00241,entertainment,Xtreme Play اكستريم بلاي,Jeddah,Makkah
MAK_000307,entertainment_kaggle,entertainment_00269,entertainment,Xtreme Play اكستريم بلاي,Jeddah,Makkah
MAK_000308,booking_kaggle,hotels_00857,hotel,Yahalla Hotel Units,Jeddah,Makkah
MAK_000308,booking_kaggle,hotels_00902,hotel,Yahalla Hotel Units 2,Jeddah,Makkah
MAK_000309,booking_kaggle,hotels_00568,hotel,Zahrat Al Yassir Hotel,Makkah,Makkah
MAK_000310,booking_kaggle,hotels_00641,hotel,Zwarah Hotel Suites,Jeddah,Makkah
MAK_000311,booking_kaggle,hotels_00989,hotel,naseem al rawdah,Jeddah,Makkah
MAK_000312,entertainment_kaggle,entertainment_00112,entertainment,super dome theater,Jeddah,Makkah
MAK_000313,entertainment_kaggle,entertainment_00121,entertainment,super dome theater,Jeddah,Makkah
MAK_000314,booking_kaggle,hotels_00237,hotel,swiss eye,Jeddah,Makkah
MAK_000315,booking_kaggle,hotels_00596,hotel,إثراء الإبداع,Jeddah,Makkah
MAK_000316,booking_kaggle,hotels_00960,hotel,إليت الحمراء - الاندلس,Jeddah,Makkah
MAK_000317,booking_kaggle,hotels_00686,hotel,ابراج سعيد الجهني,Makkah,Makkah
MAK_000318,booking_kaggle,hotels_00725,hotel,ابهي القصور 2 للشقق المفروشة,Jeddah,Makkah
MAK_000319,booking_kaggle,hotels_00286,hotel,اجنحة كنوز للوحدات السكنية المفروشة,Jeddah,Makkah
MAK_000320,booking_kaggle,hotels_00636,hotel,ارقي المساكن للوحدات السكنية,Jeddah,Makkah
MAK_000321,booking_kaggle,hotels_00629,hotel,الحمدانية الراقى للأجنحة الفندقية,Jeddah,Makkah
MAK_000322,booking_kaggle,hotels_00123,hotel,السمحة للوحدات السكنية,Jeddah,Makkah
MAK_000323,booking_kaggle,hotels_00242,hotel,المارينا سكوير,King Abdullah Economic City,Makkah
MAK_000324,booking_kaggle,hotels_00315,hotel,الماسية الأولى,Jeddah,Makkah
MAK_000325,booking_kaggle,hotels_00378,hotel,المنارات الراقيه 2 للوحدات السكنيه المفروشة,Jeddah,Makkah
MAK_000326,booking_kaggle,hotels_00819,hotel,المنزل الهادئ 3,Jeddah,Makkah
MAK_000327,booking_kaggle,hotels_00992,hotel,الهضبتين الخضراء,Jeddah,Makkah
MAK_000328,booking_kaggle,hotels_00634,hotel,الياسمين الأبيض للشقق المفروشة,Jeddah,Makkah
MAK_000329,booking_kaggle,hotels_00402,hotel,اوراسيا للوحدات السكنيه,Jeddah,Makkah
MAK_000330,booking_kaggle,hotels_00542,hotel,برج مروية الخليل,Makkah,Makkah
MAK_000331,booking_kaggle,hotels_00627,hotel,برج يزن للشقق المفروشة,Jeddah,Makkah
MAK_000332,booking_kaggle,hotels_00653,hotel,بيتاليا للوحدات السكنية,Jeddah,Makkah
MAK_000333,booking_kaggle,hotels_00577,hotel,تاج العروس,Jeddah,Makkah
MAK_000334,booking_kaggle,hotels_00798,hotel,ثروات صدقي,Makkah,Makkah
MAK_000335,booking_kaggle,hotels_00303,hotel,جود الطائف للوحدات السكنية,Taif,Makkah
MAK_000336,booking_kaggle,hotels_00763,hotel,جوهرة الروضة,Jeddah,Makkah
MAK_000337,booking_kaggle,hotels_00656,hotel,حياة الحمراء للشقق الفندقية,Jeddah,Makkah
MAK_000338,booking_kaggle,hotels_00794,hotel,دار العزاب المحترم (عزاب فقط),Jeddah,Makkah
MAK_000339,booking_kaggle,hotels_00626,hotel,دار كنان للوحدات السكنية,Jeddah,Makkah
MAK_000340,booking_kaggle,hotels_00288,hotel,رنيم للأجنحة الفندقية,Jeddah,Makkah
MAK_000341,booking_kaggle,hotels_00703,hotel,روائع الاحلام للاجنحة الفندقية,Jeddah,Makkah
MAK_000342,booking_kaggle,hotels_00346,hotel,سدرة الشرق,Jeddah,Makkah
MAK_000343,booking_kaggle,hotels_00573,hotel,سرور الياسر,Makkah,Makkah
MAK_000344,booking_kaggle,hotels_00710,hotel,سفن سيز للوحدات السكنية,Jeddah,Makkah
MAK_000345,entertainment_kaggle,entertainment_00092,entertainment,سينما العرب,Jeddah,Makkah
MAK_000346,entertainment_kaggle,entertainment_00102,entertainment,سينما العرب,Jeddah,Makkah
MAK_000347,booking_kaggle,hotels_00826,hotel,شاطىء الأحلام الحديث,Taif,Makkah
MAK_000348,booking_kaggle,hotels_00723,hotel,ضيوف جدة,Jeddah,Makkah
MAK_000349,booking_kaggle,hotels_00193,hotel,عنوان الحمراء,Jeddah,Makkah
MAK_000350,booking_kaggle,hotels_00724,hotel,فخامة جدة للشقق المفروشة,Jeddah,Makkah
MAK_000351,booking_kaggle,hotels_00486,hotel,فلل الطائف,Taif,Makkah
MAK_000352,booking_kaggle,hotels_00241,hotel,فندق أمجاد الأجنحة الملكية جدة,Jeddah,Makkah
MAK_000353,booking_kaggle,hotels_00455,hotel,فندق إيليت جدة,Jeddah,Makkah
MAK_000354,booking_kaggle,hotels_00496,hotel,فندق حياة ريفان جدة,Jeddah,Makkah
MAK_000355,booking_kaggle,hotels_00545,hotel,فندق دار الرحمه دانه,Makkah,Makkah
MAK_000356,booking_kaggle,hotels_00366,hotel,فندق رفاف الحياة,Makkah,Makkah
MAK_000357,booking_kaggle,hotels_00344,hotel,فندق رفاف السلطان,Makkah,Makkah
MAK_000358,booking_kaggle,hotels_00005,hotel,فندق رفاف المشاعر,Makkah,Makkah
MAK_000359,booking_kaggle,hotels_00764,hotel,فندق سكب البركة,Makkah,Makkah
MAK_000360,booking_kaggle,hotels_00083,hotel,فندق قصر الحياة,Makkah,Makkah
MAK_000361,booking_kaggle,hotels_00386,hotel,فندق كراوان جدة carawan jeddah hotel,Jeddah,Makkah
MAK_000362,booking_kaggle,hotels_00354,hotel,فندق لمار البوادى,Jeddah,Makkah
MAK_000363,booking_kaggle,hotels_00397,hotel,فندق ميراج,Jeddah,Makkah
MAK_000364,booking_kaggle,hotels_00104,hotel,كلاس هوم,Jeddah,Makkah
MAK_000365,booking_kaggle,hotels_00391,hotel,لادي فانس بلو,Jeddah,Makkah
MAK_000366,booking_kaggle,hotels_00543,hotel,مروية المعابدة,Makkah,Makkah
MAK_000367,booking_kaggle,hotels_00866,hotel,مسكن العائلة,Jeddah,Makkah
MAK_000368,booking_kaggle,hotels_00802,hotel,منازل السلطان- Manazel Alsultan,Makkah,Makkah
MAK_000369,booking_kaggle,hotels_00569,hotel,منازل النور-Manzel Alnour Units,Makkah,Makkah
MAK_000370,booking_kaggle,hotels_00087,hotel,منازل جدة 2,Jeddah,Makkah
MAK_000371,booking_kaggle,hotels_00089,hotel,منازل جدة للوحدات السكنية,Jeddah,Makkah
MAK_000372,booking_kaggle,hotels_00633,hotel,منازل فرح,Jeddah,Makkah
MAK_000373,booking_kaggle,hotels_00443,hotel,منتجع ريف جبل دكا,Taif,Makkah
MAK_000374,booking_kaggle,hotels_00299,hotel,ميارا للاجنحة الفندقية,Jeddah,Makkah
MAK_000375,booking_kaggle,hotels_00491,hotel,ميرادا البنفسجي-القريات,Jeddah,Makkah
MAK_000376,booking_kaggle,hotels_00004,hotel,نزل الثريا للوحدات السكنية,Taif,Makkah
MAK_000377,booking_kaggle,hotels_00635,hotel,نوركم للوحدات السكنية المفروشة,Jeddah,Makkah
MAK_000378,booking_kaggle,hotels_00793,hotel,هدوء الياسر,Makkah,Makkah
MAK_000379,booking_kaggle,hotels_00762,hotel,هوليدي بلس المروة,Jeddah,Makkah
MAK_000380,booking_kaggle,hotels_00304,hotel,وسن للاجنحة الفندقية,Jeddah,Makkah
MED_000001,entertainment_kaggle,entertainment_00284,entertainment,ALHOKAIR TIME | الحكير تايم,Madinah,Madinah
MED_000002,entertainment_kaggle,entertainment_00294,entertainment,ALHOKAIR TIME | الحكير تايم,Madinah,Madinah
MED_000003,booking_kaggle,hotels_00400,hotel,Al Ansar New Palace Hotel,Madinah,Madinah
MED_000004,booking_kaggle,hotels_00733,hotel,Al Bahar Furnished Unites,Yanbu,Madinah
MED_000005,booking_kaggle,hotels_00834,hotel,Al Eairy Apartments - Al Madinah 14,Madinah,Madinah
MED_000006,booking_kaggle,hotels_00872,hotel,Al Eairy Apartments - Al Madinah 4,Madinah,Madinah
MED_000007,booking_kaggle,hotels_00868,hotel,Al Eairy Apartments - Al Madinah 6,Madinah,Madinah
MED_000008,booking_kaggle,hotels_00846,hotel,Al Eairy Apartments- Madinah 5,Madinah,Madinah
MED_000009,booking_kaggle,hotels_00833,hotel,Al Eairy Furnished Apartments -Madinah 3,Madinah,Madinah
MED_000010,booking_kaggle,hotels_00847,hotel,Al Eyeery Furnished Apartment Medinah 2,Madinah,Madinah
MED_000011,booking_kaggle,hotels_00839,hotel,Al Eyeery Furnitured Apartment 1,Madinah,Madinah
MED_000012,booking_kaggle,hotels_01014,hotel,Al Masa Furnished Units Yanbu 2,Yanbu,Madinah
MED_000013,booking_kaggle,hotels_00281,hotel,Al Masarah Furnished Units,Yanbu,Madinah
MED_000014,booking_kaggle,hotels_00435,hotel,Al Rawda Al Aqeeq Hotel,Madinah,Madinah
MED_000015,booking_kaggle,hotels_00373,hotel,Aldura al raqya الدرة الراقية,Madinah,Madinah
MED_000016,booking_kaggle,hotels_00929,hotel,Anwar Al Habeeb Hotel,Madinah,Madinah
MED_000017,booking_kaggle,hotels_00343,hotel,B2-homes,Yanbu,Madinah
MED_000018,booking_kaggle,hotels_00394,hotel,Canary Beach Hotel,Yanbu,Madinah
MED_000019,booking_kaggle,hotels_00256,hotel,Dar Al Iman InterContinental,Madinah,Madinah
MED_000020,booking_kaggle,hotels_00066,hotel,Dar Al Taqwa Hotel,Madinah,Madinah
MED_000021,entertainment_kaggle,entertainment_00139,entertainment,Education Department Theater,Madinah,Madinah
MED_000022,entertainment_kaggle,entertainment_00148,entertainment,Education Department Theater,Madinah,Madinah
MED_000023,booking_kaggle,hotels_00778,hotel,Etlalet Al-Sharm Apartments,Yanbu,Madinah
MED_000024,booking_kaggle,hotels_00801,hotel,Fakher Yanbu Hotel,Yanbu,Madinah
MED_000025,booking_kaggle,hotels_00647,hotel,Fakher Yanbu II,Yanbu,Madinah
MED_000026,booking_kaggle,hotels_00027,hotel,Frontel Al Harithia Hotel,Madinah,Madinah
MED_000027,booking_kaggle,hotels_00487,hotel,Furnished Units in Tiba Arak,Madinah,Madinah
MED_000028,booking_kaggle,hotels_00500,hotel,Genac Hotel Yanbu,Yanbu,Madinah
MED_000029,booking_kaggle,hotels_00631,hotel,Hana Yanbu Hotel Apartments,Yanbu,Madinah
MED_000030,booking_kaggle,hotels_00415,hotel,Hayat Redwa Hotel,Yanbu,Madinah
MED_000031,booking_kaggle,hotels_00163,hotel,Le Meridien Medina,Madinah,Madinah
MED_000032,booking_kaggle,hotels_00249,hotel,Luxury Large Flat in Madinah close to Masjid Nabawi,Madinah,Madinah
MED_000033,booking_kaggle,hotels_00544,hotel,Madinah Marriott Hotel,Madinah,Madinah
MED_000034,booking_kaggle,hotels_00461,hotel,Madinah Mövenpick Hotel,Madinah,Madinah
MED_000035,booking_kaggle,hotels_00639,hotel,Mouj Elbahr Aparthotel,Yanbu,Madinah
MED_000036,booking_kaggle,hotels_00052,hotel,Mövenpick Hotel & Resort Yanbu,Yanbu,Madinah
MED_000037,booking_kaggle,hotels_00534,hotel,Nada Al Salam Hotel فندق ندى السلام,Madinah,Madinah
MED_000038,booking_kaggle,hotels_00897,hotel,New Home Furnished Units,Yanbu,Madinah
MED_000039,booking_kaggle,hotels_00786,hotel,Nojoom Home,Yanbu,Madinah
MED_000040,booking_kaggle,hotels_00884,hotel,Noura Furnished Units,Yanbu,Madinah
MED_000041,booking_kaggle,hotels_00501,hotel,OYO 273 Star Yanbu Hotel Suites,Yanbu,Madinah
MED_000042,booking_kaggle,hotels_00447,hotel,OYO 357 Blue Diamond Hotel,Madinah,Madinah
MED_000043,booking_kaggle,hotels_00971,hotel,OYO 431 Marina Taiba Hotel,Madinah,Madinah
MED_000044,booking_kaggle,hotels_00274,hotel,OYO 463 Mawada Alaziziya,Madinah,Madinah
MED_000045,booking_kaggle,hotels_00938,hotel,Omar Suites,Madinah,Madinah
MED_000046,booking_kaggle,hotels_00381,hotel,Platinum The First,Madinah,Madinah
MED_000047,booking_kaggle,hotels_00754,hotel,Qasr Al Balood Hotel Apartments - Al Madina,Madinah,Madinah
MED_000048,booking_kaggle,hotels_00453,hotel,"Radisson Blu Hotel, Yanbu",Yanbu,Madinah
MED_000049,booking_kaggle,hotels_00760,hotel,Rahati ApartHotel,Yanbu,Madinah
MED_000050,booking_kaggle,hotels_00945,hotel,Rahhal Hotel Suites,Yanbu,Madinah
MED_000051,booking_kaggle,hotels_00717,hotel,Red Sea Resort (Families Only),Rayyis,Madinah
MED_000052,booking_kaggle,hotels_00324,hotel,Refal Yanbu furnished units,Yanbu,Madinah
MED_000053,booking_kaggle,hotels_01018,hotel,Rosalina Hotel,Yanbu,Madinah
MED_000054,booking_kaggle,hotels_00404,hotel,Rouh Taiba Hotel,Madinah,Madinah
MED_000055,booking_kaggle,hotels_00482,hotel,Rove Al Madinah Hotel,Madinah,Madinah
MED_000056,booking_kaggle,hotels_00079,hotel,Shaza Al Madina,Madinah,Madinah
MED_000057,booking_kaggle,hotels_00775,hotel,Shomookh Hotel,Madinah,Madinah
MED_000058,booking_kaggle,hotels_00468,hotel,Tulip Inn Al Dar Rawafed,Madinah,Madinah
MED_000059,booking_kaggle,hotels_00931,hotel,Wajan Hotel,Madinah,Madinah
MED_000060,booking_kaggle,hotels_00736,hotel,Yanbu Inn Residential Suites,Yanbu,Madinah
MED_000061,booking_kaggle,hotels_00306,hotel,أجنحة شاطئ الياسمين,Yanbu,Madinah
MED_000062,booking_kaggle,hotels_00000,hotel,الريم,Al Ula,Madinah
MED_000063,booking_kaggle,hotels_00591,hotel,السعادة,Yanbu,Madinah
MED_000064,booking_kaggle,hotels_00803,hotel,الفنار العالمى 3 مدخل الهيئة الملكية,Yanbu,Madinah
MED_000065,booking_kaggle,hotels_00509,hotel,الفهد الذهبى للوحدات الفندقيه,Yanbu,Madinah
MED_000066,booking_kaggle,hotels_00106,hotel,امواج ينبع للوحدات السكنية,Yanbu,Madinah
MED_000067,booking_kaggle,hotels_00290,hotel,بيوت الشرم,Yanbu,Madinah
MED_000068,booking_kaggle,hotels_00442,hotel,شقق الوافي,Al Ula,Madinah
MED_000069,booking_kaggle,hotels_00314,hotel,شقق الياسمين الفندقية,Yanbu,Madinah
MED_000070,booking_kaggle,hotels_00648,hotel,شقق فندقية,Madinah,Madinah
MED_000071,booking_kaggle,hotels_00747,hotel,فندق النخبة,Madinah,Madinah
MED_000072,booking_kaggle,hotels_00396,hotel,فندق رتاج الساحل,Yanbu,Madinah
MED_000073,booking_kaggle,hotels_00555,hotel,فندق شقة غرف عزاب شقق,Madinah,Madinah
MED_000074,booking_kaggle,hotels_00253,hotel,فيلا شاطئ الرايس,Rayyis,Madinah
MED_000075,booking_kaggle,hotels_00726,hotel,كارمة المدائن,Madinah,Madinah
MED_000076,booking_kaggle,hotels_00750,hotel,مدار سويتس الدولي للأجنحة الفندقية,Yanbu,Madinah
NBS_000001,booking_kaggle,hotels_00518,hotel,Almudawah Hotel,Ţurayf,Northern Borders
NBS_000002,entertainment_kaggle,entertainment_00088,entertainment,Empire Cinemas امباير سينما,Arar,Northern Borders
NBS_000003,entertainment_kaggle,entertainment_00098,entertainment,Empire Cinemas امباير سينما,Arar,Northern Borders
NBS_000004,booking_kaggle,hotels_00107,hotel,Golden Dune Hotel,Ţurayf,Northern Borders
NBS_000005,booking_kaggle,hotels_01005,hotel,Orchida Turaif Hotel 1,Ţurayf,Northern Borders
NBS_000006,booking_kaggle,hotels_01023,hotel,Taj Al Khaleej Furnished Units 2,Ţurayf,Northern Borders
NBS_000007,booking_kaggle,hotels_00345,hotel,فندق التيسير,Arar,Northern Borders
NJR_000001,booking_kaggle,hotels_00121,hotel,Address Sharurah Hotel,Sharurah,Najran
NJR_000002,booking_kaggle,hotels_00958,hotel,Clouds and stars Aparthotel 2,Najran,Najran
NJR_000003,booking_kaggle,hotels_00828,hotel,Dary Furnished Apartments,Sharurah,Najran
NJR_000004,booking_kaggle,hotels_00023,hotel,Gloria Inn Najran,Najran,Najran
NJR_000005,booking_kaggle,hotels_00143,hotel,Golden Night Hotel,Najran,Najran
NJR_000006,booking_kaggle,hotels_00160,hotel,Lotus Hotel,Najran,Najran
NJR_000007,booking_kaggle,hotels_00907,hotel,Noftel طائر النيل Furnished Unit,Najran,Najran
NJR_000008,booking_kaggle,hotels_00131,hotel,Oasis Najran Hotel,Najran,Najran
NJR_000009,booking_kaggle,hotels_00234,hotel,Park Inn by Radisson Najran,Najran,Najran
NJR_000010,booking_kaggle,hotels_00375,hotel,Qasr el Aon Furnished Apartments,Sharurah,Najran
NJR_000011,booking_kaggle,hotels_00339,hotel,Sharurah Plaza Hotel,Sharurah,Najran
NJR_000012,booking_kaggle,hotels_00758,hotel,THORA ALAMJAD FURNISHED APARTMENTS (ذرى الامجاد للوحدات السكنية المفروشة (الراحة بلازا سابقا,Sharurah,Najran
NJR_000013,booking_kaggle,hotels_00796,hotel,المبارك للشقق المفروشة,Sharurah,Najran
NJR_000014,booking_kaggle,hotels_00406,hotel,فندق الفاو بلازا,Sharurah,Najran
NJR_000015,booking_kaggle,hotels_00138,hotel,فندق ذا دستركت نجران The District Hotel Najran,Najran,Najran
NJR_000016,booking_kaggle,hotels_00923,hotel,فندق ياهلا,Sharurah,Najran
QSM_000001,booking_kaggle,hotels_00668,hotel,Al Eairy Apartment-Alqaseem 1,Buraydah,Qassim
QSM_000002,booking_kaggle,hotels_00593,hotel,Al Eairy Apartment-Alqaseem 2,Buraydah,Qassim
QSM_000003,booking_kaggle,hotels_00676,hotel,Al Eairy Apartment-Alqaseem 4,Buraydah,Qassim
QSM_000004,booking_kaggle,hotels_00667,hotel,Al Eairy Apartments- Alqaseem 3,Buraydah,Qassim
QSM_000005,entertainment_kaggle,entertainment_00414,entertainment,Al Musawkaf Market,Unayzah,Qassim
QSM_000006,entertainment_kaggle,entertainment_00439,entertainment,Al Musawkaf Market,Unayzah,Qassim
QSM_000007,booking_kaggle,hotels_00934,hotel,Bariq Al Jawhara,Buraydah,Qassim
QSM_000008,booking_kaggle,hotels_00124,hotel,Best Western Plus Buraidah,Buraydah,Qassim
QSM_000009,entertainment_kaggle,entertainment_00454,entertainment,Chuck E. Cheese,Buraydah,Qassim
QSM_000010,entertainment_kaggle,entertainment_00463,entertainment,Chuck E. Cheese,Buraydah,Qassim
QSM_000011,booking_kaggle,hotels_00410,hotel,Ewaa Express Hotel - Buraydah ايوا اكسبريس - بريدة,Buraydah,Qassim
QSM_000012,booking_kaggle,hotels_00622,hotel,Fadet Talla Residentials,Buraydah,Qassim
QSM_000013,booking_kaggle,hotels_00497,hotel,Golden Prince Hotel Al Rabwah,Buraydah,Qassim
QSM_000014,booking_kaggle,hotels_00791,hotel,Golden Prince Hotel Al Salam,Buraydah,Qassim
QSM_000015,booking_kaggle,hotels_00126,hotel,Gulanar Hotel,Unayzah,Qassim
QSM_000016,booking_kaggle,hotels_00863,hotel,Hala Onaizah,Unayzah,Qassim
QSM_000017,entertainment_kaggle,entertainment_00132,entertainment,King Abdulaziz Center for World Culture - Ithra,Unayzah,Qassim
QSM_000018,booking_kaggle,hotels_00664,hotel,Manazel Al Hamra Apartment 2,Buraydah,Qassim
QSM_000019,booking_kaggle,hotels_00978,hotel,Masat Darkom 2 Furnished Apartments,Buraydah,Qassim
QSM_000020,entertainment_kaggle,entertainment_00124,entertainment,Muvi Cinemas | موڤي سينما,Unayzah,Qassim
QSM_000021,booking_kaggle,hotels_00049,hotel,Mövenpick Hotel Qassim,Buraydah,Qassim
QSM_000022,booking_kaggle,hotels_00973,hotel,OYO 362 Masar Najd,Unayzah,Qassim
QSM_000023,booking_kaggle,hotels_01011,hotel,Orkid Arar Residential Units,Buraydah,Qassim
QSM_000024,booking_kaggle,hotels_00741,hotel,Oroub El Forssan,Buraydah,Qassim
QSM_000025,booking_kaggle,hotels_00788,hotel,Oyon Al Anoud Furnished Units (for Families Only),Buraydah,Qassim
QSM_000026,booking_kaggle,hotels_00678,hotel,Qasr Ma'ali Furnished Apartments 1 - Family Only,Buraydah,Qassim
QSM_000027,booking_kaggle,hotels_00215,hotel,"Ramada Al Qassim Hotel & Suites, Bukayriah",Al Bukayriyah,Qassim
QSM_000028,booking_kaggle,hotels_00409,hotel,Rollins Hotel,Buraydah,Qassim
QSM_000029,booking_kaggle,hotels_00188,hotel,Saif Boutique Hotel International,Al Rass,Qassim
QSM_000030,booking_kaggle,hotels_00942,hotel,Sama Furnished Apartments,Al Rass,Qassim
QSM_000031,booking_kaggle,hotels_00097,hotel,Seher Aloyon Funished Apartments,Buraydah,Qassim
QSM_000032,entertainment_kaggle,entertainment_00286,entertainment,Sparky's | سباركيز,Buraydah,Qassim
QSM_000033,entertainment_kaggle,entertainment_00296,entertainment,Sparky's | سباركيز,Buraydah,Qassim
QSM_000034,booking_kaggle,hotels_00867,hotel,Sultana Tower Hotel Suites,Buraydah,Qassim
QSM_000035,booking_kaggle,hotels_00970,hotel,Talah Aparthotel,Buraydah,Qassim
QSM_000036,booking_kaggle,hotels_00933,hotel,Tonova Apartment,Buraydah,Qassim
QSM_000037,booking_kaggle,hotels_00252,hotel,Villa Blanche,Unayzah,Qassim
QSM_000038,booking_kaggle,hotels_00485,hotel,Villa Rekaaz,Unayzah,Qassim
QSM_000039,booking_kaggle,hotels_00961,hotel,Yara Suites,Buraydah,Qassim
QSM_000040,booking_kaggle,hotels_00845,hotel,Zievle Executive Apartments,Buraydah,Qassim
QSM_000041,booking_kaggle,hotels_00094,hotel,shams alshate شمس الشاطئ,Buraydah,Qassim
QSM_000042,booking_kaggle,hotels_00088,hotel,shams alshate شمس الشاطئ ابوبكر 2,Buraydah,Qassim
QSM_000043,booking_kaggle,hotels_00380,hotel,رستن,Buraydah,Qassim
QSM_000044,booking_kaggle,hotels_00452,hotel,رواسي رند للوحدات السكنيه,Unayzah,Qassim
QSM_000045,booking_kaggle,hotels_00882,hotel,روعة ميار,Buraydah,Qassim
QSM_000046,entertainment_kaggle,entertainment_00398,entertainment,سفوري لاند | Safforiland,Buraydah,Qassim
QSM_000047,entertainment_kaggle,entertainment_00408,entertainment,سفوري لاند | Safforiland,Buraydah,Qassim
QSM_000048,booking_kaggle,hotels_00472,hotel,شاليهات Costa De Sol,Buraydah,Qassim
QSM_000049,booking_kaggle,hotels_00450,hotel,شاليهات أوسلو,Buraydah,Qassim
QSM_000050,booking_kaggle,hotels_00250,hotel,فندق براند القصيم,Buraydah,Qassim
QSM_000051,entertainment_kaggle,entertainment_00070,entertainment,موڤي سينما النخيل بلازا_ بريدة,Buraydah,Qassim
QSM_000052,entertainment_kaggle,entertainment_00080,entertainment,موڤي سينما النخيل بلازا_ بريدة,Buraydah,Qassim
RYD_000001,riyadh_places_kaggle,places_05507,place,#SOLO,Riyadh,Riyadh
RYD_000002,riyadh_places_kaggle,places_01935,place,% Arabica,Riyadh,Riyadh
RYD_000003,riyadh_places_kaggle,places_04291,place,% Arabica,Riyadh,Riyadh
RYD_000004,riyadh_places_kaggle,places_06904,place,&nbsp;Vidro Pizza,Riyadh,Riyadh
RYD_000005,riyadh_places_kaggle,places_07545,place,&nbsp;Vidro Pizza,Riyadh,Riyadh
RYD_000006,booking_kaggle,hotels_00119,hotel,( راندان ) Randan~,Riyadh,Riyadh
RYD_000007,riyadh_places_kaggle,places_02333,place,1.5 L,Riyadh,Riyadh
RYD_000008,riyadh_places_kaggle,places_04365,place,1/2 Mukdahan,Riyadh,Riyadh
RYD_000009,riyadh_places_kaggle,places_01617,place,1/4 Dhabiha,Riyadh,Riyadh
RYD_000010,riyadh_places_kaggle,places_01903,place,1/4 Dhabiha,Riyadh,Riyadh
RYD_000011,riyadh_places_kaggle,places_03656,place,1/4 Dhabiha,Riyadh,Riyadh
RYD_000012,riyadh_places_kaggle,places_03927,place,1/4 kabab,Riyadh,Riyadh
RYD_000013,riyadh_places_kaggle,places_05135,place,1/4 kabab,Riyadh,Riyadh
RYD_000014,riyadh_places_kaggle,places_03796,place,1/4Habbah,Riyadh,Riyadh
RYD_000015,riyadh_places_kaggle,places_00003,place,100 islands delights,Riyadh,Riyadh
RYD_000016,riyadh_places_kaggle,places_03972,place,11 CUTS,Riyadh,Riyadh
RYD_000017,riyadh_places_kaggle,places_02653,place,12 Cups,Riyadh,Riyadh
RYD_000018,riyadh_places_kaggle,places_05495,place,12 Cups,Riyadh,Riyadh
RYD_000019,riyadh_places_kaggle,places_07507,place,12 Cups,Riyadh,Riyadh
RYD_000020,riyadh_places_kaggle,places_05858,place,12 SENSES Boutique Café,Riyadh,Riyadh
RYD_000021,riyadh_places_kaggle,places_04658,place,150 Fruits,Riyadh,Riyadh
RYD_000022,riyadh_places_kaggle,places_00748,place,1610 Bagel,Riyadh,Riyadh
RYD_000023,riyadh_places_kaggle,places_04098,place,180 Degree Bakery,Riyadh,Riyadh
RYD_000024,riyadh_places_kaggle,places_05370,place,180 Degree Bakery,Riyadh,Riyadh
RYD_000025,booking_kaggle,hotels_00477,hotel,180 Executive Suites AlNarjes,Riyadh,Riyadh
RYD_000026,riyadh_places_kaggle,places_06383,place,1\4 kebab,Riyadh,Riyadh
RYD_000027,riyadh_places_kaggle,places_01083,place,2 cups,Riyadh,Riyadh
RYD_000028,riyadh_places_kaggle,places_06175,place,24 hour Juices,Riyadh,Riyadh
RYD_000029,riyadh_places_kaggle,places_03952,place,24/7 BREAKFAST plus,Riyadh,Riyadh
RYD_000029,riyadh_places_kaggle,places_03953,place,24/7 BREAKFAST,Riyadh,Riyadh
RYD_000030,riyadh_places_kaggle,places_06580,place,2GOUT BURGER,Riyadh,Riyadh
RYD_000031,riyadh_places_kaggle,places_00381,place,3 Boom,Riyadh,Riyadh
RYD_000032,riyadh_places_kaggle,places_05074,place,3 Corner,Riyadh,Riyadh
RYD_000033,riyadh_places_kaggle,places_04469,place,31DEC CAFE,Riyadh,Riyadh
RYD_000034,riyadh_places_kaggle,places_04064,place,38 Sandwich,Riyadh,Riyadh
RYD_000035,riyadh_places_kaggle,places_05451,place,3K Chocolate,Riyadh,Riyadh
RYD_000035,riyadh_places_kaggle,places_05454,place,Party And Chocola,Riyadh,Riyadh
RYD_000035,riyadh_places_kaggle,places_05466,place,Maison de chocolate,Riyadh,Riyadh
RYD_000035,riyadh_places_kaggle,places_05469,place,Savour Chocolate,Riyadh,Riyadh
RYD_000035,riyadh_places_kaggle,places_05470,place,Glamour Chocolate,Riyadh,Riyadh
RYD_000036,riyadh_places_kaggle,places_08576,place,3K Chocolate,Riyadh,Riyadh
RYD_000037,riyadh_places_kaggle,places_02805,place,3eggs,Riyadh,Riyadh
RYD_000038,riyadh_places_kaggle,places_07086,place,3eshq al7la,Riyadh,Riyadh
RYD_000039,riyadh_places_kaggle,places_03717,place,3t.,Riyadh,Riyadh
RYD_000040,riyadh_places_kaggle,places_01732,place,4 Twins,Riyadh,Riyadh
RYD_000041,riyadh_places_kaggle,places_02537,place,4 Twins,Riyadh,Riyadh
RYD_000042,riyadh_places_kaggle,places_05335,place,4 Twins,Riyadh,Riyadh
RYD_000043,riyadh_places_kaggle,places_07188,place,4 Twins,Riyadh,Riyadh
RYD_000044,riyadh_places_kaggle,places_08507,place,4 Twins,Riyadh,Riyadh
RYD_000045,riyadh_places_kaggle,places_08826,place,4 Twins,Riyadh,Riyadh
RYD_000046,riyadh_places_kaggle,places_03056,place,44x coffee,Riyadh,Riyadh
RYD_000047,riyadh_places_kaggle,places_05877,place,44x coffee,Riyadh,Riyadh
RYD_000048,riyadh_places_kaggle,places_08407,place,4th Day,Riyadh,Riyadh
RYD_000049,riyadh_places_kaggle,places_06696,place,50 CUPS coffee,Riyadh,Riyadh
RYD_000050,riyadh_places_kaggle,places_03940,place,50 Fruits,Riyadh,Riyadh
RYD_000051,riyadh_places_kaggle,places_07727,place,50 Fruits,Riyadh,Riyadh
RYD_000052,riyadh_places_kaggle,places_04121,place,50 Fruits Premium,Riyadh,Riyadh
RYD_000053,riyadh_places_kaggle,places_08532,place,5osah cafe,Riyadh,Riyadh
RYD_000054,riyadh_places_kaggle,places_01999,place,5×5,Riyadh,Riyadh
RYD_000055,riyadh_places_kaggle,places_03427,place,5×5,Riyadh,Riyadh
RYD_000056,riyadh_places_kaggle,places_07498,place,5×5,Riyadh,Riyadh
RYD_000057,riyadh_places_kaggle,places_01825,place,6 1/2 Bakery,Riyadh,Riyadh
RYD_000058,riyadh_places_kaggle,places_05215,place,6 pack,Riyadh,Riyadh
RYD_000059,riyadh_places_kaggle,places_06146,place,64 Bakery,Riyadh,Riyadh
RYD_000060,riyadh_places_kaggle,places_08208,place,69 burger,Riyadh,Riyadh
RYD_000061,riyadh_places_kaggle,places_03236,place,7 Grams,Riyadh,Riyadh
RYD_000062,riyadh_places_kaggle,places_03981,place,777 Burger,Riyadh,Riyadh
RYD_000063,riyadh_places_kaggle,places_05985,place,777 Burger,Riyadh,Riyadh
RYD_000064,riyadh_places_kaggle,places_00999,place,7Ribs,Riyadh,Riyadh
RYD_000065,riyadh_places_kaggle,places_04068,place,7Ribs,Riyadh,Riyadh
RYD_000066,riyadh_places_kaggle,places_01290,place,7am,Riyadh,Riyadh
RYD_000067,riyadh_places_kaggle,places_02240,place,8 Me,Riyadh,Riyadh
RYD_000068,riyadh_places_kaggle,places_04772,place,8 Me,Riyadh,Riyadh
RYD_000069,riyadh_places_kaggle,places_05811,place,89° Roastery,Riyadh,Riyadh
RYD_000070,riyadh_places_kaggle,places_04173,place,8OZ Specialty Coffee,Riyadh,Riyadh
RYD_000071,riyadh_places_kaggle,places_04702,place,9 GRAMS,Riyadh,Riyadh
RYD_000072,riyadh_places_kaggle,places_04828,place,9 Wok,Riyadh,Riyadh
RYD_000073,riyadh_places_kaggle,places_05051,place,961 Beirut,Riyadh,Riyadh
RYD_000074,riyadh_places_kaggle,places_03617,place,966 BURGER,Riyadh,Riyadh
RYD_000075,riyadh_places_kaggle,places_05695,place,966 BURGER,Riyadh,Riyadh
RYD_000076,riyadh_places_kaggle,places_07658,place,966 BURGER,Riyadh,Riyadh
RYD_000077,riyadh_places_kaggle,places_02747,place,99 Fruit Juices,Riyadh,Riyadh
RYD_000078,riyadh_places_kaggle,places_03370,place,A Must,Riyadh,Riyadh
RYD_000079,riyadh_places_kaggle,places_04394,place,A PLUS,Riyadh,Riyadh
RYD_000080,riyadh_places_kaggle,places_06079,place,A PLUS,Riyadh,Riyadh
RYD_000081,riyadh_places_kaggle,places_04099,place,A little Slice of Heaven,Riyadh,Riyadh
RYD_000082,riyadh_places_kaggle,places_05372,place,A little Slice of Heaven,Riyadh,Riyadh
RYD_000083,riyadh_places_kaggle,places_03540,place,A'L ALKAIF,Riyadh,Riyadh
RYD_000084,riyadh_places_kaggle,places_05520,place,A'L ALKAIF,Riyadh,Riyadh
RYD_000085,riyadh_places_kaggle,places_07271,place,A'L ALKAIF,Riyadh,Riyadh
RYD_000086,riyadh_places_kaggle,places_08408,place,A'L ALKAIF,Riyadh,Riyadh
RYD_000087,riyadh_places_kaggle,places_00986,place,A12 Cafe,Riyadh,Riyadh
RYD_000088,riyadh_places_kaggle,places_03014,place,A2Burger,Riyadh,Riyadh
RYD_000089,riyadh_places_kaggle,places_07594,place,A2Burger,Riyadh,Riyadh
RYD_000090,riyadh_places_kaggle,places_06361,place,A4 Burger,Riyadh,Riyadh
RYD_000091,riyadh_places_kaggle,places_03103,place,ABAQ AL WIRD Narcissus,Riyadh,Riyadh
RYD_000092,riyadh_places_kaggle,places_06044,place,ABEER ALSHAM juices,Riyadh,Riyadh
RYD_000092,riyadh_places_kaggle,places_06045,place,Abeer Al Sham Express,Riyadh,Riyadh
RYD_000092,riyadh_places_kaggle,places_06046,place,ABEER ALSHAM,Riyadh,Riyadh
RYD_000093,riyadh_places_kaggle,places_00856,place,ABOU AFIF,Riyadh,Riyadh
RYD_000094,riyadh_places_kaggle,places_00845,place,ACLA,Riyadh,Riyadh
RYD_000095,riyadh_places_kaggle,places_00329,place,ACOUSTIC,Riyadh,Riyadh
RYD_000096,riyadh_places_kaggle,places_04288,place,ADAM,Riyadh,Riyadh
RYD_000097,riyadh_places_kaggle,places_05037,place,AFRINA,Riyadh,Riyadh
RYD_000098,riyadh_places_kaggle,places_02886,place,AH-SIGH-EE,Riyadh,Riyadh
RYD_000099,riyadh_places_kaggle,places_05223,place,AJEEN WA FORN,Riyadh,Riyadh
RYD_000100,riyadh_places_kaggle,places_03574,place,AJINET MARIAM,Riyadh,Riyadh
RYD_000101,riyadh_places_kaggle,places_01874,place,AKLT ALCHEF,Riyadh,Riyadh
RYD_000102,riyadh_places_kaggle,places_00302,place,AL BAIK,Riyadh,Riyadh
RYD_000103,riyadh_places_kaggle,places_00523,place,AL BAIK,Riyadh,Riyadh
RYD_000104,riyadh_places_kaggle,places_00942,place,AL BAIK,Riyadh,Riyadh
RYD_000105,riyadh_places_kaggle,places_01651,place,AL BAIK,Riyadh,Riyadh
RYD_000106,riyadh_places_kaggle,places_03059,place,AL BAIK,Riyadh,Riyadh
RYD_000107,riyadh_places_kaggle,places_05310,place,AL BAIK,Riyadh,Riyadh
RYD_000108,riyadh_places_kaggle,places_06654,place,AL Dahi Restaurant,Riyadh,Riyadh
RYD_000109,riyadh_places_kaggle,places_04032,place,AL FA,Riyadh,Riyadh
RYD_000110,riyadh_places_kaggle,places_02543,place,AL Jadi Elaik,Riyadh,Riyadh
RYD_000111,riyadh_places_kaggle,places_04143,place,AL KEBDA WORLD,Riyadh,Riyadh
RYD_000112,riyadh_places_kaggle,places_07868,place,AL MAIDA AL MASIYA RESTAURANT,Riyadh,Riyadh
RYD_000113,riyadh_places_kaggle,places_04816,place,AL MAMLAKA Social Dining,Riyadh,Riyadh
RYD_000114,riyadh_places_kaggle,places_00973,place,AL Mutaka,Riyadh,Riyadh
RYD_000115,riyadh_places_kaggle,places_05239,place,AL Nouras,Riyadh,Riyadh
RYD_000116,riyadh_places_kaggle,places_06114,place,AL SHALEH Breakfast,Riyadh,Riyadh
RYD_000117,riyadh_places_kaggle,places_02459,place,AL Shifa burgers and sandwiches,Riyadh,Riyadh
RYD_000118,riyadh_places_kaggle,places_04966,place,AL THAWD,Riyadh,Riyadh
RYD_000119,riyadh_places_kaggle,places_07027,place,AL THAWD,Riyadh,Riyadh
RYD_000120,riyadh_places_kaggle,places_08256,place,AL THAWD,Riyadh,Riyadh
RYD_000121,riyadh_places_kaggle,places_03814,place,AL Tazej,Riyadh,Riyadh
RYD_000122,riyadh_places_kaggle,places_07694,place,AL Tazej,Riyadh,Riyadh
RYD_000123,riyadh_places_kaggle,places_00384,place,AL Wurood Lebanese Restaurant,Riyadh,Riyadh
RYD_000124,riyadh_places_kaggle,places_08154,place,AL ZAKI BURGER,Riyadh,Riyadh
RYD_000125,riyadh_places_kaggle,places_08640,place,ALAN PET STORE,Riyadh,Riyadh
RYD_000126,riyadh_places_kaggle,places_04704,place,ALBUKHARI RESTAURANTS,Riyadh,Riyadh
RYD_000127,riyadh_places_kaggle,places_03231,place,ALCHEMY,Riyadh,Riyadh
RYD_000128,riyadh_places_kaggle,places_05601,place,ALCHEMY,Riyadh,Riyadh
RYD_000129,riyadh_places_kaggle,places_08528,place,ALDAWAQ CAFE,Riyadh,Riyadh
RYD_000130,riyadh_places_kaggle,places_06614,place,ALFARID,Riyadh,Riyadh
RYD_000131,riyadh_places_kaggle,places_04722,place,ALFORN BASBUSA,Riyadh,Riyadh
RYD_000132,riyadh_places_kaggle,places_00151,place,ALHOOT ALAZRAAQ,Riyadh,Riyadh
RYD_000133,riyadh_places_kaggle,places_06775,place,ALJALAB BBQ,Riyadh,Riyadh
RYD_000134,riyadh_places_kaggle,places_06305,place,ALJISR ALMOALAQ Grills,Riyadh,Riyadh
RYD_000135,riyadh_places_kaggle,places_06650,place,ALJISR ALMOALAQ Grills,Riyadh,Riyadh
RYD_000136,riyadh_places_kaggle,places_02782,place,ALKharof Restaurant,Riyadh,Riyadh
RYD_000137,riyadh_places_kaggle,places_06914,place,ALKharof Restaurant,Riyadh,Riyadh
RYD_000138,riyadh_places_kaggle,places_05072,place,ALL N1 CAFE,Riyadh,Riyadh
RYD_000139,riyadh_places_kaggle,places_03551,place,ALLSO,Riyadh,Riyadh
RYD_000140,riyadh_places_kaggle,places_00258,place,ALMA,Riyadh,Riyadh
RYD_000140,riyadh_places_kaggle,places_00276,place,HAMIDA,Riyadh,Riyadh
RYD_000141,riyadh_places_kaggle,places_05448,place,ALMA,Riyadh,Riyadh
RYD_000142,riyadh_places_kaggle,places_06586,place,ALMAARIG BUKHARI RESTAURANT,Riyadh,Riyadh
RYD_000143,riyadh_places_kaggle,places_06272,place,ALMTHAQ ALSHARQI SWEET,Riyadh,Riyadh
RYD_000144,riyadh_places_kaggle,places_05973,place,ALNOFOUD,Riyadh,Riyadh
RYD_000145,entertainment_kaggle,entertainment_00263,entertainment,ALNakheel Park,Riyadh,Riyadh
RYD_000146,entertainment_kaggle,entertainment_00273,entertainment,ALNakheel Park,Riyadh,Riyadh
RYD_000147,riyadh_places_kaggle,places_04375,place,ALPHA BURGER,Riyadh,Riyadh
RYD_000148,riyadh_places_kaggle,places_06996,place,ALPHA PHILLY CHEESESTEAK,Riyadh,Riyadh
RYD_000149,riyadh_places_kaggle,places_06244,place,ALRAFAIDAIN,Riyadh,Riyadh
RYD_000150,riyadh_places_kaggle,places_07808,place,ALROON,Riyadh,Riyadh
RYD_000151,riyadh_places_kaggle,places_00348,place,ALTARBOUSH ALDIMASHQI RESTAURANTS,Riyadh,Riyadh
RYD_000152,riyadh_places_kaggle,places_03753,place,ALTARBOUSH ALDIMASHQI RESTAURANTS,Riyadh,Riyadh
RYD_000153,riyadh_places_kaggle,places_05727,place,ALTARBOUSH ALDIMASHQI RESTAURANTS,Riyadh,Riyadh
RYD_000154,riyadh_places_kaggle,places_04934,place,ALkhozama cafe,Riyadh,Riyadh
RYD_000154,riyadh_places_kaggle,places_04935,place,ALkhozama,Riyadh,Riyadh
RYD_000155,riyadh_places_kaggle,places_06728,place,ALokma Hot,Riyadh,Riyadh
RYD_000156,riyadh_places_kaggle,places_08294,place,ALrabwa,Riyadh,Riyadh
RYD_000157,riyadh_places_kaggle,places_04214,place,AMC Cinemas,Riyadh,Riyadh
RYD_000158,riyadh_places_kaggle,places_06808,place,AMC Cinemas,Riyadh,Riyadh
RYD_000159,entertainment_kaggle,entertainment_00007,entertainment,AMC Cinemas Al Khair 9,Riyadh,Riyadh
RYD_000160,entertainment_kaggle,entertainment_00004,entertainment,AMC Cinemas Azizia 3,Riyadh,Riyadh
RYD_000161,entertainment_kaggle,entertainment_00018,entertainment,AMC Cinemas KAFD,Riyadh,Riyadh
RYD_000162,entertainment_kaggle,entertainment_00048,entertainment,AMC Cinemas Panorama 10,Riyadh,Riyadh
RYD_000163,entertainment_kaggle,entertainment_00076,entertainment,AMC Cinemas Panorama 10,Riyadh,Riyadh
RYD_000164,entertainment_kaggle,entertainment_00012,entertainment,AMC Cinemas Riyadh Gallery 9,Riyadh,Riyadh
RYD_000165,entertainment_kaggle,entertainment_00021,entertainment,AMC Cinemas Riyadh Gallery 9,Riyadh,Riyadh
RYD_000166,riyadh_places_kaggle,places_04814,place,AMMO AMIR,Riyadh,Riyadh
RYD_000167,riyadh_places_kaggle,places_05171,place,AMUST,Riyadh,Riyadh
RYD_000168,riyadh_places_kaggle,places_03689,place,AN Beans Roastery,Riyadh,Riyadh
RYD_000169,riyadh_places_kaggle,places_01200,place,ANIMAL,Riyadh,Riyadh
RYD_000170,riyadh_places_kaggle,places_08422,place,ANIMAL,Riyadh,Riyadh
RYD_000171,riyadh_places_kaggle,places_00026,place,ANJAPPAR,Riyadh,Riyadh
RYD_000172,riyadh_places_kaggle,places_05044,place,AOJ chocolate,Riyadh,Riyadh
RYD_000173,riyadh_places_kaggle,places_04105,place,AOK Kitchen,Riyadh,Riyadh
RYD_000174,riyadh_places_kaggle,places_01199,place,APE,Riyadh,Riyadh
RYD_000175,riyadh_places_kaggle,places_08421,place,APE,Riyadh,Riyadh
RYD_000176,riyadh_places_kaggle,places_04827,place,AQUI,Riyadh,Riyadh
RYD_000177,riyadh_places_kaggle,places_07883,place,ARAB GRILL RESTAURANTS,Riyadh,Riyadh
RYD_000178,riyadh_places_kaggle,places_04916,place,ARCH CHOCOLATE,Riyadh,Riyadh
RYD_000179,riyadh_places_kaggle,places_00640,place,ARCOMI,Riyadh,Riyadh
RYD_000180,riyadh_places_kaggle,places_04161,place,ARIS BRANCH,Riyadh,Riyadh
RYD_000181,riyadh_places_kaggle,places_04497,place,ARLON,Riyadh,Riyadh
RYD_000182,riyadh_places_kaggle,places_04521,place,ARMH,Riyadh,Riyadh
RYD_000183,riyadh_places_kaggle,places_05396,place,ARMH,Riyadh,Riyadh
RYD_000184,riyadh_places_kaggle,places_03954,place,ARNE,Riyadh,Riyadh
RYD_000185,riyadh_places_kaggle,places_07539,place,ARNE,Riyadh,Riyadh
RYD_000186,riyadh_places_kaggle,places_08715,place,ARNE,Riyadh,Riyadh
RYD_000187,riyadh_places_kaggle,places_04179,place,ARROW CAFE,Riyadh,Riyadh
RYD_000188,riyadh_places_kaggle,places_02781,place,ASAD AL-HAMRA AL-BUKHARI,Riyadh,Riyadh
RYD_000189,riyadh_places_kaggle,places_06940,place,ASAD AL-HAMRA AL-BUKHARI,Riyadh,Riyadh
RYD_000190,riyadh_places_kaggle,places_00323,place,ASL Luwluih,Riyadh,Riyadh
RYD_000191,riyadh_places_kaggle,places_00324,place,ASMAK Wadi El Nile,Riyadh,Riyadh
RYD_000192,riyadh_places_kaggle,places_06249,place,ASRAR ALDHEYAFA,Riyadh,Riyadh
RYD_000193,riyadh_places_kaggle,places_06148,place,ATAEB ALENAB,Riyadh,Riyadh
RYD_000194,riyadh_places_kaggle,places_06637,place,ATYAF AL KHALEEJ Restaurants and kitchens,Riyadh,Riyadh
RYD_000195,riyadh_places_kaggle,places_04053,place,AUR,Riyadh,Riyadh
RYD_000196,riyadh_places_kaggle,places_06572,place,AUR,Riyadh,Riyadh
RYD_000197,riyadh_places_kaggle,places_02102,place,AVINDAR,Riyadh,Riyadh
RYD_000198,riyadh_places_kaggle,places_04200,place,AVINDAR,Riyadh,Riyadh
RYD_000199,riyadh_places_kaggle,places_01972,place,AVVU,Riyadh,Riyadh
RYD_000200,riyadh_places_kaggle,places_05343,place,AWA,Riyadh,Riyadh
RYD_000201,riyadh_places_kaggle,places_01085,place,AYA‏‏ Bakery,Riyadh,Riyadh
RYD_000202,riyadh_places_kaggle,places_01144,place,AZHAR SUNDOS,Riyadh,Riyadh
RYD_000203,riyadh_places_kaggle,places_01106,place,AZKA,Riyadh,Riyadh
RYD_000204,riyadh_places_kaggle,places_04114,place,AZKA,Riyadh,Riyadh
RYD_000205,riyadh_places_kaggle,places_05369,place,AZKA,Riyadh,Riyadh
RYD_000206,riyadh_places_kaggle,places_07396,place,AZKA,Riyadh,Riyadh
RYD_000207,riyadh_places_kaggle,places_08318,place,AZKA,Riyadh,Riyadh
RYD_000208,riyadh_places_kaggle,places_04526,place,Aam Mahmoud,Riyadh,Riyadh
RYD_000209,riyadh_places_kaggle,places_07607,place,Aam Mahmoud,Riyadh,Riyadh
RYD_000210,riyadh_places_kaggle,places_00208,place,Aani &amp; Dani,Riyadh,Riyadh
RYD_000211,riyadh_places_kaggle,places_00990,place,Aani &amp; Dani,Riyadh,Riyadh
RYD_000212,riyadh_places_kaggle,places_01371,place,Aani &amp; Dani,Riyadh,Riyadh
RYD_000213,riyadh_places_kaggle,places_02490,place,Aani &amp; Dani,Riyadh,Riyadh
RYD_000214,riyadh_places_kaggle,places_02879,place,Aani &amp; Dani,Riyadh,Riyadh
RYD_000215,riyadh_places_kaggle,places_05530,place,Aani &amp; Dani,Riyadh,Riyadh
RYD_000216,riyadh_places_kaggle,places_06761,place,Aani &amp; Dani,Riyadh,Riyadh
RYD_000217,riyadh_places_kaggle,places_07130,place,Aani &amp; Dani,Riyadh,Riyadh
RYD_000218,riyadh_places_kaggle,places_08041,place,Aani &amp; Dani,Riyadh,Riyadh
RYD_000219,riyadh_places_kaggle,places_00521,place,Abaq ALsharq,Riyadh,Riyadh
RYD_000220,riyadh_places_kaggle,places_07911,place,Abdul Aziz Fast Food,Riyadh,Riyadh
RYD_000221,riyadh_places_kaggle,places_01317,place,Abeira,Riyadh,Riyadh
RYD_000222,booking_kaggle,hotels_00437,hotel,Aber Al Sahafa,Riyadh,Riyadh
RYD_000223,booking_kaggle,hotels_00436,hotel,Aber Yasmin,Riyadh,Riyadh
RYD_000224,riyadh_places_kaggle,places_05967,place,Abo Alez Grill,Riyadh,Riyadh
RYD_000225,riyadh_places_kaggle,places_01514,place,Abo daniel,Riyadh,Riyadh
RYD_000226,riyadh_places_kaggle,places_01349,place,Abo kilo,Riyadh,Riyadh
RYD_000227,riyadh_places_kaggle,places_03626,place,About,Riyadh,Riyadh
RYD_000228,riyadh_places_kaggle,places_07061,place,Abu Bent,Riyadh,Riyadh
RYD_000229,riyadh_places_kaggle,places_01394,place,Abu Jbara,Riyadh,Riyadh
RYD_000230,riyadh_places_kaggle,places_02235,place,Abu Jbara,Riyadh,Riyadh
RYD_000231,riyadh_places_kaggle,places_02576,place,Abu Jbara,Riyadh,Riyadh
RYD_000232,riyadh_places_kaggle,places_03292,place,Abu Jbara,Riyadh,Riyadh
RYD_000233,riyadh_places_kaggle,places_05581,place,Abu Jbara,Riyadh,Riyadh
RYD_000234,riyadh_places_kaggle,places_07487,place,Abu Jbara,Riyadh,Riyadh
RYD_000235,riyadh_places_kaggle,places_00909,place,Abu Nadim,Riyadh,Riyadh
RYD_000236,riyadh_places_kaggle,places_01443,place,Abu Zaghleh,Riyadh,Riyadh
RYD_000237,riyadh_places_kaggle,places_01203,place,Abu najm,Riyadh,Riyadh
RYD_000238,riyadh_places_kaggle,places_02570,place,Abu najm,Riyadh,Riyadh
RYD_000239,riyadh_places_kaggle,places_03473,place,Acai,Riyadh,Riyadh
RYD_000240,riyadh_places_kaggle,places_00740,place,Acai jamboree,Riyadh,Riyadh
RYD_000240,riyadh_places_kaggle,places_00744,place,Acai &amp; Co,Riyadh,Riyadh
RYD_000241,riyadh_places_kaggle,places_03867,place,Acai jamboree,Riyadh,Riyadh
RYD_000241,riyadh_places_kaggle,places_05340,place,Acai &amp; Co,Riyadh,Riyadh
RYD_000242,booking_kaggle,hotels_00180,hotel,Accor Palace Hotel,Riyadh,Riyadh
RYD_000243,riyadh_places_kaggle,places_03325,place,Achar Chefna,Riyadh,Riyadh
RYD_000244,riyadh_places_kaggle,places_04603,place,Achay,Riyadh,Riyadh
RYD_000245,riyadh_places_kaggle,places_01989,place,Acme,Riyadh,Riyadh
RYD_000246,riyadh_places_kaggle,places_00018,place,Adam pharmacy,Riyadh,Riyadh
RYD_000247,riyadh_places_kaggle,places_00330,place,Adam pharmacy,Riyadh,Riyadh
RYD_000248,riyadh_places_kaggle,places_03058,place,Adam pharmacy,Riyadh,Riyadh
RYD_000249,riyadh_places_kaggle,places_05514,place,Adam pharmacy,Riyadh,Riyadh
RYD_000250,riyadh_places_kaggle,places_07605,place,Adam pharmacy,Riyadh,Riyadh
RYD_000251,riyadh_places_kaggle,places_01877,place,Adana Kebab,Riyadh,Riyadh
RYD_000252,riyadh_places_kaggle,places_01733,place,Adar,Riyadh,Riyadh
RYD_000253,riyadh_places_kaggle,places_03178,place,Address Mood,Riyadh,Riyadh
RYD_000254,riyadh_places_kaggle,places_08534,place,Address Mood,Riyadh,Riyadh
RYD_000255,riyadh_places_kaggle,places_05232,place,Adeem Sweet,Riyadh,Riyadh
RYD_000256,riyadh_places_kaggle,places_07864,place,Adnan Zaman,Riyadh,Riyadh
RYD_000256,riyadh_places_kaggle,places_07865,place,Khafayf Zaman,Riyadh,Riyadh
RYD_000257,riyadh_places_kaggle,places_04651,place,Adore,Riyadh,Riyadh
RYD_000258,riyadh_places_kaggle,places_00309,place,Adoro La Pasta,Riyadh,Riyadh
RYD_000259,riyadh_places_kaggle,places_01334,place,Adoro La Pasta,Riyadh,Riyadh
RYD_000260,riyadh_places_kaggle,places_02518,place,Adoro La Pasta,Riyadh,Riyadh
RYD_000261,riyadh_places_kaggle,places_05413,place,Adoro La Pasta,Riyadh,Riyadh
RYD_000262,riyadh_places_kaggle,places_07314,place,Adoro La Pasta,Riyadh,Riyadh
RYD_000263,riyadh_places_kaggle,places_07945,place,Adoro La Pasta,Riyadh,Riyadh
RYD_000264,riyadh_places_kaggle,places_00119,place,Adsam Alakalat,Riyadh,Riyadh
RYD_000265,booking_kaggle,hotels_00852,hotel,Adwaa Rafa,Al Kharj,Riyadh
RYD_000266,riyadh_places_kaggle,places_04856,place,Afis Table,Riyadh,Riyadh
RYD_000267,riyadh_places_kaggle,places_03915,place,Afters,Riyadh,Riyadh
RYD_000268,riyadh_places_kaggle,places_06491,place,Agadir flowers,Riyadh,Riyadh
RYD_000269,riyadh_places_kaggle,places_04931,place,Agatk Burger,Riyadh,Riyadh
RYD_000270,riyadh_places_kaggle,places_04668,place,Aghsan Al Batilah,Riyadh,Riyadh
RYD_000271,riyadh_places_kaggle,places_08396,place,Aghsan Al-Wurud,Riyadh,Riyadh
RYD_000272,riyadh_places_kaggle,places_01276,place,Agus,Riyadh,Riyadh
RYD_000273,riyadh_places_kaggle,places_02020,place,Agus,Riyadh,Riyadh
RYD_000274,entertainment_kaggle,entertainment_00340,entertainment,Ahaji Escape Rooms أحاجي,Riyadh,Riyadh
RYD_000275,riyadh_places_kaggle,places_02196,place,Ahal Dirah,Riyadh,Riyadh
RYD_000276,riyadh_places_kaggle,places_03833,place,Ahal Dirah,Riyadh,Riyadh
RYD_000277,riyadh_places_kaggle,places_05757,place,Ahal Dirah,Riyadh,Riyadh
RYD_000278,riyadh_places_kaggle,places_06585,place,Ahl Alkebab,Riyadh,Riyadh
RYD_000279,riyadh_places_kaggle,places_04819,place,Ahla Alward,Riyadh,Riyadh
RYD_000280,riyadh_places_kaggle,places_08519,place,Ahla Alward,Riyadh,Riyadh
RYD_000281,riyadh_places_kaggle,places_06497,place,Ahla Hala,Riyadh,Riyadh
RYD_000282,riyadh_places_kaggle,places_08639,place,Ahla Manto and Yaghamsh grape leaves,Riyadh,Riyadh
RYD_000283,riyadh_places_kaggle,places_03930,place,Aim coffee Bar,Riyadh,Riyadh
RYD_000284,riyadh_places_kaggle,places_03513,place,Aish And Melh,Riyadh,Riyadh
RYD_000285,riyadh_places_kaggle,places_06444,place,Aishna,Riyadh,Riyadh
RYD_000286,riyadh_places_kaggle,places_04284,place,Ajaz,Riyadh,Riyadh
RYD_000287,riyadh_places_kaggle,places_04202,place,Ajial Medical Pharmacy,Riyadh,Riyadh
RYD_000288,riyadh_places_kaggle,places_04640,place,Ajinty,Riyadh,Riyadh
RYD_000289,riyadh_places_kaggle,places_02921,place,Ajmal Waraq Enap,Riyadh,Riyadh
RYD_000290,riyadh_places_kaggle,places_08431,place,Ajmal Waraq Enap,Riyadh,Riyadh
RYD_000291,riyadh_places_kaggle,places_02742,place,Ajwa Fayrouz,Riyadh,Riyadh
RYD_000292,riyadh_places_kaggle,places_02242,place,Akalat Higaziyah,Riyadh,Riyadh
RYD_000293,riyadh_places_kaggle,places_03028,place,Akalat Higaziyah,Riyadh,Riyadh
RYD_000294,riyadh_places_kaggle,places_07710,place,Akalat Higaziyah,Riyadh,Riyadh
RYD_000295,riyadh_places_kaggle,places_08473,place,Akalat Higaziyah,Riyadh,Riyadh
RYD_000296,riyadh_places_kaggle,places_07850,place,Akar corner for sweets,Riyadh,Riyadh
RYD_000297,riyadh_places_kaggle,places_06350,place,Akina,Riyadh,Riyadh
RYD_000298,riyadh_places_kaggle,places_00393,place,Al Afaq Restaurants,Riyadh,Riyadh
RYD_000299,riyadh_places_kaggle,places_05166,place,Al Ajaji Bakeries -Al Rawdah,Riyadh,Riyadh
RYD_000300,riyadh_places_kaggle,places_01230,place,Al Andaleeb Al Asmar,Riyadh,Riyadh
RYD_000301,riyadh_places_kaggle,places_06369,place,Al Aseel,Riyadh,Riyadh
RYD_000302,riyadh_places_kaggle,places_05751,place,Al Atherya Village,Riyadh,Riyadh
RYD_000303,riyadh_places_kaggle,places_02198,place,Al Azhar Lebanese Restaurant,Riyadh,Riyadh
RYD_000304,riyadh_places_kaggle,places_04885,place,Al Bab Al Sharqi,Riyadh,Riyadh
RYD_000305,riyadh_places_kaggle,places_01028,place,Al Bahsaly,Riyadh,Riyadh
RYD_000306,riyadh_places_kaggle,places_00088,place,Al Baik,Riyadh,Riyadh
RYD_000307,riyadh_places_kaggle,places_00117,place,Al Baik,Riyadh,Riyadh
RYD_000308,riyadh_places_kaggle,places_00423,place,Al Baik,Riyadh,Riyadh
RYD_000309,riyadh_places_kaggle,places_00465,place,Al Baik,Riyadh,Riyadh
RYD_000310,riyadh_places_kaggle,places_01611,place,Al Baik,Riyadh,Riyadh
RYD_000311,riyadh_places_kaggle,places_02335,place,Al Baik,Riyadh,Riyadh
RYD_000312,riyadh_places_kaggle,places_03890,place,Al Baik,Riyadh,Riyadh
RYD_000313,riyadh_places_kaggle,places_07256,place,Al Baik,Riyadh,Riyadh
RYD_000314,riyadh_places_kaggle,places_07800,place,Al Baik,Riyadh,Riyadh
RYD_000315,riyadh_places_kaggle,places_08120,place,Al Baik,Riyadh,Riyadh
RYD_000316,riyadh_places_kaggle,places_01527,place,Al Balah Althahabi,Riyadh,Riyadh
RYD_000317,riyadh_places_kaggle,places_00367,place,Al Bashaer Palace,Riyadh,Riyadh
RYD_000318,booking_kaggle,hotels_00551,hotel,Al Batha2,Riyadh,Riyadh
RYD_000319,riyadh_places_kaggle,places_02282,place,Al Dana Juice,Riyadh,Riyadh
RYD_000320,riyadh_places_kaggle,places_01450,place,Al Diwan Al Khaliji,Riyadh,Riyadh
RYD_000321,entertainment_kaggle,entertainment_00399,entertainment,Al Douh Park,Riyadh,Riyadh
RYD_000322,entertainment_kaggle,entertainment_00409,entertainment,Al Douh Park,Riyadh,Riyadh
RYD_000323,riyadh_places_kaggle,places_02267,place,Al Douk Broasted,Riyadh,Riyadh
RYD_000324,riyadh_places_kaggle,places_06610,place,Al Douk Broasted,Riyadh,Riyadh
RYD_000325,booking_kaggle,hotels_00609,hotel,Al Eairy Apartment-Riyadh 6,Riyadh,Riyadh
RYD_000325,booking_kaggle,hotels_00619,hotel,Al Eairy Apartments Al Riyad 5,Riyadh,Riyadh
RYD_000326,booking_kaggle,hotels_00827,hotel,Al Eairy Apartments - Al Riyad 4,Riyadh,Riyadh
RYD_000327,booking_kaggle,hotels_00669,hotel,Al Eairy Apartments- Riyadh 3,Riyadh,Riyadh
RYD_000328,riyadh_places_kaggle,places_03950,place,Al Fanar Emirati Restaurant,Riyadh,Riyadh
RYD_000329,booking_kaggle,hotels_00969,hotel,Al Farhan Hotel Suites (Exit 15),Riyadh,Riyadh
RYD_000330,booking_kaggle,hotels_00755,hotel,Al Farhan Hotel Suites - Al Salam,Riyadh,Riyadh
RYD_000331,booking_kaggle,hotels_00976,hotel,Al Farhan Suites Ishbillia,Riyadh,Riyadh
RYD_000332,riyadh_places_kaggle,places_01180,place,Al Fateera Al Demashqya,Riyadh,Riyadh
RYD_000333,riyadh_places_kaggle,places_01318,place,Al Fateera Al Demashqya,Riyadh,Riyadh
RYD_000334,riyadh_places_kaggle,places_03772,place,Al Fateera Al Demashqya,Riyadh,Riyadh
RYD_000335,riyadh_places_kaggle,places_07160,place,Al Fateera Al Demashqya,Riyadh,Riyadh
RYD_000336,riyadh_places_kaggle,places_07761,place,Al Fateera Al Demashqya Restaurant,Riyadh,Riyadh
RYD_000337,riyadh_places_kaggle,places_01273,place,Al Fateh,Riyadh,Riyadh
RYD_000338,entertainment_kaggle,entertainment_00280,entertainment,Al Fazari Courtyard,Riyadh,Riyadh
RYD_000339,entertainment_kaggle,entertainment_00309,entertainment,Al Fazari Courtyard,Riyadh,Riyadh
RYD_000340,riyadh_places_kaggle,places_00621,place,Al Feshawy,Riyadh,Riyadh
RYD_000341,riyadh_places_kaggle,places_02962,place,Al Feshawy,Riyadh,Riyadh
RYD_000342,riyadh_places_kaggle,places_07133,place,Al Feshawy,Riyadh,Riyadh
RYD_000343,riyadh_places_kaggle,places_05986,place,Al Haddooj,Riyadh,Riyadh
RYD_000344,entertainment_kaggle,entertainment_00230,entertainment,Al Haeer Park Khamsa Khamsa,Riyadh,Riyadh
RYD_000345,entertainment_kaggle,entertainment_00240,entertainment,Al Haeer Park Khamsa Khamsa,Riyadh,Riyadh
RYD_000346,riyadh_places_kaggle,places_00344,place,Al Hala Palace,Riyadh,Riyadh
RYD_000347,riyadh_places_kaggle,places_00456,place,Al Hala Palace,Riyadh,Riyadh
RYD_000348,riyadh_places_kaggle,places_05567,place,Al Hala Palace,Riyadh,Riyadh
RYD_000349,booking_kaggle,hotels_00162,hotel,Al Hamra Palace By Warwick,Riyadh,Riyadh
RYD_000350,riyadh_places_kaggle,places_02346,place,Al Hana Pizza &amp; Pasta,Riyadh,Riyadh
RYD_000351,riyadh_places_kaggle,places_04142,place,Al Hara Chicken,Riyadh,Riyadh
RYD_000352,riyadh_places_kaggle,places_05765,place,Al Hara Chicken,Riyadh,Riyadh
RYD_000353,entertainment_kaggle,entertainment_00182,entertainment,Al Hokair Time,Riyadh,Riyadh
RYD_000354,entertainment_kaggle,entertainment_00212,entertainment,Al Hokair Time,Riyadh,Riyadh
RYD_000355,riyadh_places_kaggle,places_00230,place,Al Iwan Restaurant,Riyadh,Riyadh
RYD_000356,riyadh_places_kaggle,places_05997,place,Al Jazeera Corner Fish Restaurant,Riyadh,Riyadh
RYD_000357,riyadh_places_kaggle,places_08001,place,Al Jazeera Pizza,Riyadh,Riyadh
RYD_000358,riyadh_places_kaggle,places_00531,place,Al Jouri Restaurant,Riyadh,Riyadh
RYD_000359,riyadh_places_kaggle,places_04872,place,Al Jud Al Arabi,Riyadh,Riyadh
RYD_000360,riyadh_places_kaggle,places_04987,place,Al Kabir Bistro,Riyadh,Riyadh
RYD_000360,riyadh_places_kaggle,places_04988,place,Al Kabir BURGER,Riyadh,Riyadh
RYD_000361,riyadh_places_kaggle,places_05198,place,Al Kabsa Al Hasawiya,Riyadh,Riyadh
RYD_000362,riyadh_places_kaggle,places_02818,place,Al Kanafany,Riyadh,Riyadh
RYD_000363,riyadh_places_kaggle,places_05476,place,Al Kanafany,Riyadh,Riyadh
RYD_000364,riyadh_places_kaggle,places_02763,place,Al Kanafany Sweet,Riyadh,Riyadh
RYD_000364,riyadh_places_kaggle,places_02764,place,Kanafangi,Riyadh,Riyadh
RYD_000365,riyadh_places_kaggle,places_08338,place,Al Karam Grill,Riyadh,Riyadh
RYD_000366,riyadh_places_kaggle,places_00051,place,Al Karama Sweets,Riyadh,Riyadh
RYD_000367,riyadh_places_kaggle,places_07218,place,Al Karama Sweets,Riyadh,Riyadh
RYD_000368,riyadh_places_kaggle,places_04457,place,Al Khair Liver Buffet,Riyadh,Riyadh
RYD_000369,riyadh_places_kaggle,places_05090,place,Al Kofeia,Riyadh,Riyadh
RYD_000370,riyadh_places_kaggle,places_05982,place,Al Lahib,Riyadh,Riyadh
RYD_000371,riyadh_places_kaggle,places_00768,place,Al Majles Al Khaliji,Riyadh,Riyadh
RYD_000372,riyadh_places_kaggle,places_04762,place,Al Majles Al Khaliji,Riyadh,Riyadh
RYD_000373,riyadh_places_kaggle,places_06145,place,Al Majlis,Riyadh,Riyadh
RYD_000374,riyadh_places_kaggle,places_05156,place,Al Malaz Restaurant Uruba Rd,Riyadh,Riyadh
RYD_000375,booking_kaggle,hotels_00197,hotel,Al Malqa Elite Hotel,Riyadh,Riyadh
RYD_000376,riyadh_places_kaggle,places_00054,place,Al Mamlakah Sweets,Riyadh,Riyadh
RYD_000377,riyadh_places_kaggle,places_00418,place,Al Mamlakah Sweets,Riyadh,Riyadh
RYD_000378,riyadh_places_kaggle,places_03742,place,Al Mamlakah Sweets,Riyadh,Riyadh
RYD_000379,riyadh_places_kaggle,places_05392,place,Al Mamlakah Sweets,Riyadh,Riyadh
RYD_000380,riyadh_places_kaggle,places_07269,place,Al Mamlakah Sweets,Riyadh,Riyadh
RYD_000381,riyadh_places_kaggle,places_03902,place,Al Manarah,Riyadh,Riyadh
RYD_000382,riyadh_places_kaggle,places_05817,place,Al Manarah,Riyadh,Riyadh
RYD_000383,riyadh_places_kaggle,places_05761,place,Al Mandi House,Riyadh,Riyadh
RYD_000384,riyadh_places_kaggle,places_04848,place,Al Mansaf,Riyadh,Riyadh
RYD_000385,riyadh_places_kaggle,places_02438,place,Al Masiya Pizza Taste,Riyadh,Riyadh
RYD_000386,riyadh_places_kaggle,places_05096,place,Al Masiya Pizza Taste,Riyadh,Riyadh
RYD_000387,entertainment_kaggle,entertainment_00189,entertainment,Al Masmak Palace Museum,Riyadh,Riyadh
RYD_000388,entertainment_kaggle,entertainment_00199,entertainment,Al Masmak Palace Museum,Riyadh,Riyadh
RYD_000389,riyadh_places_kaggle,places_04091,place,Al Mawrooth Restaurant and Kitchen,Riyadh,Riyadh
RYD_000390,riyadh_places_kaggle,places_00155,place,Al Medhyaf,Riyadh,Riyadh
RYD_000391,riyadh_places_kaggle,places_00849,place,Al Medhyaf,Riyadh,Riyadh
RYD_000392,riyadh_places_kaggle,places_02193,place,Al Medhyaf,Riyadh,Riyadh
RYD_000393,riyadh_places_kaggle,places_02431,place,Al Medhyaf,Riyadh,Riyadh
RYD_000394,riyadh_places_kaggle,places_00052,place,Al Mehbaj,Riyadh,Riyadh
RYD_000395,riyadh_places_kaggle,places_03726,place,Al Mehbaj,Riyadh,Riyadh
RYD_000396,riyadh_places_kaggle,places_05642,place,Al Mehbaj,Riyadh,Riyadh
RYD_000397,riyadh_places_kaggle,places_07425,place,Al Mehbaj,Riyadh,Riyadh
RYD_000398,riyadh_places_kaggle,places_03096,place,Al Mokhtar Oven,Riyadh,Riyadh
RYD_000399,riyadh_places_kaggle,places_02560,place,Al Mouallem,Riyadh,Riyadh
RYD_000400,booking_kaggle,hotels_00962,hotel,Al Muhaidb Khanshalila,Riyadh,Riyadh
RYD_000401,riyadh_places_kaggle,places_01157,place,Al Mukhtar,Riyadh,Riyadh
RYD_000402,entertainment_kaggle,entertainment_00242,entertainment,Al Muruj Park,Riyadh,Riyadh
RYD_000403,entertainment_kaggle,entertainment_00270,entertainment,Al Muruj Park,Riyadh,Riyadh
RYD_000404,booking_kaggle,hotels_00412,hotel,Al Mutlaq Hotel Riyadh,Riyadh,Riyadh
RYD_000405,riyadh_places_kaggle,places_01747,place,Al Nadi,Riyadh,Riyadh
RYD_000406,riyadh_places_kaggle,places_00343,place,Al Naeman Pies,Riyadh,Riyadh
RYD_000407,riyadh_places_kaggle,places_04903,place,Al Nawfara cafe,Riyadh,Riyadh
RYD_000408,riyadh_places_kaggle,places_01767,place,Al Nthryoon,Riyadh,Riyadh
RYD_000409,entertainment_kaggle,entertainment_00489,entertainment,Al Orjouan,Riyadh,Riyadh
RYD_000410,entertainment_kaggle,entertainment_00499,entertainment,Al Orjouan,Riyadh,Riyadh
RYD_000411,riyadh_places_kaggle,places_05789,place,Al Othaim,Riyadh,Riyadh
RYD_000412,riyadh_places_kaggle,places_01081,place,Al Ouda Pharmacy,Riyadh,Riyadh
RYD_000413,riyadh_places_kaggle,places_05564,place,Al Qantara,Riyadh,Riyadh
RYD_000414,riyadh_places_kaggle,places_06856,place,Al Qarmushi,Riyadh,Riyadh
RYD_000415,riyadh_places_kaggle,places_07219,place,Al Qarmushi,Riyadh,Riyadh
RYD_000416,booking_kaggle,hotels_00624,hotel,Al Quba Al Zahabia Furnished Units,Riyadh,Riyadh
RYD_000417,riyadh_places_kaggle,places_08728,place,Al Qubtan Broasted,Riyadh,Riyadh
RYD_000418,riyadh_places_kaggle,places_05931,place,Al Rabiah,Riyadh,Riyadh
RYD_000419,riyadh_places_kaggle,places_01695,place,Al Rabie Bakery,Riyadh,Riyadh
RYD_000420,riyadh_places_kaggle,places_04741,place,Al Rabie Bakery,Riyadh,Riyadh
RYD_000421,riyadh_places_kaggle,places_04905,place,Al Rafdeen,Riyadh,Riyadh
RYD_000422,riyadh_places_kaggle,places_02759,place,Al Rafidain Grills,Riyadh,Riyadh
RYD_000423,riyadh_places_kaggle,places_00019,place,Al Rasheed Pastries,Riyadh,Riyadh
RYD_000424,riyadh_places_kaggle,places_08246,place,Al Rasheed Pastries,Riyadh,Riyadh
RYD_000425,riyadh_places_kaggle,places_06298,place,Al Rawabi Sweets &amp; Bakeries,Riyadh,Riyadh
RYD_000426,riyadh_places_kaggle,places_00901,place,Al Rawaq Al Shabi,Riyadh,Riyadh
RYD_000427,riyadh_places_kaggle,places_01728,place,Al Rawaq Al Shabi,Riyadh,Riyadh
RYD_000428,riyadh_places_kaggle,places_06248,place,Al Rayan,Riyadh,Riyadh
RYD_000429,riyadh_places_kaggle,places_05046,place,Al Rehab Palace Grills,Riyadh,Riyadh
RYD_000430,riyadh_places_kaggle,places_03158,place,Al Romansiah,Riyadh,Riyadh
RYD_000431,riyadh_places_kaggle,places_05383,place,Al Romansiah,Riyadh,Riyadh
RYD_000432,riyadh_places_kaggle,places_07268,place,Al Romansiah,Riyadh,Riyadh
RYD_000433,riyadh_places_kaggle,places_07796,place,Al Romansiah,Riyadh,Riyadh
RYD_000434,riyadh_places_kaggle,places_08096,place,Al Romansiah,Riyadh,Riyadh
RYD_000435,riyadh_places_kaggle,places_04496,place,Al Rozana Grill,Riyadh,Riyadh
RYD_000436,riyadh_places_kaggle,places_05748,place,Al Saddah Restaurants,Riyadh,Riyadh
RYD_000437,riyadh_places_kaggle,places_03303,place,Al Sadhan,Riyadh,Riyadh
RYD_000438,riyadh_places_kaggle,places_05393,place,Al Sadhan,Riyadh,Riyadh
RYD_000439,riyadh_places_kaggle,places_07140,place,Al Sadhan,Riyadh,Riyadh
RYD_000440,riyadh_places_kaggle,places_08689,place,Al Sadhan,Riyadh,Riyadh
RYD_000441,riyadh_places_kaggle,places_08280,place,Al Sakhaa Albukhari Restaurant,Riyadh,Riyadh
RYD_000442,booking_kaggle,hotels_00994,hotel,Al Salam Hotel Riyadh,Riyadh,Riyadh
RYD_000443,riyadh_places_kaggle,places_08178,place,Al Saraya,Riyadh,Riyadh
RYD_000444,riyadh_places_kaggle,places_00692,place,Al Saudi,Riyadh,Riyadh
RYD_000445,riyadh_places_kaggle,places_03908,place,Al Saudi,Riyadh,Riyadh
RYD_000446,riyadh_places_kaggle,places_05654,place,Al Saudi,Riyadh,Riyadh
RYD_000447,riyadh_places_kaggle,places_07627,place,Al Saudi,Riyadh,Riyadh
RYD_000448,riyadh_places_kaggle,places_07965,place,Al Saudi,Riyadh,Riyadh
RYD_000449,entertainment_kaggle,entertainment_00431,entertainment,Al Shaeeb Park,Riyadh,Riyadh
RYD_000450,entertainment_kaggle,entertainment_00458,entertainment,Al Shaeeb Park,Riyadh,Riyadh
RYD_000451,riyadh_places_kaggle,places_06534,place,Al Sharqia Fish,Riyadh,Riyadh
RYD_000452,riyadh_places_kaggle,places_00354,place,Al Sheraa,Riyadh,Riyadh
RYD_000453,riyadh_places_kaggle,places_00428,place,Al Sheraa,Riyadh,Riyadh
RYD_000454,riyadh_places_kaggle,places_03268,place,Al Sheraa,Riyadh,Riyadh
RYD_000455,riyadh_places_kaggle,places_05714,place,Al Sheraa,Riyadh,Riyadh
RYD_000456,riyadh_places_kaggle,places_06537,place,Al Sheraa,Riyadh,Riyadh
RYD_000457,riyadh_places_kaggle,places_06874,place,Al Sheraa,Riyadh,Riyadh
RYD_000458,riyadh_places_kaggle,places_07807,place,Al Sheraa,Riyadh,Riyadh
RYD_000459,riyadh_places_kaggle,places_07977,place,Al Sheraa,Riyadh,Riyadh
RYD_000460,riyadh_places_kaggle,places_05246,place,Al Shurfa,Riyadh,Riyadh
RYD_000461,riyadh_places_kaggle,places_02891,place,Al Shurfa BBQ,Riyadh,Riyadh
RYD_000462,riyadh_places_kaggle,places_05708,place,Al Shurfa BBQ,Riyadh,Riyadh
RYD_000463,riyadh_places_kaggle,places_00095,place,Al Tazaj,Riyadh,Riyadh
RYD_000464,riyadh_places_kaggle,places_00167,place,Al Tazaj,Riyadh,Riyadh
RYD_000465,riyadh_places_kaggle,places_00529,place,Al Tazaj,Riyadh,Riyadh
RYD_000466,riyadh_places_kaggle,places_01202,place,Al Tazaj,Riyadh,Riyadh
RYD_000467,riyadh_places_kaggle,places_01952,place,Al Tazaj,Riyadh,Riyadh
RYD_000468,riyadh_places_kaggle,places_04463,place,Al Tazaj,Riyadh,Riyadh
RYD_000469,riyadh_places_kaggle,places_04973,place,Al Tazaj,Riyadh,Riyadh
RYD_000470,riyadh_places_kaggle,places_06730,place,Al Tazaj,Riyadh,Riyadh
RYD_000471,riyadh_places_kaggle,places_06933,place,Al Tazaj,Riyadh,Riyadh
RYD_000472,riyadh_places_kaggle,places_07960,place,Al Tazaj,Riyadh,Riyadh
RYD_000473,riyadh_places_kaggle,places_07971,place,Al Tazaj,Riyadh,Riyadh
RYD_000474,booking_kaggle,hotels_00187,hotel,Al Waha Palace Hotel,Riyadh,Riyadh
RYD_000475,riyadh_places_kaggle,places_02348,place,Al Wunasa pies and sandwiches,Riyadh,Riyadh
RYD_000476,booking_kaggle,hotels_00952,hotel,Al Yamama Palace Hejab Branch,Riyadh,Riyadh
RYD_000477,riyadh_places_kaggle,places_02388,place,Al Zain juices and meals,Riyadh,Riyadh
RYD_000478,riyadh_places_kaggle,places_02473,place,Al kandi for mandi,Riyadh,Riyadh
RYD_000479,riyadh_places_kaggle,places_07176,place,Al kandi for mandi,Riyadh,Riyadh
RYD_000480,riyadh_places_kaggle,places_08520,place,Al katim,Riyadh,Riyadh
RYD_000481,riyadh_places_kaggle,places_00109,place,Al kornish corner,Riyadh,Riyadh
RYD_000482,riyadh_places_kaggle,places_05229,place,Al kornish corner,Riyadh,Riyadh
RYD_000483,riyadh_places_kaggle,places_05901,place,Al kornish corner,Riyadh,Riyadh
RYD_000484,riyadh_places_kaggle,places_00148,place,Al malaz Restaurant,Riyadh,Riyadh
RYD_000485,riyadh_places_kaggle,places_04085,place,Al mazag Al bahri,Riyadh,Riyadh
RYD_000486,riyadh_places_kaggle,places_07588,place,Al mazag Al bahri,Riyadh,Riyadh
RYD_000487,riyadh_places_kaggle,places_08524,place,Al najah,Riyadh,Riyadh
RYD_000488,riyadh_places_kaggle,places_01511,place,Al'ز Tعm,Riyadh,Riyadh
RYD_000489,riyadh_places_kaggle,places_04870,place,Al- Sulaimanyah bakery,Riyadh,Riyadh
RYD_000490,entertainment_kaggle,entertainment_00202,entertainment,Al-Bujairi Heritage Park,Riyadh,Riyadh
RYD_000491,entertainment_kaggle,entertainment_00232,entertainment,Al-Bujairi Heritage Park,Riyadh,Riyadh
RYD_000492,riyadh_places_kaggle,places_06923,place,Al-Bukhari Corner,Riyadh,Riyadh
RYD_000493,riyadh_places_kaggle,places_05796,place,Al-Dafwa Restaurants,Riyadh,Riyadh
RYD_000494,riyadh_places_kaggle,places_03289,place,"Al-Fawaris maydan , Arabic coffee",Riyadh,Riyadh
RYD_000495,entertainment_kaggle,entertainment_00281,entertainment,Al-Hayer Park Lake,Riyadh,Riyadh
RYD_000496,entertainment_kaggle,entertainment_00310,entertainment,Al-Hayer Park Lake,Riyadh,Riyadh
RYD_000497,riyadh_places_kaggle,places_01495,place,Al-Jawhara Corner,Riyadh,Riyadh
RYD_000498,riyadh_places_kaggle,places_06884,place,Al-Jawhara Corner,Riyadh,Riyadh
RYD_000499,riyadh_places_kaggle,places_02210,place,Al-Kaif Cafe,Riyadh,Riyadh
RYD_000500,riyadh_places_kaggle,places_00823,place,Al-Qalzam,Riyadh,Riyadh
RYD_000501,riyadh_places_kaggle,places_04120,place,Al-Qalzam,Riyadh,Riyadh
RYD_000502,riyadh_places_kaggle,places_06528,place,Al-Rawda Pharmacy,Riyadh,Riyadh
RYD_000503,entertainment_kaggle,entertainment_00177,entertainment,Al-Samar Amusement Center,Riyadh,Riyadh
RYD_000504,riyadh_places_kaggle,places_06566,place,AlA AShawaya Restaurant,Riyadh,Riyadh
RYD_000505,riyadh_places_kaggle,places_04111,place,AlBalah Al Mashawi,Riyadh,Riyadh
RYD_000506,riyadh_places_kaggle,places_04532,place,AlBattar,Riyadh,Riyadh
RYD_000507,riyadh_places_kaggle,places_03725,place,AlBustan tea and coffee,Riyadh,Riyadh
RYD_000508,riyadh_places_kaggle,places_04056,place,AlHamam AlMahshi,Riyadh,Riyadh
RYD_000509,riyadh_places_kaggle,places_02067,place,AlHamra AlBukhari,Riyadh,Riyadh
RYD_000510,riyadh_places_kaggle,places_02266,place,AlHamra AlBukhari,Riyadh,Riyadh
RYD_000511,riyadh_places_kaggle,places_02558,place,AlHamra AlBukhari,Riyadh,Riyadh
RYD_000512,riyadh_places_kaggle,places_03277,place,AlHamra AlBukhari,Riyadh,Riyadh
RYD_000513,riyadh_places_kaggle,places_07212,place,AlHamra AlBukhari,Riyadh,Riyadh
RYD_000514,riyadh_places_kaggle,places_05245,place,AlHermas grill,Riyadh,Riyadh
RYD_000515,riyadh_places_kaggle,places_05031,place,AlMazaq Alshamy,Riyadh,Riyadh
RYD_000516,riyadh_places_kaggle,places_08620,place,AlNaman pizza and pies,Riyadh,Riyadh
RYD_000517,riyadh_places_kaggle,places_08691,place,AlRabwah,Riyadh,Riyadh
RYD_000518,riyadh_places_kaggle,places_00398,place,AlSaher House,Riyadh,Riyadh
RYD_000519,riyadh_places_kaggle,places_03701,place,Ala Albaal,Riyadh,Riyadh
RYD_000520,riyadh_places_kaggle,places_06639,place,Alam ALkhalia,Riyadh,Riyadh
RYD_000521,riyadh_places_kaggle,places_07019,place,Alarousi,Riyadh,Riyadh
RYD_000522,riyadh_places_kaggle,places_01179,place,Alatabaq Alhajazi,Riyadh,Riyadh
RYD_000523,riyadh_places_kaggle,places_04763,place,Alath Maqloba,Riyadh,Riyadh
RYD_000524,riyadh_places_kaggle,places_06151,place,Alaturka,Riyadh,Riyadh
RYD_000525,riyadh_places_kaggle,places_04664,place,Alaz manoucheh,Riyadh,Riyadh
RYD_000526,riyadh_places_kaggle,places_03107,place,Alazhar Alsarah,Riyadh,Riyadh
RYD_000527,riyadh_places_kaggle,places_03072,place,Albader,Riyadh,Riyadh
RYD_000528,riyadh_places_kaggle,places_01594,place,Albayt Alromancy,Riyadh,Riyadh
RYD_000529,riyadh_places_kaggle,places_02326,place,Albayt Alromancy,Riyadh,Riyadh
RYD_000530,riyadh_places_kaggle,places_07220,place,Albayt Alromancy,Riyadh,Riyadh
RYD_000531,riyadh_places_kaggle,places_07819,place,Albayt Alromancy,Riyadh,Riyadh
RYD_000532,riyadh_places_kaggle,places_03208,place,Alcove,Riyadh,Riyadh
RYD_000533,riyadh_places_kaggle,places_01385,place,Aldallah Alshazlya Cafe,Riyadh,Riyadh
RYD_000534,riyadh_places_kaggle,places_02268,place,Aldeirah Restaurant,Riyadh,Riyadh
RYD_000535,booking_kaggle,hotels_00389,hotel,Alfarhan Panda Alfayha,Riyadh,Riyadh
RYD_000536,riyadh_places_kaggle,places_07744,place,Alfatayer Alshamiya,Riyadh,Riyadh
RYD_000537,riyadh_places_kaggle,places_04460,place,Alforno,Riyadh,Riyadh
RYD_000538,riyadh_places_kaggle,places_07783,place,Alfredo,Riyadh,Riyadh
RYD_000539,riyadh_places_kaggle,places_01904,place,Alharat Aldimashqia,Riyadh,Riyadh
RYD_000540,riyadh_places_kaggle,places_00024,place,Alharfoosh,Riyadh,Riyadh
RYD_000541,riyadh_places_kaggle,places_06786,place,Alhatab Bakery,Riyadh,Riyadh
RYD_000542,riyadh_places_kaggle,places_07215,place,Alhatab Bakery,Riyadh,Riyadh
RYD_000543,riyadh_places_kaggle,places_08485,place,Alhatab Bakery,Riyadh,Riyadh
RYD_000544,booking_kaggle,hotels_00680,hotel,Aliah Tolan Palace,Riyadh,Riyadh
RYD_000545,riyadh_places_kaggle,places_03816,place,Alien Sub,Riyadh,Riyadh
RYD_000546,riyadh_places_kaggle,places_05730,place,Alimento,Riyadh,Riyadh
RYD_000547,riyadh_places_kaggle,places_03012,place,Aljazera,Riyadh,Riyadh
RYD_000548,riyadh_places_kaggle,places_05331,place,Aljazera,Riyadh,Riyadh
RYD_000549,riyadh_places_kaggle,places_06770,place,Aljazera,Riyadh,Riyadh
RYD_000550,riyadh_places_kaggle,places_00192,place,Alkafi,Riyadh,Riyadh
RYD_000551,riyadh_places_kaggle,places_08175,place,Alkatkot Almuqramish,Riyadh,Riyadh
RYD_000552,riyadh_places_kaggle,places_04147,place,Alkhabaz,Riyadh,Riyadh
RYD_000553,riyadh_places_kaggle,places_00036,place,Alkhafeef,Riyadh,Riyadh
RYD_000554,riyadh_places_kaggle,places_00189,place,Alkhafeef,Riyadh,Riyadh
RYD_000555,riyadh_places_kaggle,places_00340,place,Alkhafeef,Riyadh,Riyadh
RYD_000556,riyadh_places_kaggle,places_00453,place,Alkhafeef,Riyadh,Riyadh
RYD_000557,riyadh_places_kaggle,places_00612,place,Alkhafeef,Riyadh,Riyadh
RYD_000558,riyadh_places_kaggle,places_01026,place,Alkhafeef,Riyadh,Riyadh
RYD_000559,riyadh_places_kaggle,places_01440,place,Alkhafeef,Riyadh,Riyadh
RYD_000560,riyadh_places_kaggle,places_02274,place,Alkhafeef,Riyadh,Riyadh
RYD_000561,riyadh_places_kaggle,places_02949,place,Alkhafeef,Riyadh,Riyadh
RYD_000562,riyadh_places_kaggle,places_07259,place,Alkhafeef,Riyadh,Riyadh
RYD_000563,entertainment_kaggle,entertainment_00172,entertainment,Alkuzama,Riyadh,Riyadh
RYD_000564,entertainment_kaggle,entertainment_00191,entertainment,Alkuzama,Riyadh,Riyadh
RYD_000565,riyadh_places_kaggle,places_01718,place,All Sweets,Riyadh,Riyadh
RYD_000566,riyadh_places_kaggle,places_01756,place,All seasons gifts,Riyadh,Riyadh
RYD_000567,riyadh_places_kaggle,places_01576,place,Alliwan,Riyadh,Riyadh
RYD_000568,riyadh_places_kaggle,places_02258,place,Alliwan,Riyadh,Riyadh
RYD_000569,riyadh_places_kaggle,places_02290,place,Alliwan,Riyadh,Riyadh
RYD_000570,riyadh_places_kaggle,places_05515,place,Alliwan,Riyadh,Riyadh
RYD_000571,riyadh_places_kaggle,places_07135,place,Alliwan,Riyadh,Riyadh
RYD_000572,riyadh_places_kaggle,places_08119,place,Alliwan,Riyadh,Riyadh
RYD_000573,riyadh_places_kaggle,places_05032,place,Alloush Shawarma,Riyadh,Riyadh
RYD_000574,riyadh_places_kaggle,places_05607,place,Almadbut Lilmadghut,Riyadh,Riyadh
RYD_000575,riyadh_places_kaggle,places_01914,place,Almahrousa nights,Riyadh,Riyadh
RYD_000576,booking_kaggle,hotels_00617,hotel,Almakan Almosafer Hotel 106,Riyadh,Riyadh
RYD_000577,booking_kaggle,hotels_00583,hotel,Almakan Hotel 103,Riyadh,Riyadh
RYD_000578,booking_kaggle,hotels_00264,hotel,Almakan Hotel 105,Riyadh,Riyadh
RYD_000579,booking_kaggle,hotels_00685,hotel,Almakan Hotel 107,Riyadh,Riyadh
RYD_000580,booking_kaggle,hotels_00084,hotel,Almakan Hotel 108,Riyadh,Riyadh
RYD_000581,booking_kaggle,hotels_00615,hotel,Almakan Suites 102,Riyadh,Riyadh
RYD_000581,booking_kaggle,hotels_00616,hotel,Almakan Suites 101,Riyadh,Riyadh
RYD_000582,booking_kaggle,hotels_00597,hotel,Almakan Suites 111,Riyadh,Riyadh
RYD_000583,riyadh_places_kaggle,places_07317,place,Almakiya Corner Restaurants,Riyadh,Riyadh
RYD_000584,riyadh_places_kaggle,places_05769,place,Almalaz Restaurant,Riyadh,Riyadh
RYD_000585,riyadh_places_kaggle,places_06237,place,Almandi Albaladi,Riyadh,Riyadh
RYD_000586,riyadh_places_kaggle,places_08147,place,Almandi Albaladi,Riyadh,Riyadh
RYD_000587,riyadh_places_kaggle,places_08484,place,Almar Corner Restaurant,Riyadh,Riyadh
RYD_000588,booking_kaggle,hotels_00403,hotel,Almasem Luxury Hotel suite 6,Riyadh,Riyadh
RYD_000589,riyadh_places_kaggle,places_04115,place,Almathaq Alarabi,Riyadh,Riyadh
RYD_000590,riyadh_places_kaggle,places_05361,place,Almathaq Alarabi,Riyadh,Riyadh
RYD_000591,riyadh_places_kaggle,places_07383,place,Almathaq Alarabi,Riyadh,Riyadh
RYD_000592,riyadh_places_kaggle,places_08335,place,Almathaq Alarabi,Riyadh,Riyadh
RYD_000593,riyadh_places_kaggle,places_00700,place,Almayass,Riyadh,Riyadh
RYD_000594,riyadh_places_kaggle,places_04481,place,Almayidat Alkhalijia,Riyadh,Riyadh
RYD_000595,riyadh_places_kaggle,places_00454,place,Almeaawyah Restaurants of Mtluth,Riyadh,Riyadh
RYD_000596,riyadh_places_kaggle,places_06925,place,Almento Taste,Riyadh,Riyadh
RYD_000597,riyadh_places_kaggle,places_08454,place,Almha pasta,Riyadh,Riyadh
RYD_000597,riyadh_places_kaggle,places_08459,place,Janan south,Riyadh,Riyadh
RYD_000597,riyadh_places_kaggle,places_08463,place,Janan Pastas,Riyadh,Riyadh
RYD_000598,riyadh_places_kaggle,places_08170,place,Almuntadaa,Riyadh,Riyadh
RYD_000599,riyadh_places_kaggle,places_06659,place,Alneyaz Corner,Riyadh,Riyadh
RYD_000600,riyadh_places_kaggle,places_08005,place,Alneyaz Corner,Riyadh,Riyadh
RYD_000601,riyadh_places_kaggle,places_08506,place,Alo Shawarma,Riyadh,Riyadh
RYD_000602,booking_kaggle,hotels_00451,hotel,Aloft Riyadh Hotel,Riyadh,Riyadh
RYD_000603,riyadh_places_kaggle,places_06027,place,Alost,Riyadh,Riyadh
RYD_000604,riyadh_places_kaggle,places_06107,place,Alostool,Riyadh,Riyadh
RYD_000605,riyadh_places_kaggle,places_00207,place,Alqandil Althahabi,Riyadh,Riyadh
RYD_000606,riyadh_places_kaggle,places_02795,place,Alqandil Althahabi,Riyadh,Riyadh
RYD_000607,riyadh_places_kaggle,places_05385,place,Alqandil Althahabi,Riyadh,Riyadh
RYD_000608,riyadh_places_kaggle,places_07258,place,Alqandil Althahabi,Riyadh,Riyadh
RYD_000609,riyadh_places_kaggle,places_04013,place,Alrawaq Taste,Riyadh,Riyadh
RYD_000610,riyadh_places_kaggle,places_02066,place,Alreef Broasted,Riyadh,Riyadh
RYD_000610,riyadh_places_kaggle,places_02070,place,BACKET Burger,Riyadh,Riyadh
RYD_000610,riyadh_places_kaggle,places_02071,place,Backet Broast,Riyadh,Riyadh
RYD_000611,riyadh_places_kaggle,places_02767,place,Alreef Broasted,Riyadh,Riyadh
RYD_000612,riyadh_places_kaggle,places_07280,place,Alreef Broasted,Riyadh,Riyadh
RYD_000613,riyadh_places_kaggle,places_07851,place,Alreem Pizza,Riyadh,Riyadh
RYD_000614,riyadh_places_kaggle,places_08578,place,Alreem Sweet,Riyadh,Riyadh
RYD_000615,riyadh_places_kaggle,places_06511,place,Alref Alhamawee,Riyadh,Riyadh
RYD_000616,entertainment_kaggle,entertainment_00259,entertainment,Alsafat Square,Riyadh,Riyadh
RYD_000617,entertainment_kaggle,entertainment_00289,entertainment,Alsafat Square,Riyadh,Riyadh
RYD_000618,riyadh_places_kaggle,places_06449,place,Alsanah,Riyadh,Riyadh
RYD_000619,riyadh_places_kaggle,places_06832,place,Alsanah,Riyadh,Riyadh
RYD_000620,riyadh_places_kaggle,places_05225,place,Alsaraya,Riyadh,Riyadh
RYD_000621,riyadh_places_kaggle,places_04294,place,Alset,Riyadh,Riyadh
RYD_000622,riyadh_places_kaggle,places_05679,place,Alset,Riyadh,Riyadh
RYD_000623,riyadh_places_kaggle,places_08465,place,Alsham BBQ,Riyadh,Riyadh
RYD_000624,riyadh_places_kaggle,places_01381,place,Also cocoa,Riyadh,Riyadh
RYD_000625,riyadh_places_kaggle,places_04089,place,Also cocoa,Riyadh,Riyadh
RYD_000626,riyadh_places_kaggle,places_07378,place,Also cocoa,Riyadh,Riyadh
RYD_000627,riyadh_places_kaggle,places_04755,place,Alssammak,Riyadh,Riyadh
RYD_000628,riyadh_places_kaggle,places_00366,place,Altazaj,Riyadh,Riyadh
RYD_000629,riyadh_places_kaggle,places_02269,place,Althawaq restaurant,Riyadh,Riyadh
RYD_000630,riyadh_places_kaggle,places_07655,place,Althawaq restaurant,Riyadh,Riyadh
RYD_000631,riyadh_places_kaggle,places_08262,place,Altimsah restaurants,Riyadh,Riyadh
RYD_000632,riyadh_places_kaggle,places_01939,place,Alturath Albukhari,Riyadh,Riyadh
RYD_000633,riyadh_places_kaggle,places_03589,place,Alturath Albukhari,Riyadh,Riyadh
RYD_000634,riyadh_places_kaggle,places_03373,place,Alturuq Alafadil restaurant,Riyadh,Riyadh
RYD_000635,riyadh_places_kaggle,places_02132,place,Alwalayim,Riyadh,Riyadh
RYD_000636,riyadh_places_kaggle,places_03855,place,Alwaleemah Resaturants,Riyadh,Riyadh
RYD_000637,riyadh_places_kaggle,places_07668,place,Alwaleemah Resaturants,Riyadh,Riyadh
RYD_000638,riyadh_places_kaggle,places_08291,place,Alwan Albarka,Riyadh,Riyadh
RYD_000639,riyadh_places_kaggle,places_04427,place,Am Shaltat,Riyadh,Riyadh
RYD_000640,riyadh_places_kaggle,places_04608,place,Amaal cafe,Riyadh,Riyadh
RYD_000641,riyadh_places_kaggle,places_02544,place,Amalfi Bakery,Riyadh,Riyadh
RYD_000642,riyadh_places_kaggle,places_04735,place,Amalies,Riyadh,Riyadh
RYD_000643,riyadh_places_kaggle,places_08064,place,Amana Restaurant and juices,Riyadh,Riyadh
RYD_000644,riyadh_places_kaggle,places_01105,place,Amande,Riyadh,Riyadh
RYD_000645,riyadh_places_kaggle,places_02080,place,Amazonas 4U,Riyadh,Riyadh
RYD_000646,riyadh_places_kaggle,places_04648,place,Amazonas 4U,Riyadh,Riyadh
RYD_000647,riyadh_places_kaggle,places_00197,place,Amo Hamza,Riyadh,Riyadh
RYD_000648,riyadh_places_kaggle,places_01983,place,Amo Hamza,Riyadh,Riyadh
RYD_000649,riyadh_places_kaggle,places_02444,place,Amo Hamza,Riyadh,Riyadh
RYD_000650,riyadh_places_kaggle,places_02762,place,Amo Hamza,Riyadh,Riyadh
RYD_000651,riyadh_places_kaggle,places_03278,place,Amo Hamza,Riyadh,Riyadh
RYD_000652,riyadh_places_kaggle,places_06457,place,Amo Hamza,Riyadh,Riyadh
RYD_000653,riyadh_places_kaggle,places_07277,place,Amo Hamza,Riyadh,Riyadh
RYD_000654,riyadh_places_kaggle,places_00295,place,Amo Sabri,Riyadh,Riyadh
RYD_000655,riyadh_places_kaggle,places_07811,place,Amoola,Riyadh,Riyadh
RYD_000656,riyadh_places_kaggle,places_04441,place,Amores,Riyadh,Riyadh
RYD_000657,riyadh_places_kaggle,places_04485,place,Amorino,Riyadh,Riyadh
RYD_000658,riyadh_places_kaggle,places_06860,place,Amwaj,Riyadh,Riyadh
RYD_000659,riyadh_places_kaggle,places_07676,place,Amwaj,Riyadh,Riyadh
RYD_000660,riyadh_places_kaggle,places_05030,place,Amwaj Al Bilad,Riyadh,Riyadh
RYD_000661,riyadh_places_kaggle,places_06000,place,Ananasy,Riyadh,Riyadh
RYD_000662,riyadh_places_kaggle,places_04976,place,Anastna Abunar modern sweets,Riyadh,Riyadh
RYD_000663,riyadh_places_kaggle,places_00077,place,Anbar Al Sham,Riyadh,Riyadh
RYD_000664,riyadh_places_kaggle,places_06385,place,Angel coffee,Riyadh,Riyadh
RYD_000665,riyadh_places_kaggle,places_03464,place,Annab,Riyadh,Riyadh
RYD_000666,riyadh_places_kaggle,places_05390,place,Annab,Riyadh,Riyadh
RYD_000667,riyadh_places_kaggle,places_07412,place,Annab,Riyadh,Riyadh
RYD_000668,riyadh_places_kaggle,places_07953,place,Annab,Riyadh,Riyadh
RYD_000669,riyadh_places_kaggle,places_05764,place,Annar,Riyadh,Riyadh
RYD_000670,riyadh_places_kaggle,places_00623,place,Anoosh,Riyadh,Riyadh
RYD_000671,riyadh_places_kaggle,places_00911,place,Anoosh,Riyadh,Riyadh
RYD_000672,riyadh_places_kaggle,places_01346,place,Anoosh,Riyadh,Riyadh
RYD_000673,riyadh_places_kaggle,places_02216,place,Anoosh,Riyadh,Riyadh
RYD_000674,riyadh_places_kaggle,places_02340,place,Anoosh,Riyadh,Riyadh
RYD_000675,riyadh_places_kaggle,places_03068,place,Anoosh,Riyadh,Riyadh
RYD_000676,riyadh_places_kaggle,places_06435,place,Anoosh,Riyadh,Riyadh
RYD_000677,riyadh_places_kaggle,places_07126,place,Anoosh,Riyadh,Riyadh
RYD_000678,riyadh_places_kaggle,places_08368,place,Anoosh,Riyadh,Riyadh
RYD_000679,riyadh_places_kaggle,places_05199,place,Antico Pizzeria Neapoli specialty,Riyadh,Riyadh
RYD_000680,riyadh_places_kaggle,places_04065,place,Antifat,Riyadh,Riyadh
RYD_000681,riyadh_places_kaggle,places_05747,place,Anty Warda,Riyadh,Riyadh
RYD_000682,riyadh_places_kaggle,places_01605,place,Appelpaj,Riyadh,Riyadh
RYD_000683,riyadh_places_kaggle,places_02205,place,Appelpaj,Riyadh,Riyadh
RYD_000684,riyadh_places_kaggle,places_03293,place,Appelpaj,Riyadh,Riyadh
RYD_000685,riyadh_places_kaggle,places_03642,place,Appetite,Riyadh,Riyadh
RYD_000686,riyadh_places_kaggle,places_04188,place,Applebee's,Riyadh,Riyadh
RYD_000687,riyadh_places_kaggle,places_06784,place,Applebee's,Riyadh,Riyadh
RYD_000688,riyadh_places_kaggle,places_07255,place,Applebee's,Riyadh,Riyadh
RYD_000689,riyadh_places_kaggle,places_05275,place,Apricot and berry juices,Riyadh,Riyadh
RYD_000690,riyadh_places_kaggle,places_00333,place,Aqwom,Riyadh,Riyadh
RYD_000691,riyadh_places_kaggle,places_07058,place,Ar Chocolate,Riyadh,Riyadh
RYD_000692,riyadh_places_kaggle,places_05104,place,Arab Diwaniya,Riyadh,Riyadh
RYD_000693,riyadh_places_kaggle,places_06382,place,Arab Falafel,Riyadh,Riyadh
RYD_000694,riyadh_places_kaggle,places_00140,place,Arab Island breakfast,Riyadh,Riyadh
RYD_000695,riyadh_places_kaggle,places_00145,place,Arab Tajine,Riyadh,Riyadh
RYD_000696,riyadh_places_kaggle,places_00141,place,Arabia Island traditional food,Riyadh,Riyadh
RYD_000697,riyadh_places_kaggle,places_06384,place,Arabiano,Riyadh,Riyadh
RYD_000698,riyadh_places_kaggle,places_05400,place,Arabic Corner For Sweets,Riyadh,Riyadh
RYD_000699,riyadh_places_kaggle,places_08266,place,Arabic Corner For Sweets,Riyadh,Riyadh
RYD_000700,riyadh_places_kaggle,places_07066,place,Arabic dates sweets,Riyadh,Riyadh
RYD_000701,riyadh_places_kaggle,places_02190,place,Arabica Cafe,Riyadh,Riyadh
RYD_000702,riyadh_places_kaggle,places_03061,place,Arabica Cafe,Riyadh,Riyadh
RYD_000703,riyadh_places_kaggle,places_06897,place,Arabica Cafe,Riyadh,Riyadh
RYD_000704,riyadh_places_kaggle,places_07518,place,Arabica Cafe,Riyadh,Riyadh
RYD_000705,riyadh_places_kaggle,places_07919,place,Arabica Cafe,Riyadh,Riyadh
RYD_000706,riyadh_places_kaggle,places_08057,place,Arabica Cafe,Riyadh,Riyadh
RYD_000707,riyadh_places_kaggle,places_01307,place,Arabica Star Cafe,Riyadh,Riyadh
RYD_000708,riyadh_places_kaggle,places_03362,place,Arabica Star Cafe,Riyadh,Riyadh
RYD_000709,riyadh_places_kaggle,places_07124,place,Arabica Star Cafe,Riyadh,Riyadh
RYD_000710,riyadh_places_kaggle,places_08144,place,Arabica Star Cafe,Riyadh,Riyadh
RYD_000711,riyadh_places_kaggle,places_01779,place,Arabica star,Riyadh,Riyadh
RYD_000712,riyadh_places_kaggle,places_03243,place,Arabica star,Riyadh,Riyadh
RYD_000713,riyadh_places_kaggle,places_05718,place,Arabica star,Riyadh,Riyadh
RYD_000714,riyadh_places_kaggle,places_06951,place,Arabica star,Riyadh,Riyadh
RYD_000715,riyadh_places_kaggle,places_08703,place,Arabica star,Riyadh,Riyadh
RYD_000716,riyadh_places_kaggle,places_01023,place,Arawla Juices,Riyadh,Riyadh
RYD_000717,riyadh_places_kaggle,places_01501,place,Arby's,Riyadh,Riyadh
RYD_000718,riyadh_places_kaggle,places_02597,place,Arby's,Riyadh,Riyadh
RYD_000719,riyadh_places_kaggle,places_07617,place,Arby's,Riyadh,Riyadh
RYD_000720,riyadh_places_kaggle,places_05142,place,Arc cafe,Riyadh,Riyadh
RYD_000721,riyadh_places_kaggle,places_00471,place,Archi‏‏,Riyadh,Riyadh
RYD_000722,riyadh_places_kaggle,places_01309,place,Archi‏‏,Riyadh,Riyadh
RYD_000723,riyadh_places_kaggle,places_03265,place,Archi‏‏,Riyadh,Riyadh
RYD_000724,riyadh_places_kaggle,places_02928,place,Arco,Riyadh,Riyadh
RYD_000725,riyadh_places_kaggle,places_03632,place,Ard Al Hamam,Riyadh,Riyadh
RYD_000726,riyadh_places_kaggle,places_07698,place,Ard Al Hamam,Riyadh,Riyadh
RYD_000727,riyadh_places_kaggle,places_04055,place,Areez Restaurants,Riyadh,Riyadh
RYD_000728,riyadh_places_kaggle,places_07814,place,Areika Alchef,Riyadh,Riyadh
RYD_000729,riyadh_places_kaggle,places_08811,place,Areka pie,Riyadh,Riyadh
RYD_000730,riyadh_places_kaggle,places_08635,place,Arekah Altayibin,Riyadh,Riyadh
RYD_000731,riyadh_places_kaggle,places_05432,place,Arena,Riyadh,Riyadh
RYD_000732,riyadh_places_kaggle,places_02678,place,Arena Sweets,Riyadh,Riyadh
RYD_000732,riyadh_places_kaggle,places_02684,place,Flavonoid Sweets,Riyadh,Riyadh
RYD_000732,riyadh_places_kaggle,places_02723,place,Different sweet,Riyadh,Riyadh
RYD_000732,riyadh_places_kaggle,places_02933,place,Mass Sweets,Riyadh,Riyadh
RYD_000733,riyadh_places_kaggle,places_03650,place,Arepa bakery,Riyadh,Riyadh
RYD_000734,riyadh_places_kaggle,places_03820,place,Arepas Bites,Riyadh,Riyadh
RYD_000735,riyadh_places_kaggle,places_03766,place,Aresha Aorak enb,Riyadh,Riyadh
RYD_000736,riyadh_places_kaggle,places_06406,place,Aresha Aorak enb,Riyadh,Riyadh
RYD_000737,riyadh_places_kaggle,places_07127,place,Aresha Aorak enb,Riyadh,Riyadh
RYD_000738,riyadh_places_kaggle,places_02679,place,Arflon,Riyadh,Riyadh
RYD_000739,riyadh_places_kaggle,places_05423,place,Arflon,Riyadh,Riyadh
RYD_000740,riyadh_places_kaggle,places_08787,place,Arflon,Riyadh,Riyadh
RYD_000741,riyadh_places_kaggle,places_08213,place,Arif Sevan,Riyadh,Riyadh
RYD_000742,riyadh_places_kaggle,places_04472,place,Arjwan,Riyadh,Riyadh
RYD_000743,riyadh_places_kaggle,places_06254,place,Ark Coffe,Riyadh,Riyadh
RYD_000744,riyadh_places_kaggle,places_07991,place,Arkan Café,Riyadh,Riyadh
RYD_000745,riyadh_places_kaggle,places_03684,place,Arlo Chocolatier,Riyadh,Riyadh
RYD_000746,riyadh_places_kaggle,places_04416,place,Armin,Riyadh,Riyadh
RYD_000747,riyadh_places_kaggle,places_05387,place,Armin,Riyadh,Riyadh
RYD_000748,riyadh_places_kaggle,places_04273,place,Arnies Sliders,Riyadh,Riyadh
RYD_000749,riyadh_places_kaggle,places_05966,place,Aroosat Falafel,Riyadh,Riyadh
RYD_000750,riyadh_places_kaggle,places_06597,place,Arsh alhalaa,Riyadh,Riyadh
RYD_000751,riyadh_places_kaggle,places_04218,place,Art of Logimat,Riyadh,Riyadh
RYD_000752,riyadh_places_kaggle,places_01721,place,Art of wok,Riyadh,Riyadh
RYD_000753,riyadh_places_kaggle,places_02005,place,Art of wok,Riyadh,Riyadh
RYD_000754,riyadh_places_kaggle,places_03946,place,Arta “Specialty Coffee”,Riyadh,Riyadh
RYD_000755,riyadh_places_kaggle,places_05989,place,Artebz,Riyadh,Riyadh
RYD_000756,riyadh_places_kaggle,places_03138,place,Artisan Bekary,Riyadh,Riyadh
RYD_000757,riyadh_places_kaggle,places_03641,place,Arto Cafe,Riyadh,Riyadh
RYD_000758,riyadh_places_kaggle,places_07096,place,Arto Cafe,Riyadh,Riyadh
RYD_000759,riyadh_places_kaggle,places_02454,place,Arumense Pizza,Riyadh,Riyadh
RYD_000760,riyadh_places_kaggle,places_06238,place,Arwa 50 Fakehah,Riyadh,Riyadh
RYD_000761,riyadh_places_kaggle,places_04180,place,Arwana Artisan Bakehouse,Riyadh,Riyadh
RYD_000762,riyadh_places_kaggle,places_06930,place,Asal Almadhaq Alhalabi,Riyadh,Riyadh
RYD_000763,riyadh_places_kaggle,places_07514,place,Asalat Alsham,Riyadh,Riyadh
RYD_000764,riyadh_places_kaggle,places_05536,place,Asalt Alporj,Riyadh,Riyadh
RYD_000765,riyadh_places_kaggle,places_01731,place,Asalt Coffee Alshiukh,Riyadh,Riyadh
RYD_000766,booking_kaggle,hotels_00231,hotel,Ascott Rafal Olaya Riyadh,Riyadh,Riyadh
RYD_000767,riyadh_places_kaggle,places_03802,place,Aseeb Restaurant,Riyadh,Riyadh
RYD_000768,riyadh_places_kaggle,places_05844,place,Aseeb tea,Riyadh,Riyadh
RYD_000769,riyadh_places_kaggle,places_03350,place,Aseel Nabulsieh Kunafa,Riyadh,Riyadh
RYD_000770,riyadh_places_kaggle,places_07226,place,Aseel Nabulsieh Kunafa,Riyadh,Riyadh
RYD_000771,riyadh_places_kaggle,places_08293,place,Aseel Nabulsieh Kunafa,Riyadh,Riyadh
RYD_000772,riyadh_places_kaggle,places_03409,place,Aseer time,Riyadh,Riyadh
RYD_000773,riyadh_places_kaggle,places_05532,place,Aseer time,Riyadh,Riyadh
RYD_000774,riyadh_places_kaggle,places_06913,place,Aseer time,Riyadh,Riyadh
RYD_000775,riyadh_places_kaggle,places_07460,place,Aseer time,Riyadh,Riyadh
RYD_000776,riyadh_places_kaggle,places_08348,place,Aseer time,Riyadh,Riyadh
RYD_000777,riyadh_places_kaggle,places_08684,place,Aseer time,Riyadh,Riyadh
RYD_000778,riyadh_places_kaggle,places_02297,place,Asha kunafa,Riyadh,Riyadh
RYD_000779,riyadh_places_kaggle,places_06378,place,Ashal,Riyadh,Riyadh
RYD_000780,riyadh_places_kaggle,places_05503,place,Ashbiz,Riyadh,Riyadh
RYD_000781,riyadh_places_kaggle,places_07080,place,Ashhaa Falafil Alshaam,Riyadh,Riyadh
RYD_000782,riyadh_places_kaggle,places_03250,place,Ashjar Cafe,Riyadh,Riyadh
RYD_000783,riyadh_places_kaggle,places_03254,place,Ashjar Gifts,Riyadh,Riyadh
RYD_000784,riyadh_places_kaggle,places_06309,place,Ashkal Cafe And Diwaniyah,Riyadh,Riyadh
RYD_000785,riyadh_places_kaggle,places_06050,place,Asian,Riyadh,Riyadh
RYD_000786,riyadh_places_kaggle,places_04323,place,Asian Hub,Riyadh,Riyadh
RYD_000787,riyadh_places_kaggle,places_00069,place,Asian Taste,Riyadh,Riyadh
RYD_000788,riyadh_places_kaggle,places_03559,place,Asilah Shawarma,Riyadh,Riyadh
RYD_000789,riyadh_places_kaggle,places_06495,place,Asilah Shawarma,Riyadh,Riyadh
RYD_000790,riyadh_places_kaggle,places_04868,place,Asl Al Fataer,Riyadh,Riyadh
RYD_000791,riyadh_places_kaggle,places_04968,place,Asl Al Fatirh Al Demeshqiah,Riyadh,Riyadh
RYD_000792,riyadh_places_kaggle,places_08098,place,Asryat,Riyadh,Riyadh
RYD_000793,riyadh_places_kaggle,places_08099,place,Asseela,Riyadh,Riyadh
RYD_000794,riyadh_places_kaggle,places_04914,place,Atayeb Latin Luqaimat,Riyadh,Riyadh
RYD_000795,riyadh_places_kaggle,places_07092,place,Atayeb Neama Restaurant,Riyadh,Riyadh
RYD_000796,riyadh_places_kaggle,places_05283,place,Atheer Al Bahr Seafood Restaurant,Riyadh,Riyadh
RYD_000797,riyadh_places_kaggle,places_07952,place,Atlal Al Rafdeen,Riyadh,Riyadh
RYD_000798,riyadh_places_kaggle,places_04402,place,Atyaf Garden,Riyadh,Riyadh
RYD_000799,booking_kaggle,hotels_00374,hotel,Auris Al Fanar Apartments,Riyadh,Riyadh
RYD_000800,riyadh_places_kaggle,places_01727,place,Aurora Healthy Food,Riyadh,Riyadh
RYD_000801,riyadh_places_kaggle,places_01630,place,Autumn Flower,Riyadh,Riyadh
RYD_000802,booking_kaggle,hotels_00869,hotel,Avene For Furnished Residential Units,Ad Dawādimī,Riyadh
RYD_000803,riyadh_places_kaggle,places_03481,place,Avocado Juices Recipe,Riyadh,Riyadh
RYD_000804,riyadh_places_kaggle,places_05739,place,Avocado Juices Recipe,Riyadh,Riyadh
RYD_000805,riyadh_places_kaggle,places_08128,place,Avocado Juices Recipe,Riyadh,Riyadh
RYD_000806,riyadh_places_kaggle,places_02155,place,Avon Cake,Riyadh,Riyadh
RYD_000807,riyadh_places_kaggle,places_03630,place,Avon Cake,Riyadh,Riyadh
RYD_000808,riyadh_places_kaggle,places_07306,place,Avon Cake,Riyadh,Riyadh
RYD_000809,riyadh_places_kaggle,places_08694,place,Awafi,Riyadh,Riyadh
RYD_000810,riyadh_places_kaggle,places_00147,place,Awal foal,Riyadh,Riyadh
RYD_000811,riyadh_places_kaggle,places_03791,place,Awani,Riyadh,Riyadh
RYD_000812,riyadh_places_kaggle,places_06790,place,Awani,Riyadh,Riyadh
RYD_000813,riyadh_places_kaggle,places_04016,place,Awka Delicious Pizza,Riyadh,Riyadh
RYD_000814,riyadh_places_kaggle,places_05176,place,Awraq Enab,Riyadh,Riyadh
RYD_000815,riyadh_places_kaggle,places_06625,place,Awraq Enab,Riyadh,Riyadh
RYD_000816,riyadh_places_kaggle,places_07693,place,Awraq Enab,Riyadh,Riyadh
RYD_000817,riyadh_places_kaggle,places_01681,place,Awshal,Riyadh,Riyadh
RYD_000818,riyadh_places_kaggle,places_03251,place,Awtar Alshay,Riyadh,Riyadh
RYD_000819,riyadh_places_kaggle,places_07459,place,Ayam Darb Alzalag,Riyadh,Riyadh
RYD_000820,riyadh_places_kaggle,places_02964,place,Ayla's choice,Riyadh,Riyadh
RYD_000821,riyadh_places_kaggle,places_04126,place,Ayti Nayt,Riyadh,Riyadh
RYD_000822,riyadh_places_kaggle,places_05799,place,Ayti Nayt,Riyadh,Riyadh
RYD_000823,riyadh_places_kaggle,places_01500,place,Azaal,Riyadh,Riyadh
RYD_000824,riyadh_places_kaggle,places_05325,place,Azaal,Riyadh,Riyadh
RYD_000825,riyadh_places_kaggle,places_07122,place,Azaal,Riyadh,Riyadh
RYD_000826,riyadh_places_kaggle,places_04349,place,Azain Hauz,Riyadh,Riyadh
RYD_000827,riyadh_places_kaggle,places_07091,place,Azeez alburger,Riyadh,Riyadh
RYD_000828,riyadh_places_kaggle,places_04226,place,Azez steak,Riyadh,Riyadh
RYD_000829,riyadh_places_kaggle,places_03942,place,Azhar,Riyadh,Riyadh
RYD_000830,riyadh_places_kaggle,places_01089,place,Azhar habiba,Riyadh,Riyadh
RYD_000831,riyadh_places_kaggle,places_04321,place,Azma indian restaurant,Riyadh,Riyadh
RYD_000832,riyadh_places_kaggle,places_05160,place,Azul Sushi,Riyadh,Riyadh
RYD_000833,riyadh_places_kaggle,places_06288,place,Azzun,Riyadh,Riyadh
RYD_000834,riyadh_places_kaggle,places_05952,place,B Cafe,Riyadh,Riyadh
RYD_000835,riyadh_places_kaggle,places_05049,place,B L U Burger,Riyadh,Riyadh
RYD_000836,riyadh_places_kaggle,places_04239,place,B chicken,Riyadh,Riyadh
RYD_000837,riyadh_places_kaggle,places_03755,place,B-Station,Riyadh,Riyadh
RYD_000838,riyadh_places_kaggle,places_03144,place,B. Beirut,Riyadh,Riyadh
RYD_000839,riyadh_places_kaggle,places_01762,place,B1 Grilled Burger,Riyadh,Riyadh
RYD_000840,riyadh_places_kaggle,places_01936,place,B1 Grilled Burger,Riyadh,Riyadh
RYD_000841,riyadh_places_kaggle,places_07189,place,B1 Grilled Burger,Riyadh,Riyadh
RYD_000842,riyadh_places_kaggle,places_08258,place,B1 Grilled Burger,Riyadh,Riyadh
RYD_000843,riyadh_places_kaggle,places_01682,place,BABSIL breakfast,Riyadh,Riyadh
RYD_000844,riyadh_places_kaggle,places_06459,place,BABSIL breakfast,Riyadh,Riyadh
RYD_000845,riyadh_places_kaggle,places_08349,place,BAHR SHAMIAT,Riyadh,Riyadh
RYD_000846,riyadh_places_kaggle,places_03271,place,BAIT AL KATAKIT,Riyadh,Riyadh
RYD_000847,riyadh_places_kaggle,places_05713,place,BAIT AL KATAKIT,Riyadh,Riyadh
RYD_000848,riyadh_places_kaggle,places_06538,place,BAIT AL KATAKIT,Riyadh,Riyadh
RYD_000849,riyadh_places_kaggle,places_07461,place,BAIT AL KATAKIT,Riyadh,Riyadh
RYD_000850,riyadh_places_kaggle,places_08240,place,BAIT AL KATAKIT,Riyadh,Riyadh
RYD_000851,riyadh_places_kaggle,places_08831,place,BAIT AL KATAKIT,Riyadh,Riyadh
RYD_000852,riyadh_places_kaggle,places_03027,place,BAKE HOUSE,Riyadh,Riyadh
RYD_000853,riyadh_places_kaggle,places_05570,place,BAKE HOUSE,Riyadh,Riyadh
RYD_000854,riyadh_places_kaggle,places_08214,place,BAKE HOUSE,Riyadh,Riyadh
RYD_000855,riyadh_places_kaggle,places_04565,place,BAKED AND MORE,Riyadh,Riyadh
RYD_000856,riyadh_places_kaggle,places_03514,place,BAKERIQUE,Riyadh,Riyadh
RYD_000857,riyadh_places_kaggle,places_01407,place,BAKS,Riyadh,Riyadh
RYD_000858,riyadh_places_kaggle,places_00015,place,BANA,Riyadh,Riyadh
RYD_000859,riyadh_places_kaggle,places_01340,place,BARAKA,Riyadh,Riyadh
RYD_000860,riyadh_places_kaggle,places_08153,place,BARKIF,Riyadh,Riyadh
RYD_000861,riyadh_places_kaggle,places_03799,place,BARRRID,Riyadh,Riyadh
RYD_000862,booking_kaggle,hotels_00552,hotel,BATHA,Riyadh,Riyadh
RYD_000863,riyadh_places_kaggle,places_03595,place,BAYT AL KEIMARIEH RESTAURANT,Riyadh,Riyadh
RYD_000864,riyadh_places_kaggle,places_05144,place,BBQ Askander,Riyadh,Riyadh
RYD_000865,riyadh_places_kaggle,places_03188,place,BE HEALTHY,Riyadh,Riyadh
RYD_000866,riyadh_places_kaggle,places_03197,place,BEAT,Riyadh,Riyadh
RYD_000867,riyadh_places_kaggle,places_05572,place,BEAT,Riyadh,Riyadh
RYD_000868,riyadh_places_kaggle,places_01403,place,BEIKA,Riyadh,Riyadh
RYD_000869,riyadh_places_kaggle,places_03445,place,BELLBIRD‏‏,Riyadh,Riyadh
RYD_000870,riyadh_places_kaggle,places_01789,place,BELONG,Riyadh,Riyadh
RYD_000871,riyadh_places_kaggle,places_04851,place,BERRY SEASON JUICES,Riyadh,Riyadh
RYD_000872,riyadh_places_kaggle,places_07534,place,BERRY SEASON JUICES,Riyadh,Riyadh
RYD_000873,riyadh_places_kaggle,places_04286,place,BET Burger,Riyadh,Riyadh
RYD_000874,riyadh_places_kaggle,places_00455,place,BID EUYUN,Riyadh,Riyadh
RYD_000875,riyadh_places_kaggle,places_00746,place,BID EUYUN,Riyadh,Riyadh
RYD_000876,riyadh_places_kaggle,places_05088,place,BIG BEE FAST FOOD,Riyadh,Riyadh
RYD_000877,riyadh_places_kaggle,places_01694,place,BIN SHRIMP,Riyadh,Riyadh
RYD_000878,riyadh_places_kaggle,places_01847,place,BIN SHRIMP,Riyadh,Riyadh
RYD_000879,riyadh_places_kaggle,places_02184,place,BIN SHRIMP,Riyadh,Riyadh
RYD_000880,riyadh_places_kaggle,places_02980,place,BIN SHRIMP,Riyadh,Riyadh
RYD_000880,riyadh_places_kaggle,places_02983,place,Dr. Shrimp,Riyadh,Riyadh
RYD_000881,riyadh_places_kaggle,places_07249,place,BIN SHRIMP,Riyadh,Riyadh
RYD_000882,riyadh_places_kaggle,places_03671,place,BIOX Bakery,Riyadh,Riyadh
RYD_000883,riyadh_places_kaggle,places_08248,place,BIRZ,Riyadh,Riyadh
RYD_000884,riyadh_places_kaggle,places_04729,place,BISTRO,Riyadh,Riyadh
RYD_000885,riyadh_places_kaggle,places_00446,place,BIue Beach,Riyadh,Riyadh
RYD_000886,riyadh_places_kaggle,places_00893,place,BLABAN,Riyadh,Riyadh
RYD_000887,riyadh_places_kaggle,places_04437,place,BLABAN,Riyadh,Riyadh
RYD_000888,riyadh_places_kaggle,places_07509,place,BLABAN,Riyadh,Riyadh
RYD_000889,riyadh_places_kaggle,places_07887,place,BLABAN,Riyadh,Riyadh
RYD_000890,riyadh_places_kaggle,places_05886,place,BLACK WOLF,Riyadh,Riyadh
RYD_000891,riyadh_places_kaggle,places_01240,place,BLANCA,Riyadh,Riyadh
RYD_000892,riyadh_places_kaggle,places_05949,place,BLOG Coffee,Riyadh,Riyadh
RYD_000893,riyadh_places_kaggle,places_07573,place,BLOG Coffee,Riyadh,Riyadh
RYD_000894,riyadh_places_kaggle,places_03143,place,BLUE STAR,Riyadh,Riyadh
RYD_000895,riyadh_places_kaggle,places_06287,place,BN cafe,Riyadh,Riyadh
RYD_000896,riyadh_places_kaggle,places_00982,place,BO KEES,Riyadh,Riyadh
RYD_000897,riyadh_places_kaggle,places_02916,place,BO KEES,Riyadh,Riyadh
RYD_000898,riyadh_places_kaggle,places_03040,place,BOFEYA 90,Riyadh,Riyadh
RYD_000899,riyadh_places_kaggle,places_06066,place,BOMBASTIC,Riyadh,Riyadh
RYD_000900,riyadh_places_kaggle,places_02819,place,BONHEUR,Riyadh,Riyadh
RYD_000901,riyadh_places_kaggle,places_04593,place,BOREK KAHVE &amp; RESTO,Riyadh,Riyadh
RYD_000902,riyadh_places_kaggle,places_02748,place,BOWTIE,Riyadh,Riyadh
RYD_000903,riyadh_places_kaggle,places_05523,place,BOWTIE,Riyadh,Riyadh
RYD_000904,riyadh_places_kaggle,places_01496,place,BQ,Riyadh,Riyadh
RYD_000905,riyadh_places_kaggle,places_04761,place,BRANDO SHAWARMA,Riyadh,Riyadh
RYD_000906,riyadh_places_kaggle,places_01336,place,BREAKFAST EXPEDITION,Riyadh,Riyadh
RYD_000907,riyadh_places_kaggle,places_03023,place,BREST,Riyadh,Riyadh
RYD_000908,riyadh_places_kaggle,places_07640,place,BREST,Riyadh,Riyadh
RYD_000909,riyadh_places_kaggle,places_02613,place,BREW92,Riyadh,Riyadh
RYD_000910,riyadh_places_kaggle,places_04363,place,BRNX,Riyadh,Riyadh
RYD_000911,riyadh_places_kaggle,places_02778,place,BUKHARI MALAK,Riyadh,Riyadh
RYD_000912,riyadh_places_kaggle,places_06688,place,BUKHARI MQAMMAR,Riyadh,Riyadh
RYD_000913,riyadh_places_kaggle,places_07484,place,BUKHARI MQAMMAR,Riyadh,Riyadh
RYD_000914,riyadh_places_kaggle,places_00394,place,BUKHARY CORNER RESTAURANT,Riyadh,Riyadh
RYD_000915,riyadh_places_kaggle,places_00972,place,BUNDT BAKERY,Riyadh,Riyadh
RYD_000916,riyadh_places_kaggle,places_02650,place,BUNDT BAKERY,Riyadh,Riyadh
RYD_000917,riyadh_places_kaggle,places_07522,place,BUNDT BAKERY,Riyadh,Riyadh
RYD_000918,riyadh_places_kaggle,places_08027,place,BUNDT BAKERY,Riyadh,Riyadh
RYD_000919,riyadh_places_kaggle,places_01286,place,BUNWICH,Riyadh,Riyadh
RYD_000920,riyadh_places_kaggle,places_07754,place,BURGER DN,Riyadh,Riyadh
RYD_000921,riyadh_places_kaggle,places_04528,place,BURGER MANHATTAN,Riyadh,Riyadh
RYD_000922,riyadh_places_kaggle,places_06574,place,BURGER PASHA,Riyadh,Riyadh
RYD_000923,riyadh_places_kaggle,places_00124,place,BURGER R,Riyadh,Riyadh
RYD_000924,riyadh_places_kaggle,places_00212,place,BURGEREGO,Riyadh,Riyadh
RYD_000925,riyadh_places_kaggle,places_01408,place,BURGEREGO,Riyadh,Riyadh
RYD_000925,riyadh_places_kaggle,places_01409,place,GEZER BURGER,Riyadh,Riyadh
RYD_000926,riyadh_places_kaggle,places_03813,place,BURGEREGO,Riyadh,Riyadh
RYD_000927,riyadh_places_kaggle,places_08378,place,BURGEREGO,Riyadh,Riyadh
RYD_000927,riyadh_places_kaggle,places_08379,place,GEZER BURGER,Riyadh,Riyadh
RYD_000928,riyadh_places_kaggle,places_03447,place,BURGERINA,Riyadh,Riyadh
RYD_000929,riyadh_places_kaggle,places_07701,place,BURGERINA,Riyadh,Riyadh
RYD_000930,riyadh_places_kaggle,places_08070,place,BURGERINA,Riyadh,Riyadh
RYD_000931,riyadh_places_kaggle,places_05103,place,BURGERS LDN,Riyadh,Riyadh
RYD_000932,riyadh_places_kaggle,places_04351,place,BURGERTTO,Riyadh,Riyadh
RYD_000933,riyadh_places_kaggle,places_03125,place,BURJ LULU RESTURANT,Riyadh,Riyadh
RYD_000934,riyadh_places_kaggle,places_07030,place,BUSU,Riyadh,Riyadh
RYD_000935,riyadh_places_kaggle,places_01761,place,BVB Black Velvet Burger,Riyadh,Riyadh
RYD_000936,riyadh_places_kaggle,places_06844,place,BVB Black Velvet Burger,Riyadh,Riyadh
RYD_000937,riyadh_places_kaggle,places_07186,place,BVB Black Velvet Burger,Riyadh,Riyadh
RYD_000938,riyadh_places_kaggle,places_08257,place,BVB Black Velvet Burger,Riyadh,Riyadh
RYD_000939,riyadh_places_kaggle,places_02081,place,BWL SALAD,Riyadh,Riyadh
RYD_000940,riyadh_places_kaggle,places_01101,place,Baalbek Restaurant,Riyadh,Riyadh
RYD_000941,riyadh_places_kaggle,places_00586,place,Baan Thai,Riyadh,Riyadh
RYD_000942,riyadh_places_kaggle,places_07957,place,Bab Al-Saad,Riyadh,Riyadh
RYD_000943,riyadh_places_kaggle,places_06721,place,Bab Alreem Restaurant,Riyadh,Riyadh
RYD_000944,riyadh_places_kaggle,places_01447,place,Bab Bw Khawkha,Riyadh,Riyadh
RYD_000945,riyadh_places_kaggle,places_01234,place,Bab Mashwi,Riyadh,Riyadh
RYD_000946,riyadh_places_kaggle,places_03770,place,Bab Mashwi,Riyadh,Riyadh
RYD_000947,riyadh_places_kaggle,places_00182,place,Bab Sharqi,Riyadh,Riyadh
RYD_000948,riyadh_places_kaggle,places_02728,place,Bab Sharqi,Riyadh,Riyadh
RYD_000949,riyadh_places_kaggle,places_05367,place,Bab Sharqi,Riyadh,Riyadh
RYD_000950,riyadh_places_kaggle,places_06446,place,Bab Sharqi,Riyadh,Riyadh
RYD_000951,riyadh_places_kaggle,places_07373,place,Bab Sharqi,Riyadh,Riyadh
RYD_000952,riyadh_places_kaggle,places_08750,place,Bab Sharqi,Riyadh,Riyadh
RYD_000953,riyadh_places_kaggle,places_00032,place,Bab Sharqi Coffee,Riyadh,Riyadh
RYD_000954,riyadh_places_kaggle,places_04134,place,Bab Sharqi Restaurant,Riyadh,Riyadh
RYD_000955,riyadh_places_kaggle,places_04799,place,Bab Sreja,Riyadh,Riyadh
RYD_000956,riyadh_places_kaggle,places_00108,place,Bab Tuma,Riyadh,Riyadh
RYD_000957,riyadh_places_kaggle,places_05565,place,Bab Tuma,Riyadh,Riyadh
RYD_000957,riyadh_places_kaggle,places_05566,place,Bab Touma Grill,Riyadh,Riyadh
RYD_000958,riyadh_places_kaggle,places_07529,place,Bab Tuma,Riyadh,Riyadh
RYD_000959,riyadh_places_kaggle,places_05965,place,Baba Khabbaz,Riyadh,Riyadh
RYD_000960,riyadh_places_kaggle,places_02966,place,Baba Saleem,Riyadh,Riyadh
RYD_000961,riyadh_places_kaggle,places_02362,place,Baba Sultan pizza and pies,Riyadh,Riyadh
RYD_000962,riyadh_places_kaggle,places_08230,place,Baba Sultan pizza and pies,Riyadh,Riyadh
RYD_000963,riyadh_places_kaggle,places_04620,place,Baba chow,Riyadh,Riyadh
RYD_000964,riyadh_places_kaggle,places_04538,place,Babel Iraqi Restaurants,Riyadh,Riyadh
RYD_000965,riyadh_places_kaggle,places_03646,place,Babkia bakery,Riyadh,Riyadh
RYD_000966,riyadh_places_kaggle,places_06115,place,Babsail,Riyadh,Riyadh
RYD_000967,riyadh_places_kaggle,places_08078,place,Babsail,Riyadh,Riyadh
RYD_000968,riyadh_places_kaggle,places_01684,place,Babsail for Foul,Riyadh,Riyadh
RYD_000969,riyadh_places_kaggle,places_06461,place,Babsail for Foul,Riyadh,Riyadh
RYD_000970,riyadh_places_kaggle,places_03504,place,Babu town,Riyadh,Riyadh
RYD_000971,riyadh_places_kaggle,places_04446,place,Babulal,Riyadh,Riyadh
RYD_000972,riyadh_places_kaggle,places_02749,place,Baby bans,Riyadh,Riyadh
RYD_000973,riyadh_places_kaggle,places_03829,place,Baby bans,Riyadh,Riyadh
RYD_000974,riyadh_places_kaggle,places_01581,place,Backet Broast,Riyadh,Riyadh
RYD_000974,riyadh_places_kaggle,places_01582,place,BACKET Burger,Riyadh,Riyadh
RYD_000975,riyadh_places_kaggle,places_03832,place,Baco,Riyadh,Riyadh
RYD_000976,riyadh_places_kaggle,places_05624,place,Baco,Riyadh,Riyadh
RYD_000977,riyadh_places_kaggle,places_02220,place,Bad Boy Burger,Riyadh,Riyadh
RYD_000978,riyadh_places_kaggle,places_04800,place,Bad Boy Burger,Riyadh,Riyadh
RYD_000979,riyadh_places_kaggle,places_00617,place,Badia Al Sharq,Riyadh,Riyadh
RYD_000980,riyadh_places_kaggle,places_07932,place,Badia zamarrud Restaurant,Riyadh,Riyadh
RYD_000981,riyadh_places_kaggle,places_04824,place,Badr Al Bukhari,Riyadh,Riyadh
RYD_000982,riyadh_places_kaggle,places_05158,place,Badr Al Mishal fast food buffet,Riyadh,Riyadh
RYD_000983,riyadh_places_kaggle,places_00734,place,Bagel &amp; Co,Riyadh,Riyadh
RYD_000983,riyadh_places_kaggle,places_00745,place,Avo &amp;Co,Riyadh,Riyadh
RYD_000984,riyadh_places_kaggle,places_03859,place,Bagel &amp; Co,Riyadh,Riyadh
RYD_000984,riyadh_places_kaggle,places_03869,place,Avo &amp;Co,Riyadh,Riyadh
RYD_000985,riyadh_places_kaggle,places_01091,place,Bagel Brothers,Riyadh,Riyadh
RYD_000986,riyadh_places_kaggle,places_06544,place,Bagel Brothers,Riyadh,Riyadh
RYD_000987,riyadh_places_kaggle,places_00919,place,Bagelato,Riyadh,Riyadh
RYD_000988,riyadh_places_kaggle,places_06543,place,Bagelato,Riyadh,Riyadh
RYD_000989,riyadh_places_kaggle,places_07702,place,Bagelato,Riyadh,Riyadh
RYD_000990,riyadh_places_kaggle,places_00926,place,Baggio,Riyadh,Riyadh
RYD_000991,riyadh_places_kaggle,places_06806,place,Baggio,Riyadh,Riyadh
RYD_000992,riyadh_places_kaggle,places_04409,place,Baghsh burger,Riyadh,Riyadh
RYD_000993,riyadh_places_kaggle,places_08007,place,Baharna lilmakulat albahria,Riyadh,Riyadh
RYD_000994,riyadh_places_kaggle,places_07762,place,Bahr alhijaz,Riyadh,Riyadh
RYD_000995,riyadh_places_kaggle,places_06215,place,Bahr symbol sweets,Riyadh,Riyadh
RYD_000996,riyadh_places_kaggle,places_08242,place,Bahrya,Riyadh,Riyadh
RYD_000997,riyadh_places_kaggle,places_06629,place,Bait Akbar,Riyadh,Riyadh
RYD_000998,riyadh_places_kaggle,places_03945,place,Bait Al Furouj,Riyadh,Riyadh
RYD_000999,riyadh_places_kaggle,places_04556,place,Bait Al Haneeth,Riyadh,Riyadh
RYD_001000,riyadh_places_kaggle,places_05693,place,Bait Al Haneeth,Riyadh,Riyadh
RYD_001001,riyadh_places_kaggle,places_03201,place,Bait Donya,Riyadh,Riyadh
RYD_001002,riyadh_places_kaggle,places_05574,place,Bait Donya,Riyadh,Riyadh
RYD_001003,riyadh_places_kaggle,places_07715,place,Bait Donya,Riyadh,Riyadh
RYD_001004,riyadh_places_kaggle,places_08428,place,Bait Donya,Riyadh,Riyadh
RYD_001005,riyadh_places_kaggle,places_04398,place,Bait Mezza,Riyadh,Riyadh
RYD_001006,riyadh_places_kaggle,places_07022,place,Bait Mezza,Riyadh,Riyadh
RYD_001007,riyadh_places_kaggle,places_07622,place,Bait Mezza,Riyadh,Riyadh
RYD_001008,riyadh_places_kaggle,places_00193,place,Baithak Restaurant,Riyadh,Riyadh
RYD_001009,riyadh_places_kaggle,places_03675,place,Baix,Riyadh,Riyadh
RYD_001010,riyadh_places_kaggle,places_00060,place,Baja,Riyadh,Riyadh
RYD_001011,riyadh_places_kaggle,places_02796,place,Baja,Riyadh,Riyadh
RYD_001012,riyadh_places_kaggle,places_05292,place,Baja,Riyadh,Riyadh
RYD_001013,riyadh_places_kaggle,places_06426,place,Baja,Riyadh,Riyadh
RYD_001014,riyadh_places_kaggle,places_06763,place,Baja,Riyadh,Riyadh
RYD_001015,riyadh_places_kaggle,places_07150,place,Baja,Riyadh,Riyadh
RYD_001016,riyadh_places_kaggle,places_07935,place,Baja,Riyadh,Riyadh
RYD_001017,riyadh_places_kaggle,places_08643,place,Baja,Riyadh,Riyadh
RYD_001018,riyadh_places_kaggle,places_06626,place,Baja Zaman,Riyadh,Riyadh
RYD_001019,riyadh_places_kaggle,places_00797,place,Bak Bak Chicken,Riyadh,Riyadh
RYD_001020,riyadh_places_kaggle,places_08628,place,Bak Pastry,Riyadh,Riyadh
RYD_001021,riyadh_places_kaggle,places_00378,place,Baka Kitchen,Riyadh,Riyadh
RYD_001022,riyadh_places_kaggle,places_03907,place,Baka Kitchen,Riyadh,Riyadh
RYD_001023,riyadh_places_kaggle,places_05820,place,Baka Kitchen,Riyadh,Riyadh
RYD_001024,riyadh_places_kaggle,places_06367,place,Bakdash ice cream,Riyadh,Riyadh
RYD_001025,riyadh_places_kaggle,places_00160,place,Bake &amp; Co.,Riyadh,Riyadh
RYD_001026,riyadh_places_kaggle,places_01137,place,Bake Away,Riyadh,Riyadh
RYD_001027,riyadh_places_kaggle,places_01386,place,Bake Away,Riyadh,Riyadh
RYD_001028,riyadh_places_kaggle,places_04017,place,Bake Away,Riyadh,Riyadh
RYD_001029,riyadh_places_kaggle,places_08289,place,Bake Away,Riyadh,Riyadh
RYD_001030,riyadh_places_kaggle,places_06336,place,Baked Plus,Riyadh,Riyadh
RYD_001031,riyadh_places_kaggle,places_04564,place,Bakely,Riyadh,Riyadh
RYD_001032,riyadh_places_kaggle,places_04837,place,Baker Land,Riyadh,Riyadh
RYD_001033,riyadh_places_kaggle,places_06635,place,Bakeries Lahib,Riyadh,Riyadh
RYD_001034,riyadh_places_kaggle,places_05906,place,Bakery 500,Riyadh,Riyadh
RYD_001035,riyadh_places_kaggle,places_04584,place,Bakery 8,Riyadh,Riyadh
RYD_001036,riyadh_places_kaggle,places_03336,place,Bakery Portal,Riyadh,Riyadh
RYD_001037,riyadh_places_kaggle,places_04073,place,Bakery WAY,Riyadh,Riyadh
RYD_001038,riyadh_places_kaggle,places_03367,place,Bakir,Riyadh,Riyadh
RYD_001039,riyadh_places_kaggle,places_07643,place,Bakir,Riyadh,Riyadh
RYD_001040,riyadh_places_kaggle,places_00235,place,Baks,Riyadh,Riyadh
RYD_001041,riyadh_places_kaggle,places_02699,place,Baks,Riyadh,Riyadh
RYD_001042,riyadh_places_kaggle,places_05459,place,Baks,Riyadh,Riyadh
RYD_001043,riyadh_places_kaggle,places_07324,place,Baks,Riyadh,Riyadh
RYD_001044,riyadh_places_kaggle,places_08794,place,Baks,Riyadh,Riyadh
RYD_001045,riyadh_places_kaggle,places_05988,place,Balah &amp; shira,Riyadh,Riyadh
RYD_001046,riyadh_places_kaggle,places_00441,place,Balah and Honey Sweets,Riyadh,Riyadh
RYD_001047,riyadh_places_kaggle,places_01604,place,Balah and Honey Sweets,Riyadh,Riyadh
RYD_001048,riyadh_places_kaggle,places_02276,place,Balah and Honey Sweets,Riyadh,Riyadh
RYD_001049,riyadh_places_kaggle,places_03771,place,Balah and Honey Sweets,Riyadh,Riyadh
RYD_001050,riyadh_places_kaggle,places_07297,place,Balah and Honey Sweets,Riyadh,Riyadh
RYD_001051,riyadh_places_kaggle,places_07929,place,Balah and Honey Sweets,Riyadh,Riyadh
RYD_001051,riyadh_places_kaggle,places_07930,place,Al Mamlakah Sweets,Riyadh,Riyadh
RYD_001052,riyadh_places_kaggle,places_04927,place,Balance Kitchen,Riyadh,Riyadh
RYD_001053,riyadh_places_kaggle,places_01195,place,Balloonizer,Riyadh,Riyadh
RYD_001054,riyadh_places_kaggle,places_01151,place,Balon,Riyadh,Riyadh
RYD_001054,riyadh_places_kaggle,places_01153,place,LEVON,Riyadh,Riyadh
RYD_001055,riyadh_places_kaggle,places_01075,place,Balqees Throne,Riyadh,Riyadh
RYD_001056,riyadh_places_kaggle,places_05078,place,Bal’harm Pasta,Riyadh,Riyadh
RYD_001057,riyadh_places_kaggle,places_02503,place,Bandabash,Riyadh,Riyadh
RYD_001058,riyadh_places_kaggle,places_00122,place,Bandar Adan Sweets,Riyadh,Riyadh
RYD_001059,riyadh_places_kaggle,places_08516,place,Bandar Buffet,Riyadh,Riyadh
RYD_001060,riyadh_places_kaggle,places_00875,place,Banger Burger,Riyadh,Riyadh
RYD_001061,riyadh_places_kaggle,places_00853,place,Baozi,Riyadh,Riyadh
RYD_001062,riyadh_places_kaggle,places_08346,place,Bar.B.Q TONIGHT,Riyadh,Riyadh
RYD_001063,riyadh_places_kaggle,places_00830,place,Barbar,Riyadh,Riyadh
RYD_001064,riyadh_places_kaggle,places_03237,place,Barbar,Riyadh,Riyadh
RYD_001065,riyadh_places_kaggle,places_05281,place,Barbar Beirut,Riyadh,Riyadh
RYD_001066,riyadh_places_kaggle,places_06263,place,Bardhi Falafel,Riyadh,Riyadh
RYD_001067,riyadh_places_kaggle,places_02197,place,Bareeq alzumurd albukhari,Riyadh,Riyadh
RYD_001068,riyadh_places_kaggle,places_02039,place,Bas Tiramisu,Riyadh,Riyadh
RYD_001069,riyadh_places_kaggle,places_02837,place,Bas Tiramisu,Riyadh,Riyadh
RYD_001070,riyadh_places_kaggle,places_03700,place,Basaten albun,Riyadh,Riyadh
RYD_001071,riyadh_places_kaggle,places_03358,place,Basbosah Time,Riyadh,Riyadh
RYD_001072,riyadh_places_kaggle,places_07675,place,Basbosah Time,Riyadh,Riyadh
RYD_001073,riyadh_places_kaggle,places_00417,place,Basbousa Kinds,Riyadh,Riyadh
RYD_001074,riyadh_places_kaggle,places_03469,place,Basbousat Al Basha,Riyadh,Riyadh
RYD_001075,riyadh_places_kaggle,places_07411,place,Basbousat Al Basha,Riyadh,Riyadh
RYD_001075,riyadh_places_kaggle,places_07414,place,basbousa pro,Riyadh,Riyadh
RYD_001076,riyadh_places_kaggle,places_00326,place,Baseet,Riyadh,Riyadh
RYD_001077,riyadh_places_kaggle,places_00099,place,Baskin Robbins,Riyadh,Riyadh
RYD_001078,riyadh_places_kaggle,places_00209,place,Baskin Robbins,Riyadh,Riyadh
RYD_001079,riyadh_places_kaggle,places_00357,place,Baskin Robbins,Riyadh,Riyadh
RYD_001080,riyadh_places_kaggle,places_00412,place,Baskin Robbins,Riyadh,Riyadh
RYD_001081,riyadh_places_kaggle,places_00543,place,Baskin Robbins,Riyadh,Riyadh
RYD_001082,riyadh_places_kaggle,places_00993,place,Baskin Robbins,Riyadh,Riyadh
RYD_001083,riyadh_places_kaggle,places_01259,place,Baskin Robbins,Riyadh,Riyadh
RYD_001084,riyadh_places_kaggle,places_01857,place,Baskin Robbins,Riyadh,Riyadh
RYD_001085,riyadh_places_kaggle,places_02124,place,Baskin Robbins,Riyadh,Riyadh
RYD_001086,riyadh_places_kaggle,places_02270,place,Baskin Robbins,Riyadh,Riyadh
RYD_001087,riyadh_places_kaggle,places_02371,place,Baskin Robbins,Riyadh,Riyadh
RYD_001088,riyadh_places_kaggle,places_02488,place,Baskin Robbins,Riyadh,Riyadh
RYD_001089,riyadh_places_kaggle,places_02522,place,Baskin Robbins,Riyadh,Riyadh
RYD_001090,riyadh_places_kaggle,places_02907,place,Baskin Robbins,Riyadh,Riyadh
RYD_001091,riyadh_places_kaggle,places_05332,place,Baskin Robbins,Riyadh,Riyadh
RYD_001092,riyadh_places_kaggle,places_06414,place,Baskin Robbins,Riyadh,Riyadh
RYD_001093,riyadh_places_kaggle,places_07149,place,Baskin Robbins,Riyadh,Riyadh
RYD_001094,riyadh_places_kaggle,places_07830,place,Baskin Robbins,Riyadh,Riyadh
RYD_001095,riyadh_places_kaggle,places_07978,place,Baskin Robbins,Riyadh,Riyadh
RYD_001096,riyadh_places_kaggle,places_08667,place,Baskin Robbins,Riyadh,Riyadh
RYD_001097,riyadh_places_kaggle,places_04530,place,Basmat Restaurants And Kitchens,Riyadh,Riyadh
RYD_001098,riyadh_places_kaggle,places_00774,place,Basmati Bowls,Riyadh,Riyadh
RYD_001099,riyadh_places_kaggle,places_04890,place,Basmt Calla,Riyadh,Riyadh
RYD_001100,riyadh_places_kaggle,places_00833,place,Bateel Boutique,Riyadh,Riyadh
RYD_001101,riyadh_places_kaggle,places_04577,place,Bateel Boutique,Riyadh,Riyadh
RYD_001102,riyadh_places_kaggle,places_03971,place,Bateel El'an,Riyadh,Riyadh
RYD_001103,riyadh_places_kaggle,places_04557,place,Bateel flowers,Riyadh,Riyadh
RYD_001104,riyadh_places_kaggle,places_00314,place,Batter,Riyadh,Riyadh
RYD_001105,riyadh_places_kaggle,places_01079,place,Batter,Riyadh,Riyadh
RYD_001106,riyadh_places_kaggle,places_02667,place,Batter,Riyadh,Riyadh
RYD_001107,riyadh_places_kaggle,places_03582,place,Batter,Riyadh,Riyadh
RYD_001108,riyadh_places_kaggle,places_04712,place,Bayaz,Riyadh,Riyadh
RYD_001109,riyadh_places_kaggle,places_06147,place,Bayt Al Fatayer,Riyadh,Riyadh
RYD_001110,riyadh_places_kaggle,places_00651,place,Bayt Al Luloua,Riyadh,Riyadh
RYD_001111,riyadh_places_kaggle,places_01530,place,Bayt Al Luloua,Riyadh,Riyadh
RYD_001112,riyadh_places_kaggle,places_06036,place,Bayt Al Mahshi,Riyadh,Riyadh
RYD_001112,riyadh_places_kaggle,places_06037,place,Hashi Basha,Riyadh,Riyadh
RYD_001113,riyadh_places_kaggle,places_01723,place,Bayt Alfatirah Aldimashqia,Riyadh,Riyadh
RYD_001114,riyadh_places_kaggle,places_03836,place,Bayt Alfatirah Aldimashqia,Riyadh,Riyadh
RYD_001115,riyadh_places_kaggle,places_05847,place,Bayt Alfatirah Aldimashqia,Riyadh,Riyadh
RYD_001116,riyadh_places_kaggle,places_08273,place,Bayt Alfatirah Aldimashqia,Riyadh,Riyadh
RYD_001117,riyadh_places_kaggle,places_04080,place,Bayt Almajinat lilmintu walyaghmish,Riyadh,Riyadh
RYD_001118,riyadh_places_kaggle,places_04998,place,Bayt shaebiat,Riyadh,Riyadh
RYD_001119,riyadh_places_kaggle,places_08386,place,Bayt shaebiat,Riyadh,Riyadh
RYD_001120,riyadh_places_kaggle,places_00826,place,Baytoti,Riyadh,Riyadh
RYD_001121,riyadh_places_kaggle,places_01388,place,Baytoti,Riyadh,Riyadh
RYD_001122,riyadh_places_kaggle,places_03241,place,Baytoti,Riyadh,Riyadh
RYD_001123,riyadh_places_kaggle,places_08357,place,Baytoti,Riyadh,Riyadh
RYD_001124,riyadh_places_kaggle,places_06120,place,Bazlama,Riyadh,Riyadh
RYD_001125,riyadh_places_kaggle,places_04568,place,Beans Address,Riyadh,Riyadh
RYD_001126,riyadh_places_kaggle,places_03021,place,Beat me,Riyadh,Riyadh
RYD_001127,riyadh_places_kaggle,places_07593,place,Beat me,Riyadh,Riyadh
RYD_001128,riyadh_places_kaggle,places_01614,place,Beautiful Gift,Riyadh,Riyadh
RYD_001129,riyadh_places_kaggle,places_03060,place,Bebax coffee,Riyadh,Riyadh
RYD_001130,riyadh_places_kaggle,places_01294,place,Bebo Sandwich and mora,Riyadh,Riyadh
RYD_001131,riyadh_places_kaggle,places_04711,place,Bee and Honey,Riyadh,Riyadh
RYD_001132,riyadh_places_kaggle,places_06264,place,BeefIn,Riyadh,Riyadh
RYD_001133,riyadh_places_kaggle,places_00226,place,Beefy,Riyadh,Riyadh
RYD_001134,riyadh_places_kaggle,places_03411,place,Beefy,Riyadh,Riyadh
RYD_001135,riyadh_places_kaggle,places_06065,place,Beezer Restaurant,Riyadh,Riyadh
RYD_001136,riyadh_places_kaggle,places_03884,place,Behrouz Biryani,Riyadh,Riyadh
RYD_001137,riyadh_places_kaggle,places_05545,place,Behrouz Biryani,Riyadh,Riyadh
RYD_001138,riyadh_places_kaggle,places_07491,place,Behrouz Biryani,Riyadh,Riyadh
RYD_001139,riyadh_places_kaggle,places_01650,place,Beirut Bakes,Riyadh,Riyadh
RYD_001140,riyadh_places_kaggle,places_02089,place,Beirut Bakes,Riyadh,Riyadh
RYD_001141,riyadh_places_kaggle,places_02008,place,Beirut Box,Riyadh,Riyadh
RYD_001142,riyadh_places_kaggle,places_04891,place,Beirut pies,Riyadh,Riyadh
RYD_001143,riyadh_places_kaggle,places_01597,place,Beiruti Kitchen,Riyadh,Riyadh
RYD_001144,riyadh_places_kaggle,places_00149,place,Beit Al Biryani An Nasim,Riyadh,Riyadh
RYD_001145,riyadh_places_kaggle,places_06653,place,Beit Al Biryani An Nasim,Riyadh,Riyadh
RYD_001146,riyadh_places_kaggle,places_04137,place,Beit Hamati,Riyadh,Riyadh
RYD_001147,riyadh_places_kaggle,places_06531,place,Beit Hamati,Riyadh,Riyadh
RYD_001148,riyadh_places_kaggle,places_01129,place,Beit Karam,Riyadh,Riyadh
RYD_001149,riyadh_places_kaggle,places_06640,place,Beit Karem,Riyadh,Riyadh
RYD_001150,riyadh_places_kaggle,places_03573,place,Beit Misk,Riyadh,Riyadh
RYD_001151,riyadh_places_kaggle,places_00701,place,Beit Omar,Riyadh,Riyadh
RYD_001152,riyadh_places_kaggle,places_01596,place,Beit Omar,Riyadh,Riyadh
RYD_001153,riyadh_places_kaggle,places_04993,place,Beit Salma,Riyadh,Riyadh
RYD_001154,riyadh_places_kaggle,places_06100,place,Beit Shahil Restaurant,Riyadh,Riyadh
RYD_001155,riyadh_places_kaggle,places_04632,place,Beit Wared,Riyadh,Riyadh
RYD_001156,riyadh_places_kaggle,places_02927,place,Bell and Boon,Riyadh,Riyadh
RYD_001157,riyadh_places_kaggle,places_04308,place,Bell clinic,Riyadh,Riyadh
RYD_001158,riyadh_places_kaggle,places_05106,place,Bella Roses,Riyadh,Riyadh
RYD_001159,riyadh_places_kaggle,places_02726,place,Belladonna,Riyadh,Riyadh
RYD_001160,riyadh_places_kaggle,places_05457,place,Belladonna,Riyadh,Riyadh
RYD_001161,riyadh_places_kaggle,places_07350,place,Belladonna,Riyadh,Riyadh
RYD_001162,riyadh_places_kaggle,places_06160,place,Beloved pizza,Riyadh,Riyadh
RYD_001162,riyadh_places_kaggle,places_06163,place,pizza Alburj,Riyadh,Riyadh
RYD_001162,riyadh_places_kaggle,places_06170,place,Pizza and falafel,Riyadh,Riyadh
RYD_001163,riyadh_places_kaggle,places_01451,place,Ben's Art,Riyadh,Riyadh
RYD_001164,riyadh_places_kaggle,places_02620,place,Ben's Cookies,Riyadh,Riyadh
RYD_001165,riyadh_places_kaggle,places_05687,place,Ben's Cookies,Riyadh,Riyadh
RYD_001166,riyadh_places_kaggle,places_06474,place,Ben's Cookies,Riyadh,Riyadh
RYD_001167,riyadh_places_kaggle,places_08343,place,Ben's Cookies,Riyadh,Riyadh
RYD_001168,riyadh_places_kaggle,places_02583,place,Benihana,Riyadh,Riyadh
RYD_001169,riyadh_places_kaggle,places_05012,place,Berries And Cherries,Riyadh,Riyadh
RYD_001170,riyadh_places_kaggle,places_07734,place,Berry Sweets,Riyadh,Riyadh
RYD_001171,riyadh_places_kaggle,places_01192,place,Best Fish &amp; Chips,Riyadh,Riyadh
RYD_001172,riyadh_places_kaggle,places_04169,place,Best Fish &amp; Chips,Riyadh,Riyadh
RYD_001173,riyadh_places_kaggle,places_07910,place,Best Konafa,Riyadh,Riyadh
RYD_001174,riyadh_places_kaggle,places_06320,place,Best Manto,Riyadh,Riyadh
RYD_001174,riyadh_places_kaggle,places_06321,place,Kesat Mento,Riyadh,Riyadh
RYD_001175,riyadh_places_kaggle,places_07738,place,Best Manto,Riyadh,Riyadh
RYD_001175,riyadh_places_kaggle,places_07739,place,Kesat Mento,Riyadh,Riyadh
RYD_001176,riyadh_places_kaggle,places_08648,place,Best Manto,Riyadh,Riyadh
RYD_001176,riyadh_places_kaggle,places_08652,place,Kesat Mento,Riyadh,Riyadh
RYD_001177,riyadh_places_kaggle,places_08462,place,Best Pasta,Riyadh,Riyadh
RYD_001178,riyadh_places_kaggle,places_04455,place,Best Salads,Riyadh,Riyadh
RYD_001179,riyadh_places_kaggle,places_05841,place,Best way,Riyadh,Riyadh
RYD_001180,riyadh_places_kaggle,places_02229,place,Bestrito,Riyadh,Riyadh
RYD_001181,riyadh_places_kaggle,places_03228,place,Bestrito,Riyadh,Riyadh
RYD_001182,riyadh_places_kaggle,places_07711,place,Bestrito,Riyadh,Riyadh
RYD_001183,riyadh_places_kaggle,places_02261,place,Better,Riyadh,Riyadh
RYD_001184,riyadh_places_kaggle,places_05354,place,Better,Riyadh,Riyadh
RYD_001184,riyadh_places_kaggle,places_05363,place,Ether,Riyadh,Riyadh
RYD_001185,riyadh_places_kaggle,places_06074,place,Beyt Al Fatayer Al Shamiah,Riyadh,Riyadh
RYD_001186,riyadh_places_kaggle,places_04077,place,Beyti,Riyadh,Riyadh
RYD_001187,riyadh_places_kaggle,places_01765,place,BiRD,Riyadh,Riyadh
RYD_001188,riyadh_places_kaggle,places_05721,place,Bidza,Riyadh,Riyadh
RYD_001189,riyadh_places_kaggle,places_00980,place,Biga,Riyadh,Riyadh
RYD_001190,riyadh_places_kaggle,places_03246,place,Biga,Riyadh,Riyadh
RYD_001191,riyadh_places_kaggle,places_06729,place,Bilad Alraafidain Grills,Riyadh,Riyadh
RYD_001192,entertainment_kaggle,entertainment_00396,entertainment,Billy Beez City,Riyadh,Riyadh
RYD_001193,entertainment_kaggle,entertainment_00424,entertainment,Billy Beez City,Riyadh,Riyadh
RYD_001194,riyadh_places_kaggle,places_04852,place,Bin Essa Oud,Riyadh,Riyadh
RYD_001195,riyadh_places_kaggle,places_03127,place,Bin Menqash,Riyadh,Riyadh
RYD_001196,riyadh_places_kaggle,places_05405,place,Bin Menqash,Riyadh,Riyadh
RYD_001197,riyadh_places_kaggle,places_07305,place,Bin Menqash,Riyadh,Riyadh
RYD_001198,riyadh_places_kaggle,places_08401,place,Bin Menqash,Riyadh,Riyadh
RYD_001199,riyadh_places_kaggle,places_08687,place,Bin Menqash,Riyadh,Riyadh
RYD_001200,riyadh_places_kaggle,places_06983,place,Binj,Riyadh,Riyadh
RYD_001201,riyadh_places_kaggle,places_06671,place,Biryani &amp; More,Riyadh,Riyadh
RYD_001201,riyadh_places_kaggle,places_06672,place,Healthy &amp; more,Riyadh,Riyadh
RYD_001202,riyadh_places_kaggle,places_05760,place,Biryani 65,Riyadh,Riyadh
RYD_001203,riyadh_places_kaggle,places_04902,place,Biryani Aziz,Riyadh,Riyadh
RYD_001204,riyadh_places_kaggle,places_06191,place,Biryani Hut,Riyadh,Riyadh
RYD_001205,riyadh_places_kaggle,places_02602,place,Biryani Pot,Riyadh,Riyadh
RYD_001206,riyadh_places_kaggle,places_06992,place,Biryani Pot,Riyadh,Riyadh
RYD_001207,riyadh_places_kaggle,places_08719,place,Biryani Pot,Riyadh,Riyadh
RYD_001208,riyadh_places_kaggle,places_07802,place,Biryani point Restaurant,Riyadh,Riyadh
RYD_001209,riyadh_places_kaggle,places_04906,place,Biryanista,Riyadh,Riyadh
RYD_001210,riyadh_places_kaggle,places_03166,place,Bistro Chino,Riyadh,Riyadh
RYD_001211,riyadh_places_kaggle,places_03017,place,Bites,Riyadh,Riyadh
RYD_001212,riyadh_places_kaggle,places_03948,place,Bites N Box,Riyadh,Riyadh
RYD_001213,riyadh_places_kaggle,places_01086,place,Bk Boutique‏‏,Riyadh,Riyadh
RYD_001214,riyadh_places_kaggle,places_01535,place,Black Barn,Riyadh,Riyadh
RYD_001215,riyadh_places_kaggle,places_06858,place,Black Barn,Riyadh,Riyadh
RYD_001216,riyadh_places_kaggle,places_07550,place,Black Barn,Riyadh,Riyadh
RYD_001217,riyadh_places_kaggle,places_08563,place,Black Barn,Riyadh,Riyadh
RYD_001218,riyadh_places_kaggle,places_03298,place,Black Bun,Riyadh,Riyadh
RYD_001219,riyadh_places_kaggle,places_08060,place,Black Heart,Riyadh,Riyadh
RYD_001220,riyadh_places_kaggle,places_08100,place,Black Line,Riyadh,Riyadh
RYD_001221,riyadh_places_kaggle,places_03071,place,Black Stamp,Riyadh,Riyadh
RYD_001222,riyadh_places_kaggle,places_04092,place,Black Tap,Riyadh,Riyadh
RYD_001223,riyadh_places_kaggle,places_03774,place,Black hand coffee,Riyadh,Riyadh
RYD_001224,riyadh_places_kaggle,places_02104,place,Blazing Burger,Riyadh,Riyadh
RYD_001225,riyadh_places_kaggle,places_03616,place,Blazing Burger,Riyadh,Riyadh
RYD_001226,riyadh_places_kaggle,places_07659,place,Blazing Burger,Riyadh,Riyadh
RYD_001227,riyadh_places_kaggle,places_05022,place,Blend Eatery,Riyadh,Riyadh
RYD_001228,riyadh_places_kaggle,places_06228,place,Bloom cafe,Riyadh,Riyadh
RYD_001229,riyadh_places_kaggle,places_01565,place,Blooming Flowers,Riyadh,Riyadh
RYD_001230,riyadh_places_kaggle,places_01246,place,Blue Garden,Riyadh,Riyadh
RYD_001231,riyadh_places_kaggle,places_05211,place,Blue Ribbon Bake Shop,Riyadh,Riyadh
RYD_001232,riyadh_places_kaggle,places_05680,place,Blue Ribbon Restaurant,Riyadh,Riyadh
RYD_001233,riyadh_places_kaggle,places_07053,place,Blue butterfly,Riyadh,Riyadh
RYD_001234,riyadh_places_kaggle,places_01696,place,Blue cookies,Riyadh,Riyadh
RYD_001235,riyadh_places_kaggle,places_02859,place,Blue luwak,Riyadh,Riyadh
RYD_001236,entertainment_kaggle,entertainment_00190,entertainment,Blvd World,Riyadh,Riyadh
RYD_001237,entertainment_kaggle,entertainment_00200,entertainment,Blvd World,Riyadh,Riyadh
RYD_001238,riyadh_places_kaggle,places_02758,place,Bly's,Riyadh,Riyadh
RYD_001239,riyadh_places_kaggle,places_03151,place,Bly's,Riyadh,Riyadh
RYD_001240,riyadh_places_kaggle,places_03580,place,Bob's Famous,Riyadh,Riyadh
RYD_001241,riyadh_places_kaggle,places_04305,place,Boba Pop,Riyadh,Riyadh
RYD_001242,riyadh_places_kaggle,places_00645,place,Boga,Riyadh,Riyadh
RYD_001243,riyadh_places_kaggle,places_01583,place,Boga,Riyadh,Riyadh
RYD_001244,riyadh_places_kaggle,places_06807,place,Boga,Riyadh,Riyadh
RYD_001245,riyadh_places_kaggle,places_01766,place,Bogota Cafe,Riyadh,Riyadh
RYD_001246,riyadh_places_kaggle,places_00880,place,Bok Bok Grilled Chicken,Riyadh,Riyadh
RYD_001247,riyadh_places_kaggle,places_03760,place,Bokhary Zabebah,Riyadh,Riyadh
RYD_001248,riyadh_places_kaggle,places_04369,place,Bolbol,Riyadh,Riyadh
RYD_001249,riyadh_places_kaggle,places_04109,place,Bombs,Riyadh,Riyadh
RYD_001250,riyadh_places_kaggle,places_08336,place,Bombs,Riyadh,Riyadh
RYD_001251,riyadh_places_kaggle,places_03306,place,Bomo,Riyadh,Riyadh
RYD_001252,riyadh_places_kaggle,places_04581,place,Bon Baron Cafe,Riyadh,Riyadh
RYD_001253,riyadh_places_kaggle,places_06674,place,Bon Burger,Riyadh,Riyadh
RYD_001254,riyadh_places_kaggle,places_05265,place,Bonbon,Riyadh,Riyadh
RYD_001255,riyadh_places_kaggle,places_01790,place,Bonzai Japanese Grill,Riyadh,Riyadh
RYD_001256,riyadh_places_kaggle,places_04893,place,Boo,Riyadh,Riyadh
RYD_001257,riyadh_places_kaggle,places_08275,place,Boo,Riyadh,Riyadh
RYD_001258,riyadh_places_kaggle,places_03053,place,Bookhari,Riyadh,Riyadh
RYD_001259,riyadh_places_kaggle,places_08629,place,Boos Cafe,Riyadh,Riyadh
RYD_001260,riyadh_places_kaggle,places_03767,place,Booze Coffee,Riyadh,Riyadh
RYD_001261,riyadh_places_kaggle,places_06108,place,Borket,Riyadh,Riyadh
RYD_001262,riyadh_places_kaggle,places_04592,place,Bosphorus Pastries,Riyadh,Riyadh
RYD_001263,riyadh_places_kaggle,places_03162,place,Bostani,Riyadh,Riyadh
RYD_001264,riyadh_places_kaggle,places_05534,place,Bostani,Riyadh,Riyadh
RYD_001265,riyadh_places_kaggle,places_06782,place,Bostani,Riyadh,Riyadh
RYD_001266,riyadh_places_kaggle,places_07482,place,Bostani,Riyadh,Riyadh
RYD_001267,riyadh_places_kaggle,places_08310,place,Bostani,Riyadh,Riyadh
RYD_001268,riyadh_places_kaggle,places_08577,place,Bostani Chocolatier,Riyadh,Riyadh
RYD_001269,booking_kaggle,hotels_00221,hotel,Boudl Al Sahafa,Riyadh,Riyadh
RYD_001270,riyadh_places_kaggle,places_03015,place,Bouh Coffee,Riyadh,Riyadh
RYD_001271,entertainment_kaggle,entertainment_00305,entertainment,Boulevard World,Riyadh,Riyadh
RYD_001272,entertainment_kaggle,entertainment_00314,entertainment,Boulevard World,Riyadh,Riyadh
RYD_001273,riyadh_places_kaggle,places_03020,place,Bow Coffee,Riyadh,Riyadh
RYD_001274,riyadh_places_kaggle,places_06700,place,Brad Karak,Riyadh,Riyadh
RYD_001275,riyadh_places_kaggle,places_08164,place,Braiera Taste,Riyadh,Riyadh
RYD_001276,riyadh_places_kaggle,places_00831,place,Brain Wash,Riyadh,Riyadh
RYD_001277,riyadh_places_kaggle,places_03462,place,Brain Wash,Riyadh,Riyadh
RYD_001278,booking_kaggle,hotels_00220,hotel,Braira Al Nakheel Hotel,Riyadh,Riyadh
RYD_001279,booking_kaggle,hotels_00070,hotel,Braira Hettin Resort & Villas,Riyadh,Riyadh
RYD_001280,booking_kaggle,hotels_00227,hotel,Braira Hotel-Olaya,Riyadh,Riyadh
RYD_001281,riyadh_places_kaggle,places_03335,place,Branches,Riyadh,Riyadh
RYD_001282,riyadh_places_kaggle,places_00571,place,Bread &amp; Cheese,Riyadh,Riyadh
RYD_001283,riyadh_places_kaggle,places_02228,place,Bread &amp; Cheese,Riyadh,Riyadh
RYD_001284,riyadh_places_kaggle,places_03692,place,Bread &amp; Cheese,Riyadh,Riyadh
RYD_001285,riyadh_places_kaggle,places_05337,place,Bread &amp; Cheese,Riyadh,Riyadh
RYD_001286,riyadh_places_kaggle,places_07666,place,Bread &amp; Cheese,Riyadh,Riyadh
RYD_001287,riyadh_places_kaggle,places_07880,place,Bread &amp; Cheese,Riyadh,Riyadh
RYD_001288,riyadh_places_kaggle,places_01333,place,Bread &amp; Crumbs,Riyadh,Riyadh
RYD_001289,riyadh_places_kaggle,places_02516,place,Bread &amp; Crumbs,Riyadh,Riyadh
RYD_001290,riyadh_places_kaggle,places_05410,place,Bread &amp; Crumbs,Riyadh,Riyadh
RYD_001291,riyadh_places_kaggle,places_07455,place,Bread &amp; Crumbs,Riyadh,Riyadh
RYD_001292,riyadh_places_kaggle,places_07943,place,Bread &amp; Crumbs,Riyadh,Riyadh
RYD_001293,riyadh_places_kaggle,places_04710,place,Bread Talk,Riyadh,Riyadh
RYD_001294,riyadh_places_kaggle,places_08435,place,Bread and pasta,Riyadh,Riyadh
RYD_001294,riyadh_places_kaggle,places_08441,place,House pasta,Riyadh,Riyadh
RYD_001294,riyadh_places_kaggle,places_08443,place,Mina pasta,Riyadh,Riyadh
RYD_001295,riyadh_places_kaggle,places_04512,place,Breakfast Time,Riyadh,Riyadh
RYD_001296,riyadh_places_kaggle,places_01803,place,Breakfasto,Riyadh,Riyadh
RYD_001297,riyadh_places_kaggle,places_03494,place,Breddy,Riyadh,Riyadh
RYD_001298,riyadh_places_kaggle,places_03875,place,Breehant,Riyadh,Riyadh
RYD_001299,riyadh_places_kaggle,places_05222,place,Brighty Pharmacy,Riyadh,Riyadh
RYD_001300,riyadh_places_kaggle,places_03993,place,Brioche Plus,Riyadh,Riyadh
RYD_001301,riyadh_places_kaggle,places_02611,place,Brisket,Riyadh,Riyadh
RYD_001302,riyadh_places_kaggle,places_05672,place,Brisket,Riyadh,Riyadh
RYD_001303,riyadh_places_kaggle,places_03101,place,Brittles,Riyadh,Riyadh
RYD_001304,riyadh_places_kaggle,places_02608,place,Bro,Riyadh,Riyadh
RYD_001305,riyadh_places_kaggle,places_04766,place,Broast Kukh Al Farog,Riyadh,Riyadh
RYD_001306,riyadh_places_kaggle,places_05014,place,Broast Line,Riyadh,Riyadh
RYD_001307,riyadh_places_kaggle,places_02131,place,Broast Zone,Riyadh,Riyadh
RYD_001308,riyadh_places_kaggle,places_02631,place,Broast Zone,Riyadh,Riyadh
RYD_001309,riyadh_places_kaggle,places_06285,place,Broasted Akshunha,Riyadh,Riyadh
RYD_001310,riyadh_places_kaggle,places_08607,place,Broasted Akshunha,Riyadh,Riyadh
RYD_001311,riyadh_places_kaggle,places_07931,place,Broasted Almarqab Alhadeeth,Riyadh,Riyadh
RYD_001312,riyadh_places_kaggle,places_06662,place,Broasted Almokhtar,Riyadh,Riyadh
RYD_001313,riyadh_places_kaggle,places_07842,place,Broasted Almokhtar,Riyadh,Riyadh
RYD_001314,riyadh_places_kaggle,places_06707,place,Broasted Esh Alhudhd Resturant,Riyadh,Riyadh
RYD_001315,riyadh_places_kaggle,places_01337,place,Broasted Express,Riyadh,Riyadh
RYD_001316,riyadh_places_kaggle,places_02058,place,Broasted Express,Riyadh,Riyadh
RYD_001317,riyadh_places_kaggle,places_03849,place,Broasted Express,Riyadh,Riyadh
RYD_001318,riyadh_places_kaggle,places_04292,place,Broasted FRIED LAND,Riyadh,Riyadh
RYD_001319,riyadh_places_kaggle,places_06621,place,Broasted Kufi Najd,Riyadh,Riyadh
RYD_001320,riyadh_places_kaggle,places_06941,place,Broasted Kufi Najd,Riyadh,Riyadh
RYD_001321,riyadh_places_kaggle,places_08182,place,Broasted Kufi Najd,Riyadh,Riyadh
RYD_001322,riyadh_places_kaggle,places_01813,place,Broasted Maulana,Riyadh,Riyadh
RYD_001323,riyadh_places_kaggle,places_07768,place,Broasted Zad Themar,Riyadh,Riyadh
RYD_001324,riyadh_places_kaggle,places_02397,place,Broasted aleandalib,Riyadh,Riyadh
RYD_001325,riyadh_places_kaggle,places_02316,place,Broasted jalsat madhaq,Riyadh,Riyadh
RYD_001326,riyadh_places_kaggle,places_01387,place,Broasted key,Riyadh,Riyadh
RYD_001327,riyadh_places_kaggle,places_03400,place,Broasted key,Riyadh,Riyadh
RYD_001328,riyadh_places_kaggle,places_07398,place,Broasted key,Riyadh,Riyadh
RYD_001329,riyadh_places_kaggle,places_07895,place,Broasted key,Riyadh,Riyadh
RYD_001330,riyadh_places_kaggle,places_08075,place,Broasted key,Riyadh,Riyadh
RYD_001331,riyadh_places_kaggle,places_02312,place,Broasted mukrmsh,Riyadh,Riyadh
RYD_001332,riyadh_places_kaggle,places_05241,place,Broccoli,Riyadh,Riyadh
RYD_001333,riyadh_places_kaggle,places_08134,place,Broccoli,Riyadh,Riyadh
RYD_001334,riyadh_places_kaggle,places_06025,place,Broccoli Pizza and Pasta,Riyadh,Riyadh
RYD_001335,riyadh_places_kaggle,places_07313,place,Broccoli Pizza and Pasta,Riyadh,Riyadh
RYD_001336,riyadh_places_kaggle,places_04566,place,Bronx,Riyadh,Riyadh
RYD_001337,riyadh_places_kaggle,places_04442,place,Bros,Riyadh,Riyadh
RYD_001338,riyadh_places_kaggle,places_07635,place,Bros,Riyadh,Riyadh
RYD_001339,riyadh_places_kaggle,places_02273,place,Brosted 2 brothers,Riyadh,Riyadh
RYD_001340,riyadh_places_kaggle,places_06665,place,Brosted Alshallal,Riyadh,Riyadh
RYD_001341,riyadh_places_kaggle,places_06831,place,Brosted Gravity,Riyadh,Riyadh
RYD_001342,riyadh_places_kaggle,places_06368,place,Broth and meat restaurant,Riyadh,Riyadh
RYD_001343,riyadh_places_kaggle,places_04216,place,Brown Black,Riyadh,Riyadh
RYD_001344,riyadh_places_kaggle,places_07854,place,Brustud Alshaakhuluh,Riyadh,Riyadh
RYD_001345,riyadh_places_kaggle,places_08677,place,Brustud Alshaakhuluh,Riyadh,Riyadh
RYD_001346,riyadh_places_kaggle,places_02674,place,Brwn,Riyadh,Riyadh
RYD_001347,riyadh_places_kaggle,places_05419,place,Brwn,Riyadh,Riyadh
RYD_001348,riyadh_places_kaggle,places_08759,place,Brwn,Riyadh,Riyadh
RYD_001349,riyadh_places_kaggle,places_06064,place,Bryani mola,Riyadh,Riyadh
RYD_001350,riyadh_places_kaggle,places_04823,place,Bseel,Riyadh,Riyadh
RYD_001351,riyadh_places_kaggle,places_02036,place,Bu Wagyu Burger,Riyadh,Riyadh
RYD_001351,riyadh_places_kaggle,places_02048,place,Meat The Bun - Burger,Riyadh,Riyadh
RYD_001352,riyadh_places_kaggle,places_00511,place,Bubbles Tree,Riyadh,Riyadh
RYD_001353,riyadh_places_kaggle,places_03420,place,Bubbles Tree,Riyadh,Riyadh
RYD_001354,riyadh_places_kaggle,places_06557,place,Bubbles Tree,Riyadh,Riyadh
RYD_001355,riyadh_places_kaggle,places_00697,place,Buds Road,Riyadh,Riyadh
RYD_001356,riyadh_places_kaggle,places_04366,place,Buff burger,Riyadh,Riyadh
RYD_001357,riyadh_places_kaggle,places_01632,place,Buffalo Wild Wings,Riyadh,Riyadh
RYD_001358,riyadh_places_kaggle,places_03555,place,Buffet Al Shamal Sandwich,Riyadh,Riyadh
RYD_001359,riyadh_places_kaggle,places_08122,place,Buffet Fatima aldushan,Riyadh,Riyadh
RYD_001360,riyadh_places_kaggle,places_05917,place,Buffet Hekayat Najd,Riyadh,Riyadh
RYD_001361,riyadh_places_kaggle,places_01949,place,Buffet kafah,Riyadh,Riyadh
RYD_001362,entertainment_kaggle,entertainment_00469,entertainment,Bujairi Terrace,Riyadh,Riyadh
RYD_001363,riyadh_places_kaggle,places_07782,place,Bukhara,Riyadh,Riyadh
RYD_001364,riyadh_places_kaggle,places_03705,place,Bukhareez,Riyadh,Riyadh
RYD_001365,riyadh_places_kaggle,places_06954,place,Bukharez,Riyadh,Riyadh
RYD_001366,riyadh_places_kaggle,places_07062,place,Bukhari &amp; Mashwi,Riyadh,Riyadh
RYD_001367,riyadh_places_kaggle,places_04374,place,Bukhari Daoud,Riyadh,Riyadh
RYD_001368,riyadh_places_kaggle,places_01815,place,Bukhari Gibran,Riyadh,Riyadh
RYD_001369,riyadh_places_kaggle,places_06432,place,Bukhari Hijaziat Najd,Riyadh,Riyadh
RYD_001370,riyadh_places_kaggle,places_06078,place,Bukhari House,Riyadh,Riyadh
RYD_001371,riyadh_places_kaggle,places_01979,place,Bukhari Khan,Riyadh,Riyadh
RYD_001372,riyadh_places_kaggle,places_07667,place,Bukhari Khan,Riyadh,Riyadh
RYD_001373,riyadh_places_kaggle,places_05092,place,Bukhari Sadu,Riyadh,Riyadh
RYD_001374,riyadh_places_kaggle,places_00526,place,Bukhari Yassin,Riyadh,Riyadh
RYD_001375,riyadh_places_kaggle,places_07775,place,Bukhari alhara,Riyadh,Riyadh
RYD_001376,riyadh_places_kaggle,places_08709,place,Bukhari alhara,Riyadh,Riyadh
RYD_001377,riyadh_places_kaggle,places_00311,place,Bukhari behar almarjan restaurants,Riyadh,Riyadh
RYD_001378,entertainment_kaggle,entertainment_00490,entertainment,Bulalohan sa Riyadh,Riyadh,Riyadh
RYD_001379,entertainment_kaggle,entertainment_00500,entertainment,Bulalohan sa Riyadh,Riyadh,Riyadh
RYD_001380,riyadh_places_kaggle,places_01162,place,Bunah,Riyadh,Riyadh
RYD_001381,riyadh_places_kaggle,places_03483,place,Bunah,Riyadh,Riyadh
RYD_001382,riyadh_places_kaggle,places_03426,place,Bunawa Café,Riyadh,Riyadh
RYD_001383,riyadh_places_kaggle,places_03878,place,Bundoqiah Cafe,Riyadh,Riyadh
RYD_001384,riyadh_places_kaggle,places_06302,place,Bunn Taste,Riyadh,Riyadh
RYD_001385,riyadh_places_kaggle,places_04740,place,Bunsters,Riyadh,Riyadh
RYD_001386,riyadh_places_kaggle,places_04726,place,Buongiorno Bakehouse,Riyadh,Riyadh
RYD_001387,riyadh_places_kaggle,places_03599,place,Burg,Riyadh,Riyadh
RYD_001388,riyadh_places_kaggle,places_04928,place,Burger &amp; Brioche,Riyadh,Riyadh
RYD_001389,riyadh_places_kaggle,places_01608,place,Burger &amp; Burger,Riyadh,Riyadh
RYD_001390,riyadh_places_kaggle,places_02029,place,Burger &amp; Burger,Riyadh,Riyadh
RYD_001391,riyadh_places_kaggle,places_03489,place,Burger &amp; Burger,Riyadh,Riyadh
RYD_001392,riyadh_places_kaggle,places_00691,place,Burger 12,Riyadh,Riyadh
RYD_001393,riyadh_places_kaggle,places_02307,place,Burger 12,Riyadh,Riyadh
RYD_001394,riyadh_places_kaggle,places_02510,place,Burger 12,Riyadh,Riyadh
RYD_001395,riyadh_places_kaggle,places_07565,place,Burger 12,Riyadh,Riyadh
RYD_001396,riyadh_places_kaggle,places_08708,place,Burger Bab Aziz,Riyadh,Riyadh
RYD_001397,riyadh_places_kaggle,places_00597,place,Burger Boutique,Riyadh,Riyadh
RYD_001398,riyadh_places_kaggle,places_04251,place,Burger Boutique,Riyadh,Riyadh
RYD_001399,riyadh_places_kaggle,places_04368,place,Burger Brown,Riyadh,Riyadh
RYD_001400,riyadh_places_kaggle,places_01093,place,Burger Castle,Riyadh,Riyadh
RYD_001401,riyadh_places_kaggle,places_01423,place,Burger Fuel,Riyadh,Riyadh
RYD_001402,riyadh_places_kaggle,places_03545,place,Burger Grind,Riyadh,Riyadh
RYD_001403,riyadh_places_kaggle,places_00170,place,Burger King,Riyadh,Riyadh
RYD_001404,riyadh_places_kaggle,places_00474,place,Burger King,Riyadh,Riyadh
RYD_001405,riyadh_places_kaggle,places_01301,place,Burger King,Riyadh,Riyadh
RYD_001406,riyadh_places_kaggle,places_01867,place,Burger King,Riyadh,Riyadh
RYD_001407,riyadh_places_kaggle,places_02540,place,Burger King,Riyadh,Riyadh
RYD_001408,riyadh_places_kaggle,places_05313,place,Burger King,Riyadh,Riyadh
RYD_001409,riyadh_places_kaggle,places_06438,place,Burger King,Riyadh,Riyadh
RYD_001410,riyadh_places_kaggle,places_06755,place,Burger King,Riyadh,Riyadh
RYD_001411,riyadh_places_kaggle,places_07154,place,Burger King,Riyadh,Riyadh
RYD_001412,riyadh_places_kaggle,places_08113,place,Burger King,Riyadh,Riyadh
RYD_001413,riyadh_places_kaggle,places_06212,place,Burger Lab,Riyadh,Riyadh
RYD_001414,riyadh_places_kaggle,places_07613,place,Burger Lab,Riyadh,Riyadh
RYD_001415,riyadh_places_kaggle,places_08036,place,Burger Lab,Riyadh,Riyadh
RYD_001416,riyadh_places_kaggle,places_04667,place,Burger Maker's,Riyadh,Riyadh
RYD_001417,riyadh_places_kaggle,places_00603,place,Burger Mama,Riyadh,Riyadh
RYD_001418,riyadh_places_kaggle,places_00776,place,Burger Mama,Riyadh,Riyadh
RYD_001419,riyadh_places_kaggle,places_06293,place,Burger Mashwy,Riyadh,Riyadh
RYD_001420,riyadh_places_kaggle,places_06942,place,Burger Pie,Riyadh,Riyadh
RYD_001421,riyadh_places_kaggle,places_03728,place,Burger Policies,Riyadh,Riyadh
RYD_001422,riyadh_places_kaggle,places_05661,place,Burger Policies,Riyadh,Riyadh
RYD_001423,riyadh_places_kaggle,places_00807,place,Burger Queen,Riyadh,Riyadh
RYD_001423,riyadh_places_kaggle,places_00810,place,OBG Burgers,Riyadh,Riyadh
RYD_001424,riyadh_places_kaggle,places_01637,place,Burger Queen,Riyadh,Riyadh
RYD_001424,riyadh_places_kaggle,places_01638,place,OBG Burgers,Riyadh,Riyadh
RYD_001425,riyadh_places_kaggle,places_02142,place,Burger Queen,Riyadh,Riyadh
RYD_001425,riyadh_places_kaggle,places_02144,place,OBG Burgers,Riyadh,Riyadh
RYD_001426,riyadh_places_kaggle,places_01975,place,Burger Rest,Riyadh,Riyadh
RYD_001426,riyadh_places_kaggle,places_01976,place,Circles Burger,Riyadh,Riyadh
RYD_001427,riyadh_places_kaggle,places_06240,place,Burger Slice,Riyadh,Riyadh
RYD_001428,riyadh_places_kaggle,places_02752,place,Burger Square,Riyadh,Riyadh
RYD_001428,riyadh_places_kaggle,places_02753,place,Burger Square breakfast,Riyadh,Riyadh
RYD_001429,riyadh_places_kaggle,places_07691,place,Burger Square,Riyadh,Riyadh
RYD_001430,riyadh_places_kaggle,places_06047,place,Burger Tuiq,Riyadh,Riyadh
RYD_001431,riyadh_places_kaggle,places_01580,place,Burger UP,Riyadh,Riyadh
RYD_001432,riyadh_places_kaggle,places_06675,place,Burger Zone,Riyadh,Riyadh
RYD_001433,riyadh_places_kaggle,places_06122,place,Burger addresses,Riyadh,Riyadh
RYD_001434,riyadh_places_kaggle,places_02363,place,Burger and juices Badr,Riyadh,Riyadh
RYD_001435,riyadh_places_kaggle,places_08231,place,Burger and juices Badr,Riyadh,Riyadh
RYD_001436,riyadh_places_kaggle,places_02375,place,Burger meal,Riyadh,Riyadh
RYD_001437,riyadh_places_kaggle,places_02624,place,Burger one,Riyadh,Riyadh
RYD_001438,riyadh_places_kaggle,places_00758,place,Burgeration,Riyadh,Riyadh
RYD_001439,riyadh_places_kaggle,places_01308,place,Burgeration,Riyadh,Riyadh
RYD_001440,riyadh_places_kaggle,places_02568,place,Burgeration,Riyadh,Riyadh
RYD_001441,riyadh_places_kaggle,places_05528,place,Burgeration,Riyadh,Riyadh
RYD_001442,riyadh_places_kaggle,places_08424,place,Burgeration,Riyadh,Riyadh
RYD_001443,riyadh_places_kaggle,places_01775,place,Burgereez,Riyadh,Riyadh
RYD_001444,riyadh_places_kaggle,places_00157,place,Burgerie,Riyadh,Riyadh
RYD_001445,riyadh_places_kaggle,places_03176,place,Burgerie,Riyadh,Riyadh
RYD_001446,riyadh_places_kaggle,places_06920,place,Burgerie,Riyadh,Riyadh
RYD_001447,riyadh_places_kaggle,places_00450,place,Burgerizzr,Riyadh,Riyadh
RYD_001448,riyadh_places_kaggle,places_00652,place,Burgerizzr,Riyadh,Riyadh
RYD_001449,riyadh_places_kaggle,places_00757,place,Burgerizzr,Riyadh,Riyadh
RYD_001450,riyadh_places_kaggle,places_01517,place,Burgerizzr,Riyadh,Riyadh
RYD_001451,riyadh_places_kaggle,places_02328,place,Burgerizzr,Riyadh,Riyadh
RYD_001452,riyadh_places_kaggle,places_02486,place,Burgerizzr,Riyadh,Riyadh
RYD_001453,riyadh_places_kaggle,places_02550,place,Burgerizzr,Riyadh,Riyadh
RYD_001454,riyadh_places_kaggle,places_05315,place,Burgerizzr,Riyadh,Riyadh
RYD_001455,riyadh_places_kaggle,places_06793,place,Burgerizzr,Riyadh,Riyadh
RYD_001456,riyadh_places_kaggle,places_07450,place,Burgerizzr,Riyadh,Riyadh
RYD_001457,riyadh_places_kaggle,places_08067,place,Burgerizzr,Riyadh,Riyadh
RYD_001458,riyadh_places_kaggle,places_08661,place,Burgerizzr,Riyadh,Riyadh
RYD_001459,riyadh_places_kaggle,places_00607,place,Burj Al Hamam,Riyadh,Riyadh
RYD_001460,riyadh_places_kaggle,places_01980,place,Burj Al Hamam,Riyadh,Riyadh
RYD_001461,riyadh_places_kaggle,places_03164,place,Burj Al Hamam,Riyadh,Riyadh
RYD_001462,booking_kaggle,hotels_00947,hotel,Burj Alhayah Hotel Suites Alfalah,Riyadh,Riyadh
RYD_001463,riyadh_places_kaggle,places_04771,place,Burj Alkibab,Riyadh,Riyadh
RYD_001464,booking_kaggle,hotels_00058,hotel,Burj Rafal Hotel Riyadh,Riyadh,Riyadh
RYD_001465,riyadh_places_kaggle,places_01480,place,Burn &amp; Build Since 2017,Riyadh,Riyadh
RYD_001466,riyadh_places_kaggle,places_00773,place,Burrito Boys,Riyadh,Riyadh
RYD_001467,riyadh_places_kaggle,places_05971,place,Bursa Kebap Evi,Riyadh,Riyadh
RYD_001468,riyadh_places_kaggle,places_06371,place,Business Coffee,Riyadh,Riyadh
RYD_001469,riyadh_places_kaggle,places_05076,place,Butcher Loaf,Riyadh,Riyadh
RYD_001470,riyadh_places_kaggle,places_03782,place,Buthaina for Laqimat,Riyadh,Riyadh
RYD_001471,riyadh_places_kaggle,places_07446,place,Buthaina for Laqimat,Riyadh,Riyadh
RYD_001472,riyadh_places_kaggle,places_05875,place,Butt Karahi Village,Riyadh,Riyadh
RYD_001473,riyadh_places_kaggle,places_04006,place,Butter,Riyadh,Riyadh
RYD_001474,riyadh_places_kaggle,places_00661,place,Buttermilk,Riyadh,Riyadh
RYD_001475,riyadh_places_kaggle,places_06578,place,Buzz Bite,Riyadh,Riyadh
RYD_001476,riyadh_places_kaggle,places_03360,place,Buzz bite,Riyadh,Riyadh
RYD_001477,riyadh_places_kaggle,places_00696,place,Byt Al Hamam,Riyadh,Riyadh
RYD_001477,riyadh_places_kaggle,places_01213,place,Hamam Abdoh,Riyadh,Riyadh
RYD_001478,riyadh_places_kaggle,places_05011,place,Byt Al Hamam,Riyadh,Riyadh
RYD_001479,riyadh_places_kaggle,places_01063,place,C - Kitchen,Riyadh,Riyadh
RYD_001480,riyadh_places_kaggle,places_03990,place,C - Kitchen,Riyadh,Riyadh
RYD_001481,riyadh_places_kaggle,places_08558,place,C 20,Riyadh,Riyadh
RYD_001482,riyadh_places_kaggle,places_07980,place,C Square Cafe,Riyadh,Riyadh
RYD_001483,riyadh_places_kaggle,places_03258,place,CAFE TALE,Riyadh,Riyadh
RYD_001484,riyadh_places_kaggle,places_05940,place,CAKE CAMP CAFE AND SWEETS,Riyadh,Riyadh
RYD_001485,riyadh_places_kaggle,places_01505,place,CALORIGHT,Riyadh,Riyadh
RYD_001486,riyadh_places_kaggle,places_03509,place,CANELÉS,Riyadh,Riyadh
RYD_001487,riyadh_places_kaggle,places_06518,place,CANELÉS,Riyadh,Riyadh
RYD_001488,riyadh_places_kaggle,places_08808,place,CANELÉS,Riyadh,Riyadh
RYD_001489,riyadh_places_kaggle,places_04062,place,CAPTAIN CHEF,Riyadh,Riyadh
RYD_001490,riyadh_places_kaggle,places_03801,place,CARO,Riyadh,Riyadh
RYD_001491,riyadh_places_kaggle,places_02952,place,CAST,Riyadh,Riyadh
RYD_001492,riyadh_places_kaggle,places_07618,place,CAST,Riyadh,Riyadh
RYD_001493,riyadh_places_kaggle,places_03033,place,CAVEMAN FOOD,Riyadh,Riyadh
RYD_001494,riyadh_places_kaggle,places_04514,place,CAYK,Riyadh,Riyadh
RYD_001495,riyadh_places_kaggle,places_07746,place,CAYK,Riyadh,Riyadh
RYD_001496,riyadh_places_kaggle,places_04302,place,CC'S,Riyadh,Riyadh
RYD_001497,riyadh_places_kaggle,places_06471,place,CC'S,Riyadh,Riyadh
RYD_001498,riyadh_places_kaggle,places_03786,place,CFl Cafe COFFEE &amp; FLOWER,Riyadh,Riyadh
RYD_001499,riyadh_places_kaggle,places_04149,place,CHACLET,Riyadh,Riyadh
RYD_001499,riyadh_places_kaggle,places_07419,place,CHANTE,Riyadh,Riyadh
RYD_001500,riyadh_places_kaggle,places_04106,place,CHANTE,Riyadh,Riyadh
RYD_001501,riyadh_places_kaggle,places_08317,place,CHANTE,Riyadh,Riyadh
RYD_001502,riyadh_places_kaggle,places_05284,place,CHAPATI ALFREEJ,Riyadh,Riyadh
RYD_001503,riyadh_places_kaggle,places_03263,place,CHAPTER,Riyadh,Riyadh
RYD_001504,riyadh_places_kaggle,places_03423,place,CHAR'D,Riyadh,Riyadh
RYD_001505,riyadh_places_kaggle,places_05814,place,CHEEZY PHILL,Riyadh,Riyadh
RYD_001506,riyadh_places_kaggle,places_01183,place,CHEF SHAKIR,Riyadh,Riyadh
RYD_001507,riyadh_places_kaggle,places_04737,place,CHETRH,Riyadh,Riyadh
RYD_001508,riyadh_places_kaggle,places_07785,place,CHICKEN BASHA,Riyadh,Riyadh
RYD_001509,riyadh_places_kaggle,places_05947,place,CHICKEN LAND,Riyadh,Riyadh
RYD_001510,riyadh_places_kaggle,places_08069,place,CHICKEN LAND,Riyadh,Riyadh
RYD_001511,riyadh_places_kaggle,places_05180,place,CHICKENZY,Riyadh,Riyadh
RYD_001512,riyadh_places_kaggle,places_00756,place,CHILL,Riyadh,Riyadh
RYD_001513,riyadh_places_kaggle,places_04335,place,CHINO,Riyadh,Riyadh
RYD_001514,riyadh_places_kaggle,places_02481,place,CHKN,Riyadh,Riyadh
RYD_001515,riyadh_places_kaggle,places_03285,place,CHKN,Riyadh,Riyadh
RYD_001516,riyadh_places_kaggle,places_05374,place,CHKN,Riyadh,Riyadh
RYD_001517,riyadh_places_kaggle,places_06417,place,CHKN,Riyadh,Riyadh
RYD_001518,riyadh_places_kaggle,places_06767,place,CHKN,Riyadh,Riyadh
RYD_001519,riyadh_places_kaggle,places_07408,place,CHKN,Riyadh,Riyadh
RYD_001520,riyadh_places_kaggle,places_08819,place,CHOCOLATE PRINCE,Riyadh,Riyadh
RYD_001521,riyadh_places_kaggle,places_03542,place,CHOCOLATE SEASONS,Riyadh,Riyadh
RYD_001522,riyadh_places_kaggle,places_01453,place,CHOCOMELT,Riyadh,Riyadh
RYD_001523,riyadh_places_kaggle,places_06900,place,CHOCOMELT,Riyadh,Riyadh
RYD_001524,riyadh_places_kaggle,places_03785,place,CHOLLA,Riyadh,Riyadh
RYD_001525,riyadh_places_kaggle,places_05273,place,CHUDLEIGH'S,Riyadh,Riyadh
RYD_001526,riyadh_places_kaggle,places_00730,place,CHick BUN,Riyadh,Riyadh
RYD_001527,riyadh_places_kaggle,places_06698,place,CINNABON,Riyadh,Riyadh
RYD_001528,riyadh_places_kaggle,places_01799,place,CINO,Riyadh,Riyadh
RYD_001529,riyadh_places_kaggle,places_01116,place,CLEAVER BEEF SPAECIALIST,Riyadh,Riyadh
RYD_001530,riyadh_places_kaggle,places_03754,place,COBEE,Riyadh,Riyadh
RYD_001531,riyadh_places_kaggle,places_08538,place,COBEE,Riyadh,Riyadh
RYD_001532,riyadh_places_kaggle,places_03784,place,COCANI CAFE,Riyadh,Riyadh
RYD_001533,riyadh_places_kaggle,places_01370,place,CODA,Riyadh,Riyadh
RYD_001534,riyadh_places_kaggle,places_08303,place,CODA,Riyadh,Riyadh
RYD_001535,riyadh_places_kaggle,places_01375,place,COFFEE CODE,Riyadh,Riyadh
RYD_001536,riyadh_places_kaggle,places_05353,place,COFFEE CODE,Riyadh,Riyadh
RYD_001537,riyadh_places_kaggle,places_08322,place,COFFEE CODE,Riyadh,Riyadh
RYD_001538,riyadh_places_kaggle,places_01482,place,COFFEEOLOGY,Riyadh,Riyadh
RYD_001539,riyadh_places_kaggle,places_02652,place,COFLEUR,Riyadh,Riyadh
RYD_001540,riyadh_places_kaggle,places_01243,place,COHO,Riyadh,Riyadh
RYD_001541,riyadh_places_kaggle,places_00886,place,COMIO,Riyadh,Riyadh
RYD_001542,riyadh_places_kaggle,places_01986,place,COMIO,Riyadh,Riyadh
RYD_001543,riyadh_places_kaggle,places_02546,place,COMIO,Riyadh,Riyadh
RYD_001544,riyadh_places_kaggle,places_00527,place,COOKIESN'CREAM,Riyadh,Riyadh
RYD_001545,riyadh_places_kaggle,places_02168,place,COOKIESN'CREAM,Riyadh,Riyadh
RYD_001546,riyadh_places_kaggle,places_03795,place,COOKIESN'CREAM,Riyadh,Riyadh
RYD_001547,riyadh_places_kaggle,places_06835,place,COOKIESN'CREAM,Riyadh,Riyadh
RYD_001548,riyadh_places_kaggle,places_07250,place,COOKIESN'CREAM,Riyadh,Riyadh
RYD_001549,riyadh_places_kaggle,places_02621,place,COOKR,Riyadh,Riyadh
RYD_001550,riyadh_places_kaggle,places_02804,place,CORE COFFEE &amp; ROASTERY,Riyadh,Riyadh
RYD_001551,riyadh_places_kaggle,places_07616,place,CORE COFFEE &amp; ROASTERY,Riyadh,Riyadh
RYD_001552,riyadh_places_kaggle,places_02772,place,CRAFT BAKERY,Riyadh,Riyadh
RYD_001553,riyadh_places_kaggle,places_03541,place,CRAFT BAKERY,Riyadh,Riyadh
RYD_001554,riyadh_places_kaggle,places_05359,place,CRAFT BAKERY,Riyadh,Riyadh
RYD_001555,riyadh_places_kaggle,places_07394,place,CRAFT BAKERY,Riyadh,Riyadh
RYD_001556,riyadh_places_kaggle,places_08747,place,CRAFT BAKERY,Riyadh,Riyadh
RYD_001557,riyadh_places_kaggle,places_03210,place,CREATIVE KITCHEN,Riyadh,Riyadh
RYD_001558,riyadh_places_kaggle,places_05569,place,CREATIVE KITCHEN,Riyadh,Riyadh
RYD_001559,riyadh_places_kaggle,places_07713,place,CREATIVE KITCHEN,Riyadh,Riyadh
RYD_001560,riyadh_places_kaggle,places_08731,place,CREATIVE KITCHEN,Riyadh,Riyadh
RYD_001561,riyadh_places_kaggle,places_02645,place,CREPE CAR,Riyadh,Riyadh
RYD_001562,riyadh_places_kaggle,places_02806,place,CREPES DES ALPES,Riyadh,Riyadh
RYD_001563,riyadh_places_kaggle,places_06156,place,CROCCANTE,Riyadh,Riyadh
RYD_001564,riyadh_places_kaggle,places_02750,place,CROSS,Riyadh,Riyadh
RYD_001565,riyadh_places_kaggle,places_06326,place,CTR,Riyadh,Riyadh
RYD_001566,riyadh_places_kaggle,places_00434,place,CU Specialty coffee,Riyadh,Riyadh
RYD_001567,riyadh_places_kaggle,places_04482,place,CU Specialty coffee,Riyadh,Riyadh
RYD_001568,riyadh_places_kaggle,places_04541,place,CUBE,Riyadh,Riyadh
RYD_001569,riyadh_places_kaggle,places_05996,place,CUPARDO COFFEE,Riyadh,Riyadh
RYD_001570,riyadh_places_kaggle,places_00009,place,CUSINA,Riyadh,Riyadh
RYD_001571,riyadh_places_kaggle,places_00352,place,CUSINA,Riyadh,Riyadh
RYD_001572,riyadh_places_kaggle,places_00898,place,CUSINA,Riyadh,Riyadh
RYD_001573,riyadh_places_kaggle,places_07663,place,CUSINA,Riyadh,Riyadh
RYD_001574,riyadh_places_kaggle,places_00004,place,CUSINA Cafe,Riyadh,Riyadh
RYD_001575,riyadh_places_kaggle,places_04414,place,CYPRESS Coffee &amp; Roastery,Riyadh,Riyadh
RYD_001576,riyadh_places_kaggle,places_01561,place,Cabana,Riyadh,Riyadh
RYD_001577,riyadh_places_kaggle,places_04331,place,Cady Flower,Riyadh,Riyadh
RYD_001578,riyadh_places_kaggle,places_04609,place,Cady Sweets,Riyadh,Riyadh
RYD_001579,riyadh_places_kaggle,places_05711,place,Cady Sweets,Riyadh,Riyadh
RYD_001580,riyadh_places_kaggle,places_07431,place,Cady Sweets,Riyadh,Riyadh
RYD_001581,riyadh_places_kaggle,places_05015,place,Caf Lab,Riyadh,Riyadh
RYD_001582,riyadh_places_kaggle,places_00577,place,Caf Teria,Riyadh,Riyadh
RYD_001583,riyadh_places_kaggle,places_00834,place,Cafe Bateel,Riyadh,Riyadh
RYD_001584,riyadh_places_kaggle,places_00978,place,Cafe Bateel,Riyadh,Riyadh
RYD_001585,riyadh_places_kaggle,places_05981,place,Cafe Ranah,Riyadh,Riyadh
RYD_001586,riyadh_places_kaggle,places_01448,place,Cafeto Cafe,Riyadh,Riyadh
RYD_001587,riyadh_places_kaggle,places_05783,place,Caffeination,Riyadh,Riyadh
RYD_001588,riyadh_places_kaggle,places_08195,place,Caffeine Day,Riyadh,Riyadh
RYD_001589,riyadh_places_kaggle,places_01285,place,Caffè Bene,Riyadh,Riyadh
RYD_001590,riyadh_places_kaggle,places_03430,place,Caizer,Riyadh,Riyadh
RYD_001591,riyadh_places_kaggle,places_01456,place,Cake &amp; Bake,Riyadh,Riyadh
RYD_001592,riyadh_places_kaggle,places_04719,place,Cake House,Riyadh,Riyadh
RYD_001593,riyadh_places_kaggle,places_05535,place,Cake House,Riyadh,Riyadh
RYD_001594,riyadh_places_kaggle,places_08268,place,Cake House,Riyadh,Riyadh
RYD_001595,riyadh_places_kaggle,places_04796,place,Cake Me Out,Riyadh,Riyadh
RYD_001596,riyadh_places_kaggle,places_08497,place,Cake Me Out,Riyadh,Riyadh
RYD_001597,riyadh_places_kaggle,places_03482,place,Cake Studio,Riyadh,Riyadh
RYD_001598,riyadh_places_kaggle,places_08353,place,Cake and cheese,Riyadh,Riyadh
RYD_001599,riyadh_places_kaggle,places_03233,place,Cake me out,Riyadh,Riyadh
RYD_001600,riyadh_places_kaggle,places_07689,place,Cake me out,Riyadh,Riyadh
RYD_001601,riyadh_places_kaggle,places_04021,place,Cakeology,Riyadh,Riyadh
RYD_001601,riyadh_places_kaggle,places_04022,place,Kunafology,Riyadh,Riyadh
RYD_001602,riyadh_places_kaggle,places_07630,place,Cakeology,Riyadh,Riyadh
RYD_001603,riyadh_places_kaggle,places_08056,place,Cakeology,Riyadh,Riyadh
RYD_001604,riyadh_places_kaggle,places_05167,place,Cakoolata,Riyadh,Riyadh
RYD_001605,riyadh_places_kaggle,places_00737,place,Calculeat,Riyadh,Riyadh
RYD_001606,riyadh_places_kaggle,places_03861,place,Calculeat,Riyadh,Riyadh
RYD_001607,riyadh_places_kaggle,places_02342,place,Calcutta,Riyadh,Riyadh
RYD_001608,riyadh_places_kaggle,places_01855,place,CaliCtus,Riyadh,Riyadh
RYD_001609,riyadh_places_kaggle,places_05069,place,Call Me Margherita,Riyadh,Riyadh
RYD_001610,riyadh_places_kaggle,places_03046,place,Callen Haze,Riyadh,Riyadh
RYD_001611,riyadh_places_kaggle,places_05720,place,Callen Haze,Riyadh,Riyadh
RYD_001612,riyadh_places_kaggle,places_06530,place,Callen Haze,Riyadh,Riyadh
RYD_001613,riyadh_places_kaggle,places_01948,place,Calzone House,Riyadh,Riyadh
RYD_001614,riyadh_places_kaggle,places_00997,place,Camel Step,Riyadh,Riyadh
RYD_001615,riyadh_places_kaggle,places_01793,place,Camel Step,Riyadh,Riyadh
RYD_001616,riyadh_places_kaggle,places_04553,place,Campagna di caffè,Riyadh,Riyadh
RYD_001616,riyadh_places_kaggle,places_04554,place,Campagna Di Pizza,Riyadh,Riyadh
RYD_001617,riyadh_places_kaggle,places_00180,place,Can,Riyadh,Riyadh
RYD_001618,riyadh_places_kaggle,places_02690,place,Can,Riyadh,Riyadh
RYD_001619,riyadh_places_kaggle,places_06499,place,Can,Riyadh,Riyadh
RYD_001620,riyadh_places_kaggle,places_00832,place,Candira,Riyadh,Riyadh
RYD_001621,riyadh_places_kaggle,places_01484,place,Candira,Riyadh,Riyadh
RYD_001622,riyadh_places_kaggle,places_03568,place,Candira,Riyadh,Riyadh
RYD_001623,riyadh_places_kaggle,places_07244,place,Candira,Riyadh,Riyadh
RYD_001624,riyadh_places_kaggle,places_08237,place,Candira,Riyadh,Riyadh
RYD_001625,riyadh_places_kaggle,places_04527,place,Canteen,Riyadh,Riyadh
RYD_001626,riyadh_places_kaggle,places_07606,place,Canteen,Riyadh,Riyadh
RYD_001627,riyadh_places_kaggle,places_00131,place,Canton,Riyadh,Riyadh
RYD_001628,riyadh_places_kaggle,places_00202,place,Canton,Riyadh,Riyadh
RYD_001629,riyadh_places_kaggle,places_00484,place,Canton,Riyadh,Riyadh
RYD_001630,riyadh_places_kaggle,places_00685,place,Canton,Riyadh,Riyadh
RYD_001631,riyadh_places_kaggle,places_01907,place,Canton,Riyadh,Riyadh
RYD_001632,riyadh_places_kaggle,places_02638,place,Canton,Riyadh,Riyadh
RYD_001633,riyadh_places_kaggle,places_02865,place,Canton,Riyadh,Riyadh
RYD_001634,riyadh_places_kaggle,places_05326,place,Canton,Riyadh,Riyadh
RYD_001635,riyadh_places_kaggle,places_06400,place,Canton,Riyadh,Riyadh
RYD_001636,riyadh_places_kaggle,places_06716,place,Canton,Riyadh,Riyadh
RYD_001637,riyadh_places_kaggle,places_06748,place,Canton,Riyadh,Riyadh
RYD_001638,riyadh_places_kaggle,places_07401,place,Canton,Riyadh,Riyadh
RYD_001639,riyadh_places_kaggle,places_04289,place,Canvas Restaurant,Riyadh,Riyadh
RYD_001640,riyadh_places_kaggle,places_03301,place,Caoua,Riyadh,Riyadh
RYD_001641,booking_kaggle,hotels_00320,hotel,Capital O 162 Brzeen Hotel,Riyadh,Riyadh
RYD_001642,booking_kaggle,hotels_00316,hotel,Capital O 419 Al Safeer Hotel,Riyadh,Riyadh
RYD_001643,riyadh_places_kaggle,places_01490,place,Capriani gelato &amp; Coffee,Riyadh,Riyadh
RYD_001644,riyadh_places_kaggle,places_00272,place,Carameel day,Riyadh,Riyadh
RYD_001645,riyadh_places_kaggle,places_02716,place,Carameel day,Riyadh,Riyadh
RYD_001646,riyadh_places_kaggle,places_06501,place,Carameel day,Riyadh,Riyadh
RYD_001647,riyadh_places_kaggle,places_08780,place,Carameel day,Riyadh,Riyadh
RYD_001648,riyadh_places_kaggle,places_02592,place,Caramel Sweet,Riyadh,Riyadh
RYD_001649,riyadh_places_kaggle,places_03841,place,Carbless,Riyadh,Riyadh
RYD_001650,riyadh_places_kaggle,places_05559,place,Carbless,Riyadh,Riyadh
RYD_001651,riyadh_places_kaggle,places_06863,place,Carbless,Riyadh,Riyadh
RYD_001652,riyadh_places_kaggle,places_07326,place,Carbless,Riyadh,Riyadh
RYD_001653,riyadh_places_kaggle,places_08821,place,Carbo cafe,Riyadh,Riyadh
RYD_001654,riyadh_places_kaggle,places_00166,place,Caribou Coffee,Riyadh,Riyadh
RYD_001655,riyadh_places_kaggle,places_00616,place,Caribou Coffee,Riyadh,Riyadh
RYD_001656,riyadh_places_kaggle,places_01861,place,Caribou Coffee,Riyadh,Riyadh
RYD_001657,riyadh_places_kaggle,places_02619,place,Caribou Coffee,Riyadh,Riyadh
RYD_001658,riyadh_places_kaggle,places_05339,place,Caribou Coffee,Riyadh,Riyadh
RYD_001659,riyadh_places_kaggle,places_07560,place,Caribou Coffee,Riyadh,Riyadh
RYD_001660,riyadh_places_kaggle,places_08491,place,Caribou Coffee,Riyadh,Riyadh
RYD_001661,riyadh_places_kaggle,places_06159,place,Carmel sweet,Riyadh,Riyadh
RYD_001662,riyadh_places_kaggle,places_05527,place,Carmey Chocolate,Riyadh,Riyadh
RYD_001663,riyadh_places_kaggle,places_07530,place,Carmey Chocolate,Riyadh,Riyadh
RYD_001664,riyadh_places_kaggle,places_08503,place,Carmey Chocolate,Riyadh,Riyadh
RYD_001665,riyadh_places_kaggle,places_04101,place,Carmola,Riyadh,Riyadh
RYD_001666,riyadh_places_kaggle,places_05362,place,Carmola,Riyadh,Riyadh
RYD_001667,riyadh_places_kaggle,places_07388,place,Carmola,Riyadh,Riyadh
RYD_001668,riyadh_places_kaggle,places_08742,place,Carmola,Riyadh,Riyadh
RYD_001669,riyadh_places_kaggle,places_03457,place,Carrefour,Riyadh,Riyadh
RYD_001670,riyadh_places_kaggle,places_06453,place,Carrefour,Riyadh,Riyadh
RYD_001671,riyadh_places_kaggle,places_07527,place,Carrefour,Riyadh,Riyadh
RYD_001672,riyadh_places_kaggle,places_08187,place,Carrefour,Riyadh,Riyadh
RYD_001673,riyadh_places_kaggle,places_05280,place,Carry Land,Riyadh,Riyadh
RYD_001674,riyadh_places_kaggle,places_04391,place,Casa Di Grano,Riyadh,Riyadh
RYD_001675,riyadh_places_kaggle,places_05676,place,Casho,Riyadh,Riyadh
RYD_001676,riyadh_places_kaggle,places_07733,place,Casho,Riyadh,Riyadh
RYD_001677,riyadh_places_kaggle,places_03005,place,Casper &amp; Gambini's,Riyadh,Riyadh
RYD_001678,riyadh_places_kaggle,places_06818,place,Casper &amp; Gambini's,Riyadh,Riyadh
RYD_001679,riyadh_places_kaggle,places_03610,place,Castel Saba,Riyadh,Riyadh
RYD_001680,riyadh_places_kaggle,places_06638,place,Castle grill,Riyadh,Riyadh
RYD_001681,riyadh_places_kaggle,places_00968,place,Catch22,Riyadh,Riyadh
RYD_001682,riyadh_places_kaggle,places_01568,place,Catch22,Riyadh,Riyadh
RYD_001683,riyadh_places_kaggle,places_01801,place,Catro Pizza,Riyadh,Riyadh
RYD_001684,entertainment_kaggle,entertainment_00319,entertainment,Cave Park,Riyadh,Riyadh
RYD_001685,entertainment_kaggle,entertainment_00349,entertainment,Cave Park,Riyadh,Riyadh
RYD_001686,riyadh_places_kaggle,places_03108,place,Celebration Time,Riyadh,Riyadh
RYD_001687,riyadh_places_kaggle,places_04096,place,Celia chocolate,Riyadh,Riyadh
RYD_001687,riyadh_places_kaggle,places_04097,place,velan chocolate,Riyadh,Riyadh
RYD_001688,riyadh_places_kaggle,places_06307,place,Cell Origin,Riyadh,Riyadh
RYD_001689,riyadh_places_kaggle,places_06019,place,Cell and cheese,Riyadh,Riyadh
RYD_001690,riyadh_places_kaggle,places_06990,place,Cell and cheese,Riyadh,Riyadh
RYD_001691,booking_kaggle,hotels_00149,hotel,Centro Olaya by Rotana,Riyadh,Riyadh
RYD_001692,riyadh_places_kaggle,places_00817,place,Century Burger,Riyadh,Riyadh
RYD_001692,riyadh_places_kaggle,places_00818,place,Flat Burger,Riyadh,Riyadh
RYD_001693,riyadh_places_kaggle,places_03497,place,Century Burger,Riyadh,Riyadh
RYD_001694,riyadh_places_kaggle,places_02811,place,Century Cafe,Riyadh,Riyadh
RYD_001695,riyadh_places_kaggle,places_04436,place,Ceremony,Riyadh,Riyadh
RYD_001696,riyadh_places_kaggle,places_01654,place,Cesaro Pizza &amp; Pasta,Riyadh,Riyadh
RYD_001697,riyadh_places_kaggle,places_07538,place,Cesaro Pizza &amp; Pasta,Riyadh,Riyadh
RYD_001698,riyadh_places_kaggle,places_03713,place,Chabo,Riyadh,Riyadh
RYD_001699,riyadh_places_kaggle,places_04425,place,Chai Walim,Riyadh,Riyadh
RYD_001700,riyadh_places_kaggle,places_02053,place,Chalo,Riyadh,Riyadh
RYD_001701,riyadh_places_kaggle,places_02158,place,Chalo,Riyadh,Riyadh
RYD_001702,riyadh_places_kaggle,places_02871,place,Chalo,Riyadh,Riyadh
RYD_001703,riyadh_places_kaggle,places_07237,place,Chalo,Riyadh,Riyadh
RYD_001704,riyadh_places_kaggle,places_01755,place,Champ Cookies,Riyadh,Riyadh
RYD_001705,riyadh_places_kaggle,places_04547,place,Chapati Rashid,Riyadh,Riyadh
RYD_001706,riyadh_places_kaggle,places_03966,place,Chapati and Karak Time,Riyadh,Riyadh
RYD_001707,riyadh_places_kaggle,places_03477,place,Chapati with Kark,Riyadh,Riyadh
RYD_001708,riyadh_places_kaggle,places_01770,place,Charcoza,Riyadh,Riyadh
RYD_001709,riyadh_places_kaggle,places_00422,place,Charley's Philly steaks,Riyadh,Riyadh
RYD_001710,riyadh_places_kaggle,places_00496,place,Charley's Philly steaks,Riyadh,Riyadh
RYD_001711,riyadh_places_kaggle,places_01282,place,Charley's Philly steaks,Riyadh,Riyadh
RYD_001712,riyadh_places_kaggle,places_02644,place,Charley's Philly steaks,Riyadh,Riyadh
RYD_001713,riyadh_places_kaggle,places_07120,place,Charley's Philly steaks,Riyadh,Riyadh
RYD_001714,riyadh_places_kaggle,places_00622,place,Chateau Marrakech,Riyadh,Riyadh
RYD_001715,riyadh_places_kaggle,places_04116,place,Chatelet,Riyadh,Riyadh
RYD_001716,riyadh_places_kaggle,places_05351,place,Chatelet,Riyadh,Riyadh
RYD_001716,riyadh_places_kaggle,places_05356,place,CHANTE,Riyadh,Riyadh
RYD_001717,riyadh_places_kaggle,places_07385,place,Chatelet,Riyadh,Riyadh
RYD_001718,riyadh_places_kaggle,places_01636,place,Cheeky Chicken,Riyadh,Riyadh
RYD_001718,riyadh_places_kaggle,places_01646,place,Bak Bak Chicken,Riyadh,Riyadh
RYD_001719,riyadh_places_kaggle,places_02101,place,Cheeky Chicken,Riyadh,Riyadh
RYD_001720,riyadh_places_kaggle,places_02141,place,Cheeky Chicken,Riyadh,Riyadh
RYD_001721,riyadh_places_kaggle,places_03901,place,Cheers,Riyadh,Riyadh
RYD_001722,riyadh_places_kaggle,places_04072,place,Cheese Platter,Riyadh,Riyadh
RYD_001723,riyadh_places_kaggle,places_07004,place,Cheese Platter,Riyadh,Riyadh
RYD_001724,riyadh_places_kaggle,places_00085,place,Cheeso pizza,Riyadh,Riyadh
RYD_001725,riyadh_places_kaggle,places_08020,place,Cheeso pizza,Riyadh,Riyadh
RYD_001725,riyadh_places_kaggle,places_08021,place,Hot pizza,Riyadh,Riyadh
RYD_001726,riyadh_places_kaggle,places_02545,place,Chef Ahmed,Riyadh,Riyadh
RYD_001727,riyadh_places_kaggle,places_02285,place,Chef Al Haneeth,Riyadh,Riyadh
RYD_001728,riyadh_places_kaggle,places_05028,place,Chef AlSham,Riyadh,Riyadh
RYD_001729,riyadh_places_kaggle,places_05918,place,Chef Biryani,Riyadh,Riyadh
RYD_001730,riyadh_places_kaggle,places_01245,place,Chef Khulood,Riyadh,Riyadh
RYD_001731,riyadh_places_kaggle,places_02817,place,Chef Maram house,Riyadh,Riyadh
RYD_001732,riyadh_places_kaggle,places_06469,place,Chef Maram house,Riyadh,Riyadh
RYD_001733,riyadh_places_kaggle,places_00400,place,Chef Sanaa,Riyadh,Riyadh
RYD_001734,riyadh_places_kaggle,places_00113,place,Chef World,Riyadh,Riyadh
RYD_001735,riyadh_places_kaggle,places_04986,place,Chef Yemen,Riyadh,Riyadh
RYD_001736,riyadh_places_kaggle,places_06339,place,Chef radawan,Riyadh,Riyadh
RYD_001737,riyadh_places_kaggle,places_01078,place,Chef's Burger,Riyadh,Riyadh
RYD_001738,riyadh_places_kaggle,places_01522,place,Chef's Burger,Riyadh,Riyadh
RYD_001739,riyadh_places_kaggle,places_06093,place,Chefalmanar,Riyadh,Riyadh
RYD_001740,riyadh_places_kaggle,places_01612,place,ChefsSpoon,Riyadh,Riyadh
RYD_001741,riyadh_places_kaggle,places_05889,place,Chef’s Bite,Riyadh,Riyadh
RYD_001742,riyadh_places_kaggle,places_04533,place,Cherry Candy,Riyadh,Riyadh
RYD_001743,riyadh_places_kaggle,places_04574,place,Cherry grills,Riyadh,Riyadh
RYD_001744,riyadh_places_kaggle,places_08746,place,Cherry grills,Riyadh,Riyadh
RYD_001745,riyadh_places_kaggle,places_01160,place,Chestnut,Riyadh,Riyadh
RYD_001746,riyadh_places_kaggle,places_03500,place,Chestnut,Riyadh,Riyadh
RYD_001747,riyadh_places_kaggle,places_00923,place,Chez Lily's,Riyadh,Riyadh
RYD_001748,riyadh_places_kaggle,places_04602,place,Chezzz,Riyadh,Riyadh
RYD_001749,riyadh_places_kaggle,places_08616,place,Chezzz,Riyadh,Riyadh
RYD_001750,riyadh_places_kaggle,places_01549,place,Chi,Riyadh,Riyadh
RYD_001751,riyadh_places_kaggle,places_02034,place,Chic Flic - Fried Chicken,Riyadh,Riyadh
RYD_001751,riyadh_places_kaggle,places_02049,place,TWSTD - Fried Chicken,Riyadh,Riyadh
RYD_001752,riyadh_places_kaggle,places_04946,place,Chick,Riyadh,Riyadh
RYD_001753,riyadh_places_kaggle,places_01494,place,Chick N Bun,Riyadh,Riyadh
RYD_001754,riyadh_places_kaggle,places_01955,place,Chick N Bun,Riyadh,Riyadh
RYD_001755,riyadh_places_kaggle,places_03211,place,Chick N Bun,Riyadh,Riyadh
RYD_001756,riyadh_places_kaggle,places_06803,place,Chick N Bun,Riyadh,Riyadh
RYD_001757,riyadh_places_kaggle,places_07541,place,Chick N Bun,Riyadh,Riyadh
RYD_001758,riyadh_places_kaggle,places_08449,place,Chick N Bun,Riyadh,Riyadh
RYD_001759,riyadh_places_kaggle,places_08702,place,Chick N Bun,Riyadh,Riyadh
RYD_001760,riyadh_places_kaggle,places_04929,place,Chick N Crunch,Riyadh,Riyadh
RYD_001761,riyadh_places_kaggle,places_04661,place,Chick n Chill,Riyadh,Riyadh
RYD_001762,riyadh_places_kaggle,places_04768,place,Chicken Basha,Riyadh,Riyadh
RYD_001763,riyadh_places_kaggle,places_06912,place,Chicken Basha,Riyadh,Riyadh
RYD_001764,riyadh_places_kaggle,places_02038,place,Chicken Bros,Riyadh,Riyadh
RYD_001765,riyadh_places_kaggle,places_02843,place,Chicken Bros,Riyadh,Riyadh
RYD_001766,riyadh_places_kaggle,places_00631,place,Chicken Day,Riyadh,Riyadh
RYD_001767,riyadh_places_kaggle,places_01311,place,Chicken Day,Riyadh,Riyadh
RYD_001768,riyadh_places_kaggle,places_04606,place,Chicken Land,Riyadh,Riyadh
RYD_001769,riyadh_places_kaggle,places_06947,place,Chicken Land,Riyadh,Riyadh
RYD_001770,riyadh_places_kaggle,places_06857,place,Chicken and Chops,Riyadh,Riyadh
RYD_001771,riyadh_places_kaggle,places_01760,place,Chicken army,Riyadh,Riyadh
RYD_001772,riyadh_places_kaggle,places_01937,place,Chicken army,Riyadh,Riyadh
RYD_001773,riyadh_places_kaggle,places_07187,place,Chicken army,Riyadh,Riyadh
RYD_001774,riyadh_places_kaggle,places_08253,place,Chicken army,Riyadh,Riyadh
RYD_001775,riyadh_places_kaggle,places_03961,place,Chickencoop,Riyadh,Riyadh
RYD_001776,riyadh_places_kaggle,places_07537,place,Chickencoop,Riyadh,Riyadh
RYD_001777,riyadh_places_kaggle,places_08716,place,Chickencoop,Riyadh,Riyadh
RYD_001778,riyadh_places_kaggle,places_02150,place,Chicks Lab,Riyadh,Riyadh
RYD_001779,riyadh_places_kaggle,places_02520,place,Chicks Lab,Riyadh,Riyadh
RYD_001780,riyadh_places_kaggle,places_05634,place,Chicks Lab,Riyadh,Riyadh
RYD_001781,riyadh_places_kaggle,places_07566,place,Chicks Lab,Riyadh,Riyadh
RYD_001782,riyadh_places_kaggle,places_03110,place,Chicksville,Riyadh,Riyadh
RYD_001783,riyadh_places_kaggle,places_05915,place,Chido,Riyadh,Riyadh
RYD_001784,entertainment_kaggle,entertainment_00487,entertainment,Chifty شفتي,Riyadh,Riyadh
RYD_001785,entertainment_kaggle,entertainment_00497,entertainment,Chifty شفتي,Riyadh,Riyadh
RYD_001786,entertainment_kaggle,entertainment_00514,entertainment,Chifty شفتي,Riyadh,Riyadh
RYD_001787,riyadh_places_kaggle,places_06022,place,Child Care,Riyadh,Riyadh
RYD_001788,riyadh_places_kaggle,places_00391,place,Childrens with Disability Association,Riyadh,Riyadh
RYD_001789,riyadh_places_kaggle,places_00904,place,Chili's,Riyadh,Riyadh
RYD_001790,riyadh_places_kaggle,places_05252,place,Chingari by Red Chilli,Riyadh,Riyadh
RYD_001791,riyadh_places_kaggle,places_00566,place,Chinwa Restaurant,Riyadh,Riyadh
RYD_001792,riyadh_places_kaggle,places_04774,place,Cho,Riyadh,Riyadh
RYD_001793,riyadh_places_kaggle,places_04466,place,Choc,Riyadh,Riyadh
RYD_001794,riyadh_places_kaggle,places_07562,place,Choco Flakes,Riyadh,Riyadh
RYD_001795,riyadh_places_kaggle,places_06094,place,Choco Time,Riyadh,Riyadh
RYD_001796,riyadh_places_kaggle,places_03449,place,Chocobake,Riyadh,Riyadh
RYD_001797,riyadh_places_kaggle,places_06829,place,Chocolate Recipe,Riyadh,Riyadh
RYD_001798,riyadh_places_kaggle,places_01152,place,Chocoloco,Riyadh,Riyadh
RYD_001799,riyadh_places_kaggle,places_06297,place,Choose your juice,Riyadh,Riyadh
RYD_001800,riyadh_places_kaggle,places_03226,place,Choowy Goowy,Riyadh,Riyadh
RYD_001801,riyadh_places_kaggle,places_04028,place,Chop burger,Riyadh,Riyadh
RYD_001802,riyadh_places_kaggle,places_05933,place,Chopped,Riyadh,Riyadh
RYD_001803,riyadh_places_kaggle,places_00002,place,Chowking,Riyadh,Riyadh
RYD_001804,riyadh_places_kaggle,places_01210,place,Chowking,Riyadh,Riyadh
RYD_001805,riyadh_places_kaggle,places_03206,place,Chuck E Cheese,Riyadh,Riyadh
RYD_001806,riyadh_places_kaggle,places_07516,place,Chuck E Cheese,Riyadh,Riyadh
RYD_001807,riyadh_places_kaggle,places_08707,place,Chuck E Cheese,Riyadh,Riyadh
RYD_001808,riyadh_places_kaggle,places_01019,place,Chuck E Cheese's,Riyadh,Riyadh
RYD_001809,entertainment_kaggle,entertainment_00382,entertainment,Chuck E Cheese's,Riyadh,Riyadh
RYD_001810,entertainment_kaggle,entertainment_00390,entertainment,Chuck E Cheese's,Riyadh,Riyadh
RYD_001811,entertainment_kaggle,entertainment_00472,entertainment,Chuck E Cheese's,Riyadh,Riyadh
RYD_001812,entertainment_kaggle,entertainment_00482,entertainment,Chuck E Cheese's,Riyadh,Riyadh
RYD_001813,entertainment_kaggle,entertainment_00447,entertainment,Chuck E. Cheese,Riyadh,Riyadh
RYD_001814,entertainment_kaggle,entertainment_00476,entertainment,Chuck E. Cheese,Riyadh,Riyadh
RYD_001815,entertainment_kaggle,entertainment_00377,entertainment,Chuck E. Cheese's,Riyadh,Riyadh
RYD_001816,entertainment_kaggle,entertainment_00404,entertainment,Chuck E. Cheese's,Riyadh,Riyadh
RYD_001817,riyadh_places_kaggle,places_08073,place,Chuck the burger,Riyadh,Riyadh
RYD_001818,entertainment_kaggle,entertainment_00452,entertainment,ChuckE cheese,Riyadh,Riyadh
RYD_001819,entertainment_kaggle,entertainment_00461,entertainment,ChuckE cheese,Riyadh,Riyadh
RYD_001820,riyadh_places_kaggle,places_00966,place,Chunk,Riyadh,Riyadh
RYD_001821,riyadh_places_kaggle,places_01306,place,Chunk,Riyadh,Riyadh
RYD_001822,riyadh_places_kaggle,places_03415,place,Chunk,Riyadh,Riyadh
RYD_001823,riyadh_places_kaggle,places_08745,place,Chunk,Riyadh,Riyadh
RYD_001824,riyadh_places_kaggle,places_04970,place,Churro Fingerz,Riyadh,Riyadh
RYD_001825,riyadh_places_kaggle,places_03706,place,Churros Joy,Riyadh,Riyadh
RYD_001826,riyadh_places_kaggle,places_03403,place,Churros World,Riyadh,Riyadh
RYD_001826,riyadh_places_kaggle,places_03404,place,Churros Land,Riyadh,Riyadh
RYD_001827,riyadh_places_kaggle,places_03917,place,CiA Shawarma,Riyadh,Riyadh
RYD_001828,riyadh_places_kaggle,places_04627,place,Cilicia,Riyadh,Riyadh
RYD_001829,riyadh_places_kaggle,places_01280,place,Cinaroma,Riyadh,Riyadh
RYD_001830,riyadh_places_kaggle,places_00264,place,Cinnabiscuits,Riyadh,Riyadh
RYD_001831,riyadh_places_kaggle,places_03531,place,Cinnabiscuits,Riyadh,Riyadh
RYD_001832,riyadh_places_kaggle,places_04257,place,Cinnabiscuits,Riyadh,Riyadh
RYD_001833,riyadh_places_kaggle,places_07358,place,Cinnabiscuits,Riyadh,Riyadh
RYD_001834,riyadh_places_kaggle,places_08774,place,Cinnabiscuits,Riyadh,Riyadh
RYD_001835,riyadh_places_kaggle,places_00061,place,Cinnabon,Riyadh,Riyadh
RYD_001836,riyadh_places_kaggle,places_00518,place,Cinnabon,Riyadh,Riyadh
RYD_001837,riyadh_places_kaggle,places_00676,place,Cinnabon,Riyadh,Riyadh
RYD_001838,riyadh_places_kaggle,places_00991,place,Cinnabon,Riyadh,Riyadh
RYD_001839,riyadh_places_kaggle,places_01257,place,Cinnabon,Riyadh,Riyadh
RYD_001840,riyadh_places_kaggle,places_01910,place,Cinnabon,Riyadh,Riyadh
RYD_001841,riyadh_places_kaggle,places_02462,place,Cinnabon,Riyadh,Riyadh
RYD_001842,riyadh_places_kaggle,places_02485,place,Cinnabon,Riyadh,Riyadh
RYD_001843,riyadh_places_kaggle,places_02794,place,Cinnabon,Riyadh,Riyadh
RYD_001844,riyadh_places_kaggle,places_04690,place,Cinnabon,Riyadh,Riyadh
RYD_001845,riyadh_places_kaggle,places_05920,place,Cinnabon,Riyadh,Riyadh
RYD_001846,riyadh_places_kaggle,places_06439,place,Cinnabon,Riyadh,Riyadh
RYD_001847,riyadh_places_kaggle,places_06938,place,Cinnabon,Riyadh,Riyadh
RYD_001848,riyadh_places_kaggle,places_07099,place,Cinnabon,Riyadh,Riyadh
RYD_001849,riyadh_places_kaggle,places_08638,place,Cinnabon,Riyadh,Riyadh
RYD_001850,riyadh_places_kaggle,places_01595,place,Cinnabon Azhar,Riyadh,Riyadh
RYD_001851,riyadh_places_kaggle,places_06286,place,Cinnabon Stan,Riyadh,Riyadh
RYD_001852,riyadh_places_kaggle,places_03363,place,Cinnamon Bakery,Riyadh,Riyadh
RYD_001853,riyadh_places_kaggle,places_06334,place,Cinnamon oven,Riyadh,Riyadh
RYD_001854,riyadh_places_kaggle,places_01191,place,Cinnzeo,Riyadh,Riyadh
RYD_001855,riyadh_places_kaggle,places_04303,place,Cinque,Riyadh,Riyadh
RYD_001856,riyadh_places_kaggle,places_01171,place,City Fresh Kitchen,Riyadh,Riyadh
RYD_001857,riyadh_places_kaggle,places_07141,place,City Fresh Kitchen,Riyadh,Riyadh
RYD_001858,riyadh_places_kaggle,places_00214,place,City Wok,Riyadh,Riyadh
RYD_001859,riyadh_places_kaggle,places_01044,place,City Wok,Riyadh,Riyadh
RYD_001860,riyadh_places_kaggle,places_02606,place,City Wok,Riyadh,Riyadh
RYD_001861,riyadh_places_kaggle,places_03187,place,City Wok,Riyadh,Riyadh
RYD_001862,riyadh_places_kaggle,places_06402,place,City Wok,Riyadh,Riyadh
RYD_001863,riyadh_places_kaggle,places_07558,place,City Wok,Riyadh,Riyadh
RYD_001864,riyadh_places_kaggle,places_08417,place,City Wok,Riyadh,Riyadh
RYD_001865,riyadh_places_kaggle,places_04388,place,Ck Diet,Riyadh,Riyadh
RYD_001866,riyadh_places_kaggle,places_00013,place,Classic Restaurant,Riyadh,Riyadh
RYD_001867,riyadh_places_kaggle,places_04290,place,Classy gift,Riyadh,Riyadh
RYD_001868,riyadh_places_kaggle,places_04237,place,Clean Protein,Riyadh,Riyadh
RYD_001869,riyadh_places_kaggle,places_04981,place,Cleanse &amp; Glow,Riyadh,Riyadh
RYD_001870,riyadh_places_kaggle,places_00879,place,Cleaver Burger,Riyadh,Riyadh
RYD_001871,riyadh_places_kaggle,places_01987,place,Cleaver Burger,Riyadh,Riyadh
RYD_001872,riyadh_places_kaggle,places_02547,place,Cleaver Burger,Riyadh,Riyadh
RYD_001873,riyadh_places_kaggle,places_02809,place,Cloud Cafeteria,Riyadh,Riyadh
RYD_001874,riyadh_places_kaggle,places_00290,place,Clover,Riyadh,Riyadh
RYD_001875,riyadh_places_kaggle,places_02731,place,Clover,Riyadh,Riyadh
RYD_001876,riyadh_places_kaggle,places_05464,place,Clover,Riyadh,Riyadh
RYD_001877,riyadh_places_kaggle,places_07561,place,Clover,Riyadh,Riyadh
RYD_001878,riyadh_places_kaggle,places_08761,place,Clover,Riyadh,Riyadh
RYD_001879,riyadh_places_kaggle,places_00506,place,Cocoavia,Riyadh,Riyadh
RYD_001880,riyadh_places_kaggle,places_04486,place,Cocoavia,Riyadh,Riyadh
RYD_001881,riyadh_places_kaggle,places_02432,place,Coeval Cafe,Riyadh,Riyadh
RYD_001882,riyadh_places_kaggle,places_04413,place,Coeval Cafe,Riyadh,Riyadh
RYD_001883,riyadh_places_kaggle,places_04878,place,Cofee AlTal,Riyadh,Riyadh
RYD_001884,riyadh_places_kaggle,places_00375,place,Coffee Address,Riyadh,Riyadh
RYD_001885,riyadh_places_kaggle,places_00864,place,Coffee Address,Riyadh,Riyadh
RYD_001886,riyadh_places_kaggle,places_01185,place,Coffee Address,Riyadh,Riyadh
RYD_001887,riyadh_places_kaggle,places_01749,place,Coffee Address,Riyadh,Riyadh
RYD_001888,riyadh_places_kaggle,places_01925,place,Coffee Address,Riyadh,Riyadh
RYD_001889,riyadh_places_kaggle,places_02215,place,Coffee Address,Riyadh,Riyadh
RYD_001890,riyadh_places_kaggle,places_02628,place,Coffee Address,Riyadh,Riyadh
RYD_001891,riyadh_places_kaggle,places_02792,place,Coffee Address,Riyadh,Riyadh
RYD_001892,riyadh_places_kaggle,places_06300,place,Coffee Address,Riyadh,Riyadh
RYD_001893,riyadh_places_kaggle,places_06431,place,Coffee Address,Riyadh,Riyadh
RYD_001894,riyadh_places_kaggle,places_06760,place,Coffee Address,Riyadh,Riyadh
RYD_001895,riyadh_places_kaggle,places_07599,place,Coffee Address,Riyadh,Riyadh
RYD_001896,riyadh_places_kaggle,places_06102,place,Coffee Bag,Riyadh,Riyadh
RYD_001897,riyadh_places_kaggle,places_05053,place,Coffee Card,Riyadh,Riyadh
RYD_001898,riyadh_places_kaggle,places_05717,place,Coffee Planet,Riyadh,Riyadh
RYD_001899,riyadh_places_kaggle,places_04076,place,Coffee and sitting,Riyadh,Riyadh
RYD_001900,riyadh_places_kaggle,places_04167,place,Coffee berry,Riyadh,Riyadh
RYD_001901,riyadh_places_kaggle,places_04254,place,Cold Stone,Riyadh,Riyadh
RYD_001902,riyadh_places_kaggle,places_07705,place,Cold Stone,Riyadh,Riyadh
RYD_001903,riyadh_places_kaggle,places_04558,place,Coltura Dal,Riyadh,Riyadh
RYD_001904,riyadh_places_kaggle,places_02464,place,Companions Cafe,Riyadh,Riyadh
RYD_001905,riyadh_places_kaggle,places_00091,place,Cone Zone,Riyadh,Riyadh
RYD_001906,riyadh_places_kaggle,places_00436,place,Cone Zone,Riyadh,Riyadh
RYD_001907,riyadh_places_kaggle,places_00863,place,Cone Zone,Riyadh,Riyadh
RYD_001908,riyadh_places_kaggle,places_01459,place,Cone Zone,Riyadh,Riyadh
RYD_001909,riyadh_places_kaggle,places_03132,place,Cone Zone,Riyadh,Riyadh
RYD_001910,riyadh_places_kaggle,places_05401,place,Cone Zone,Riyadh,Riyadh
RYD_001911,riyadh_places_kaggle,places_07201,place,Cone Zone,Riyadh,Riyadh
RYD_001912,entertainment_kaggle,entertainment_00156,entertainment,Conference Center,Riyadh,Riyadh
RYD_001913,riyadh_places_kaggle,places_03297,place,Convoy Coffee,Riyadh,Riyadh
RYD_001914,riyadh_places_kaggle,places_02074,place,Coo Coo,Riyadh,Riyadh
RYD_001915,riyadh_places_kaggle,places_02171,place,Coo Coo,Riyadh,Riyadh
RYD_001916,riyadh_places_kaggle,places_02868,place,Coo Coo,Riyadh,Riyadh
RYD_001917,riyadh_places_kaggle,places_07230,place,Coo Coo,Riyadh,Riyadh
RYD_001918,riyadh_places_kaggle,places_01993,place,Cook Door,Riyadh,Riyadh
RYD_001919,riyadh_places_kaggle,places_03257,place,Cook Door,Riyadh,Riyadh
RYD_001920,riyadh_places_kaggle,places_00164,place,Cook tok,Riyadh,Riyadh
RYD_001921,riyadh_places_kaggle,places_03112,place,Cookie Thief,Riyadh,Riyadh
RYD_001922,riyadh_places_kaggle,places_03066,place,Cookies &amp; Crumbs,Riyadh,Riyadh
RYD_001923,riyadh_places_kaggle,places_02110,place,Cookies – Kk,Riyadh,Riyadh
RYD_001924,riyadh_places_kaggle,places_06532,place,Cookies – Kk,Riyadh,Riyadh
RYD_001925,riyadh_places_kaggle,places_07660,place,Cookies – Kk,Riyadh,Riyadh
RYD_001926,riyadh_places_kaggle,places_08568,place,Cookies – Kk,Riyadh,Riyadh
RYD_001927,riyadh_places_kaggle,places_04607,place,Cooz,Riyadh,Riyadh
RYD_001928,riyadh_places_kaggle,places_00589,place,Cora Burger,Riyadh,Riyadh
RYD_001929,riyadh_places_kaggle,places_04594,place,Cora Burger,Riyadh,Riyadh
RYD_001930,riyadh_places_kaggle,places_05993,place,Corn World,Riyadh,Riyadh
RYD_001931,riyadh_places_kaggle,places_06073,place,Corner Laziz,Riyadh,Riyadh
RYD_001932,riyadh_places_kaggle,places_04154,place,Corner al katkot,Riyadh,Riyadh
RYD_001933,riyadh_places_kaggle,places_05738,place,Corner al katkot,Riyadh,Riyadh
RYD_001934,riyadh_places_kaggle,places_07098,place,Corner al katkot,Riyadh,Riyadh
RYD_001935,riyadh_places_kaggle,places_05840,place,Cornster,Riyadh,Riyadh
RYD_001936,booking_kaggle,hotels_00007,hotel,Corp Inn Deira.,Riyadh,Riyadh
RYD_001937,riyadh_places_kaggle,places_02637,place,Cosmo,Riyadh,Riyadh
RYD_001938,riyadh_places_kaggle,places_05657,place,Cosmo,Riyadh,Riyadh
RYD_001939,riyadh_places_kaggle,places_07252,place,Cosmo,Riyadh,Riyadh
RYD_001940,riyadh_places_kaggle,places_00299,place,Costa Coffee®,Riyadh,Riyadh
RYD_001941,riyadh_places_kaggle,places_00425,place,Costa Coffee®,Riyadh,Riyadh
RYD_001942,riyadh_places_kaggle,places_00515,place,Costa Coffee®,Riyadh,Riyadh
RYD_001943,riyadh_places_kaggle,places_01016,place,Costa Coffee®,Riyadh,Riyadh
RYD_001944,riyadh_places_kaggle,places_01435,place,Costa Coffee®,Riyadh,Riyadh
RYD_001945,riyadh_places_kaggle,places_01886,place,Costa Coffee®,Riyadh,Riyadh
RYD_001946,riyadh_places_kaggle,places_02338,place,Costa Coffee®,Riyadh,Riyadh
RYD_001947,riyadh_places_kaggle,places_03090,place,Costa Coffee®,Riyadh,Riyadh
RYD_001948,riyadh_places_kaggle,places_05293,place,Costa Coffee®,Riyadh,Riyadh
RYD_001949,riyadh_places_kaggle,places_06433,place,Costa Coffee®,Riyadh,Riyadh
RYD_001950,riyadh_places_kaggle,places_07110,place,Costa Coffee®,Riyadh,Riyadh
RYD_001951,riyadh_places_kaggle,places_04767,place,Cottage Roses,Riyadh,Riyadh
RYD_001952,riyadh_places_kaggle,places_03331,place,Country Pies,Riyadh,Riyadh
RYD_001953,riyadh_places_kaggle,places_06197,place,Country Roses,Riyadh,Riyadh
RYD_001954,riyadh_places_kaggle,places_00438,place,Countryside grapes,Riyadh,Riyadh
RYD_001955,riyadh_places_kaggle,places_03563,place,Countryside grapes,Riyadh,Riyadh
RYD_001956,riyadh_places_kaggle,places_08241,place,Countryside grapes,Riyadh,Riyadh
RYD_001957,booking_kaggle,hotels_00204,hotel,Courtyard Riyadh by Marriott Diplomatic Quarter,Riyadh,Riyadh
RYD_001958,riyadh_places_kaggle,places_03402,place,Cowakib Burgers,Riyadh,Riyadh
RYD_001959,riyadh_places_kaggle,places_02669,place,Cracky,Riyadh,Riyadh
RYD_001959,riyadh_places_kaggle,places_02686,place,ALMA,Riyadh,Riyadh
RYD_001959,riyadh_places_kaggle,places_02687,place,Raqy,Riyadh,Riyadh
RYD_001959,riyadh_places_kaggle,places_02725,place,Samray,Riyadh,Riyadh
RYD_001960,riyadh_places_kaggle,places_05762,place,Cracky,Riyadh,Riyadh
RYD_001961,riyadh_places_kaggle,places_03234,place,Cramello,Riyadh,Riyadh
RYD_001962,riyadh_places_kaggle,places_04205,place,Crate salad,Riyadh,Riyadh
RYD_001963,riyadh_places_kaggle,places_01149,place,Cref Cookies,Riyadh,Riyadh
RYD_001964,riyadh_places_kaggle,places_03130,place,Cref Cookies,Riyadh,Riyadh
RYD_001965,riyadh_places_kaggle,places_07274,place,Cref Cookies,Riyadh,Riyadh
RYD_001966,riyadh_places_kaggle,places_04940,place,Creme Patte - برقر لحم بالكريمة,Riyadh,Riyadh
RYD_001967,riyadh_places_kaggle,places_01534,place,Crepe &amp; Dip,Riyadh,Riyadh
RYD_001968,riyadh_places_kaggle,places_06888,place,Crepe &amp; Dip,Riyadh,Riyadh
RYD_001969,riyadh_places_kaggle,places_07102,place,Crepe &amp; Dip,Riyadh,Riyadh
RYD_001970,riyadh_places_kaggle,places_06645,place,Crepe &amp; More,Riyadh,Riyadh
RYD_001971,riyadh_places_kaggle,places_02791,place,Crepe Cult,Riyadh,Riyadh
RYD_001972,riyadh_places_kaggle,places_01236,place,Crepe House,Riyadh,Riyadh
RYD_001973,riyadh_places_kaggle,places_03439,place,Crepe Zone,Riyadh,Riyadh
RYD_001974,riyadh_places_kaggle,places_01471,place,Crepe affaire,Riyadh,Riyadh
RYD_001975,riyadh_places_kaggle,places_01876,place,Crepe affaire,Riyadh,Riyadh
RYD_001976,riyadh_places_kaggle,places_03055,place,Crepe affaire,Riyadh,Riyadh
RYD_001977,riyadh_places_kaggle,places_05312,place,Crepe affaire,Riyadh,Riyadh
RYD_001978,riyadh_places_kaggle,places_07104,place,Crepe affaire,Riyadh,Riyadh
RYD_001979,riyadh_places_kaggle,places_02194,place,Crepe and Coffee,Riyadh,Riyadh
RYD_001980,riyadh_places_kaggle,places_05093,place,Crepe and Waffle Restaurant,Riyadh,Riyadh
RYD_001981,riyadh_places_kaggle,places_04794,place,Crepeway,Riyadh,Riyadh
RYD_001982,riyadh_places_kaggle,places_00266,place,Criole,Riyadh,Riyadh
RYD_001983,riyadh_places_kaggle,places_03532,place,Criole,Riyadh,Riyadh
RYD_001984,riyadh_places_kaggle,places_07361,place,Criole,Riyadh,Riyadh
RYD_001985,riyadh_places_kaggle,places_08790,place,Criole,Riyadh,Riyadh
RYD_001986,riyadh_places_kaggle,places_04434,place,Crisp,Riyadh,Riyadh
RYD_001987,riyadh_places_kaggle,places_07771,place,Crisp,Riyadh,Riyadh
RYD_001988,riyadh_places_kaggle,places_00929,place,Crispish,Riyadh,Riyadh
RYD_001989,riyadh_places_kaggle,places_01652,place,Crispish,Riyadh,Riyadh
RYD_001990,riyadh_places_kaggle,places_02256,place,Crispish,Riyadh,Riyadh
RYD_001991,riyadh_places_kaggle,places_07381,place,Crispish,Riyadh,Riyadh
RYD_001992,riyadh_places_kaggle,places_08382,place,Crispish,Riyadh,Riyadh
RYD_001993,riyadh_places_kaggle,places_04748,place,Crispy Farouj,Riyadh,Riyadh
RYD_001994,booking_kaggle,hotels_00213,hotel,Cristal Amaken Hotel Riyadh,Riyadh,Riyadh
RYD_001995,riyadh_places_kaggle,places_03419,place,Crops,Riyadh,Riyadh
RYD_001996,riyadh_places_kaggle,places_04245,place,Crops Salad,Riyadh,Riyadh
RYD_001997,riyadh_places_kaggle,places_03048,place,Crovo,Riyadh,Riyadh
RYD_001998,booking_kaggle,hotels_00200,hotel,Crown Rose Hotel,Riyadh,Riyadh
RYD_001999,riyadh_places_kaggle,places_02006,place,Crown Tikka,Riyadh,Riyadh
RYD_002000,riyadh_places_kaggle,places_03962,place,Crown Tikka,Riyadh,Riyadh
RYD_002001,booking_kaggle,hotels_00032,hotel,Crowne Plaza Riyadh - RDC Hotel & Convention,Riyadh,Riyadh
RYD_002002,booking_kaggle,hotels_00153,hotel,Crowne Plaza Riyadh Palace,Riyadh,Riyadh
RYD_002003,riyadh_places_kaggle,places_05214,place,Crunch &amp; More,Riyadh,Riyadh
RYD_002004,riyadh_places_kaggle,places_03826,place,Crunch Bakery,Riyadh,Riyadh
RYD_002005,riyadh_places_kaggle,places_06556,place,Crunch Bakery,Riyadh,Riyadh
RYD_002006,riyadh_places_kaggle,places_02999,place,Crunchy &amp; yummy,Riyadh,Riyadh
RYD_002007,riyadh_places_kaggle,places_04802,place,Crunchy Bakery,Riyadh,Riyadh
RYD_002008,riyadh_places_kaggle,places_01241,place,Crust Corner,Riyadh,Riyadh
RYD_002009,riyadh_places_kaggle,places_02852,place,Crust Corner,Riyadh,Riyadh
RYD_002010,riyadh_places_kaggle,places_00499,place,Crème,Riyadh,Riyadh
RYD_002011,riyadh_places_kaggle,places_04650,place,Crème,Riyadh,Riyadh
RYD_002012,riyadh_places_kaggle,places_00089,place,Cubano,Riyadh,Riyadh
RYD_002013,riyadh_places_kaggle,places_02574,place,Cumin and lemon,Riyadh,Riyadh
RYD_002014,riyadh_places_kaggle,places_06183,place,Cup juice,Riyadh,Riyadh
RYD_002015,riyadh_places_kaggle,places_05109,place,Cup licious,Riyadh,Riyadh
RYD_002016,riyadh_places_kaggle,places_04390,place,Cup&amp;pop,Riyadh,Riyadh
RYD_002017,riyadh_places_kaggle,places_00373,place,Curry Club,Riyadh,Riyadh
RYD_002018,riyadh_places_kaggle,places_01167,place,Curry Club,Riyadh,Riyadh
RYD_002019,riyadh_places_kaggle,places_01752,place,Curry Club,Riyadh,Riyadh
RYD_002020,riyadh_places_kaggle,places_06791,place,Curry Club,Riyadh,Riyadh
RYD_002021,riyadh_places_kaggle,places_07144,place,Curry Club,Riyadh,Riyadh
RYD_002022,riyadh_places_kaggle,places_03822,place,Curry Nation,Riyadh,Riyadh
RYD_002023,riyadh_places_kaggle,places_04100,place,Currylicious,Riyadh,Riyadh
RYD_002024,riyadh_places_kaggle,places_05670,place,Currylicious,Riyadh,Riyadh
RYD_002025,riyadh_places_kaggle,places_06875,place,Cut Package AlDahna,Riyadh,Riyadh
RYD_002026,riyadh_places_kaggle,places_04518,place,DAKH HIJAZIAH,Riyadh,Riyadh
RYD_002027,riyadh_places_kaggle,places_01114,place,DALFORNO,Riyadh,Riyadh
RYD_002028,riyadh_places_kaggle,places_07665,place,DALFORNO,Riyadh,Riyadh
RYD_002029,riyadh_places_kaggle,places_05896,place,DALLAT ALDAHNA,Riyadh,Riyadh
RYD_002030,riyadh_places_kaggle,places_04867,place,DAMER,Riyadh,Riyadh
RYD_002031,riyadh_places_kaggle,places_03078,place,DAWAR PIE,Riyadh,Riyadh
RYD_002032,riyadh_places_kaggle,places_06299,place,DAWAR ZADK,Riyadh,Riyadh
RYD_002033,riyadh_places_kaggle,places_03357,place,DB Burger,Riyadh,Riyadh
RYD_002034,riyadh_places_kaggle,places_07442,place,DB Burger,Riyadh,Riyadh
RYD_002034,riyadh_places_kaggle,places_07447,place,Portia Burger,Riyadh,Riyadh
RYD_002035,riyadh_places_kaggle,places_02564,place,DEAR COW!,Riyadh,Riyadh
RYD_002036,riyadh_places_kaggle,places_03992,place,DEAR POKE,Riyadh,Riyadh
RYD_002037,riyadh_places_kaggle,places_04172,place,DEEM,Riyadh,Riyadh
RYD_002038,riyadh_places_kaggle,places_04027,place,DENDEN,Riyadh,Riyadh
RYD_002039,riyadh_places_kaggle,places_03757,place,DERATI EXPRESS,Riyadh,Riyadh
RYD_002040,riyadh_places_kaggle,places_07806,place,DERATI EXPRESS,Riyadh,Riyadh
RYD_002041,riyadh_places_kaggle,places_07976,place,DERATI EXPRESS,Riyadh,Riyadh
RYD_002042,riyadh_places_kaggle,places_02579,place,DERMOND,Riyadh,Riyadh
RYD_002043,riyadh_places_kaggle,places_06128,place,DEVON CHOCOLATE,Riyadh,Riyadh
RYD_002044,riyadh_places_kaggle,places_08448,place,DEVON CHOCOLATE,Riyadh,Riyadh
RYD_002045,riyadh_places_kaggle,places_02649,place,DEYYATREATS,Riyadh,Riyadh
RYD_002046,riyadh_places_kaggle,places_03492,place,DJAJ SHAWAYAH,Riyadh,Riyadh
RYD_002047,riyadh_places_kaggle,places_00020,place,DNP,Riyadh,Riyadh
RYD_002048,riyadh_places_kaggle,places_06551,place,DNP,Riyadh,Riyadh
RYD_002049,riyadh_places_kaggle,places_07513,place,DNP,Riyadh,Riyadh
RYD_002050,riyadh_places_kaggle,places_08049,place,DNP,Riyadh,Riyadh
RYD_002051,riyadh_places_kaggle,places_03270,place,DOLCE,Riyadh,Riyadh
RYD_002052,riyadh_places_kaggle,places_04495,place,DOLCE BON,Riyadh,Riyadh
RYD_002052,riyadh_places_kaggle,places_05373,place,Golden Brown,Riyadh,Riyadh
RYD_002053,riyadh_places_kaggle,places_08324,place,DOLCE BON,Riyadh,Riyadh
RYD_002054,riyadh_places_kaggle,places_04494,place,DOLCI SPECIALI,Riyadh,Riyadh
RYD_002055,riyadh_places_kaggle,places_07090,place,DOMAĆI,Riyadh,Riyadh
RYD_002056,entertainment_kaggle,entertainment_00363,entertainment,DOOMIDOO,Riyadh,Riyadh
RYD_002057,entertainment_kaggle,entertainment_00373,entertainment,DOOMIDOO,Riyadh,Riyadh
RYD_002058,riyadh_places_kaggle,places_04643,place,DOT SUGAR,Riyadh,Riyadh
RYD_002059,riyadh_places_kaggle,places_07717,place,DOT SUGAR,Riyadh,Riyadh
RYD_002060,riyadh_places_kaggle,places_08274,place,DOUGH SHACK BURGER,Riyadh,Riyadh
RYD_002061,riyadh_places_kaggle,places_02902,place,DP Burger,Riyadh,Riyadh
RYD_002062,riyadh_places_kaggle,places_07642,place,DP Burger,Riyadh,Riyadh
RYD_002063,riyadh_places_kaggle,places_08143,place,DR. Tiger,Riyadh,Riyadh
RYD_002064,riyadh_places_kaggle,places_04386,place,DR.FISH,Riyadh,Riyadh
RYD_002065,riyadh_places_kaggle,places_01472,place,DRIVE COFFEE,Riyadh,Riyadh
RYD_002066,riyadh_places_kaggle,places_08179,place,DRIVE COFFEE,Riyadh,Riyadh
RYD_002067,riyadh_places_kaggle,places_00848,place,DURMA,Riyadh,Riyadh
RYD_002068,riyadh_places_kaggle,places_01208,place,DURMA,Riyadh,Riyadh
RYD_002069,riyadh_places_kaggle,places_04190,place,DURMA,Riyadh,Riyadh
RYD_002070,riyadh_places_kaggle,places_07652,place,DURMA,Riyadh,Riyadh
RYD_002071,riyadh_places_kaggle,places_08575,place,DURMA,Riyadh,Riyadh
RYD_002072,riyadh_places_kaggle,places_03805,place,Da Jamaican Kitchen,Riyadh,Riyadh
RYD_002073,riyadh_places_kaggle,places_02873,place,Dafor,Riyadh,Riyadh
RYD_002074,riyadh_places_kaggle,places_05577,place,Dafor,Riyadh,Riyadh
RYD_002075,riyadh_places_kaggle,places_01625,place,Dahim Al-Shamri Blend,Riyadh,Riyadh
RYD_002076,riyadh_places_kaggle,places_01901,place,Dahim Al-Shamri Blend,Riyadh,Riyadh
RYD_002077,riyadh_places_kaggle,places_03665,place,Dahim Al-Shamri Blend,Riyadh,Riyadh
RYD_002078,riyadh_places_kaggle,places_05673,place,Dahsha,Riyadh,Riyadh
RYD_002079,riyadh_places_kaggle,places_04552,place,Daily Habit,Riyadh,Riyadh
RYD_002080,riyadh_places_kaggle,places_08804,place,Daji Broast,Riyadh,Riyadh
RYD_002081,riyadh_places_kaggle,places_06694,place,Dakka Najd Restaurant,Riyadh,Riyadh
RYD_002082,riyadh_places_kaggle,places_04587,place,Dallah Bouh,Riyadh,Riyadh
RYD_002083,riyadh_places_kaggle,places_01212,place,Damascene Pie,Riyadh,Riyadh
RYD_002084,riyadh_places_kaggle,places_03204,place,Damascene Pie,Riyadh,Riyadh
RYD_002085,riyadh_places_kaggle,places_03722,place,Dan Cafe,Riyadh,Riyadh
RYD_002086,riyadh_places_kaggle,places_07505,place,Dan Cafe,Riyadh,Riyadh
RYD_002087,riyadh_places_kaggle,places_08236,place,Dan Cafe,Riyadh,Riyadh
RYD_002088,riyadh_places_kaggle,places_08693,place,Dan Cafe,Riyadh,Riyadh
RYD_002089,riyadh_places_kaggle,places_08587,place,Dana fish restaurant,Riyadh,Riyadh
RYD_002090,riyadh_places_kaggle,places_02281,place,Danah Al Kuwait,Riyadh,Riyadh
RYD_002091,riyadh_places_kaggle,places_06742,place,Danah Al Kuwait,Riyadh,Riyadh
RYD_002092,riyadh_places_kaggle,places_07085,place,Danah Al Kuwait,Riyadh,Riyadh
RYD_002093,riyadh_places_kaggle,places_01686,place,Danah Alaryaf,Riyadh,Riyadh
RYD_002094,riyadh_places_kaggle,places_02054,place,Danah Alaryaf,Riyadh,Riyadh
RYD_002095,riyadh_places_kaggle,places_02948,place,Danah Alaryaf,Riyadh,Riyadh
RYD_002096,riyadh_places_kaggle,places_05583,place,Danah Alaryaf,Riyadh,Riyadh
RYD_002097,riyadh_places_kaggle,places_07228,place,Danah Alaryaf,Riyadh,Riyadh
RYD_002098,riyadh_places_kaggle,places_08467,place,Danah Alaryaf,Riyadh,Riyadh
RYD_002099,riyadh_places_kaggle,places_00913,place,Dani,Riyadh,Riyadh
RYD_002100,riyadh_places_kaggle,places_05862,place,Dank Sandwich,Riyadh,Riyadh
RYD_002101,riyadh_places_kaggle,places_04153,place,Dapilio,Riyadh,Riyadh
RYD_002102,riyadh_places_kaggle,places_02783,place,Daqeeq and Smsm,Riyadh,Riyadh
RYD_002103,riyadh_places_kaggle,places_04241,place,Daqows,Riyadh,Riyadh
RYD_002104,riyadh_places_kaggle,places_05070,place,Dar Al Auja,Riyadh,Riyadh
RYD_002105,riyadh_places_kaggle,places_04379,place,Dar Al Fateera,Riyadh,Riyadh
RYD_002106,riyadh_places_kaggle,places_08590,place,Dar Al Rifada,Riyadh,Riyadh
RYD_002107,riyadh_places_kaggle,places_06337,place,Dar Arafa,Riyadh,Riyadh
RYD_002108,riyadh_places_kaggle,places_08165,place,Dar Arafa,Riyadh,Riyadh
RYD_002109,riyadh_places_kaggle,places_03818,place,Dar Hira,Riyadh,Riyadh
RYD_002110,riyadh_places_kaggle,places_04634,place,Dar Hira,Riyadh,Riyadh
RYD_002111,riyadh_places_kaggle,places_07915,place,Dar Hira Restaurants,Riyadh,Riyadh
RYD_002112,riyadh_places_kaggle,places_00228,place,Dar Lounge,Riyadh,Riyadh
RYD_002113,riyadh_places_kaggle,places_03249,place,Dar Mubarak,Riyadh,Riyadh
RYD_002114,riyadh_places_kaggle,places_07526,place,Dar Mubarak,Riyadh,Riyadh
RYD_002115,riyadh_places_kaggle,places_03047,place,Dar Mudawi,Riyadh,Riyadh
RYD_002116,riyadh_places_kaggle,places_07707,place,Dar Mudawi,Riyadh,Riyadh
RYD_002117,riyadh_places_kaggle,places_03729,place,Dar Rumman,Riyadh,Riyadh
RYD_002118,riyadh_places_kaggle,places_06779,place,Dar Rumman,Riyadh,Riyadh
RYD_002119,riyadh_places_kaggle,places_07633,place,Dar Rumman,Riyadh,Riyadh
RYD_002120,riyadh_places_kaggle,places_02324,place,Dar Ward,Riyadh,Riyadh
RYD_002121,riyadh_places_kaggle,places_04672,place,Dar Ward,Riyadh,Riyadh
RYD_002121,riyadh_places_kaggle,places_04673,place,SAID DAL,Riyadh,Riyadh
RYD_002122,riyadh_places_kaggle,places_03718,place,Dara Sweet,Riyadh,Riyadh
RYD_002123,riyadh_places_kaggle,places_05598,place,Dara Sweet,Riyadh,Riyadh
RYD_002124,riyadh_places_kaggle,places_00728,place,Dara's Ice Cream,Riyadh,Riyadh
RYD_002125,riyadh_places_kaggle,places_00639,place,Dasha,Riyadh,Riyadh
RYD_002126,riyadh_places_kaggle,places_05185,place,Dates &amp; More,Riyadh,Riyadh
RYD_002127,riyadh_places_kaggle,places_06995,place,Dates Nagdia,Riyadh,Riyadh
RYD_002128,riyadh_places_kaggle,places_00829,place,Dave’s Hot Chicken,Riyadh,Riyadh
RYD_002129,riyadh_places_kaggle,places_08817,place,Dawar Abdoh,Riyadh,Riyadh
RYD_002130,riyadh_places_kaggle,places_08713,place,Dawar Al Omda Restrurant,Riyadh,Riyadh
RYD_002131,riyadh_places_kaggle,places_00310,place,Dawar Al Saada,Riyadh,Riyadh
RYD_002132,riyadh_places_kaggle,places_00359,place,Day juice,Riyadh,Riyadh
RYD_002132,riyadh_places_kaggle,places_00360,place,Juice Day,Riyadh,Riyadh
RYD_002133,riyadh_places_kaggle,places_02135,place,Day juice,Riyadh,Riyadh
RYD_002134,riyadh_places_kaggle,places_02435,place,Day juice,Riyadh,Riyadh
RYD_002134,riyadh_places_kaggle,places_02436,place,Juice Day,Riyadh,Riyadh
RYD_002135,riyadh_places_kaggle,places_07838,place,Day juice,Riyadh,Riyadh
RYD_002136,riyadh_places_kaggle,places_04862,place,Dayar Alfatirih,Riyadh,Riyadh
RYD_002137,riyadh_places_kaggle,places_06590,place,Dayar Alfatirih,Riyadh,Riyadh
RYD_002138,riyadh_places_kaggle,places_03808,place,DazzLing,Riyadh,Riyadh
RYD_002139,riyadh_places_kaggle,places_07684,place,DazzLing,Riyadh,Riyadh
RYD_002140,riyadh_places_kaggle,places_03737,place,Decent,Riyadh,Riyadh
RYD_002141,riyadh_places_kaggle,places_05800,place,Dee Tostato,Riyadh,Riyadh
RYD_002142,riyadh_places_kaggle,places_04653,place,Deema Kitchen,Riyadh,Riyadh
RYD_002143,riyadh_places_kaggle,places_00514,place,Deep Fries,Riyadh,Riyadh
RYD_002144,riyadh_places_kaggle,places_01332,place,Deep Fries,Riyadh,Riyadh
RYD_002145,riyadh_places_kaggle,places_02221,place,Deep Fries,Riyadh,Riyadh
RYD_002146,riyadh_places_kaggle,places_03649,place,Deep Fries,Riyadh,Riyadh
RYD_002147,riyadh_places_kaggle,places_08121,place,Deep Fries,Riyadh,Riyadh
RYD_002148,riyadh_places_kaggle,places_04583,place,Deep Roses,Riyadh,Riyadh
RYD_002149,riyadh_places_kaggle,places_03037,place,Deep Tea,Riyadh,Riyadh
RYD_002150,riyadh_places_kaggle,places_05219,place,Deers Cafe,Riyadh,Riyadh
RYD_002151,riyadh_places_kaggle,places_07828,place,Degla Al Rafideen,Riyadh,Riyadh
RYD_002152,riyadh_places_kaggle,places_08810,place,Del Monte,Riyadh,Riyadh
RYD_002153,riyadh_places_kaggle,places_03390,place,Deleat,Riyadh,Riyadh
RYD_002154,riyadh_places_kaggle,places_02027,place,Delfino,Riyadh,Riyadh
RYD_002155,riyadh_places_kaggle,places_05808,place,Delice,Riyadh,Riyadh
RYD_002156,riyadh_places_kaggle,places_01424,place,Delicious And More,Riyadh,Riyadh
RYD_002157,riyadh_places_kaggle,places_01593,place,Delicious Grilled meat restaurant,Riyadh,Riyadh
RYD_002158,riyadh_places_kaggle,places_06982,place,Delicious Grilled meat restaurant,Riyadh,Riyadh
RYD_002159,riyadh_places_kaggle,places_00563,place,Delicious Mango,Riyadh,Riyadh
RYD_002160,riyadh_places_kaggle,places_04007,place,Delicious Pistachio,Riyadh,Riyadh
RYD_002161,riyadh_places_kaggle,places_08624,place,Delicious Pizza and Pies,Riyadh,Riyadh
RYD_002162,riyadh_places_kaggle,places_08456,place,Delicious juices and pizza,Riyadh,Riyadh
RYD_002163,riyadh_places_kaggle,places_00231,place,Delight,Riyadh,Riyadh
RYD_002164,riyadh_places_kaggle,places_04960,place,Delight,Riyadh,Riyadh
RYD_002165,riyadh_places_kaggle,places_01551,place,Delluci Cake,Riyadh,Riyadh
RYD_002166,riyadh_places_kaggle,places_00017,place,Delta pharmacy,Riyadh,Riyadh
RYD_002167,riyadh_places_kaggle,places_03577,place,Delta pharmacy,Riyadh,Riyadh
RYD_002168,riyadh_places_kaggle,places_05782,place,Delta pharmacy,Riyadh,Riyadh
RYD_002169,riyadh_places_kaggle,places_07847,place,Delta pharmacy,Riyadh,Riyadh
RYD_002170,riyadh_places_kaggle,places_08664,place,Delta pharmacy,Riyadh,Riyadh
RYD_002171,riyadh_places_kaggle,places_00399,place,Dema Grill,Riyadh,Riyadh
RYD_002172,riyadh_places_kaggle,places_08509,place,Deraty,Riyadh,Riyadh
RYD_002173,riyadh_places_kaggle,places_02289,place,Devour,Riyadh,Riyadh
RYD_002174,riyadh_places_kaggle,places_06377,place,Dewanyah Sada El Maglas,Riyadh,Riyadh
RYD_002175,booking_kaggle,hotels_00953,hotel,Dgnna Furnished Apartment,Riyadh,Riyadh
RYD_002176,riyadh_places_kaggle,places_02722,place,Dhabih,Riyadh,Riyadh
RYD_002177,riyadh_places_kaggle,places_01017,place,Dhahia Juice,Riyadh,Riyadh
RYD_002178,riyadh_places_kaggle,places_01528,place,Dhahia Juice,Riyadh,Riyadh
RYD_002179,riyadh_places_kaggle,places_08495,place,Dhahia Juice,Riyadh,Riyadh
RYD_002180,riyadh_places_kaggle,places_05388,place,Dhahia tea and pie,Riyadh,Riyadh
RYD_002181,riyadh_places_kaggle,places_07083,place,Dhawahe Altaif Restaurant,Riyadh,Riyadh
RYD_002181,riyadh_places_kaggle,places_07084,place,Shaabiyat Dhawahe Altaif,Riyadh,Riyadh
RYD_002182,riyadh_places_kaggle,places_06256,place,Dhawahi Adan Restaurant,Riyadh,Riyadh
RYD_002183,riyadh_places_kaggle,places_04615,place,Dhog Meal,Riyadh,Riyadh
RYD_002184,riyadh_places_kaggle,places_07052,place,Dhyoof,Riyadh,Riyadh
RYD_002185,riyadh_places_kaggle,places_00842,place,Diamond,Riyadh,Riyadh
RYD_002186,riyadh_places_kaggle,places_04877,place,Diamond Food,Riyadh,Riyadh
RYD_002187,riyadh_places_kaggle,places_03064,place,Dice,Riyadh,Riyadh
RYD_002188,riyadh_places_kaggle,places_02291,place,Diet Box,Riyadh,Riyadh
RYD_002189,riyadh_places_kaggle,places_02003,place,Diet Center,Riyadh,Riyadh
RYD_002190,riyadh_places_kaggle,places_02572,place,Diet Center,Riyadh,Riyadh
RYD_002191,riyadh_places_kaggle,places_03290,place,Diet Center,Riyadh,Riyadh
RYD_002192,riyadh_places_kaggle,places_06492,place,Diet Center,Riyadh,Riyadh
RYD_002193,riyadh_places_kaggle,places_08526,place,Diet Center,Riyadh,Riyadh
RYD_002194,riyadh_places_kaggle,places_04725,place,Diet Food,Riyadh,Riyadh
RYD_002195,riyadh_places_kaggle,places_04996,place,Diet coach,Riyadh,Riyadh
RYD_002196,riyadh_places_kaggle,places_08803,place,Dietary Mass,Riyadh,Riyadh
RYD_002197,riyadh_places_kaggle,places_02212,place,Diettymeal,Riyadh,Riyadh
RYD_002198,riyadh_places_kaggle,places_00265,place,Different sweet,Riyadh,Riyadh
RYD_002199,riyadh_places_kaggle,places_08793,place,Different sweet,Riyadh,Riyadh
RYD_002200,riyadh_places_kaggle,places_02001,place,Dig it,Riyadh,Riyadh
RYD_002201,riyadh_places_kaggle,places_03296,place,Dig it,Riyadh,Riyadh
RYD_002202,riyadh_places_kaggle,places_00183,place,Dime,Riyadh,Riyadh
RYD_002203,riyadh_places_kaggle,places_03523,place,Dime,Riyadh,Riyadh
RYD_002204,riyadh_places_kaggle,places_07346,place,Dime,Riyadh,Riyadh
RYD_002205,riyadh_places_kaggle,places_03491,place,Dime Roses,Riyadh,Riyadh
RYD_002206,riyadh_places_kaggle,places_04086,place,Dining Delight -DDR-,Riyadh,Riyadh
RYD_002207,riyadh_places_kaggle,places_05707,place,Dining Delight -DDR-,Riyadh,Riyadh
RYD_002208,riyadh_places_kaggle,places_05938,place,Dinos Pizza,Riyadh,Riyadh
RYD_002209,riyadh_places_kaggle,places_03743,place,Dip Lab,Riyadh,Riyadh
RYD_002210,riyadh_places_kaggle,places_05860,place,Dip Lab,Riyadh,Riyadh
RYD_002211,riyadh_places_kaggle,places_01970,place,Dip and Enjoy,Riyadh,Riyadh
RYD_002212,riyadh_places_kaggle,places_06740,place,Dip'in donuts,Riyadh,Riyadh
RYD_002213,riyadh_places_kaggle,places_07849,place,Dip'in donuts,Riyadh,Riyadh
RYD_002214,riyadh_places_kaggle,places_02896,place,DipTrip,Riyadh,Riyadh
RYD_002215,riyadh_places_kaggle,places_00843,place,Diplomat,Riyadh,Riyadh
RYD_002216,riyadh_places_kaggle,places_00950,place,Diplomat,Riyadh,Riyadh
RYD_002217,riyadh_places_kaggle,places_01454,place,Diplomat,Riyadh,Riyadh
RYD_002218,riyadh_places_kaggle,places_03309,place,Diplomat,Riyadh,Riyadh
RYD_002219,riyadh_places_kaggle,places_05473,place,Diplomat,Riyadh,Riyadh
RYD_002220,riyadh_places_kaggle,places_07532,place,Diplomat,Riyadh,Riyadh
RYD_002221,riyadh_places_kaggle,places_01918,place,Dirar Dimashq,Riyadh,Riyadh
RYD_002222,entertainment_kaggle,entertainment_00179,entertainment,Diriyah,Diriyah,Riyadh
RYD_002223,riyadh_places_kaggle,places_04252,place,Dish ahlam alsham restaurant,Riyadh,Riyadh
RYD_002224,riyadh_places_kaggle,places_07267,place,Dish grace,Riyadh,Riyadh
RYD_002225,riyadh_places_kaggle,places_05073,place,Diva Lawange,Riyadh,Riyadh
RYD_002226,riyadh_places_kaggle,places_08626,place,Diversity Diet,Riyadh,Riyadh
RYD_002227,riyadh_places_kaggle,places_05929,place,Diwan Al Asma Restaurant,Riyadh,Riyadh
RYD_002228,riyadh_places_kaggle,places_08095,place,Diwan Najd Restaurant,Riyadh,Riyadh
RYD_002229,riyadh_places_kaggle,places_04401,place,Diwanih wamadghut alsamaan,Riyadh,Riyadh
RYD_002230,riyadh_places_kaggle,places_05091,place,Diwaniya Al Sultana,Riyadh,Riyadh
RYD_002231,riyadh_places_kaggle,places_06177,place,Diwaniyah Al Anwar,Riyadh,Riyadh
RYD_002232,riyadh_places_kaggle,places_06303,place,Diwaniyah Al Dhafra,Riyadh,Riyadh
RYD_002233,riyadh_places_kaggle,places_04820,place,Diwaniyah Al Shorouk,Riyadh,Riyadh
RYD_002234,riyadh_places_kaggle,places_04803,place,Diwaniyah Hala,Riyadh,Riyadh
RYD_002235,riyadh_places_kaggle,places_07089,place,Diwaniyah NEOM,Riyadh,Riyadh
RYD_002236,riyadh_places_kaggle,places_04296,place,Diwaniyah Rafidah,Riyadh,Riyadh
RYD_002237,riyadh_places_kaggle,places_07831,place,Diwaniyah tarbiea,Riyadh,Riyadh
RYD_002238,riyadh_places_kaggle,places_07068,place,Diwaniyat al-Kif,Riyadh,Riyadh
RYD_002239,riyadh_places_kaggle,places_05903,place,Dochu,Riyadh,Riyadh
RYD_002240,riyadh_places_kaggle,places_00481,place,Doe Sandwich,Riyadh,Riyadh
RYD_002241,riyadh_places_kaggle,places_02807,place,Doff,Riyadh,Riyadh
RYD_002242,riyadh_places_kaggle,places_03967,place,Doh Malqa,Riyadh,Riyadh
RYD_002243,riyadh_places_kaggle,places_08219,place,Doha Rose,Riyadh,Riyadh
RYD_002244,riyadh_places_kaggle,places_04617,place,Dohat Al-Tea,Riyadh,Riyadh
RYD_002245,riyadh_places_kaggle,places_00648,place,Doka Bakery House,Riyadh,Riyadh
RYD_002246,riyadh_places_kaggle,places_01635,place,Doka Bakery House,Riyadh,Riyadh
RYD_002247,riyadh_places_kaggle,places_02893,place,Doka Bakery House,Riyadh,Riyadh
RYD_002248,riyadh_places_kaggle,places_01590,place,Dolan,Riyadh,Riyadh
RYD_002249,riyadh_places_kaggle,places_08494,place,Dolce Mia,Riyadh,Riyadh
RYD_002250,riyadh_places_kaggle,places_00897,place,Dolce Ragusa,Riyadh,Riyadh
RYD_002251,riyadh_places_kaggle,places_00947,place,Dolce Ragusa,Riyadh,Riyadh
RYD_002252,riyadh_places_kaggle,places_01693,place,Dolce Ragusa,Riyadh,Riyadh
RYD_002253,riyadh_places_kaggle,places_07603,place,Dolce Ragusa,Riyadh,Riyadh
RYD_002254,riyadh_places_kaggle,places_08586,place,Dolce Ragusa,Riyadh,Riyadh
RYD_002255,riyadh_places_kaggle,places_08739,place,Dolce Ragusa,Riyadh,Riyadh
RYD_002256,riyadh_places_kaggle,places_06570,place,Dolma Grape leaves,Riyadh,Riyadh
RYD_002257,riyadh_places_kaggle,places_06989,place,Dolma Grape leaves,Riyadh,Riyadh
RYD_002258,riyadh_places_kaggle,places_08574,place,Dolma Grape leaves,Riyadh,Riyadh
RYD_002259,riyadh_places_kaggle,places_02113,place,Dom,Riyadh,Riyadh
RYD_002260,riyadh_places_kaggle,places_03600,place,Dom,Riyadh,Riyadh
RYD_002261,riyadh_places_kaggle,places_06994,place,Dom,Riyadh,Riyadh
RYD_002262,riyadh_places_kaggle,places_07662,place,Dom,Riyadh,Riyadh
RYD_002263,riyadh_places_kaggle,places_08571,place,Dom,Riyadh,Riyadh
RYD_002264,riyadh_places_kaggle,places_03275,place,Dom sweets,Riyadh,Riyadh
RYD_002265,riyadh_places_kaggle,places_00206,place,Domino's Pizza,Riyadh,Riyadh
RYD_002266,riyadh_places_kaggle,places_00347,place,Domino's Pizza,Riyadh,Riyadh
RYD_002267,riyadh_places_kaggle,places_00407,place,Domino's Pizza,Riyadh,Riyadh
RYD_002268,riyadh_places_kaggle,places_00449,place,Domino's Pizza,Riyadh,Riyadh
RYD_002269,riyadh_places_kaggle,places_00468,place,Domino's Pizza,Riyadh,Riyadh
RYD_002270,riyadh_places_kaggle,places_00477,place,Domino's Pizza,Riyadh,Riyadh
RYD_002271,riyadh_places_kaggle,places_00688,place,Domino's Pizza,Riyadh,Riyadh
RYD_002272,riyadh_places_kaggle,places_01011,place,Domino's Pizza,Riyadh,Riyadh
RYD_002273,riyadh_places_kaggle,places_01270,place,Domino's Pizza,Riyadh,Riyadh
RYD_002274,riyadh_places_kaggle,places_01963,place,Domino's Pizza,Riyadh,Riyadh
RYD_002275,riyadh_places_kaggle,places_02286,place,Domino's Pizza,Riyadh,Riyadh
RYD_002276,riyadh_places_kaggle,places_02519,place,Domino's Pizza,Riyadh,Riyadh
RYD_002277,riyadh_places_kaggle,places_02812,place,Domino's Pizza,Riyadh,Riyadh
RYD_002278,riyadh_places_kaggle,places_05342,place,Domino's Pizza,Riyadh,Riyadh
RYD_002279,riyadh_places_kaggle,places_06387,place,Domino's Pizza,Riyadh,Riyadh
RYD_002280,riyadh_places_kaggle,places_06747,place,Domino's Pizza,Riyadh,Riyadh
RYD_002281,riyadh_places_kaggle,places_07112,place,Domino's Pizza,Riyadh,Riyadh
RYD_002282,riyadh_places_kaggle,places_07791,place,Domino's Pizza,Riyadh,Riyadh
RYD_002283,riyadh_places_kaggle,places_07999,place,Domino's Pizza,Riyadh,Riyadh
RYD_002284,riyadh_places_kaggle,places_08673,place,Domino's Pizza,Riyadh,Riyadh
RYD_002285,riyadh_places_kaggle,places_06374,place,Dona Sweet,Riyadh,Riyadh
RYD_002286,riyadh_places_kaggle,places_00281,place,Donatella,Riyadh,Riyadh
RYD_002287,riyadh_places_kaggle,places_02680,place,Donatella,Riyadh,Riyadh
RYD_002288,riyadh_places_kaggle,places_05422,place,Donatella,Riyadh,Riyadh
RYD_002289,riyadh_places_kaggle,places_08410,place,Done,Riyadh,Riyadh
RYD_002290,riyadh_places_kaggle,places_08621,place,Done,Riyadh,Riyadh
RYD_002291,riyadh_places_kaggle,places_04430,place,DonerBir,Riyadh,Riyadh
RYD_002292,riyadh_places_kaggle,places_06043,place,Donfire,Riyadh,Riyadh
RYD_002293,riyadh_places_kaggle,places_08375,place,Donut Time,Riyadh,Riyadh
RYD_002294,riyadh_places_kaggle,places_08678,place,Donut Time,Riyadh,Riyadh
RYD_002295,booking_kaggle,hotels_00805,hotel,Doolv Hotel,Riyadh,Riyadh
RYD_002296,booking_kaggle,hotels_00785,hotel,Doolv Hotel 2,Riyadh,Riyadh
RYD_002297,riyadh_places_kaggle,places_04376,place,Dora Al-Hana Al-Bukhari,Riyadh,Riyadh
RYD_002298,riyadh_places_kaggle,places_05240,place,Dora Alhala,Riyadh,Riyadh
RYD_002299,riyadh_places_kaggle,places_03685,place,Dorar,Riyadh,Riyadh
RYD_002300,booking_kaggle,hotels_00708,hotel,Dorar Almasyah Aparthotel,Riyadh,Riyadh
RYD_002301,riyadh_places_kaggle,places_08355,place,Dorrat Almkonat Pizza Napoli &amp; Pasta,Riyadh,Riyadh
RYD_002302,riyadh_places_kaggle,places_06617,place,Dosa Corner,Riyadh,Riyadh
RYD_002303,riyadh_places_kaggle,places_01526,place,Dose,Riyadh,Riyadh
RYD_002304,riyadh_places_kaggle,places_06909,place,Dose,Riyadh,Riyadh
RYD_002305,riyadh_places_kaggle,places_08701,place,Dose,Riyadh,Riyadh
RYD_002306,riyadh_places_kaggle,places_03824,place,Double Prime,Riyadh,Riyadh
RYD_002307,riyadh_places_kaggle,places_07857,place,Double burger,Riyadh,Riyadh
RYD_002308,riyadh_places_kaggle,places_04467,place,Doughmate,Riyadh,Riyadh
RYD_002309,riyadh_places_kaggle,places_00998,place,Doughnut Plant,Riyadh,Riyadh
RYD_002310,riyadh_places_kaggle,places_04054,place,Doughnut Plant,Riyadh,Riyadh
RYD_002311,riyadh_places_kaggle,places_02950,place,Dr Horde Cafe,Riyadh,Riyadh
RYD_002312,riyadh_places_kaggle,places_00674,place,Dr. Samak,Riyadh,Riyadh
RYD_002313,riyadh_places_kaggle,places_02207,place,Dr.Kabsa,Riyadh,Riyadh
RYD_002314,riyadh_places_kaggle,places_00451,place,Drama,Riyadh,Riyadh
RYD_002315,riyadh_places_kaggle,places_00650,place,Drama,Riyadh,Riyadh
RYD_002316,riyadh_places_kaggle,places_00710,place,Drama,Riyadh,Riyadh
RYD_002317,riyadh_places_kaggle,places_01460,place,Drama,Riyadh,Riyadh
RYD_002318,riyadh_places_kaggle,places_02195,place,Drama,Riyadh,Riyadh
RYD_002319,riyadh_places_kaggle,places_02327,place,Drama,Riyadh,Riyadh
RYD_002320,riyadh_places_kaggle,places_02487,place,Drama,Riyadh,Riyadh
RYD_002321,riyadh_places_kaggle,places_02833,place,Drama,Riyadh,Riyadh
RYD_002322,riyadh_places_kaggle,places_05314,place,Drama,Riyadh,Riyadh
RYD_002323,riyadh_places_kaggle,places_07444,place,Drama,Riyadh,Riyadh
RYD_002324,riyadh_places_kaggle,places_08066,place,Drama,Riyadh,Riyadh
RYD_002325,riyadh_places_kaggle,places_01444,place,Drip Coffee,Riyadh,Riyadh
RYD_002326,riyadh_places_kaggle,places_02233,place,Drip Coffee,Riyadh,Riyadh
RYD_002327,riyadh_places_kaggle,places_06971,place,Drip Coffee,Riyadh,Riyadh
RYD_002328,booking_kaggle,hotels_01022,hotel,Drr Ramah Suites 2,Riyadh,Riyadh
RYD_002329,riyadh_places_kaggle,places_04373,place,Drwaz,Riyadh,Riyadh
RYD_002330,riyadh_places_kaggle,places_05710,place,Duaar Alkabida,Riyadh,Riyadh
RYD_002331,riyadh_places_kaggle,places_07763,place,Dubai Diwaniyah,Riyadh,Riyadh
RYD_002332,riyadh_places_kaggle,places_05084,place,Duha,Riyadh,Riyadh
RYD_002333,riyadh_places_kaggle,places_03935,place,Dukan Balilah,Riyadh,Riyadh
RYD_002334,riyadh_places_kaggle,places_08136,place,Dukan Balilah,Riyadh,Riyadh
RYD_002335,riyadh_places_kaggle,places_07780,place,Dukat Shabab,Riyadh,Riyadh
RYD_002336,riyadh_places_kaggle,places_06054,place,Dukkan Enab,Riyadh,Riyadh
RYD_002337,riyadh_places_kaggle,places_05893,place,Dulzora,Riyadh,Riyadh
RYD_002338,riyadh_places_kaggle,places_08835,place,Dulzora,Riyadh,Riyadh
RYD_002339,riyadh_places_kaggle,places_00187,place,Dunkin' Donuts,Riyadh,Riyadh
RYD_002340,riyadh_places_kaggle,places_00358,place,Dunkin' Donuts,Riyadh,Riyadh
RYD_002341,riyadh_places_kaggle,places_00411,place,Dunkin' Donuts,Riyadh,Riyadh
RYD_002342,riyadh_places_kaggle,places_00517,place,Dunkin' Donuts,Riyadh,Riyadh
RYD_002343,riyadh_places_kaggle,places_00654,place,Dunkin' Donuts,Riyadh,Riyadh
RYD_002344,riyadh_places_kaggle,places_00666,place,Dunkin' Donuts,Riyadh,Riyadh
RYD_002345,riyadh_places_kaggle,places_00938,place,Dunkin' Donuts,Riyadh,Riyadh
RYD_002346,riyadh_places_kaggle,places_00992,place,Dunkin' Donuts,Riyadh,Riyadh
RYD_002347,riyadh_places_kaggle,places_01258,place,Dunkin' Donuts,Riyadh,Riyadh
RYD_002348,riyadh_places_kaggle,places_01850,place,Dunkin' Donuts,Riyadh,Riyadh
RYD_002349,riyadh_places_kaggle,places_02299,place,Dunkin' Donuts,Riyadh,Riyadh
RYD_002350,riyadh_places_kaggle,places_02373,place,Dunkin' Donuts,Riyadh,Riyadh
RYD_002351,riyadh_places_kaggle,places_02489,place,Dunkin' Donuts,Riyadh,Riyadh
RYD_002352,riyadh_places_kaggle,places_02541,place,Dunkin' Donuts,Riyadh,Riyadh
RYD_002353,riyadh_places_kaggle,places_02793,place,Dunkin' Donuts,Riyadh,Riyadh
RYD_002354,riyadh_places_kaggle,places_05328,place,Dunkin' Donuts,Riyadh,Riyadh
RYD_002355,riyadh_places_kaggle,places_06393,place,Dunkin' Donuts,Riyadh,Riyadh
RYD_002356,riyadh_places_kaggle,places_06751,place,Dunkin' Donuts,Riyadh,Riyadh
RYD_002357,riyadh_places_kaggle,places_07190,place,Dunkin' Donuts,Riyadh,Riyadh
RYD_002358,riyadh_places_kaggle,places_07797,place,Dunkin' Donuts,Riyadh,Riyadh
RYD_002359,riyadh_places_kaggle,places_08061,place,Dunkin' Donuts,Riyadh,Riyadh
RYD_002360,riyadh_places_kaggle,places_08658,place,Dunkin' Donuts,Riyadh,Riyadh
RYD_002361,riyadh_places_kaggle,places_01469,place,Dunyasi,Riyadh,Riyadh
RYD_002362,entertainment_kaggle,entertainment_00175,entertainment,Durat Al Sahel Water Theme Park,Riyadh,Riyadh
RYD_002363,riyadh_places_kaggle,places_00629,place,Durat Al-Rafidan,Riyadh,Riyadh
RYD_002364,riyadh_places_kaggle,places_04462,place,Durrat Al Khozama,Riyadh,Riyadh
RYD_002365,booking_kaggle,hotels_00038,hotel,Durrat Al Riyadh Resort & Spa,Riyadh,Riyadh
RYD_002366,riyadh_places_kaggle,places_00869,place,Durrat China,Riyadh,Riyadh
RYD_002367,riyadh_places_kaggle,places_01343,place,Durrat China,Riyadh,Riyadh
RYD_002368,riyadh_places_kaggle,places_05186,place,Dusky,Riyadh,Riyadh
RYD_002369,riyadh_places_kaggle,places_03366,place,Dutch Brunch,Riyadh,Riyadh
RYD_002370,riyadh_places_kaggle,places_07443,place,Dutch Brunch,Riyadh,Riyadh
RYD_002371,riyadh_places_kaggle,places_03653,place,Dyar bakery,Riyadh,Riyadh
RYD_002372,riyadh_places_kaggle,places_05775,place,Dyar bakery,Riyadh,Riyadh
RYD_002373,riyadh_places_kaggle,places_02835,place,Dyay Chicken,Riyadh,Riyadh
RYD_002374,riyadh_places_kaggle,places_01204,place,EAT UP,Riyadh,Riyadh
RYD_002375,riyadh_places_kaggle,places_02019,place,EATALY,Riyadh,Riyadh
RYD_002376,riyadh_places_kaggle,places_05851,place,ECRU,Riyadh,Riyadh
RYD_002377,riyadh_places_kaggle,places_05804,place,ELEMONT CAFE,Riyadh,Riyadh
RYD_002378,riyadh_places_kaggle,places_06007,place,ELmoez ST,Riyadh,Riyadh
RYD_002379,riyadh_places_kaggle,places_05964,place,EMPIRE CINEMAS,Riyadh,Riyadh
RYD_002380,riyadh_places_kaggle,places_07576,place,EMPIRE CINEMAS,Riyadh,Riyadh
RYD_002381,riyadh_places_kaggle,places_05029,place,ENAB,Riyadh,Riyadh
RYD_002382,riyadh_places_kaggle,places_04074,place,EQUAL,Riyadh,Riyadh
RYD_002383,riyadh_places_kaggle,places_05664,place,EQUAL,Riyadh,Riyadh
RYD_002384,riyadh_places_kaggle,places_00245,place,ERMINE,Riyadh,Riyadh
RYD_002385,riyadh_places_kaggle,places_01821,place,ERMINE,Riyadh,Riyadh
RYD_002386,riyadh_places_kaggle,places_02734,place,ERMINE,Riyadh,Riyadh
RYD_002387,riyadh_places_kaggle,places_05442,place,ERMINE,Riyadh,Riyadh
RYD_002388,riyadh_places_kaggle,places_07369,place,ERMINE,Riyadh,Riyadh
RYD_002389,riyadh_places_kaggle,places_08029,place,ERMINE,Riyadh,Riyadh
RYD_002390,riyadh_places_kaggle,places_07054,place,Eajinat Suria,Riyadh,Riyadh
RYD_002391,riyadh_places_kaggle,places_02332,place,Eanuh,Riyadh,Riyadh
RYD_002392,riyadh_places_kaggle,places_00374,place,Earth Bowlz,Riyadh,Riyadh
RYD_002393,riyadh_places_kaggle,places_00789,place,Earth Bowlz,Riyadh,Riyadh
RYD_002394,riyadh_places_kaggle,places_01400,place,Earth Bowlz,Riyadh,Riyadh
RYD_002395,riyadh_places_kaggle,places_01841,place,Earth Bowlz,Riyadh,Riyadh
RYD_002396,riyadh_places_kaggle,places_03136,place,Earth Bowlz,Riyadh,Riyadh
RYD_002397,riyadh_places_kaggle,places_06388,place,Earth Bowlz,Riyadh,Riyadh
RYD_002398,riyadh_places_kaggle,places_07143,place,Earth Bowlz,Riyadh,Riyadh
RYD_002399,riyadh_places_kaggle,places_02457,place,Easiri Firsh,Riyadh,Riyadh
RYD_002400,riyadh_places_kaggle,places_05774,place,East Coast,Riyadh,Riyadh
RYD_002401,riyadh_places_kaggle,places_03129,place,Easy Bakery,Riyadh,Riyadh
RYD_002402,riyadh_places_kaggle,places_05777,place,Easy Bakery,Riyadh,Riyadh
RYD_002403,riyadh_places_kaggle,places_02974,place,Eat Greek,Riyadh,Riyadh
RYD_002404,riyadh_places_kaggle,places_02176,place,Eat Ha,Riyadh,Riyadh
RYD_002405,riyadh_places_kaggle,places_03925,place,Eat Ha,Riyadh,Riyadh
RYD_002406,riyadh_places_kaggle,places_07241,place,Eat Ha,Riyadh,Riyadh
RYD_002407,riyadh_places_kaggle,places_01488,place,Eat Me Burger,Riyadh,Riyadh
RYD_002408,riyadh_places_kaggle,places_07475,place,Eat Me Burger,Riyadh,Riyadh
RYD_002409,riyadh_places_kaggle,places_05891,place,Eat Sure,Riyadh,Riyadh
RYD_002410,riyadh_places_kaggle,places_03451,place,Eat and go,Riyadh,Riyadh
RYD_002411,riyadh_places_kaggle,places_02022,place,Eataly for Retail,Riyadh,Riyadh
RYD_002412,riyadh_places_kaggle,places_00841,place,Eatwa,Riyadh,Riyadh
RYD_002413,riyadh_places_kaggle,places_03955,place,Eatwa,Riyadh,Riyadh
RYD_002414,riyadh_places_kaggle,places_07583,place,Eatwa,Riyadh,Riyadh
RYD_002415,riyadh_places_kaggle,places_06200,place,Eayan Aleindlib Broasted,Riyadh,Riyadh
RYD_002416,riyadh_places_kaggle,places_00001,place,Eben Ezar,Riyadh,Riyadh
RYD_002417,riyadh_places_kaggle,places_02582,place,Eclairysees,Riyadh,Riyadh
RYD_002418,riyadh_places_kaggle,places_01917,place,Een BAKERY,Riyadh,Riyadh
RYD_002419,riyadh_places_kaggle,places_02045,place,Egg Bowl,Riyadh,Riyadh
RYD_002420,riyadh_places_kaggle,places_02826,place,Egg Bowl,Riyadh,Riyadh
RYD_002420,riyadh_places_kaggle,places_02846,place,Egg Bun,Riyadh,Riyadh
RYD_002421,riyadh_places_kaggle,places_02085,place,Egg Bun,Riyadh,Riyadh
RYD_002422,riyadh_places_kaggle,places_02041,place,Egg House,Riyadh,Riyadh
RYD_002423,riyadh_places_kaggle,places_02840,place,Egg House,Riyadh,Riyadh
RYD_002424,riyadh_places_kaggle,places_02042,place,Egg Sando,Riyadh,Riyadh
RYD_002425,riyadh_places_kaggle,places_02841,place,Egg Sando,Riyadh,Riyadh
RYD_002426,riyadh_places_kaggle,places_02046,place,Egg Wraps,Riyadh,Riyadh
RYD_002427,riyadh_places_kaggle,places_02827,place,Egg Wraps,Riyadh,Riyadh
RYD_002428,riyadh_places_kaggle,places_05888,place,Eggnore,Riyadh,Riyadh
RYD_002429,riyadh_places_kaggle,places_01804,place,Eggs And Sauce,Riyadh,Riyadh
RYD_002430,riyadh_places_kaggle,places_02615,place,Eggsactly,Riyadh,Riyadh
RYD_002431,riyadh_places_kaggle,places_06894,place,Eggsactly,Riyadh,Riyadh
RYD_002432,riyadh_places_kaggle,places_03324,place,Eggz And Cheez,Riyadh,Riyadh
RYD_002433,riyadh_places_kaggle,places_06192,place,Egyptian restaurant for Egyptian food,Riyadh,Riyadh
RYD_002434,riyadh_places_kaggle,places_00459,place,Ehsaan,Riyadh,Riyadh
RYD_002435,riyadh_places_kaggle,places_04319,place,Eight Spoons,Riyadh,Riyadh
RYD_002436,booking_kaggle,hotels_00914,hotel,Ejaz Hotel Apartments,Riyadh,Riyadh
RYD_002437,riyadh_places_kaggle,places_00332,place,Ekhaa,Riyadh,Riyadh
RYD_002438,riyadh_places_kaggle,places_00846,place,Ekleel Lebanon,Riyadh,Riyadh
RYD_002439,riyadh_places_kaggle,places_00175,place,El Artisano,Riyadh,Riyadh
RYD_002440,riyadh_places_kaggle,places_02932,place,El Artisano,Riyadh,Riyadh
RYD_002441,riyadh_places_kaggle,places_06498,place,El Artisano,Riyadh,Riyadh
RYD_002442,riyadh_places_kaggle,places_00804,place,El Bakery,Riyadh,Riyadh
RYD_002443,riyadh_places_kaggle,places_01669,place,El Bakery,Riyadh,Riyadh
RYD_002444,riyadh_places_kaggle,places_06381,place,El Forn El Demashqi,Riyadh,Riyadh
RYD_002445,riyadh_places_kaggle,places_03957,place,El Fornaio,Riyadh,Riyadh
RYD_002446,riyadh_places_kaggle,places_05945,place,El Fornaio,Riyadh,Riyadh
RYD_002447,riyadh_places_kaggle,places_06560,place,El Fornaio,Riyadh,Riyadh
RYD_002448,riyadh_places_kaggle,places_02967,place,El Mexa,Riyadh,Riyadh
RYD_002449,riyadh_places_kaggle,places_03007,place,ElGreco Sandwiches &amp; Wraps,Riyadh,Riyadh
RYD_002450,riyadh_places_kaggle,places_06824,place,ElGreco Sandwiches &amp; Wraps,Riyadh,Riyadh
RYD_002451,riyadh_places_kaggle,places_07914,place,Elbaladi yoka,Riyadh,Riyadh
RYD_002452,riyadh_places_kaggle,places_08115,place,Elegant taste,Riyadh,Riyadh
RYD_002453,riyadh_places_kaggle,places_00045,place,Eletna Restaurant,Riyadh,Riyadh
RYD_002454,riyadh_places_kaggle,places_03603,place,Eletna Restaurant,Riyadh,Riyadh
RYD_002455,riyadh_places_kaggle,places_06395,place,Eletna Restaurant,Riyadh,Riyadh
RYD_002456,riyadh_places_kaggle,places_06797,place,Eletna Restaurant,Riyadh,Riyadh
RYD_002457,riyadh_places_kaggle,places_07158,place,Eletna Restaurant,Riyadh,Riyadh
RYD_002458,riyadh_places_kaggle,places_02756,place,Elevate Breakfast,Riyadh,Riyadh
RYD_002459,riyadh_places_kaggle,places_02755,place,Elevate To Go,Riyadh,Riyadh
RYD_002460,riyadh_places_kaggle,places_02710,place,Eleven Eleven,Riyadh,Riyadh
RYD_002461,riyadh_places_kaggle,places_05436,place,Eleven Eleven,Riyadh,Riyadh
RYD_002462,riyadh_places_kaggle,places_07363,place,Eleven Eleven,Riyadh,Riyadh
RYD_002463,riyadh_places_kaggle,places_08776,place,Eleven Eleven,Riyadh,Riyadh
RYD_002464,riyadh_places_kaggle,places_05685,place,Elite,Riyadh,Riyadh
RYD_002465,riyadh_places_kaggle,places_03960,place,Elite Cup,Riyadh,Riyadh
RYD_002466,riyadh_places_kaggle,places_05288,place,Elite Cup,Riyadh,Riyadh
RYD_002467,riyadh_places_kaggle,places_06577,place,Elite Sweets,Riyadh,Riyadh
RYD_002468,riyadh_places_kaggle,places_00965,place,Elite Time,Riyadh,Riyadh
RYD_002469,riyadh_places_kaggle,places_00491,place,Elixir Bunn coffee roasters,Riyadh,Riyadh
RYD_002470,riyadh_places_kaggle,places_04671,place,Elixir Bunn coffee roasters,Riyadh,Riyadh
RYD_002471,riyadh_places_kaggle,places_00957,place,EllelaZena,Riyadh,Riyadh
RYD_002472,riyadh_places_kaggle,places_03179,place,EllelaZena,Riyadh,Riyadh
RYD_002473,riyadh_places_kaggle,places_08045,place,Elsehol Elkhaligia,Riyadh,Riyadh
RYD_002474,riyadh_places_kaggle,places_08681,place,Emad Olfat Halwani,Riyadh,Riyadh
RYD_002475,riyadh_places_kaggle,places_05674,place,Ember Pitcher,Riyadh,Riyadh
RYD_002476,riyadh_places_kaggle,places_08430,place,Emerald Grill Restaurant Bukhari,Riyadh,Riyadh
RYD_002477,riyadh_places_kaggle,places_03269,place,Empator Shawrma,Riyadh,Riyadh
RYD_002477,riyadh_places_kaggle,places_07776,place,Shawarma Emperor,Riyadh,Riyadh
RYD_002478,riyadh_places_kaggle,places_05715,place,Empator Shawrma,Riyadh,Riyadh
RYD_002479,riyadh_places_kaggle,places_06536,place,Empator Shawrma,Riyadh,Riyadh
RYD_002480,riyadh_places_kaggle,places_06873,place,Empator Shawrma,Riyadh,Riyadh
RYD_002481,riyadh_places_kaggle,places_07836,place,Empator Shawrma,Riyadh,Riyadh
RYD_002482,riyadh_places_kaggle,places_08017,place,Empator Shawrma,Riyadh,Riyadh
RYD_002483,riyadh_places_kaggle,places_07837,place,Emperor's Grill,Riyadh,Riyadh
RYD_002484,riyadh_places_kaggle,places_08035,place,Emperor's Grill,Riyadh,Riyadh
RYD_002485,riyadh_places_kaggle,places_08610,place,Emperor's oven,Riyadh,Riyadh
RYD_002486,entertainment_kaggle,entertainment_00017,entertainment,Empire Cinemas - Head Office,Riyadh,Riyadh
RYD_002487,entertainment_kaggle,entertainment_00026,entertainment,Empire Cinemas - Head Office,Riyadh,Riyadh
RYD_002488,riyadh_places_kaggle,places_01354,place,Enabah,Riyadh,Riyadh
RYD_002489,riyadh_places_kaggle,places_02325,place,Enabah,Riyadh,Riyadh
RYD_002490,riyadh_places_kaggle,places_05513,place,Enabah,Riyadh,Riyadh
RYD_002491,riyadh_places_kaggle,places_07296,place,Enabah,Riyadh,Riyadh
RYD_002492,riyadh_places_kaggle,places_08263,place,Enabah,Riyadh,Riyadh
RYD_002493,riyadh_places_kaggle,places_01881,place,Enabah w Kobah,Riyadh,Riyadh
RYD_002494,riyadh_places_kaggle,places_04018,place,Engineering Maesub,Riyadh,Riyadh
RYD_002495,riyadh_places_kaggle,places_00554,place,Ennabi Grill,Riyadh,Riyadh
RYD_002496,riyadh_places_kaggle,places_01296,place,Ennabi Grill,Riyadh,Riyadh
RYD_002497,riyadh_places_kaggle,places_01944,place,Ennabi Grill,Riyadh,Riyadh
RYD_002498,riyadh_places_kaggle,places_02247,place,Ennabi Grill,Riyadh,Riyadh
RYD_002499,riyadh_places_kaggle,places_02584,place,Ennabi Grill,Riyadh,Riyadh
RYD_002500,riyadh_places_kaggle,places_02824,place,Ennabi Grill,Riyadh,Riyadh
RYD_002501,riyadh_places_kaggle,places_05477,place,Ennabi Grill,Riyadh,Riyadh
RYD_002502,riyadh_places_kaggle,places_06828,place,Ennabi Grill,Riyadh,Riyadh
RYD_002503,riyadh_places_kaggle,places_07182,place,Ennabi Grill,Riyadh,Riyadh
RYD_002504,riyadh_places_kaggle,places_07884,place,Ennabi Grill,Riyadh,Riyadh
RYD_002505,riyadh_places_kaggle,places_03715,place,Enzo coffee,Riyadh,Riyadh
RYD_002506,riyadh_places_kaggle,places_02944,place,Epic Byrd,Riyadh,Riyadh
RYD_002507,riyadh_places_kaggle,places_05640,place,Epic Byrd,Riyadh,Riyadh
RYD_002508,riyadh_places_kaggle,places_06523,place,Epic Byrd,Riyadh,Riyadh
RYD_002509,riyadh_places_kaggle,places_08209,place,Epic Byrd,Riyadh,Riyadh
RYD_002510,riyadh_places_kaggle,places_02208,place,Era Coffee,Riyadh,Riyadh
RYD_002511,riyadh_places_kaggle,places_04256,place,Era Coffee,Riyadh,Riyadh
RYD_002512,riyadh_places_kaggle,places_04992,place,Error404,Riyadh,Riyadh
RYD_002513,entertainment_kaggle,entertainment_00268,entertainment,Escape Room,Riyadh,Riyadh
RYD_002514,entertainment_kaggle,entertainment_00278,entertainment,Escape Room,Riyadh,Riyadh
RYD_002515,entertainment_kaggle,entertainment_00362,entertainment,Escape The Room - Riyadh,Riyadh,Riyadh
RYD_002516,entertainment_kaggle,entertainment_00372,entertainment,Escape The Room - Riyadh,Riyadh,Riyadh
RYD_002517,riyadh_places_kaggle,places_06026,place,Eshe,Riyadh,Riyadh
RYD_002518,riyadh_places_kaggle,places_03455,place,Eski kebap,Riyadh,Riyadh
RYD_002519,riyadh_places_kaggle,places_05578,place,Eski kebap,Riyadh,Riyadh
RYD_002520,riyadh_places_kaggle,places_00334,place,Etaam,Riyadh,Riyadh
RYD_002521,riyadh_places_kaggle,places_01378,place,Ether,Riyadh,Riyadh
RYD_002521,riyadh_places_kaggle,places_01379,place,Better,Riyadh,Riyadh
RYD_002522,riyadh_places_kaggle,places_07384,place,Ether,Riyadh,Riyadh
RYD_002523,riyadh_places_kaggle,places_08329,place,Ether,Riyadh,Riyadh
RYD_002523,riyadh_places_kaggle,places_08334,place,Better,Riyadh,Riyadh
RYD_002524,booking_kaggle,hotels_00916,hotel,Evan Suites,Riyadh,Riyadh
RYD_002525,riyadh_places_kaggle,places_06330,place,Eve Rose,Riyadh,Riyadh
RYD_002526,riyadh_places_kaggle,places_06216,place,Evening Rose,Riyadh,Riyadh
RYD_002527,riyadh_places_kaggle,places_02989,place,Eventastic,Riyadh,Riyadh
RYD_002528,riyadh_places_kaggle,places_00033,place,Everyday Coffee Roastery,Riyadh,Riyadh
RYD_002529,riyadh_places_kaggle,places_03070,place,Everyday Coffee Roastery,Riyadh,Riyadh
RYD_002530,riyadh_places_kaggle,places_05338,place,Everyday Coffee Roastery,Riyadh,Riyadh
RYD_002531,booking_kaggle,hotels_00462,hotel,Ewaa Express Hotel - Gaber,Riyadh,Riyadh
RYD_002532,booking_kaggle,hotels_00432,hotel,Executives Hotel - Azizia,Riyadh,Riyadh
RYD_002533,booking_kaggle,hotels_00141,hotel,Executives Hotel - Olaya,Riyadh,Riyadh
RYD_002534,riyadh_places_kaggle,places_04269,place,Eye Wink Donuts,Riyadh,Riyadh
RYD_002535,riyadh_places_kaggle,places_05930,place,Eye Wink Donuts,Riyadh,Riyadh
RYD_002536,riyadh_places_kaggle,places_06988,place,Eye Wink Donuts,Riyadh,Riyadh
RYD_002537,riyadh_places_kaggle,places_05345,place,Eyewa,Riyadh,Riyadh
RYD_002538,riyadh_places_kaggle,places_07504,place,Eyewa,Riyadh,Riyadh
RYD_002539,riyadh_places_kaggle,places_08234,place,Eyewa,Riyadh,Riyadh
RYD_002540,riyadh_places_kaggle,places_06722,place,F,Riyadh,Riyadh
RYD_002541,riyadh_places_kaggle,places_02030,place,FAHDA,Riyadh,Riyadh
RYD_002542,riyadh_places_kaggle,places_02154,place,FAHDA,Riyadh,Riyadh
RYD_002543,riyadh_places_kaggle,places_02612,place,FAHDA,Riyadh,Riyadh
RYD_002544,riyadh_places_kaggle,places_02998,place,FAHDA,Riyadh,Riyadh
RYD_002545,riyadh_places_kaggle,places_07379,place,FAHDA,Riyadh,Riyadh
RYD_002546,riyadh_places_kaggle,places_08312,place,FAHDA,Riyadh,Riyadh
RYD_002547,riyadh_places_kaggle,places_08259,place,FAMILY PIE,Riyadh,Riyadh
RYD_002548,riyadh_places_kaggle,places_05122,place,FATTY BURGER,Riyadh,Riyadh
RYD_002549,riyadh_places_kaggle,places_06211,place,FAWAL JART ZAMAN,Riyadh,Riyadh
RYD_002550,riyadh_places_kaggle,places_07063,place,FAWAL MADHAQ ALAFRAH,Riyadh,Riyadh
RYD_002551,riyadh_places_kaggle,places_07078,place,FIFTY CAL JUICE,Riyadh,Riyadh
RYD_002552,riyadh_places_kaggle,places_04395,place,FINOO,Riyadh,Riyadh
RYD_002553,riyadh_places_kaggle,places_02593,place,FLEX KITCHEN,Riyadh,Riyadh
RYD_002554,riyadh_places_kaggle,places_00647,place,FLOD,Riyadh,Riyadh
RYD_002555,riyadh_places_kaggle,places_03379,place,FLOD,Riyadh,Riyadh
RYD_002556,riyadh_places_kaggle,places_07728,place,FLOD,Riyadh,Riyadh
RYD_002557,riyadh_places_kaggle,places_05152,place,FLOUR &amp; FIREWOOD,Riyadh,Riyadh
RYD_002558,riyadh_places_kaggle,places_03719,place,FLOWERS LOCATION,Riyadh,Riyadh
RYD_002559,riyadh_places_kaggle,places_05036,place,FM Burger,Riyadh,Riyadh
RYD_002560,riyadh_places_kaggle,places_04637,place,FOL TIME,Riyadh,Riyadh
RYD_002561,riyadh_places_kaggle,places_00873,place,FRESH &amp; TANGY,Riyadh,Riyadh
RYD_002562,riyadh_places_kaggle,places_01541,place,FRESH BLENDS,Riyadh,Riyadh
RYD_002563,riyadh_places_kaggle,places_00502,place,FRN,Riyadh,Riyadh
RYD_002564,riyadh_places_kaggle,places_01037,place,FRN,Riyadh,Riyadh
RYD_002565,riyadh_places_kaggle,places_03139,place,FRN,Riyadh,Riyadh
RYD_002566,riyadh_places_kaggle,places_01854,place,FROZ,Riyadh,Riyadh
RYD_002567,riyadh_places_kaggle,places_02668,place,FROZ,Riyadh,Riyadh
RYD_002568,riyadh_places_kaggle,places_02942,place,FROZ,Riyadh,Riyadh
RYD_002569,riyadh_places_kaggle,places_07214,place,FROZ,Riyadh,Riyadh
RYD_002570,riyadh_places_kaggle,places_08469,place,FROZ,Riyadh,Riyadh
RYD_002571,riyadh_places_kaggle,places_08692,place,FROZ,Riyadh,Riyadh
RYD_002572,riyadh_places_kaggle,places_00726,place,FRSH,Riyadh,Riyadh
RYD_002573,riyadh_places_kaggle,places_02598,place,FRSH,Riyadh,Riyadh
RYD_002574,riyadh_places_kaggle,places_03286,place,FRUIT HOUSE,Riyadh,Riyadh
RYD_002575,riyadh_places_kaggle,places_04277,place,FRUIT JUICES,Riyadh,Riyadh
RYD_002576,riyadh_places_kaggle,places_01036,place,FRYD,Riyadh,Riyadh
RYD_002577,riyadh_places_kaggle,places_02603,place,FRYD,Riyadh,Riyadh
RYD_002578,riyadh_places_kaggle,places_07554,place,FRYD,Riyadh,Riyadh
RYD_002579,riyadh_places_kaggle,places_01322,place,FS7A,Riyadh,Riyadh
RYD_002580,riyadh_places_kaggle,places_05646,place,FS7A,Riyadh,Riyadh
RYD_002581,riyadh_places_kaggle,places_07990,place,Faa,Riyadh,Riyadh
RYD_002582,riyadh_places_kaggle,places_03882,place,Faasos,Riyadh,Riyadh
RYD_002583,riyadh_places_kaggle,places_05546,place,Faasos,Riyadh,Riyadh
RYD_002584,riyadh_places_kaggle,places_07492,place,Faasos,Riyadh,Riyadh
RYD_002585,riyadh_places_kaggle,places_08397,place,Fahad Burger,Riyadh,Riyadh
RYD_002586,riyadh_places_kaggle,places_08201,place,Fahid juices,Riyadh,Riyadh
RYD_002587,riyadh_places_kaggle,places_08812,place,Fahrenheit Pies,Riyadh,Riyadh
RYD_002588,riyadh_places_kaggle,places_08272,place,Faihaa Demeshik Pizza and Pies,Riyadh,Riyadh
RYD_002589,riyadh_places_kaggle,places_01196,place,Fairouzy Saj,Riyadh,Riyadh
RYD_002590,riyadh_places_kaggle,places_00764,place,Fairuz Garden,Riyadh,Riyadh
RYD_002591,riyadh_places_kaggle,places_03496,place,Fairuz Garden,Riyadh,Riyadh
RYD_002592,riyadh_places_kaggle,places_03273,place,Faisal Tea,Riyadh,Riyadh
RYD_002593,riyadh_places_kaggle,places_08395,place,Fakha Al Shamiya,Riyadh,Riyadh
RYD_002594,riyadh_places_kaggle,places_06627,place,Fakhr Al Walima Restaurants Kitchens,Riyadh,Riyadh
RYD_002595,riyadh_places_kaggle,places_01661,place,Falafel AL Chef,Riyadh,Riyadh
RYD_002596,riyadh_places_kaggle,places_01607,place,Falafel AL Nuzha,Riyadh,Riyadh
RYD_002597,riyadh_places_kaggle,places_05243,place,Falafel Al-Fursan,Riyadh,Riyadh
RYD_002598,riyadh_places_kaggle,places_07690,place,Falafel Al-Fursan,Riyadh,Riyadh
RYD_002599,riyadh_places_kaggle,places_08110,place,Falafel Al-Fursan,Riyadh,Riyadh
RYD_002600,riyadh_places_kaggle,places_07853,place,Falafel Alharah,Riyadh,Riyadh
RYD_002601,riyadh_places_kaggle,places_08137,place,Falafel Alsultan,Riyadh,Riyadh
RYD_002602,riyadh_places_kaggle,places_00074,place,Falafel Arafah,Riyadh,Riyadh
RYD_002603,riyadh_places_kaggle,places_04108,place,Falafel Arafah,Riyadh,Riyadh
RYD_002604,riyadh_places_kaggle,places_08101,place,Falafel Arafah,Riyadh,Riyadh
RYD_002605,riyadh_places_kaggle,places_06335,place,Falafel Com,Riyadh,Riyadh
RYD_002606,riyadh_places_kaggle,places_02114,place,Falafel Corner Al Manal,Riyadh,Riyadh
RYD_002607,riyadh_places_kaggle,places_00550,place,Falafel Dam,Riyadh,Riyadh
RYD_002608,riyadh_places_kaggle,places_03150,place,Falafel Dam,Riyadh,Riyadh
RYD_002609,riyadh_places_kaggle,places_05406,place,Falafel Dam,Riyadh,Riyadh
RYD_002610,riyadh_places_kaggle,places_07515,place,Falafel Dam,Riyadh,Riyadh
RYD_002611,riyadh_places_kaggle,places_08284,place,Falafel Dam,Riyadh,Riyadh
RYD_002612,riyadh_places_kaggle,places_01364,place,Falafel Esmat,Riyadh,Riyadh
RYD_002613,riyadh_places_kaggle,places_01705,place,Falafel Factory,Riyadh,Riyadh
RYD_002614,riyadh_places_kaggle,places_05649,place,Falafel Factory,Riyadh,Riyadh
RYD_002615,riyadh_places_kaggle,places_07251,place,Falafel Factory,Riyadh,Riyadh
RYD_002616,riyadh_places_kaggle,places_08204,place,Falafel Fayha Damascus,Riyadh,Riyadh
RYD_002617,riyadh_places_kaggle,places_07908,place,Falafel Hartna,Riyadh,Riyadh
RYD_002618,riyadh_places_kaggle,places_06088,place,Falafel Homs Adnan,Riyadh,Riyadh
RYD_002619,riyadh_places_kaggle,places_06075,place,Falafel House,Riyadh,Riyadh
RYD_002620,riyadh_places_kaggle,places_06582,place,Falafel House,Riyadh,Riyadh
RYD_002621,riyadh_places_kaggle,places_06072,place,Falafel Moryan,Riyadh,Riyadh
RYD_002622,riyadh_places_kaggle,places_06658,place,Falafel Namar,Riyadh,Riyadh
RYD_002623,riyadh_places_kaggle,places_03634,place,Falafel Nation,Riyadh,Riyadh
RYD_002623,riyadh_places_kaggle,places_03635,place,Mission Falafel - Riyadh,Riyadh,Riyadh
RYD_002623,riyadh_places_kaggle,places_03636,place,Kaaket Falafel,Riyadh,Riyadh
RYD_002624,riyadh_places_kaggle,places_06396,place,Falafel Nation,Riyadh,Riyadh
RYD_002625,riyadh_places_kaggle,places_06795,place,Falafel Nation,Riyadh,Riyadh
RYD_002626,riyadh_places_kaggle,places_08341,place,Falafel Nation,Riyadh,Riyadh
RYD_002627,riyadh_places_kaggle,places_00321,place,Falafel Pie,Riyadh,Riyadh
RYD_002628,riyadh_places_kaggle,places_01529,place,Falafel Pie,Riyadh,Riyadh
RYD_002629,riyadh_places_kaggle,places_02214,place,Falafel Pie,Riyadh,Riyadh
RYD_002630,riyadh_places_kaggle,places_03034,place,Falafel Pie,Riyadh,Riyadh
RYD_002631,riyadh_places_kaggle,places_04642,place,Falafel Pie,Riyadh,Riyadh
RYD_002632,riyadh_places_kaggle,places_05404,place,Falafel Pie,Riyadh,Riyadh
RYD_002633,riyadh_places_kaggle,places_05688,place,Falafel Pie,Riyadh,Riyadh
RYD_002634,riyadh_places_kaggle,places_05908,place,Falafel Pie,Riyadh,Riyadh
RYD_002635,riyadh_places_kaggle,places_06052,place,Falafel Pie,Riyadh,Riyadh
RYD_002636,riyadh_places_kaggle,places_06710,place,Falafel Pie,Riyadh,Riyadh
RYD_002637,riyadh_places_kaggle,places_07272,place,Falafel Pie,Riyadh,Riyadh
RYD_002638,riyadh_places_kaggle,places_08079,place,Falafel Pie,Riyadh,Riyadh
RYD_002639,riyadh_places_kaggle,places_08351,place,Falafel Pie,Riyadh,Riyadh
RYD_002640,riyadh_places_kaggle,places_08377,place,Falafel Pie,Riyadh,Riyadh
RYD_002641,riyadh_places_kaggle,places_07760,place,Falafel Rawaie Al Zaeem,Riyadh,Riyadh
RYD_002642,riyadh_places_kaggle,places_03922,place,Falafel Redbox,Riyadh,Riyadh
RYD_002643,riyadh_places_kaggle,places_06687,place,Falafel Sahn,Riyadh,Riyadh
RYD_002644,riyadh_places_kaggle,places_07840,place,Falafel Sahn,Riyadh,Riyadh
RYD_002644,riyadh_places_kaggle,places_07843,place,Falafel time,Riyadh,Riyadh
RYD_002645,riyadh_places_kaggle,places_07892,place,Falafel Shamia,Riyadh,Riyadh
RYD_002646,riyadh_places_kaggle,places_00365,place,Falafel Taj Arafa,Riyadh,Riyadh
RYD_002647,riyadh_places_kaggle,places_00362,place,Falafel Taj Themar,Riyadh,Riyadh
RYD_002648,riyadh_places_kaggle,places_04864,place,Falafel Tarwiqa Al-Sham,Riyadh,Riyadh
RYD_002649,riyadh_places_kaggle,places_01110,place,Falafel Themar,Riyadh,Riyadh
RYD_002650,riyadh_places_kaggle,places_01601,place,Falafel Themar,Riyadh,Riyadh
RYD_002651,riyadh_places_kaggle,places_02527,place,Falafel Themar,Riyadh,Riyadh
RYD_002652,riyadh_places_kaggle,places_05287,place,Falafel Themar,Riyadh,Riyadh
RYD_002653,riyadh_places_kaggle,places_06392,place,Falafel Themar,Riyadh,Riyadh
RYD_002654,riyadh_places_kaggle,places_08589,place,Falafel Themar,Riyadh,Riyadh
RYD_002655,riyadh_places_kaggle,places_06364,place,Falafel Wa Taghmisa,Riyadh,Riyadh
RYD_002656,riyadh_places_kaggle,places_08042,place,Falafel Way,Riyadh,Riyadh
RYD_002657,riyadh_places_kaggle,places_08091,place,Falafel Zawya Arafa,Riyadh,Riyadh
RYD_002658,riyadh_places_kaggle,places_04548,place,Falafel anhar Arafa,Riyadh,Riyadh
RYD_002659,riyadh_places_kaggle,places_01702,place,Falafel bahira,Riyadh,Riyadh
RYD_002660,riyadh_places_kaggle,places_07637,place,Falafel bahira,Riyadh,Riyadh
RYD_002661,riyadh_places_kaggle,places_08086,place,Falafel bahira,Riyadh,Riyadh
RYD_002662,riyadh_places_kaggle,places_00416,place,Falafel mishwar,Riyadh,Riyadh
RYD_002663,riyadh_places_kaggle,places_01175,place,Falafel time,Riyadh,Riyadh
RYD_002664,riyadh_places_kaggle,places_07740,place,Falafel time,Riyadh,Riyadh
RYD_002665,riyadh_places_kaggle,places_04591,place,Falafelino,Riyadh,Riyadh
RYD_002666,riyadh_places_kaggle,places_01610,place,Falafil muthmira,Riyadh,Riyadh
RYD_002667,riyadh_places_kaggle,places_07567,place,Falafil muthmira,Riyadh,Riyadh
RYD_002668,riyadh_places_kaggle,places_08383,place,Falafil muthmira,Riyadh,Riyadh
RYD_002669,riyadh_places_kaggle,places_03639,place,Falqa Wahda,Riyadh,Riyadh
RYD_002670,riyadh_places_kaggle,places_06481,place,Falqa Wahda,Riyadh,Riyadh
RYD_002671,riyadh_places_kaggle,places_08751,place,Family House,Riyadh,Riyadh
RYD_002672,entertainment_kaggle,entertainment_00346,entertainment,Family Park,Riyadh,Riyadh
RYD_002673,entertainment_kaggle,entertainment_00356,entertainment,Family Park,Riyadh,Riyadh
RYD_002674,riyadh_places_kaggle,places_08404,place,Family Shawarma,Riyadh,Riyadh
RYD_002675,riyadh_places_kaggle,places_02315,place,Family pizza,Riyadh,Riyadh
RYD_002676,riyadh_places_kaggle,places_08244,place,Fan Al Kunafa,Riyadh,Riyadh
RYD_002677,riyadh_places_kaggle,places_08632,place,Fan Al Raweaa Al Maeedah Al Bukhari,Riyadh,Riyadh
RYD_002678,entertainment_kaggle,entertainment_00266,entertainment,Fanta Park,Riyadh,Riyadh
RYD_002679,entertainment_kaggle,entertainment_00276,entertainment,Fanta Park,Riyadh,Riyadh
RYD_002680,entertainment_kaggle,entertainment_00142,entertainment,Far-is studio,Riyadh,Riyadh
RYD_002681,entertainment_kaggle,entertainment_00151,entertainment,Far-is studio,Riyadh,Riyadh
RYD_002682,riyadh_places_kaggle,places_03225,place,Farah Afandina,Riyadh,Riyadh
RYD_002683,riyadh_places_kaggle,places_04243,place,Farashat Alreef,Riyadh,Riyadh
RYD_002684,riyadh_places_kaggle,places_04337,place,Faredah Hanim,Riyadh,Riyadh
RYD_002685,riyadh_places_kaggle,places_05980,place,Faredah Hanim,Riyadh,Riyadh
RYD_002686,riyadh_places_kaggle,places_00567,place,Fareen,Riyadh,Riyadh
RYD_002687,riyadh_places_kaggle,places_00690,place,Farghaly Fruit,Riyadh,Riyadh
RYD_002688,riyadh_places_kaggle,places_05665,place,Farghaly Fruit,Riyadh,Riyadh
RYD_002689,riyadh_places_kaggle,places_07512,place,Farghaly Fruit,Riyadh,Riyadh
RYD_002690,riyadh_places_kaggle,places_08682,place,Farghaly Fruit,Riyadh,Riyadh
RYD_002691,riyadh_places_kaggle,places_01722,place,Farina,Riyadh,Riyadh
RYD_002692,riyadh_places_kaggle,places_08444,place,Farm Restaurant,Riyadh,Riyadh
RYD_002693,riyadh_places_kaggle,places_01887,place,Farm Taste,Riyadh,Riyadh
RYD_002694,riyadh_places_kaggle,places_03745,place,Farm Taste,Riyadh,Riyadh
RYD_002695,riyadh_places_kaggle,places_07723,place,Farm Taste,Riyadh,Riyadh
RYD_002696,riyadh_places_kaggle,places_08176,place,Farooj Al Hada,Riyadh,Riyadh
RYD_002697,riyadh_places_kaggle,places_00431,place,Farouj Al Carawan,Riyadh,Riyadh
RYD_002698,riyadh_places_kaggle,places_00572,place,Farouj Al Carawan,Riyadh,Riyadh
RYD_002699,riyadh_places_kaggle,places_01851,place,Farouj Bint ELdeek,Riyadh,Riyadh
RYD_002700,riyadh_places_kaggle,places_00129,place,Fast Food Corner,Riyadh,Riyadh
RYD_002701,riyadh_places_kaggle,places_02313,place,Fast burger,Riyadh,Riyadh
RYD_002702,riyadh_places_kaggle,places_02453,place,Fast food,Riyadh,Riyadh
RYD_002703,riyadh_places_kaggle,places_00954,place,Fat Sal's,Riyadh,Riyadh
RYD_002704,riyadh_places_kaggle,places_07969,place,Fatayer Al Amour,Riyadh,Riyadh
RYD_002705,riyadh_places_kaggle,places_07014,place,Fatayer Alamour,Riyadh,Riyadh
RYD_002706,riyadh_places_kaggle,places_08535,place,Fatayer Alamour,Riyadh,Riyadh
RYD_002707,riyadh_places_kaggle,places_01678,place,Fatayerji,Riyadh,Riyadh
RYD_002708,riyadh_places_kaggle,places_02095,place,Fatayerji,Riyadh,Riyadh
RYD_002709,riyadh_places_kaggle,places_07823,place,Fatera Babel,Riyadh,Riyadh
RYD_002710,riyadh_places_kaggle,places_07784,place,Faterat Albayan,Riyadh,Riyadh
RYD_002711,riyadh_places_kaggle,places_02232,place,Faterat Alnwras Restaurant,Riyadh,Riyadh
RYD_002712,riyadh_places_kaggle,places_05087,place,Faterat Jassar,Riyadh,Riyadh
RYD_002713,riyadh_places_kaggle,places_00669,place,Faterati,Riyadh,Riyadh
RYD_002714,riyadh_places_kaggle,places_02365,place,Fatertk Almomayzah,Riyadh,Riyadh
RYD_002715,riyadh_places_kaggle,places_06685,place,Fatirat Wa Karak,Riyadh,Riyadh
RYD_002716,riyadh_places_kaggle,places_00812,place,Fator Basma,Riyadh,Riyadh
RYD_002717,riyadh_places_kaggle,places_00866,place,Fatotta,Riyadh,Riyadh
RYD_002718,riyadh_places_kaggle,places_07005,place,Fatta Enaba,Riyadh,Riyadh
RYD_002719,riyadh_places_kaggle,places_00576,place,Fattah and Snobar,Riyadh,Riyadh
RYD_002720,riyadh_places_kaggle,places_06542,place,Fattah and Snobar,Riyadh,Riyadh
RYD_002721,riyadh_places_kaggle,places_04693,place,Fatur Baytna Restaurant,Riyadh,Riyadh
RYD_002722,riyadh_places_kaggle,places_06172,place,Fatusha,Riyadh,Riyadh
RYD_002723,riyadh_places_kaggle,places_07839,place,Faual and Tamis Watan Al Nakhil,Riyadh,Riyadh
RYD_002724,riyadh_places_kaggle,places_07075,place,Fawaal khalatat aljarah,Riyadh,Riyadh
RYD_002725,riyadh_places_kaggle,places_00322,place,Fawal Abo Azooz,Riyadh,Riyadh
RYD_002726,riyadh_places_kaggle,places_04310,place,Fawal Abo Azooz,Riyadh,Riyadh
RYD_002727,riyadh_places_kaggle,places_05999,place,Fawal Aeali Hijaz,Riyadh,Riyadh
RYD_002728,riyadh_places_kaggle,places_02469,place,Fawal Al Najjar,Riyadh,Riyadh
RYD_002729,riyadh_places_kaggle,places_06677,place,Fawal Al Qariah,Riyadh,Riyadh
RYD_002730,riyadh_places_kaggle,places_07612,place,Fawal Al Qariah,Riyadh,Riyadh
RYD_002731,riyadh_places_kaggle,places_00142,place,Fawal Al Taif,Riyadh,Riyadh
RYD_002732,riyadh_places_kaggle,places_07816,place,Fawal Al Taif,Riyadh,Riyadh
RYD_002733,riyadh_places_kaggle,places_05041,place,Fawal Alafrah,Riyadh,Riyadh
RYD_002734,riyadh_places_kaggle,places_05873,place,Fawal Alafrah,Riyadh,Riyadh
RYD_002735,riyadh_places_kaggle,places_08825,place,Fawal Alanwar Aldhahabi,Riyadh,Riyadh
RYD_002736,riyadh_places_kaggle,places_04160,place,Fawal Aljarah Taste,Riyadh,Riyadh
RYD_002737,riyadh_places_kaggle,places_08260,place,Fawal Alraghef Almomaiaz,Riyadh,Riyadh
RYD_002738,riyadh_places_kaggle,places_00530,place,Fawal Aseel,Riyadh,Riyadh
RYD_002739,riyadh_places_kaggle,places_07893,place,Fawal Aseel,Riyadh,Riyadh
RYD_002740,riyadh_places_kaggle,places_00298,place,Fawal Atyab Altaif,Riyadh,Riyadh
RYD_002741,riyadh_places_kaggle,places_05268,place,Fawal Dhawq Aljara,Riyadh,Riyadh
RYD_002742,riyadh_places_kaggle,places_06507,place,Fawal Falafel Mount Taif,Riyadh,Riyadh
RYD_002743,riyadh_places_kaggle,places_08637,place,Fawal Isha Zaman,Riyadh,Riyadh
RYD_002744,riyadh_places_kaggle,places_03936,place,Fawal Jarrat Almokts,Riyadh,Riyadh
RYD_002745,riyadh_places_kaggle,places_07822,place,Fawal Khawatir Al Taif,Riyadh,Riyadh
RYD_002746,riyadh_places_kaggle,places_05208,place,Fawal Oqbat Al Taif,Riyadh,Riyadh
RYD_002747,riyadh_places_kaggle,places_02199,place,Fawal Qemam Al Taif,Riyadh,Riyadh
RYD_002748,riyadh_places_kaggle,places_03921,place,Fawal Qemam Al Taif,Riyadh,Riyadh
RYD_002749,riyadh_places_kaggle,places_08704,place,Fawal Shurooq Al Hijaz,Riyadh,Riyadh
RYD_002750,riyadh_places_kaggle,places_08074,place,Fawal and Shaabiyat Al-Ghawar,Riyadh,Riyadh
RYD_002751,riyadh_places_kaggle,places_04034,place,Fawanees Demashq,Riyadh,Riyadh
RYD_002752,riyadh_places_kaggle,places_04863,place,Fawaz tea,Riyadh,Riyadh
RYD_002753,riyadh_places_kaggle,places_05836,place,Fawwal Sas Al-Taif,Riyadh,Riyadh
RYD_002754,riyadh_places_kaggle,places_06153,place,Fax shawarma,Riyadh,Riyadh
RYD_002755,riyadh_places_kaggle,places_04563,place,Fazebo,Riyadh,Riyadh
RYD_002756,riyadh_places_kaggle,places_04909,place,Feather Tea,Riyadh,Riyadh
RYD_002757,riyadh_places_kaggle,places_04506,place,Fed n' Full,Riyadh,Riyadh
RYD_002758,riyadh_places_kaggle,places_03740,place,Feeling Chocolate,Riyadh,Riyadh
RYD_002759,riyadh_places_kaggle,places_04314,place,Feels,Riyadh,Riyadh
RYD_002760,riyadh_places_kaggle,places_01754,place,Felafel Qimma Al-Shamiya,Riyadh,Riyadh
RYD_002761,riyadh_places_kaggle,places_00907,place,Feluka,Riyadh,Riyadh
RYD_002762,riyadh_places_kaggle,places_05620,place,Fendeem,Riyadh,Riyadh
RYD_002763,riyadh_places_kaggle,places_01675,place,Fern Al Raihan,Riyadh,Riyadh
RYD_002764,riyadh_places_kaggle,places_02093,place,Fern Al Raihan,Riyadh,Riyadh
RYD_002765,riyadh_places_kaggle,places_00798,place,Fern El Balad,Riyadh,Riyadh
RYD_002766,riyadh_places_kaggle,places_01670,place,Fern El Balad,Riyadh,Riyadh
RYD_002767,riyadh_places_kaggle,places_04971,place,Fiestahan,Riyadh,Riyadh
RYD_002768,riyadh_places_kaggle,places_03708,place,Fillys,Riyadh,Riyadh
RYD_002769,riyadh_places_kaggle,places_06319,place,Filtar Roastery,Riyadh,Riyadh
RYD_002770,riyadh_places_kaggle,places_00448,place,Finding Sushi,Riyadh,Riyadh
RYD_002771,riyadh_places_kaggle,places_01969,place,Finom,Riyadh,Riyadh
RYD_002772,riyadh_places_kaggle,places_04260,place,Finzione,Riyadh,Riyadh
RYD_002773,riyadh_places_kaggle,places_01932,place,Fire Bird,Riyadh,Riyadh
RYD_002774,riyadh_places_kaggle,places_00430,place,Fire Grill,Riyadh,Riyadh
RYD_002775,riyadh_places_kaggle,places_00510,place,Fire Grill,Riyadh,Riyadh
RYD_002776,riyadh_places_kaggle,places_01398,place,Fire Grill,Riyadh,Riyadh
RYD_002777,riyadh_places_kaggle,places_01842,place,Fire Grill,Riyadh,Riyadh
RYD_002778,riyadh_places_kaggle,places_03142,place,Fire Grill,Riyadh,Riyadh
RYD_002779,riyadh_places_kaggle,places_06391,place,Fire Grill,Riyadh,Riyadh
RYD_002780,riyadh_places_kaggle,places_06792,place,Fire Grill,Riyadh,Riyadh
RYD_002781,riyadh_places_kaggle,places_07145,place,Fire Grill,Riyadh,Riyadh
RYD_002782,riyadh_places_kaggle,places_01141,place,Firefly Burger,Riyadh,Riyadh
RYD_002783,riyadh_places_kaggle,places_03220,place,Firefly Burger,Riyadh,Riyadh
RYD_002784,riyadh_places_kaggle,places_04063,place,Firewood House,Riyadh,Riyadh
RYD_002785,riyadh_places_kaggle,places_05879,place,First Breakfast,Riyadh,Riyadh
RYD_002786,riyadh_places_kaggle,places_04831,place,First Kunafa,Riyadh,Riyadh
RYD_002787,booking_kaggle,hotels_00325,hotel,First Room Hotel Apartments,Riyadh,Riyadh
RYD_002788,riyadh_places_kaggle,places_00749,place,First series - FS,Riyadh,Riyadh
RYD_002789,entertainment_kaggle,entertainment_00474,entertainment,Firstaiment,Riyadh,Riyadh
RYD_002790,entertainment_kaggle,entertainment_00484,entertainment,Firstaiment,Riyadh,Riyadh
RYD_002791,riyadh_places_kaggle,places_04135,place,Fish &amp; More,Riyadh,Riyadh
RYD_002792,riyadh_places_kaggle,places_07743,place,Fish &amp; More,Riyadh,Riyadh
RYD_002793,riyadh_places_kaggle,places_05911,place,Fish And Seafood Nada,Riyadh,Riyadh
RYD_002794,riyadh_places_kaggle,places_03583,place,Fish Day,Riyadh,Riyadh
RYD_002795,riyadh_places_kaggle,places_00944,place,Fish Face,Riyadh,Riyadh
RYD_002796,riyadh_places_kaggle,places_02181,place,Fish Face,Riyadh,Riyadh
RYD_002797,riyadh_places_kaggle,places_03312,place,Fish Face,Riyadh,Riyadh
RYD_002798,riyadh_places_kaggle,places_05630,place,Fish Face,Riyadh,Riyadh
RYD_002799,riyadh_places_kaggle,places_07433,place,Fish Face,Riyadh,Riyadh
RYD_002800,riyadh_places_kaggle,places_01995,place,Fish Factory,Riyadh,Riyadh
RYD_002801,riyadh_places_kaggle,places_04982,place,Fish Island,Riyadh,Riyadh
RYD_002802,riyadh_places_kaggle,places_01316,place,Fisherman's Restaurant,Riyadh,Riyadh
RYD_002803,riyadh_places_kaggle,places_01442,place,Fit Box,Riyadh,Riyadh
RYD_002804,riyadh_places_kaggle,places_00288,place,Fit House,Riyadh,Riyadh
RYD_002805,riyadh_places_kaggle,places_01466,place,Fit House,Riyadh,Riyadh
RYD_002806,riyadh_places_kaggle,places_02993,place,Fit House,Riyadh,Riyadh
RYD_002807,riyadh_places_kaggle,places_07435,place,Fit House,Riyadh,Riyadh
RYD_002808,riyadh_places_kaggle,places_08362,place,Fit House,Riyadh,Riyadh
RYD_002809,riyadh_places_kaggle,places_01220,place,Fitt Pub,Riyadh,Riyadh
RYD_002810,riyadh_places_kaggle,places_00908,place,Five Guys,Riyadh,Riyadh
RYD_002811,riyadh_places_kaggle,places_01399,place,Five Guys,Riyadh,Riyadh
RYD_002812,riyadh_places_kaggle,places_03154,place,Five Guys,Riyadh,Riyadh
RYD_002813,riyadh_places_kaggle,places_06454,place,Five Guys,Riyadh,Riyadh
RYD_002814,riyadh_places_kaggle,places_01634,place,Five Sisters,Riyadh,Riyadh
RYD_002815,riyadh_places_kaggle,places_01902,place,Five Sisters,Riyadh,Riyadh
RYD_002816,riyadh_places_kaggle,places_03667,place,Five Sisters,Riyadh,Riyadh
RYD_002817,riyadh_places_kaggle,places_04612,place,Fladolce,Riyadh,Riyadh
RYD_002818,riyadh_places_kaggle,places_03080,place,Flafel Crops,Riyadh,Riyadh
RYD_002819,riyadh_places_kaggle,places_06546,place,Flafel Crops,Riyadh,Riyadh
RYD_002820,riyadh_places_kaggle,places_00541,place,Flamous,Riyadh,Riyadh
RYD_002821,riyadh_places_kaggle,places_00646,place,Flat Burger,Riyadh,Riyadh
RYD_002822,riyadh_places_kaggle,places_04411,place,Flat Burger,Riyadh,Riyadh
RYD_002822,riyadh_places_kaggle,places_06473,place,Century Burger,Riyadh,Riyadh
RYD_002823,riyadh_places_kaggle,places_02973,place,Flatop,Riyadh,Riyadh
RYD_002824,riyadh_places_kaggle,places_05446,place,Flavonoid Sweets,Riyadh,Riyadh
RYD_002825,riyadh_places_kaggle,places_03783,place,Flavors,Riyadh,Riyadh
RYD_002826,riyadh_places_kaggle,places_04328,place,Flavors Of India,Riyadh,Riyadh
RYD_002827,riyadh_places_kaggle,places_00161,place,Flflah,Riyadh,Riyadh
RYD_002828,riyadh_places_kaggle,places_00282,place,Flick,Riyadh,Riyadh
RYD_002829,riyadh_places_kaggle,places_02727,place,Flick,Riyadh,Riyadh
RYD_002830,riyadh_places_kaggle,places_05429,place,Flick,Riyadh,Riyadh
RYD_002831,riyadh_places_kaggle,places_07371,place,Flick,Riyadh,Riyadh
RYD_002832,riyadh_places_kaggle,places_08754,place,Flick,Riyadh,Riyadh
RYD_002833,riyadh_places_kaggle,places_00850,place,Flicker Burger,Riyadh,Riyadh
RYD_002834,riyadh_places_kaggle,places_02784,place,Floated,Riyadh,Riyadh
RYD_002835,riyadh_places_kaggle,places_03038,place,Floppy,Riyadh,Riyadh
RYD_002836,riyadh_places_kaggle,places_00910,place,Florian,Riyadh,Riyadh
RYD_002837,riyadh_places_kaggle,places_01711,place,Florian,Riyadh,Riyadh
RYD_002838,riyadh_places_kaggle,places_05690,place,Florist Coffee,Riyadh,Riyadh
RYD_002839,riyadh_places_kaggle,places_03221,place,Florya Steak Lounge,Riyadh,Riyadh
RYD_002840,riyadh_places_kaggle,places_07917,place,Flour and wheat,Riyadh,Riyadh
RYD_002841,riyadh_places_kaggle,places_01615,place,Flower Gift,Riyadh,Riyadh
RYD_002842,riyadh_places_kaggle,places_03622,place,Flower Hope,Riyadh,Riyadh
RYD_002843,riyadh_places_kaggle,places_07468,place,Flower Hope,Riyadh,Riyadh
RYD_002844,riyadh_places_kaggle,places_08530,place,Flower Hope,Riyadh,Riyadh
RYD_002845,riyadh_places_kaggle,places_04458,place,Flower Shadows,Riyadh,Riyadh
RYD_002846,riyadh_places_kaggle,places_04759,place,Flowers Areen,Riyadh,Riyadh
RYD_002847,riyadh_places_kaggle,places_06158,place,Flowers Cart,Riyadh,Riyadh
RYD_002848,riyadh_places_kaggle,places_01414,place,Fluency,Riyadh,Riyadh
RYD_002849,riyadh_places_kaggle,places_03842,place,Fluency,Riyadh,Riyadh
RYD_002850,riyadh_places_kaggle,places_05560,place,Fluency,Riyadh,Riyadh
RYD_002851,riyadh_places_kaggle,places_06864,place,Fluency,Riyadh,Riyadh
RYD_002852,riyadh_places_kaggle,places_08828,place,Fluency,Riyadh,Riyadh
RYD_002853,riyadh_places_kaggle,places_04700,place,Flyhi,Riyadh,Riyadh
RYD_002854,riyadh_places_kaggle,places_04601,place,Foil,Riyadh,Riyadh
RYD_002855,riyadh_places_kaggle,places_01350,place,Foil Burger,Riyadh,Riyadh
RYD_002856,riyadh_places_kaggle,places_03425,place,Foil Burger,Riyadh,Riyadh
RYD_002857,riyadh_places_kaggle,places_05517,place,Foil Burger,Riyadh,Riyadh
RYD_002858,riyadh_places_kaggle,places_07198,place,Foil Burger,Riyadh,Riyadh
RYD_002859,riyadh_places_kaggle,places_07983,place,Foil Burger,Riyadh,Riyadh
RYD_002860,riyadh_places_kaggle,places_00096,place,Food Corner,Riyadh,Riyadh
RYD_002861,riyadh_places_kaggle,places_07753,place,Food Corner,Riyadh,Riyadh
RYD_002862,riyadh_places_kaggle,places_08169,place,Food Corner,Riyadh,Riyadh
RYD_002863,riyadh_places_kaggle,places_05218,place,Food Dish for Juices,Riyadh,Riyadh
RYD_002864,riyadh_places_kaggle,places_00136,place,Food House,Riyadh,Riyadh
RYD_002865,riyadh_places_kaggle,places_08625,place,Food Wow,Riyadh,Riyadh
RYD_002866,riyadh_places_kaggle,places_04812,place,For vegetables and fruits,Riyadh,Riyadh
RYD_002867,riyadh_places_kaggle,places_04683,place,Forn 7,Riyadh,Riyadh
RYD_002868,riyadh_places_kaggle,places_03089,place,Forn Aldar,Riyadh,Riyadh
RYD_002869,riyadh_places_kaggle,places_05928,place,Forn Nahool,Riyadh,Riyadh
RYD_002870,riyadh_places_kaggle,places_03057,place,Forn and Jamar,Riyadh,Riyadh
RYD_002871,riyadh_places_kaggle,places_06623,place,Forno,Riyadh,Riyadh
RYD_002872,riyadh_places_kaggle,places_05636,place,Forsan Groceria,Riyadh,Riyadh
RYD_002873,riyadh_places_kaggle,places_06476,place,Forsan Groceria,Riyadh,Riyadh
RYD_002874,riyadh_places_kaggle,places_07564,place,Forsan Groceria,Riyadh,Riyadh
RYD_002875,riyadh_places_kaggle,places_02149,place,Forsan Kitchen,Riyadh,Riyadh
RYD_002876,riyadh_places_kaggle,places_02523,place,Forsan Kitchen,Riyadh,Riyadh
RYD_002877,riyadh_places_kaggle,places_05635,place,Forsan Kitchen,Riyadh,Riyadh
RYD_002878,riyadh_places_kaggle,places_07568,place,Forsan Kitchen,Riyadh,Riyadh
RYD_002879,riyadh_places_kaggle,places_03775,place,Forti Pizzeria,Riyadh,Riyadh
RYD_002880,riyadh_places_kaggle,places_04476,place,Fortnite Burger,Riyadh,Riyadh
RYD_002880,riyadh_places_kaggle,places_04477,place,Burger Heist,Riyadh,Riyadh
RYD_002880,riyadh_places_kaggle,places_04478,place,Nad Burger,Riyadh,Riyadh
RYD_002881,riyadh_places_kaggle,places_05890,place,Fotour Zaman,Riyadh,Riyadh
RYD_002882,riyadh_places_kaggle,places_07821,place,Foul Basket Thoughts,Riyadh,Riyadh
RYD_002883,riyadh_places_kaggle,places_06069,place,Foul Madfoon,Riyadh,Riyadh
RYD_002884,riyadh_places_kaggle,places_04140,place,Foul Rabie Taif,Riyadh,Riyadh
RYD_002885,riyadh_places_kaggle,places_01363,place,Foul Station,Riyadh,Riyadh
RYD_002886,riyadh_places_kaggle,places_06513,place,Foul karak,Riyadh,Riyadh
RYD_002887,riyadh_places_kaggle,places_06445,place,Foulak,Riyadh,Riyadh
RYD_002888,riyadh_places_kaggle,places_03219,place,Foundry Five,Riyadh,Riyadh
RYD_002889,riyadh_places_kaggle,places_04882,place,Fountain of Flavors,Riyadh,Riyadh
RYD_002890,riyadh_places_kaggle,places_02987,place,Four Box,Riyadh,Riyadh
RYD_002891,booking_kaggle,hotels_00061,hotel,Four Seasons Hotel Riyadh,Riyadh,Riyadh
RYD_002892,riyadh_places_kaggle,places_02965,place,Fo’Sizzle,Riyadh,Riyadh
RYD_002893,riyadh_places_kaggle,places_04431,place,Framboise and Olive,Riyadh,Riyadh
RYD_002894,booking_kaggle,hotels_00026,hotel,Fraser Suites Riyadh,Riyadh,Riyadh
RYD_002895,riyadh_places_kaggle,places_04207,place,Frenchette,Riyadh,Riyadh
RYD_002896,riyadh_places_kaggle,places_02189,place,Fresca,Riyadh,Riyadh
RYD_002897,riyadh_places_kaggle,places_04894,place,Fresh Cup,Riyadh,Riyadh
RYD_002898,riyadh_places_kaggle,places_04338,place,Fresh Floewr,Riyadh,Riyadh
RYD_002899,riyadh_places_kaggle,places_07018,place,Fresh Floewr,Riyadh,Riyadh
RYD_002900,riyadh_places_kaggle,places_00948,place,Fresh Food Restaurant,Riyadh,Riyadh
RYD_002901,riyadh_places_kaggle,places_03652,place,Fresh House,Riyadh,Riyadh
RYD_002902,riyadh_places_kaggle,places_06984,place,Fresh House,Riyadh,Riyadh
RYD_002903,riyadh_places_kaggle,places_02400,place,Fresh Juices,Riyadh,Riyadh
RYD_002903,riyadh_places_kaggle,places_02415,place,fresh juices,Riyadh,Riyadh
RYD_002904,riyadh_places_kaggle,places_04770,place,Fresh Konafa,Riyadh,Riyadh
RYD_002905,riyadh_places_kaggle,places_08617,place,Fresh Konafa,Riyadh,Riyadh
RYD_002906,riyadh_places_kaggle,places_04145,place,Fresh Seafood Alshatt,Riyadh,Riyadh
RYD_002907,riyadh_places_kaggle,places_04895,place,Fresh Sub,Riyadh,Riyadh
RYD_002908,riyadh_places_kaggle,places_03054,place,Friable pies,Riyadh,Riyadh
RYD_002909,riyadh_places_kaggle,places_03886,place,Fricken Chicken,Riyadh,Riyadh
RYD_002910,riyadh_places_kaggle,places_05544,place,Fricken Chicken,Riyadh,Riyadh
RYD_002911,riyadh_places_kaggle,places_07489,place,Fricken Chicken,Riyadh,Riyadh
RYD_002912,riyadh_places_kaggle,places_01680,place,Fried Chicken Hero,Riyadh,Riyadh
RYD_002913,riyadh_places_kaggle,places_02098,place,Fried Chicken Hero,Riyadh,Riyadh
RYD_002914,riyadh_places_kaggle,places_02139,place,Fried Chicken Hero,Riyadh,Riyadh
RYD_002915,riyadh_places_kaggle,places_08596,place,Fritto,Riyadh,Riyadh
RYD_002916,riyadh_places_kaggle,places_03049,place,Frozen,Riyadh,Riyadh
RYD_002917,riyadh_places_kaggle,places_06076,place,FruBerry,Riyadh,Riyadh
RYD_002918,riyadh_places_kaggle,places_06584,place,FruBerry,Riyadh,Riyadh
RYD_002919,riyadh_places_kaggle,places_01892,place,Fruit - Fitness,Riyadh,Riyadh
RYD_002920,riyadh_places_kaggle,places_04151,place,Fruit - Fitness,Riyadh,Riyadh
RYD_002921,riyadh_places_kaggle,places_01125,place,Fruit Art,Riyadh,Riyadh
RYD_002922,riyadh_places_kaggle,places_04127,place,Fruit Star Juices,Riyadh,Riyadh
RYD_002923,riyadh_places_kaggle,places_02411,place,Fruit juices,Riyadh,Riyadh
RYD_002924,riyadh_places_kaggle,places_06140,place,Fruit orchard for juices,Riyadh,Riyadh
RYD_002925,riyadh_places_kaggle,places_03215,place,Frukost,Riyadh,Riyadh
RYD_002926,riyadh_places_kaggle,places_05594,place,Frutella Juices,Riyadh,Riyadh
RYD_002927,riyadh_places_kaggle,places_06482,place,Frutella Juices,Riyadh,Riyadh
RYD_002928,riyadh_places_kaggle,places_02068,place,Ftoor Faris,Riyadh,Riyadh
RYD_002929,riyadh_places_kaggle,places_04265,place,Ftoor Faris,Riyadh,Riyadh
RYD_002930,riyadh_places_kaggle,places_06470,place,Ftoor Faris,Riyadh,Riyadh
RYD_002931,riyadh_places_kaggle,places_00327,place,Fuddruckers,Riyadh,Riyadh
RYD_002932,riyadh_places_kaggle,places_08406,place,Fun Taste,Riyadh,Riyadh
RYD_002933,riyadh_places_kaggle,places_03654,place,Fun Time,Riyadh,Riyadh
RYD_002934,riyadh_places_kaggle,places_08807,place,Fun Time,Riyadh,Riyadh
RYD_002935,riyadh_places_kaggle,places_01788,place,Fun Time Pizza,Riyadh,Riyadh
RYD_002936,riyadh_places_kaggle,places_07582,place,Fun Time Pizza,Riyadh,Riyadh
RYD_002937,riyadh_places_kaggle,places_06014,place,Fundo,Riyadh,Riyadh
RYD_002938,riyadh_places_kaggle,places_01656,place,Furan &amp; Kaak,Riyadh,Riyadh
RYD_002939,riyadh_places_kaggle,places_02642,place,Furan &amp; Kaak,Riyadh,Riyadh
RYD_002940,riyadh_places_kaggle,places_06834,place,Furan &amp; Kaak,Riyadh,Riyadh
RYD_002941,riyadh_places_kaggle,places_07989,place,Furan &amp; Kaak,Riyadh,Riyadh
RYD_002942,riyadh_places_kaggle,places_00027,place,Furan Al Dayaa,Riyadh,Riyadh
RYD_002943,riyadh_places_kaggle,places_00917,place,Furan Al Dayaa,Riyadh,Riyadh
RYD_002944,riyadh_places_kaggle,places_02118,place,Furan Al Dayaa,Riyadh,Riyadh
RYD_002945,riyadh_places_kaggle,places_02588,place,Furan Al Dayaa,Riyadh,Riyadh
RYD_002946,riyadh_places_kaggle,places_02825,place,Furan Al Dayaa,Riyadh,Riyadh
RYD_002947,riyadh_places_kaggle,places_05303,place,Furan Al Dayaa,Riyadh,Riyadh
RYD_002948,riyadh_places_kaggle,places_06422,place,Furan Al Dayaa,Riyadh,Riyadh
RYD_002949,riyadh_places_kaggle,places_07285,place,Furan Al Dayaa,Riyadh,Riyadh
RYD_002950,riyadh_places_kaggle,places_07950,place,Furan Al Dayaa,Riyadh,Riyadh
RYD_002951,riyadh_places_kaggle,places_02253,place,Furn,Riyadh,Riyadh
RYD_002952,riyadh_places_kaggle,places_04403,place,Furn,Riyadh,Riyadh
RYD_002953,riyadh_places_kaggle,places_05850,place,Furn,Riyadh,Riyadh
RYD_002954,riyadh_places_kaggle,places_02368,place,Furn Al Riyadh,Riyadh,Riyadh
RYD_002955,riyadh_places_kaggle,places_07033,place,Furn Alajan,Riyadh,Riyadh
RYD_002956,riyadh_places_kaggle,places_06442,place,Furn Alarabi,Riyadh,Riyadh
RYD_002957,riyadh_places_kaggle,places_08361,place,Furn Alddahia,Riyadh,Riyadh
RYD_002958,riyadh_places_kaggle,places_03756,place,Furn Alluqmat Altayiba Restaurant,Riyadh,Riyadh
RYD_002959,riyadh_places_kaggle,places_06603,place,Fusto Café,Riyadh,Riyadh
RYD_002960,riyadh_places_kaggle,places_06508,place,Fuwal and Falafel Jabal Al Afrah,Riyadh,Riyadh
RYD_002961,riyadh_places_kaggle,places_02442,place,G Juice,Riyadh,Riyadh
RYD_002962,riyadh_places_kaggle,places_07015,place,GABA,Riyadh,Riyadh
RYD_002963,riyadh_places_kaggle,places_00835,place,GARDEN SWEET,Riyadh,Riyadh
RYD_002964,riyadh_places_kaggle,places_06916,place,GEBNA HALLOOM,Riyadh,Riyadh
RYD_002965,riyadh_places_kaggle,places_00211,place,GEZER BURGER,Riyadh,Riyadh
RYD_002966,riyadh_places_kaggle,places_03837,place,GEZER BURGER,Riyadh,Riyadh
RYD_002967,riyadh_places_kaggle,places_00253,place,GHDAQ,Riyadh,Riyadh
RYD_002968,riyadh_places_kaggle,places_02671,place,GHDAQ,Riyadh,Riyadh
RYD_002969,riyadh_places_kaggle,places_05463,place,GHDAQ,Riyadh,Riyadh
RYD_002970,riyadh_places_kaggle,places_04090,place,GHRTAV,Riyadh,Riyadh
RYD_002971,riyadh_places_kaggle,places_05368,place,GHRTAV,Riyadh,Riyadh
RYD_002972,riyadh_places_kaggle,places_07386,place,GHRTAV,Riyadh,Riyadh
RYD_002973,riyadh_places_kaggle,places_08330,place,GHRTAV,Riyadh,Riyadh
RYD_002974,riyadh_places_kaggle,places_04815,place,GIFT CORNER,Riyadh,Riyadh
RYD_002975,riyadh_places_kaggle,places_04103,place,GLATÉE,Riyadh,Riyadh
RYD_002976,riyadh_places_kaggle,places_07391,place,GLATÉE,Riyadh,Riyadh
RYD_002977,riyadh_places_kaggle,places_08743,place,GLATÉE,Riyadh,Riyadh
RYD_002978,riyadh_places_kaggle,places_01064,place,GLAZED &amp; GRILLED,Riyadh,Riyadh
RYD_002979,riyadh_places_kaggle,places_03991,place,GLAZED &amp; GRILLED,Riyadh,Riyadh
RYD_002980,riyadh_places_kaggle,places_04699,place,GLEAM,Riyadh,Riyadh
RYD_002981,riyadh_places_kaggle,places_04117,place,GLOSSY CHOCOLATIER,Riyadh,Riyadh
RYD_002982,riyadh_places_kaggle,places_05579,place,GODIVA,Riyadh,Riyadh
RYD_002983,riyadh_places_kaggle,places_06785,place,GODIVA,Riyadh,Riyadh
RYD_002984,riyadh_places_kaggle,places_07764,place,GODIVA,Riyadh,Riyadh
RYD_002985,entertainment_kaggle,entertainment_00084,entertainment,GOLD,Riyadh,Riyadh
RYD_002986,entertainment_kaggle,entertainment_00113,entertainment,GOLD,Riyadh,Riyadh
RYD_002987,riyadh_places_kaggle,places_03811,place,GOLD by VOX Cinemas,Riyadh,Riyadh
RYD_002988,riyadh_places_kaggle,places_05295,place,GOLD by VOX Cinemas,Riyadh,Riyadh
RYD_002989,riyadh_places_kaggle,places_06759,place,GOLD by VOX Cinemas,Riyadh,Riyadh
RYD_002990,riyadh_places_kaggle,places_08399,place,GOLDEN ARMS,Riyadh,Riyadh
RYD_002991,riyadh_places_kaggle,places_04912,place,GOLDEN BIRYANI,Riyadh,Riyadh
RYD_002992,riyadh_places_kaggle,places_02557,place,GOLDEN KARAK,Riyadh,Riyadh
RYD_002993,riyadh_places_kaggle,places_02211,place,GOLDEN SWEET,Riyadh,Riyadh
RYD_002994,riyadh_places_kaggle,places_00548,place,GORRO,Riyadh,Riyadh
RYD_002995,riyadh_places_kaggle,places_03152,place,GORRO,Riyadh,Riyadh
RYD_002996,riyadh_places_kaggle,places_06521,place,GORRO,Riyadh,Riyadh
RYD_002997,riyadh_places_kaggle,places_08283,place,GORRO,Riyadh,Riyadh
RYD_002998,riyadh_places_kaggle,places_07898,place,GRAPE VINE,Riyadh,Riyadh
RYD_002999,riyadh_places_kaggle,places_03887,place,GRAPES ADDRESs,Riyadh,Riyadh
RYD_003000,riyadh_places_kaggle,places_02248,place,GREEN ISTANBUL,Riyadh,Riyadh
RYD_003001,riyadh_places_kaggle,places_08398,place,GREEN ISTANBUL,Riyadh,Riyadh
RYD_003002,riyadh_places_kaggle,places_03810,place,GREEN ROOTS,Riyadh,Riyadh
RYD_003003,riyadh_places_kaggle,places_01239,place,GREENBAR,Riyadh,Riyadh
RYD_003004,riyadh_places_kaggle,places_04163,place,GREENBAR,Riyadh,Riyadh
RYD_003005,riyadh_places_kaggle,places_07437,place,GREENBAR,Riyadh,Riyadh
RYD_003006,riyadh_places_kaggle,places_08581,place,GREENBAR,Riyadh,Riyadh
RYD_003007,riyadh_places_kaggle,places_06683,place,GRILL BURGER,Riyadh,Riyadh
RYD_003008,riyadh_places_kaggle,places_08271,place,GROWN AL BALAH,Riyadh,Riyadh
RYD_003009,riyadh_places_kaggle,places_03679,place,GRYB,Riyadh,Riyadh
RYD_003010,riyadh_places_kaggle,places_07506,place,GRYB,Riyadh,Riyadh
RYD_003011,riyadh_places_kaggle,places_08400,place,GRYB,Riyadh,Riyadh
RYD_003012,riyadh_places_kaggle,places_01942,place,GUNBUN,Riyadh,Riyadh
RYD_003013,riyadh_places_kaggle,places_03499,place,GUNBUN,Riyadh,Riyadh
RYD_003014,riyadh_places_kaggle,places_06119,place,GUNESH sweet,Riyadh,Riyadh
RYD_003015,riyadh_places_kaggle,places_00229,place,Gad Restaurant,Riyadh,Riyadh
RYD_003016,riyadh_places_kaggle,places_00672,place,Gad Restaurant,Riyadh,Riyadh
RYD_003017,riyadh_places_kaggle,places_02493,place,Gad Restaurant,Riyadh,Riyadh
RYD_003018,riyadh_places_kaggle,places_03872,place,Gahwah,Riyadh,Riyadh
RYD_003019,riyadh_places_kaggle,places_05628,place,Gahwah,Riyadh,Riyadh
RYD_003020,riyadh_places_kaggle,places_07647,place,Gahwah,Riyadh,Riyadh
RYD_003021,riyadh_places_kaggle,places_06087,place,Galaxy Kunafa,Riyadh,Riyadh
RYD_003022,riyadh_places_kaggle,places_06962,place,Gambari Address,Riyadh,Riyadh
RYD_003023,riyadh_places_kaggle,places_06965,place,Gambari Sea,Riyadh,Riyadh
RYD_003024,riyadh_places_kaggle,places_06724,place,Gamol,Riyadh,Riyadh
RYD_003025,riyadh_places_kaggle,places_01700,place,Ganache,Riyadh,Riyadh
RYD_003026,riyadh_places_kaggle,places_02988,place,Ganache,Riyadh,Riyadh
RYD_003027,riyadh_places_kaggle,places_06822,place,Ganache,Riyadh,Riyadh
RYD_003028,riyadh_places_kaggle,places_01205,place,Garam Masala,Riyadh,Riyadh
RYD_003029,riyadh_places_kaggle,places_01483,place,Garam Masala,Riyadh,Riyadh
RYD_003030,riyadh_places_kaggle,places_02788,place,Garam Masala,Riyadh,Riyadh
RYD_003031,riyadh_places_kaggle,places_07254,place,Garam Masala,Riyadh,Riyadh
RYD_003032,riyadh_places_kaggle,places_05735,place,Garden,Riyadh,Riyadh
RYD_003033,riyadh_places_kaggle,places_05750,place,Gardenia,Riyadh,Riyadh
RYD_003034,riyadh_places_kaggle,places_08683,place,Gardens Cafe,Riyadh,Riyadh
RYD_003035,riyadh_places_kaggle,places_03183,place,Garlic And Tahini,Riyadh,Riyadh
RYD_003036,riyadh_places_kaggle,places_05177,place,Gather,Riyadh,Riyadh
RYD_003037,riyadh_places_kaggle,places_05696,place,Gather,Riyadh,Riyadh
RYD_003038,riyadh_places_kaggle,places_03433,place,Gazelle Cuisine,Riyadh,Riyadh
RYD_003039,riyadh_places_kaggle,places_03655,place,Geek Burger,Riyadh,Riyadh
RYD_003040,riyadh_places_kaggle,places_07639,place,Geek Burger,Riyadh,Riyadh
RYD_003041,riyadh_places_kaggle,places_01461,place,Genneh Restaurant,Riyadh,Riyadh
RYD_003042,riyadh_places_kaggle,places_07964,place,Genneh Restaurant,Riyadh,Riyadh
RYD_003043,riyadh_places_kaggle,places_00536,place,German Doner Kebab GDK,Riyadh,Riyadh
RYD_003044,riyadh_places_kaggle,places_04329,place,Ghabashi,Riyadh,Riyadh
RYD_003045,riyadh_places_kaggle,places_06553,place,Ghabashi,Riyadh,Riyadh
RYD_003046,riyadh_places_kaggle,places_04657,place,Ghadha Baladi,Riyadh,Riyadh
RYD_003047,riyadh_places_kaggle,places_07789,place,Ghair,Riyadh,Riyadh
RYD_003048,riyadh_places_kaggle,places_06771,place,Ghaneyah,Riyadh,Riyadh
RYD_003049,riyadh_places_kaggle,places_07417,place,Ghaneyah,Riyadh,Riyadh
RYD_003050,riyadh_places_kaggle,places_08363,place,Ghaneyah,Riyadh,Riyadh
RYD_003051,riyadh_places_kaggle,places_04995,place,Ghaya Dates,Riyadh,Riyadh
RYD_003052,riyadh_places_kaggle,places_07862,place,Ghazal Cafe,Riyadh,Riyadh
RYD_003053,riyadh_places_kaggle,places_05944,place,Ghazool,Riyadh,Riyadh
RYD_003054,riyadh_places_kaggle,places_03564,place,Ghemar,Riyadh,Riyadh
RYD_003055,riyadh_places_kaggle,places_05133,place,Ghosn Al Toot broast,Riyadh,Riyadh
RYD_003056,riyadh_places_kaggle,places_07726,place,Ghosn Al Toot broast,Riyadh,Riyadh
RYD_003057,riyadh_places_kaggle,places_08350,place,Ghosn Al Toot broast,Riyadh,Riyadh
RYD_003058,riyadh_places_kaggle,places_01197,place,Ghost,Riyadh,Riyadh
RYD_003059,riyadh_places_kaggle,places_05210,place,Ghzala Coffee,Riyadh,Riyadh
RYD_003060,riyadh_places_kaggle,places_05643,place,Gift Smile,Riyadh,Riyadh
RYD_003061,riyadh_places_kaggle,places_03355,place,Gimme salad,Riyadh,Riyadh
RYD_003062,riyadh_places_kaggle,places_05700,place,Giovanni L,Riyadh,Riyadh
RYD_003063,riyadh_places_kaggle,places_07704,place,Giovanni L,Riyadh,Riyadh
RYD_003064,riyadh_places_kaggle,places_06089,place,Giraffe Juices,Riyadh,Riyadh
RYD_003065,riyadh_places_kaggle,places_01519,place,Give me five,Riyadh,Riyadh
RYD_003066,riyadh_places_kaggle,places_03267,place,Give me five,Riyadh,Riyadh
RYD_003067,riyadh_places_kaggle,places_05603,place,Give me five,Riyadh,Riyadh
RYD_003068,riyadh_places_kaggle,places_01662,place,Given Cafe,Riyadh,Riyadh
RYD_003069,riyadh_places_kaggle,places_00634,place,Glacage,Riyadh,Riyadh
RYD_003070,riyadh_places_kaggle,places_07641,place,Glacage,Riyadh,Riyadh
RYD_003071,riyadh_places_kaggle,places_03407,place,Glare Café,Riyadh,Riyadh
RYD_003072,riyadh_places_kaggle,places_02655,place,Glaze Craze,Riyadh,Riyadh
RYD_003073,riyadh_places_kaggle,places_06282,place,Glee,Riyadh,Riyadh
RYD_003074,booking_kaggle,hotels_00392,hotel,Gloria Inn Riyadh,Riyadh,Riyadh
RYD_003075,riyadh_places_kaggle,places_00300,place,Gloria Jean's,Riyadh,Riyadh
RYD_003076,riyadh_places_kaggle,places_03365,place,Gloria Jean's,Riyadh,Riyadh
RYD_003077,riyadh_places_kaggle,places_06558,place,Gloria Jean's,Riyadh,Riyadh
RYD_003078,riyadh_places_kaggle,places_00633,place,Glow Chocolate,Riyadh,Riyadh
RYD_003079,entertainment_kaggle,entertainment_00450,entertainment,Go Bowling & Laser Strike | Makan Mall,Riyadh,Riyadh
RYD_003080,entertainment_kaggle,entertainment_00479,entertainment,Go Bowling & Laser Strike | Makan Mall,Riyadh,Riyadh
RYD_003081,riyadh_places_kaggle,places_02000,place,Gobblers,Riyadh,Riyadh
RYD_003082,riyadh_places_kaggle,places_06356,place,Godesia,Riyadh,Riyadh
RYD_003083,booking_kaggle,hotels_00169,hotel,Gold Inn Hotel,Riyadh,Riyadh
RYD_003084,riyadh_places_kaggle,places_03682,place,Gold Leaf,Riyadh,Riyadh
RYD_003085,riyadh_places_kaggle,places_07680,place,Gold Leaf,Riyadh,Riyadh
RYD_003086,riyadh_places_kaggle,places_04444,place,Gold Sushi Club,Riyadh,Riyadh
RYD_003087,riyadh_places_kaggle,places_04853,place,Gold and silver,Riyadh,Riyadh
RYD_003088,riyadh_places_kaggle,places_03472,place,Golden Basbosti,Riyadh,Riyadh
RYD_003089,riyadh_places_kaggle,places_04944,place,Golden Basbosti,Riyadh,Riyadh
RYD_003090,riyadh_places_kaggle,places_05389,place,Golden Basbosti,Riyadh,Riyadh
RYD_003091,riyadh_places_kaggle,places_07413,place,Golden Basbosti,Riyadh,Riyadh
RYD_003092,riyadh_places_kaggle,places_00628,place,Golden Brown,Riyadh,Riyadh
RYD_003093,riyadh_places_kaggle,places_01393,place,Golden Brown,Riyadh,Riyadh
RYD_003094,riyadh_places_kaggle,places_02531,place,Golden Brown,Riyadh,Riyadh
RYD_003095,riyadh_places_kaggle,places_04102,place,Golden Brown,Riyadh,Riyadh
RYD_003096,riyadh_places_kaggle,places_05524,place,Golden Brown,Riyadh,Riyadh
RYD_003097,riyadh_places_kaggle,places_06448,place,Golden Brown,Riyadh,Riyadh
RYD_003098,riyadh_places_kaggle,places_07196,place,Golden Brown,Riyadh,Riyadh
RYD_003099,riyadh_places_kaggle,places_08319,place,Golden Brown,Riyadh,Riyadh
RYD_003100,riyadh_places_kaggle,places_08420,place,Golden Brown,Riyadh,Riyadh
RYD_003101,riyadh_places_kaggle,places_08744,place,Golden Brown,Riyadh,Riyadh
RYD_003102,riyadh_places_kaggle,places_05043,place,Golden Chicken Restaurant,Riyadh,Riyadh
RYD_003103,riyadh_places_kaggle,places_06279,place,Golden Crisps,Riyadh,Riyadh
RYD_003104,riyadh_places_kaggle,places_00729,place,Golden Dragon,Riyadh,Riyadh
RYD_003105,booking_kaggle,hotels_00414,hotel,Golden Dune Hotel & Suite,Riyadh,Riyadh
RYD_003106,riyadh_places_kaggle,places_05954,place,Golden Grill,Riyadh,Riyadh
RYD_003107,riyadh_places_kaggle,places_00062,place,Golden Konafa,Riyadh,Riyadh
RYD_003108,riyadh_places_kaggle,places_05248,place,Golden Konafa,Riyadh,Riyadh
RYD_003109,riyadh_places_kaggle,places_04133,place,Golden Logimat,Riyadh,Riyadh
RYD_003110,riyadh_places_kaggle,places_06227,place,Golden Lqymat,Riyadh,Riyadh
RYD_003111,riyadh_places_kaggle,places_06362,place,Golden Luqaimat,Riyadh,Riyadh
RYD_003112,riyadh_places_kaggle,places_07810,place,Golden Ocean Restaurants,Riyadh,Riyadh
RYD_003113,riyadh_places_kaggle,places_06296,place,Golden Oyster Restaurant for Seafood,Riyadh,Riyadh
RYD_003114,booking_kaggle,hotels_00744,hotel,Golden Prince Al Sulaimania Hotel,Riyadh,Riyadh
RYD_003115,riyadh_places_kaggle,places_00614,place,Golden Royal,Riyadh,Riyadh
RYD_003116,riyadh_places_kaggle,places_02323,place,Golden Salamon,Riyadh,Riyadh
RYD_003117,riyadh_places_kaggle,places_06205,place,Golden Star Cafe,Riyadh,Riyadh
RYD_003118,riyadh_places_kaggle,places_07920,place,Golden Wings,Riyadh,Riyadh
RYD_003119,riyadh_places_kaggle,places_07921,place,Golden berries juices,Riyadh,Riyadh
RYD_003120,riyadh_places_kaggle,places_05758,place,Golden oven,Riyadh,Riyadh
RYD_003121,riyadh_places_kaggle,places_06118,place,Golden piece,Riyadh,Riyadh
RYD_003122,riyadh_places_kaggle,places_02314,place,Golden star pizza,Riyadh,Riyadh
RYD_003123,riyadh_places_kaggle,places_00808,place,Good Day,Riyadh,Riyadh
RYD_003124,riyadh_places_kaggle,places_01665,place,Good Day,Riyadh,Riyadh
RYD_003125,riyadh_places_kaggle,places_06896,place,Good Food,Riyadh,Riyadh
RYD_003126,riyadh_places_kaggle,places_05056,place,Goodies Selections,Riyadh,Riyadh
RYD_003127,riyadh_places_kaggle,places_04334,place,Goody's burger house,Riyadh,Riyadh
RYD_003128,riyadh_places_kaggle,places_08600,place,Goold Burger,Riyadh,Riyadh
RYD_003129,riyadh_places_kaggle,places_00694,place,Goozy,Riyadh,Riyadh
RYD_003130,riyadh_places_kaggle,places_03912,place,Goozy,Riyadh,Riyadh
RYD_003131,riyadh_places_kaggle,places_07626,place,Goozy,Riyadh,Riyadh
RYD_003132,riyadh_places_kaggle,places_07966,place,Goozy,Riyadh,Riyadh
RYD_003133,riyadh_places_kaggle,places_04936,place,Gori Talimah,Riyadh,Riyadh
RYD_003134,riyadh_places_kaggle,places_02571,place,Got Cookie?,Riyadh,Riyadh
RYD_003135,riyadh_places_kaggle,places_03410,place,Gourmet,Riyadh,Riyadh
RYD_003136,riyadh_places_kaggle,places_07587,place,Gourmet,Riyadh,Riyadh
RYD_003137,riyadh_places_kaggle,places_05058,place,Gourmet Pie and Pizza,Riyadh,Riyadh
RYD_003138,riyadh_places_kaggle,places_03063,place,Gourmet cuisine,Riyadh,Riyadh
RYD_003139,riyadh_places_kaggle,places_04011,place,Gout Delicieux,Riyadh,Riyadh
RYD_003140,riyadh_places_kaggle,places_04449,place,Graffiti Burger,Riyadh,Riyadh
RYD_003141,riyadh_places_kaggle,places_05770,place,Grand Lucky Indian Restaurant,Riyadh,Riyadh
RYD_003142,booking_kaggle,hotels_00164,hotel,Grand Plaza Dhabab Hotel,Riyadh,Riyadh
RYD_003143,booking_kaggle,hotels_00181,hotel,Grand Plaza Gulf Hotel,Riyadh,Riyadh
RYD_003144,booking_kaggle,hotels_00174,hotel,Grand Plaza Takhasosi-Riyadh,Riyadh,Riyadh
RYD_003145,riyadh_places_kaggle,places_02665,place,Grape Leaf,Riyadh,Riyadh
RYD_003146,riyadh_places_kaggle,places_06117,place,Grape Leaf,Riyadh,Riyadh
RYD_003147,riyadh_places_kaggle,places_08269,place,Grape Leaf,Riyadh,Riyadh
RYD_003148,riyadh_places_kaggle,places_01372,place,Grape Leaves Flavors,Riyadh,Riyadh
RYD_003149,riyadh_places_kaggle,places_02254,place,Grape Leaves Flavors,Riyadh,Riyadh
RYD_003150,riyadh_places_kaggle,places_03042,place,Grape Leaves Flavors,Riyadh,Riyadh
RYD_003151,riyadh_places_kaggle,places_05512,place,Grape Leaves Flavors,Riyadh,Riyadh
RYD_003152,riyadh_places_kaggle,places_07311,place,Grape Leaves Flavors,Riyadh,Riyadh
RYD_003153,riyadh_places_kaggle,places_08307,place,Grape Leaves Flavors,Riyadh,Riyadh
RYD_003154,riyadh_places_kaggle,places_08044,place,Grape Leaves Taste Diffrent,Riyadh,Riyadh
RYD_003155,riyadh_places_kaggle,places_02538,place,Grape juices,Riyadh,Riyadh
RYD_003156,riyadh_places_kaggle,places_07644,place,Grape juices,Riyadh,Riyadh
RYD_003157,riyadh_places_kaggle,places_05161,place,Grape leaves,Riyadh,Riyadh
RYD_003158,riyadh_places_kaggle,places_01781,place,Grape leaves RT,Riyadh,Riyadh
RYD_003159,riyadh_places_kaggle,places_04036,place,Grape leaves RT,Riyadh,Riyadh
RYD_003160,riyadh_places_kaggle,places_06968,place,Grape leaves RT,Riyadh,Riyadh
RYD_003161,riyadh_places_kaggle,places_08474,place,Grape leaves and sambosa,Riyadh,Riyadh
RYD_003162,riyadh_places_kaggle,places_08125,place,Grapes And Cherries,Riyadh,Riyadh
RYD_003163,riyadh_places_kaggle,places_03422,place,Graviton,Riyadh,Riyadh
RYD_003164,riyadh_places_kaggle,places_04396,place,Gravity Burger,Riyadh,Riyadh
RYD_003165,riyadh_places_kaggle,places_07049,place,Grbs,Riyadh,Riyadh
RYD_003166,riyadh_places_kaggle,places_05174,place,Green Falafel,Riyadh,Riyadh
RYD_003167,riyadh_places_kaggle,places_04236,place,Green Fork,Riyadh,Riyadh
RYD_003167,riyadh_places_kaggle,places_04238,place,Green Fork Salad,Riyadh,Riyadh
RYD_003168,riyadh_places_kaggle,places_00044,place,Green Health,Riyadh,Riyadh
RYD_003169,riyadh_places_kaggle,places_05725,place,Green Health,Riyadh,Riyadh
RYD_003170,riyadh_places_kaggle,places_06412,place,Green Health,Riyadh,Riyadh
RYD_003171,riyadh_places_kaggle,places_06804,place,Green Health,Riyadh,Riyadh
RYD_003172,riyadh_places_kaggle,places_07638,place,Green Health,Riyadh,Riyadh
RYD_003173,riyadh_places_kaggle,places_03311,place,Green Mill Bakery,Riyadh,Riyadh
RYD_003174,riyadh_places_kaggle,places_04352,place,Green Tomato,Riyadh,Riyadh
RYD_003175,riyadh_places_kaggle,places_04429,place,Green box,Riyadh,Riyadh
RYD_003176,riyadh_places_kaggle,places_00760,place,Greenish,Riyadh,Riyadh
RYD_003176,riyadh_places_kaggle,places_00761,place,Greenish Keto,Riyadh,Riyadh
RYD_003177,riyadh_places_kaggle,places_04070,place,Greenish,Riyadh,Riyadh
RYD_003177,riyadh_places_kaggle,places_04071,place,Greenish Keto,Riyadh,Riyadh
RYD_003178,riyadh_places_kaggle,places_01961,place,Greens,Riyadh,Riyadh
RYD_003179,riyadh_places_kaggle,places_01232,place,Griddle,Riyadh,Riyadh
RYD_003180,riyadh_places_kaggle,places_00090,place,Grill &amp; Rice Restaurant,Riyadh,Riyadh
RYD_003181,riyadh_places_kaggle,places_04901,place,Grill Dora Rivers,Riyadh,Riyadh
RYD_003182,riyadh_places_kaggle,places_02525,place,Grill It,Riyadh,Riyadh
RYD_003183,riyadh_places_kaggle,places_05637,place,Grill It,Riyadh,Riyadh
RYD_003184,riyadh_places_kaggle,places_07571,place,Grill It,Riyadh,Riyadh
RYD_003185,riyadh_places_kaggle,places_08160,place,Grill taste,Riyadh,Riyadh
RYD_003186,riyadh_places_kaggle,places_04060,place,Grilled Aldiyea Restaurant,Riyadh,Riyadh
RYD_003187,riyadh_places_kaggle,places_03624,place,Grilled Burger,Riyadh,Riyadh
RYD_003188,riyadh_places_kaggle,places_06333,place,Grilled Burger,Riyadh,Riyadh
RYD_003189,riyadh_places_kaggle,places_06357,place,Grilled Burger,Riyadh,Riyadh
RYD_003190,riyadh_places_kaggle,places_06630,place,Grilled Burgers,Riyadh,Riyadh
RYD_003191,riyadh_places_kaggle,places_00379,place,Grilled Mazaq Al Nawaeir,Riyadh,Riyadh
RYD_003192,riyadh_places_kaggle,places_08337,place,Grilled Shawarma,Riyadh,Riyadh
RYD_003193,riyadh_places_kaggle,places_00759,place,Grilled Sikh,Riyadh,Riyadh
RYD_003194,riyadh_places_kaggle,places_03977,place,Grilled Sikh,Riyadh,Riyadh
RYD_003195,riyadh_places_kaggle,places_07608,place,Grilled Sikh,Riyadh,Riyadh
RYD_003196,riyadh_places_kaggle,places_03569,place,Grillh,Riyadh,Riyadh
RYD_003197,riyadh_places_kaggle,places_01703,place,Grills Shalaby,Riyadh,Riyadh
RYD_003198,riyadh_places_kaggle,places_02754,place,Grillz,Riyadh,Riyadh
RYD_003199,riyadh_places_kaggle,places_03587,place,Guilt Free,Riyadh,Riyadh
RYD_003200,riyadh_places_kaggle,places_00154,place,Gulf Toledo Restaurant,Riyadh,Riyadh
RYD_003201,riyadh_places_kaggle,places_02407,place,Gulf of Aden Pizza,Riyadh,Riyadh
RYD_003201,riyadh_places_kaggle,places_02409,place,Gulf pizza and pasta,Riyadh,Riyadh
RYD_003202,riyadh_places_kaggle,places_01221,place,Gully Biryani,Riyadh,Riyadh
RYD_003203,riyadh_places_kaggle,places_01658,place,Gully Biryani,Riyadh,Riyadh
RYD_003204,riyadh_places_kaggle,places_02161,place,Gully Biryani,Riyadh,Riyadh
RYD_003205,riyadh_places_kaggle,places_06138,place,Gustozo,Riyadh,Riyadh
RYD_003206,riyadh_places_kaggle,places_03765,place,Guven,Riyadh,Riyadh
RYD_003207,riyadh_places_kaggle,places_06892,place,Guven,Riyadh,Riyadh
RYD_003208,riyadh_places_kaggle,places_03031,place,Gym Kitchen,Riyadh,Riyadh
RYD_003209,riyadh_places_kaggle,places_06234,place,H,Riyadh,Riyadh
RYD_003210,riyadh_places_kaggle,places_04618,place,H Burger,Riyadh,Riyadh
RYD_003211,riyadh_places_kaggle,places_05829,place,H-box,Riyadh,Riyadh
RYD_003212,riyadh_places_kaggle,places_03259,place,H2E,Riyadh,Riyadh
RYD_003213,riyadh_places_kaggle,places_05026,place,HABAR,Riyadh,Riyadh
RYD_003214,riyadh_places_kaggle,places_07029,place,HABAR,Riyadh,Riyadh
RYD_003215,riyadh_places_kaggle,places_05655,place,HAGAG,Riyadh,Riyadh
RYD_003216,riyadh_places_kaggle,places_04380,place,HAJI TIKKA,Riyadh,Riyadh
RYD_003217,riyadh_places_kaggle,places_04550,place,HALL,Riyadh,Riyadh
RYD_003218,riyadh_places_kaggle,places_06934,place,HALL,Riyadh,Riyadh
RYD_003219,riyadh_places_kaggle,places_04544,place,HAMIDA,Riyadh,Riyadh
RYD_003220,riyadh_places_kaggle,places_01704,place,HAMY,Riyadh,Riyadh
RYD_003221,riyadh_places_kaggle,places_07653,place,HAMY,Riyadh,Riyadh
RYD_003222,riyadh_places_kaggle,places_04225,place,HANINI,Riyadh,Riyadh
RYD_003223,riyadh_places_kaggle,places_01934,place,HAPIC Burger,Riyadh,Riyadh
RYD_003224,riyadh_places_kaggle,places_05155,place,HAPPY BEAR MILK TEA,Riyadh,Riyadh
RYD_003225,riyadh_places_kaggle,places_05881,place,HASHTAGONE,Riyadh,Riyadh
RYD_003226,riyadh_places_kaggle,places_05001,place,HAWYNA,Riyadh,Riyadh
RYD_003227,riyadh_places_kaggle,places_00767,place,HAZZAT CHAPATI,Riyadh,Riyadh
RYD_003228,riyadh_places_kaggle,places_03627,place,HAZZAT CHAPATI,Riyadh,Riyadh
RYD_003229,riyadh_places_kaggle,places_07299,place,HAZZAT CHAPATI,Riyadh,Riyadh
RYD_003230,riyadh_places_kaggle,places_03900,place,HAk COOKIES,Riyadh,Riyadh
RYD_003231,riyadh_places_kaggle,places_02056,place,HAk cafe,Riyadh,Riyadh
RYD_003232,riyadh_places_kaggle,places_05094,place,HAk cafe,Riyadh,Riyadh
RYD_003233,riyadh_places_kaggle,places_08499,place,HAk cafe,Riyadh,Riyadh
RYD_003234,riyadh_places_kaggle,places_05990,place,HB,Riyadh,Riyadh
RYD_003235,riyadh_places_kaggle,places_04922,place,HEALTHY CRAVE,Riyadh,Riyadh
RYD_003235,riyadh_places_kaggle,places_04925,place,HEALTHY 2 GO,Riyadh,Riyadh
RYD_003236,riyadh_places_kaggle,places_04999,place,HOAX,Riyadh,Riyadh
RYD_003237,riyadh_places_kaggle,places_01685,place,HOMEMADE BREAKFAST,Riyadh,Riyadh
RYD_003238,riyadh_places_kaggle,places_06460,place,HOMEMADE BREAKFAST,Riyadh,Riyadh
RYD_003239,riyadh_places_kaggle,places_05095,place,HONEY BUNCH,Riyadh,Riyadh
RYD_003240,riyadh_places_kaggle,places_03591,place,HOUSE OF LA BURGERIA,Riyadh,Riyadh
RYD_003241,riyadh_places_kaggle,places_03530,place,HUE,Riyadh,Riyadh
RYD_003242,riyadh_places_kaggle,places_05089,place,HUN BURGER,Riyadh,Riyadh
RYD_003243,riyadh_places_kaggle,places_02900,place,HURGER,Riyadh,Riyadh
RYD_003244,riyadh_places_kaggle,places_06927,place,HURGER,Riyadh,Riyadh
RYD_003245,riyadh_places_kaggle,places_04571,place,HY SWEETS,Riyadh,Riyadh
RYD_003245,riyadh_places_kaggle,places_04572,place,Divo Sweet,Riyadh,Riyadh
RYD_003246,riyadh_places_kaggle,places_03958,place,HZBR,Riyadh,Riyadh
RYD_003247,riyadh_places_kaggle,places_00551,place,Haagen Dazs,Riyadh,Riyadh
RYD_003248,riyadh_places_kaggle,places_03190,place,Haagen Dazs,Riyadh,Riyadh
RYD_003249,riyadh_places_kaggle,places_04938,place,Haba Burger,Riyadh,Riyadh
RYD_003250,riyadh_places_kaggle,places_02575,place,Habboh Chapati and Karak,Riyadh,Riyadh
RYD_003251,riyadh_places_kaggle,places_01142,place,Habibah,Riyadh,Riyadh
RYD_003252,riyadh_places_kaggle,places_03707,place,Habibah,Riyadh,Riyadh
RYD_003253,riyadh_places_kaggle,places_08155,place,Habkat Pie,Riyadh,Riyadh
RYD_003254,riyadh_places_kaggle,places_04679,place,Hacked Cookies,Riyadh,Riyadh
RYD_003255,riyadh_places_kaggle,places_06618,place,Hadrami Corner for popular food,Riyadh,Riyadh
RYD_003256,riyadh_places_kaggle,places_04332,place,Hadrami flavor,Riyadh,Riyadh
RYD_003257,riyadh_places_kaggle,places_03216,place,Haji Shawarma,Riyadh,Riyadh
RYD_003258,riyadh_places_kaggle,places_04230,place,Hajj Jumaah Pies,Riyadh,Riyadh
RYD_003259,riyadh_places_kaggle,places_02923,place,Hakimah,Riyadh,Riyadh
RYD_003260,riyadh_places_kaggle,places_04786,place,Hakka Wakka,Riyadh,Riyadh
RYD_003261,riyadh_places_kaggle,places_05548,place,Hakka Wakka,Riyadh,Riyadh
RYD_003262,riyadh_places_kaggle,places_03315,place,Haku,Riyadh,Riyadh
RYD_003263,riyadh_places_kaggle,places_06810,place,Hal Al keif,Riyadh,Riyadh
RYD_003264,riyadh_places_kaggle,places_04440,place,Hala,Riyadh,Riyadh
RYD_003265,riyadh_places_kaggle,places_07634,place,Hala,Riyadh,Riyadh
RYD_003266,riyadh_places_kaggle,places_05942,place,Hala Al Ward,Riyadh,Riyadh
RYD_003267,riyadh_places_kaggle,places_02990,place,Hala Biryani,Riyadh,Riyadh
RYD_003268,riyadh_places_kaggle,places_06819,place,Hala Biryani,Riyadh,Riyadh
RYD_003269,riyadh_places_kaggle,places_03673,place,Hala Burger,Riyadh,Riyadh
RYD_003270,riyadh_places_kaggle,places_07247,place,Hala Burger,Riyadh,Riyadh
RYD_003271,riyadh_places_kaggle,places_08717,place,Hala Burger,Riyadh,Riyadh
RYD_003272,riyadh_places_kaggle,places_00120,place,Hala Fal Sweets,Riyadh,Riyadh
RYD_003273,riyadh_places_kaggle,places_06607,place,Hala Pizza,Riyadh,Riyadh
RYD_003273,riyadh_places_kaggle,places_06609,place,Hatlee Taste Pizza,Riyadh,Riyadh
RYD_003274,riyadh_places_kaggle,places_04663,place,Hala Sabaya,Riyadh,Riyadh
RYD_003275,riyadh_places_kaggle,places_02954,place,Halabih,Riyadh,Riyadh
RYD_003276,riyadh_places_kaggle,places_00494,place,Halana Ghair,Riyadh,Riyadh
RYD_003277,riyadh_places_kaggle,places_01553,place,Halana Ghair,Riyadh,Riyadh
RYD_003278,riyadh_places_kaggle,places_02278,place,Halana Ghair,Riyadh,Riyadh
RYD_003279,riyadh_places_kaggle,places_03467,place,Halana Ghair,Riyadh,Riyadh
RYD_003280,riyadh_places_kaggle,places_06509,place,Halana Ghair,Riyadh,Riyadh
RYD_003281,riyadh_places_kaggle,places_08043,place,Halana Ghair,Riyadh,Riyadh
RYD_003282,riyadh_places_kaggle,places_07827,place,Halati Sweets,Riyadh,Riyadh
RYD_003283,riyadh_places_kaggle,places_03776,place,Halawiyati,Riyadh,Riyadh
RYD_003284,riyadh_places_kaggle,places_05792,place,Half Blaf Specialty Bukhari,Riyadh,Riyadh
RYD_003285,riyadh_places_kaggle,places_05099,place,Half Break,Riyadh,Riyadh
RYD_003286,riyadh_places_kaggle,places_00687,place,Half Million,Riyadh,Riyadh
RYD_003287,riyadh_places_kaggle,places_00984,place,Half Million,Riyadh,Riyadh
RYD_003288,riyadh_places_kaggle,places_02222,place,Half Million,Riyadh,Riyadh
RYD_003289,riyadh_places_kaggle,places_02329,place,Half Million,Riyadh,Riyadh
RYD_003290,riyadh_places_kaggle,places_02536,place,Half Million,Riyadh,Riyadh
RYD_003291,riyadh_places_kaggle,places_03135,place,Half Million,Riyadh,Riyadh
RYD_003292,riyadh_places_kaggle,places_05394,place,Half Million,Riyadh,Riyadh
RYD_003293,riyadh_places_kaggle,places_07195,place,Half Million,Riyadh,Riyadh
RYD_003294,riyadh_places_kaggle,places_05592,place,Hallab,Riyadh,Riyadh
RYD_003295,riyadh_places_kaggle,places_01324,place,Hamam Abdoh,Riyadh,Riyadh
RYD_003296,riyadh_places_kaggle,places_03897,place,Hamam Abdoh,Riyadh,Riyadh
RYD_003297,riyadh_places_kaggle,places_07604,place,Hamam W Maraq,Riyadh,Riyadh
RYD_003298,riyadh_places_kaggle,places_00043,place,Hamburgini Burger,Riyadh,Riyadh
RYD_003299,riyadh_places_kaggle,places_00544,place,Hamburgini Burger,Riyadh,Riyadh
RYD_003300,riyadh_places_kaggle,places_01422,place,Hamburgini Burger,Riyadh,Riyadh
RYD_003301,riyadh_places_kaggle,places_02836,place,Hamburgini Burger,Riyadh,Riyadh
RYD_003302,riyadh_places_kaggle,places_05509,place,Hamburgini Burger,Riyadh,Riyadh
RYD_003303,riyadh_places_kaggle,places_06836,place,Hamburgini Burger,Riyadh,Riyadh
RYD_003304,riyadh_places_kaggle,places_07310,place,Hamburgini Burger,Riyadh,Riyadh
RYD_003305,riyadh_places_kaggle,places_07954,place,Hamburgini Burger,Riyadh,Riyadh
RYD_003306,riyadh_places_kaggle,places_04361,place,Hamed Yaonab,Riyadh,Riyadh
RYD_003307,riyadh_places_kaggle,places_01946,place,Hamis &amp; Taghmis,Riyadh,Riyadh
RYD_003308,riyadh_places_kaggle,places_01446,place,Hamsa and Taghmisa,Riyadh,Riyadh
RYD_003309,riyadh_places_kaggle,places_03401,place,Hamsa and Taghmisa,Riyadh,Riyadh
RYD_003310,riyadh_places_kaggle,places_01633,place,Hamza Restaurant,Riyadh,Riyadh
RYD_003311,riyadh_places_kaggle,places_07859,place,Hanadi Pizza,Riyadh,Riyadh
RYD_003312,riyadh_places_kaggle,places_06325,place,Haneeth Al Diwan restaurants and kitchens,Riyadh,Riyadh
RYD_003313,riyadh_places_kaggle,places_07076,place,Haneeth Alakhawin,Riyadh,Riyadh
RYD_003314,riyadh_places_kaggle,places_05206,place,Haneeth alkhalij Restaurant,Riyadh,Riyadh
RYD_003315,riyadh_places_kaggle,places_04773,place,Haneeth and Mandi of the south,Riyadh,Riyadh
RYD_003316,riyadh_places_kaggle,places_04833,place,Haneeth and Mandi of the south,Riyadh,Riyadh
RYD_003317,riyadh_places_kaggle,places_02978,place,Hangry Noodles,Riyadh,Riyadh
RYD_003317,riyadh_places_kaggle,places_02991,place,Wow Asia Noodles,Riyadh,Riyadh
RYD_003317,riyadh_places_kaggle,places_03004,place,TAO NOODLE,Riyadh,Riyadh
RYD_003318,riyadh_places_kaggle,places_04522,place,Hanini Special,Riyadh,Riyadh
RYD_003319,riyadh_places_kaggle,places_06154,place,Hanoof Flower,Riyadh,Riyadh
RYD_003320,riyadh_places_kaggle,places_08083,place,Hanoot Falafel,Riyadh,Riyadh
RYD_003321,riyadh_places_kaggle,places_01988,place,Hanoverian,Riyadh,Riyadh
RYD_003322,riyadh_places_kaggle,places_00547,place,Hanoverian Express,Riyadh,Riyadh
RYD_003323,riyadh_places_kaggle,places_01795,place,Hanoverian Express,Riyadh,Riyadh
RYD_003324,riyadh_places_kaggle,places_07273,place,Hanoverian Express,Riyadh,Riyadh
RYD_003325,riyadh_places_kaggle,places_03378,place,Happiness Kunafa,Riyadh,Riyadh
RYD_003326,riyadh_places_kaggle,places_00546,place,Happiness Shawarma,Riyadh,Riyadh
RYD_003327,riyadh_places_kaggle,places_05895,place,Happy Cheese,Riyadh,Riyadh
RYD_003328,entertainment_kaggle,entertainment_00418,entertainment,Happy Cheese,Riyadh,Riyadh
RYD_003329,entertainment_kaggle,entertainment_00426,entertainment,Happy Cheese,Riyadh,Riyadh
RYD_003330,riyadh_places_kaggle,places_08141,place,Happy Time Juice,Riyadh,Riyadh
RYD_003331,riyadh_places_kaggle,places_07858,place,Happy juices,Riyadh,Riyadh
RYD_003332,riyadh_places_kaggle,places_06599,place,Hara Masria,Riyadh,Riyadh
RYD_003333,riyadh_places_kaggle,places_01838,place,Harat,Riyadh,Riyadh
RYD_003334,riyadh_places_kaggle,places_04249,place,Harat Alword,Riyadh,Riyadh
RYD_003335,riyadh_places_kaggle,places_00437,place,Hardee's,Riyadh,Riyadh
RYD_003336,riyadh_places_kaggle,places_00579,place,Hardee's,Riyadh,Riyadh
RYD_003337,riyadh_places_kaggle,places_00723,place,Hardee's,Riyadh,Riyadh
RYD_003338,riyadh_places_kaggle,places_01342,place,Hardee's,Riyadh,Riyadh
RYD_003339,riyadh_places_kaggle,places_02115,place,Hardee's,Riyadh,Riyadh
RYD_003340,riyadh_places_kaggle,places_02331,place,Hardee's,Riyadh,Riyadh
RYD_003341,riyadh_places_kaggle,places_02797,place,Hardee's,Riyadh,Riyadh
RYD_003342,riyadh_places_kaggle,places_05376,place,Hardee's,Riyadh,Riyadh
RYD_003343,riyadh_places_kaggle,places_06778,place,Hardee's,Riyadh,Riyadh
RYD_003344,riyadh_places_kaggle,places_07177,place,Hardee's,Riyadh,Riyadh
RYD_003345,riyadh_places_kaggle,places_08140,place,Hardee's,Riyadh,Riyadh
RYD_003346,riyadh_places_kaggle,places_06673,place,Hardest,Riyadh,Riyadh
RYD_003347,booking_kaggle,hotels_00979,hotel,Harmony House Hotel Apartments,Riyadh,Riyadh
RYD_003348,riyadh_places_kaggle,places_00949,place,Harry's Pizza,Riyadh,Riyadh
RYD_003349,riyadh_places_kaggle,places_01739,place,Harry's Pizza,Riyadh,Riyadh
RYD_003350,riyadh_places_kaggle,places_03157,place,Harry's Pizza,Riyadh,Riyadh
RYD_003351,riyadh_places_kaggle,places_07171,place,Harry's Pizza,Riyadh,Riyadh
RYD_003351,riyadh_places_kaggle,places_07174,place,SI Pizza,Riyadh,Riyadh
RYD_003352,riyadh_places_kaggle,places_08299,place,Harry's Pizza,Riyadh,Riyadh
RYD_003353,riyadh_places_kaggle,places_03438,place,Harvey,Riyadh,Riyadh
RYD_003354,riyadh_places_kaggle,places_04555,place,Haseel Cafe &amp; Bakery,Riyadh,Riyadh
RYD_003355,riyadh_places_kaggle,places_05262,place,Haseel Fruits and Vegetables,Riyadh,Riyadh
RYD_003356,riyadh_places_kaggle,places_07901,place,Hash Hasha,Riyadh,Riyadh
RYD_003357,riyadh_places_kaggle,places_08654,place,Hash Hasha,Riyadh,Riyadh
RYD_003358,riyadh_places_kaggle,places_04383,place,Hasha,Riyadh,Riyadh
RYD_003359,riyadh_places_kaggle,places_00241,place,Hasha Brasha,Riyadh,Riyadh
RYD_003360,riyadh_places_kaggle,places_02688,place,Hasha Brasha,Riyadh,Riyadh
RYD_003361,riyadh_places_kaggle,places_05425,place,Hasha Brasha,Riyadh,Riyadh
RYD_003362,riyadh_places_kaggle,places_07359,place,Hasha Brasha,Riyadh,Riyadh
RYD_003363,riyadh_places_kaggle,places_08022,place,Hasha Brasha,Riyadh,Riyadh
RYD_003364,riyadh_places_kaggle,places_00048,place,Hashem,Riyadh,Riyadh
RYD_003365,riyadh_places_kaggle,places_03631,place,Hashem,Riyadh,Riyadh
RYD_003366,riyadh_places_kaggle,places_04576,place,Hashem,Riyadh,Riyadh
RYD_003367,riyadh_places_kaggle,places_05704,place,Hashem,Riyadh,Riyadh
RYD_003368,riyadh_places_kaggle,places_06397,place,Hashem,Riyadh,Riyadh
RYD_003369,riyadh_places_kaggle,places_06799,place,Hashem,Riyadh,Riyadh
RYD_003370,riyadh_places_kaggle,places_07157,place,Hashem,Riyadh,Riyadh
RYD_003371,riyadh_places_kaggle,places_00415,place,Hashi Basha,Riyadh,Riyadh
RYD_003372,riyadh_places_kaggle,places_04038,place,Hashi Basha,Riyadh,Riyadh
RYD_003373,riyadh_places_kaggle,places_05341,place,Hashi Basha,Riyadh,Riyadh
RYD_003374,riyadh_places_kaggle,places_07178,place,Hashi Basha,Riyadh,Riyadh
RYD_003375,riyadh_places_kaggle,places_06703,place,Hashi Pasha,Riyadh,Riyadh
RYD_003376,riyadh_places_kaggle,places_00137,place,Hashikom,Riyadh,Riyadh
RYD_003377,riyadh_places_kaggle,places_06478,place,Hashikom,Riyadh,Riyadh
RYD_003378,riyadh_places_kaggle,places_07873,place,Hashikom,Riyadh,Riyadh
RYD_003379,riyadh_places_kaggle,places_08108,place,Hashikom,Riyadh,Riyadh
RYD_003380,riyadh_places_kaggle,places_06669,place,Hashwa,Riyadh,Riyadh
RYD_003381,riyadh_places_kaggle,places_01677,place,Hasta La Pasta,Riyadh,Riyadh
RYD_003382,riyadh_places_kaggle,places_02094,place,Hasta La Pasta,Riyadh,Riyadh
RYD_003383,riyadh_places_kaggle,places_02166,place,Hasta La Pasta,Riyadh,Riyadh
RYD_003384,riyadh_places_kaggle,places_08619,place,Hat Altaazaj,Riyadh,Riyadh
RYD_003385,riyadh_places_kaggle,places_08748,place,Hat Cup,Riyadh,Riyadh
RYD_003386,riyadh_places_kaggle,places_02910,place,Hataba,Riyadh,Riyadh
RYD_003387,riyadh_places_kaggle,places_05004,place,Hatabgy,Riyadh,Riyadh
RYD_003388,riyadh_places_kaggle,places_05587,place,Hawa Amman Restaurant,Riyadh,Riyadh
RYD_003389,riyadh_places_kaggle,places_06229,place,Hawana,Riyadh,Riyadh
RYD_003390,booking_kaggle,hotels_00117,hotel,Hayat Al Riyadh Hotel,Riyadh,Riyadh
RYD_003391,riyadh_places_kaggle,places_06116,place,Haz coffee,Riyadh,Riyadh
RYD_003392,riyadh_places_kaggle,places_03428,place,Hazaya For Kuwaiti Foods,Riyadh,Riyadh
RYD_003393,riyadh_places_kaggle,places_01810,place,Healthy &amp; Delicious,Riyadh,Riyadh
RYD_003394,riyadh_places_kaggle,places_04196,place,Healthy &amp; Delicious,Riyadh,Riyadh
RYD_003395,riyadh_places_kaggle,places_03044,place,Healthy &amp; Tasty,Riyadh,Riyadh
RYD_003396,riyadh_places_kaggle,places_03880,place,Healthy Honest Bowl,Riyadh,Riyadh
RYD_003397,riyadh_places_kaggle,places_05549,place,Healthy Honest Bowl,Riyadh,Riyadh
RYD_003398,riyadh_places_kaggle,places_07490,place,Healthy Honest Bowl,Riyadh,Riyadh
RYD_003399,riyadh_places_kaggle,places_04263,place,Healthy Style,Riyadh,Riyadh
RYD_003400,riyadh_places_kaggle,places_05790,place,Healthy Time for Juice,Riyadh,Riyadh
RYD_003401,riyadh_places_kaggle,places_03863,place,Healthy and Co,Riyadh,Riyadh
RYD_003402,riyadh_places_kaggle,places_05866,place,Heaven,Riyadh,Riyadh
RYD_003403,riyadh_places_kaggle,places_01834,place,Hebro,Riyadh,Riyadh
RYD_003404,riyadh_places_kaggle,places_06125,place,Heekaya Juice,Riyadh,Riyadh
RYD_003405,riyadh_places_kaggle,places_04421,place,Hekayat Almalga Cafe,Riyadh,Riyadh
RYD_003406,riyadh_places_kaggle,places_04330,place,Hekayat Shamaah,Riyadh,Riyadh
RYD_003407,entertainment_kaggle,entertainment_00359,entertainment,Hello Park,Riyadh,Riyadh
RYD_003408,entertainment_kaggle,entertainment_00388,entertainment,Hello Park,Riyadh,Riyadh
RYD_003409,riyadh_places_kaggle,places_03328,place,Hels,Riyadh,Riyadh
RYD_003410,riyadh_places_kaggle,places_05950,place,Helvaci Ali,Riyadh,Riyadh
RYD_003411,riyadh_places_kaggle,places_02672,place,Helw,Riyadh,Riyadh
RYD_003412,riyadh_places_kaggle,places_05752,place,Helw,Riyadh,Riyadh
RYD_003413,riyadh_places_kaggle,places_08758,place,Helw,Riyadh,Riyadh
RYD_003414,riyadh_places_kaggle,places_00600,place,Hen House,Riyadh,Riyadh
RYD_003415,riyadh_places_kaggle,places_00777,place,Hen House,Riyadh,Riyadh
RYD_003416,riyadh_places_kaggle,places_04378,place,Here,Riyadh,Riyadh
RYD_003417,riyadh_places_kaggle,places_00716,place,Here Burger,Riyadh,Riyadh
RYD_003418,riyadh_places_kaggle,places_00030,place,Herfy,Riyadh,Riyadh
RYD_003419,riyadh_places_kaggle,places_00188,place,Herfy,Riyadh,Riyadh
RYD_003420,riyadh_places_kaggle,places_00363,place,Herfy,Riyadh,Riyadh
RYD_003421,riyadh_places_kaggle,places_00447,place,Herfy,Riyadh,Riyadh
RYD_003422,riyadh_places_kaggle,places_00495,place,Herfy,Riyadh,Riyadh
RYD_003423,riyadh_places_kaggle,places_00656,place,Herfy,Riyadh,Riyadh
RYD_003424,riyadh_places_kaggle,places_00932,place,Herfy,Riyadh,Riyadh
RYD_003425,riyadh_places_kaggle,places_01005,place,Herfy,Riyadh,Riyadh
RYD_003426,riyadh_places_kaggle,places_01348,place,Herfy,Riyadh,Riyadh
RYD_003427,riyadh_places_kaggle,places_01848,place,Herfy,Riyadh,Riyadh
RYD_003428,riyadh_places_kaggle,places_02117,place,Herfy,Riyadh,Riyadh
RYD_003429,riyadh_places_kaggle,places_02310,place,Herfy,Riyadh,Riyadh
RYD_003430,riyadh_places_kaggle,places_02468,place,Herfy,Riyadh,Riyadh
RYD_003431,riyadh_places_kaggle,places_02514,place,Herfy,Riyadh,Riyadh
RYD_003432,riyadh_places_kaggle,places_02816,place,Herfy,Riyadh,Riyadh
RYD_003433,riyadh_places_kaggle,places_05330,place,Herfy,Riyadh,Riyadh
RYD_003434,riyadh_places_kaggle,places_06409,place,Herfy,Riyadh,Riyadh
RYD_003435,riyadh_places_kaggle,places_06754,place,Herfy,Riyadh,Riyadh
RYD_003436,riyadh_places_kaggle,places_07117,place,Herfy,Riyadh,Riyadh
RYD_003437,riyadh_places_kaggle,places_07869,place,Herfy,Riyadh,Riyadh
RYD_003438,riyadh_places_kaggle,places_08656,place,Herfy,Riyadh,Riyadh
RYD_003439,riyadh_places_kaggle,places_02201,place,Herfy Bakery Shop,Riyadh,Riyadh
RYD_003440,riyadh_places_kaggle,places_03895,place,Herfy Bakery Shop,Riyadh,Riyadh
RYD_003441,riyadh_places_kaggle,places_07213,place,Herfy Bakery Shop,Riyadh,Riyadh
RYD_003442,riyadh_places_kaggle,places_07955,place,Herfy Bakery Shop,Riyadh,Riyadh
RYD_003443,entertainment_kaggle,entertainment_00248,entertainment,Heritage Village,Shaqra,Riyadh
RYD_003444,entertainment_kaggle,entertainment_00257,entertainment,Heritage Village,Shaqra,Riyadh
RYD_003445,riyadh_places_kaggle,places_02607,place,Hero,Riyadh,Riyadh
RYD_003446,riyadh_places_kaggle,places_08092,place,Hero Coffee,Riyadh,Riyadh
RYD_003447,riyadh_places_kaggle,places_00896,place,Hero delights,Riyadh,Riyadh
RYD_003448,riyadh_places_kaggle,places_04052,place,Hertz,Riyadh,Riyadh
RYD_003449,riyadh_places_kaggle,places_04646,place,Hesh Bake Shop,Riyadh,Riyadh
RYD_003450,riyadh_places_kaggle,places_03790,place,Hessah's mother's juices,Riyadh,Riyadh
RYD_003451,riyadh_places_kaggle,places_00138,place,Heta Iskandarani,Riyadh,Riyadh
RYD_003452,riyadh_places_kaggle,places_06588,place,Heta Iskandarani,Riyadh,Riyadh
RYD_003453,riyadh_places_kaggle,places_04680,place,Hi,Riyadh,Riyadh
RYD_003454,riyadh_places_kaggle,places_07596,place,Hi,Riyadh,Riyadh
RYD_003455,riyadh_places_kaggle,places_05023,place,Hi Kitchen New,Riyadh,Riyadh
RYD_003455,riyadh_places_kaggle,places_05024,place,Hi Kitchen,Riyadh,Riyadh
RYD_003456,riyadh_places_kaggle,places_08604,place,High Pizza,Riyadh,Riyadh
RYD_003457,riyadh_places_kaggle,places_08088,place,Hijaz pies,Riyadh,Riyadh
RYD_003458,riyadh_places_kaggle,places_04749,place,Hijazi Balila,Riyadh,Riyadh
RYD_003459,riyadh_places_kaggle,places_05852,place,Hijazi Balila,Riyadh,Riyadh
RYD_003460,riyadh_places_kaggle,places_07766,place,Hijazi Food,Riyadh,Riyadh
RYD_003461,riyadh_places_kaggle,places_08588,place,Hijazi Food,Riyadh,Riyadh
RYD_003462,riyadh_places_kaggle,places_01533,place,Hijazi Pizza for Mento &amp; Yghmush,Riyadh,Riyadh
RYD_003463,riyadh_places_kaggle,places_08002,place,Hijazi Pizza for Mento &amp; Yghmush,Riyadh,Riyadh
RYD_003464,riyadh_places_kaggle,places_05107,place,Hijazi food,Riyadh,Riyadh
RYD_003465,riyadh_places_kaggle,places_05009,place,Hikaya Laziza,Riyadh,Riyadh
RYD_003466,riyadh_places_kaggle,places_04795,place,Hikaya Tazawq,Riyadh,Riyadh
RYD_003467,riyadh_places_kaggle,places_05278,place,Hikayt Huruf,Riyadh,Riyadh
RYD_003468,riyadh_places_kaggle,places_02898,place,Hikmat,Riyadh,Riyadh
RYD_003469,riyadh_places_kaggle,places_08594,place,Hill &amp; Kaif,Riyadh,Riyadh
RYD_003470,riyadh_places_kaggle,places_00925,place,Hindwich,Riyadh,Riyadh
RYD_003471,riyadh_places_kaggle,places_02206,place,Hint,Riyadh,Riyadh
RYD_003472,riyadh_places_kaggle,places_02498,place,Hint,Riyadh,Riyadh
RYD_003473,riyadh_places_kaggle,places_03487,place,Hint,Riyadh,Riyadh
RYD_003474,riyadh_places_kaggle,places_06504,place,Hint,Riyadh,Riyadh
RYD_003475,riyadh_places_kaggle,places_01687,place,Hive,Riyadh,Riyadh
RYD_003476,riyadh_places_kaggle,places_02060,place,Hive,Riyadh,Riyadh
RYD_003477,riyadh_places_kaggle,places_02169,place,Hive,Riyadh,Riyadh
RYD_003478,riyadh_places_kaggle,places_03623,place,Hive,Riyadh,Riyadh
RYD_003479,riyadh_places_kaggle,places_06526,place,Hive,Riyadh,Riyadh
RYD_003480,riyadh_places_kaggle,places_03114,place,Hjeen,Riyadh,Riyadh
RYD_003481,riyadh_places_kaggle,places_06462,place,Hjeen,Riyadh,Riyadh
RYD_003482,riyadh_places_kaggle,places_06917,place,Hjeen,Riyadh,Riyadh
RYD_003483,riyadh_places_kaggle,places_00781,place,Hmbrgr,Riyadh,Riyadh
RYD_003484,riyadh_places_kaggle,places_00995,place,Hmbrgr,Riyadh,Riyadh
RYD_003485,riyadh_places_kaggle,places_03003,place,Hoba,Riyadh,Riyadh
RYD_003486,riyadh_places_kaggle,places_07193,place,Hoba,Riyadh,Riyadh
RYD_003487,riyadh_places_kaggle,places_07986,place,Hoba,Riyadh,Riyadh
RYD_003488,booking_kaggle,hotels_00590,hotel,Hodooa Al Masaken,Riyadh,Riyadh
RYD_003489,booking_kaggle,hotels_00154,hotel,Holiday Inn Riyadh Al Qasr,Riyadh,Riyadh
RYD_003490,booking_kaggle,hotels_00173,hotel,Holiday Khaleej Hotel,Riyadh,Riyadh
RYD_003491,booking_kaggle,hotels_00838,hotel,Holiday Plus,Riyadh,Riyadh
RYD_003492,riyadh_places_kaggle,places_02083,place,Home Dawg - Hot Dogs,Riyadh,Riyadh
RYD_003493,riyadh_places_kaggle,places_02849,place,Home Dawg - Hot Dogs,Riyadh,Riyadh
RYD_003494,riyadh_places_kaggle,places_04461,place,Home of Coffee,Riyadh,Riyadh
RYD_003495,riyadh_places_kaggle,places_04846,place,Homs Al Asi,Riyadh,Riyadh
RYD_003496,riyadh_places_kaggle,places_05994,place,Honey And Sugar,Riyadh,Riyadh
RYD_003497,riyadh_places_kaggle,places_03133,place,Honey Cell,Riyadh,Riyadh
RYD_003498,riyadh_places_kaggle,places_00268,place,Honey dose,Riyadh,Riyadh
RYD_003499,riyadh_places_kaggle,places_04957,place,Honey dose,Riyadh,Riyadh
RYD_003500,riyadh_places_kaggle,places_04540,place,Hooky Burger,Riyadh,Riyadh
RYD_003501,riyadh_places_kaggle,places_03823,place,Hoopla burger,Riyadh,Riyadh
RYD_003501,riyadh_places_kaggle,places_03828,place,Royal Flip Burger,Riyadh,Riyadh
RYD_003502,riyadh_places_kaggle,places_03546,place,Hopo,Riyadh,Riyadh
RYD_003503,riyadh_places_kaggle,places_05658,place,Hopo,Riyadh,Riyadh
RYD_003504,riyadh_places_kaggle,places_07304,place,Hopo,Riyadh,Riyadh
RYD_003505,riyadh_places_kaggle,places_01355,place,Hot Kunafa,Riyadh,Riyadh
RYD_003506,riyadh_places_kaggle,places_01724,place,Hot Kunafa,Riyadh,Riyadh
RYD_003507,riyadh_places_kaggle,places_08107,place,Hot Kunafa,Riyadh,Riyadh
RYD_003508,riyadh_places_kaggle,places_05883,place,Hot pie,Riyadh,Riyadh
RYD_003509,riyadh_places_kaggle,places_05616,place,Hot pizza,Riyadh,Riyadh
RYD_003509,riyadh_places_kaggle,places_05617,place,Cheeso pizza,Riyadh,Riyadh
RYD_003510,riyadh_places_kaggle,places_07456,place,Hot pizza,Riyadh,Riyadh
RYD_003510,riyadh_places_kaggle,places_07457,place,Cheeso pizza,Riyadh,Riyadh
RYD_003511,riyadh_places_kaggle,places_07903,place,Hot pizza,Riyadh,Riyadh
RYD_003511,riyadh_places_kaggle,places_07904,place,Cheeso pizza,Riyadh,Riyadh
RYD_003512,riyadh_places_kaggle,places_02376,place,Hot pizza and falafel,Riyadh,Riyadh
RYD_003512,riyadh_places_kaggle,places_02377,place,Sham pizza and falafel,Riyadh,Riyadh
RYD_003512,riyadh_places_kaggle,places_02380,place,Pizza and falafel,Riyadh,Riyadh
RYD_003512,riyadh_places_kaggle,places_02381,place,PIZZA&amp;BURGER,Riyadh,Riyadh
RYD_003512,riyadh_places_kaggle,places_02382,place,BURGER &amp; PASTA,Riyadh,Riyadh
RYD_003512,riyadh_places_kaggle,places_02384,place,Pizza and Falafel Finzone,Riyadh,Riyadh
RYD_003512,riyadh_places_kaggle,places_02385,place,burger finzon,Riyadh,Riyadh
RYD_003512,riyadh_places_kaggle,places_02386,place,Abu Al Hana Falafel,Riyadh,Riyadh
RYD_003512,riyadh_places_kaggle,places_02389,place,Deira falafel,Riyadh,Riyadh
RYD_003512,riyadh_places_kaggle,places_02391,place,Pizza alan,Riyadh,Riyadh
RYD_003512,riyadh_places_kaggle,places_02404,place,aliambiratur fast food,Riyadh,Riyadh
RYD_003512,riyadh_places_kaggle,places_02405,place,Pizza alambiratur,Riyadh,Riyadh
RYD_003512,riyadh_places_kaggle,places_02408,place,Al Pizza Aleasria,Riyadh,Riyadh
RYD_003513,riyadh_places_kaggle,places_01031,place,Hotbun,Riyadh,Riyadh
RYD_003514,riyadh_places_kaggle,places_02600,place,Hotbun,Riyadh,Riyadh
RYD_003515,riyadh_places_kaggle,places_06271,place,House of Berries For Juice,Riyadh,Riyadh
RYD_003516,riyadh_places_kaggle,places_00885,place,House of Chicken,Riyadh,Riyadh
RYD_003517,riyadh_places_kaggle,places_01862,place,House of Donuts,Riyadh,Riyadh
RYD_003518,riyadh_places_kaggle,places_03485,place,House of Donuts,Riyadh,Riyadh
RYD_003519,riyadh_places_kaggle,places_07137,place,House of Donuts,Riyadh,Riyadh
RYD_003520,riyadh_places_kaggle,places_08393,place,House of Donuts,Riyadh,Riyadh
RYD_003521,riyadh_places_kaggle,places_07874,place,House of Luqaimat,Riyadh,Riyadh
RYD_003522,riyadh_places_kaggle,places_01319,place,House of Mantou and Yaghmoush,Riyadh,Riyadh
RYD_003523,riyadh_places_kaggle,places_05100,place,Hudud Alaihtiraf,Riyadh,Riyadh
RYD_003524,riyadh_places_kaggle,places_04304,place,Hug the mug,Riyadh,Riyadh
RYD_003525,riyadh_places_kaggle,places_04377,place,Hugo Donuts,Riyadh,Riyadh
RYD_003526,riyadh_places_kaggle,places_00513,place,Hujra Corner Restaurant,Riyadh,Riyadh
RYD_003527,riyadh_places_kaggle,places_04293,place,Hummus Al Harah,Riyadh,Riyadh
RYD_003528,riyadh_places_kaggle,places_05825,place,Hummus Baladna,Riyadh,Riyadh
RYD_003529,riyadh_places_kaggle,places_08504,place,Hummus Baladna,Riyadh,Riyadh
RYD_003530,riyadh_places_kaggle,places_00799,place,Hummus Brothers,Riyadh,Riyadh
RYD_003531,riyadh_places_kaggle,places_01643,place,Hummus Brothers,Riyadh,Riyadh
RYD_003532,riyadh_places_kaggle,places_01967,place,Hummus House,Riyadh,Riyadh
RYD_003533,riyadh_places_kaggle,places_01962,place,Hunger Bowl,Riyadh,Riyadh
RYD_003534,riyadh_places_kaggle,places_05131,place,HungerMood,Riyadh,Riyadh
RYD_003535,riyadh_places_kaggle,places_00031,place,HungerStation Market,Riyadh,Riyadh
RYD_003536,riyadh_places_kaggle,places_00325,place,HungerStation Market,Riyadh,Riyadh
RYD_003537,riyadh_places_kaggle,places_00420,place,HungerStation Market,Riyadh,Riyadh
RYD_003538,riyadh_places_kaggle,places_00476,place,HungerStation Market,Riyadh,Riyadh
RYD_003539,riyadh_places_kaggle,places_01588,place,HungerStation Market,Riyadh,Riyadh
RYD_003540,riyadh_places_kaggle,places_01928,place,HungerStation Market,Riyadh,Riyadh
RYD_003541,riyadh_places_kaggle,places_02369,place,HungerStation Market,Riyadh,Riyadh
RYD_003542,riyadh_places_kaggle,places_03238,place,HungerStation Market,Riyadh,Riyadh
RYD_003543,riyadh_places_kaggle,places_06830,place,HungerStation Market,Riyadh,Riyadh
RYD_003544,riyadh_places_kaggle,places_07628,place,HungerStation Market,Riyadh,Riyadh
RYD_003545,riyadh_places_kaggle,places_07881,place,HungerStation Market,Riyadh,Riyadh
RYD_003546,riyadh_places_kaggle,places_03045,place,Hungry Bunny,Riyadh,Riyadh
RYD_003547,riyadh_places_kaggle,places_06516,place,Hungry Bunny,Riyadh,Riyadh
RYD_003548,riyadh_places_kaggle,places_01836,place,Hustle N Flow,Riyadh,Riyadh
RYD_003549,riyadh_places_kaggle,places_02424,place,I Love Pasta,Riyadh,Riyadh
RYD_003550,entertainment_kaggle,entertainment_00287,entertainment,I Love Riyadh Sign,Riyadh,Riyadh
RYD_003551,entertainment_kaggle,entertainment_00297,entertainment,I Love Riyadh Sign,Riyadh,Riyadh
RYD_003552,riyadh_places_kaggle,places_02790,place,I bake mini cake and more,Riyadh,Riyadh
RYD_003553,riyadh_places_kaggle,places_05124,place,I'M Hungry,Riyadh,Riyadh
RYD_003554,riyadh_places_kaggle,places_01960,place,IAHOY BURGER,Riyadh,Riyadh
RYD_003555,riyadh_places_kaggle,places_04977,place,ICE CREAM LINU,Riyadh,Riyadh
RYD_003556,riyadh_places_kaggle,places_04008,place,ICE ZONE,Riyadh,Riyadh
RYD_003557,riyadh_places_kaggle,places_07722,place,ICE ZONE,Riyadh,Riyadh
RYD_003558,riyadh_places_kaggle,places_08055,place,ICE ZONE,Riyadh,Riyadh
RYD_003559,riyadh_places_kaggle,places_05767,place,ICY BALL,Riyadh,Riyadh
RYD_003560,riyadh_places_kaggle,places_00721,place,IDMI COFFEE ROASTERS,Riyadh,Riyadh
RYD_003561,riyadh_places_kaggle,places_01038,place,IHOP,Riyadh,Riyadh
RYD_003562,riyadh_places_kaggle,places_01436,place,IHOP,Riyadh,Riyadh
RYD_003563,riyadh_places_kaggle,places_07556,place,IHOP,Riyadh,Riyadh
RYD_003564,riyadh_places_kaggle,places_08721,place,IHOP,Riyadh,Riyadh
RYD_003565,riyadh_places_kaggle,places_04211,place,IN OUT BURGER,Riyadh,Riyadh
RYD_003566,riyadh_places_kaggle,places_06550,place,IN OUT BURGER,Riyadh,Riyadh
RYD_003567,entertainment_kaggle,entertainment_00381,entertainment,IS IT REAL?,Riyadh,Riyadh
RYD_003568,entertainment_kaggle,entertainment_00389,entertainment,IS IT REAL?,Riyadh,Riyadh
RYD_003569,riyadh_places_kaggle,places_04736,place,ITA PIZZA,Riyadh,Riyadh
RYD_003570,riyadh_places_kaggle,places_00424,place,IVAN CAFE,Riyadh,Riyadh
RYD_003571,booking_kaggle,hotels_00421,hotel,Ibis Riyadh Olaya Street,Riyadh,Riyadh
RYD_003572,riyadh_places_kaggle,places_06139,place,Ibn Al Wazir Restaurant &amp; Pies,Riyadh,Riyadh
RYD_003573,riyadh_places_kaggle,places_05682,place,Ibn Hamido,Riyadh,Riyadh
RYD_003574,riyadh_places_kaggle,places_03899,place,Ice Cream Sandwich,Riyadh,Riyadh
RYD_003575,riyadh_places_kaggle,places_05976,place,Ice Cream Sweet,Riyadh,Riyadh
RYD_003576,riyadh_places_kaggle,places_05195,place,Ice lab,Riyadh,Riyadh
RYD_003577,riyadh_places_kaggle,places_03975,place,Ice n cream,Riyadh,Riyadh
RYD_003578,riyadh_places_kaggle,places_00802,place,Imm Talal,Riyadh,Riyadh
RYD_003579,riyadh_places_kaggle,places_01642,place,Imm Talal,Riyadh,Riyadh
RYD_003580,riyadh_places_kaggle,places_02145,place,Imm Talal,Riyadh,Riyadh
RYD_003581,riyadh_places_kaggle,places_04781,place,Inaam ALbaraka Butchery,Riyadh,Riyadh
RYD_003582,riyadh_places_kaggle,places_04963,place,India Story,Riyadh,Riyadh
RYD_003583,riyadh_places_kaggle,places_05244,place,Indian Aroma,Riyadh,Riyadh
RYD_003584,riyadh_places_kaggle,places_01025,place,Indian Bharr,Riyadh,Riyadh
RYD_003585,riyadh_places_kaggle,places_05853,place,Indian Corner,Riyadh,Riyadh
RYD_003586,riyadh_places_kaggle,places_06261,place,Indian Heritage Restaurant,Riyadh,Riyadh
RYD_003587,riyadh_places_kaggle,places_01145,place,Indian Hut,Riyadh,Riyadh
RYD_003588,riyadh_places_kaggle,places_06327,place,Indian Jawaher,Riyadh,Riyadh
RYD_003589,riyadh_places_kaggle,places_05118,place,Indian Jungle,Riyadh,Riyadh
RYD_003590,riyadh_places_kaggle,places_08085,place,Indian Jungle,Riyadh,Riyadh
RYD_003591,riyadh_places_kaggle,places_01155,place,Indian Palace,Riyadh,Riyadh
RYD_003592,riyadh_places_kaggle,places_01832,place,Indian Palace,Riyadh,Riyadh
RYD_003593,riyadh_places_kaggle,places_02736,place,Indian Palace,Riyadh,Riyadh
RYD_003594,riyadh_places_kaggle,places_07270,place,Indian Palace,Riyadh,Riyadh
RYD_003595,riyadh_places_kaggle,places_08582,place,Indian Palace,Riyadh,Riyadh
RYD_003596,riyadh_places_kaggle,places_02341,place,Indian Style,Riyadh,Riyadh
RYD_003597,riyadh_places_kaggle,places_06041,place,Indian Summer,Riyadh,Riyadh
RYD_003598,riyadh_places_kaggle,places_01007,place,Indian Tandoor,Riyadh,Riyadh
RYD_003599,riyadh_places_kaggle,places_02445,place,Indian Valley,Riyadh,Riyadh
RYD_003600,riyadh_places_kaggle,places_04760,place,Indian meal,Riyadh,Riyadh
RYD_003601,riyadh_places_kaggle,places_03798,place,Indiano,Riyadh,Riyadh
RYD_003602,riyadh_places_kaggle,places_04419,place,Indico,Riyadh,Riyadh
RYD_003603,riyadh_places_kaggle,places_01798,place,Indu,Riyadh,Riyadh
RYD_003604,riyadh_places_kaggle,places_04873,place,Infuse,Riyadh,Riyadh
RYD_003605,riyadh_places_kaggle,places_04913,place,Innova pharmacy,Riyadh,Riyadh
RYD_003606,riyadh_places_kaggle,places_05632,place,Innova pharmacy,Riyadh,Riyadh
RYD_003607,riyadh_places_kaggle,places_07038,place,Innovative candy,Riyadh,Riyadh
RYD_003608,riyadh_places_kaggle,places_02743,place,Inspiration cafe,Riyadh,Riyadh
RYD_003609,booking_kaggle,hotels_00029,hotel,InterContinental Riyadh,Riyadh,Riyadh
RYD_003610,booking_kaggle,hotels_00177,hotel,IntercityHotel Riyadh Malaz,Riyadh,Riyadh
RYD_003611,riyadh_places_kaggle,places_02452,place,International Pizza,Riyadh,Riyadh
RYD_003612,booking_kaggle,hotels_00146,hotel,Intour Al Sahafa Hotel,Riyadh,Riyadh
RYD_003613,riyadh_places_kaggle,places_05798,place,Iris Art,Riyadh,Riyadh
RYD_003614,riyadh_places_kaggle,places_04271,place,Island way,Riyadh,Riyadh
RYD_003615,riyadh_places_kaggle,places_04475,place,Istanbul Tatli,Riyadh,Riyadh
RYD_003616,entertainment_kaggle,entertainment_00246,entertainment,Isteraha Al Faris,Riyadh,Riyadh
RYD_003617,entertainment_kaggle,entertainment_00255,entertainment,Isteraha Al Faris,Riyadh,Riyadh
RYD_003618,riyadh_places_kaggle,places_00684,place,It Caffe,Riyadh,Riyadh
RYD_003619,riyadh_places_kaggle,places_04312,place,It Caffe,Riyadh,Riyadh
RYD_003620,riyadh_places_kaggle,places_02378,place,Italian Pasta,Riyadh,Riyadh
RYD_003621,riyadh_places_kaggle,places_02450,place,Italian food,Riyadh,Riyadh
RYD_003622,riyadh_places_kaggle,places_01030,place,Italio,Riyadh,Riyadh
RYD_003623,riyadh_places_kaggle,places_07077,place,Izmir Cafe,Riyadh,Riyadh
RYD_003624,riyadh_places_kaggle,places_04633,place,I’M HUNGRY,Riyadh,Riyadh
RYD_003625,riyadh_places_kaggle,places_01080,place,J.co Donuts and Coffee,Riyadh,Riyadh
RYD_003626,riyadh_places_kaggle,places_01416,place,J.co Donuts and Coffee,Riyadh,Riyadh
RYD_003627,riyadh_places_kaggle,places_06456,place,J.co Donuts and Coffee,Riyadh,Riyadh
RYD_003628,riyadh_places_kaggle,places_07510,place,J.co Donuts and Coffee,Riyadh,Riyadh
RYD_003629,riyadh_places_kaggle,places_08487,place,J.co Donuts and Coffee,Riyadh,Riyadh
RYD_003630,riyadh_places_kaggle,places_01214,place,JADWA BEAUTY,Riyadh,Riyadh
RYD_003631,riyadh_places_kaggle,places_06690,place,JAT CAFE,Riyadh,Riyadh
RYD_003632,riyadh_places_kaggle,places_05233,place,JATHEL CAFE,Riyadh,Riyadh
RYD_003633,riyadh_places_kaggle,places_07006,place,JAWHAR ALKABAB,Riyadh,Riyadh
RYD_003633,riyadh_places_kaggle,places_07007,place,AFRAN JAWHAR ALKABAB,Riyadh,Riyadh
RYD_003634,riyadh_places_kaggle,places_05625,place,JELLY,Riyadh,Riyadh
RYD_003635,riyadh_places_kaggle,places_07020,place,JENAKUM,Riyadh,Riyadh
RYD_003636,riyadh_places_kaggle,places_03200,place,JIMI THING Burger,Riyadh,Riyadh
RYD_003637,riyadh_places_kaggle,places_05568,place,JIMI THING Burger,Riyadh,Riyadh
RYD_003638,riyadh_places_kaggle,places_07542,place,JIMI THING Burger,Riyadh,Riyadh
RYD_003639,riyadh_places_kaggle,places_08427,place,JIMI THING Burger,Riyadh,Riyadh
RYD_003640,riyadh_places_kaggle,places_04806,place,JOA,Riyadh,Riyadh
RYD_003641,riyadh_places_kaggle,places_05626,place,JOA,Riyadh,Riyadh
RYD_003642,riyadh_places_kaggle,places_00658,place,JOE AND THE JUICE,Riyadh,Riyadh
RYD_003643,riyadh_places_kaggle,places_01250,place,JOE AND THE JUICE,Riyadh,Riyadh
RYD_003644,riyadh_places_kaggle,places_05623,place,JOE AND THE JUICE,Riyadh,Riyadh
RYD_003645,riyadh_places_kaggle,places_06918,place,JOI,Riyadh,Riyadh
RYD_003646,riyadh_places_kaggle,places_04678,place,JOLT DOLCE,Riyadh,Riyadh
RYD_003647,riyadh_places_kaggle,places_07597,place,JOLT DOLCE,Riyadh,Riyadh
RYD_003648,riyadh_places_kaggle,places_04078,place,JORN COFFEE ROASTERS,Riyadh,Riyadh
RYD_003649,riyadh_places_kaggle,places_08166,place,JOSE ROSE,Riyadh,Riyadh
RYD_003650,riyadh_places_kaggle,places_01591,place,JOUKH INDIAN RESTAURANT,Riyadh,Riyadh
RYD_003651,riyadh_places_kaggle,places_06134,place,JOUMAIZ,Riyadh,Riyadh
RYD_003651,riyadh_places_kaggle,places_08508,place,JOUMAIZ,Riyadh,Riyadh
RYD_003652,riyadh_places_kaggle,places_04517,place,JOY.,Riyadh,Riyadh
RYD_003653,riyadh_places_kaggle,places_04423,place,JU Sandwiches,Riyadh,Riyadh
RYD_003654,riyadh_places_kaggle,places_04130,place,JUICE BANK,Riyadh,Riyadh
RYD_003655,riyadh_places_kaggle,places_06347,place,JUICE DATE,Riyadh,Riyadh
RYD_003656,riyadh_places_kaggle,places_03052,place,JUICE NIGHTS,Riyadh,Riyadh
RYD_003657,riyadh_places_kaggle,places_04093,place,JULY,Riyadh,Riyadh
RYD_003658,riyadh_places_kaggle,places_05352,place,JULY,Riyadh,Riyadh
RYD_003659,riyadh_places_kaggle,places_07397,place,JULY,Riyadh,Riyadh
RYD_003660,riyadh_places_kaggle,places_08331,place,JULY,Riyadh,Riyadh
RYD_003661,riyadh_places_kaggle,places_03759,place,JUNAYNAH,Riyadh,Riyadh
RYD_003662,riyadh_places_kaggle,places_00584,place,JUST CHILL,Riyadh,Riyadh
RYD_003663,riyadh_places_kaggle,places_01829,place,JUST CHILL,Riyadh,Riyadh
RYD_003664,riyadh_places_kaggle,places_03703,place,JUST CHILL,Riyadh,Riyadh
RYD_003665,riyadh_places_kaggle,places_08695,place,JUST CHILL,Riyadh,Riyadh
RYD_003666,riyadh_places_kaggle,places_04389,place,JUST RIGHT,Riyadh,Riyadh
RYD_003667,riyadh_places_kaggle,places_08038,place,JUWEEL,Riyadh,Riyadh
RYD_003668,riyadh_places_kaggle,places_05238,place,JUZUOR ALENAB,Riyadh,Riyadh
RYD_003669,riyadh_places_kaggle,places_03693,place,Jaam,Riyadh,Riyadh
RYD_003670,riyadh_places_kaggle,places_05795,place,Jaam,Riyadh,Riyadh
RYD_003671,riyadh_places_kaggle,places_06517,place,Jaam,Riyadh,Riyadh
RYD_003672,entertainment_kaggle,entertainment_00267,entertainment,Jabal Baloum,Riyadh,Riyadh
RYD_003673,entertainment_kaggle,entertainment_00277,entertainment,Jabal Baloum,Riyadh,Riyadh
RYD_003674,riyadh_places_kaggle,places_02555,place,Jaber breakfast,Riyadh,Riyadh
RYD_003675,riyadh_places_kaggle,places_07899,place,Jadawel Alrabea,Riyadh,Riyadh
RYD_003676,riyadh_places_kaggle,places_06606,place,Jaddaty Hessa Cafe,Riyadh,Riyadh
RYD_003677,riyadh_places_kaggle,places_01797,place,Jadeel,Riyadh,Riyadh
RYD_003678,riyadh_places_kaggle,places_02009,place,Jadeel,Riyadh,Riyadh
RYD_003679,riyadh_places_kaggle,places_03386,place,Jadeel,Riyadh,Riyadh
RYD_003680,riyadh_places_kaggle,places_08490,place,Jaffna,Riyadh,Riyadh
RYD_003681,riyadh_places_kaggle,places_02815,place,Jafnah,Riyadh,Riyadh
RYD_003682,riyadh_places_kaggle,places_00867,place,Jai Wa Shapati,Riyadh,Riyadh
RYD_003683,riyadh_places_kaggle,places_00699,place,Jaldi Cup,Riyadh,Riyadh
RYD_003684,riyadh_places_kaggle,places_01006,place,Jaldi Cup,Riyadh,Riyadh
RYD_003685,riyadh_places_kaggle,places_04387,place,Jaldi Cup,Riyadh,Riyadh
RYD_003686,riyadh_places_kaggle,places_07496,place,Jaldi Cup,Riyadh,Riyadh
RYD_003687,riyadh_places_kaggle,places_04997,place,Jalila oven,Riyadh,Riyadh
RYD_003688,riyadh_places_kaggle,places_00813,place,Jamaat,Riyadh,Riyadh
RYD_003689,riyadh_places_kaggle,places_01671,place,Jamaat,Riyadh,Riyadh
RYD_003690,riyadh_places_kaggle,places_06964,place,Jambiri,Riyadh,Riyadh
RYD_003691,riyadh_places_kaggle,places_01555,place,Jamie Oliver's Pizzeria,Riyadh,Riyadh
RYD_003692,riyadh_places_kaggle,places_06893,place,Jamie Oliver's Pizzeria,Riyadh,Riyadh
RYD_003693,riyadh_places_kaggle,places_01556,place,Jamies ITALIAN,Riyadh,Riyadh
RYD_003694,riyadh_places_kaggle,places_06889,place,Jamies ITALIAN,Riyadh,Riyadh
RYD_003695,riyadh_places_kaggle,places_02499,place,Jami‘s pinoy spot,Riyadh,Riyadh
RYD_003696,entertainment_kaggle,entertainment_00508,entertainment,Jammoly World,Riyadh,Riyadh
RYD_003697,riyadh_places_kaggle,places_08824,place,Jamr Al Tanour,Riyadh,Riyadh
RYD_003698,riyadh_places_kaggle,places_00580,place,Jan Burger,Riyadh,Riyadh
RYD_003699,riyadh_places_kaggle,places_00987,place,Jan Burger,Riyadh,Riyadh
RYD_003700,riyadh_places_kaggle,places_01432,place,Jan Burger,Riyadh,Riyadh
RYD_003701,riyadh_places_kaggle,places_01953,place,Jan Burger,Riyadh,Riyadh
RYD_003702,riyadh_places_kaggle,places_02446,place,Jan Burger,Riyadh,Riyadh
RYD_003703,riyadh_places_kaggle,places_02512,place,Jan Burger,Riyadh,Riyadh
RYD_003704,riyadh_places_kaggle,places_05511,place,Jan Burger,Riyadh,Riyadh
RYD_003705,riyadh_places_kaggle,places_07287,place,Jan Burger,Riyadh,Riyadh
RYD_003706,riyadh_places_kaggle,places_07942,place,Jan Burger,Riyadh,Riyadh
RYD_003707,riyadh_places_kaggle,places_08662,place,Jan Burger,Riyadh,Riyadh
RYD_003708,riyadh_places_kaggle,places_06081,place,Jana kebab,Riyadh,Riyadh
RYD_003709,riyadh_places_kaggle,places_03645,place,Jar,Riyadh,Riyadh
RYD_003710,riyadh_places_kaggle,places_08286,place,Jarayd,Riyadh,Riyadh
RYD_003711,riyadh_places_kaggle,places_00014,place,Jareer Sweet,Riyadh,Riyadh
RYD_003712,riyadh_places_kaggle,places_05290,place,Jareer Sweet,Riyadh,Riyadh
RYD_003713,riyadh_places_kaggle,places_06430,place,Jareer Sweet,Riyadh,Riyadh
RYD_003714,riyadh_places_kaggle,places_07138,place,Jareer Sweet,Riyadh,Riyadh
RYD_003715,riyadh_places_kaggle,places_07937,place,Jareer Sweet,Riyadh,Riyadh
RYD_003716,riyadh_places_kaggle,places_08668,place,Jareer Sweet,Riyadh,Riyadh
RYD_003717,riyadh_places_kaggle,places_00821,place,Jarful,Riyadh,Riyadh
RYD_003718,riyadh_places_kaggle,places_01726,place,Jarful,Riyadh,Riyadh
RYD_003719,riyadh_places_kaggle,places_02864,place,Jarful,Riyadh,Riyadh
RYD_003720,riyadh_places_kaggle,places_00016,place,Jasmine restaurant,Riyadh,Riyadh
RYD_003721,riyadh_places_kaggle,places_03316,place,Jasmine season,Riyadh,Riyadh
RYD_003722,riyadh_places_kaggle,places_01924,place,Java Cafe,Riyadh,Riyadh
RYD_003723,riyadh_places_kaggle,places_02372,place,Java Cafe,Riyadh,Riyadh
RYD_003724,riyadh_places_kaggle,places_02565,place,Java Cafe,Riyadh,Riyadh
RYD_003725,riyadh_places_kaggle,places_03065,place,Java Cafe,Riyadh,Riyadh
RYD_003726,riyadh_places_kaggle,places_05531,place,Java Cafe,Riyadh,Riyadh
RYD_003727,riyadh_places_kaggle,places_07485,place,Java Cafe,Riyadh,Riyadh
RYD_003728,riyadh_places_kaggle,places_08203,place,Java Cafe,Riyadh,Riyadh
RYD_003729,riyadh_places_kaggle,places_08679,place,Java Cafe,Riyadh,Riyadh
RYD_003730,riyadh_places_kaggle,places_03085,place,Java Guys,Riyadh,Riyadh
RYD_003731,riyadh_places_kaggle,places_00497,place,Java Time,Riyadh,Riyadh
RYD_003732,riyadh_places_kaggle,places_01177,place,Java Time,Riyadh,Riyadh
RYD_003733,riyadh_places_kaggle,places_01425,place,Java Time,Riyadh,Riyadh
RYD_003734,riyadh_places_kaggle,places_01965,place,Java Time,Riyadh,Riyadh
RYD_003735,riyadh_places_kaggle,places_02336,place,Java Time,Riyadh,Riyadh
RYD_003736,riyadh_places_kaggle,places_02492,place,Java Time,Riyadh,Riyadh
RYD_003737,riyadh_places_kaggle,places_02937,place,Java Time,Riyadh,Riyadh
RYD_003738,riyadh_places_kaggle,places_05386,place,Java Time,Riyadh,Riyadh
RYD_003739,riyadh_places_kaggle,places_06436,place,Java Time,Riyadh,Riyadh
RYD_003740,riyadh_places_kaggle,places_07432,place,Java Time,Riyadh,Riyadh
RYD_003741,riyadh_places_kaggle,places_08223,place,Java Time,Riyadh,Riyadh
RYD_003742,riyadh_places_kaggle,places_08063,place,Jawa Spicy,Riyadh,Riyadh
RYD_003743,booking_kaggle,hotels_00999,hotel,Jawhra Ghurnata Apartment,Riyadh,Riyadh
RYD_003744,riyadh_places_kaggle,places_04730,place,Jawico,Riyadh,Riyadh
RYD_003745,riyadh_places_kaggle,places_03683,place,Jazeel,Riyadh,Riyadh
RYD_003746,riyadh_places_kaggle,places_06780,place,Jazeel,Riyadh,Riyadh
RYD_003747,riyadh_places_kaggle,places_07211,place,Jazeel,Riyadh,Riyadh
RYD_003748,riyadh_places_kaggle,places_08585,place,Jazeel,Riyadh,Riyadh
RYD_003749,riyadh_places_kaggle,places_02885,place,Jazi’s Juice Bar,Riyadh,Riyadh
RYD_003750,riyadh_places_kaggle,places_02892,place,Jazy,Riyadh,Riyadh
RYD_003751,riyadh_places_kaggle,places_08308,place,Jeddah Mix Shawarma,Riyadh,Riyadh
RYD_003752,riyadh_places_kaggle,places_02088,place,Jeddo Shaker Restaurants,Riyadh,Riyadh
RYD_003753,riyadh_places_kaggle,places_06484,place,Jeddo Shaker Restaurants,Riyadh,Riyadh
RYD_003754,riyadh_places_kaggle,places_08446,place,Jenan juices,Riyadh,Riyadh
RYD_003755,riyadh_places_kaggle,places_03116,place,Jewel,Riyadh,Riyadh
RYD_003756,riyadh_places_kaggle,places_05057,place,Jiang Nan Ge,Riyadh,Riyadh
RYD_003757,riyadh_places_kaggle,places_01029,place,Jiliya,Riyadh,Riyadh
RYD_003758,riyadh_places_kaggle,places_05395,place,Jo Burger,Riyadh,Riyadh
RYD_003759,riyadh_places_kaggle,places_08539,place,Jody flowers,Riyadh,Riyadh
RYD_003760,riyadh_places_kaggle,places_05000,place,Joffreys,Riyadh,Riyadh
RYD_003761,riyadh_places_kaggle,places_06520,place,Joffreys,Riyadh,Riyadh
RYD_003762,riyadh_places_kaggle,places_03651,place,Johnny Jap,Riyadh,Riyadh
RYD_003763,riyadh_places_kaggle,places_00784,place,Johnny Rockets,Riyadh,Riyadh
RYD_003764,riyadh_places_kaggle,places_04171,place,Joi Gifts,Riyadh,Riyadh
RYD_003765,riyadh_places_kaggle,places_00872,place,Joker,Riyadh,Riyadh
RYD_003766,riyadh_places_kaggle,places_00005,place,Jollibee,Riyadh,Riyadh
RYD_003767,riyadh_places_kaggle,places_00194,place,Jollibee,Riyadh,Riyadh
RYD_003768,riyadh_places_kaggle,places_01872,place,Jollibee,Riyadh,Riyadh
RYD_003769,riyadh_places_kaggle,places_06859,place,Jollibee,Riyadh,Riyadh
RYD_003770,riyadh_places_kaggle,places_01485,place,Jolly Burger,Riyadh,Riyadh
RYD_003771,riyadh_places_kaggle,places_03319,place,Jolly Burger,Riyadh,Riyadh
RYD_003772,riyadh_places_kaggle,places_00915,place,Jolt,Riyadh,Riyadh
RYD_003773,riyadh_places_kaggle,places_04677,place,Jolt,Riyadh,Riyadh
RYD_003774,riyadh_places_kaggle,places_04118,place,Jones the Grocer,Riyadh,Riyadh
RYD_003775,booking_kaggle,hotels_00995,hotel,Jood Hotel Apartments,Riyadh,Riyadh
RYD_003776,riyadh_places_kaggle,places_00388,place,Joodeskan,Riyadh,Riyadh
RYD_003777,riyadh_places_kaggle,places_06273,place,Joy Box,Riyadh,Riyadh
RYD_003778,riyadh_places_kaggle,places_03452,place,Joy Pizza,Riyadh,Riyadh
RYD_003779,riyadh_places_kaggle,places_04295,place,Joy cafe,Riyadh,Riyadh
RYD_003780,riyadh_places_kaggle,places_02715,place,Joyal,Riyadh,Riyadh
RYD_003781,riyadh_places_kaggle,places_05424,place,Joyal,Riyadh,Riyadh
RYD_003782,riyadh_places_kaggle,places_06939,place,Joyal,Riyadh,Riyadh
RYD_003783,riyadh_places_kaggle,places_08763,place,Joyal,Riyadh,Riyadh
RYD_003784,riyadh_places_kaggle,places_05526,place,Juhaina,Riyadh,Riyadh
RYD_003785,riyadh_places_kaggle,places_08372,place,Juhaina,Riyadh,Riyadh
RYD_003786,riyadh_places_kaggle,places_05010,place,Juice Ambassador,Riyadh,Riyadh
RYD_003787,riyadh_places_kaggle,places_02287,place,Juice And Snack,Riyadh,Riyadh
RYD_003788,riyadh_places_kaggle,places_04904,place,Juice And Snack,Riyadh,Riyadh
RYD_003789,riyadh_places_kaggle,places_02280,place,Juice Day,Riyadh,Riyadh
RYD_003790,riyadh_places_kaggle,places_05978,place,Juice Day,Riyadh,Riyadh
RYD_003790,riyadh_places_kaggle,places_05979,place,Day juice,Riyadh,Riyadh
RYD_003791,riyadh_places_kaggle,places_08030,place,Juice Eye,Riyadh,Riyadh
RYD_003792,riyadh_places_kaggle,places_00380,place,Juice Generation,Riyadh,Riyadh
RYD_003793,riyadh_places_kaggle,places_03904,place,Juice Generation,Riyadh,Riyadh
RYD_003794,riyadh_places_kaggle,places_05822,place,Juice Generation,Riyadh,Riyadh
RYD_003795,riyadh_places_kaggle,places_01120,place,Juice House,Riyadh,Riyadh
RYD_003796,riyadh_places_kaggle,places_01777,place,Juice House,Riyadh,Riyadh
RYD_003797,riyadh_places_kaggle,places_01950,place,Juice House,Riyadh,Riyadh
RYD_003798,riyadh_places_kaggle,places_02311,place,Juice House,Riyadh,Riyadh
RYD_003799,riyadh_places_kaggle,places_03352,place,Juice House,Riyadh,Riyadh
RYD_003800,riyadh_places_kaggle,places_06633,place,Juice Moment,Riyadh,Riyadh
RYD_003801,riyadh_places_kaggle,places_05203,place,Juice Point,Riyadh,Riyadh
RYD_003802,riyadh_places_kaggle,places_00816,place,Juice Press,Riyadh,Riyadh
RYD_003803,riyadh_places_kaggle,places_00037,place,Juice Time,Riyadh,Riyadh
RYD_003804,riyadh_places_kaggle,places_01356,place,Juice Time,Riyadh,Riyadh
RYD_003805,riyadh_places_kaggle,places_03434,place,Juice Time,Riyadh,Riyadh
RYD_003806,riyadh_places_kaggle,places_05349,place,Juice Time,Riyadh,Riyadh
RYD_003807,riyadh_places_kaggle,places_06411,place,Juice Time,Riyadh,Riyadh
RYD_003808,riyadh_places_kaggle,places_07449,place,Juice Time,Riyadh,Riyadh
RYD_003809,riyadh_places_kaggle,places_07948,place,Juice Time,Riyadh,Riyadh
RYD_003810,riyadh_places_kaggle,places_06242,place,Juice Town,Riyadh,Riyadh
RYD_003811,riyadh_places_kaggle,places_07959,place,Juice Town,Riyadh,Riyadh
RYD_003812,riyadh_places_kaggle,places_08660,place,Juice Town,Riyadh,Riyadh
RYD_003813,riyadh_places_kaggle,places_04203,place,Juice Window,Riyadh,Riyadh
RYD_003814,riyadh_places_kaggle,places_01602,place,Juice and More,Riyadh,Riyadh
RYD_003815,riyadh_places_kaggle,places_06705,place,Juice it,Riyadh,Riyadh
RYD_003816,riyadh_places_kaggle,places_05887,place,Juicery Street,Riyadh,Riyadh
RYD_003817,riyadh_places_kaggle,places_02352,place,Juices &amp; Sweets Alaan,Riyadh,Riyadh
RYD_003818,riyadh_places_kaggle,places_06480,place,Juices Abu Shaker,Riyadh,Riyadh
RYD_003819,riyadh_places_kaggle,places_07688,place,Juices and pizza Mazaya Al Danah,Riyadh,Riyadh
RYD_003820,riyadh_places_kaggle,places_06084,place,Juicy Juicy,Riyadh,Riyadh
RYD_003821,riyadh_places_kaggle,places_01161,place,Juicy Lucy Shawarma,Riyadh,Riyadh
RYD_003822,riyadh_places_kaggle,places_06969,place,Juliian Chocolate,Riyadh,Riyadh
RYD_003823,riyadh_places_kaggle,places_00444,place,Jumberico,Riyadh,Riyadh
RYD_003824,riyadh_places_kaggle,places_01320,place,Jumeat alkol,Riyadh,Riyadh
RYD_003825,riyadh_places_kaggle,places_03207,place,Jungle Juice,Riyadh,Riyadh
RYD_003826,riyadh_places_kaggle,places_04942,place,Just 4 you,Riyadh,Riyadh
RYD_003827,riyadh_places_kaggle,places_01701,place,Just Buns,Riyadh,Riyadh
RYD_003828,riyadh_places_kaggle,places_05652,place,Just Buns,Riyadh,Riyadh
RYD_003829,riyadh_places_kaggle,places_07243,place,Just Buns,Riyadh,Riyadh
RYD_003830,riyadh_places_kaggle,places_01338,place,Just Juice,Riyadh,Riyadh
RYD_003831,riyadh_places_kaggle,places_05157,place,Just Victoria,Riyadh,Riyadh
RYD_003832,riyadh_places_kaggle,places_03475,place,Just Wing IT,Riyadh,Riyadh
RYD_003833,riyadh_places_kaggle,places_03787,place,Just crispy,Riyadh,Riyadh
RYD_003834,riyadh_places_kaggle,places_00844,place,Juwaan,Riyadh,Riyadh
RYD_003835,riyadh_places_kaggle,places_07060,place,Juzur Al Arak,Riyadh,Riyadh
RYD_003836,riyadh_places_kaggle,places_03924,place,Jwhara Alfares,Riyadh,Riyadh
RYD_003837,riyadh_places_kaggle,places_04525,place,KABAB EHSAN,Riyadh,Riyadh
RYD_003838,riyadh_places_kaggle,places_07602,place,KABAB EHSAN,Riyadh,Riyadh
RYD_003839,riyadh_places_kaggle,places_04176,place,KABAB VOLCANO,Riyadh,Riyadh
RYD_003840,riyadh_places_kaggle,places_08352,place,KAIL COFFEE,Riyadh,Riyadh
RYD_003841,riyadh_places_kaggle,places_06955,place,KAMMUN AL BUKHARI RESTAURANT,Riyadh,Riyadh
RYD_003842,riyadh_places_kaggle,places_05120,place,KANAF,Riyadh,Riyadh
RYD_003843,riyadh_places_kaggle,places_06266,place,KANDAH,Riyadh,Riyadh
RYD_003844,riyadh_places_kaggle,places_04081,place,KARMELLO,Riyadh,Riyadh
RYD_003845,riyadh_places_kaggle,places_01532,place,KARTON MASHWI,Riyadh,Riyadh
RYD_003846,riyadh_places_kaggle,places_03264,place,KARTON MASHWI,Riyadh,Riyadh
RYD_003847,riyadh_places_kaggle,places_05602,place,KARTON MASHWI,Riyadh,Riyadh
RYD_003848,riyadh_places_kaggle,places_02626,place,KASHTH,Riyadh,Riyadh
RYD_003849,riyadh_places_kaggle,places_03318,place,KATSU SANDO,Riyadh,Riyadh
RYD_003850,riyadh_places_kaggle,places_06515,place,KATSU SANDO,Riyadh,Riyadh
RYD_003851,riyadh_places_kaggle,places_00287,place,KAWAKEET,Riyadh,Riyadh
RYD_003852,riyadh_places_kaggle,places_03524,place,KAWAKEET,Riyadh,Riyadh
RYD_003853,riyadh_places_kaggle,places_07323,place,KAWAKEET,Riyadh,Riyadh
RYD_003854,riyadh_places_kaggle,places_00706,place,KEEP FIT‏,Riyadh,Riyadh
RYD_003855,riyadh_places_kaggle,places_03696,place,KEEP FIT‏,Riyadh,Riyadh
RYD_003856,riyadh_places_kaggle,places_06292,place,KENAN,Riyadh,Riyadh
RYD_003857,riyadh_places_kaggle,places_03075,place,KERMEZ,Riyadh,Riyadh
RYD_003858,riyadh_places_kaggle,places_06009,place,KESHA,Riyadh,Riyadh
RYD_003859,riyadh_places_kaggle,places_08221,place,KF coffee,Riyadh,Riyadh
RYD_003860,riyadh_places_kaggle,places_00172,place,KFC,Riyadh,Riyadh
RYD_003861,riyadh_places_kaggle,places_00196,place,KFC,Riyadh,Riyadh
RYD_003862,riyadh_places_kaggle,places_00338,place,KFC,Riyadh,Riyadh
RYD_003863,riyadh_places_kaggle,places_00396,place,KFC,Riyadh,Riyadh
RYD_003864,riyadh_places_kaggle,places_00461,place,KFC,Riyadh,Riyadh
RYD_003865,riyadh_places_kaggle,places_00479,place,KFC,Riyadh,Riyadh
RYD_003866,riyadh_places_kaggle,places_00657,place,KFC,Riyadh,Riyadh
RYD_003867,riyadh_places_kaggle,places_01002,place,KFC,Riyadh,Riyadh
RYD_003868,riyadh_places_kaggle,places_01341,place,KFC,Riyadh,Riyadh
RYD_003869,riyadh_places_kaggle,places_01852,place,KFC,Riyadh,Riyadh
RYD_003870,riyadh_places_kaggle,places_02116,place,KFC,Riyadh,Riyadh
RYD_003871,riyadh_places_kaggle,places_02302,place,KFC,Riyadh,Riyadh
RYD_003872,riyadh_places_kaggle,places_02465,place,KFC,Riyadh,Riyadh
RYD_003873,riyadh_places_kaggle,places_02798,place,KFC,Riyadh,Riyadh
RYD_003874,riyadh_places_kaggle,places_05308,place,KFC,Riyadh,Riyadh
RYD_003875,riyadh_places_kaggle,places_06425,place,KFC,Riyadh,Riyadh
RYD_003876,riyadh_places_kaggle,places_06749,place,KFC,Riyadh,Riyadh
RYD_003877,riyadh_places_kaggle,places_07161,place,KFC,Riyadh,Riyadh
RYD_003878,riyadh_places_kaggle,places_07790,place,KFC,Riyadh,Riyadh
RYD_003879,riyadh_places_kaggle,places_07998,place,KFC,Riyadh,Riyadh
RYD_003880,riyadh_places_kaggle,places_08663,place,KFC,Riyadh,Riyadh
RYD_003881,riyadh_places_kaggle,places_01525,place,KIMONO,Riyadh,Riyadh
RYD_003882,riyadh_places_kaggle,places_06231,place,KING MEALS,Riyadh,Riyadh
RYD_003883,riyadh_places_kaggle,places_04810,place,KLOO sandwichs,Riyadh,Riyadh
RYD_003884,riyadh_places_kaggle,places_08734,place,KLOO sandwichs,Riyadh,Riyadh
RYD_003885,riyadh_places_kaggle,places_04504,place,KOCHI TIKKA,Riyadh,Riyadh
RYD_003886,riyadh_places_kaggle,places_03329,place,KOMI Broasted,Riyadh,Riyadh
RYD_003887,riyadh_places_kaggle,places_04220,place,KONAFA AND LUQAIMAT,Riyadh,Riyadh
RYD_003888,riyadh_places_kaggle,places_00979,place,KRNSH,Riyadh,Riyadh
RYD_003889,riyadh_places_kaggle,places_02917,place,KRNSH,Riyadh,Riyadh
RYD_003890,riyadh_places_kaggle,places_04270,place,KSTR,Riyadh,Riyadh
RYD_003891,riyadh_places_kaggle,places_05823,place,KSTR,Riyadh,Riyadh
RYD_003892,riyadh_places_kaggle,places_06354,place,KSTR,Riyadh,Riyadh
RYD_003893,riyadh_places_kaggle,places_07520,place,KSTR,Riyadh,Riyadh
RYD_003894,riyadh_places_kaggle,places_08024,place,KSTR,Riyadh,Riyadh
RYD_003895,riyadh_places_kaggle,places_04689,place,KUNAFA KAIF,Riyadh,Riyadh
RYD_003896,riyadh_places_kaggle,places_02265,place,KYAN,Riyadh,Riyadh
RYD_003897,riyadh_places_kaggle,places_02374,place,KYAN,Riyadh,Riyadh
RYD_003898,riyadh_places_kaggle,places_03118,place,KYAN,Riyadh,Riyadh
RYD_003899,riyadh_places_kaggle,places_04119,place,KYAN,Riyadh,Riyadh
RYD_003900,riyadh_places_kaggle,places_04691,place,KYAN,Riyadh,Riyadh
RYD_003901,riyadh_places_kaggle,places_05737,place,KYAN,Riyadh,Riyadh
RYD_003902,riyadh_places_kaggle,places_05835,place,KYAN,Riyadh,Riyadh
RYD_003903,riyadh_places_kaggle,places_05842,place,KYAN,Riyadh,Riyadh
RYD_003904,riyadh_places_kaggle,places_06201,place,KYAN,Riyadh,Riyadh
RYD_003905,riyadh_places_kaggle,places_06220,place,KYAN,Riyadh,Riyadh
RYD_003906,riyadh_places_kaggle,places_06561,place,KYAN,Riyadh,Riyadh
RYD_003907,riyadh_places_kaggle,places_06600,place,KYAN,Riyadh,Riyadh
RYD_003908,riyadh_places_kaggle,places_07692,place,KYAN,Riyadh,Riyadh
RYD_003909,riyadh_places_kaggle,places_07799,place,KYAN,Riyadh,Riyadh
RYD_003910,riyadh_places_kaggle,places_07815,place,KYAN,Riyadh,Riyadh
RYD_003911,riyadh_places_kaggle,places_08081,place,KYAN,Riyadh,Riyadh
RYD_003912,riyadh_places_kaggle,places_08157,place,KYAN,Riyadh,Riyadh
RYD_003913,riyadh_places_kaggle,places_01659,place,Kaak w Joben,Riyadh,Riyadh
RYD_003914,riyadh_places_kaggle,places_02640,place,Kaak w Joben,Riyadh,Riyadh
RYD_003915,riyadh_places_kaggle,places_06833,place,Kaak w Joben,Riyadh,Riyadh
RYD_003916,riyadh_places_kaggle,places_07981,place,Kaak w Joben,Riyadh,Riyadh
RYD_003917,riyadh_places_kaggle,places_00046,place,Kaaket Falafel,Riyadh,Riyadh
RYD_003918,riyadh_places_kaggle,places_06405,place,Kaaket Falafel,Riyadh,Riyadh
RYD_003919,riyadh_places_kaggle,places_06796,place,Kaaket Falafel,Riyadh,Riyadh
RYD_003920,riyadh_places_kaggle,places_07159,place,Kaaket Falafel,Riyadh,Riyadh
RYD_003921,riyadh_places_kaggle,places_01139,place,Kabab Abo Al- Ezz,Riyadh,Riyadh
RYD_003922,riyadh_places_kaggle,places_04198,place,Kabab Abo Al- Ezz,Riyadh,Riyadh
RYD_003923,riyadh_places_kaggle,places_05016,place,Kabab Erbil Lraqi Barbecue,Riyadh,Riyadh
RYD_003924,riyadh_places_kaggle,places_03371,place,Kabab Laban,Riyadh,Riyadh
RYD_003925,riyadh_places_kaggle,places_02472,place,Kababji Palace for Grills,Riyadh,Riyadh
RYD_003926,riyadh_places_kaggle,places_05263,place,Kabayan,Riyadh,Riyadh
RYD_003927,riyadh_places_kaggle,places_00778,place,Kabbasa,Riyadh,Riyadh
RYD_003928,riyadh_places_kaggle,places_00994,place,Kabbasa,Riyadh,Riyadh
RYD_003929,riyadh_places_kaggle,places_01757,place,Kabdoon,Riyadh,Riyadh
RYD_003930,riyadh_places_kaggle,places_03747,place,Kabdoon,Riyadh,Riyadh
RYD_003931,riyadh_places_kaggle,places_07164,place,Kabdoon,Riyadh,Riyadh
RYD_003932,riyadh_places_kaggle,places_00156,place,Kabida Wa Fulfil,Riyadh,Riyadh
RYD_003933,riyadh_places_kaggle,places_00349,place,Kabida Wa Fulfil,Riyadh,Riyadh
RYD_003934,riyadh_places_kaggle,places_08037,place,Kabida Wa Fulfil,Riyadh,Riyadh
RYD_003935,riyadh_places_kaggle,places_08642,place,Kabida Wa Fulfil,Riyadh,Riyadh
RYD_003936,riyadh_places_kaggle,places_05805,place,Kabli,Riyadh,Riyadh
RYD_003937,riyadh_places_kaggle,places_05641,place,Kabsa,Riyadh,Riyadh
RYD_003938,riyadh_places_kaggle,places_05488,place,Kabsa Gharib,Riyadh,Riyadh
RYD_003939,riyadh_places_kaggle,places_06849,place,Kabsa Gharib,Riyadh,Riyadh
RYD_003940,riyadh_places_kaggle,places_07204,place,Kabsa Gharib,Riyadh,Riyadh
RYD_003941,riyadh_places_kaggle,places_08545,place,Kabsa Gharib,Riyadh,Riyadh
RYD_003942,riyadh_places_kaggle,places_06661,place,Kabsa Hamam,Riyadh,Riyadh
RYD_003943,riyadh_places_kaggle,places_06845,place,Kabsa Plus,Riyadh,Riyadh
RYD_003943,riyadh_places_kaggle,places_06846,place,Madghut Kabsa,Riyadh,Riyadh
RYD_003943,riyadh_places_kaggle,places_06847,place,Madghut Kishtuh,Riyadh,Riyadh
RYD_003944,riyadh_places_kaggle,places_00115,place,Kabsrya,Riyadh,Riyadh
RYD_003945,riyadh_places_kaggle,places_04033,place,Kabsrya,Riyadh,Riyadh
RYD_003946,riyadh_places_kaggle,places_04448,place,Kabst Qadr,Riyadh,Riyadh
RYD_003947,riyadh_places_kaggle,places_05647,place,Kabst Qadr,Riyadh,Riyadh
RYD_003948,riyadh_places_kaggle,places_01837,place,Kactus,Riyadh,Riyadh
RYD_003949,riyadh_places_kaggle,places_01418,place,Kadi Rose,Riyadh,Riyadh
RYD_003950,riyadh_places_kaggle,places_01748,place,Kaftoon,Riyadh,Riyadh
RYD_003951,riyadh_places_kaggle,places_03337,place,Kaftoon,Riyadh,Riyadh
RYD_003951,riyadh_places_kaggle,places_03345,place,Fogon,Riyadh,Riyadh
RYD_003952,riyadh_places_kaggle,places_03199,place,Kaifan Juice,Riyadh,Riyadh
RYD_003953,riyadh_places_kaggle,places_04943,place,Kalih Time,Riyadh,Riyadh
RYD_003954,riyadh_places_kaggle,places_07072,place,Kalih Time,Riyadh,Riyadh
RYD_003955,riyadh_places_kaggle,places_02016,place,Kampai,Riyadh,Riyadh
RYD_003956,riyadh_places_kaggle,places_01384,place,KanOOn AlQaria,Riyadh,Riyadh
RYD_003957,riyadh_places_kaggle,places_04355,place,Kanabasha,Riyadh,Riyadh
RYD_003958,riyadh_places_kaggle,places_08384,place,Kanafa Day,Riyadh,Riyadh
RYD_003959,riyadh_places_kaggle,places_06083,place,Kanafa Nutella,Riyadh,Riyadh
RYD_003960,riyadh_places_kaggle,places_02061,place,Kanafangi,Riyadh,Riyadh
RYD_003960,riyadh_places_kaggle,places_02063,place,Al Kanafany Sweet,Riyadh,Riyadh
RYD_003961,riyadh_places_kaggle,places_03369,place,Kanafat Aldhawaqa,Riyadh,Riyadh
RYD_003962,riyadh_places_kaggle,places_07716,place,Kanafat Aldhawaqa,Riyadh,Riyadh
RYD_003963,riyadh_places_kaggle,places_01570,place,Kanafeh Abu Al Hous,Riyadh,Riyadh
RYD_003964,riyadh_places_kaggle,places_01927,place,Kanafeh Abu Al Hous,Riyadh,Riyadh
RYD_003965,riyadh_places_kaggle,places_02437,place,Kanafeh Abu Al Hous,Riyadh,Riyadh
RYD_003966,riyadh_places_kaggle,places_02666,place,Kanafeh Abu Al Hous,Riyadh,Riyadh
RYD_003967,riyadh_places_kaggle,places_06801,place,Kanafeh Abu Al Hous,Riyadh,Riyadh
RYD_003968,riyadh_places_kaggle,places_07918,place,Kanafeh Abu Al Hous,Riyadh,Riyadh
RYD_003969,riyadh_places_kaggle,places_03668,place,Kanakah,Riyadh,Riyadh
RYD_003970,riyadh_places_kaggle,places_02495,place,Kani,Riyadh,Riyadh
RYD_003971,riyadh_places_kaggle,places_00664,place,Kannur,Riyadh,Riyadh
RYD_003972,riyadh_places_kaggle,places_01585,place,Kannur,Riyadh,Riyadh
RYD_003973,riyadh_places_kaggle,places_00492,place,Kantaka,Riyadh,Riyadh
RYD_003974,riyadh_places_kaggle,places_01531,place,Kantaka,Riyadh,Riyadh
RYD_003975,riyadh_places_kaggle,places_02157,place,Kantaka,Riyadh,Riyadh
RYD_003976,riyadh_places_kaggle,places_03262,place,Kantaka,Riyadh,Riyadh
RYD_003977,riyadh_places_kaggle,places_05604,place,Kantaka,Riyadh,Riyadh
RYD_003978,riyadh_places_kaggle,places_00152,place,Karachi Biryani,Riyadh,Riyadh
RYD_003979,riyadh_places_kaggle,places_00103,place,Karak Address,Riyadh,Riyadh
RYD_003980,riyadh_places_kaggle,places_04684,place,Karak Al bahrain,Riyadh,Riyadh
RYD_003981,riyadh_places_kaggle,places_04613,place,Karak Al-Tariq,Riyadh,Riyadh
RYD_003982,riyadh_places_kaggle,places_04344,place,Karak Chapatti the way,Riyadh,Riyadh
RYD_003983,riyadh_places_kaggle,places_06053,place,Karak Chapatti the way,Riyadh,Riyadh
RYD_003984,riyadh_places_kaggle,places_06593,place,Karak Chapatti the way,Riyadh,Riyadh
RYD_003985,riyadh_places_kaggle,places_06981,place,Karak Chapatti the way,Riyadh,Riyadh
RYD_003986,riyadh_places_kaggle,places_00977,place,Karak Gholam,Riyadh,Riyadh
RYD_003987,riyadh_places_kaggle,places_01521,place,Karak Gholam,Riyadh,Riyadh
RYD_003988,riyadh_places_kaggle,places_03283,place,Karak Gholam,Riyadh,Riyadh
RYD_003989,riyadh_places_kaggle,places_07044,place,Karak Jadi,Riyadh,Riyadh
RYD_003990,riyadh_places_kaggle,places_03871,place,Karak T,Riyadh,Riyadh
RYD_003991,riyadh_places_kaggle,places_08124,place,Karak T,Riyadh,Riyadh
RYD_003992,riyadh_places_kaggle,places_05282,place,Karam,Riyadh,Riyadh
RYD_003993,riyadh_places_kaggle,places_02018,place,Karam Cafe,Riyadh,Riyadh
RYD_003994,riyadh_places_kaggle,places_01050,place,Karam Express,Riyadh,Riyadh
RYD_003994,riyadh_places_kaggle,places_01051,place,Karam Cafe,Riyadh,Riyadh
RYD_003994,riyadh_places_kaggle,places_01062,place,Karam Express,Riyadh,Riyadh
RYD_003995,riyadh_places_kaggle,places_02017,place,Karam Express,Riyadh,Riyadh
RYD_003996,riyadh_places_kaggle,places_02021,place,Karam Express,Riyadh,Riyadh
RYD_003997,riyadh_places_kaggle,places_00073,place,Karam Hommus Restaruant,Riyadh,Riyadh
RYD_003998,riyadh_places_kaggle,places_08599,place,Karam pizza and pie,Riyadh,Riyadh
RYD_003999,riyadh_places_kaggle,places_02777,place,Karaz Beirut,Riyadh,Riyadh
RYD_004000,riyadh_places_kaggle,places_08105,place,Karaz Juices,Riyadh,Riyadh
RYD_004001,riyadh_places_kaggle,places_04783,place,Kark Aljamr,Riyadh,Riyadh
RYD_004002,riyadh_places_kaggle,places_02735,place,Karmat,Riyadh,Riyadh
RYD_004003,riyadh_places_kaggle,places_05644,place,Karmat,Riyadh,Riyadh
RYD_004004,riyadh_places_kaggle,places_01087,place,Kastrd,Riyadh,Riyadh
RYD_004005,riyadh_places_kaggle,places_06252,place,Katakeet,Riyadh,Riyadh
RYD_004006,riyadh_places_kaggle,places_04175,place,Katashi Sushi Burrito,Riyadh,Riyadh
RYD_004007,riyadh_places_kaggle,places_00286,place,Kate,Riyadh,Riyadh
RYD_004008,riyadh_places_kaggle,places_02676,place,Kate,Riyadh,Riyadh
RYD_004009,riyadh_places_kaggle,places_05440,place,Kate,Riyadh,Riyadh
RYD_004010,riyadh_places_kaggle,places_07646,place,Kate,Riyadh,Riyadh
RYD_004011,riyadh_places_kaggle,places_07013,place,Katm,Riyadh,Riyadh
RYD_004012,riyadh_places_kaggle,places_02031,place,Katsu! Katsu!,Riyadh,Riyadh
RYD_004013,riyadh_places_kaggle,places_03906,place,Katsu! Katsu!,Riyadh,Riyadh
RYD_004014,riyadh_places_kaggle,places_03302,place,Kawakeet Sweets,Riyadh,Riyadh
RYD_004015,riyadh_places_kaggle,places_08149,place,Kawatim Aljazira bukhari restaurants,Riyadh,Riyadh
RYD_004016,riyadh_places_kaggle,places_01211,place,Kayk,Riyadh,Riyadh
RYD_004017,riyadh_places_kaggle,places_03279,place,Kayk,Riyadh,Riyadh
RYD_004018,riyadh_places_kaggle,places_07430,place,Kayk,Riyadh,Riyadh
RYD_004019,riyadh_places_kaggle,places_04793,place,Kayne dough pizza,Riyadh,Riyadh
RYD_004020,riyadh_places_kaggle,places_00914,place,Kayu Bakehouse,Riyadh,Riyadh
RYD_004021,riyadh_places_kaggle,places_01805,place,Kbedah,Riyadh,Riyadh
RYD_004022,riyadh_places_kaggle,places_01577,place,Kbs,Riyadh,Riyadh
RYD_004023,riyadh_places_kaggle,places_06315,place,Kebabji and Shawarma Trabzon,Riyadh,Riyadh
RYD_004024,riyadh_places_kaggle,places_04408,place,Kebba Zone,Riyadh,Riyadh
RYD_004025,riyadh_places_kaggle,places_05848,place,Kebba Zone,Riyadh,Riyadh
RYD_004026,riyadh_places_kaggle,places_06959,place,Kebba Zone,Riyadh,Riyadh
RYD_004027,riyadh_places_kaggle,places_03145,place,Kebbat,Riyadh,Riyadh
RYD_004028,riyadh_places_kaggle,places_01627,place,Kebbeh and fattoush,Riyadh,Riyadh
RYD_004029,riyadh_places_kaggle,places_03666,place,Kebbeh and fattoush,Riyadh,Riyadh
RYD_004030,riyadh_places_kaggle,places_05780,place,Kebbeh and fattoush,Riyadh,Riyadh
RYD_004031,riyadh_places_kaggle,places_06976,place,Kebdah &amp; Homos,Riyadh,Riyadh
RYD_004032,riyadh_places_kaggle,places_08255,place,Kef house oven,Riyadh,Riyadh
RYD_004033,riyadh_places_kaggle,places_03721,place,Keif Al Shiuokh,Riyadh,Riyadh
RYD_004034,riyadh_places_kaggle,places_05504,place,Keif Al Shiuokh,Riyadh,Riyadh
RYD_004035,riyadh_places_kaggle,places_06447,place,Keif Al Shiuokh,Riyadh,Riyadh
RYD_004036,riyadh_places_kaggle,places_07129,place,Keif Al Shiuokh,Riyadh,Riyadh
RYD_004037,riyadh_places_kaggle,places_00181,place,Kenaz,Riyadh,Riyadh
RYD_004037,riyadh_places_kaggle,places_00232,place,Sharqeah,Riyadh,Riyadh
RYD_004037,riyadh_places_kaggle,places_00237,place,TREAT,Riyadh,Riyadh
RYD_004037,riyadh_places_kaggle,places_00240,place,La Merna,Riyadh,Riyadh
RYD_004037,riyadh_places_kaggle,places_00249,place,Arena,Riyadh,Riyadh
RYD_004037,riyadh_places_kaggle,places_00250,place,Taraat,Riyadh,Riyadh
RYD_004037,riyadh_places_kaggle,places_00270,place,LA SENS,Riyadh,Riyadh
RYD_004038,riyadh_places_kaggle,places_02692,place,Kenaz,Riyadh,Riyadh
RYD_004038,riyadh_places_kaggle,places_02702,place,La Merna,Riyadh,Riyadh
RYD_004038,riyadh_places_kaggle,places_02706,place,LA SENS,Riyadh,Riyadh
RYD_004038,riyadh_places_kaggle,places_02709,place,Lencos,Riyadh,Riyadh
RYD_004038,riyadh_places_kaggle,places_02713,place,Sharqeah,Riyadh,Riyadh
RYD_004038,riyadh_places_kaggle,places_02729,place,Ulin,Riyadh,Riyadh
RYD_004038,riyadh_places_kaggle,places_02730,place,Arena,Riyadh,Riyadh
RYD_004038,riyadh_places_kaggle,places_02733,place,Larina,Riyadh,Riyadh
RYD_004039,riyadh_places_kaggle,places_03361,place,Kenaz,Riyadh,Riyadh
RYD_004040,riyadh_places_kaggle,places_05452,place,Kenaz,Riyadh,Riyadh
RYD_004041,riyadh_places_kaggle,places_07703,place,Kenaz,Riyadh,Riyadh
RYD_004042,riyadh_places_kaggle,places_07927,place,Kesat Mento,Riyadh,Riyadh
RYD_004042,riyadh_places_kaggle,places_07928,place,Best Manto,Riyadh,Riyadh
RYD_004043,riyadh_places_kaggle,places_03752,place,Keto 9,Riyadh,Riyadh
RYD_004044,riyadh_places_kaggle,places_00610,place,Key Cafe,Riyadh,Riyadh
RYD_004045,riyadh_places_kaggle,places_00783,place,Key Cafe,Riyadh,Riyadh
RYD_004046,riyadh_places_kaggle,places_03186,place,Key Cafe,Riyadh,Riyadh
RYD_004047,riyadh_places_kaggle,places_06485,place,Key Cafe,Riyadh,Riyadh
RYD_004048,riyadh_places_kaggle,places_02707,place,Khadeer Tea,Riyadh,Riyadh
RYD_004049,riyadh_places_kaggle,places_05439,place,Khadeer Tea,Riyadh,Riyadh
RYD_004050,riyadh_places_kaggle,places_01849,place,Khafif,Riyadh,Riyadh
RYD_004051,riyadh_places_kaggle,places_02236,place,Khafif,Riyadh,Riyadh
RYD_004052,riyadh_places_kaggle,places_02295,place,Khafif,Riyadh,Riyadh
RYD_004053,riyadh_places_kaggle,places_02561,place,Khafif,Riyadh,Riyadh
RYD_004054,riyadh_places_kaggle,places_05322,place,Khafif,Riyadh,Riyadh
RYD_004055,riyadh_places_kaggle,places_06762,place,Khafif,Riyadh,Riyadh
RYD_004056,riyadh_places_kaggle,places_07224,place,Khafif,Riyadh,Riyadh
RYD_004057,riyadh_places_kaggle,places_08205,place,Khafif,Riyadh,Riyadh
RYD_004058,riyadh_places_kaggle,places_00653,place,Khairat Association for the Preservation of Grace,Riyadh,Riyadh
RYD_004059,riyadh_places_kaggle,places_03203,place,Khairo Shawarma,Riyadh,Riyadh
RYD_004060,riyadh_places_kaggle,places_05576,place,Khairo Shawarma,Riyadh,Riyadh
RYD_004061,riyadh_places_kaggle,places_07712,place,Khairo Shawarma,Riyadh,Riyadh
RYD_004062,riyadh_places_kaggle,places_08429,place,Khairo Shawarma,Riyadh,Riyadh
RYD_004063,riyadh_places_kaggle,places_08172,place,Khaled Griled Kebab Restaurants,Riyadh,Riyadh
RYD_004064,riyadh_places_kaggle,places_03744,place,Khalia Aziz - 3z Bakery,Riyadh,Riyadh
RYD_004065,riyadh_places_kaggle,places_01822,place,Khalia Muqamra,Riyadh,Riyadh
RYD_004066,riyadh_places_kaggle,places_03465,place,Khalia and More,Riyadh,Riyadh
RYD_004067,riyadh_places_kaggle,places_00920,place,Khaliah,Riyadh,Riyadh
RYD_004068,riyadh_places_kaggle,places_01737,place,Khaliah,Riyadh,Riyadh
RYD_004069,riyadh_places_kaggle,places_03167,place,Khaliah,Riyadh,Riyadh
RYD_004070,riyadh_places_kaggle,places_07172,place,Khaliah,Riyadh,Riyadh
RYD_004071,riyadh_places_kaggle,places_08542,place,Khaliah,Riyadh,Riyadh
RYD_004072,riyadh_places_kaggle,places_01859,place,Khaliah noura,Riyadh,Riyadh
RYD_004073,riyadh_places_kaggle,places_06123,place,Khaliat Rafif,Riyadh,Riyadh
RYD_004074,riyadh_places_kaggle,places_07742,place,Khaliyat Nada,Riyadh,Riyadh
RYD_004075,riyadh_places_kaggle,places_03714,place,Khaltat Alshayeb,Riyadh,Riyadh
RYD_004076,riyadh_places_kaggle,places_08609,place,Khalyat Myan,Riyadh,Riyadh
RYD_004077,riyadh_places_kaggle,places_04854,place,Khan Murjan,Riyadh,Riyadh
RYD_004078,riyadh_places_kaggle,places_01143,place,Khan almoneh,Riyadh,Riyadh
RYD_004079,riyadh_places_kaggle,places_00100,place,Khana Khazana,Riyadh,Riyadh
RYD_004080,riyadh_places_kaggle,places_01826,place,Khaout,Riyadh,Riyadh
RYD_004081,entertainment_kaggle,entertainment_00467,entertainment,Khararah Lake,Al Muzahimiyah,Riyadh
RYD_004082,riyadh_places_kaggle,places_06135,place,Kharouf Tarf,Riyadh,Riyadh
RYD_004083,riyadh_places_kaggle,places_05827,place,Khattab Sweets,Riyadh,Riyadh
RYD_004084,riyadh_places_kaggle,places_03229,place,Khayal,Riyadh,Riyadh
RYD_004085,riyadh_places_kaggle,places_05951,place,Khayrat Altabiea,Riyadh,Riyadh
RYD_004086,riyadh_places_kaggle,places_07992,place,Khayrat Kayan Pizza,Riyadh,Riyadh
RYD_004087,riyadh_places_kaggle,places_04042,place,Khbeeza,Riyadh,Riyadh
RYD_004088,riyadh_places_kaggle,places_04405,place,Khobz Rqaq,Riyadh,Riyadh
RYD_004089,riyadh_places_kaggle,places_08072,place,Khor Aden buffet,Riyadh,Riyadh
RYD_004090,riyadh_places_kaggle,places_02922,place,Khosh Shay,Riyadh,Riyadh
RYD_004091,riyadh_places_kaggle,places_06157,place,Khozama Alsharq,Riyadh,Riyadh
RYD_004092,riyadh_places_kaggle,places_07003,place,Khutwa,Riyadh,Riyadh
RYD_004093,riyadh_places_kaggle,places_03964,place,KiK Burger,Riyadh,Riyadh
RYD_004094,riyadh_places_kaggle,places_05621,place,KiK Burger,Riyadh,Riyadh
RYD_004095,riyadh_places_kaggle,places_05606,place,Kibdah wa jopen,Riyadh,Riyadh
RYD_004096,entertainment_kaggle,entertainment_00448,entertainment,Kids Gym,Riyadh,Riyadh
RYD_004097,entertainment_kaggle,entertainment_00477,entertainment,Kids Gym,Riyadh,Riyadh
RYD_004098,riyadh_places_kaggle,places_03896,place,Kilo &amp; Half,Riyadh,Riyadh
RYD_004099,riyadh_places_kaggle,places_04407,place,Kilo Kabab,Riyadh,Riyadh
RYD_004100,riyadh_places_kaggle,places_07023,place,Kilo Kabab,Riyadh,Riyadh
RYD_004101,riyadh_places_kaggle,places_07621,place,Kilo Kabab,Riyadh,Riyadh
RYD_004102,riyadh_places_kaggle,places_00881,place,Kin,Riyadh,Riyadh
RYD_004103,entertainment_kaggle,entertainment_00204,entertainment,King Abdullah Park,Riyadh,Riyadh
RYD_004104,entertainment_kaggle,entertainment_00214,entertainment,King Abdullah Park,Riyadh,Riyadh
RYD_004105,entertainment_kaggle,entertainment_00438,entertainment,King Fahad library Park,Riyadh,Riyadh
RYD_004106,entertainment_kaggle,entertainment_00446,entertainment,King Fahad library Park,Riyadh,Riyadh
RYD_004107,entertainment_kaggle,entertainment_00379,entertainment,King Khalid Grand Mosque,Riyadh,Riyadh
RYD_004108,entertainment_kaggle,entertainment_00406,entertainment,King Khalid Grand Mosque,Riyadh,Riyadh
RYD_004109,riyadh_places_kaggle,places_07825,place,King Mandi and Madhbi,Riyadh,Riyadh
RYD_004110,entertainment_kaggle,entertainment_00468,entertainment,Kingdom Centre,Riyadh,Riyadh
RYD_004111,riyadh_places_kaggle,places_06648,place,Kingdom of Marines,Riyadh,Riyadh
RYD_004112,riyadh_places_kaggle,places_02931,place,Kiri Cafe,Riyadh,Riyadh
RYD_004113,riyadh_places_kaggle,places_05416,place,Kiri Cafe,Riyadh,Riyadh
RYD_004114,riyadh_places_kaggle,places_07330,place,Kiri Cafe,Riyadh,Riyadh
RYD_004115,riyadh_places_kaggle,places_08786,place,Kiri Cafe,Riyadh,Riyadh
RYD_004116,riyadh_places_kaggle,places_02914,place,Kitami Sushi &amp; Noodles,Riyadh,Riyadh
RYD_004117,riyadh_places_kaggle,places_06865,place,Kitami Sushi &amp; Noodles,Riyadh,Riyadh
RYD_004118,riyadh_places_kaggle,places_07735,place,Kitami Sushi &amp; Noodles,Riyadh,Riyadh
RYD_004119,riyadh_places_kaggle,places_08815,place,Kitami Sushi &amp; Noodles,Riyadh,Riyadh
RYD_004120,riyadh_places_kaggle,places_06004,place,Kiwan,Riyadh,Riyadh
RYD_004121,riyadh_places_kaggle,places_02803,place,Kiwi juices,Riyadh,Riyadh
RYD_004122,riyadh_places_kaggle,places_07584,place,Kiwi juices,Riyadh,Riyadh
RYD_004123,riyadh_places_kaggle,places_01412,place,Klick,Riyadh,Riyadh
RYD_004124,riyadh_places_kaggle,places_06906,place,Klick,Riyadh,Riyadh
RYD_004125,riyadh_places_kaggle,places_08356,place,Klick,Riyadh,Riyadh
RYD_004126,riyadh_places_kaggle,places_01763,place,Knafah Sumia,Riyadh,Riyadh
RYD_004127,riyadh_places_kaggle,places_04731,place,Knafeh ALKhabaz AlShami,Riyadh,Riyadh
RYD_004128,riyadh_places_kaggle,places_01253,place,Knafera,Riyadh,Riyadh
RYD_004129,riyadh_places_kaggle,places_00021,place,Knafet Al Bagajati,Riyadh,Riyadh
RYD_004130,riyadh_places_kaggle,places_03502,place,Knafet Al Bagajati,Riyadh,Riyadh
RYD_004131,riyadh_places_kaggle,places_06825,place,Knafet Al Bagajati,Riyadh,Riyadh
RYD_004132,riyadh_places_kaggle,places_07421,place,Knafet Al Bagajati,Riyadh,Riyadh
RYD_004133,riyadh_places_kaggle,places_08039,place,Knafet Al Bagajati,Riyadh,Riyadh
RYD_004134,riyadh_places_kaggle,places_04079,place,Knwa,Riyadh,Riyadh
RYD_004135,riyadh_places_kaggle,places_05838,place,Koba Mix,Riyadh,Riyadh
RYD_004136,riyadh_places_kaggle,places_05872,place,Koch Zad,Riyadh,Riyadh
RYD_004137,riyadh_places_kaggle,places_00620,place,Koftt Alhta,Riyadh,Riyadh
RYD_004138,riyadh_places_kaggle,places_02471,place,Koftt Alhta,Riyadh,Riyadh
RYD_004139,riyadh_places_kaggle,places_02963,place,Koftt Alhta,Riyadh,Riyadh
RYD_004140,riyadh_places_kaggle,places_07131,place,Koftt Alhta,Riyadh,Riyadh
RYD_004141,riyadh_places_kaggle,places_05505,place,Kokh Al Koshari,Riyadh,Riyadh
RYD_004142,riyadh_places_kaggle,places_07481,place,Kokh Al Koshari,Riyadh,Riyadh
RYD_004143,riyadh_places_kaggle,places_08475,place,Kokh Al Koshari,Riyadh,Riyadh
RYD_004144,riyadh_places_kaggle,places_05117,place,Koko Blinchik,Riyadh,Riyadh
RYD_004145,riyadh_places_kaggle,places_00274,place,Kollaj,Riyadh,Riyadh
RYD_004146,riyadh_places_kaggle,places_02704,place,Kollaj,Riyadh,Riyadh
RYD_004147,riyadh_places_kaggle,places_05462,place,Kollaj,Riyadh,Riyadh
RYD_004148,riyadh_places_kaggle,places_07325,place,Kollaj,Riyadh,Riyadh
RYD_004149,riyadh_places_kaggle,places_08755,place,Kollaj,Riyadh,Riyadh
RYD_004150,riyadh_places_kaggle,places_04746,place,Konafa Bakura,Riyadh,Riyadh
RYD_004151,riyadh_places_kaggle,places_04452,place,Konafa Plus,Riyadh,Riyadh
RYD_004152,riyadh_places_kaggle,places_04489,place,Konafa Station,Riyadh,Riyadh
RYD_004153,riyadh_places_kaggle,places_07973,place,Konafa Station,Riyadh,Riyadh
RYD_004154,riyadh_places_kaggle,places_03050,place,Konafa Taste,Riyadh,Riyadh
RYD_004155,riyadh_places_kaggle,places_04859,place,Konafa Taste,Riyadh,Riyadh
RYD_004156,riyadh_places_kaggle,places_06186,place,Konafa Village,Riyadh,Riyadh
RYD_004157,riyadh_places_kaggle,places_06692,place,Konafa Zayan,Riyadh,Riyadh
RYD_004158,riyadh_places_kaggle,places_03686,place,Konafa Zone,Riyadh,Riyadh
RYD_004159,riyadh_places_kaggle,places_02255,place,Konafah Time,Riyadh,Riyadh
RYD_004160,riyadh_places_kaggle,places_07820,place,Konh Coffee,Riyadh,Riyadh
RYD_004161,riyadh_places_kaggle,places_04598,place,Kooz Alaseer,Riyadh,Riyadh
RYD_004162,riyadh_places_kaggle,places_03111,place,Koozi,Riyadh,Riyadh
RYD_004163,riyadh_places_kaggle,places_07399,place,Koozi,Riyadh,Riyadh
RYD_004164,riyadh_places_kaggle,places_08583,place,Koozi,Riyadh,Riyadh
RYD_004165,riyadh_places_kaggle,places_04400,place,Korn,Riyadh,Riyadh
RYD_004166,riyadh_places_kaggle,places_01314,place,Koshare Wesaia,Riyadh,Riyadh
RYD_004167,riyadh_places_kaggle,places_06776,place,Koshari Al Amour,Riyadh,Riyadh
RYD_004167,riyadh_places_kaggle,places_06777,place,Fatayer Al Amour,Riyadh,Riyadh
RYD_004168,riyadh_places_kaggle,places_06373,place,Koshari El Nile,Riyadh,Riyadh
RYD_004169,riyadh_places_kaggle,places_06636,place,Koshari El Nile,Riyadh,Riyadh
RYD_004170,riyadh_places_kaggle,places_02178,place,Koshari Station,Riyadh,Riyadh
RYD_004171,riyadh_places_kaggle,places_03314,place,Koshari Station,Riyadh,Riyadh
RYD_004172,riyadh_places_kaggle,places_04445,place,Koshari Station,Riyadh,Riyadh
RYD_004173,riyadh_places_kaggle,places_05164,place,Koshari Station,Riyadh,Riyadh
RYD_004174,riyadh_places_kaggle,places_07685,place,Koshari Station,Riyadh,Riyadh
RYD_004175,riyadh_places_kaggle,places_07870,place,Koshary Al Ahram,Riyadh,Riyadh
RYD_004176,riyadh_places_kaggle,places_07897,place,Koshary El Rehab,Riyadh,Riyadh
RYD_004177,riyadh_places_kaggle,places_00127,place,Koshary El Tahrir,Riyadh,Riyadh
RYD_004178,riyadh_places_kaggle,places_01138,place,Koshary El Tahrir,Riyadh,Riyadh
RYD_004179,riyadh_places_kaggle,places_00123,place,Koshary Express,Riyadh,Riyadh
RYD_004180,riyadh_places_kaggle,places_02065,place,Koshary Shubra,Riyadh,Riyadh
RYD_004181,riyadh_places_kaggle,places_02766,place,Koshary Shubra,Riyadh,Riyadh
RYD_004182,riyadh_places_kaggle,places_08477,place,Koshary Shubra,Riyadh,Riyadh
RYD_004183,riyadh_places_kaggle,places_00242,place,Kosin,Riyadh,Riyadh
RYD_004184,riyadh_places_kaggle,places_02724,place,Kosin,Riyadh,Riyadh
RYD_004185,riyadh_places_kaggle,places_05441,place,Kosin,Riyadh,Riyadh
RYD_004186,riyadh_places_kaggle,places_07368,place,Kosin,Riyadh,Riyadh
RYD_004187,riyadh_places_kaggle,places_03217,place,Kottouf Sweets,Riyadh,Riyadh
RYD_004188,riyadh_places_kaggle,places_04320,place,Kottouf Sweets,Riyadh,Riyadh
RYD_004189,riyadh_places_kaggle,places_06193,place,Kottouf Sweets,Riyadh,Riyadh
RYD_004190,riyadh_places_kaggle,places_06701,place,Kottouf Sweets,Riyadh,Riyadh
RYD_004191,riyadh_places_kaggle,places_08188,place,Kottouf Sweets,Riyadh,Riyadh
RYD_004192,riyadh_places_kaggle,places_00815,place,Koussa Blaban,Riyadh,Riyadh
RYD_004193,riyadh_places_kaggle,places_01666,place,Koussa Blaban,Riyadh,Riyadh
RYD_004194,riyadh_places_kaggle,places_02143,place,Koussa Blaban,Riyadh,Riyadh
RYD_004195,riyadh_places_kaggle,places_00112,place,Krispy Kreme Doughnuts,Riyadh,Riyadh
RYD_004196,riyadh_places_kaggle,places_00341,place,Krispy Kreme Doughnuts,Riyadh,Riyadh
RYD_004197,riyadh_places_kaggle,places_00570,place,Krispy Kreme Doughnuts,Riyadh,Riyadh
RYD_004198,riyadh_places_kaggle,places_00707,place,Krispy Kreme Doughnuts,Riyadh,Riyadh
RYD_004199,riyadh_places_kaggle,places_01003,place,Krispy Kreme Doughnuts,Riyadh,Riyadh
RYD_004200,riyadh_places_kaggle,places_01262,place,Krispy Kreme Doughnuts,Riyadh,Riyadh
RYD_004201,riyadh_places_kaggle,places_01894,place,Krispy Kreme Doughnuts,Riyadh,Riyadh
RYD_004202,riyadh_places_kaggle,places_02245,place,Krispy Kreme Doughnuts,Riyadh,Riyadh
RYD_004203,riyadh_places_kaggle,places_02330,place,Krispy Kreme Doughnuts,Riyadh,Riyadh
RYD_004204,riyadh_places_kaggle,places_02463,place,Krispy Kreme Doughnuts,Riyadh,Riyadh
RYD_004205,riyadh_places_kaggle,places_02562,place,Krispy Kreme Doughnuts,Riyadh,Riyadh
RYD_004206,riyadh_places_kaggle,places_02905,place,Krispy Kreme Doughnuts,Riyadh,Riyadh
RYD_004207,riyadh_places_kaggle,places_05384,place,Krispy Kreme Doughnuts,Riyadh,Riyadh
RYD_004208,riyadh_places_kaggle,places_06750,place,Krispy Kreme Doughnuts,Riyadh,Riyadh
RYD_004209,riyadh_places_kaggle,places_07163,place,Krispy Kreme Doughnuts,Riyadh,Riyadh
RYD_004210,riyadh_places_kaggle,places_07794,place,Krispy Kreme Doughnuts,Riyadh,Riyadh
RYD_004211,riyadh_places_kaggle,places_08139,place,Krispy Kreme Doughnuts,Riyadh,Riyadh
RYD_004212,riyadh_places_kaggle,places_08674,place,Krispy Kreme Doughnuts,Riyadh,Riyadh
RYD_004213,riyadh_places_kaggle,places_03100,place,Krispy Sweet,Riyadh,Riyadh
RYD_004214,riyadh_places_kaggle,places_07696,place,Krispy Sweet,Riyadh,Riyadh
RYD_004215,riyadh_places_kaggle,places_02073,place,Krokant,Riyadh,Riyadh
RYD_004216,riyadh_places_kaggle,places_02770,place,Krokant,Riyadh,Riyadh
RYD_004217,riyadh_places_kaggle,places_03529,place,Krokant,Riyadh,Riyadh
RYD_004218,riyadh_places_kaggle,places_05365,place,Krokant,Riyadh,Riyadh
RYD_004219,riyadh_places_kaggle,places_07283,place,Krokant,Riyadh,Riyadh
RYD_004220,riyadh_places_kaggle,places_08326,place,Krokant,Riyadh,Riyadh
RYD_004221,riyadh_places_kaggle,places_06001,place,Kubo Food Express,Riyadh,Riyadh
RYD_004222,riyadh_places_kaggle,places_02741,place,Kubuiba,Riyadh,Riyadh
RYD_004223,riyadh_places_kaggle,places_00035,place,Kudu,Riyadh,Riyadh
RYD_004224,riyadh_places_kaggle,places_00190,place,Kudu,Riyadh,Riyadh
RYD_004225,riyadh_places_kaggle,places_00337,place,Kudu,Riyadh,Riyadh
RYD_004226,riyadh_places_kaggle,places_00414,place,Kudu,Riyadh,Riyadh
RYD_004227,riyadh_places_kaggle,places_00452,place,Kudu,Riyadh,Riyadh
RYD_004228,riyadh_places_kaggle,places_00475,place,Kudu,Riyadh,Riyadh
RYD_004229,riyadh_places_kaggle,places_00673,place,Kudu,Riyadh,Riyadh
RYD_004230,riyadh_places_kaggle,places_01327,place,Kudu,Riyadh,Riyadh
RYD_004231,riyadh_places_kaggle,places_01863,place,Kudu,Riyadh,Riyadh
RYD_004232,riyadh_places_kaggle,places_02126,place,Kudu,Riyadh,Riyadh
RYD_004233,riyadh_places_kaggle,places_02275,place,Kudu,Riyadh,Riyadh
RYD_004234,riyadh_places_kaggle,places_02370,place,Kudu,Riyadh,Riyadh
RYD_004235,riyadh_places_kaggle,places_02553,place,Kudu,Riyadh,Riyadh
RYD_004236,riyadh_places_kaggle,places_06410,place,Kudu,Riyadh,Riyadh
RYD_004237,riyadh_places_kaggle,places_07094,place,Kudu,Riyadh,Riyadh
RYD_004238,riyadh_places_kaggle,places_07795,place,Kudu,Riyadh,Riyadh
RYD_004239,riyadh_places_kaggle,places_08008,place,Kudu,Riyadh,Riyadh
RYD_004240,riyadh_places_kaggle,places_08666,place,Kudu,Riyadh,Riyadh
RYD_004241,riyadh_places_kaggle,places_02997,place,Kulcha King Indian,Riyadh,Riyadh
RYD_004242,riyadh_places_kaggle,places_06821,place,Kulcha King Indian,Riyadh,Riyadh
RYD_004243,riyadh_places_kaggle,places_04341,place,Kumar,Riyadh,Riyadh
RYD_004244,riyadh_places_kaggle,places_07070,place,Kunafa Al Jawaher,Riyadh,Riyadh
RYD_004245,riyadh_places_kaggle,places_01954,place,Kunafa Azmiah,Riyadh,Riyadh
RYD_004246,riyadh_places_kaggle,places_02567,place,Kunafa Azmiah,Riyadh,Riyadh
RYD_004247,riyadh_places_kaggle,places_06814,place,Kunafa Azmiah,Riyadh,Riyadh
RYD_004248,riyadh_places_kaggle,places_07585,place,Kunafa Azmiah,Riyadh,Riyadh
RYD_004249,riyadh_places_kaggle,places_08432,place,Kunafa Azmiah,Riyadh,Riyadh
RYD_004250,riyadh_places_kaggle,places_03963,place,Kunafa Factory,Riyadh,Riyadh
RYD_004251,riyadh_places_kaggle,places_01092,place,Kunafa kareema,Riyadh,Riyadh
RYD_004252,riyadh_places_kaggle,places_01738,place,Kunafa kareema,Riyadh,Riyadh
RYD_004253,riyadh_places_kaggle,places_03168,place,Kunafa kareema,Riyadh,Riyadh
RYD_004254,riyadh_places_kaggle,places_07173,place,Kunafa kareema,Riyadh,Riyadh
RYD_004255,riyadh_places_kaggle,places_08300,place,Kunafa kareema,Riyadh,Riyadh
RYD_004256,riyadh_places_kaggle,places_05746,place,Kunafa qashd wasaman,Riyadh,Riyadh
RYD_004257,riyadh_places_kaggle,places_05111,place,Kunafah Majid,Riyadh,Riyadh
RYD_004258,riyadh_places_kaggle,places_02064,place,Kunafat Al Saidawi,Riyadh,Riyadh
RYD_004259,riyadh_places_kaggle,places_02765,place,Kunafat Al Saidawi,Riyadh,Riyadh
RYD_004260,riyadh_places_kaggle,places_06679,place,Kunafat Hala W Bass,Riyadh,Riyadh
RYD_004261,riyadh_places_kaggle,places_06601,place,Kunafat Lojeen,Riyadh,Riyadh
RYD_004262,riyadh_places_kaggle,places_01067,place,Kunafology,Riyadh,Riyadh
RYD_004262,riyadh_places_kaggle,places_01068,place,NJOY CAKE,Riyadh,Riyadh
RYD_004262,riyadh_places_kaggle,places_01070,place,Cakeology,Riyadh,Riyadh
RYD_004263,riyadh_places_kaggle,places_07719,place,Kunafology,Riyadh,Riyadh
RYD_004264,riyadh_places_kaggle,places_08052,place,Kunafology,Riyadh,Riyadh
RYD_004265,riyadh_places_kaggle,places_00702,place,Kunefe Boutique,Riyadh,Riyadh
RYD_004266,riyadh_places_kaggle,places_00297,place,Kunooz pharmacy,Riyadh,Riyadh
RYD_004267,riyadh_places_kaggle,places_00538,place,Kunooz pharmacy,Riyadh,Riyadh
RYD_004268,riyadh_places_kaggle,places_00719,place,Kunooz pharmacy,Riyadh,Riyadh
RYD_004269,riyadh_places_kaggle,places_01345,place,Kunooz pharmacy,Riyadh,Riyadh
RYD_004270,riyadh_places_kaggle,places_03067,place,Kunooz pharmacy,Riyadh,Riyadh
RYD_004271,riyadh_places_kaggle,places_05307,place,Kunooz pharmacy,Riyadh,Riyadh
RYD_004272,riyadh_places_kaggle,places_06752,place,Kunooz pharmacy,Riyadh,Riyadh
RYD_004273,riyadh_places_kaggle,places_07531,place,Kunooz pharmacy,Riyadh,Riyadh
RYD_004274,riyadh_places_kaggle,places_07805,place,Kunooz pharmacy,Riyadh,Riyadh
RYD_004275,riyadh_places_kaggle,places_07995,place,Kunooz pharmacy,Riyadh,Riyadh
RYD_004276,riyadh_places_kaggle,places_03011,place,Kushari Noarah,Riyadh,Riyadh
RYD_004277,riyadh_places_kaggle,places_07192,place,Kushari Noarah,Riyadh,Riyadh
RYD_004278,riyadh_places_kaggle,places_00935,place,Kut,Riyadh,Riyadh
RYD_004279,riyadh_places_kaggle,places_02075,place,Kutlet,Riyadh,Riyadh
RYD_004280,riyadh_places_kaggle,places_02163,place,Kutlet,Riyadh,Riyadh
RYD_004281,riyadh_places_kaggle,places_02870,place,Kutlet,Riyadh,Riyadh
RYD_004282,riyadh_places_kaggle,places_06525,place,Kutlet,Riyadh,Riyadh
RYD_004283,riyadh_places_kaggle,places_07234,place,Kutlet,Riyadh,Riyadh
RYD_004284,riyadh_places_kaggle,places_01618,place,Kuwaiti Majbous House,Riyadh,Riyadh
RYD_004285,riyadh_places_kaggle,places_03658,place,Kuwaiti Majbous House,Riyadh,Riyadh
RYD_004286,riyadh_places_kaggle,places_01566,place,Kynd,Riyadh,Riyadh
RYD_004287,riyadh_places_kaggle,places_06973,place,L . BURGER,Riyadh,Riyadh
RYD_004288,riyadh_places_kaggle,places_03699,place,L Mashwi,Riyadh,Riyadh
RYD_004289,riyadh_places_kaggle,places_04333,place,L'ETO Caffe,Riyadh,Riyadh
RYD_004290,riyadh_places_kaggle,places_05667,place,L'ETO Caffe,Riyadh,Riyadh
RYD_004291,riyadh_places_kaggle,places_06809,place,L'ETO Caffe,Riyadh,Riyadh
RYD_004292,riyadh_places_kaggle,places_06429,place,L'art Bakery,Riyadh,Riyadh
RYD_004293,riyadh_places_kaggle,places_01216,place,L3younk,Riyadh,Riyadh
RYD_004294,riyadh_places_kaggle,places_01824,place,L3younk,Riyadh,Riyadh
RYD_004295,riyadh_places_kaggle,places_06732,place,LA PARILLA BURGER AND MORE,Riyadh,Riyadh
RYD_004296,riyadh_places_kaggle,places_05437,place,LA SENS,Riyadh,Riyadh
RYD_004297,riyadh_places_kaggle,places_05508,place,LA SIGNATURA DE CHOCOATE,Riyadh,Riyadh
RYD_004298,riyadh_places_kaggle,places_06331,place,LABAN ROSE,Riyadh,Riyadh
RYD_004299,riyadh_places_kaggle,places_03976,place,LADN CAFE,Riyadh,Riyadh
RYD_004300,riyadh_places_kaggle,places_01818,place,LAFA,Riyadh,Riyadh
RYD_004301,riyadh_places_kaggle,places_08512,place,LAFAT AGENAH,Riyadh,Riyadh
RYD_004302,riyadh_places_kaggle,places_02737,place,LAMB CHEF,Riyadh,Riyadh
RYD_004303,riyadh_places_kaggle,places_04362,place,LAMM CAFE,Riyadh,Riyadh
RYD_004304,riyadh_places_kaggle,places_04543,place,LAMORE,Riyadh,Riyadh
RYD_004305,riyadh_places_kaggle,places_00727,place,LAOF,Riyadh,Riyadh
RYD_004306,riyadh_places_kaggle,places_02599,place,LAOF,Riyadh,Riyadh
RYD_004307,booking_kaggle,hotels_00417,hotel,LAPERLA HOTEL,Riyadh,Riyadh
RYD_004308,riyadh_places_kaggle,places_05955,place,LAQMA KITCHEN,Riyadh,Riyadh
RYD_004309,riyadh_places_kaggle,places_07832,place,LARGE Restaurant,Riyadh,Riyadh
RYD_004310,riyadh_places_kaggle,places_03527,place,LARK,Riyadh,Riyadh
RYD_004311,riyadh_places_kaggle,places_08771,place,LARK,Riyadh,Riyadh
RYD_004312,riyadh_places_kaggle,places_03196,place,LAROSE,Riyadh,Riyadh
RYD_004313,riyadh_places_kaggle,places_05599,place,LAROSE,Riyadh,Riyadh
RYD_004314,riyadh_places_kaggle,places_04299,place,LAVASH,Riyadh,Riyadh
RYD_004315,riyadh_places_kaggle,places_08111,place,LAYALI NAOMI,Riyadh,Riyadh
RYD_004316,riyadh_places_kaggle,places_05953,place,LE DOLMAZ,Riyadh,Riyadh
RYD_004317,riyadh_places_kaggle,places_02888,place,LEAN N FIT,Riyadh,Riyadh
RYD_004318,riyadh_places_kaggle,places_04536,place,LEBOHNEUR CHOCOLATE,Riyadh,Riyadh
RYD_004319,riyadh_places_kaggle,places_01462,place,LEEZ RESTAURANT,Riyadh,Riyadh
RYD_004320,riyadh_places_kaggle,places_01373,place,LEFOUR,Riyadh,Riyadh
RYD_004321,riyadh_places_kaggle,places_06937,place,LENA LU,Riyadh,Riyadh
RYD_004322,riyadh_places_kaggle,places_02513,place,LEO,Riyadh,Riyadh
RYD_004323,riyadh_places_kaggle,places_01097,place,LESS Coffee,Riyadh,Riyadh
RYD_004324,riyadh_places_kaggle,places_02271,place,LESS IS MORE,Riyadh,Riyadh
RYD_004325,riyadh_places_kaggle,places_00665,place,LETS PIZZA WOOD FIRE,Riyadh,Riyadh
RYD_004326,riyadh_places_kaggle,places_01073,place,LETS PIZZA WOOD FIRE,Riyadh,Riyadh
RYD_004327,riyadh_places_kaggle,places_01419,place,LETS PIZZA WOOD FIRE,Riyadh,Riyadh
RYD_004328,riyadh_places_kaggle,places_02934,place,LETS PIZZA WOOD FIRE,Riyadh,Riyadh
RYD_004329,riyadh_places_kaggle,places_05491,place,LETS PIZZA WOOD FIRE,Riyadh,Riyadh
RYD_004330,riyadh_places_kaggle,places_07167,place,LETS PIZZA WOOD FIRE,Riyadh,Riyadh
RYD_004331,riyadh_places_kaggle,places_08479,place,LETS PIZZA WOOD FIRE,Riyadh,Riyadh
RYD_004332,riyadh_places_kaggle,places_02051,place,LETT,Riyadh,Riyadh
RYD_004333,riyadh_places_kaggle,places_03891,place,LEVIT8,Riyadh,Riyadh
RYD_004334,riyadh_places_kaggle,places_01567,place,LEVON,Riyadh,Riyadh
RYD_004335,riyadh_places_kaggle,places_02224,place,LEVON,Riyadh,Riyadh
RYD_004336,riyadh_places_kaggle,places_07264,place,LEVON,Riyadh,Riyadh
RYD_004337,riyadh_places_kaggle,places_02179,place,LGIMAT MIM,Riyadh,Riyadh
RYD_004338,riyadh_places_kaggle,places_05610,place,LHM WHTB,Riyadh,Riyadh
RYD_004339,riyadh_places_kaggle,places_06198,place,LIME,Riyadh,Riyadh
RYD_004340,riyadh_places_kaggle,places_06111,place,LIVARNO COFFEE,Riyadh,Riyadh
RYD_004341,riyadh_places_kaggle,places_01771,place,LOAVES,Riyadh,Riyadh
RYD_004342,riyadh_places_kaggle,places_04112,place,LOCHE,Riyadh,Riyadh
RYD_004343,riyadh_places_kaggle,places_05355,place,LOCHE,Riyadh,Riyadh
RYD_004344,riyadh_places_kaggle,places_08327,place,LOCHE,Riyadh,Riyadh
RYD_004345,riyadh_places_kaggle,places_02044,place,LOCK,Riyadh,Riyadh
RYD_004346,riyadh_places_kaggle,places_02160,place,LOCK,Riyadh,Riyadh
RYD_004347,riyadh_places_kaggle,places_02975,place,LOCK,Riyadh,Riyadh
RYD_004348,riyadh_places_kaggle,places_08114,place,LOGAIMAT ALREEM,Riyadh,Riyadh
RYD_004349,riyadh_places_kaggle,places_05639,place,LOOMIA,Riyadh,Riyadh
RYD_004350,riyadh_places_kaggle,places_08380,place,LOVE WAY,Riyadh,Riyadh
RYD_004351,riyadh_places_kaggle,places_00260,place,LOVERA,Riyadh,Riyadh
RYD_004352,riyadh_places_kaggle,places_01377,place,LOVERA,Riyadh,Riyadh
RYD_004353,riyadh_places_kaggle,places_08333,place,LOVERA,Riyadh,Riyadh
RYD_004354,riyadh_places_kaggle,places_04235,place,LUBDA,Riyadh,Riyadh
RYD_004355,riyadh_places_kaggle,places_07312,place,LUBDA,Riyadh,Riyadh
RYD_004356,riyadh_places_kaggle,places_01033,place,LUFF,Riyadh,Riyadh
RYD_004357,riyadh_places_kaggle,places_01426,place,LUFF,Riyadh,Riyadh
RYD_004358,riyadh_places_kaggle,places_07555,place,LUFF,Riyadh,Riyadh
RYD_004359,riyadh_places_kaggle,places_08722,place,LUFF,Riyadh,Riyadh
RYD_004360,riyadh_places_kaggle,places_04985,place,LULUAT AL RAFIDAIN,Riyadh,Riyadh
RYD_004361,riyadh_places_kaggle,places_03716,place,LUMA Restaurant,Riyadh,Riyadh
RYD_004362,riyadh_places_kaggle,places_07057,place,LUQAIMAT LION,Riyadh,Riyadh
RYD_004363,riyadh_places_kaggle,places_06328,place,LUQAIMAT NAKHAT GHAZAL,Riyadh,Riyadh
RYD_004364,riyadh_places_kaggle,places_07615,place,LUQAIMAT NAKHAT GHAZAL,Riyadh,Riyadh
RYD_004365,riyadh_places_kaggle,places_04531,place,LUTEA CAFE,Riyadh,Riyadh
RYD_004366,riyadh_places_kaggle,places_06656,place,LVIV BURGER &amp; SANDWICH,Riyadh,Riyadh
RYD_004367,riyadh_places_kaggle,places_06190,place,LY2,Riyadh,Riyadh
RYD_004368,riyadh_places_kaggle,places_04675,place,L`Escape,Riyadh,Riyadh
RYD_004369,riyadh_places_kaggle,places_00503,place,La Casa Pasta,Riyadh,Riyadh
RYD_004370,riyadh_places_kaggle,places_00655,place,La Casa Pasta,Riyadh,Riyadh
RYD_004371,riyadh_places_kaggle,places_00941,place,La Casa Pasta,Riyadh,Riyadh
RYD_004372,riyadh_places_kaggle,places_01503,place,La Casa Pasta,Riyadh,Riyadh
RYD_004373,riyadh_places_kaggle,places_02028,place,La Casa Pasta,Riyadh,Riyadh
RYD_004374,riyadh_places_kaggle,places_02594,place,La Casa Pasta,Riyadh,Riyadh
RYD_004375,riyadh_places_kaggle,places_03172,place,La Casa Pasta,Riyadh,Riyadh
RYD_004376,riyadh_places_kaggle,places_06451,place,La Casa Pasta,Riyadh,Riyadh
RYD_004377,riyadh_places_kaggle,places_07441,place,La Casa Pasta,Riyadh,Riyadh
RYD_004378,riyadh_places_kaggle,places_08414,place,La Casa Pasta,Riyadh,Riyadh
RYD_004379,riyadh_places_kaggle,places_05645,place,La Creperie,Riyadh,Riyadh
RYD_004380,riyadh_places_kaggle,places_01441,place,La Farina 48,Riyadh,Riyadh
RYD_004381,riyadh_places_kaggle,places_03943,place,La Maison Entrecôte,Riyadh,Riyadh
RYD_004382,riyadh_places_kaggle,places_08773,place,La Merna,Riyadh,Riyadh
RYD_004382,riyadh_places_kaggle,places_08778,place,LA SENS,Riyadh,Riyadh
RYD_004382,riyadh_places_kaggle,places_08788,place,Lencos,Riyadh,Riyadh
RYD_004383,riyadh_places_kaggle,places_03739,place,La Mollica Pizzeria,Riyadh,Riyadh
RYD_004384,riyadh_places_kaggle,places_01477,place,La Pasta Di Mamma,Riyadh,Riyadh
RYD_004385,riyadh_places_kaggle,places_07579,place,La Pasta Di Mamma,Riyadh,Riyadh
RYD_004386,riyadh_places_kaggle,places_00975,place,La Romana dal 1947,Riyadh,Riyadh
RYD_004387,riyadh_places_kaggle,places_01027,place,La Sani,Riyadh,Riyadh
RYD_004388,riyadh_places_kaggle,places_04836,place,La Vida Flowers,Riyadh,Riyadh
RYD_004389,riyadh_places_kaggle,places_04317,place,La Vie,Riyadh,Riyadh
RYD_004390,riyadh_places_kaggle,places_06463,place,LaBouchee,Riyadh,Riyadh
RYD_004391,riyadh_places_kaggle,places_07503,place,LaBouchee,Riyadh,Riyadh
RYD_004392,riyadh_places_kaggle,places_08191,place,LaBouchee,Riyadh,Riyadh
RYD_004393,riyadh_places_kaggle,places_06684,place,Lab Juice,Riyadh,Riyadh
RYD_004394,riyadh_places_kaggle,places_02334,place,Labieh,Riyadh,Riyadh
RYD_004395,riyadh_places_kaggle,places_08529,place,Labieh,Riyadh,Riyadh
RYD_004396,riyadh_places_kaggle,places_03384,place,Labkah,Riyadh,Riyadh
RYD_004397,riyadh_places_kaggle,places_07302,place,Labkah,Riyadh,Riyadh
RYD_004398,riyadh_places_kaggle,places_00615,place,Lacasa Italiana,Riyadh,Riyadh
RYD_004399,riyadh_places_kaggle,places_04569,place,Laderach,Riyadh,Riyadh
RYD_004400,riyadh_places_kaggle,places_06647,place,Ladhat Waraq Enab,Riyadh,Riyadh
RYD_004401,riyadh_places_kaggle,places_01787,place,Ladhat Wataem,Riyadh,Riyadh
RYD_004402,riyadh_places_kaggle,places_05274,place,Ladhayidh Fan Alkanafa,Riyadh,Riyadh
RYD_004403,riyadh_places_kaggle,places_05194,place,Ladhayidh Kunafah,Riyadh,Riyadh
RYD_004404,riyadh_places_kaggle,places_05622,place,Lady Story,Riyadh,Riyadh
RYD_004405,riyadh_places_kaggle,places_04789,place,Lafat Enab,Riyadh,Riyadh
RYD_004406,riyadh_places_kaggle,places_01223,place,Lafetalchef,Riyadh,Riyadh
RYD_004407,riyadh_places_kaggle,places_04129,place,Lafetalchef,Riyadh,Riyadh
RYD_004408,riyadh_places_kaggle,places_02082,place,Laffa Brisket,Riyadh,Riyadh
RYD_004409,riyadh_places_kaggle,places_02847,place,Laffa Brisket,Riyadh,Riyadh
RYD_004410,riyadh_places_kaggle,places_04908,place,Laffa Grills,Riyadh,Riyadh
RYD_004411,riyadh_places_kaggle,places_01072,place,Laffa warq,Riyadh,Riyadh
RYD_004412,riyadh_places_kaggle,places_02344,place,Lafortina,Riyadh,Riyadh
RYD_004413,riyadh_places_kaggle,places_00178,place,Lagouter,Riyadh,Riyadh
RYD_004414,riyadh_places_kaggle,places_02681,place,Lagouter,Riyadh,Riyadh
RYD_004415,riyadh_places_kaggle,places_05449,place,Lagouter,Riyadh,Riyadh
RYD_004416,riyadh_places_kaggle,places_06769,place,Lagouter,Riyadh,Riyadh
RYD_004417,riyadh_places_kaggle,places_07338,place,Lagouter,Riyadh,Riyadh
RYD_004418,riyadh_places_kaggle,places_08762,place,Lagouter,Riyadh,Riyadh
RYD_004419,riyadh_places_kaggle,places_03490,place,Lagwasa,Riyadh,Riyadh
RYD_004420,riyadh_places_kaggle,places_04360,place,Lahamim,Riyadh,Riyadh
RYD_004421,riyadh_places_kaggle,places_06203,place,Lahan,Riyadh,Riyadh
RYD_004422,riyadh_places_kaggle,places_08130,place,Laheeb Alshewaya,Riyadh,Riyadh
RYD_004423,riyadh_places_kaggle,places_02654,place,Lahma And Fahma,Riyadh,Riyadh
RYD_004424,riyadh_places_kaggle,places_06936,place,Lahma And Fahma,Riyadh,Riyadh
RYD_004425,riyadh_places_kaggle,places_04720,place,Lahma Awafi,Riyadh,Riyadh
RYD_004426,riyadh_places_kaggle,places_00805,place,Lahmajun,Riyadh,Riyadh
RYD_004427,riyadh_places_kaggle,places_01639,place,Lahmajun,Riyadh,Riyadh
RYD_004428,riyadh_places_kaggle,places_01111,place,Lahori Village,Riyadh,Riyadh
RYD_004429,riyadh_places_kaggle,places_05611,place,Lailac's Corner,Riyadh,Riyadh
RYD_004430,riyadh_places_kaggle,places_01697,place,Laila’s sweet,Riyadh,Riyadh
RYD_004431,riyadh_places_kaggle,places_03334,place,Laimona Restaurants,Riyadh,Riyadh
RYD_004432,riyadh_places_kaggle,places_07623,place,Laimona Restaurants,Riyadh,Riyadh
RYD_004433,riyadh_places_kaggle,places_01104,place,Laiqer Cookies,Riyadh,Riyadh
RYD_004434,riyadh_places_kaggle,places_03245,place,Laiqer Cookies,Riyadh,Riyadh
RYD_004435,riyadh_places_kaggle,places_05506,place,Laiqer Cookies,Riyadh,Riyadh
RYD_004436,riyadh_places_kaggle,places_07656,place,Laiqer Cookies,Riyadh,Riyadh
RYD_004437,riyadh_places_kaggle,places_08697,place,Laiqer Cookies,Riyadh,Riyadh
RYD_004438,entertainment_kaggle,entertainment_00380,entertainment,Lake park Riyadh,Riyadh,Riyadh
RYD_004439,entertainment_kaggle,entertainment_00407,entertainment,Lake park Riyadh,Riyadh,Riyadh
RYD_004440,entertainment_kaggle,entertainment_00361,entertainment,Lake park View point,Riyadh,Riyadh
RYD_004441,entertainment_kaggle,entertainment_00371,entertainment,Lake park View point,Riyadh,Riyadh
RYD_004442,riyadh_places_kaggle,places_04534,place,Lakmousha,Riyadh,Riyadh
RYD_004443,riyadh_places_kaggle,places_01974,place,Lalingi,Riyadh,Riyadh
RYD_004444,riyadh_places_kaggle,places_01740,place,Laly's juice &amp; more,Riyadh,Riyadh
RYD_004445,riyadh_places_kaggle,places_03999,place,Lama Tea,Riyadh,Riyadh
RYD_004446,riyadh_places_kaggle,places_01816,place,Lamah Masreya plus,Riyadh,Riyadh
RYD_004447,entertainment_kaggle,entertainment_00402,entertainment,Lambee Tily,Riyadh,Riyadh
RYD_004448,entertainment_kaggle,entertainment_00412,entertainment,Lambee Tily,Riyadh,Riyadh
RYD_004449,riyadh_places_kaggle,places_07769,place,Lamizon Sweets,Riyadh,Riyadh
RYD_004450,riyadh_places_kaggle,places_07863,place,Lamizon Sweets,Riyadh,Riyadh
RYD_004451,riyadh_places_kaggle,places_00308,place,Lammah,Riyadh,Riyadh
RYD_004452,riyadh_places_kaggle,places_01335,place,Lammah,Riyadh,Riyadh
RYD_004453,riyadh_places_kaggle,places_02517,place,Lammah,Riyadh,Riyadh
RYD_004454,riyadh_places_kaggle,places_05409,place,Lammah,Riyadh,Riyadh
RYD_004455,riyadh_places_kaggle,places_07315,place,Lammah,Riyadh,Riyadh
RYD_004456,riyadh_places_kaggle,places_07944,place,Lammah,Riyadh,Riyadh
RYD_004457,riyadh_places_kaggle,places_08634,place,Lamour Kunafa,Riyadh,Riyadh
RYD_004458,riyadh_places_kaggle,places_06689,place,Lamsat Al Hijaz,Riyadh,Riyadh
RYD_004459,riyadh_places_kaggle,places_08173,place,Lamsat falfilah,Riyadh,Riyadh
RYD_004460,riyadh_places_kaggle,places_06096,place,Lamst Halaa,Riyadh,Riyadh
RYD_004461,riyadh_places_kaggle,places_07888,place,Lamst Halaa,Riyadh,Riyadh
RYD_004462,riyadh_places_kaggle,places_03359,place,Lamy,Riyadh,Riyadh
RYD_004463,riyadh_places_kaggle,places_06141,place,Lana_crispy,Riyadh,Riyadh
RYD_004464,riyadh_places_kaggle,places_05948,place,Land the juice,Riyadh,Riyadh
RYD_004465,riyadh_places_kaggle,places_04625,place,Lantica Pizzeria,Riyadh,Riyadh
RYD_004466,riyadh_places_kaggle,places_02010,place,Lapaella,Riyadh,Riyadh
RYD_004467,riyadh_places_kaggle,places_03938,place,Lapaella,Riyadh,Riyadh
RYD_004468,riyadh_places_kaggle,places_07678,place,Lapaella,Riyadh,Riyadh
RYD_004469,riyadh_places_kaggle,places_00006,place,Lapaz Batchoy,Riyadh,Riyadh
RYD_004470,riyadh_places_kaggle,places_00355,place,Lapaz Batchoy,Riyadh,Riyadh
RYD_004471,riyadh_places_kaggle,places_05276,place,Lapaz Batchoy,Riyadh,Riyadh
RYD_004472,riyadh_places_kaggle,places_01713,place,Laquah,Riyadh,Riyadh
RYD_004473,riyadh_places_kaggle,places_03831,place,Lareen,Riyadh,Riyadh
RYD_004474,riyadh_places_kaggle,places_06549,place,Lareen,Riyadh,Riyadh
RYD_004475,riyadh_places_kaggle,places_08614,place,Lareen,Riyadh,Riyadh
RYD_004476,riyadh_places_kaggle,places_04224,place,Lares Flower,Riyadh,Riyadh
RYD_004477,riyadh_places_kaggle,places_00291,place,Larina,Riyadh,Riyadh
RYD_004478,riyadh_places_kaggle,places_05468,place,Larina,Riyadh,Riyadh
RYD_004479,entertainment_kaggle,entertainment_00226,entertainment,Last Hour Escape Room,Riyadh,Riyadh
RYD_004480,entertainment_kaggle,entertainment_00236,entertainment,Last Hour Escape Room,Riyadh,Riyadh
RYD_004481,riyadh_places_kaggle,places_08631,place,Lasting Flavor,Riyadh,Riyadh
RYD_004482,riyadh_places_kaggle,places_01181,place,Latea,Riyadh,Riyadh
RYD_004483,riyadh_places_kaggle,places_05237,place,Lathaeth Alcaisar,Riyadh,Riyadh
RYD_004484,riyadh_places_kaggle,places_04051,place,Lathah the riyadh,Riyadh,Riyadh
RYD_004485,riyadh_places_kaggle,places_06693,place,Lathat AlJabbati,Riyadh,Riyadh
RYD_004486,riyadh_places_kaggle,places_03347,place,Lava Cake,Riyadh,Riyadh
RYD_004487,riyadh_places_kaggle,places_06702,place,Lavalo Cafe,Riyadh,Riyadh
RYD_004488,riyadh_places_kaggle,places_00959,place,Lavande,Riyadh,Riyadh
RYD_004489,riyadh_places_kaggle,places_07759,place,Lavender Oasis,Riyadh,Riyadh
RYD_004490,riyadh_places_kaggle,places_04107,place,Lavera,Riyadh,Riyadh
RYD_004491,riyadh_places_kaggle,places_05358,place,Lavera,Riyadh,Riyadh
RYD_004492,riyadh_places_kaggle,places_07389,place,Lavera,Riyadh,Riyadh
RYD_004493,riyadh_places_kaggle,places_08314,place,Lavera,Riyadh,Riyadh
RYD_004494,riyadh_places_kaggle,places_04046,place,Laviviane,Riyadh,Riyadh
RYD_004495,riyadh_places_kaggle,places_06970,place,Laviviane,Riyadh,Riyadh
RYD_004496,riyadh_places_kaggle,places_07730,place,Laviviane,Riyadh,Riyadh
RYD_004497,riyadh_places_kaggle,places_04888,place,Lawzyat,Riyadh,Riyadh
RYD_004498,riyadh_places_kaggle,places_03213,place,Layali Alsamar Lounge,Riyadh,Riyadh
RYD_004499,riyadh_places_kaggle,places_06880,place,Layali Alsirih,Riyadh,Riyadh
RYD_004500,riyadh_places_kaggle,places_05154,place,Layali Dejla Restaurant,Riyadh,Riyadh
RYD_004501,riyadh_places_kaggle,places_00435,place,Layali alaqahira,Riyadh,Riyadh
RYD_004502,riyadh_places_kaggle,places_05038,place,Layaly Chocolate Sweets,Riyadh,Riyadh
RYD_004503,riyadh_places_kaggle,places_06003,place,Layaly Chocolate Sweets,Riyadh,Riyadh
RYD_004504,riyadh_places_kaggle,places_07034,place,Layaly Chocolate Sweets,Riyadh,Riyadh
RYD_004505,riyadh_places_kaggle,places_05995,place,Layelk bhari,Riyadh,Riyadh
RYD_004506,riyadh_places_kaggle,places_00271,place,Layered,Riyadh,Riyadh
RYD_004507,riyadh_places_kaggle,places_02718,place,Layered,Riyadh,Riyadh
RYD_004508,riyadh_places_kaggle,places_05438,place,Layered,Riyadh,Riyadh
RYD_004509,riyadh_places_kaggle,places_07367,place,Layered,Riyadh,Riyadh
RYD_004510,riyadh_places_kaggle,places_05250,place,Layla &amp; Majnun,Riyadh,Riyadh
RYD_004511,riyadh_places_kaggle,places_08492,place,Lazat Karam Kunafa,Riyadh,Riyadh
RYD_004512,riyadh_places_kaggle,places_01207,place,Lazy Cat,Riyadh,Riyadh
RYD_004513,riyadh_places_kaggle,places_07826,place,Lazzat Al Meshawi restaurant,Riyadh,Riyadh
RYD_004514,riyadh_places_kaggle,places_04991,place,Le Bagel,Riyadh,Riyadh
RYD_004515,riyadh_places_kaggle,places_00636,place,Le Chateau,Riyadh,Riyadh
RYD_004516,riyadh_places_kaggle,places_03307,place,Le Gourmet,Riyadh,Riyadh
RYD_004517,riyadh_places_kaggle,places_05588,place,Le Gourmet,Riyadh,Riyadh
RYD_004518,riyadh_places_kaggle,places_06816,place,Le Gourmet,Riyadh,Riyadh
RYD_004519,riyadh_places_kaggle,places_04624,place,Le Grenier a pain,Riyadh,Riyadh
RYD_004520,riyadh_places_kaggle,places_06882,place,Le Grenier a pain,Riyadh,Riyadh
RYD_004521,riyadh_places_kaggle,places_04322,place,Le Louvre,Riyadh,Riyadh
RYD_004522,riyadh_places_kaggle,places_05013,place,Le Melange,Riyadh,Riyadh
RYD_004523,riyadh_places_kaggle,places_02502,place,Le Miche,Riyadh,Riyadh
RYD_004524,riyadh_places_kaggle,places_03892,place,Le Moulin Bakery,Riyadh,Riyadh
RYD_004525,booking_kaggle,hotels_00136,hotel,Le Park Concord Hotel,Al Majmaah,Riyadh
RYD_004526,booking_kaggle,hotels_00327,hotel,Le Park Concord Hotel,‘Afīf,Riyadh
RYD_004527,booking_kaggle,hotels_00219,hotel,Le Park Concord Rabwah Boutique Hotel,Riyadh,Riyadh
RYD_004528,riyadh_places_kaggle,places_04392,place,Le Saj,Riyadh,Riyadh
RYD_004529,riyadh_places_kaggle,places_02646,place,Le Special Restaurant,Riyadh,Riyadh
RYD_004530,riyadh_places_kaggle,places_04811,place,Le Tor,Riyadh,Riyadh
RYD_004531,riyadh_places_kaggle,places_05703,place,Le Tor,Riyadh,Riyadh
RYD_004532,riyadh_places_kaggle,places_08735,place,Le Tor,Riyadh,Riyadh
RYD_004533,riyadh_places_kaggle,places_00860,place,Le colza,Riyadh,Riyadh
RYD_004534,riyadh_places_kaggle,places_04233,place,Le pain Bakery,Riyadh,Riyadh
RYD_004535,riyadh_places_kaggle,places_01750,place,Leaf juice,Riyadh,Riyadh
RYD_004536,riyadh_places_kaggle,places_07598,place,Lebanese Dana,Riyadh,Riyadh
RYD_004537,riyadh_places_kaggle,places_00385,place,Lebanese Fatayer Restaurant,Riyadh,Riyadh
RYD_004538,riyadh_places_kaggle,places_00442,place,Lebanese Flowers' Roses Restaurant,Riyadh,Riyadh
RYD_004539,riyadh_places_kaggle,places_03670,place,Lebanese Pie,Riyadh,Riyadh
RYD_004540,riyadh_places_kaggle,places_07088,place,Lebanon Garden,Riyadh,Riyadh
RYD_004541,riyadh_places_kaggle,places_07997,place,Lebanon Garden,Riyadh,Riyadh
RYD_004542,riyadh_places_kaggle,places_04307,place,Lebanon L&amp;R,Riyadh,Riyadh
RYD_004543,riyadh_places_kaggle,places_02226,place,Lebanon Rose Restaurant,Riyadh,Riyadh
RYD_004544,riyadh_places_kaggle,places_01698,place,Lee Lantee,Riyadh,Riyadh
RYD_004545,riyadh_places_kaggle,places_05659,place,Lee Lantee,Riyadh,Riyadh
RYD_004546,riyadh_places_kaggle,places_07232,place,Lee Lantee,Riyadh,Riyadh
RYD_004547,riyadh_places_kaggle,places_01474,place,Leen Shawarma,Riyadh,Riyadh
RYD_004548,riyadh_places_kaggle,places_06885,place,Leen Shawarma,Riyadh,Riyadh
RYD_004549,riyadh_places_kaggle,places_07105,place,Leen Shawarma,Riyadh,Riyadh
RYD_004550,riyadh_places_kaggle,places_01956,place,Leen Sweets,Riyadh,Riyadh
RYD_004551,riyadh_places_kaggle,places_07737,place,Legend Pizza,Riyadh,Riyadh
RYD_004552,riyadh_places_kaggle,places_07878,place,Legend Pizza,Riyadh,Riyadh
RYD_004553,riyadh_places_kaggle,places_08647,place,Legend Pizza,Riyadh,Riyadh
RYD_004554,riyadh_places_kaggle,places_05905,place,Leila from Lebanon,Riyadh,Riyadh
RYD_004555,riyadh_places_kaggle,places_05042,place,Lele,Riyadh,Riyadh
RYD_004556,riyadh_places_kaggle,places_04232,place,Lemon Leaves,Riyadh,Riyadh
RYD_004557,riyadh_places_kaggle,places_00632,place,Lemon Pharmacy,Riyadh,Riyadh
RYD_004558,riyadh_places_kaggle,places_00715,place,Lemon Pharmacy,Riyadh,Riyadh
RYD_004559,riyadh_places_kaggle,places_02134,place,Lemon Pharmacy,Riyadh,Riyadh
RYD_004560,riyadh_places_kaggle,places_03678,place,Lemon Pharmacy,Riyadh,Riyadh
RYD_004561,riyadh_places_kaggle,places_05582,place,Lemon Pharmacy,Riyadh,Riyadh
RYD_004562,riyadh_places_kaggle,places_07286,place,Lemon Pharmacy,Riyadh,Riyadh
RYD_004563,riyadh_places_kaggle,places_08102,place,Lemon Pharmacy,Riyadh,Riyadh
RYD_004564,riyadh_places_kaggle,places_01237,place,Lemon and half,Riyadh,Riyadh
RYD_004565,riyadh_places_kaggle,places_07477,place,Lemon and half,Riyadh,Riyadh
RYD_004566,riyadh_places_kaggle,places_08598,place,Lemon juice,Riyadh,Riyadh
RYD_004566,riyadh_places_kaggle,places_08603,place,LiveUp Juice,Riyadh,Riyadh
RYD_004567,riyadh_places_kaggle,places_05753,place,Lencos,Riyadh,Riyadh
RYD_004567,riyadh_places_kaggle,places_06500,place,La Merna,Riyadh,Riyadh
RYD_004567,riyadh_places_kaggle,places_07320,place,Larina,Riyadh,Riyadh
RYD_004567,riyadh_places_kaggle,places_07322,place,Taraat,Riyadh,Riyadh
RYD_004567,riyadh_places_kaggle,places_07343,place,Kenaz,Riyadh,Riyadh
RYD_004567,riyadh_places_kaggle,places_07354,place,TREAT,Riyadh,Riyadh
RYD_004567,riyadh_places_kaggle,places_07364,place,Lesrois,Riyadh,Riyadh
RYD_004567,riyadh_places_kaggle,places_07365,place,LA SENS,Riyadh,Riyadh
RYD_004567,riyadh_places_kaggle,places_07377,place,Arena,Riyadh,Riyadh
RYD_004567,riyadh_places_kaggle,places_07380,place,Ulin,Riyadh,Riyadh
RYD_004568,riyadh_places_kaggle,places_01015,place,Les Jours De Joie,Riyadh,Riyadh
RYD_004569,riyadh_places_kaggle,places_00269,place,Lesrois,Riyadh,Riyadh
RYD_004570,riyadh_places_kaggle,places_03533,place,Lesrois,Riyadh,Riyadh
RYD_004571,riyadh_places_kaggle,places_08777,place,Lesrois,Riyadh,Riyadh
RYD_004572,riyadh_places_kaggle,places_01066,place,Let's Green,Riyadh,Riyadh
RYD_004573,riyadh_places_kaggle,places_07720,place,Let's Green,Riyadh,Riyadh
RYD_004574,riyadh_places_kaggle,places_08053,place,Let's Green,Riyadh,Riyadh
RYD_004575,riyadh_places_kaggle,places_01071,place,Let's Thick,Riyadh,Riyadh
RYD_004576,riyadh_places_kaggle,places_02936,place,Let's Thick,Riyadh,Riyadh
RYD_004577,riyadh_places_kaggle,places_07165,place,Let's Thick,Riyadh,Riyadh
RYD_004578,riyadh_places_kaggle,places_00762,place,Let`s Poke Salad,Riyadh,Riyadh
RYD_004579,riyadh_places_kaggle,places_00525,place,Lets Blac,Riyadh,Riyadh
RYD_004580,riyadh_places_kaggle,places_01074,place,Lets Blac,Riyadh,Riyadh
RYD_004581,riyadh_places_kaggle,places_01420,place,Lets Blac,Riyadh,Riyadh
RYD_004582,riyadh_places_kaggle,places_02938,place,Lets Blac,Riyadh,Riyadh
RYD_004583,riyadh_places_kaggle,places_05492,place,Lets Blac,Riyadh,Riyadh
RYD_004584,riyadh_places_kaggle,places_07166,place,Lets Blac,Riyadh,Riyadh
RYD_004585,riyadh_places_kaggle,places_08830,place,Lets Blac,Riyadh,Riyadh
RYD_004586,riyadh_places_kaggle,places_05021,place,Letters,Riyadh,Riyadh
RYD_004587,riyadh_places_kaggle,places_01921,place,Letters Bakery,Riyadh,Riyadh
RYD_004588,riyadh_places_kaggle,places_03252,place,Let’s Patty,Riyadh,Riyadh
RYD_004589,riyadh_places_kaggle,places_05662,place,Let’s Patty,Riyadh,Riyadh
RYD_004590,riyadh_places_kaggle,places_08498,place,Let’s Patty,Riyadh,Riyadh
RYD_004591,riyadh_places_kaggle,places_00905,place,Levantine moments,Riyadh,Riyadh
RYD_004592,riyadh_places_kaggle,places_05019,place,Leve elements,Riyadh,Riyadh
RYD_004593,riyadh_places_kaggle,places_03643,place,Levure,Riyadh,Riyadh
RYD_004594,riyadh_places_kaggle,places_05849,place,Lewaks restaurant,Riyadh,Riyadh
RYD_004595,booking_kaggle,hotels_01002,hotel,Lewan Alkhaleej Aparthotel,Riyadh,Riyadh
RYD_004596,riyadh_places_kaggle,places_01691,place,Lezzat,Riyadh,Riyadh
RYD_004597,riyadh_places_kaggle,places_00392,place,Liajlehum,Riyadh,Riyadh
RYD_004598,riyadh_places_kaggle,places_01174,place,Lian Grapes,Riyadh,Riyadh
RYD_004599,riyadh_places_kaggle,places_08823,place,Lian Grapes,Riyadh,Riyadh
RYD_004600,riyadh_places_kaggle,places_00601,place,Liberty,Riyadh,Riyadh
RYD_004601,riyadh_places_kaggle,places_00779,place,Liberty,Riyadh,Riyadh
RYD_004602,riyadh_places_kaggle,places_06055,place,Life food,Riyadh,Riyadh
RYD_004603,riyadh_places_kaggle,places_06039,place,Lilas,Riyadh,Riyadh
RYD_004604,riyadh_places_kaggle,places_05269,place,Lily Flowers,Riyadh,Riyadh
RYD_004604,riyadh_places_kaggle,places_05691,place,Lily Café,Riyadh,Riyadh
RYD_004605,riyadh_places_kaggle,places_06604,place,Lime juice,Riyadh,Riyadh
RYD_004606,riyadh_places_kaggle,places_07777,place,Lina Pancakes,Riyadh,Riyadh
RYD_004607,riyadh_places_kaggle,places_06573,place,Linu,Riyadh,Riyadh
RYD_004608,riyadh_places_kaggle,places_08279,place,Liqa Alahiba,Riyadh,Riyadh
RYD_004609,riyadh_places_kaggle,places_01709,place,Liqimat brulih,Riyadh,Riyadh
RYD_004610,riyadh_places_kaggle,places_03266,place,Lishlazz,Riyadh,Riyadh
RYD_004611,riyadh_places_kaggle,places_00128,place,Little Caesar's pizza,Riyadh,Riyadh
RYD_004612,riyadh_places_kaggle,places_00356,place,Little Caesar's pizza,Riyadh,Riyadh
RYD_004613,riyadh_places_kaggle,places_00918,place,Little Caesar's pizza,Riyadh,Riyadh
RYD_004614,riyadh_places_kaggle,places_01655,place,Little Caesar's pizza,Riyadh,Riyadh
RYD_004615,riyadh_places_kaggle,places_02308,place,Little Caesar's pizza,Riyadh,Riyadh
RYD_004616,riyadh_places_kaggle,places_03332,place,Little Caesar's pizza,Riyadh,Riyadh
RYD_004617,riyadh_places_kaggle,places_07298,place,Little Caesar's pizza,Riyadh,Riyadh
RYD_004618,entertainment_kaggle,entertainment_00222,entertainment,Little Red Sand,Riyadh,Riyadh
RYD_004619,entertainment_kaggle,entertainment_00251,entertainment,Little Red Sand,Riyadh,Riyadh
RYD_004620,riyadh_places_kaggle,places_02943,place,Little Skilled,Riyadh,Riyadh
RYD_004621,riyadh_places_kaggle,places_06985,place,Little Skilled,Riyadh,Riyadh
RYD_004622,riyadh_places_kaggle,places_03019,place,Liu,Riyadh,Riyadh
RYD_004623,entertainment_kaggle,entertainment_00141,entertainment,Live Show Arabia,Riyadh,Riyadh
RYD_004624,entertainment_kaggle,entertainment_00150,entertainment,Live Show Arabia,Riyadh,Riyadh
RYD_004625,riyadh_places_kaggle,places_06641,place,Liver &amp; More Restaurant,Riyadh,Riyadh
RYD_004626,riyadh_places_kaggle,places_06483,place,Liver and Cheese,Riyadh,Riyadh
RYD_004627,riyadh_places_kaggle,places_01830,place,Liver and Meat,Riyadh,Riyadh
RYD_004628,riyadh_places_kaggle,places_01985,place,Liver and Meat,Riyadh,Riyadh
RYD_004629,riyadh_places_kaggle,places_03606,place,Liver and Meat,Riyadh,Riyadh
RYD_004630,riyadh_places_kaggle,places_06015,place,Liver and pasta,Riyadh,Riyadh
RYD_004631,riyadh_places_kaggle,places_00150,place,Liver shot,Riyadh,Riyadh
RYD_004632,riyadh_places_kaggle,places_03134,place,Livin,Riyadh,Riyadh
RYD_004633,riyadh_places_kaggle,places_04364,place,Loaded Burger,Riyadh,Riyadh
RYD_004634,riyadh_places_kaggle,places_07001,place,Loaded Burger,Riyadh,Riyadh
RYD_004635,riyadh_places_kaggle,places_02800,place,Lobstrol,Riyadh,Riyadh
RYD_004636,riyadh_places_kaggle,places_05742,place,Lobstrol,Riyadh,Riyadh
RYD_004637,riyadh_places_kaggle,places_06487,place,Lobstrol,Riyadh,Riyadh
RYD_004638,riyadh_places_kaggle,places_05204,place,Log out,Riyadh,Riyadh
RYD_004639,riyadh_places_kaggle,places_03637,place,Loga,Riyadh,Riyadh
RYD_004640,riyadh_places_kaggle,places_04951,place,Logaimat Ajdadina,Riyadh,Riyadh
RYD_004641,riyadh_places_kaggle,places_05961,place,Logaimat Ajdadina,Riyadh,Riyadh
RYD_004642,riyadh_places_kaggle,places_00440,place,Logaimat Maram Al Amal,Riyadh,Riyadh
RYD_004643,riyadh_places_kaggle,places_07924,place,Logimat Al Dar,Riyadh,Riyadh
RYD_004644,riyadh_places_kaggle,places_00320,place,Logimat And Karak,Riyadh,Riyadh
RYD_004645,riyadh_places_kaggle,places_01020,place,Logimat And Karak,Riyadh,Riyadh
RYD_004646,riyadh_places_kaggle,places_02251,place,Logimat And Karak,Riyadh,Riyadh
RYD_004647,riyadh_places_kaggle,places_04300,place,Logimat And Karak,Riyadh,Riyadh
RYD_004648,riyadh_places_kaggle,places_08305,place,Logimat And Karak,Riyadh,Riyadh
RYD_004649,riyadh_places_kaggle,places_06136,place,Logimat Bint Al Qadi,Riyadh,Riyadh
RYD_004650,riyadh_places_kaggle,places_01609,place,Logimat Bogshaty,Riyadh,Riyadh
RYD_004651,riyadh_places_kaggle,places_03016,place,Logimat Bogshaty,Riyadh,Riyadh
RYD_004652,riyadh_places_kaggle,places_07521,place,Logimat Bogshaty,Riyadh,Riyadh
RYD_004653,riyadh_places_kaggle,places_07699,place,Logimat Cherry And Dates,Riyadh,Riyadh
RYD_004654,riyadh_places_kaggle,places_08627,place,Logimat Haifa,Riyadh,Riyadh
RYD_004655,riyadh_places_kaggle,places_07876,place,Logimat Khayal,Riyadh,Riyadh
RYD_004656,riyadh_places_kaggle,places_07047,place,Logimat Latheetha,Riyadh,Riyadh
RYD_004657,riyadh_places_kaggle,places_08192,place,Logimat Sanbousah,Riyadh,Riyadh
RYD_004658,riyadh_places_kaggle,places_08193,place,Logimat Sanbousah jadati,Riyadh,Riyadh
RYD_004659,riyadh_places_kaggle,places_05123,place,Logmt Logimat,Riyadh,Riyadh
RYD_004660,riyadh_places_kaggle,places_01148,place,Logmt Loqaimat,Riyadh,Riyadh
RYD_004661,riyadh_places_kaggle,places_02180,place,Logmt Loqaimat,Riyadh,Riyadh
RYD_004662,riyadh_places_kaggle,places_06232,place,Lokma Zouk,Riyadh,Riyadh
RYD_004663,riyadh_places_kaggle,places_02037,place,Lokma and sambosa,Riyadh,Riyadh
RYD_004664,riyadh_places_kaggle,places_02170,place,Lokma and sambosa,Riyadh,Riyadh
RYD_004665,riyadh_places_kaggle,places_02872,place,Lokma and sambosa,Riyadh,Riyadh
RYD_004666,riyadh_places_kaggle,places_07227,place,Lokma and sambosa,Riyadh,Riyadh
RYD_004667,riyadh_places_kaggle,places_04686,place,Lokum Diyari,Riyadh,Riyadh
RYD_004668,riyadh_places_kaggle,places_02079,place,Lolivo,Riyadh,Riyadh
RYD_004669,riyadh_places_kaggle,places_03184,place,Lolivo,Riyadh,Riyadh
RYD_004670,riyadh_places_kaggle,places_05539,place,Lolivo,Riyadh,Riyadh
RYD_004671,riyadh_places_kaggle,places_02670,place,Lolliva Chocolate,Riyadh,Riyadh
RYD_004671,riyadh_places_kaggle,places_02689,place,nash coco,Riyadh,Riyadh
RYD_004671,riyadh_places_kaggle,places_02691,place,3K Chocolate,Riyadh,Riyadh
RYD_004671,riyadh_places_kaggle,places_02693,place,Party And Chocola,Riyadh,Riyadh
RYD_004671,riyadh_places_kaggle,places_02694,place,Glamour Chocolate,Riyadh,Riyadh
RYD_004671,riyadh_places_kaggle,places_02697,place,Savour Chocolate,Riyadh,Riyadh
RYD_004671,riyadh_places_kaggle,places_02705,place,Maison de chocolate,Riyadh,Riyadh
RYD_004671,riyadh_places_kaggle,places_02708,place,Choco Flakes,Riyadh,Riyadh
RYD_004671,riyadh_places_kaggle,places_02714,place,Chocovita,Riyadh,Riyadh
RYD_004671,riyadh_places_kaggle,places_02717,place,Evra chocolate,Riyadh,Riyadh
RYD_004671,riyadh_places_kaggle,places_02721,place,Sugar Coated,Riyadh,Riyadh
RYD_004672,riyadh_places_kaggle,places_05417,place,Lolliva Chocolate,Riyadh,Riyadh
RYD_004672,riyadh_places_kaggle,places_05427,place,Choco Flakes,Riyadh,Riyadh
RYD_004672,riyadh_places_kaggle,places_05434,place,Chocovita,Riyadh,Riyadh
RYD_004672,riyadh_places_kaggle,places_05435,place,Evra chocolate,Riyadh,Riyadh
RYD_004673,riyadh_places_kaggle,places_07331,place,Lolliva Chocolate,Riyadh,Riyadh
RYD_004673,riyadh_places_kaggle,places_07342,place,3K Chocolate,Riyadh,Riyadh
RYD_004673,riyadh_places_kaggle,places_07344,place,Party And Chocola,Riyadh,Riyadh
RYD_004673,riyadh_places_kaggle,places_07347,place,Glamour Chocolate,Riyadh,Riyadh
RYD_004673,riyadh_places_kaggle,places_07348,place,Savour Chocolate,Riyadh,Riyadh
RYD_004673,riyadh_places_kaggle,places_07351,place,Maison de chocolate,Riyadh,Riyadh
RYD_004673,riyadh_places_kaggle,places_07355,place,LEBOHNEUR CHOCOLATE,Riyadh,Riyadh
RYD_004673,riyadh_places_kaggle,places_07362,place,Evra chocolate,Riyadh,Riyadh
RYD_004673,riyadh_places_kaggle,places_07374,place,CHOCOLATE SEASONS,Riyadh,Riyadh
RYD_004673,riyadh_places_kaggle,places_07376,place,Sugar Coated,Riyadh,Riyadh
RYD_004674,riyadh_places_kaggle,places_08757,place,Lolliva Chocolate,Riyadh,Riyadh
RYD_004674,riyadh_places_kaggle,places_08764,place,3K Chocolate,Riyadh,Riyadh
RYD_004674,riyadh_places_kaggle,places_08766,place,Maison de chocolate,Riyadh,Riyadh
RYD_004674,riyadh_places_kaggle,places_08775,place,Evra chocolate,Riyadh,Riyadh
RYD_004674,riyadh_places_kaggle,places_08783,place,Glamour Chocolate,Riyadh,Riyadh
RYD_004674,riyadh_places_kaggle,places_08784,place,Savour Chocolate,Riyadh,Riyadh
RYD_004675,riyadh_places_kaggle,places_00683,place,Lolo Ice Cream,Riyadh,Riyadh
RYD_004676,riyadh_places_kaggle,places_00963,place,Lolo Ice Cream,Riyadh,Riyadh
RYD_004677,riyadh_places_kaggle,places_06489,place,Lolo Ice Cream,Riyadh,Riyadh
RYD_004678,riyadh_places_kaggle,places_07079,place,Lolo'at Al Sauce,Riyadh,Riyadh
RYD_004679,riyadh_places_kaggle,places_03009,place,London Fish &amp; Chips,Riyadh,Riyadh
RYD_004680,riyadh_places_kaggle,places_03123,place,London Restaurant,Riyadh,Riyadh
RYD_004681,entertainment_kaggle,entertainment_00209,entertainment,Long Flag,Diriyah,Riyadh
RYD_004682,entertainment_kaggle,entertainment_00219,entertainment,Long Flag,Diriyah,Riyadh
RYD_004683,riyadh_places_kaggle,places_07236,place,Loodworld,Riyadh,Riyadh
RYD_004684,riyadh_places_kaggle,places_07774,place,Loqaimat Loqmat Almasaa,Riyadh,Riyadh
RYD_004685,riyadh_places_kaggle,places_05801,place,Loqaimat Qarmashah,Riyadh,Riyadh
RYD_004686,riyadh_places_kaggle,places_06646,place,Loqaymat Foton,Riyadh,Riyadh
RYD_004687,riyadh_places_kaggle,places_06277,place,Loqaymat Trwegah,Riyadh,Riyadh
RYD_004688,riyadh_places_kaggle,places_08023,place,Loqma baladi,Riyadh,Riyadh
RYD_004689,riyadh_places_kaggle,places_05809,place,Lora rose,Riyadh,Riyadh
RYD_004690,riyadh_places_kaggle,places_03730,place,Lorca Cafe,Riyadh,Riyadh
RYD_004691,riyadh_places_kaggle,places_00094,place,Lorenzo Pizza,Riyadh,Riyadh
RYD_004692,riyadh_places_kaggle,places_00350,place,Lorenzo Pizza,Riyadh,Riyadh
RYD_004693,riyadh_places_kaggle,places_00406,place,Lorenzo Pizza,Riyadh,Riyadh
RYD_004694,riyadh_places_kaggle,places_00552,place,Lorenzo Pizza,Riyadh,Riyadh
RYD_004695,riyadh_places_kaggle,places_00709,place,Lorenzo Pizza,Riyadh,Riyadh
RYD_004696,riyadh_places_kaggle,places_00931,place,Lorenzo Pizza,Riyadh,Riyadh
RYD_004697,riyadh_places_kaggle,places_01018,place,Lorenzo Pizza,Riyadh,Riyadh
RYD_004698,riyadh_places_kaggle,places_01304,place,Lorenzo Pizza,Riyadh,Riyadh
RYD_004699,riyadh_places_kaggle,places_01940,place,Lorenzo Pizza,Riyadh,Riyadh
RYD_004700,riyadh_places_kaggle,places_02309,place,Lorenzo Pizza,Riyadh,Riyadh
RYD_004701,riyadh_places_kaggle,places_02535,place,Lorenzo Pizza,Riyadh,Riyadh
RYD_004702,riyadh_places_kaggle,places_03097,place,Lorenzo Pizza,Riyadh,Riyadh
RYD_004703,riyadh_places_kaggle,places_05327,place,Lorenzo Pizza,Riyadh,Riyadh
RYD_004704,riyadh_places_kaggle,places_06437,place,Lorenzo Pizza,Riyadh,Riyadh
RYD_004705,riyadh_places_kaggle,places_07217,place,Lorenzo Pizza,Riyadh,Riyadh
RYD_004706,riyadh_places_kaggle,places_07890,place,Lorenzo Pizza,Riyadh,Riyadh
RYD_004707,riyadh_places_kaggle,places_01552,place,Los Primos,Riyadh,Riyadh
RYD_004708,riyadh_places_kaggle,places_02810,place,Losh Burger,Riyadh,Riyadh
RYD_004709,riyadh_places_kaggle,places_01431,place,Lotta,Riyadh,Riyadh
RYD_004710,riyadh_places_kaggle,places_02434,place,Lotta,Riyadh,Riyadh
RYD_004711,riyadh_places_kaggle,places_02590,place,Lotta,Riyadh,Riyadh
RYD_004712,riyadh_places_kaggle,places_07499,place,Lotta,Riyadh,Riyadh
RYD_004713,riyadh_places_kaggle,places_05138,place,Lotus Konafa,Riyadh,Riyadh
RYD_004713,riyadh_places_kaggle,places_05148,place,Konafa Al Reem,Riyadh,Riyadh
RYD_004714,riyadh_places_kaggle,places_04170,place,Lovely Memory,Riyadh,Riyadh
RYD_004715,riyadh_places_kaggle,places_01512,place,Low Calories,Riyadh,Riyadh
RYD_004716,riyadh_places_kaggle,places_07100,place,Low Calories,Riyadh,Riyadh
RYD_004717,riyadh_places_kaggle,places_07848,place,Low Calories,Riyadh,Riyadh
RYD_004718,riyadh_places_kaggle,places_08665,place,Low Calories,Riyadh,Riyadh
RYD_004719,riyadh_places_kaggle,places_02839,place,Low Key,Riyadh,Riyadh
RYD_004720,riyadh_places_kaggle,places_06278,place,Lqymat Jenan,Riyadh,Riyadh
RYD_004721,riyadh_places_kaggle,places_07813,place,Lqymat alasria,Riyadh,Riyadh
RYD_004722,riyadh_places_kaggle,places_03923,place,Lucca Steak House,Riyadh,Riyadh
RYD_004723,riyadh_places_kaggle,places_05975,place,Lucca Steak House,Riyadh,Riyadh
RYD_004724,riyadh_places_kaggle,places_04031,place,Lucky pizza,Riyadh,Riyadh
RYD_004724,riyadh_places_kaggle,places_06957,place,Pizza Inn,Riyadh,Riyadh
RYD_004725,riyadh_places_kaggle,places_04638,place,Lucy Café,Riyadh,Riyadh
RYD_004726,riyadh_places_kaggle,places_04681,place,Lugaimat Dorr,Riyadh,Riyadh
RYD_004727,riyadh_places_kaggle,places_02238,place,Lugaimat Hasha,Riyadh,Riyadh
RYD_004728,riyadh_places_kaggle,places_01736,place,Lugeemat &amp; Qahuwa,Riyadh,Riyadh
RYD_004729,riyadh_places_kaggle,places_00116,place,Lulu Hypermarket,Riyadh,Riyadh
RYD_004730,riyadh_places_kaggle,places_02951,place,Lulu Hypermarket,Riyadh,Riyadh
RYD_004731,riyadh_places_kaggle,places_06524,place,Lulu Hypermarket,Riyadh,Riyadh
RYD_004732,riyadh_places_kaggle,places_08184,place,Lulu Hypermarket,Riyadh,Riyadh
RYD_004733,riyadh_places_kaggle,places_00319,place,Lulu Restaurant,Riyadh,Riyadh
RYD_004734,riyadh_places_kaggle,places_03751,place,Lulu Restaurant,Riyadh,Riyadh
RYD_004735,riyadh_places_kaggle,places_04685,place,Lulu Restaurant,Riyadh,Riyadh
RYD_004736,riyadh_places_kaggle,places_05846,place,Lulu Restaurant,Riyadh,Riyadh
RYD_004737,riyadh_places_kaggle,places_08290,place,Lulu Restaurant,Riyadh,Riyadh
RYD_004738,riyadh_places_kaggle,places_06676,place,Luluat Alfatira Aldimashqia,Riyadh,Riyadh
RYD_004739,riyadh_places_kaggle,places_04839,place,Luluat Alsham,Riyadh,Riyadh
RYD_004740,riyadh_places_kaggle,places_00591,place,Luna Pasta,Riyadh,Riyadh
RYD_004741,riyadh_places_kaggle,places_04346,place,Luna Sweet,Riyadh,Riyadh
RYD_004742,riyadh_places_kaggle,places_02559,place,Luqaimat &amp; Balah,Riyadh,Riyadh
RYD_004743,riyadh_places_kaggle,places_04047,place,Luqaimat &amp; Balah,Riyadh,Riyadh
RYD_004744,riyadh_places_kaggle,places_04744,place,Luqaimat &amp; Balah,Riyadh,Riyadh
RYD_004745,riyadh_places_kaggle,places_00345,place,Luqaimat Al Dana,Riyadh,Riyadh
RYD_004746,riyadh_places_kaggle,places_06035,place,Luqaimat Al Dana,Riyadh,Riyadh
RYD_004747,riyadh_places_kaggle,places_01538,place,Luqaimat Al Dirah,Riyadh,Riyadh
RYD_004748,riyadh_places_kaggle,places_07168,place,Luqaimat Al Dirah,Riyadh,Riyadh
RYD_004749,riyadh_places_kaggle,places_08557,place,Luqaimat Al Dirah,Riyadh,Riyadh
RYD_004750,riyadh_places_kaggle,places_06686,place,Luqaimat Al Sanabel,Riyadh,Riyadh
RYD_004751,riyadh_places_kaggle,places_07925,place,Luqaimat Al Sanabel,Riyadh,Riyadh
RYD_004752,riyadh_places_kaggle,places_08649,place,Luqaimat Al Sanabel,Riyadh,Riyadh
RYD_004753,riyadh_places_kaggle,places_06345,place,Luqaimat Golden Sands,Riyadh,Riyadh
RYD_004754,riyadh_places_kaggle,places_04975,place,Luqaimat Hashah,Riyadh,Riyadh
RYD_004755,riyadh_places_kaggle,places_02339,place,Luqaimat Kinan,Riyadh,Riyadh
RYD_004756,riyadh_places_kaggle,places_08199,place,Luqaimat Kinan,Riyadh,Riyadh
RYD_004757,riyadh_places_kaggle,places_04705,place,Luqaimat Mama Latifa,Riyadh,Riyadh
RYD_004758,riyadh_places_kaggle,places_02136,place,Luqaimat Mayar,Riyadh,Riyadh
RYD_004759,riyadh_places_kaggle,places_03543,place,Luqaimat Musk,Riyadh,Riyadh
RYD_004760,riyadh_places_kaggle,places_06218,place,Luqaimat Sweet,Riyadh,Riyadh
RYD_004761,riyadh_places_kaggle,places_08562,place,Luqaimat Sweet,Riyadh,Riyadh
RYD_004762,riyadh_places_kaggle,places_04707,place,Luqaimat TY,Riyadh,Riyadh
RYD_004763,riyadh_places_kaggle,places_05097,place,Luqaimat Tarf,Riyadh,Riyadh
RYD_004764,riyadh_places_kaggle,places_06185,place,Luqaimat Toronto,Riyadh,Riyadh
RYD_004765,riyadh_places_kaggle,places_04969,place,Luqaimat Wans,Riyadh,Riyadh
RYD_004766,riyadh_places_kaggle,places_06540,place,Luqaimat Zuwara,Riyadh,Riyadh
RYD_004767,riyadh_places_kaggle,places_05894,place,Luqaimat and Masabib,Riyadh,Riyadh
RYD_004768,riyadh_places_kaggle,places_08718,place,Luqaimat and pies,Riyadh,Riyadh
RYD_004769,riyadh_places_kaggle,places_06085,place,Luqaimat jalila,Riyadh,Riyadh
RYD_004770,riyadh_places_kaggle,places_06112,place,Luqaimat w sambusa qaryatina,Riyadh,Riyadh
RYD_004771,riyadh_places_kaggle,places_08281,place,Luqimat Maqali,Riyadh,Riyadh
RYD_004772,riyadh_places_kaggle,places_08792,place,Lurve,Riyadh,Riyadh
RYD_004773,riyadh_places_kaggle,places_00731,place,Lusin,Riyadh,Riyadh
RYD_004774,riyadh_places_kaggle,places_00255,place,Lusso,Riyadh,Riyadh
RYD_004775,riyadh_places_kaggle,places_03510,place,Lusso,Riyadh,Riyadh
RYD_004776,riyadh_places_kaggle,places_07316,place,Lusso,Riyadh,Riyadh
RYD_004777,riyadh_places_kaggle,places_07906,place,Lusso,Riyadh,Riyadh
RYD_004778,riyadh_places_kaggle,places_04822,place,Lutra cafe,Riyadh,Riyadh
RYD_004779,riyadh_places_kaggle,places_05897,place,Luxury Chocolates,Riyadh,Riyadh
RYD_004780,riyadh_places_kaggle,places_06651,place,Luxury juice,Riyadh,Riyadh
RYD_004781,riyadh_places_kaggle,places_04234,place,LvLive,Riyadh,Riyadh
RYD_004782,riyadh_places_kaggle,places_06274,place,Lviv Croissant,Riyadh,Riyadh
RYD_004783,riyadh_places_kaggle,places_02428,place,Lvona,Riyadh,Riyadh
RYD_004784,riyadh_places_kaggle,places_01984,place,Lzory Pâtisserie,Riyadh,Riyadh
RYD_004785,riyadh_places_kaggle,places_07536,place,Lzory Pâtisserie,Riyadh,Riyadh
RYD_004786,riyadh_places_kaggle,places_05017,place,L’ olimpo,Riyadh,Riyadh
RYD_004787,riyadh_places_kaggle,places_04714,place,L’DOUH,Riyadh,Riyadh
RYD_004788,riyadh_places_kaggle,places_05697,place,L’DOUH,Riyadh,Riyadh
RYD_004789,riyadh_places_kaggle,places_02209,place,M DEE,Riyadh,Riyadh
RYD_004790,riyadh_places_kaggle,places_02497,place,M DEE,Riyadh,Riyadh
RYD_004791,riyadh_places_kaggle,places_03488,place,M DEE,Riyadh,Riyadh
RYD_004792,riyadh_places_kaggle,places_07669,place,M DEE,Riyadh,Riyadh
RYD_004793,riyadh_places_kaggle,places_08699,place,MACHINE,Riyadh,Riyadh
RYD_004794,riyadh_places_kaggle,places_04978,place,MADINAH BAKERY,Riyadh,Riyadh
RYD_004795,riyadh_places_kaggle,places_05556,place,MADINAH BAKERY,Riyadh,Riyadh
RYD_004796,riyadh_places_kaggle,places_04041,place,MADNESS &amp; DESIRE,Riyadh,Riyadh
RYD_004797,riyadh_places_kaggle,places_05806,place,MADNESS &amp; DESIRE,Riyadh,Riyadh
RYD_004798,riyadh_places_kaggle,places_02249,place,MADPICOM,Riyadh,Riyadh
RYD_004799,riyadh_places_kaggle,places_06048,place,MADPICOM,Riyadh,Riyadh
RYD_004800,riyadh_places_kaggle,places_06137,place,MADPICOM,Riyadh,Riyadh
RYD_004801,riyadh_places_kaggle,places_06207,place,MADPICOM,Riyadh,Riyadh
RYD_004802,riyadh_places_kaggle,places_06691,place,MADPICOM,Riyadh,Riyadh
RYD_004803,riyadh_places_kaggle,places_05871,place,MAKANI coffee.,Riyadh,Riyadh
RYD_004804,riyadh_places_kaggle,places_06359,place,MALBRIZ ARAB,Riyadh,Riyadh
RYD_004805,riyadh_places_kaggle,places_07767,place,MALOUKA COFFEE,Riyadh,Riyadh
RYD_004806,riyadh_places_kaggle,places_07778,place,MAMA HOURIYA,Riyadh,Riyadh
RYD_004807,riyadh_places_kaggle,places_02288,place,MAMA SARAH,Riyadh,Riyadh
RYD_004808,riyadh_places_kaggle,places_02935,place,MANALI,Riyadh,Riyadh
RYD_004809,riyadh_places_kaggle,places_05129,place,MANAQISH AND TEA,Riyadh,Riyadh
RYD_004810,riyadh_places_kaggle,places_05778,place,MAQMRAH,Riyadh,Riyadh
RYD_004811,riyadh_places_kaggle,places_04847,place,MARBLE,Riyadh,Riyadh
RYD_004812,riyadh_places_kaggle,places_02995,place,MARVEL,Riyadh,Riyadh
RYD_004813,riyadh_places_kaggle,places_07295,place,MARVEL,Riyadh,Riyadh
RYD_004814,riyadh_places_kaggle,places_00263,place,MARVELLO,Riyadh,Riyadh
RYD_004815,riyadh_places_kaggle,places_02703,place,MARVELLO,Riyadh,Riyadh
RYD_004816,riyadh_places_kaggle,places_05458,place,MARVELLO,Riyadh,Riyadh
RYD_004817,riyadh_places_kaggle,places_07352,place,MARVELLO,Riyadh,Riyadh
RYD_004818,riyadh_places_kaggle,places_08768,place,MARVELLO,Riyadh,Riyadh
RYD_004819,riyadh_places_kaggle,places_00695,place,MARZOZ,Riyadh,Riyadh
RYD_004820,riyadh_places_kaggle,places_03913,place,MARZOZ,Riyadh,Riyadh
RYD_004821,riyadh_places_kaggle,places_07625,place,MARZOZ,Riyadh,Riyadh
RYD_004822,riyadh_places_kaggle,places_08373,place,MASARATCOM,Riyadh,Riyadh
RYD_004823,riyadh_places_kaggle,places_06737,place,MASHWI KAREEM,Riyadh,Riyadh
RYD_004824,riyadh_places_kaggle,places_06332,place,MASHWIAAT THEMAR,Riyadh,Riyadh
RYD_004825,riyadh_places_kaggle,places_02960,place,MAUI - Aqiq,Riyadh,Riyadh
RYD_004826,riyadh_places_kaggle,places_06817,place,MAUI - Aqiq,Riyadh,Riyadh
RYD_004827,riyadh_places_kaggle,places_05936,place,MAWWAL BISTRO,Riyadh,Riyadh
RYD_004828,riyadh_places_kaggle,places_04718,place,MAZAJ SUMO,Riyadh,Riyadh
RYD_004829,riyadh_places_kaggle,places_05910,place,MAZAMEEZ,Riyadh,Riyadh
RYD_004830,riyadh_places_kaggle,places_04955,place,MAZAQ AL FATERA AL DEMASHQYA AL Alasliya,Riyadh,Riyadh
RYD_004831,riyadh_places_kaggle,places_00429,place,MCC,Riyadh,Riyadh
RYD_004832,riyadh_places_kaggle,places_01266,place,MCC,Riyadh,Riyadh
RYD_004833,riyadh_places_kaggle,places_01909,place,MCC,Riyadh,Riyadh
RYD_004834,riyadh_places_kaggle,places_02639,place,MCC,Riyadh,Riyadh
RYD_004835,riyadh_places_kaggle,places_07115,place,MCC,Riyadh,Riyadh
RYD_004836,riyadh_places_kaggle,places_03344,place,MEAT AND MORE,Riyadh,Riyadh
RYD_004837,riyadh_places_kaggle,places_03131,place,MEATIN GRILL'S,Riyadh,Riyadh
RYD_004838,riyadh_places_kaggle,places_03792,place,MEATTERS,Riyadh,Riyadh
RYD_004839,riyadh_places_kaggle,places_00102,place,MEHFIL HYDERABADI RESTAURANT,Riyadh,Riyadh
RYD_004840,riyadh_places_kaggle,places_05188,place,MELANG CHOCOLATE,Riyadh,Riyadh
RYD_004841,riyadh_places_kaggle,places_08413,place,MENTION,Riyadh,Riyadh
RYD_004842,riyadh_places_kaggle,places_02292,place,MENTO GOFA,Riyadh,Riyadh
RYD_004843,riyadh_places_kaggle,places_01981,place,MERCATO Coffee,Riyadh,Riyadh
RYD_004844,riyadh_places_kaggle,places_07467,place,MERCATO Coffee,Riyadh,Riyadh
RYD_004845,riyadh_places_kaggle,places_08354,place,MERCATO Coffee,Riyadh,Riyadh
RYD_004846,riyadh_places_kaggle,places_01156,place,METCH,Riyadh,Riyadh
RYD_004847,riyadh_places_kaggle,places_04490,place,MEXICAN CUISINE AMgos,Riyadh,Riyadh
RYD_004848,riyadh_places_kaggle,places_05067,place,MHFOF,Riyadh,Riyadh
RYD_004849,riyadh_places_kaggle,places_02279,place,MILAF SWEET,Riyadh,Riyadh
RYD_004850,riyadh_places_kaggle,places_03911,place,MILAF SWEET,Riyadh,Riyadh
RYD_004851,riyadh_places_kaggle,places_06056,place,MILAF SWEET,Riyadh,Riyadh
RYD_004852,riyadh_places_kaggle,places_06624,place,MILAF SWEET,Riyadh,Riyadh
RYD_004853,riyadh_places_kaggle,places_04510,place,MIND BREAK,Riyadh,Riyadh
RYD_004854,riyadh_places_kaggle,places_06351,place,MISHWAR,Riyadh,Riyadh
RYD_004855,riyadh_places_kaggle,places_00216,place,MISTER SHAWAYA,Riyadh,Riyadh
RYD_004856,riyadh_places_kaggle,places_04311,place,MISTER SHAWAYA,Riyadh,Riyadh
RYD_004857,riyadh_places_kaggle,places_04923,place,MIX AND PIX,Riyadh,Riyadh
RYD_004858,riyadh_places_kaggle,places_02496,place,MLT,Riyadh,Riyadh
RYD_004859,riyadh_places_kaggle,places_02720,place,MLW,Riyadh,Riyadh
RYD_004860,riyadh_places_kaggle,places_05430,place,MLW,Riyadh,Riyadh
RYD_004861,riyadh_places_kaggle,places_08782,place,MLW,Riyadh,Riyadh
RYD_004862,riyadh_places_kaggle,places_04165,place,MOA,Riyadh,Riyadh
RYD_004863,riyadh_places_kaggle,places_05733,place,MOA,Riyadh,Riyadh
RYD_004864,riyadh_places_kaggle,places_06202,place,MOMENT MET,Riyadh,Riyadh
RYD_004865,riyadh_places_kaggle,places_04845,place,MOMO Chocolatier,Riyadh,Riyadh
RYD_004866,riyadh_places_kaggle,places_05892,place,MONTAQA ALASAL,Riyadh,Riyadh
RYD_004867,riyadh_places_kaggle,places_01820,place,MOOSH CAFE,Riyadh,Riyadh
RYD_004868,riyadh_places_kaggle,places_02909,place,MOOSH CAFE,Riyadh,Riyadh
RYD_004869,riyadh_places_kaggle,places_01699,place,MOثLث,Riyadh,Riyadh
RYD_004870,riyadh_places_kaggle,places_01042,place,MR BEAST BURGER,Riyadh,Riyadh
RYD_004871,riyadh_places_kaggle,places_02601,place,MR BEAST BURGER,Riyadh,Riyadh
RYD_004872,riyadh_places_kaggle,places_02625,place,MR SALATA SALAD &amp; JUICE BAR,Riyadh,Riyadh
RYD_004873,riyadh_places_kaggle,places_03879,place,MR.BUN,Riyadh,Riyadh
RYD_004874,riyadh_places_kaggle,places_03570,place,MSAYYAN,Riyadh,Riyadh
RYD_004875,riyadh_places_kaggle,places_02959,place,MU!,Riyadh,Riyadh
RYD_004876,riyadh_places_kaggle,places_04124,place,MUBAHARS,Riyadh,Riyadh
RYD_004877,riyadh_places_kaggle,places_03119,place,MUCCHE,Riyadh,Riyadh
RYD_004878,riyadh_places_kaggle,places_04727,place,MUJA,Riyadh,Riyadh
RYD_004879,riyadh_places_kaggle,places_06058,place,MUKO CHOCOLATE,Riyadh,Riyadh
RYD_004880,riyadh_places_kaggle,places_06575,place,MURCIA,Riyadh,Riyadh
RYD_004881,riyadh_places_kaggle,places_03918,place,MUTE,Riyadh,Riyadh
RYD_004882,riyadh_places_kaggle,places_01973,place,MWTEN ZMAN,Riyadh,Riyadh
RYD_004883,riyadh_places_kaggle,places_00705,place,MXD,Riyadh,Riyadh
RYD_004884,riyadh_places_kaggle,places_03374,place,MXD,Riyadh,Riyadh
RYD_004885,riyadh_places_kaggle,places_06731,place,MYLOS,Riyadh,Riyadh
RYD_004886,entertainment_kaggle,entertainment_00512,entertainment,Mabelle,Riyadh,Riyadh
RYD_004887,entertainment_kaggle,entertainment_00518,entertainment,Mabelle,Riyadh,Riyadh
RYD_004888,riyadh_places_kaggle,places_04262,place,Mabruk,Riyadh,Riyadh
RYD_004889,riyadh_places_kaggle,places_00092,place,Mac Coy's,Riyadh,Riyadh
RYD_004890,riyadh_places_kaggle,places_04967,place,Mac Coy's,Riyadh,Riyadh
RYD_004891,riyadh_places_kaggle,places_02055,place,Mac N` Cheese,Riyadh,Riyadh
RYD_004892,riyadh_places_kaggle,places_02897,place,Mac N` Cheese,Riyadh,Riyadh
RYD_004893,riyadh_places_kaggle,places_05613,place,Mac N` Cheese,Riyadh,Riyadh
RYD_004894,riyadh_places_kaggle,places_07648,place,Mac N` Cheese,Riyadh,Riyadh
RYD_004895,riyadh_places_kaggle,places_04397,place,Macarena,Riyadh,Riyadh
RYD_004896,riyadh_places_kaggle,places_07021,place,Macarena,Riyadh,Riyadh
RYD_004897,riyadh_places_kaggle,places_06725,place,Machboos and chapati,Riyadh,Riyadh
RYD_004898,riyadh_places_kaggle,places_01053,place,Mad Muscles,Riyadh,Riyadh
RYD_004899,riyadh_places_kaggle,places_04003,place,Mad Muscles,Riyadh,Riyadh
RYD_004900,riyadh_places_kaggle,places_01499,place,Mad Papas Pizza,Riyadh,Riyadh
RYD_004901,riyadh_places_kaggle,places_07578,place,Mad Papas Pizza,Riyadh,Riyadh
RYD_004902,riyadh_places_kaggle,places_00186,place,Mad Pizza,Riyadh,Riyadh
RYD_004903,riyadh_places_kaggle,places_00458,place,Mad Pizza,Riyadh,Riyadh
RYD_004904,riyadh_places_kaggle,places_00557,place,Mad Pizza,Riyadh,Riyadh
RYD_004904,riyadh_places_kaggle,places_00939,place,Maestro Pizza,Riyadh,Riyadh
RYD_004905,riyadh_places_kaggle,places_00708,place,Mad Pizza,Riyadh,Riyadh
RYD_004906,riyadh_places_kaggle,places_01352,place,Mad Pizza,Riyadh,Riyadh
RYD_004907,riyadh_places_kaggle,places_01858,place,Mad Pizza,Riyadh,Riyadh
RYD_004907,riyadh_places_kaggle,places_01860,place,Maestro Pizza,Riyadh,Riyadh
RYD_004908,riyadh_places_kaggle,places_02187,place,Mad Pizza,Riyadh,Riyadh
RYD_004909,riyadh_places_kaggle,places_02507,place,Mad Pizza,Riyadh,Riyadh
RYD_004909,riyadh_places_kaggle,places_02509,place,Maestro Pizza,Riyadh,Riyadh
RYD_004910,riyadh_places_kaggle,places_05380,place,Mad Pizza,Riyadh,Riyadh
RYD_004910,riyadh_places_kaggle,places_05382,place,Maestro Pizza,Riyadh,Riyadh
RYD_004911,riyadh_places_kaggle,places_07151,place,Mad Pizza,Riyadh,Riyadh
RYD_004912,riyadh_places_kaggle,places_07940,place,Mad Pizza,Riyadh,Riyadh
RYD_004913,riyadh_places_kaggle,places_08659,place,Mad Pizza,Riyadh,Riyadh
RYD_004914,riyadh_places_kaggle,places_00126,place,Madaras Biriyani,Riyadh,Riyadh
RYD_004915,riyadh_places_kaggle,places_06380,place,Madboot,Riyadh,Riyadh
RYD_004916,riyadh_places_kaggle,places_07765,place,Madboot,Riyadh,Riyadh
RYD_004917,riyadh_places_kaggle,places_08254,place,Madeena Restaurant,Riyadh,Riyadh
RYD_004918,riyadh_places_kaggle,places_04649,place,Madeleine,Riyadh,Riyadh
RYD_004919,riyadh_places_kaggle,places_03676,place,Madeleine Boutique,Riyadh,Riyadh
RYD_004920,riyadh_places_kaggle,places_05228,place,Madghot Al Jazeerah,Riyadh,Riyadh
RYD_004921,riyadh_places_kaggle,places_06062,place,Madghot Al Jazeerah,Riyadh,Riyadh
RYD_004922,riyadh_places_kaggle,places_05779,place,Madghot Tohama,Riyadh,Riyadh
RYD_004923,riyadh_places_kaggle,places_08050,place,Madghot Tohama,Riyadh,Riyadh
RYD_004924,riyadh_places_kaggle,places_08653,place,Madghot Tohama,Riyadh,Riyadh
RYD_004925,riyadh_places_kaggle,places_08618,place,Madghout Hartna,Riyadh,Riyadh
RYD_004926,riyadh_places_kaggle,places_00087,place,Madghout Raydan,Riyadh,Riyadh
RYD_004927,riyadh_places_kaggle,places_06270,place,Madghut Alawalin,Riyadh,Riyadh
RYD_004928,riyadh_places_kaggle,places_05744,place,Madghut Basha,Riyadh,Riyadh
RYD_004929,riyadh_places_kaggle,places_06871,place,Madghut Basha,Riyadh,Riyadh
RYD_004930,riyadh_places_kaggle,places_08544,place,Madghut Kabsa,Riyadh,Riyadh
RYD_004930,riyadh_places_kaggle,places_08546,place,Mahyof Kabsa,Riyadh,Riyadh
RYD_004930,riyadh_places_kaggle,places_08547,place,Kabsa Plus,Riyadh,Riyadh
RYD_004931,riyadh_places_kaggle,places_07203,place,Madghut Kishtuh,Riyadh,Riyadh
RYD_004931,riyadh_places_kaggle,places_07207,place,Kabsa Plus,Riyadh,Riyadh
RYD_004931,riyadh_places_kaggle,places_07208,place,Madghut Kabsa,Riyadh,Riyadh
RYD_004931,riyadh_places_kaggle,places_07210,place,Mahyof Kabsa,Riyadh,Riyadh
RYD_004932,riyadh_places_kaggle,places_08549,place,Madghut Kishtuh,Riyadh,Riyadh
RYD_004933,riyadh_places_kaggle,places_07750,place,Madghut Ridan,Riyadh,Riyadh
RYD_004934,riyadh_places_kaggle,places_01764,place,Madghut and Maktum Faqar,Riyadh,Riyadh
RYD_004935,riyadh_places_kaggle,places_08540,place,Madgod keyof,Riyadh,Riyadh
RYD_004936,riyadh_places_kaggle,places_05706,place,Madhaq Aljazira,Riyadh,Riyadh
RYD_004937,riyadh_places_kaggle,places_00937,place,Madhaq Almaghrib Restaurants,Riyadh,Riyadh
RYD_004938,riyadh_places_kaggle,places_02461,place,Madhaq Italian Pizza,Riyadh,Riyadh
RYD_004939,riyadh_places_kaggle,places_00163,place,Madhbi Alrahi,Riyadh,Riyadh
RYD_004940,riyadh_places_kaggle,places_02776,place,Madina Restaurant,Riyadh,Riyadh
RYD_004941,riyadh_places_kaggle,places_05776,place,Madpicom,Riyadh,Riyadh
RYD_004942,riyadh_places_kaggle,places_06311,place,Madpicom,Riyadh,Riyadh
RYD_004943,riyadh_places_kaggle,places_07855,place,Madpicom,Riyadh,Riyadh
RYD_004944,riyadh_places_kaggle,places_00038,place,Maestro Pizza,Riyadh,Riyadh
RYD_004944,riyadh_places_kaggle,places_00040,place,Mad Pizza,Riyadh,Riyadh
RYD_004945,riyadh_places_kaggle,places_00185,place,Maestro Pizza,Riyadh,Riyadh
RYD_004946,riyadh_places_kaggle,places_00457,place,Maestro Pizza,Riyadh,Riyadh
RYD_004947,riyadh_places_kaggle,places_00704,place,Maestro Pizza,Riyadh,Riyadh
RYD_004948,riyadh_places_kaggle,places_01508,place,Maestro Pizza,Riyadh,Riyadh
RYD_004949,riyadh_places_kaggle,places_01959,place,Maestro Pizza,Riyadh,Riyadh
RYD_004950,riyadh_places_kaggle,places_02188,place,Maestro Pizza,Riyadh,Riyadh
RYD_004951,riyadh_places_kaggle,places_02304,place,Maestro Pizza,Riyadh,Riyadh
RYD_004951,riyadh_places_kaggle,places_02305,place,Mad Pizza,Riyadh,Riyadh
RYD_004952,riyadh_places_kaggle,places_02822,place,Maestro Pizza,Riyadh,Riyadh
RYD_004952,riyadh_places_kaggle,places_02823,place,Mad Pizza,Riyadh,Riyadh
RYD_004953,riyadh_places_kaggle,places_07148,place,Maestro Pizza,Riyadh,Riyadh
RYD_004954,riyadh_places_kaggle,places_07938,place,Maestro Pizza,Riyadh,Riyadh
RYD_004955,riyadh_places_kaggle,places_08657,place,Maestro Pizza,Riyadh,Riyadh
RYD_004956,riyadh_places_kaggle,places_04450,place,Mafrazanat,Riyadh,Riyadh
RYD_004957,riyadh_places_kaggle,places_00220,place,Mafroomah‎‎,Riyadh,Riyadh
RYD_004958,riyadh_places_kaggle,places_00943,place,Mafroomah‎‎,Riyadh,Riyadh
RYD_004959,riyadh_places_kaggle,places_01310,place,Mafroomah‎‎,Riyadh,Riyadh
RYD_004960,riyadh_places_kaggle,places_02563,place,Mafroomah‎‎,Riyadh,Riyadh
RYD_004961,riyadh_places_kaggle,places_05529,place,Mafroomah‎‎,Riyadh,Riyadh
RYD_004962,riyadh_places_kaggle,places_08434,place,Mafroomah‎‎,Riyadh,Riyadh
RYD_004963,riyadh_places_kaggle,places_06097,place,Mafroon Sandwich,Riyadh,Riyadh
RYD_004964,entertainment_kaggle,entertainment_00210,entertainment,Magic Planet Riyadh Front - ماجيك بلانيت واجهة الرياض,Riyadh,Riyadh
RYD_004965,entertainment_kaggle,entertainment_00220,entertainment,Magic Planet Riyadh Front - ماجيك بلانيت واجهة الرياض,Riyadh,Riyadh
RYD_004966,entertainment_kaggle,entertainment_00264,entertainment,Magic Planet Riyadh Park - ماجيك بلانيت الرياض بارك,Riyadh,Riyadh
RYD_004967,entertainment_kaggle,entertainment_00274,entertainment,Magic Planet Riyadh Park - ماجيك بلانيت الرياض بارك,Riyadh,Riyadh
RYD_004968,riyadh_places_kaggle,places_01132,place,Mahailah Sweileh,Riyadh,Riyadh
RYD_004969,riyadh_places_kaggle,places_05261,place,Mahal,Riyadh,Riyadh
RYD_004970,riyadh_places_kaggle,places_00493,place,Mahashi Farhat,Riyadh,Riyadh
RYD_004971,riyadh_places_kaggle,places_04830,place,Mahashi Farhat,Riyadh,Riyadh
RYD_004972,riyadh_places_kaggle,places_07916,place,Mahashi Samara,Riyadh,Riyadh
RYD_004973,riyadh_places_kaggle,places_00080,place,Mahboob,Riyadh,Riyadh
RYD_004974,riyadh_places_kaggle,places_01653,place,Mahboob,Riyadh,Riyadh
RYD_004975,riyadh_places_kaggle,places_07591,place,Mahboob,Riyadh,Riyadh
RYD_004976,riyadh_places_kaggle,places_01510,place,Mahilat Aldanah Cafe,Riyadh,Riyadh
RYD_004977,riyadh_places_kaggle,places_03339,place,Mahkor,Riyadh,Riyadh
RYD_004978,riyadh_places_kaggle,places_07650,place,Mahkor,Riyadh,Riyadh
RYD_004979,riyadh_places_kaggle,places_07025,place,Mahmoud Akbar Restaurant,Riyadh,Riyadh
RYD_004980,booking_kaggle,hotels_00332,hotel,Mahra House,Al Majmaah,Riyadh
RYD_004981,riyadh_places_kaggle,places_05479,place,Mahyof Kabsa,Riyadh,Riyadh
RYD_004981,riyadh_places_kaggle,places_05481,place,Madghut Kabsa,Riyadh,Riyadh
RYD_004981,riyadh_places_kaggle,places_05485,place,Kabsa Plus,Riyadh,Riyadh
RYD_004981,riyadh_places_kaggle,places_05489,place,Madghut Kishtuh,Riyadh,Riyadh
RYD_004982,riyadh_places_kaggle,places_06854,place,Mahyof Kabsa,Riyadh,Riyadh
RYD_004983,riyadh_places_kaggle,places_01288,place,Maison B,Riyadh,Riyadh
RYD_004984,riyadh_places_kaggle,places_01782,place,Maison De Chocolate,Riyadh,Riyadh
RYD_004984,riyadh_places_kaggle,places_01784,place,Juliian Chocolate,Riyadh,Riyadh
RYD_004985,riyadh_places_kaggle,places_00233,place,Maison de chocolate,Riyadh,Riyadh
RYD_004985,riyadh_places_kaggle,places_00234,place,Sugar Coated,Riyadh,Riyadh
RYD_004985,riyadh_places_kaggle,places_00238,place,LEBOHNEUR CHOCOLATE,Riyadh,Riyadh
RYD_004985,riyadh_places_kaggle,places_00244,place,Choco Flakes,Riyadh,Riyadh
RYD_004985,riyadh_places_kaggle,places_00259,place,nash coco,Riyadh,Riyadh
RYD_004985,riyadh_places_kaggle,places_00261,place,Party And Chocola,Riyadh,Riyadh
RYD_004985,riyadh_places_kaggle,places_00267,place,Evra chocolate,Riyadh,Riyadh
RYD_004985,riyadh_places_kaggle,places_00278,place,Lolliva Chocolate,Riyadh,Riyadh
RYD_004985,riyadh_places_kaggle,places_00284,place,Glamour Chocolate,Riyadh,Riyadh
RYD_004985,riyadh_places_kaggle,places_00285,place,Savour Chocolate,Riyadh,Riyadh
RYD_004986,riyadh_places_kaggle,places_02078,place,Maitre Choux,Riyadh,Riyadh
RYD_004987,riyadh_places_kaggle,places_03006,place,Maitre Choux,Riyadh,Riyadh
RYD_004988,riyadh_places_kaggle,places_04630,place,Maitre Choux,Riyadh,Riyadh
RYD_004989,riyadh_places_kaggle,places_07292,place,Maitre Choux,Riyadh,Riyadh
RYD_004990,riyadh_places_kaggle,places_03561,place,Maize,Riyadh,Riyadh
RYD_004991,riyadh_places_kaggle,places_06080,place,Majboos Al Fereej,Riyadh,Riyadh
RYD_004992,riyadh_places_kaggle,places_06734,place,Majboos Jazzly,Riyadh,Riyadh
RYD_004993,riyadh_places_kaggle,places_08245,place,Majboos Jazzly,Riyadh,Riyadh
RYD_004994,riyadh_places_kaggle,places_04776,place,Majbous Al Daght,Riyadh,Riyadh
RYD_004995,riyadh_places_kaggle,places_01619,place,Majbous Express,Riyadh,Riyadh
RYD_004995,riyadh_places_kaggle,places_01620,place,Shaabi Express,Riyadh,Riyadh
RYD_004995,riyadh_places_kaggle,places_01623,place,Romansia Express,Riyadh,Riyadh
RYD_004995,riyadh_places_kaggle,places_01624,place,Makki Express,Riyadh,Riyadh
RYD_004996,riyadh_places_kaggle,places_01895,place,Majbous Express,Riyadh,Riyadh
RYD_004996,riyadh_places_kaggle,places_01896,place,Romansia Express,Riyadh,Riyadh
RYD_004996,riyadh_places_kaggle,places_01897,place,Makki Express,Riyadh,Riyadh
RYD_004996,riyadh_places_kaggle,places_01898,place,Shaabi Express,Riyadh,Riyadh
RYD_004997,riyadh_places_kaggle,places_03657,place,Majbous Express,Riyadh,Riyadh
RYD_004997,riyadh_places_kaggle,places_03660,place,Shaabi Express,Riyadh,Riyadh
RYD_004997,riyadh_places_kaggle,places_03662,place,Romansia Express,Riyadh,Riyadh
RYD_004997,riyadh_places_kaggle,places_03663,place,Makki Express,Riyadh,Riyadh
RYD_004998,riyadh_places_kaggle,places_06649,place,Majbus Aldaar,Riyadh,Riyadh
RYD_004999,riyadh_places_kaggle,places_03804,place,Makan Al Kunafa,Riyadh,Riyadh
RYD_005000,riyadh_places_kaggle,places_00698,place,Makani,Riyadh,Riyadh
RYD_005001,riyadh_places_kaggle,places_01009,place,Makani,Riyadh,Riyadh
RYD_005002,riyadh_places_kaggle,places_04385,place,Makani,Riyadh,Riyadh
RYD_005003,riyadh_places_kaggle,places_07497,place,Makani,Riyadh,Riyadh
RYD_005004,booking_kaggle,hotels_00313,hotel,Makarem Najd Funished Units 2,Riyadh,Riyadh
RYD_005005,riyadh_places_kaggle,places_05987,place,Makbous Express,Riyadh,Riyadh
RYD_005006,booking_kaggle,hotels_00203,hotel,Makeen Homes by Warwick Hotel,Riyadh,Riyadh
RYD_005007,riyadh_places_kaggle,places_00825,place,Maki House,Riyadh,Riyadh
RYD_005008,riyadh_places_kaggle,places_03248,place,Maki House,Riyadh,Riyadh
RYD_005009,riyadh_places_kaggle,places_03567,place,Maknoofa,Riyadh,Riyadh
RYD_005010,riyadh_places_kaggle,places_06095,place,Malas Kuwait,Riyadh,Riyadh
RYD_005011,riyadh_places_kaggle,places_06717,place,Malas Kuwait,Riyadh,Riyadh
RYD_005012,booking_kaggle,hotels_00829,hotel,Malath Furnished Units,Al Kharj,Riyadh
RYD_005013,riyadh_places_kaggle,places_03576,place,Malaz House,Riyadh,Riyadh
RYD_005014,riyadh_places_kaggle,places_06736,place,Malhama Thka,Riyadh,Riyadh
RYD_005015,riyadh_places_kaggle,places_05496,place,Malhamat Al Arabi,Riyadh,Riyadh
RYD_005016,riyadh_places_kaggle,places_02961,place,Malin sweets,Riyadh,Riyadh
RYD_005017,riyadh_places_kaggle,places_07788,place,Malqa Restaurant &amp; Pubs,Riyadh,Riyadh
RYD_005018,riyadh_places_kaggle,places_06953,place,Mama Farmuza,Riyadh,Riyadh
RYD_005019,riyadh_places_kaggle,places_08339,place,Mama Fawzia's buffet,Riyadh,Riyadh
RYD_005020,riyadh_places_kaggle,places_00561,place,Mama Jawa,Riyadh,Riyadh
RYD_005021,riyadh_places_kaggle,places_08082,place,Mama Jawa,Riyadh,Riyadh
RYD_005022,riyadh_places_kaggle,places_01004,place,Mama Noura,Riyadh,Riyadh
RYD_005023,riyadh_places_kaggle,places_02259,place,Mama Noura,Riyadh,Riyadh
RYD_005024,riyadh_places_kaggle,places_02630,place,Mama Noura,Riyadh,Riyadh
RYD_005025,riyadh_places_kaggle,places_04507,place,Mama Noura,Riyadh,Riyadh
RYD_005026,riyadh_places_kaggle,places_07486,place,Mama Noura,Riyadh,Riyadh
RYD_005027,riyadh_places_kaggle,places_02177,place,Mama Noura Lqimat,Riyadh,Riyadh
RYD_005028,riyadh_places_kaggle,places_02618,place,Mama Noura Lqimat,Riyadh,Riyadh
RYD_005029,riyadh_places_kaggle,places_03261,place,Mama Noura Lqimat,Riyadh,Riyadh
RYD_005030,riyadh_places_kaggle,places_07282,place,Mama Noura Lqimat,Riyadh,Riyadh
RYD_005031,riyadh_places_kaggle,places_03239,place,Mamas Chicken,Riyadh,Riyadh
RYD_005032,riyadh_places_kaggle,places_07303,place,Mamas Chicken,Riyadh,Riyadh
RYD_005033,riyadh_places_kaggle,places_00364,place,Mamma Bunz cafe,Riyadh,Riyadh
RYD_005034,riyadh_places_kaggle,places_00421,place,Mamma Bunz cafe,Riyadh,Riyadh
RYD_005035,riyadh_places_kaggle,places_00788,place,Mamma Bunz cafe,Riyadh,Riyadh
RYD_005036,riyadh_places_kaggle,places_01254,place,Mamma Bunz cafe,Riyadh,Riyadh
RYD_005037,riyadh_places_kaggle,places_01873,place,Mamma Bunz cafe,Riyadh,Riyadh
RYD_005038,riyadh_places_kaggle,places_02466,place,Mamma Bunz cafe,Riyadh,Riyadh
RYD_005039,riyadh_places_kaggle,places_03476,place,Mamma Bunz cafe,Riyadh,Riyadh
RYD_005040,riyadh_places_kaggle,places_05306,place,Mamma Bunz cafe,Riyadh,Riyadh
RYD_005041,riyadh_places_kaggle,places_07103,place,Mamma Bunz cafe,Riyadh,Riyadh
RYD_005042,riyadh_places_kaggle,places_08123,place,Mamma Bunz cafe,Riyadh,Riyadh
RYD_005043,riyadh_places_kaggle,places_01000,place,Mamol Wanyah,Riyadh,Riyadh
RYD_005044,riyadh_places_kaggle,places_01360,place,Mamola,Riyadh,Riyadh
RYD_005045,riyadh_places_kaggle,places_03557,place,Mamola,Riyadh,Riyadh
RYD_005046,riyadh_places_kaggle,places_07500,place,Mamola,Riyadh,Riyadh
RYD_005047,riyadh_places_kaggle,places_08270,place,Mamola,Riyadh,Riyadh
RYD_005048,riyadh_places_kaggle,places_00861,place,Mana'esh el tannur,Riyadh,Riyadh
RYD_005049,riyadh_places_kaggle,places_04453,place,Mana'esh el tannur,Riyadh,Riyadh
RYD_005050,entertainment_kaggle,entertainment_00279,entertainment,Manakh King Abdulaziz Park,Riyadh,Riyadh
RYD_005051,entertainment_kaggle,entertainment_00308,entertainment,Manakh King Abdulaziz Park,Riyadh,Riyadh
RYD_005052,riyadh_places_kaggle,places_08641,place,Mandarin,Riyadh,Riyadh
RYD_005053,riyadh_places_kaggle,places_04784,place,Mandarin Oak,Riyadh,Riyadh
RYD_005054,riyadh_places_kaggle,places_05540,place,Mandarin Oak,Riyadh,Riyadh
RYD_005055,riyadh_places_kaggle,places_01281,place,Mandi Majeed,Riyadh,Riyadh
RYD_005056,riyadh_places_kaggle,places_06283,place,Mandi oven,Riyadh,Riyadh
RYD_005057,riyadh_places_kaggle,places_05484,place,Mandy Dahna,Riyadh,Riyadh
RYD_005058,riyadh_places_kaggle,places_06848,place,Mandy Dahna,Riyadh,Riyadh
RYD_005059,riyadh_places_kaggle,places_07202,place,Mandy Dahna,Riyadh,Riyadh
RYD_005060,riyadh_places_kaggle,places_08548,place,Mandy Dahna,Riyadh,Riyadh
RYD_005061,riyadh_places_kaggle,places_05745,place,Mandy Effendi,Riyadh,Riyadh
RYD_005062,riyadh_places_kaggle,places_06870,place,Mandy Effendi,Riyadh,Riyadh
RYD_005063,riyadh_places_kaggle,places_01548,place,Mandy Rawaf,Riyadh,Riyadh
RYD_005064,riyadh_places_kaggle,places_04025,place,Mandy Station,Riyadh,Riyadh
RYD_005065,riyadh_places_kaggle,places_06565,place,Mandy Station,Riyadh,Riyadh
RYD_005066,riyadh_places_kaggle,places_07031,place,Mandy Walid,Riyadh,Riyadh
RYD_005067,riyadh_places_kaggle,places_00012,place,Manga Al Zaeem For Juices,Riyadh,Riyadh
RYD_005067,riyadh_places_kaggle,places_00462,place,Manga Al Zaeem For Juices,Riyadh,Riyadh
RYD_005068,riyadh_places_kaggle,places_06372,place,Manga Al Zaeem For Juices,Riyadh,Riyadh
RYD_005069,riyadh_places_kaggle,places_05192,place,Manga House,Riyadh,Riyadh
RYD_005070,riyadh_places_kaggle,places_00574,place,Mango Juice,Riyadh,Riyadh
RYD_005071,riyadh_places_kaggle,places_01600,place,Mango Juice,Riyadh,Riyadh
RYD_005072,riyadh_places_kaggle,places_06162,place,Mango juices,Riyadh,Riyadh
RYD_005073,riyadh_places_kaggle,places_03321,place,Mangoosha Circle,Riyadh,Riyadh
RYD_005074,riyadh_places_kaggle,places_06082,place,Manifah Konafa,Riyadh,Riyadh
RYD_005075,riyadh_places_kaggle,places_05815,place,Mankoshet Beirut,Riyadh,Riyadh
RYD_005076,riyadh_places_kaggle,places_00307,place,Manoosha,Riyadh,Riyadh
RYD_005077,riyadh_places_kaggle,places_01578,place,Manoosha,Riyadh,Riyadh
RYD_005078,riyadh_places_kaggle,places_02011,place,Manoosha,Riyadh,Riyadh
RYD_005079,riyadh_places_kaggle,places_02515,place,Manoosha,Riyadh,Riyadh
RYD_005080,riyadh_places_kaggle,places_05414,place,Manoosha,Riyadh,Riyadh
RYD_005081,riyadh_places_kaggle,places_07946,place,Manoosha,Riyadh,Riyadh
RYD_005082,riyadh_places_kaggle,places_03956,place,Manoosha Alreef,Riyadh,Riyadh
RYD_005083,riyadh_places_kaggle,places_04589,place,Manousha &amp; tea,Riyadh,Riyadh
RYD_005084,riyadh_places_kaggle,places_00796,place,Manoushe Street,Riyadh,Riyadh
RYD_005085,riyadh_places_kaggle,places_01641,place,Manoushe Street,Riyadh,Riyadh
RYD_005086,riyadh_places_kaggle,places_06029,place,Manoushet Rimal,Riyadh,Riyadh
RYD_005087,riyadh_places_kaggle,places_02586,place,Manqushte,Riyadh,Riyadh
RYD_005088,riyadh_places_kaggle,places_01146,place,Mansaf Abu Ali,Riyadh,Riyadh
RYD_005089,riyadh_places_kaggle,places_05728,place,Manteca bakery,Riyadh,Riyadh
RYD_005090,riyadh_places_kaggle,places_02296,place,Manto Rose,Riyadh,Riyadh
RYD_005091,riyadh_places_kaggle,places_07829,place,Manto Rose,Riyadh,Riyadh
RYD_005092,riyadh_places_kaggle,places_06195,place,Manto World,Riyadh,Riyadh
RYD_005093,riyadh_places_kaggle,places_05006,place,Mantou Express,Riyadh,Riyadh
RYD_005094,riyadh_places_kaggle,places_06322,place,Mantu O Yagmish Sanabel Al Hijaz,Riyadh,Riyadh
RYD_005095,riyadh_places_kaggle,places_07741,place,Mantu O Yagmish Sanabel Al Hijaz,Riyadh,Riyadh
RYD_005096,riyadh_places_kaggle,places_07926,place,Mantu O Yagmish Sanabel Al Hijaz,Riyadh,Riyadh
RYD_005097,riyadh_places_kaggle,places_08650,place,Mantu O Yagmish Sanabel Al Hijaz,Riyadh,Riyadh
RYD_005098,riyadh_places_kaggle,places_04777,place,Mantu Yaghmash Rabea Al Hejaz,Riyadh,Riyadh
RYD_005099,riyadh_places_kaggle,places_02361,place,Manuela's Corner Pizza,Riyadh,Riyadh
RYD_005100,riyadh_places_kaggle,places_08225,place,Manuela's Corner Pizza,Riyadh,Riyadh
RYD_005101,riyadh_places_kaggle,places_02359,place,Manuella,Riyadh,Riyadh
RYD_005102,riyadh_places_kaggle,places_08232,place,Manuella,Riyadh,Riyadh
RYD_005103,booking_kaggle,hotels_01001,hotel,Manzile Al Rowad Furnished Units,Riyadh,Riyadh
RYD_005104,riyadh_places_kaggle,places_07673,place,Manzoul,Riyadh,Riyadh
RYD_005105,riyadh_places_kaggle,places_02250,place,Maqhat,Riyadh,Riyadh
RYD_005106,riyadh_places_kaggle,places_04132,place,Maqloba Madgoot,Riyadh,Riyadh
RYD_005107,riyadh_places_kaggle,places_06284,place,Maqlouba Al Khaleej,Riyadh,Riyadh
RYD_005108,riyadh_places_kaggle,places_04069,place,Maqluba Al Dahna,Riyadh,Riyadh
RYD_005109,riyadh_places_kaggle,places_06571,place,Maqluba Al Dahna,Riyadh,Riyadh
RYD_005110,riyadh_places_kaggle,places_06265,place,Maqluba Al Tayibin,Riyadh,Riyadh
RYD_005111,riyadh_places_kaggle,places_06851,place,Maqlubat Aldaar,Riyadh,Riyadh
RYD_005112,riyadh_places_kaggle,places_07205,place,Maqlubat Aldaar,Riyadh,Riyadh
RYD_005113,riyadh_places_kaggle,places_08551,place,Maqlubat Aldaar,Riyadh,Riyadh
RYD_005114,riyadh_places_kaggle,places_05483,place,Maqlubat Hab Wa Dihin,Riyadh,Riyadh
RYD_005114,riyadh_places_kaggle,places_05486,place,Maqlubat Aldaar,Riyadh,Riyadh
RYD_005115,riyadh_places_kaggle,places_06852,place,Maqlubat Hab Wa Dihin,Riyadh,Riyadh
RYD_005116,riyadh_places_kaggle,places_07206,place,Maqlubat Hab Wa Dihin,Riyadh,Riyadh
RYD_005117,riyadh_places_kaggle,places_08553,place,Maqlubat Hab Wa Dihin,Riyadh,Riyadh
RYD_005118,riyadh_places_kaggle,places_05231,place,Marah Al Sham,Riyadh,Riyadh
RYD_005119,riyadh_places_kaggle,places_07654,place,Marah Al Sham,Riyadh,Riyadh
RYD_005120,booking_kaggle,hotels_01007,hotel,Marahal kharj,Al Kharj,Riyadh
RYD_005121,riyadh_places_kaggle,places_06535,place,Marassi assayad Restaurant,Riyadh,Riyadh
RYD_005122,riyadh_places_kaggle,places_01109,place,Marble Slab Creamery,Riyadh,Riyadh
RYD_005123,riyadh_places_kaggle,places_03323,place,Marble Slab Creamery,Riyadh,Riyadh
RYD_005124,riyadh_places_kaggle,places_06488,place,Marble Slab Creamery,Riyadh,Riyadh
RYD_005125,riyadh_places_kaggle,places_03308,place,Mareej,Riyadh,Riyadh
RYD_005126,riyadh_places_kaggle,places_01714,place,Mareez,Riyadh,Riyadh
RYD_005127,riyadh_places_kaggle,places_06910,place,Mareez,Riyadh,Riyadh
RYD_005128,riyadh_places_kaggle,places_07308,place,Mareez,Riyadh,Riyadh
RYD_005129,riyadh_places_kaggle,places_00724,place,Marhaba,Riyadh,Riyadh
RYD_005130,entertainment_kaggle,entertainment_00261,entertainment,Market DQ,Riyadh,Riyadh
RYD_005131,entertainment_kaggle,entertainment_00291,entertainment,Market DQ,Riyadh,Riyadh
RYD_005132,riyadh_places_kaggle,places_04061,place,Markh,Riyadh,Riyadh
RYD_005133,riyadh_places_kaggle,places_05785,place,Markh,Riyadh,Riyadh
RYD_005134,riyadh_places_kaggle,places_01546,place,Marloo,Riyadh,Riyadh
RYD_005135,booking_kaggle,hotels_00246,hotel,"Marriott Executive Apartments Riyadh, Convention Center",Riyadh,Riyadh
RYD_005136,booking_kaggle,hotels_00047,hotel,Marriott Riyadh Diplomatic Quarter,Riyadh,Riyadh
RYD_005136,booking_kaggle,hotels_00051,hotel,Riyadh Diplomatic Quarter - Marriott Executive Apartments,Riyadh,Riyadh
RYD_005137,riyadh_places_kaggle,places_04443,place,Marsa Matrouh Tasali Roastery,Riyadh,Riyadh
RYD_005138,riyadh_places_kaggle,places_05759,place,Marsa Matrouh Tasali Roastery,Riyadh,Riyadh
RYD_005139,riyadh_places_kaggle,places_08482,place,Marsa Matrouh Tasali Roastery,Riyadh,Riyadh
RYD_005140,riyadh_places_kaggle,places_01455,place,Marta's,Riyadh,Riyadh
RYD_005141,riyadh_places_kaggle,places_01978,place,Masaf,Riyadh,Riyadh
RYD_005142,riyadh_places_kaggle,places_04948,place,Masaha,Riyadh,Riyadh
RYD_005143,riyadh_places_kaggle,places_00771,place,Masala Boys,Riyadh,Riyadh
RYD_005144,riyadh_places_kaggle,places_05855,place,Masala way,Riyadh,Riyadh
RYD_005145,riyadh_places_kaggle,places_07480,place,Masala way,Riyadh,Riyadh
RYD_005146,riyadh_places_kaggle,places_00224,place,Masami Sushi,Riyadh,Riyadh
RYD_005147,riyadh_places_kaggle,places_01690,place,Masami Sushi,Riyadh,Riyadh
RYD_005148,riyadh_places_kaggle,places_03232,place,Masami Sushi,Riyadh,Riyadh
RYD_005149,riyadh_places_kaggle,places_05631,place,Masami Sushi,Riyadh,Riyadh
RYD_005150,riyadh_places_kaggle,places_06467,place,Masami Sushi,Riyadh,Riyadh
RYD_005151,riyadh_places_kaggle,places_08412,place,Masami Sushi,Riyadh,Riyadh
RYD_005152,riyadh_places_kaggle,places_06109,place,Masarat,Riyadh,Riyadh
RYD_005153,riyadh_places_kaggle,places_03013,place,Masgouf,Riyadh,Riyadh
RYD_005154,riyadh_places_kaggle,places_07262,place,Masgouf,Riyadh,Riyadh
RYD_005155,riyadh_places_kaggle,places_08602,place,Mashael Grills,Riyadh,Riyadh
RYD_005156,riyadh_places_kaggle,places_08801,place,Mashael Pizza,Riyadh,Riyadh
RYD_005156,riyadh_places_kaggle,places_08802,place,Mashael Pizza and Grills,Riyadh,Riyadh
RYD_005157,riyadh_places_kaggle,places_05266,place,Mashal Restaurant,Riyadh,Riyadh
RYD_005158,riyadh_places_kaggle,places_04186,place,Masharef Al-Qassim for vegetables and fruits,Riyadh,Riyadh
RYD_005159,riyadh_places_kaggle,places_01048,place,Mashawi Station,Riyadh,Riyadh
RYD_005160,riyadh_places_kaggle,places_05121,place,Mashhur Breakfast,Riyadh,Riyadh
RYD_005160,riyadh_places_kaggle,places_05831,place,Breakfast Time,Riyadh,Riyadh
RYD_005161,riyadh_places_kaggle,places_03838,place,Mashkhoul,Riyadh,Riyadh
RYD_005162,riyadh_places_kaggle,places_02123,place,Mashwi Food Hub,Riyadh,Riyadh
RYD_005163,riyadh_places_kaggle,places_04775,place,Mashwia,Riyadh,Riyadh
RYD_005164,riyadh_places_kaggle,places_03873,place,Mashwiaat Altootalennabi,Riyadh,Riyadh
RYD_005165,riyadh_places_kaggle,places_00377,place,Mashwiat Alatlal,Riyadh,Riyadh
RYD_005166,riyadh_places_kaggle,places_08217,place,Mashwyat Abu Sami Restaurant,Riyadh,Riyadh
RYD_005167,riyadh_places_kaggle,places_07037,place,Mashwyat The Prince Golden,Riyadh,Riyadh
RYD_005168,entertainment_kaggle,entertainment_00455,entertainment,Masjid Diplomatic Quarters,Riyadh,Riyadh
RYD_005169,entertainment_kaggle,entertainment_00464,entertainment,Masjid Diplomatic Quarters,Riyadh,Riyadh
RYD_005170,riyadh_places_kaggle,places_05538,place,Masoub AL Asimah,Riyadh,Riyadh
RYD_005171,riyadh_places_kaggle,places_07097,place,Masoub AL Asimah,Riyadh,Riyadh
RYD_005172,riyadh_places_kaggle,places_05845,place,Masoub Al Ali,Riyadh,Riyadh
RYD_005173,riyadh_places_kaggle,places_00174,place,Mass Sweets,Riyadh,Riyadh
RYD_005173,riyadh_places_kaggle,places_00177,place,Flavonoid Sweets,Riyadh,Riyadh
RYD_005173,riyadh_places_kaggle,places_00247,place,Mo Sweets,Riyadh,Riyadh
RYD_005173,riyadh_places_kaggle,places_00280,place,Arena Sweets,Riyadh,Riyadh
RYD_005174,riyadh_places_kaggle,places_00960,place,Masterpiece Cafe,Riyadh,Riyadh
RYD_005175,riyadh_places_kaggle,places_03030,place,Matabeeq,Riyadh,Riyadh
RYD_005176,riyadh_places_kaggle,places_04621,place,Mathahq Al Koshari,Riyadh,Riyadh
RYD_005177,riyadh_places_kaggle,places_08606,place,Mathahq Al Koshari,Riyadh,Riyadh
RYD_005178,riyadh_places_kaggle,places_03585,place,Mathaq Almahaar,Riyadh,Riyadh
RYD_005179,riyadh_places_kaggle,places_00402,place,Mathaq Sana,Riyadh,Riyadh
RYD_005180,riyadh_places_kaggle,places_05924,place,Mauqed Haly,Riyadh,Riyadh
RYD_005181,riyadh_places_kaggle,places_03160,place,Maward,Riyadh,Riyadh
RYD_005182,riyadh_places_kaggle,places_07909,place,Mayar's Pizza,Riyadh,Riyadh
RYD_005183,riyadh_places_kaggle,places_08295,place,Maybe,Riyadh,Riyadh
RYD_005184,riyadh_places_kaggle,places_05609,place,Maydan Alshaam,Riyadh,Riyadh
RYD_005185,riyadh_places_kaggle,places_08311,place,Maydan Alshaam,Riyadh,Riyadh
RYD_005186,riyadh_places_kaggle,places_05608,place,Maydan Alshaam for Grills,Riyadh,Riyadh
RYD_005187,riyadh_places_kaggle,places_03534,place,Maysam Sweets,Riyadh,Riyadh
RYD_005187,riyadh_places_kaggle,places_05421,place,Arena Sweets,Riyadh,Riyadh
RYD_005187,riyadh_places_kaggle,places_05431,place,Mass Sweets,Riyadh,Riyadh
RYD_005187,riyadh_places_kaggle,places_05443,place,Different sweet,Riyadh,Riyadh
RYD_005188,riyadh_places_kaggle,places_08779,place,Maysam Sweets,Riyadh,Riyadh
RYD_005188,riyadh_places_kaggle,places_08785,place,Sugar Sweets,Riyadh,Riyadh
RYD_005189,riyadh_places_kaggle,places_07039,place,Mazagy Bahary,Riyadh,Riyadh
RYD_005190,riyadh_places_kaggle,places_01559,place,Mazaq Alouloua,Riyadh,Riyadh
RYD_005191,riyadh_places_kaggle,places_00635,place,Mazazu Crepe,Riyadh,Riyadh
RYD_005192,riyadh_places_kaggle,places_00111,place,McCafé,Riyadh,Riyadh
RYD_005193,riyadh_places_kaggle,places_00318,place,McCafé,Riyadh,Riyadh
RYD_005194,riyadh_places_kaggle,places_00410,place,McCafé,Riyadh,Riyadh
RYD_005195,riyadh_places_kaggle,places_00473,place,McCafé,Riyadh,Riyadh
RYD_005196,riyadh_places_kaggle,places_00668,place,McCafé,Riyadh,Riyadh
RYD_005197,riyadh_places_kaggle,places_01103,place,McCafé,Riyadh,Riyadh
RYD_005198,riyadh_places_kaggle,places_01325,place,McCafé,Riyadh,Riyadh
RYD_005199,riyadh_places_kaggle,places_01865,place,McCafé,Riyadh,Riyadh
RYD_005200,riyadh_places_kaggle,places_02122,place,McCafé,Riyadh,Riyadh
RYD_005201,riyadh_places_kaggle,places_02300,place,McCafé,Riyadh,Riyadh
RYD_005202,riyadh_places_kaggle,places_02549,place,McCafé,Riyadh,Riyadh
RYD_005203,riyadh_places_kaggle,places_05289,place,McCafé,Riyadh,Riyadh
RYD_005204,riyadh_places_kaggle,places_06418,place,McCafé,Riyadh,Riyadh
RYD_005205,riyadh_places_kaggle,places_07132,place,McCafé,Riyadh,Riyadh
RYD_005206,riyadh_places_kaggle,places_07793,place,McCafé,Riyadh,Riyadh
RYD_005207,riyadh_places_kaggle,places_07993,place,McCafé,Riyadh,Riyadh
RYD_005208,riyadh_places_kaggle,places_08671,place,McCafé,Riyadh,Riyadh
RYD_005209,riyadh_places_kaggle,places_00110,place,McDonald's KSA,Riyadh,Riyadh
RYD_005210,riyadh_places_kaggle,places_00317,place,McDonald's KSA,Riyadh,Riyadh
RYD_005211,riyadh_places_kaggle,places_00342,place,McDonald's KSA,Riyadh,Riyadh
RYD_005212,riyadh_places_kaggle,places_00409,place,McDonald's KSA,Riyadh,Riyadh
RYD_005213,riyadh_places_kaggle,places_00472,place,McDonald's KSA,Riyadh,Riyadh
RYD_005214,riyadh_places_kaggle,places_00667,place,McDonald's KSA,Riyadh,Riyadh
RYD_005215,riyadh_places_kaggle,places_01010,place,McDonald's KSA,Riyadh,Riyadh
RYD_005216,riyadh_places_kaggle,places_01326,place,McDonald's KSA,Riyadh,Riyadh
RYD_005217,riyadh_places_kaggle,places_01864,place,McDonald's KSA,Riyadh,Riyadh
RYD_005218,riyadh_places_kaggle,places_02119,place,McDonald's KSA,Riyadh,Riyadh
RYD_005219,riyadh_places_kaggle,places_02301,place,McDonald's KSA,Riyadh,Riyadh
RYD_005220,riyadh_places_kaggle,places_02548,place,McDonald's KSA,Riyadh,Riyadh
RYD_005221,riyadh_places_kaggle,places_05291,place,McDonald's KSA,Riyadh,Riyadh
RYD_005222,riyadh_places_kaggle,places_06419,place,McDonald's KSA,Riyadh,Riyadh
RYD_005223,riyadh_places_kaggle,places_07134,place,McDonald's KSA,Riyadh,Riyadh
RYD_005224,riyadh_places_kaggle,places_07792,place,McDonald's KSA,Riyadh,Riyadh
RYD_005225,riyadh_places_kaggle,places_07994,place,McDonald's KSA,Riyadh,Riyadh
RYD_005226,riyadh_places_kaggle,places_08670,place,McDonald's KSA,Riyadh,Riyadh
RYD_005227,riyadh_places_kaggle,places_00763,place,Me So Hungry,Riyadh,Riyadh
RYD_005228,riyadh_places_kaggle,places_03224,place,Me So Hungry,Riyadh,Riyadh
RYD_005229,riyadh_places_kaggle,places_07307,place,Me So Hungry,Riyadh,Riyadh
RYD_005230,riyadh_places_kaggle,places_05264,place,Meal Box,Riyadh,Riyadh
RYD_005231,riyadh_places_kaggle,places_02162,place,Meaning of Juice,Riyadh,Riyadh
RYD_005232,riyadh_places_kaggle,places_01024,place,Meat Hala,Riyadh,Riyadh
RYD_005233,riyadh_places_kaggle,places_00070,place,Meat Hub,Riyadh,Riyadh
RYD_005234,riyadh_places_kaggle,places_04647,place,Meat Me There,Riyadh,Riyadh
RYD_005235,riyadh_places_kaggle,places_02830,place,Meat The Bun - Burger,Riyadh,Riyadh
RYD_005235,riyadh_places_kaggle,places_02844,place,Bu Wagyu Burger,Riyadh,Riyadh
RYD_005236,riyadh_places_kaggle,places_04939,place,Meat in a bun,Riyadh,Riyadh
RYD_005237,riyadh_places_kaggle,places_02148,place,Meat legends,Riyadh,Riyadh
RYD_005238,riyadh_places_kaggle,places_02524,place,Meat legends,Riyadh,Riyadh
RYD_005239,riyadh_places_kaggle,places_05633,place,Meat legends,Riyadh,Riyadh
RYD_005240,riyadh_places_kaggle,places_07570,place,Meat legends,Riyadh,Riyadh
RYD_005241,riyadh_places_kaggle,places_03380,place,Meatful,Riyadh,Riyadh
RYD_005242,riyadh_places_kaggle,places_01274,place,Meatloaf,Riyadh,Riyadh
RYD_005243,riyadh_places_kaggle,places_03505,place,Meatz,Riyadh,Riyadh
RYD_005244,booking_kaggle,hotels_00145,hotel,Meda Furnished Apartments,Riyadh,Riyadh
RYD_005245,riyadh_places_kaggle,places_03779,place,Medar,Riyadh,Riyadh
RYD_005246,riyadh_places_kaggle,places_06486,place,Medar,Riyadh,Riyadh
RYD_005247,riyadh_places_kaggle,places_03560,place,Medhyaf,Riyadh,Riyadh
RYD_005248,riyadh_places_kaggle,places_06023,place,Medical Resources Pharmacy,Riyadh,Riyadh
RYD_005249,riyadh_places_kaggle,places_05258,place,Medicine juices,Riyadh,Riyadh
RYD_005250,riyadh_places_kaggle,places_00165,place,Meerath Kabab House,Riyadh,Riyadh
RYD_005251,riyadh_places_kaggle,places_03793,place,Meetup Cafe &amp; Pastry,Riyadh,Riyadh
RYD_005252,riyadh_places_kaggle,places_00023,place,Mehamar w Meshmar,Riyadh,Riyadh
RYD_005253,riyadh_places_kaggle,places_05821,place,Mekhabazat Alsaddah,Riyadh,Riyadh
RYD_005254,riyadh_places_kaggle,places_02033,place,Meld Eatery,Riyadh,Riyadh
RYD_005255,riyadh_places_kaggle,places_04336,place,Melenzane,Riyadh,Riyadh
RYD_005256,riyadh_places_kaggle,places_07755,place,Melted pizza,Riyadh,Riyadh
RYD_005257,riyadh_places_kaggle,places_03809,place,Meltzone,Riyadh,Riyadh
RYD_005258,riyadh_places_kaggle,places_03081,place,Memo Boulevard,Riyadh,Riyadh
RYD_005259,riyadh_places_kaggle,places_05555,place,Memo Boulevard,Riyadh,Riyadh
RYD_005260,riyadh_places_kaggle,places_05071,place,Memories Flowers,Riyadh,Riyadh
RYD_005261,riyadh_places_kaggle,places_07051,place,Mento Bayet Alrowad Dahrat laban,Riyadh,Riyadh
RYD_005262,riyadh_places_kaggle,places_00146,place,Mento and Yaghamsh,Riyadh,Riyadh
RYD_005263,riyadh_places_kaggle,places_04187,place,Mento and Yaghamsh AlFatera Al Mgmr,Riyadh,Riyadh
RYD_005264,riyadh_places_kaggle,places_06213,place,Mento and grapes,Riyadh,Riyadh
RYD_005265,riyadh_places_kaggle,places_05040,place,Mentu and obscure the mayor of the country,Riyadh,Riyadh
RYD_005266,riyadh_places_kaggle,places_08296,place,Mentu and obscure the mayor of the country,Riyadh,Riyadh
RYD_005267,riyadh_places_kaggle,places_01108,place,Menu Pizza,Riyadh,Riyadh
RYD_005268,riyadh_places_kaggle,places_04139,place,Menu Pizza,Riyadh,Riyadh
RYD_005269,riyadh_places_kaggle,places_07589,place,Menu Pizza,Riyadh,Riyadh
RYD_005270,booking_kaggle,hotels_00454,hotel,Meral Crown Hotel,Riyadh,Riyadh
RYD_005271,booking_kaggle,hotels_00781,hotel,Merfal Hotel Apartments Al Falah,Riyadh,Riyadh
RYD_005272,booking_kaggle,hotels_00925,hotel,Merfal Hotel Apartments Al Taawan,Riyadh,Riyadh
RYD_005273,booking_kaggle,hotels_00988,hotel,Merfal Royal new,Riyadh,Riyadh
RYD_005274,riyadh_places_kaggle,places_04937,place,Meshwar Alaseel,Riyadh,Riyadh
RYD_005275,riyadh_places_kaggle,places_03885,place,Messy Burger,Riyadh,Riyadh
RYD_005276,riyadh_places_kaggle,places_05542,place,Messy Burger,Riyadh,Riyadh
RYD_005277,riyadh_places_kaggle,places_07495,place,Messy Burger,Riyadh,Riyadh
RYD_005278,riyadh_places_kaggle,places_00034,place,Methaas Bakery &amp; Desserts,Riyadh,Riyadh
RYD_005279,riyadh_places_kaggle,places_02474,place,Methaas Bakery &amp; Desserts,Riyadh,Riyadh
RYD_005280,riyadh_places_kaggle,places_06657,place,Mexican Spicy,Riyadh,Riyadh
RYD_005281,riyadh_places_kaggle,places_00222,place,Mexika Restaurant,Riyadh,Riyadh
RYD_005282,riyadh_places_kaggle,places_03544,place,Mexika Restaurant,Riyadh,Riyadh
RYD_005283,riyadh_places_kaggle,places_01112,place,Mezaj Maghribi,Riyadh,Riyadh
RYD_005284,riyadh_places_kaggle,places_01359,place,Mezaj Maghribi,Riyadh,Riyadh
RYD_005285,riyadh_places_kaggle,places_02587,place,Mezaj Maghribi,Riyadh,Riyadh
RYD_005286,riyadh_places_kaggle,places_05379,place,Mezaj Maghribi,Riyadh,Riyadh
RYD_005287,riyadh_places_kaggle,places_08264,place,Mezaj Maghribi,Riyadh,Riyadh
RYD_005288,riyadh_places_kaggle,places_03212,place,Mezaj Magribi,Riyadh,Riyadh
RYD_005289,riyadh_places_kaggle,places_05719,place,Mezaj Magribi,Riyadh,Riyadh
RYD_005290,riyadh_places_kaggle,places_05898,place,Mezaj Magribi,Riyadh,Riyadh
RYD_005291,riyadh_places_kaggle,places_05020,place,Mezan ALfaterah Aldemashgeeah,Riyadh,Riyadh
RYD_005292,riyadh_places_kaggle,places_06049,place,Mezan ALfaterah Aldemashgeeah,Riyadh,Riyadh
RYD_005293,riyadh_places_kaggle,places_08513,place,Mhj,Riyadh,Riyadh
RYD_005294,riyadh_places_kaggle,places_05712,place,MiZZLE,Riyadh,Riyadh
RYD_005295,riyadh_places_kaggle,places_03970,place,Midori Salad,Riyadh,Riyadh
RYD_005296,riyadh_places_kaggle,places_02861,place,Midyeci ahmet,Riyadh,Riyadh
RYD_005297,riyadh_places_kaggle,places_02899,place,Mighraf,Riyadh,Riyadh
RYD_005298,riyadh_places_kaggle,places_06634,place,Milano Pizza Pasta,Riyadh,Riyadh
RYD_005299,riyadh_places_kaggle,places_01367,place,Mile cafe,Riyadh,Riyadh
RYD_005300,riyadh_places_kaggle,places_03389,place,Milk Cake Bakery,Riyadh,Riyadh
RYD_005301,riyadh_places_kaggle,places_00065,place,Mille Feuille,Riyadh,Riyadh
RYD_005302,riyadh_places_kaggle,places_00611,place,Mille Feuille,Riyadh,Riyadh
RYD_005303,riyadh_places_kaggle,places_00951,place,Mille Feuille,Riyadh,Riyadh
RYD_005304,riyadh_places_kaggle,places_01920,place,Mille Feuille,Riyadh,Riyadh
RYD_005305,riyadh_places_kaggle,places_03174,place,Mille Feuille,Riyadh,Riyadh
RYD_005306,riyadh_places_kaggle,places_05301,place,Mille Feuille,Riyadh,Riyadh
RYD_005307,riyadh_places_kaggle,places_06753,place,Mille Feuille,Riyadh,Riyadh
RYD_005308,riyadh_places_kaggle,places_07451,place,Mille Feuille,Riyadh,Riyadh
RYD_005309,riyadh_places_kaggle,places_08276,place,Mille Feuille,Riyadh,Riyadh
RYD_005310,riyadh_places_kaggle,places_04866,place,Mille Feuille Treats,Riyadh,Riyadh
RYD_005311,riyadh_places_kaggle,places_02111,place,Mille creme,Riyadh,Riyadh
RYD_005312,riyadh_places_kaggle,places_03611,place,Mille creme,Riyadh,Riyadh
RYD_005313,riyadh_places_kaggle,places_08569,place,Mille creme,Riyadh,Riyadh
RYD_005314,riyadh_places_kaggle,places_00254,place,Min Alakhar,Riyadh,Riyadh
RYD_005315,riyadh_places_kaggle,places_03539,place,Min Alakhar,Riyadh,Riyadh
RYD_005316,riyadh_places_kaggle,places_07334,place,Min Alakhar,Riyadh,Riyadh
RYD_005317,riyadh_places_kaggle,places_02614,place,Mine cafe,Riyadh,Riyadh
RYD_005318,riyadh_places_kaggle,places_00078,place,Minha Multicuisine,Riyadh,Riyadh
RYD_005319,riyadh_places_kaggle,places_04113,place,Mini Chocolate,Riyadh,Riyadh
RYD_005320,riyadh_places_kaggle,places_05722,place,Mini Chocolate,Riyadh,Riyadh
RYD_005321,riyadh_places_kaggle,places_04832,place,Mini Pancake,Riyadh,Riyadh
RYD_005322,riyadh_places_kaggle,places_06615,place,Mini Pancake,Riyadh,Riyadh
RYD_005323,riyadh_places_kaggle,places_06090,place,Mini pancake,Riyadh,Riyadh
RYD_005324,riyadh_places_kaggle,places_04670,place,Minto and Yaghmish ramz al Hijaz,Riyadh,Riyadh
RYD_005325,riyadh_places_kaggle,places_08180,place,Minus kilo,Riyadh,Riyadh
RYD_005326,riyadh_places_kaggle,places_00083,place,Minyaki,Riyadh,Riyadh
RYD_005327,riyadh_places_kaggle,places_06142,place,Miracle Bakery,Riyadh,Riyadh
RYD_005328,riyadh_places_kaggle,places_00596,place,Mirage,Riyadh,Riyadh
RYD_005329,riyadh_places_kaggle,places_04861,place,Miros,Riyadh,Riyadh
RYD_005330,riyadh_places_kaggle,places_04242,place,Mirzam,Riyadh,Riyadh
RYD_005331,riyadh_places_kaggle,places_00153,place,MishGrill,Riyadh,Riyadh
RYD_005332,riyadh_places_kaggle,places_08797,place,Mishael for Juices and pizza,Riyadh,Riyadh
RYD_005333,riyadh_places_kaggle,places_06682,place,Miskt ghena,Riyadh,Riyadh
RYD_005334,riyadh_places_kaggle,places_00047,place,Mission Falafel - Riyadh,Riyadh,Riyadh
RYD_005335,riyadh_places_kaggle,places_06398,place,Mission Falafel - Riyadh,Riyadh,Riyadh
RYD_005336,riyadh_places_kaggle,places_06811,place,Mission Falafel - Riyadh,Riyadh,Riyadh
RYD_005337,riyadh_places_kaggle,places_07155,place,Mission Falafel - Riyadh,Riyadh,Riyadh
RYD_005337,riyadh_places_kaggle,places_07156,place,Falafel Nation,Riyadh,Riyadh
RYD_005338,riyadh_places_kaggle,places_00130,place,Mission Wok,Riyadh,Riyadh
RYD_005339,riyadh_places_kaggle,places_01013,place,Mission Wok,Riyadh,Riyadh
RYD_005340,riyadh_places_kaggle,places_01870,place,Mission Wok,Riyadh,Riyadh
RYD_005341,riyadh_places_kaggle,places_03704,place,Mission Wok,Riyadh,Riyadh
RYD_005341,riyadh_places_kaggle,places_05412,place,Wok Nation,Riyadh,Riyadh
RYD_005342,riyadh_places_kaggle,places_05316,place,Mission Wok,Riyadh,Riyadh
RYD_005343,riyadh_places_kaggle,places_06401,place,Mission Wok,Riyadh,Riyadh
RYD_005343,riyadh_places_kaggle,places_06403,place,Wok Kong,Riyadh,Riyadh
RYD_005343,riyadh_places_kaggle,places_07629,place,Tawouk King,Riyadh,Riyadh
RYD_005344,riyadh_places_kaggle,places_06714,place,Mission Wok,Riyadh,Riyadh
RYD_005345,riyadh_places_kaggle,places_03227,place,MisterO1 Pizza From Miami To Riyadh,Riyadh,Riyadh
RYD_005346,riyadh_places_kaggle,places_01429,place,Mix 'N' Match,Riyadh,Riyadh
RYD_005347,riyadh_places_kaggle,places_06977,place,Mix 'N' Match,Riyadh,Riyadh
RYD_005348,riyadh_places_kaggle,places_08724,place,Mix 'N' Match,Riyadh,Riyadh
RYD_005349,riyadh_places_kaggle,places_04750,place,Mix Burger,Riyadh,Riyadh
RYD_005350,riyadh_places_kaggle,places_08517,place,Mix Burger,Riyadh,Riyadh
RYD_005351,riyadh_places_kaggle,places_01433,place,Mix N Match‎ Salads,Riyadh,Riyadh
RYD_005352,riyadh_places_kaggle,places_06978,place,Mix N Match‎ Salads,Riyadh,Riyadh
RYD_005353,riyadh_places_kaggle,places_01300,place,Mix Platter,Riyadh,Riyadh
RYD_005354,riyadh_places_kaggle,places_03710,place,MixBox,Riyadh,Riyadh
RYD_005355,riyadh_places_kaggle,places_04835,place,Mixed Juice,Riyadh,Riyadh
RYD_005356,riyadh_places_kaggle,places_03697,place,Mizo,Riyadh,Riyadh
RYD_005357,booking_kaggle,hotels_00259,hotel,Mnazel Jawraq,Riyadh,Riyadh
RYD_005358,riyadh_places_kaggle,places_04958,place,Mo Sweets,Riyadh,Riyadh
RYD_005358,riyadh_places_kaggle,places_05756,place,Divo Sweet,Riyadh,Riyadh
RYD_005358,riyadh_places_kaggle,places_07332,place,Mass Sweets,Riyadh,Riyadh
RYD_005358,riyadh_places_kaggle,places_07333,place,Arena Sweets,Riyadh,Riyadh
RYD_005358,riyadh_places_kaggle,places_07337,place,Flavonoid Sweets,Riyadh,Riyadh
RYD_005358,riyadh_places_kaggle,places_07366,place,Maysam Sweets,Riyadh,Riyadh
RYD_005358,riyadh_places_kaggle,places_07372,place,Different sweet,Riyadh,Riyadh
RYD_005359,booking_kaggle,hotels_00909,hotel,Mocador Furnished Apartments 2,Riyadh,Riyadh
RYD_005360,riyadh_places_kaggle,places_03932,place,Mochi Shop,Riyadh,Riyadh
RYD_005361,riyadh_places_kaggle,places_05595,place,Mochi Shop,Riyadh,Riyadh
RYD_005362,riyadh_places_kaggle,places_07679,place,Mochi Shop,Riyadh,Riyadh
RYD_005363,riyadh_places_kaggle,places_05648,place,Modern Bakery,Riyadh,Riyadh
RYD_005364,riyadh_places_kaggle,places_08447,place,Modern Pizza Taste,Riyadh,Riyadh
RYD_005365,riyadh_places_kaggle,places_06695,place,Modern Splendor Pizza,Riyadh,Riyadh
RYD_005366,riyadh_places_kaggle,places_02416,place,Modern burger,Riyadh,Riyadh
RYD_005366,riyadh_places_kaggle,places_02421,place,pie Corner,Riyadh,Riyadh
RYD_005366,riyadh_places_kaggle,places_02427,place,Modern Pizza Corner,Riyadh,Riyadh
RYD_005367,riyadh_places_kaggle,places_02419,place,Modern kanafa,Riyadh,Riyadh
RYD_005368,riyadh_places_kaggle,places_03674,place,Modest,Riyadh,Riyadh
RYD_005369,riyadh_places_kaggle,places_06972,place,Mofarzan and jahez,Riyadh,Riyadh
RYD_005370,riyadh_places_kaggle,places_06250,place,Mognan,Riyadh,Riyadh
RYD_005371,riyadh_places_kaggle,places_04715,place,Mohalla,Riyadh,Riyadh
RYD_005372,riyadh_places_kaggle,places_05833,place,Moho,Riyadh,Riyadh
RYD_005373,riyadh_places_kaggle,places_04274,place,Mohrah flowers,Riyadh,Riyadh
RYD_005374,riyadh_places_kaggle,places_04662,place,Mojo Eatery,Riyadh,Riyadh
RYD_005375,riyadh_places_kaggle,places_00246,place,Mokarmal,Riyadh,Riyadh
RYD_005376,riyadh_places_kaggle,places_02072,place,Mokarmal,Riyadh,Riyadh
RYD_005377,riyadh_places_kaggle,places_02771,place,Mokarmal,Riyadh,Riyadh
RYD_005378,riyadh_places_kaggle,places_03520,place,Mokarmal,Riyadh,Riyadh
RYD_005379,riyadh_places_kaggle,places_05366,place,Mokarmal,Riyadh,Riyadh
RYD_005380,riyadh_places_kaggle,places_07276,place,Mokarmal,Riyadh,Riyadh
RYD_005381,riyadh_places_kaggle,places_08321,place,Mokarmal,Riyadh,Riyadh
RYD_005382,riyadh_places_kaggle,places_03022,place,Mom's Spaghetti,Riyadh,Riyadh
RYD_005383,riyadh_places_kaggle,places_07592,place,Mom's Spaghetti,Riyadh,Riyadh
RYD_005384,riyadh_places_kaggle,places_00371,place,Mongo,Riyadh,Riyadh
RYD_005385,riyadh_places_kaggle,places_01182,place,Mongo,Riyadh,Riyadh
RYD_005386,riyadh_places_kaggle,places_01497,place,Mongo,Riyadh,Riyadh
RYD_005387,riyadh_places_kaggle,places_07248,place,Mongo,Riyadh,Riyadh
RYD_005388,riyadh_places_kaggle,places_03471,place,Monkey Cookies,Riyadh,Riyadh
RYD_005389,riyadh_places_kaggle,places_06699,place,Monkey Cookies,Riyadh,Riyadh
RYD_005390,riyadh_places_kaggle,places_00626,place,Monkey Cookies cafe,Riyadh,Riyadh
RYD_005391,riyadh_places_kaggle,places_04876,place,Monotony,Riyadh,Riyadh
RYD_005392,riyadh_places_kaggle,places_03709,place,Moo Burger,Riyadh,Riyadh
RYD_005392,riyadh_places_kaggle,places_03711,place,Burgeric,Riyadh,Riyadh
RYD_005393,riyadh_places_kaggle,places_01746,place,Mood Kabda,Riyadh,Riyadh
RYD_005394,riyadh_places_kaggle,places_04417,place,Mood Kabda,Riyadh,Riyadh
RYD_005395,riyadh_places_kaggle,places_04418,place,Mood Pizza,Riyadh,Riyadh
RYD_005396,riyadh_places_kaggle,places_06217,place,Moody juice,Riyadh,Riyadh
RYD_005397,riyadh_places_kaggle,places_08196,place,Moog Phone,Riyadh,Riyadh
RYD_005398,riyadh_places_kaggle,places_07087,place,Moon Light Coffee,Riyadh,Riyadh
RYD_005399,riyadh_places_kaggle,places_08131,place,Moon Mood,Riyadh,Riyadh
RYD_005400,riyadh_places_kaggle,places_05863,place,Morn Tea,Riyadh,Riyadh
RYD_005401,riyadh_places_kaggle,places_01933,place,Morning Night,Riyadh,Riyadh
RYD_005402,riyadh_places_kaggle,places_04962,place,Moroccan appetite,Riyadh,Riyadh
RYD_005403,riyadh_places_kaggle,places_00289,place,Morpho,Riyadh,Riyadh
RYD_005404,riyadh_places_kaggle,places_02675,place,Morpho,Riyadh,Riyadh
RYD_005405,riyadh_places_kaggle,places_05420,place,Morpho,Riyadh,Riyadh
RYD_005406,riyadh_places_kaggle,places_07645,place,Morpho,Riyadh,Riyadh
RYD_005407,riyadh_places_kaggle,places_08760,place,Morpho,Riyadh,Riyadh
RYD_005408,riyadh_places_kaggle,places_08559,place,Morpho Achille,Riyadh,Riyadh
RYD_005409,riyadh_places_kaggle,places_01584,place,Morr,Riyadh,Riyadh
RYD_005410,riyadh_places_kaggle,places_04896,place,Mosakhan Baladna,Riyadh,Riyadh
RYD_005411,entertainment_kaggle,entertainment_00178,entertainment,Mosary Arena,Riyadh,Riyadh
RYD_005412,riyadh_places_kaggle,places_05702,place,Mosiac By Marriott,Riyadh,Riyadh
RYD_005413,riyadh_places_kaggle,places_07846,place,Mount Burger,Riyadh,Riyadh
RYD_005414,entertainment_kaggle,entertainment_00282,entertainment,Mount Uraidh Hidden Spring,Riyadh,Riyadh
RYD_005415,riyadh_places_kaggle,places_05191,place,Mov,Riyadh,Riyadh
RYD_005416,riyadh_places_kaggle,places_06974,place,Movie Night,Riyadh,Riyadh
RYD_005417,riyadh_places_kaggle,places_03299,place,Mr Asado Burger,Riyadh,Riyadh
RYD_005418,riyadh_places_kaggle,places_04471,place,Mr Biryani,Riyadh,Riyadh
RYD_005419,riyadh_places_kaggle,places_07590,place,Mr Biryani,Riyadh,Riyadh
RYD_005420,riyadh_places_kaggle,places_05553,place,Mr.Chicken Restaurant,Riyadh,Riyadh
RYD_005421,riyadh_places_kaggle,places_04356,place,Mr.Crisp,Riyadh,Riyadh
RYD_005422,riyadh_places_kaggle,places_08040,place,Msaksan 9/10,Riyadh,Riyadh
RYD_005423,riyadh_places_kaggle,places_01575,place,Mshagith,Riyadh,Riyadh
RYD_005424,riyadh_places_kaggle,places_04797,place,Msmak,Riyadh,Riyadh
RYD_005425,riyadh_places_kaggle,places_06642,place,Mthaq Alambratwr,Riyadh,Riyadh
RYD_005426,riyadh_places_kaggle,places_08186,place,Mubhar,Riyadh,Riyadh
RYD_005427,riyadh_places_kaggle,places_02821,place,Mufrzna,Riyadh,Riyadh
RYD_005428,riyadh_places_kaggle,places_01391,place,Mugalat Al Fareej,Riyadh,Riyadh
RYD_005429,riyadh_places_kaggle,places_05686,place,Mugalat Al Fareej,Riyadh,Riyadh
RYD_005430,riyadh_places_kaggle,places_00055,place,Mugo land,Riyadh,Riyadh
RYD_005431,riyadh_places_kaggle,places_03461,place,Munch Bakery,Riyadh,Riyadh
RYD_005432,riyadh_places_kaggle,places_05589,place,Munch Bakery,Riyadh,Riyadh
RYD_005433,riyadh_places_kaggle,places_06021,place,Munch Bakery,Riyadh,Riyadh
RYD_005434,riyadh_places_kaggle,places_06121,place,Munch Bakery,Riyadh,Riyadh
RYD_005435,riyadh_places_kaggle,places_06452,place,Munch Bakery,Riyadh,Riyadh
RYD_005436,riyadh_places_kaggle,places_06789,place,Munch Bakery,Riyadh,Riyadh
RYD_005437,riyadh_places_kaggle,places_06987,place,Munch Bakery‎,Riyadh,Riyadh
RYD_005438,riyadh_places_kaggle,places_07781,place,Munch Bakery‎,Riyadh,Riyadh
RYD_005439,riyadh_places_kaggle,places_06258,place,Munchers cookies,Riyadh,Riyadh
RYD_005440,riyadh_places_kaggle,places_00168,place,Munchy's Broasted,Riyadh,Riyadh
RYD_005441,riyadh_places_kaggle,places_05277,place,Mundi Al-Arabi,Riyadh,Riyadh
RYD_005442,riyadh_places_kaggle,places_00195,place,Muqsaf90,Riyadh,Riyadh
RYD_005443,riyadh_places_kaggle,places_01457,place,Musakhan Grape Leaves,Riyadh,Riyadh
RYD_005444,riyadh_places_kaggle,places_07471,place,Musakhan Grape Leaves,Riyadh,Riyadh
RYD_005445,riyadh_places_kaggle,places_08267,place,Musakhan Grape Leaves,Riyadh,Riyadh
RYD_005446,riyadh_places_kaggle,places_04404,place,Musakkita,Riyadh,Riyadh
RYD_005447,riyadh_places_kaggle,places_05834,place,Musashi,Riyadh,Riyadh
RYD_005448,riyadh_places_kaggle,places_04066,place,Mushawiyat Aldhiwaq,Riyadh,Riyadh
RYD_005449,riyadh_places_kaggle,places_06010,place,Mutawazin,Riyadh,Riyadh
RYD_005450,entertainment_kaggle,entertainment_00016,entertainment,Muvi Boutique Cinema,Riyadh,Riyadh
RYD_005451,entertainment_kaggle,entertainment_00025,entertainment,Muvi Boutique Cinema,Riyadh,Riyadh
RYD_005452,entertainment_kaggle,entertainment_00161,entertainment,Muvi Cinemas - Drive In Riyadh,Riyadh,Riyadh
RYD_005453,entertainment_kaggle,entertainment_00168,entertainment,Muvi Cinemas - Drive In Riyadh,Riyadh,Riyadh
RYD_005454,entertainment_kaggle,entertainment_00090,entertainment,Muvi Cinemas - Salaam Mall,Riyadh,Riyadh
RYD_005455,entertainment_kaggle,entertainment_00100,entertainment,Muvi Cinemas - Salaam Mall,Riyadh,Riyadh
RYD_005456,entertainment_kaggle,entertainment_00028,entertainment,Muvi Cinemas | موڤي سينما,Riyadh,Riyadh
RYD_005457,entertainment_kaggle,entertainment_00029,entertainment,Muvi Cinemas | موڤي سينما,Riyadh,Riyadh
RYD_005458,entertainment_kaggle,entertainment_00038,entertainment,Muvi Cinemas | موڤي سينما,Riyadh,Riyadh
RYD_005459,entertainment_kaggle,entertainment_00052,entertainment,Muvi Cinemas | موڤي سينما,Riyadh,Riyadh
RYD_005460,entertainment_kaggle,entertainment_00056,entertainment,Muvi Cinemas | موڤي سينما,Riyadh,Riyadh
RYD_005461,entertainment_kaggle,entertainment_00057,entertainment,Muvi Cinemas | موڤي سينما,Riyadh,Riyadh
RYD_005462,entertainment_kaggle,entertainment_00061,entertainment,Muvi Cinemas | موڤي سينما,Riyadh,Riyadh
RYD_005463,entertainment_kaggle,entertainment_00089,entertainment,Muvi Cinemas | موڤي سينما,Riyadh,Riyadh
RYD_005464,entertainment_kaggle,entertainment_00099,entertainment,Muvi Cinemas | موڤي سينما,Riyadh,Riyadh
RYD_005465,riyadh_places_kaggle,places_04150,place,Mwten Zman,Riyadh,Riyadh
RYD_005466,riyadh_places_kaggle,places_05797,place,My Flower,Riyadh,Riyadh
RYD_005467,riyadh_places_kaggle,places_00595,place,My Juice,Riyadh,Riyadh
RYD_005468,riyadh_places_kaggle,places_02425,place,My Juice,Riyadh,Riyadh
RYD_005469,riyadh_places_kaggle,places_08489,place,My Kitchcn,Riyadh,Riyadh
RYD_005470,riyadh_places_kaggle,places_08109,place,My Party,Riyadh,Riyadh
RYD_005471,riyadh_places_kaggle,places_05236,place,My Pizza,Riyadh,Riyadh
RYD_005472,riyadh_places_kaggle,places_08142,place,My Pizza,Riyadh,Riyadh
RYD_005473,riyadh_places_kaggle,places_03980,place,My Specialty Coffee,Riyadh,Riyadh
RYD_005474,riyadh_places_kaggle,places_04717,place,My Thai,Riyadh,Riyadh
RYD_005475,riyadh_places_kaggle,places_05663,place,My Thai,Riyadh,Riyadh
RYD_005476,riyadh_places_kaggle,places_06529,place,My Thai,Riyadh,Riyadh
RYD_005477,riyadh_places_kaggle,places_06329,place,My pie sky,Riyadh,Riyadh
RYD_005478,booking_kaggle,hotels_00473,hotel,Myrtle ميرتل,Riyadh,Riyadh
RYD_005479,riyadh_places_kaggle,places_02213,place,Mz,Riyadh,Riyadh
RYD_005480,riyadh_places_kaggle,places_02511,place,Mz,Riyadh,Riyadh
RYD_005481,riyadh_places_kaggle,places_08374,place,Mz,Riyadh,Riyadh
RYD_005482,riyadh_places_kaggle,places_01133,place,Mzaq Warg Enab,Riyadh,Riyadh
RYD_005483,riyadh_places_kaggle,places_03845,place,Mzaq Warg Enab,Riyadh,Riyadh
RYD_005484,riyadh_places_kaggle,places_07263,place,Mzaq Warg Enab,Riyadh,Riyadh
RYD_005485,riyadh_places_kaggle,places_07961,place,Mzaq Warg Enab,Riyadh,Riyadh
RYD_005486,riyadh_places_kaggle,places_08094,place,Mzaq Warg Enab,Riyadh,Riyadh
RYD_005487,riyadh_places_kaggle,places_00930,place,N5,Riyadh,Riyadh
RYD_005488,riyadh_places_kaggle,places_04247,place,NA Sandwich,Riyadh,Riyadh
RYD_005489,riyadh_places_kaggle,places_06257,place,NAAR WAMASHWI,Riyadh,Riyadh
RYD_005490,riyadh_places_kaggle,places_03732,place,NAKHA TAHAMEIAH,Riyadh,Riyadh
RYD_005491,riyadh_places_kaggle,places_08501,place,NAKHA TAHAMEIAH,Riyadh,Riyadh
RYD_005492,riyadh_places_kaggle,places_01773,place,NASAMAT ALSHALAL RESTAURANT,Riyadh,Riyadh
RYD_005493,riyadh_places_kaggle,places_06668,place,NASAMAT ALSHALAL RESTAURANT,Riyadh,Riyadh
RYD_005494,booking_kaggle,hotels_00546,hotel,NASEEM,Riyadh,Riyadh
RYD_005495,riyadh_places_kaggle,places_06929,place,NATHRIYAH,Riyadh,Riyadh
RYD_005496,riyadh_places_kaggle,places_04734,place,NATRW,Riyadh,Riyadh
RYD_005497,riyadh_places_kaggle,places_08613,place,NAWADER ALFIKRAH,Riyadh,Riyadh
RYD_005498,riyadh_places_kaggle,places_03417,place,ND Burger,Riyadh,Riyadh
RYD_005499,riyadh_places_kaggle,places_03418,place,ND cafe,Riyadh,Riyadh
RYD_005500,riyadh_places_kaggle,places_00236,place,NEARBI,Riyadh,Riyadh
RYD_005501,riyadh_places_kaggle,places_02698,place,NEARBI,Riyadh,Riyadh
RYD_005502,riyadh_places_kaggle,places_05460,place,NEARBI,Riyadh,Riyadh
RYD_005503,riyadh_places_kaggle,places_07353,place,NEARBI,Riyadh,Riyadh
RYD_005504,riyadh_places_kaggle,places_08769,place,NEARBI,Riyadh,Riyadh
RYD_005505,riyadh_places_kaggle,places_04844,place,NEW MALAZ RESTAURANT,Riyadh,Riyadh
RYD_005506,riyadh_places_kaggle,places_08177,place,NEW MALAZ RESTAURANT,Riyadh,Riyadh
RYD_005507,riyadh_places_kaggle,places_05781,place,NEW YORKER 1885,Riyadh,Riyadh
RYD_005508,riyadh_places_kaggle,places_05943,place,NFR LHM,Riyadh,Riyadh
RYD_005509,riyadh_places_kaggle,places_00029,place,NG Beauty,Riyadh,Riyadh
RYD_005510,riyadh_places_kaggle,places_06890,place,NG Beauty,Riyadh,Riyadh
RYD_005511,riyadh_places_kaggle,places_04791,place,NIGHT BURGER,Riyadh,Riyadh
RYD_005512,riyadh_places_kaggle,places_06622,place,NINETY SEVEN BUFFET,Riyadh,Riyadh
RYD_005513,riyadh_places_kaggle,places_07721,place,NJOY CAKE,Riyadh,Riyadh
RYD_005514,riyadh_places_kaggle,places_08054,place,NJOY CAKE,Riyadh,Riyadh
RYD_005515,riyadh_places_kaggle,places_07779,place,NOODLES,Riyadh,Riyadh
RYD_005516,riyadh_places_kaggle,places_06887,place,NOPA,Riyadh,Riyadh
RYD_005517,riyadh_places_kaggle,places_02634,place,NOVEMBER BAKERY,Riyadh,Riyadh
RYD_005518,riyadh_places_kaggle,places_03769,place,NOXY Cafe,Riyadh,Riyadh
RYD_005519,riyadh_places_kaggle,places_01479,place,NU,Riyadh,Riyadh
RYD_005520,riyadh_places_kaggle,places_02946,place,NUTELLA,Riyadh,Riyadh
RYD_005521,riyadh_places_kaggle,places_05675,place,NUTELLA,Riyadh,Riyadh
RYD_005522,riyadh_places_kaggle,places_04865,place,Nabeel Nafiseh Sweets,Riyadh,Riyadh
RYD_005523,riyadh_places_kaggle,places_07464,place,Nabeel Nafiseh Sweets,Riyadh,Riyadh
RYD_005524,riyadh_places_kaggle,places_02263,place,Nabel Pie,Riyadh,Riyadh
RYD_005525,riyadh_places_kaggle,places_06188,place,Nabie Aleanenb,Riyadh,Riyadh
RYD_005526,riyadh_places_kaggle,places_07941,place,Nabie Aleanenb,Riyadh,Riyadh
RYD_005527,riyadh_places_kaggle,places_05136,place,Nada pasta,Riyadh,Riyadh
RYD_005527,riyadh_places_kaggle,places_05139,place,pasta aldhawaqa,Riyadh,Riyadh
RYD_005527,riyadh_places_kaggle,places_05145,place,Pizza Jan,Riyadh,Riyadh
RYD_005527,riyadh_places_kaggle,places_05147,place,Pizaa Alhana,Riyadh,Riyadh
RYD_005528,riyadh_places_kaggle,places_03982,place,Nadim,Riyadh,Riyadh
RYD_005529,booking_kaggle,hotels_00681,hotel,Nadreen Furnished Units,Riyadh,Riyadh
RYD_005530,riyadh_places_kaggle,places_04974,place,Nafas Cafe,Riyadh,Riyadh
RYD_005531,riyadh_places_kaggle,places_01136,place,Nafeeseh,Riyadh,Riyadh
RYD_005532,riyadh_places_kaggle,places_03898,place,Nafizat Zekra Flowers,Riyadh,Riyadh
RYD_005533,riyadh_places_kaggle,places_07729,place,Nagwat Alhalal,Riyadh,Riyadh
RYD_005534,riyadh_places_kaggle,places_08541,place,Nahr Alrawsha,Riyadh,Riyadh
RYD_005535,riyadh_places_kaggle,places_01369,place,Najd,Riyadh,Riyadh
RYD_005536,riyadh_places_kaggle,places_04146,place,Najd Alathiah,Riyadh,Riyadh
RYD_005537,riyadh_places_kaggle,places_03876,place,Najd For Gifts,Riyadh,Riyadh
RYD_005538,riyadh_places_kaggle,places_03926,place,Najd Roastery,Riyadh,Riyadh
RYD_005539,riyadh_places_kaggle,places_00535,place,Najd Village,Riyadh,Riyadh
RYD_005540,riyadh_places_kaggle,places_03300,place,Najd Village,Riyadh,Riyadh
RYD_005541,riyadh_places_kaggle,places_05336,place,Najd Village,Riyadh,Riyadh
RYD_005542,riyadh_places_kaggle,places_04189,place,Najd dates,Riyadh,Riyadh
RYD_005543,riyadh_places_kaggle,places_08440,place,Najd juices,Riyadh,Riyadh
RYD_005544,riyadh_places_kaggle,places_04422,place,Najd roastery,Riyadh,Riyadh
RYD_005545,riyadh_places_kaggle,places_04267,place,Najd tea,Riyadh,Riyadh
RYD_005546,riyadh_places_kaggle,places_08158,place,Najm Alcaddy,Riyadh,Riyadh
RYD_005547,booking_kaggle,hotels_00908,hotel,Najmat Manami AlQuds,Riyadh,Riyadh
RYD_005548,riyadh_places_kaggle,places_08752,place,Nakahat Shour,Riyadh,Riyadh
RYD_005549,riyadh_places_kaggle,places_01302,place,Nakhat Alsharq,Riyadh,Riyadh
RYD_005550,riyadh_places_kaggle,places_08466,place,Nakhat juice,Riyadh,Riyadh
RYD_005551,riyadh_places_kaggle,places_01184,place,Nakhati,Riyadh,Riyadh
RYD_005552,riyadh_places_kaggle,places_04560,place,Nakhet selaf,Riyadh,Riyadh
RYD_005553,riyadh_places_kaggle,places_02218,place,Namq Caffee,Riyadh,Riyadh
RYD_005554,riyadh_places_kaggle,places_04048,place,Namq Caffee,Riyadh,Riyadh
RYD_005555,riyadh_places_kaggle,places_05878,place,Namq Caffee,Riyadh,Riyadh
RYD_005556,riyadh_places_kaggle,places_04701,place,Namu,Riyadh,Riyadh
RYD_005557,riyadh_places_kaggle,places_01879,place,Nana w Fatair,Riyadh,Riyadh
RYD_005558,riyadh_places_kaggle,places_00498,place,Nando's,Riyadh,Riyadh
RYD_005559,riyadh_places_kaggle,places_01264,place,Nando's,Riyadh,Riyadh
RYD_005560,riyadh_places_kaggle,places_02648,place,Nando's,Riyadh,Riyadh
RYD_005561,riyadh_places_kaggle,places_03385,place,Nando's,Riyadh,Riyadh
RYD_005562,riyadh_places_kaggle,places_04709,place,Napa,Riyadh,Riyadh
RYD_005563,riyadh_places_kaggle,places_04665,place,Naqawat,Riyadh,Riyadh
RYD_005564,entertainment_kaggle,entertainment_00318,entertainment,Naquibs Pond,Riyadh,Riyadh
RYD_005565,entertainment_kaggle,entertainment_00348,entertainment,Naquibs Pond,Riyadh,Riyadh
RYD_005566,riyadh_places_kaggle,places_07724,place,Narees,Riyadh,Riyadh
RYD_005567,riyadh_places_kaggle,places_06340,place,Narmandi,Riyadh,Riyadh
RYD_005568,riyadh_places_kaggle,places_03198,place,Narmo,Riyadh,Riyadh
RYD_005569,riyadh_places_kaggle,places_03083,place,Naseem,Riyadh,Riyadh
RYD_005570,riyadh_places_kaggle,places_05554,place,Naseem,Riyadh,Riyadh
RYD_005571,riyadh_places_kaggle,places_07064,place,Nasim Pastries,Riyadh,Riyadh
RYD_005572,riyadh_places_kaggle,places_07812,place,Nasmat Alrabea,Riyadh,Riyadh
RYD_005573,riyadh_places_kaggle,places_08106,place,Nasmat Alrabea,Riyadh,Riyadh
RYD_005574,riyadh_places_kaggle,places_08726,place,Nataah,Riyadh,Riyadh
RYD_005575,riyadh_places_kaggle,places_04136,place,Natie grape leaves,Riyadh,Riyadh
RYD_005576,riyadh_places_kaggle,places_00800,place,Naughty B,Riyadh,Riyadh
RYD_005577,riyadh_places_kaggle,places_01673,place,Naughty B,Riyadh,Riyadh
RYD_005578,riyadh_places_kaggle,places_02167,place,Naughty B,Riyadh,Riyadh
RYD_005579,riyadh_places_kaggle,places_03214,place,Naughty Bird,Riyadh,Riyadh
RYD_005580,riyadh_places_kaggle,places_05573,place,Naughty Bird,Riyadh,Riyadh
RYD_005581,riyadh_places_kaggle,places_07714,place,Naughty Bird,Riyadh,Riyadh
RYD_005582,riyadh_places_kaggle,places_08729,place,Naughty Bird,Riyadh,Riyadh
RYD_005583,riyadh_places_kaggle,places_04850,place,Nawaem Zaman,Riyadh,Riyadh
RYD_005584,riyadh_places_kaggle,places_04666,place,Nawara Restaurant,Riyadh,Riyadh
RYD_005585,booking_kaggle,hotels_00363,hotel,Nawara Sulimania Askary,Riyadh,Riyadh
RYD_005586,riyadh_places_kaggle,places_06017,place,Naz,Riyadh,Riyadh
RYD_005587,riyadh_places_kaggle,places_08601,place,Nelly Pasta,Riyadh,Riyadh
RYD_005588,riyadh_places_kaggle,places_00981,place,Neska Food Happiness,Riyadh,Riyadh
RYD_005589,riyadh_places_kaggle,places_03588,place,Neska Food Happiness,Riyadh,Riyadh
RYD_005590,riyadh_places_kaggle,places_06605,place,New Chef,Riyadh,Riyadh
RYD_005591,riyadh_places_kaggle,places_06723,place,New Lover,Riyadh,Riyadh
RYD_005592,riyadh_places_kaggle,places_02779,place,New Sham Restaurant,Riyadh,Riyadh
RYD_005593,booking_kaggle,hotels_00096,hotel,New Suite,Riyadh,Riyadh
RYD_005594,riyadh_places_kaggle,places_00372,place,New York Fries,Riyadh,Riyadh
RYD_005595,riyadh_places_kaggle,places_01491,place,New York Fries,Riyadh,Riyadh
RYD_005596,riyadh_places_kaggle,places_01883,place,New York Fries,Riyadh,Riyadh
RYD_005597,riyadh_places_kaggle,places_03450,place,New York Fries,Riyadh,Riyadh
RYD_005598,riyadh_places_kaggle,places_07253,place,New York Fries,Riyadh,Riyadh
RYD_005599,riyadh_places_kaggle,places_06681,place,Newstart,Riyadh,Riyadh
RYD_005600,riyadh_places_kaggle,places_05061,place,Next Coffee,Riyadh,Riyadh
RYD_005601,riyadh_places_kaggle,places_06132,place,Next Coffee,Riyadh,Riyadh
RYD_005602,riyadh_places_kaggle,places_07024,place,Next Coffee,Riyadh,Riyadh
RYD_005603,riyadh_places_kaggle,places_02441,place,Nilofer Bayan,Riyadh,Riyadh
RYD_005604,riyadh_places_kaggle,places_01592,place,Nilover Flowers,Riyadh,Riyadh
RYD_005605,riyadh_places_kaggle,places_00946,place,Nine,Riyadh,Riyadh
RYD_005606,riyadh_places_kaggle,places_08502,place,Nine.Nine Restaurant,Riyadh,Riyadh
RYD_005607,riyadh_places_kaggle,places_04972,place,Nineteen Grams,Riyadh,Riyadh
RYD_005608,riyadh_places_kaggle,places_00785,place,Nino,Riyadh,Riyadh
RYD_005609,riyadh_places_kaggle,places_01778,place,Nithar,Riyadh,Riyadh
RYD_005610,riyadh_places_kaggle,places_01550,place,Nivana Coffee,Riyadh,Riyadh
RYD_005611,riyadh_places_kaggle,places_04185,place,Nivana Coffee,Riyadh,Riyadh
RYD_005612,riyadh_places_kaggle,places_07420,place,Nivana Coffee,Riyadh,Riyadh
RYD_005613,riyadh_places_kaggle,places_03852,place,Njnaj,Riyadh,Riyadh
RYD_005614,riyadh_places_kaggle,places_06314,place,Njoom Alhala,Riyadh,Riyadh
RYD_005615,riyadh_places_kaggle,places_03304,place,Nmeer,Riyadh,Riyadh
RYD_005616,riyadh_places_kaggle,places_07913,place,No Name Cafe,Riyadh,Riyadh
RYD_005617,riyadh_places_kaggle,places_01056,place,Noa,Riyadh,Riyadh
RYD_005618,riyadh_places_kaggle,places_03994,place,Noa,Riyadh,Riyadh
RYD_005619,riyadh_places_kaggle,places_04503,place,Noch,Riyadh,Riyadh
RYD_005620,entertainment_kaggle,entertainment_00365,entertainment,Nofa Wildlife Park,Riyadh,Riyadh
RYD_005621,entertainment_kaggle,entertainment_00375,entertainment,Nofa Wildlife Park,Riyadh,Riyadh
RYD_005622,riyadh_places_kaggle,places_07756,place,Nokhitha Bukhari,Riyadh,Riyadh
RYD_005623,riyadh_places_kaggle,places_05919,place,Non Stop Breakfast,Riyadh,Riyadh
RYD_005624,riyadh_places_kaggle,places_00203,place,Noodle Way,Riyadh,Riyadh
RYD_005625,riyadh_places_kaggle,places_00675,place,Noodle Way,Riyadh,Riyadh
RYD_005626,riyadh_places_kaggle,places_01889,place,Noodle Way,Riyadh,Riyadh
RYD_005627,riyadh_places_kaggle,places_02856,place,Noodle Way,Riyadh,Riyadh
RYD_005628,riyadh_places_kaggle,places_05304,place,Noodle Way,Riyadh,Riyadh
RYD_005629,riyadh_places_kaggle,places_06399,place,Noodle Way,Riyadh,Riyadh
RYD_005630,riyadh_places_kaggle,places_06712,place,Noodle Way,Riyadh,Riyadh
RYD_005631,riyadh_places_kaggle,places_06758,place,Noodle Way,Riyadh,Riyadh
RYD_005632,riyadh_places_kaggle,places_07533,place,Noodle Way,Riyadh,Riyadh
RYD_005633,riyadh_places_kaggle,places_08402,place,Noodle Way,Riyadh,Riyadh
RYD_005634,riyadh_places_kaggle,places_05170,place,Noodles Factory,Riyadh,Riyadh
RYD_005635,riyadh_places_kaggle,places_05732,place,Noodles Factory,Riyadh,Riyadh
RYD_005636,riyadh_places_kaggle,places_08608,place,Noodles Factory,Riyadh,Riyadh
RYD_005637,riyadh_places_kaggle,places_05081,place,Noodlii,Riyadh,Riyadh
RYD_005638,riyadh_places_kaggle,places_03165,place,Noor Al Hanaa,Riyadh,Riyadh
RYD_005639,riyadh_places_kaggle,places_08455,place,Noor Pizza,Riyadh,Riyadh
RYD_005639,riyadh_places_kaggle,places_08458,place,Pizza Land,Riyadh,Riyadh
RYD_005639,riyadh_places_kaggle,places_08460,place,Florida Pizza,Riyadh,Riyadh
RYD_005639,riyadh_places_kaggle,places_08461,place,Aljohara Pizza,Riyadh,Riyadh
RYD_005640,riyadh_places_kaggle,places_06243,place,Noor's Bakery,Riyadh,Riyadh
RYD_005641,riyadh_places_kaggle,places_04168,place,Normani shawarma,Riyadh,Riyadh
RYD_005642,riyadh_places_kaggle,places_05734,place,Normani shawarma,Riyadh,Riyadh
RYD_005643,riyadh_places_kaggle,places_05934,place,North Biryani,Riyadh,Riyadh
RYD_005644,riyadh_places_kaggle,places_04197,place,North Coffee,Riyadh,Riyadh
RYD_005645,riyadh_places_kaggle,places_03741,place,Nouf's fingertips,Riyadh,Riyadh
RYD_005646,riyadh_places_kaggle,places_06281,place,Nour Al Canary,Riyadh,Riyadh
RYD_005647,riyadh_places_kaggle,places_05856,place,Nour Restaurants Indian Restaurant,Riyadh,Riyadh
RYD_005648,riyadh_places_kaggle,places_07478,place,Nour Restaurants Indian Restaurant,Riyadh,Riyadh
RYD_005649,riyadh_places_kaggle,places_05482,place,Noura house,Riyadh,Riyadh
RYD_005650,riyadh_places_kaggle,places_06853,place,Noura house,Riyadh,Riyadh
RYD_005651,riyadh_places_kaggle,places_07681,place,Noura house,Riyadh,Riyadh
RYD_005652,riyadh_places_kaggle,places_08552,place,Noura house,Riyadh,Riyadh
RYD_005653,riyadh_places_kaggle,places_01330,place,Novels Factory,Riyadh,Riyadh
RYD_005653,riyadh_places_kaggle,places_01331,place,Novels,Riyadh,Riyadh
RYD_005654,booking_kaggle,hotels_00176,hotel,Novotel Riyadh Al Anoud,Riyadh,Riyadh
RYD_005655,booking_kaggle,hotels_00132,hotel,Novotel Suites Riyadh Dyar,Riyadh,Riyadh
RYD_005656,booking_kaggle,hotels_00790,hotel,Nozl el Masara Furnished apartments,Al Kharj,Riyadh
RYD_005657,booking_kaggle,hotels_00784,hotel,Nozul Al Leqa Apartments,Al Kharj,Riyadh
RYD_005658,riyadh_places_kaggle,places_00173,place,Nuiava,Riyadh,Riyadh
RYD_005659,riyadh_places_kaggle,places_02732,place,Nuiava,Riyadh,Riyadh
RYD_005660,riyadh_places_kaggle,places_05465,place,Nuiava,Riyadh,Riyadh
RYD_005661,riyadh_places_kaggle,places_07319,place,Nuiava,Riyadh,Riyadh
RYD_005662,riyadh_places_kaggle,places_05187,place,Nulava,Riyadh,Riyadh
RYD_005663,riyadh_places_kaggle,places_04875,place,Nur House Juice,Riyadh,Riyadh
RYD_005664,riyadh_places_kaggle,places_04660,place,Nurr,Riyadh,Riyadh
RYD_005665,booking_kaggle,hotels_00582,hotel,Nuzul mena 109,Riyadh,Riyadh
RYD_005666,riyadh_places_kaggle,places_05803,place,Nyoko Sushi,Riyadh,Riyadh
RYD_005667,riyadh_places_kaggle,places_00857,place,O fish,Riyadh,Riyadh
RYD_005668,riyadh_places_kaggle,places_01929,place,O' Pizza,Riyadh,Riyadh
RYD_005669,riyadh_places_kaggle,places_00540,place,OAKBERRY,Riyadh,Riyadh
RYD_005670,riyadh_places_kaggle,places_01260,place,OAKBERRY,Riyadh,Riyadh
RYD_005671,riyadh_places_kaggle,places_02740,place,OAKBERRY,Riyadh,Riyadh
RYD_005672,riyadh_places_kaggle,places_03959,place,OAKBERRY,Riyadh,Riyadh
RYD_005673,riyadh_places_kaggle,places_07223,place,OAKBERRY,Riyadh,Riyadh
RYD_005674,riyadh_places_kaggle,places_04219,place,ODA KITCHEN,Riyadh,Riyadh
RYD_005675,riyadh_places_kaggle,places_01796,place,ODD CAFFE,Riyadh,Riyadh
RYD_005676,riyadh_places_kaggle,places_02231,place,ODILA,Riyadh,Riyadh
RYD_005677,riyadh_places_kaggle,places_03348,place,OG,Riyadh,Riyadh
RYD_005678,riyadh_places_kaggle,places_04258,place,OG BURGER,Riyadh,Riyadh
RYD_005679,riyadh_places_kaggle,places_00663,place,OH OK,Riyadh,Riyadh
RYD_005680,riyadh_places_kaggle,places_01758,place,OH OK,Riyadh,Riyadh
RYD_005681,riyadh_places_kaggle,places_02239,place,OH OK,Riyadh,Riyadh
RYD_005682,riyadh_places_kaggle,places_02623,place,OH OK,Riyadh,Riyadh
RYD_005683,riyadh_places_kaggle,places_07473,place,OH OK,Riyadh,Riyadh
RYD_005684,riyadh_places_kaggle,places_03240,place,OKNO,Riyadh,Riyadh
RYD_005685,riyadh_places_kaggle,places_04980,place,OLD CASTLE,Riyadh,Riyadh
RYD_005686,riyadh_places_kaggle,places_03734,place,OLE,Riyadh,Riyadh
RYD_005687,riyadh_places_kaggle,places_04892,place,OLLA,Riyadh,Riyadh
RYD_005688,riyadh_places_kaggle,places_04545,place,OLM,Riyadh,Riyadh
RYD_005689,riyadh_places_kaggle,places_05755,place,OLM,Riyadh,Riyadh
RYD_005690,riyadh_places_kaggle,places_08756,place,OLM,Riyadh,Riyadh
RYD_005691,riyadh_places_kaggle,places_08076,place,OMDEH,Riyadh,Riyadh
RYD_005692,riyadh_places_kaggle,places_02739,place,OMO OMO,Riyadh,Riyadh
RYD_005693,riyadh_places_kaggle,places_02641,place,ON Snack Bar,Riyadh,Riyadh
RYD_005694,riyadh_places_kaggle,places_01707,place,ONDA Coffee,Riyadh,Riyadh
RYD_005695,riyadh_places_kaggle,places_01206,place,OPAQ Eatery,Riyadh,Riyadh
RYD_005696,riyadh_places_kaggle,places_01487,place,OPAQ Eatery,Riyadh,Riyadh
RYD_005697,riyadh_places_kaggle,places_03986,place,OQ Burger,Riyadh,Riyadh
RYD_005698,riyadh_places_kaggle,places_07700,place,OQ Burger,Riyadh,Riyadh
RYD_005699,riyadh_places_kaggle,places_04059,place,ORGANIC STORE,Riyadh,Riyadh
RYD_005700,riyadh_places_kaggle,places_05113,place,ORO CUP,Riyadh,Riyadh
RYD_005701,riyadh_places_kaggle,places_03807,place,ORZA,Riyadh,Riyadh
RYD_005702,riyadh_places_kaggle,places_02025,place,OSAKA SUSHI,Riyadh,Riyadh
RYD_005703,riyadh_places_kaggle,places_05064,place,OSAKA SUSHI,Riyadh,Riyadh
RYD_005704,riyadh_places_kaggle,places_03593,place,OSLA CAFE,Riyadh,Riyadh
RYD_005705,riyadh_places_kaggle,places_07010,place,OV IN,Riyadh,Riyadh
RYD_005706,riyadh_places_kaggle,places_05880,place,OVATA,Riyadh,Riyadh
RYD_005707,riyadh_places_kaggle,places_00625,place,OVER CAFE,Riyadh,Riyadh
RYD_005708,riyadh_places_kaggle,places_03856,place,OWCH,Riyadh,Riyadh
RYD_005709,riyadh_places_kaggle,places_00643,place,OXAR,Riyadh,Riyadh
RYD_005710,booking_kaggle,hotels_00943,hotel,OYO 146 Al Asemah Hotel,Riyadh,Riyadh
RYD_005711,booking_kaggle,hotels_00865,hotel,OYO 150 Al Hamra Palace Al Aswaq,Riyadh,Riyadh
RYD_005712,booking_kaggle,hotels_00505,hotel,OYO 165 Orchida Al Hamra,Riyadh,Riyadh
RYD_005713,booking_kaggle,hotels_00499,hotel,OYO 302 Maamoura,Riyadh,Riyadh
RYD_005714,booking_kaggle,hotels_00301,hotel,OYO 352 Lamasat Alwadi,Riyadh,Riyadh
RYD_005715,booking_kaggle,hotels_00972,hotel,OYO 462 Masar Najd,Riyadh,Riyadh
RYD_005716,riyadh_places_kaggle,places_03535,place,Oaza,Riyadh,Riyadh
RYD_005717,riyadh_places_kaggle,places_05957,place,Ob cafe,Riyadh,Riyadh
RYD_005718,riyadh_places_kaggle,places_04231,place,Ob1 cafe,Riyadh,Riyadh
RYD_005719,entertainment_kaggle,entertainment_00206,entertainment,Observatory Thanian,Al Muzahimiyah,Riyadh
RYD_005720,entertainment_kaggle,entertainment_00216,entertainment,Observatory Thanian,Al Muzahimiyah,Riyadh
RYD_005721,riyadh_places_kaggle,places_03341,place,Occasion Bakery,Riyadh,Riyadh
RYD_005721,riyadh_places_kaggle,places_03342,place,Enchantee Bakery,Riyadh,Riyadh
RYD_005722,riyadh_places_kaggle,places_03691,place,Occasion Flowers,Riyadh,Riyadh
RYD_005723,riyadh_places_kaggle,places_04829,place,Ocean Basket,Riyadh,Riyadh
RYD_005724,riyadh_places_kaggle,places_00133,place,Ocean Fish Restaurants,Riyadh,Riyadh
RYD_005725,riyadh_places_kaggle,places_07896,place,Ocean Fish Restaurants,Riyadh,Riyadh
RYD_005726,riyadh_places_kaggle,places_02919,place,Odhobat Konafa,Riyadh,Riyadh
RYD_005727,riyadh_places_kaggle,places_06127,place,Of the Hijaz Rastaka,Riyadh,Riyadh
RYD_005728,riyadh_places_kaggle,places_01792,place,Off White Lounge,Riyadh,Riyadh
RYD_005729,riyadh_places_kaggle,places_03364,place,Off White Lounge,Riyadh,Riyadh
RYD_005730,riyadh_places_kaggle,places_03803,place,Ohm’s,Riyadh,Riyadh
RYD_005731,riyadh_places_kaggle,places_02059,place,Okai,Riyadh,Riyadh
RYD_005732,riyadh_places_kaggle,places_02175,place,Okai,Riyadh,Riyadh
RYD_005733,riyadh_places_kaggle,places_02877,place,Okai,Riyadh,Riyadh
RYD_005734,riyadh_places_kaggle,places_07245,place,Okai,Riyadh,Riyadh
RYD_005735,riyadh_places_kaggle,places_01574,place,Okashi,Riyadh,Riyadh
RYD_005736,riyadh_places_kaggle,places_00555,place,Olaya Chef for healthy eating,Riyadh,Riyadh
RYD_005737,riyadh_places_kaggle,places_05119,place,Old green hut,Riyadh,Riyadh
RYD_005738,riyadh_places_kaggle,places_08084,place,Old green hut,Riyadh,Riyadh
RYD_005739,riyadh_places_kaggle,places_03377,place,Olea,Riyadh,Riyadh
RYD_005740,riyadh_places_kaggle,places_06533,place,Olea,Riyadh,Riyadh
RYD_005741,riyadh_places_kaggle,places_01358,place,Olena,Riyadh,Riyadh
RYD_005742,riyadh_places_kaggle,places_06253,place,Olfah Tea,Riyadh,Riyadh
RYD_005743,booking_kaggle,hotels_00159,hotel,Olian Hotel,Riyadh,Riyadh
RYD_005744,riyadh_places_kaggle,places_03351,place,Olive Fish,Riyadh,Riyadh
RYD_005745,riyadh_places_kaggle,places_06552,place,Olive Fish,Riyadh,Riyadh
RYD_005746,riyadh_places_kaggle,places_00952,place,Oluva,Riyadh,Riyadh
RYD_005747,riyadh_places_kaggle,places_03773,place,Om Ali,Riyadh,Riyadh
RYD_005748,riyadh_places_kaggle,places_01622,place,Om Turki Feasts,Riyadh,Riyadh
RYD_005749,riyadh_places_kaggle,places_01899,place,Om Turki Feasts,Riyadh,Riyadh
RYD_005750,riyadh_places_kaggle,places_03661,place,Om Turki Feasts,Riyadh,Riyadh
RYD_005751,riyadh_places_kaggle,places_06184,place,Omdat Alhijaz,Riyadh,Riyadh
RYD_005752,riyadh_places_kaggle,places_00292,place,Omsiyat Najd,Riyadh,Riyadh
RYD_005753,riyadh_places_kaggle,places_02696,place,Omsiyat Najd,Riyadh,Riyadh
RYD_005754,riyadh_places_kaggle,places_05455,place,Omsiyat Najd,Riyadh,Riyadh
RYD_005755,riyadh_places_kaggle,places_07345,place,Omsiyat Najd,Riyadh,Riyadh
RYD_005756,riyadh_places_kaggle,places_05205,place,On Off Coffee,Riyadh,Riyadh
RYD_005757,riyadh_places_kaggle,places_05876,place,On Off Coffee,Riyadh,Riyadh
RYD_005758,riyadh_places_kaggle,places_08403,place,On Off Coffee,Riyadh,Riyadh
RYD_005759,riyadh_places_kaggle,places_03889,place,One Burger,Riyadh,Riyadh
RYD_005760,riyadh_places_kaggle,places_04005,place,One Hummus,Riyadh,Riyadh
RYD_005761,riyadh_places_kaggle,places_06016,place,One Kofta,Riyadh,Riyadh
RYD_005762,riyadh_places_kaggle,places_00766,place,One Of,Riyadh,Riyadh
RYD_005763,riyadh_places_kaggle,places_03498,place,One Of,Riyadh,Riyadh
RYD_005764,riyadh_places_kaggle,places_06472,place,One Of,Riyadh,Riyadh
RYD_005765,riyadh_places_kaggle,places_00958,place,One O’ One Burger,Riyadh,Riyadh
RYD_005766,riyadh_places_kaggle,places_02918,place,One Pound,Riyadh,Riyadh
RYD_005767,riyadh_places_kaggle,places_06196,place,One Way Burger,Riyadh,Riyadh
RYD_005768,riyadh_places_kaggle,places_08518,place,Only Me,Riyadh,Riyadh
RYD_005769,riyadh_places_kaggle,places_06208,place,Opale Nero Coffee &amp; Bar,Riyadh,Riyadh
RYD_005770,riyadh_places_kaggle,places_00822,place,Operation Falafel,Riyadh,Riyadh
RYD_005771,riyadh_places_kaggle,places_02854,place,Operation Falafel,Riyadh,Riyadh
RYD_005772,riyadh_places_kaggle,places_05500,place,Operation Falafel,Riyadh,Riyadh
RYD_005773,riyadh_places_kaggle,places_05900,place,Operation Falafel,Riyadh,Riyadh
RYD_005774,riyadh_places_kaggle,places_00331,place,Order For Them,Riyadh,Riyadh
RYD_005775,riyadh_places_kaggle,places_02156,place,Oregano Pizzeria,Riyadh,Riyadh
RYD_005776,riyadh_places_kaggle,places_02552,place,Oregano Pizzeria,Riyadh,Riyadh
RYD_005777,riyadh_places_kaggle,places_06924,place,Oregano Pizzeria,Riyadh,Riyadh
RYD_005778,riyadh_places_kaggle,places_08345,place,Oregano Pizzeria,Riyadh,Riyadh
RYD_005779,riyadh_places_kaggle,places_06024,place,Oriental Chef,Riyadh,Riyadh
RYD_005780,riyadh_places_kaggle,places_01809,place,Oriental stories restaurant,Riyadh,Riyadh
RYD_005781,riyadh_places_kaggle,places_04516,place,Origin,Riyadh,Riyadh
RYD_005782,riyadh_places_kaggle,places_04428,place,Origin Of Logimat,Riyadh,Riyadh
RYD_005783,riyadh_places_kaggle,places_07972,place,Origin Of Logimat,Riyadh,Riyadh
RYD_005784,riyadh_places_kaggle,places_04874,place,Originality,Riyadh,Riyadh
RYD_005784,riyadh_places_kaggle,places_04884,place,Oriental,Riyadh,Riyadh
RYD_005785,riyadh_places_kaggle,places_03443,place,Orne Cafe,Riyadh,Riyadh
RYD_005786,riyadh_places_kaggle,places_01871,place,Oro Oxo Cafe,Riyadh,Riyadh
RYD_005787,riyadh_places_kaggle,places_08481,place,Oromiffa,Riyadh,Riyadh
RYD_005788,riyadh_places_kaggle,places_03512,place,Orta coffee,Riyadh,Riyadh
RYD_005789,riyadh_places_kaggle,places_04743,place,Ortisei,Riyadh,Riyadh
RYD_005790,riyadh_places_kaggle,places_05086,place,Osoj,Riyadh,Riyadh
RYD_005791,riyadh_places_kaggle,places_03548,place,Osoul Al Foul,Riyadh,Riyadh
RYD_005792,riyadh_places_kaggle,places_06997,place,Othman Fawal,Riyadh,Riyadh
RYD_005793,riyadh_places_kaggle,places_07872,place,Othoog Al-kadi,Riyadh,Riyadh
RYD_005794,riyadh_places_kaggle,places_04813,place,Our country for vegetables and fruits,Riyadh,Riyadh
RYD_005795,riyadh_places_kaggle,places_01395,place,Outback Steakhouse,Riyadh,Riyadh
RYD_005796,riyadh_places_kaggle,places_02015,place,Outback Steakhouse,Riyadh,Riyadh
RYD_005797,riyadh_places_kaggle,places_04857,place,Outset Cafe,Riyadh,Riyadh
RYD_005798,riyadh_places_kaggle,places_01817,place,Outta,Riyadh,Riyadh
RYD_005799,riyadh_places_kaggle,places_03320,place,Outta,Riyadh,Riyadh
RYD_005800,riyadh_places_kaggle,places_06059,place,Oval Sweet,Riyadh,Riyadh
RYD_005801,riyadh_places_kaggle,places_01292,place,Oven,Riyadh,Riyadh
RYD_005802,riyadh_places_kaggle,places_02774,place,Oven &amp; Saj,Riyadh,Riyadh
RYD_005803,riyadh_places_kaggle,places_03274,place,Oven &amp; Saj,Riyadh,Riyadh
RYD_005804,riyadh_places_kaggle,places_08711,place,Oven &amp; Saj,Riyadh,Riyadh
RYD_005805,riyadh_places_kaggle,places_06567,place,Oven Taste,Riyadh,Riyadh
RYD_005806,riyadh_places_kaggle,places_03343,place,Oven Time,Riyadh,Riyadh
RYD_005807,riyadh_places_kaggle,places_05699,place,Oven Time,Riyadh,Riyadh
RYD_005808,riyadh_places_kaggle,places_06652,place,Oven station,Riyadh,Riyadh
RYD_005809,riyadh_places_kaggle,places_04787,place,Ovenstory Pizza,Riyadh,Riyadh
RYD_005810,riyadh_places_kaggle,places_05543,place,Ovenstory Pizza,Riyadh,Riyadh
RYD_005811,riyadh_places_kaggle,places_00770,place,Over Jar,Riyadh,Riyadh
RYD_005812,riyadh_places_kaggle,places_01520,place,Over Jar,Riyadh,Riyadh
RYD_005813,riyadh_places_kaggle,places_03093,place,Overdose,Riyadh,Riyadh
RYD_005814,riyadh_places_kaggle,places_05666,place,Overdose,Riyadh,Riyadh
RYD_005815,riyadh_places_kaggle,places_05807,place,Overdose,Riyadh,Riyadh
RYD_005816,riyadh_places_kaggle,places_06562,place,Overdose,Riyadh,Riyadh
RYD_005817,riyadh_places_kaggle,places_07009,place,Ovil,Riyadh,Riyadh
RYD_005818,riyadh_places_kaggle,places_08202,place,Oxygen,Riyadh,Riyadh
RYD_005819,riyadh_places_kaggle,places_05403,place,Oyoun Al Sham,Riyadh,Riyadh
RYD_005820,entertainment_kaggle,entertainment_00416,entertainment,Oz Lounge,Riyadh,Riyadh
RYD_005821,entertainment_kaggle,entertainment_00441,entertainment,Oz Lounge,Riyadh,Riyadh
RYD_005822,riyadh_places_kaggle,places_03672,place,O’my,Riyadh,Riyadh
RYD_005823,riyadh_places_kaggle,places_04318,place,P.F Changs,Riyadh,Riyadh
RYD_005824,riyadh_places_kaggle,places_08712,place,P.Vera,Riyadh,Riyadh
RYD_005825,riyadh_places_kaggle,places_01193,place,PAESANO FORNO,Riyadh,Riyadh
RYD_005826,riyadh_places_kaggle,places_04221,place,PALET,Riyadh,Riyadh
RYD_005827,riyadh_places_kaggle,places_03830,place,PALOVA,Riyadh,Riyadh
RYD_005828,riyadh_places_kaggle,places_05689,place,PALOVA,Riyadh,Riyadh
RYD_005829,riyadh_places_kaggle,places_00961,place,PAO,Riyadh,Riyadh
RYD_005830,riyadh_places_kaggle,places_02647,place,PAO,Riyadh,Riyadh
RYD_005831,riyadh_places_kaggle,places_00221,place,PAPA JOHNS PIZZA,Riyadh,Riyadh
RYD_005832,riyadh_places_kaggle,places_01227,place,PAPA JOHNS PIZZA,Riyadh,Riyadh
RYD_005833,riyadh_places_kaggle,places_02554,place,PAPA JOHNS PIZZA,Riyadh,Riyadh
RYD_005834,riyadh_places_kaggle,places_05411,place,PAPA JOHNS PIZZA,Riyadh,Riyadh
RYD_005835,riyadh_places_kaggle,places_06404,place,PAPA JOHNS PIZZA,Riyadh,Riyadh
RYD_005836,riyadh_places_kaggle,places_07463,place,PAPA JOHNS PIZZA,Riyadh,Riyadh
RYD_005837,riyadh_places_kaggle,places_00858,place,PARTY BOX,Riyadh,Riyadh
RYD_005838,riyadh_places_kaggle,places_01147,place,PARTY BOX,Riyadh,Riyadh
RYD_005839,riyadh_places_kaggle,places_01357,place,PARTY BOX,Riyadh,Riyadh
RYD_005840,riyadh_places_kaggle,places_03322,place,PARTY BOX,Riyadh,Riyadh
RYD_005841,riyadh_places_kaggle,places_06424,place,PARTY BOX,Riyadh,Riyadh
RYD_005842,riyadh_places_kaggle,places_07261,place,PARTY BOX,Riyadh,Riyadh
RYD_005843,riyadh_places_kaggle,places_08426,place,PARTY BOX,Riyadh,Riyadh
RYD_005844,riyadh_places_kaggle,places_04910,place,PASS,Riyadh,Riyadh
RYD_005845,riyadh_places_kaggle,places_07405,place,PASTA BROZ,Riyadh,Riyadh
RYD_005845,riyadh_places_kaggle,places_07406,place,The Pasta Guyz,Riyadh,Riyadh
RYD_005846,riyadh_places_kaggle,places_08387,place,PASTA BROZ,Riyadh,Riyadh
RYD_005846,riyadh_places_kaggle,places_08388,place,The Pasta Guyz,Riyadh,Riyadh
RYD_005847,riyadh_places_kaggle,places_06342,place,PASTA LAND,Riyadh,Riyadh
RYD_005848,riyadh_places_kaggle,places_08133,place,PASTA LAND,Riyadh,Riyadh
RYD_005849,riyadh_places_kaggle,places_03099,place,PASTA MINA,Riyadh,Riyadh
RYD_005850,riyadh_places_kaggle,places_00751,place,PAUL Salads,Riyadh,Riyadh
RYD_005851,riyadh_places_kaggle,places_03608,place,PAUL Salads,Riyadh,Riyadh
RYD_005852,riyadh_places_kaggle,places_05320,place,PAUL Salads,Riyadh,Riyadh
RYD_005853,riyadh_places_kaggle,places_07108,place,PAUL Salads,Riyadh,Riyadh
RYD_005854,riyadh_places_kaggle,places_05962,place,PECANBON CAFE,Riyadh,Riyadh
RYD_005855,riyadh_places_kaggle,places_00243,place,PECANOLLI,Riyadh,Riyadh
RYD_005856,riyadh_places_kaggle,places_04095,place,PECANOLLI,Riyadh,Riyadh
RYD_005857,riyadh_places_kaggle,places_07393,place,PECANOLLI,Riyadh,Riyadh
RYD_005858,riyadh_places_kaggle,places_08580,place,PECANOLLI,Riyadh,Riyadh
RYD_005859,riyadh_places_kaggle,places_05048,place,PECATON,Riyadh,Riyadh
RYD_005860,riyadh_places_kaggle,places_00569,place,PERFETTA,Riyadh,Riyadh
RYD_005861,riyadh_places_kaggle,places_01255,place,PERFETTA,Riyadh,Riyadh
RYD_005862,riyadh_places_kaggle,places_03073,place,PERFETTA,Riyadh,Riyadh
RYD_005863,riyadh_places_kaggle,places_00256,place,PHILIA,Riyadh,Riyadh
RYD_005864,riyadh_places_kaggle,places_02682,place,PHILIA,Riyadh,Riyadh
RYD_005865,riyadh_places_kaggle,places_05428,place,PHILIA,Riyadh,Riyadh
RYD_005866,riyadh_places_kaggle,places_07370,place,PHILIA,Riyadh,Riyadh
RYD_005867,riyadh_places_kaggle,places_01991,place,PHILL,Riyadh,Riyadh
RYD_005868,riyadh_places_kaggle,places_02903,place,PHILL,Riyadh,Riyadh
RYD_005869,riyadh_places_kaggle,places_07695,place,PHILL,Riyadh,Riyadh
RYD_005870,riyadh_places_kaggle,places_04359,place,PHILLY UP,Riyadh,Riyadh
RYD_005871,riyadh_places_kaggle,places_01362,place,PIES TIME,Riyadh,Riyadh
RYD_005872,riyadh_places_kaggle,places_02406,place,PIZZA AND PASTA,Riyadh,Riyadh
RYD_005873,riyadh_places_kaggle,places_06042,place,PIZZA ATI,Riyadh,Riyadh
RYD_005874,riyadh_places_kaggle,places_05998,place,PIZZA TODAY,Riyadh,Riyadh
RYD_005875,riyadh_places_kaggle,places_08806,place,PIZZANA,Riyadh,Riyadh
RYD_005876,riyadh_places_kaggle,places_00742,place,POKE AND CO,Riyadh,Riyadh
RYD_005877,riyadh_places_kaggle,places_01059,place,POKE ME,Riyadh,Riyadh
RYD_005877,riyadh_places_kaggle,places_01065,place,DEAR POKE,Riyadh,Riyadh
RYD_005878,riyadh_places_kaggle,places_03997,place,POKE ME,Riyadh,Riyadh
RYD_005879,riyadh_places_kaggle,places_02908,place,POKEND,Riyadh,Riyadh
RYD_005880,riyadh_places_kaggle,places_06866,place,POKEND,Riyadh,Riyadh
RYD_005881,riyadh_places_kaggle,places_07445,place,POKEND,Riyadh,Riyadh
RYD_005882,riyadh_places_kaggle,places_08814,place,POKEND,Riyadh,Riyadh
RYD_005883,riyadh_places_kaggle,places_01404,place,PONCHIK,Riyadh,Riyadh
RYD_005884,riyadh_places_kaggle,places_02219,place,PORT BEANS,Riyadh,Riyadh
RYD_005885,riyadh_places_kaggle,places_03604,place,POSHAK,Riyadh,Riyadh
RYD_005886,riyadh_places_kaggle,places_05694,place,POSHAK,Riyadh,Riyadh
RYD_005887,riyadh_places_kaggle,places_00426,place,POTATO CORNER,Riyadh,Riyadh
RYD_005888,riyadh_places_kaggle,places_00512,place,POTATO CORNER,Riyadh,Riyadh
RYD_005889,riyadh_places_kaggle,places_01631,place,POTATO CORNER,Riyadh,Riyadh
RYD_005890,riyadh_places_kaggle,places_02467,place,POTATO CORNER,Riyadh,Riyadh
RYD_005891,riyadh_places_kaggle,places_02941,place,POTATO CORNER,Riyadh,Riyadh
RYD_005892,riyadh_places_kaggle,places_06522,place,POTATO CORNER,Riyadh,Riyadh
RYD_005893,riyadh_places_kaggle,places_04529,place,PRISON CAFE,Riyadh,Riyadh
RYD_005894,riyadh_places_kaggle,places_04159,place,PROF CAFE,Riyadh,Riyadh
RYD_005895,riyadh_places_kaggle,places_00989,place,PROTEINK LOUNGE,Riyadh,Riyadh
RYD_005896,riyadh_places_kaggle,places_03949,place,PSP,Riyadh,Riyadh
RYD_005897,riyadh_places_kaggle,places_01744,place,PULET,Riyadh,Riyadh
RYD_005898,riyadh_places_kaggle,places_03346,place,PULET,Riyadh,Riyadh
RYD_005899,riyadh_places_kaggle,places_08468,place,PURE SEED,Riyadh,Riyadh
RYD_005900,riyadh_places_kaggle,places_03702,place,PUREZ PHARMACY,Riyadh,Riyadh
RYD_005901,riyadh_places_kaggle,places_06581,place,PUREZ PHARMACY,Riyadh,Riyadh
RYD_005902,riyadh_places_kaggle,places_04297,place,Paella pan,Riyadh,Riyadh
RYD_005903,riyadh_places_kaggle,places_06344,place,Palace of pies and falafel,Riyadh,Riyadh
RYD_005904,riyadh_places_kaggle,places_03181,place,Pan Bakery,Riyadh,Riyadh
RYD_005905,riyadh_places_kaggle,places_06086,place,Pancake &amp;waffle,Riyadh,Riyadh
RYD_005906,riyadh_places_kaggle,places_05005,place,Pancake Signature,Riyadh,Riyadh
RYD_005906,riyadh_places_kaggle,places_05740,place,Signature Dot Juices,Riyadh,Riyadh
RYD_005907,riyadh_places_kaggle,places_08127,place,Pancake Signature,Riyadh,Riyadh
RYD_005908,riyadh_places_kaggle,places_03508,place,Pance Flowers,Riyadh,Riyadh
RYD_005909,riyadh_places_kaggle,places_01476,place,Panchos Mexican Grill,Riyadh,Riyadh
RYD_005910,riyadh_places_kaggle,places_02882,place,Panda,Riyadh,Riyadh
RYD_005911,riyadh_places_kaggle,places_07524,place,Panda,Riyadh,Riyadh
RYD_005912,riyadh_places_kaggle,places_08116,place,Panda,Riyadh,Riyadh
RYD_005913,riyadh_places_kaggle,places_02086,place,Panda Express,Riyadh,Riyadh
RYD_005914,riyadh_places_kaggle,places_04244,place,Pandalus,Riyadh,Riyadh
RYD_005915,riyadh_places_kaggle,places_03578,place,Pandemic Coffee,Riyadh,Riyadh
RYD_005916,riyadh_places_kaggle,places_08118,place,Panorama cafe,Riyadh,Riyadh
RYD_005917,riyadh_places_kaggle,places_00599,place,Panyani,Riyadh,Riyadh
RYD_005918,riyadh_places_kaggle,places_01743,place,Panyani,Riyadh,Riyadh
RYD_005919,riyadh_places_kaggle,places_03516,place,Panyani,Riyadh,Riyadh
RYD_005920,riyadh_places_kaggle,places_04641,place,Papa Antar Express,Riyadh,Riyadh
RYD_005921,riyadh_places_kaggle,places_06020,place,Papa Antar Express,Riyadh,Riyadh
RYD_005922,riyadh_places_kaggle,places_03468,place,Paradise Bakeries,Riyadh,Riyadh
RYD_005923,riyadh_places_kaggle,places_06370,place,Pari pasta,Riyadh,Riyadh
RYD_005924,booking_kaggle,hotels_00300,hotel,Park Tulip,‘Afīf,Riyadh
RYD_005925,entertainment_kaggle,entertainment_00224,entertainment,Park near Museum,Riyadh,Riyadh
RYD_005926,entertainment_kaggle,entertainment_00234,entertainment,Park near Museum,Riyadh,Riyadh
RYD_005927,riyadh_places_kaggle,places_08220,place,Parkway Cafe,Riyadh,Riyadh
RYD_005928,riyadh_places_kaggle,places_01374,place,Parole Cafe,Riyadh,Riyadh
RYD_005929,riyadh_places_kaggle,places_02533,place,Parole Cafe,Riyadh,Riyadh
RYD_005930,riyadh_places_kaggle,places_07844,place,Parole Cafe,Riyadh,Riyadh
RYD_005931,riyadh_places_kaggle,places_08033,place,Parole Cafe,Riyadh,Riyadh
RYD_005932,riyadh_places_kaggle,places_08651,place,Parole Cafe,Riyadh,Riyadh
RYD_005933,riyadh_places_kaggle,places_05874,place,Parts Burger,Riyadh,Riyadh
RYD_005934,riyadh_places_kaggle,places_03082,place,Party Zone,Riyadh,Riyadh
RYD_005935,riyadh_places_kaggle,places_00782,place,Paskalia,Riyadh,Riyadh
RYD_005936,riyadh_places_kaggle,places_03218,place,Pasqually's Pizza and Wings,Riyadh,Riyadh
RYD_005937,riyadh_places_kaggle,places_07517,place,Pasqually's Pizza and Wings,Riyadh,Riyadh
RYD_005938,riyadh_places_kaggle,places_08706,place,Pasqually's Pizza and Wings,Riyadh,Riyadh
RYD_005939,riyadh_places_kaggle,places_07907,place,Passiony,Riyadh,Riyadh
RYD_005940,riyadh_places_kaggle,places_05083,place,Pasta &amp; Basta,Riyadh,Riyadh
RYD_005941,riyadh_places_kaggle,places_03326,place,Pasta 19,Riyadh,Riyadh
RYD_005942,riyadh_places_kaggle,places_04246,place,Pasta Cup,Riyadh,Riyadh
RYD_005943,riyadh_places_kaggle,places_02204,place,Pasta Days,Riyadh,Riyadh
RYD_005944,riyadh_places_kaggle,places_06012,place,Pasta Days,Riyadh,Riyadh
RYD_005945,riyadh_places_kaggle,places_02455,place,Pasta Delicious,Riyadh,Riyadh
RYD_005946,riyadh_places_kaggle,places_00219,place,Pasta Delizia,Riyadh,Riyadh
RYD_005947,riyadh_places_kaggle,places_03383,place,Pasta Delizia,Riyadh,Riyadh
RYD_005948,riyadh_places_kaggle,places_04174,place,Pasta Delizia,Riyadh,Riyadh
RYD_005949,riyadh_places_kaggle,places_00487,place,Pasta Fiesta,Riyadh,Riyadh
RYD_005950,riyadh_places_kaggle,places_01504,place,Pasta Fiesta,Riyadh,Riyadh
RYD_005951,riyadh_places_kaggle,places_07407,place,Pasta Fiesta,Riyadh,Riyadh
RYD_005952,riyadh_places_kaggle,places_08390,place,Pasta Fiesta,Riyadh,Riyadh
RYD_005953,riyadh_places_kaggle,places_06902,place,Pasta Leto,Riyadh,Riyadh
RYD_005954,riyadh_places_kaggle,places_07548,place,Pasta Leto,Riyadh,Riyadh
RYD_005955,riyadh_places_kaggle,places_04926,place,Pasta Milano,Riyadh,Riyadh
RYD_005956,riyadh_places_kaggle,places_04281,place,Pasta Olivia,Riyadh,Riyadh
RYD_005957,riyadh_places_kaggle,places_01647,place,Pasta Paradise,Riyadh,Riyadh
RYD_005958,riyadh_places_kaggle,places_02090,place,Pasta Paradise,Riyadh,Riyadh
RYD_005959,riyadh_places_kaggle,places_02165,place,Pasta Paradise,Riyadh,Riyadh
RYD_005960,riyadh_places_kaggle,places_06901,place,Pasta Santo,Riyadh,Riyadh
RYD_005961,riyadh_places_kaggle,places_07543,place,Pasta Santo,Riyadh,Riyadh
RYD_005962,riyadh_places_kaggle,places_04921,place,Pasta and Wraps,Riyadh,Riyadh
RYD_005963,riyadh_places_kaggle,places_02349,place,Pasta and burger taste,Riyadh,Riyadh
RYD_005964,riyadh_places_kaggle,places_02360,place,Pasta and juices rawayie alakilat,Riyadh,Riyadh
RYD_005965,riyadh_places_kaggle,places_08229,place,Pasta and juices rawayie alakilat,Riyadh,Riyadh
RYD_005966,riyadh_places_kaggle,places_00105,place,Pasta flavours,Riyadh,Riyadh
RYD_005967,riyadh_places_kaggle,places_01806,place,Pasta flavours,Riyadh,Riyadh
RYD_005968,riyadh_places_kaggle,places_04739,place,Pasta to U,Riyadh,Riyadh
RYD_005969,riyadh_places_kaggle,places_02627,place,Pastadalo,Riyadh,Riyadh
RYD_005970,riyadh_places_kaggle,places_07610,place,Pastadalo,Riyadh,Riyadh
RYD_005971,riyadh_places_kaggle,places_04213,place,Pastaleeni,Riyadh,Riyadh
RYD_005972,riyadh_places_kaggle,places_06548,place,Pastaleeni,Riyadh,Riyadh
RYD_005973,riyadh_places_kaggle,places_08189,place,Pastaleeni,Riyadh,Riyadh
RYD_005974,riyadh_places_kaggle,places_00520,place,Pastalita,Riyadh,Riyadh
RYD_005975,riyadh_places_kaggle,places_01178,place,Pastalita,Riyadh,Riyadh
RYD_005976,riyadh_places_kaggle,places_01283,place,Pastalita,Riyadh,Riyadh
RYD_005977,riyadh_places_kaggle,places_02591,place,Pastalita,Riyadh,Riyadh
RYD_005978,riyadh_places_kaggle,places_03458,place,Pastalita,Riyadh,Riyadh
RYD_005979,riyadh_places_kaggle,places_06421,place,Pastalita,Riyadh,Riyadh
RYD_005980,riyadh_places_kaggle,places_06802,place,Pastalita,Riyadh,Riyadh
RYD_005981,riyadh_places_kaggle,places_07136,place,Pastalita,Riyadh,Riyadh
RYD_005982,riyadh_places_kaggle,places_08488,place,Pastalita,Riyadh,Riyadh
RYD_005983,riyadh_places_kaggle,places_01587,place,Pastaria,Riyadh,Riyadh
RYD_005984,riyadh_places_kaggle,places_02230,place,Pastaria,Riyadh,Riyadh
RYD_005985,riyadh_places_kaggle,places_00082,place,Pastatti,Riyadh,Riyadh
RYD_005986,riyadh_places_kaggle,places_05618,place,Pastatti,Riyadh,Riyadh
RYD_005987,riyadh_places_kaggle,places_07458,place,Pastatti,Riyadh,Riyadh
RYD_005988,riyadh_places_kaggle,places_07905,place,Pastatti,Riyadh,Riyadh
RYD_005989,riyadh_places_kaggle,places_08019,place,Pastatti,Riyadh,Riyadh
RYD_005990,riyadh_places_kaggle,places_01117,place,Pastel Cafe,Riyadh,Riyadh
RYD_005991,riyadh_places_kaggle,places_01811,place,Pastiano,Riyadh,Riyadh
RYD_005992,riyadh_places_kaggle,places_06783,place,Patchi,Riyadh,Riyadh
RYD_005993,riyadh_places_kaggle,places_07400,place,Patchi,Riyadh,Riyadh
RYD_005994,riyadh_places_kaggle,places_08367,place,Patchi,Riyadh,Riyadh
RYD_005995,riyadh_places_kaggle,places_05600,place,Patchi cafe,Riyadh,Riyadh
RYD_005996,riyadh_places_kaggle,places_06823,place,Patchi cafe,Riyadh,Riyadh
RYD_005997,riyadh_places_kaggle,places_07113,place,Patchi cafe,Riyadh,Riyadh
RYD_005998,riyadh_places_kaggle,places_00976,place,Pattis,Riyadh,Riyadh
RYD_005999,riyadh_places_kaggle,places_00752,place,Paul Bakery,Riyadh,Riyadh
RYD_006000,riyadh_places_kaggle,places_01509,place,Paul Bakery,Riyadh,Riyadh
RYD_006001,riyadh_places_kaggle,places_01911,place,Paul Bakery,Riyadh,Riyadh
RYD_006002,riyadh_places_kaggle,places_03456,place,Paul Bakery,Riyadh,Riyadh
RYD_006003,riyadh_places_kaggle,places_07123,place,Paul Bakery,Riyadh,Riyadh
RYD_006004,riyadh_places_kaggle,places_01284,place,Paul Le Cafe,Riyadh,Riyadh
RYD_006005,riyadh_places_kaggle,places_02738,place,Paul Le Cafe,Riyadh,Riyadh
RYD_006006,riyadh_places_kaggle,places_03602,place,Paul Restaurant,Riyadh,Riyadh
RYD_006007,riyadh_places_kaggle,places_05300,place,Paul Restaurant,Riyadh,Riyadh
RYD_006008,riyadh_places_kaggle,places_07101,place,Paul Restaurant,Riyadh,Riyadh
RYD_006009,riyadh_places_kaggle,places_00750,place,Paul Sandwiches &amp; Wraps,Riyadh,Riyadh
RYD_006010,riyadh_places_kaggle,places_03459,place,Paul Sandwiches &amp; Wraps,Riyadh,Riyadh
RYD_006011,riyadh_places_kaggle,places_05319,place,Paul Sandwiches &amp; Wraps,Riyadh,Riyadh
RYD_006012,riyadh_places_kaggle,places_07107,place,Paul Sandwiches &amp; Wraps,Riyadh,Riyadh
RYD_006013,riyadh_places_kaggle,places_02875,place,Pavan,Riyadh,Riyadh
RYD_006014,riyadh_places_kaggle,places_02234,place,Pavilion,Riyadh,Riyadh
RYD_006015,riyadh_places_kaggle,places_07758,place,Pavilion,Riyadh,Riyadh
RYD_006016,riyadh_places_kaggle,places_03620,place,Paz,Riyadh,Riyadh
RYD_006017,riyadh_places_kaggle,places_08301,place,Peach and Pomegranate,Riyadh,Riyadh
RYD_006018,riyadh_places_kaggle,places_01515,place,Peeps,Riyadh,Riyadh
RYD_006019,riyadh_places_kaggle,places_00583,place,Peet's Coffee,Riyadh,Riyadh
RYD_006020,riyadh_places_kaggle,places_00974,place,Peet's Coffee,Riyadh,Riyadh
RYD_006021,riyadh_places_kaggle,places_01256,place,Peet's Coffee,Riyadh,Riyadh
RYD_006022,riyadh_places_kaggle,places_05585,place,Peet's Coffee,Riyadh,Riyadh
RYD_006023,riyadh_places_kaggle,places_06956,place,Penado,Riyadh,Riyadh
RYD_006024,riyadh_places_kaggle,places_00304,place,Penguin's Restaurants,Riyadh,Riyadh
RYD_006025,riyadh_places_kaggle,places_03102,place,Penguin's Restaurants,Riyadh,Riyadh
RYD_006026,riyadh_places_kaggle,places_05407,place,Penguin's Restaurants,Riyadh,Riyadh
RYD_006027,riyadh_places_kaggle,places_02883,place,Pepe’s Pasta Club,Riyadh,Riyadh
RYD_006028,riyadh_places_kaggle,places_02035,place,Perfectly Pressed,Riyadh,Riyadh
RYD_006029,riyadh_places_kaggle,places_00772,place,Perhaps,Riyadh,Riyadh
RYD_006030,riyadh_places_kaggle,places_01247,place,Perimeter,Riyadh,Riyadh
RYD_006031,riyadh_places_kaggle,places_04687,place,Perk up crfe,Riyadh,Riyadh
RYD_006032,riyadh_places_kaggle,places_05813,place,Peta Burger and Fries,Riyadh,Riyadh
RYD_006033,riyadh_places_kaggle,places_04949,place,Petal,Riyadh,Riyadh
RYD_006034,riyadh_places_kaggle,places_00900,place,Petit Louis Entrecote,Riyadh,Riyadh
RYD_006035,riyadh_places_kaggle,places_03354,place,Petit Louis Entrecote,Riyadh,Riyadh
RYD_006036,riyadh_places_kaggle,places_05590,place,Pets Oasis,Riyadh,Riyadh
RYD_006037,riyadh_places_kaggle,places_07732,place,Pets Oasis,Riyadh,Riyadh
RYD_006038,riyadh_places_kaggle,places_03396,place,Pew Pew,Riyadh,Riyadh
RYD_006039,riyadh_places_kaggle,places_02920,place,Ph'o,Riyadh,Riyadh
RYD_006040,riyadh_places_kaggle,places_05614,place,Ph'o,Riyadh,Riyadh
RYD_006041,riyadh_places_kaggle,places_06464,place,Ph'o,Riyadh,Riyadh
RYD_006042,riyadh_places_kaggle,places_03586,place,Phill tastic,Riyadh,Riyadh
RYD_006043,riyadh_places_kaggle,places_02808,place,Philly,Riyadh,Riyadh
RYD_006044,riyadh_places_kaggle,places_02077,place,Philly Willy,Riyadh,Riyadh
RYD_006045,riyadh_places_kaggle,places_02172,place,Philly Willy,Riyadh,Riyadh
RYD_006046,riyadh_places_kaggle,places_02867,place,Philly Willy,Riyadh,Riyadh
RYD_006047,riyadh_places_kaggle,places_07231,place,Philly Willy,Riyadh,Riyadh
RYD_006048,riyadh_places_kaggle,places_03002,place,Philpha,Riyadh,Riyadh
RYD_006049,riyadh_places_kaggle,places_07191,place,Philpha,Riyadh,Riyadh
RYD_006050,riyadh_places_kaggle,places_07985,place,Philpha,Riyadh,Riyadh
RYD_006051,riyadh_places_kaggle,places_04325,place,Phizzle,Riyadh,Riyadh
RYD_006052,riyadh_places_kaggle,places_05651,place,Phizzle,Riyadh,Riyadh
RYD_006053,riyadh_places_kaggle,places_07547,place,Phizzle,Riyadh,Riyadh
RYD_006054,riyadh_places_kaggle,places_08566,place,Phizzle,Riyadh,Riyadh
RYD_006055,riyadh_places_kaggle,places_00565,place,Pho,Riyadh,Riyadh
RYD_006056,riyadh_places_kaggle,places_08059,place,Piani cafe,Riyadh,Riyadh
RYD_006057,riyadh_places_kaggle,places_00868,place,Pianta Caffe,Riyadh,Riyadh
RYD_006058,riyadh_places_kaggle,places_01402,place,Piatto,Riyadh,Riyadh
RYD_006059,riyadh_places_kaggle,places_03149,place,Piatto,Riyadh,Riyadh
RYD_006060,riyadh_places_kaggle,places_05518,place,Piatto,Riyadh,Riyadh
RYD_006061,riyadh_places_kaggle,places_08369,place,Piatto,Riyadh,Riyadh
RYD_006062,riyadh_places_kaggle,places_03870,place,Picante,Riyadh,Riyadh
RYD_006063,riyadh_places_kaggle,places_00743,place,Picante‏‏,Riyadh,Riyadh
RYD_006064,riyadh_places_kaggle,places_00809,place,Pick and Pair,Riyadh,Riyadh
RYD_006065,riyadh_places_kaggle,places_01667,place,Pick and Pair,Riyadh,Riyadh
RYD_006066,riyadh_places_kaggle,places_06907,place,Pie and Tea,Riyadh,Riyadh
RYD_006067,riyadh_places_kaggle,places_05149,place,Pies Thimar,Riyadh,Riyadh
RYD_006067,riyadh_places_kaggle,places_05150,place,Themar Pizza,Riyadh,Riyadh
RYD_006068,riyadh_places_kaggle,places_02413,place,Pies today,Riyadh,Riyadh
RYD_006069,riyadh_places_kaggle,places_07065,place,Pigeon Corner Resturant,Riyadh,Riyadh
RYD_006070,riyadh_places_kaggle,places_01438,place,Pilaf,Riyadh,Riyadh
RYD_006071,riyadh_places_kaggle,places_03628,place,Pilaf,Riyadh,Riyadh
RYD_006072,riyadh_places_kaggle,places_05956,place,Pina Pizza,Riyadh,Riyadh
RYD_006073,riyadh_places_kaggle,places_00522,place,Pinkberry,Riyadh,Riyadh
RYD_006074,riyadh_places_kaggle,places_01297,place,Pinkberry,Riyadh,Riyadh
RYD_006075,riyadh_places_kaggle,places_02529,place,Pinkberry,Riyadh,Riyadh
RYD_006076,riyadh_places_kaggle,places_01516,place,Pinkish Bite,Riyadh,Riyadh
RYD_006077,riyadh_places_kaggle,places_07569,place,Pinkish Bite,Riyadh,Riyadh
RYD_006078,riyadh_places_kaggle,places_08265,place,Pinkish Bite,Riyadh,Riyadh
RYD_006079,riyadh_places_kaggle,places_03888,place,Pinky Richy,Riyadh,Riyadh
RYD_006080,riyadh_places_kaggle,places_00039,place,Pinzatta,Riyadh,Riyadh
RYD_006081,riyadh_places_kaggle,places_00296,place,Pinzatta,Riyadh,Riyadh
RYD_006082,riyadh_places_kaggle,places_00560,place,Pinzatta,Riyadh,Riyadh
RYD_006083,riyadh_places_kaggle,places_00793,place,Pinzatta,Riyadh,Riyadh
RYD_006084,riyadh_places_kaggle,places_01353,place,Pinzatta,Riyadh,Riyadh
RYD_006085,riyadh_places_kaggle,places_01958,place,Pinzatta,Riyadh,Riyadh
RYD_006086,riyadh_places_kaggle,places_02186,place,Pinzatta,Riyadh,Riyadh
RYD_006087,riyadh_places_kaggle,places_02306,place,Pinzatta,Riyadh,Riyadh
RYD_006088,riyadh_places_kaggle,places_02508,place,Pinzatta,Riyadh,Riyadh
RYD_006089,riyadh_places_kaggle,places_05381,place,Pinzatta,Riyadh,Riyadh
RYD_006090,riyadh_places_kaggle,places_06768,place,Pinzatta,Riyadh,Riyadh
RYD_006091,riyadh_places_kaggle,places_07152,place,Pinzatta,Riyadh,Riyadh
RYD_006092,riyadh_places_kaggle,places_07936,place,Pinzatta,Riyadh,Riyadh
RYD_006093,riyadh_places_kaggle,places_08655,place,Pinzatta,Riyadh,Riyadh
RYD_006094,riyadh_places_kaggle,places_03983,place,Piquant Pick,Riyadh,Riyadh
RYD_006095,riyadh_places_kaggle,places_08732,place,Piquant Pick,Riyadh,Riyadh
RYD_006096,riyadh_places_kaggle,places_04785,place,Pizza &amp; Co.,Riyadh,Riyadh
RYD_006097,riyadh_places_kaggle,places_05541,place,Pizza &amp; Co.,Riyadh,Riyadh
RYD_006098,riyadh_places_kaggle,places_02350,place,Pizza &amp; Juices Riyadh,Riyadh,Riyadh
RYD_006098,riyadh_places_kaggle,places_02351,place,Italian pizza and juices,Riyadh,Riyadh
RYD_006098,riyadh_places_kaggle,places_02353,place,British pizza &amp; juices,Riyadh,Riyadh
RYD_006098,riyadh_places_kaggle,places_02354,place,pizza &amp; juices Rahaf,Riyadh,Riyadh
RYD_006099,riyadh_places_kaggle,places_02379,place,Pizza &amp; Juicies,Riyadh,Riyadh
RYD_006099,riyadh_places_kaggle,places_02383,place,Siham pizza and juices,Riyadh,Riyadh
RYD_006099,riyadh_places_kaggle,places_02390,place,Broasted and Shawarma Deira,Riyadh,Riyadh
RYD_006099,riyadh_places_kaggle,places_02392,place,Deira shawarma,Riyadh,Riyadh
RYD_006099,riyadh_places_kaggle,places_02395,place,Al Sham Grilled and Broasted,Riyadh,Riyadh
RYD_006099,riyadh_places_kaggle,places_02401,place,Pizza and Shawarma Al Mukhtar,Riyadh,Riyadh
RYD_006099,riyadh_places_kaggle,places_02402,place,Tuwaiq Pizza and Juices,Riyadh,Riyadh
RYD_006099,riyadh_places_kaggle,places_02403,place,Broasted and Shawarma Lolo Al Mukhtar,Riyadh,Riyadh
RYD_006100,riyadh_places_kaggle,places_02398,place,Pizza Al Tayebat,Riyadh,Riyadh
RYD_006101,riyadh_places_kaggle,places_00922,place,Pizza Amore,Riyadh,Riyadh
RYD_006102,riyadh_places_kaggle,places_08419,place,Pizza And Pies Noura,Riyadh,Riyadh
RYD_006103,riyadh_places_kaggle,places_06628,place,Pizza Awwal Fatira,Riyadh,Riyadh
RYD_006104,riyadh_places_kaggle,places_04208,place,Pizza Bite,Riyadh,Riyadh
RYD_006105,riyadh_places_kaggle,places_04340,place,Pizza Bro,Riyadh,Riyadh
RYD_006106,riyadh_places_kaggle,places_02458,place,Pizza Chef,Riyadh,Riyadh
RYD_006107,riyadh_places_kaggle,places_07809,place,Pizza City,Riyadh,Riyadh
RYD_006108,riyadh_places_kaggle,places_07975,place,Pizza City,Riyadh,Riyadh
RYD_006109,riyadh_places_kaggle,places_00076,place,Pizza Corner,Riyadh,Riyadh
RYD_006110,riyadh_places_kaggle,places_06143,place,Pizza Corner,Riyadh,Riyadh
RYD_006111,riyadh_places_kaggle,places_07611,place,Pizza Corner,Riyadh,Riyadh
RYD_006112,riyadh_places_kaggle,places_07069,place,Pizza Cup,Riyadh,Riyadh
RYD_006113,riyadh_places_kaggle,places_01564,place,Pizza Express,Riyadh,Riyadh
RYD_006114,riyadh_places_kaggle,places_03493,place,Pizza Express,Riyadh,Riyadh
RYD_006115,riyadh_places_kaggle,places_05615,place,Pizza Express,Riyadh,Riyadh
RYD_006116,riyadh_places_kaggle,places_04498,place,Pizza Hla,Riyadh,Riyadh
RYD_006117,riyadh_places_kaggle,places_00057,place,Pizza Hut,Riyadh,Riyadh
RYD_006118,riyadh_places_kaggle,places_00305,place,Pizza Hut,Riyadh,Riyadh
RYD_006119,riyadh_places_kaggle,places_00478,place,Pizza Hut,Riyadh,Riyadh
RYD_006120,riyadh_places_kaggle,places_01001,place,Pizza Hut,Riyadh,Riyadh
RYD_006121,riyadh_places_kaggle,places_01344,place,Pizza Hut,Riyadh,Riyadh
RYD_006122,riyadh_places_kaggle,places_02002,place,Pizza Hut,Riyadh,Riyadh
RYD_006123,riyadh_places_kaggle,places_02577,place,Pizza Hut,Riyadh,Riyadh
RYD_006124,riyadh_places_kaggle,places_02904,place,Pizza Hut,Riyadh,Riyadh
RYD_006125,riyadh_places_kaggle,places_05329,place,Pizza Hut,Riyadh,Riyadh
RYD_006126,riyadh_places_kaggle,places_06394,place,Pizza Hut,Riyadh,Riyadh
RYD_006127,riyadh_places_kaggle,places_07162,place,Pizza Hut,Riyadh,Riyadh
RYD_006128,riyadh_places_kaggle,places_07947,place,Pizza Hut,Riyadh,Riyadh
RYD_006129,riyadh_places_kaggle,places_06343,place,Pizza Hut Li,Riyadh,Riyadh
RYD_006130,riyadh_places_kaggle,places_07889,place,Pizza Hut Li,Riyadh,Riyadh
RYD_006131,riyadh_places_kaggle,places_08676,place,Pizza Hut Li,Riyadh,Riyadh
RYD_006132,riyadh_places_kaggle,places_04697,place,Pizza Imm,Riyadh,Riyadh
RYD_006133,riyadh_places_kaggle,places_05743,place,Pizza Imm,Riyadh,Riyadh
RYD_006134,riyadh_places_kaggle,places_06490,place,Pizza Imm,Riyadh,Riyadh
RYD_006135,riyadh_places_kaggle,places_08391,place,Pizza Imm,Riyadh,Riyadh
RYD_006136,riyadh_places_kaggle,places_02860,place,Pizza Inn,Riyadh,Riyadh
RYD_006137,riyadh_places_kaggle,places_07609,place,Pizza Inn,Riyadh,Riyadh
RYD_006138,riyadh_places_kaggle,places_07968,place,Pizza Jewels,Riyadh,Riyadh
RYD_006139,riyadh_places_kaggle,places_08009,place,Pizza Jinan Al Tamayoz,Riyadh,Riyadh
RYD_006140,riyadh_places_kaggle,places_06225,place,Pizza Khyafef,Riyadh,Riyadh
RYD_006141,riyadh_places_kaggle,places_04590,place,Pizza Mamma Mia,Riyadh,Riyadh
RYD_006142,riyadh_places_kaggle,places_07801,place,Pizza Massah,Riyadh,Riyadh
RYD_006143,riyadh_places_kaggle,places_00159,place,Pizza One,Riyadh,Riyadh
RYD_006144,riyadh_places_kaggle,places_06946,place,Pizza One,Riyadh,Riyadh
RYD_006145,riyadh_places_kaggle,places_01547,place,Pizza Origin,Riyadh,Riyadh
RYD_006146,riyadh_places_kaggle,places_04692,place,Pizza Part,Riyadh,Riyadh
RYD_006147,riyadh_places_kaggle,places_06670,place,Pizza Pistoia,Riyadh,Riyadh
RYD_006148,riyadh_places_kaggle,places_06903,place,Pizza Plato,Riyadh,Riyadh
RYD_006149,riyadh_places_kaggle,places_07546,place,Pizza Plato,Riyadh,Riyadh
RYD_006150,riyadh_places_kaggle,places_02581,place,Pizza Premium,Riyadh,Riyadh
RYD_006151,riyadh_places_kaggle,places_00143,place,Pizza Ram,Riyadh,Riyadh
RYD_006152,riyadh_places_kaggle,places_01082,place,Pizza Ram,Riyadh,Riyadh
RYD_006153,riyadh_places_kaggle,places_01729,place,Pizza Ram,Riyadh,Riyadh
RYD_006154,riyadh_places_kaggle,places_01840,place,Pizza Ram,Riyadh,Riyadh
RYD_006155,riyadh_places_kaggle,places_02146,place,Pizza Ram,Riyadh,Riyadh
RYD_006156,riyadh_places_kaggle,places_07095,place,Pizza Ram,Riyadh,Riyadh
RYD_006157,riyadh_places_kaggle,places_08104,place,Pizza Ram,Riyadh,Riyadh
RYD_006158,riyadh_places_kaggle,places_06092,place,Pizza Rama,Riyadh,Riyadh
RYD_006159,riyadh_places_kaggle,places_03727,place,Pizza Reef,Riyadh,Riyadh
RYD_006160,riyadh_places_kaggle,places_03394,place,Pizza Roni,Riyadh,Riyadh
RYD_006161,riyadh_places_kaggle,places_03195,place,Pizza Rossa,Riyadh,Riyadh
RYD_006162,riyadh_places_kaggle,places_00383,place,Pizza Sheikh,Riyadh,Riyadh
RYD_006163,riyadh_places_kaggle,places_08065,place,Pizza Taraf,Riyadh,Riyadh
RYD_006164,riyadh_places_kaggle,places_05235,place,Pizza Tower,Riyadh,Riyadh
RYD_006165,riyadh_places_kaggle,places_08048,place,Pizza Tower,Riyadh,Riyadh
RYD_006166,riyadh_places_kaggle,places_03625,place,Pizza Wow,Riyadh,Riyadh
RYD_006167,riyadh_places_kaggle,places_02410,place,Pizza and Falafel altazj,Riyadh,Riyadh
RYD_006167,riyadh_places_kaggle,places_02412,place,Pizza &amp; falafel today,Riyadh,Riyadh
RYD_006168,riyadh_places_kaggle,places_02399,place,Pizza and Pasta Lolo Al Mukhtar,Riyadh,Riyadh
RYD_006169,riyadh_places_kaggle,places_06166,place,Pizza and juices Aleandalib,Riyadh,Riyadh
RYD_006169,riyadh_places_kaggle,places_06169,place,Shawarma Aleandalib,Riyadh,Riyadh
RYD_006170,riyadh_places_kaggle,places_02414,place,Pizza harrah,Riyadh,Riyadh
RYD_006170,riyadh_places_kaggle,places_02418,place,Italian pizza,Riyadh,Riyadh
RYD_006170,riyadh_places_kaggle,places_02423,place,pizza earth,Riyadh,Riyadh
RYD_006170,riyadh_places_kaggle,places_02426,place,Pizza Pizza,Riyadh,Riyadh
RYD_006171,riyadh_places_kaggle,places_02284,place,Pizza mdaqaltaj,Riyadh,Riyadh
RYD_006172,riyadh_places_kaggle,places_02358,place,Pizza now,Riyadh,Riyadh
RYD_006173,riyadh_places_kaggle,places_08228,place,Pizza now,Riyadh,Riyadh
RYD_006174,riyadh_places_kaggle,places_02460,place,Pizza pasta and juices AlShifa,Riyadh,Riyadh
RYD_006175,riyadh_places_kaggle,places_06171,place,Pizza taste,Riyadh,Riyadh
RYD_006176,riyadh_places_kaggle,places_05112,place,Pizza taste of the day,Riyadh,Riyadh
RYD_006177,riyadh_places_kaggle,places_02393,place,Pizza wafalafil thimar,Riyadh,Riyadh
RYD_006177,riyadh_places_kaggle,places_02396,place,Pizza wafalafil ayaam zaman,Riyadh,Riyadh
RYD_006178,riyadh_places_kaggle,places_00081,place,Pizza&amp; more,Riyadh,Riyadh
RYD_006179,riyadh_places_kaggle,places_04110,place,Pizza&amp;Pasta,Riyadh,Riyadh
RYD_006180,riyadh_places_kaggle,places_00686,place,Pizzarati,Riyadh,Riyadh
RYD_006181,riyadh_places_kaggle,places_03191,place,Pizzarati,Riyadh,Riyadh
RYD_006182,riyadh_places_kaggle,places_05475,place,Pizzarati,Riyadh,Riyadh
RYD_006183,riyadh_places_kaggle,places_07572,place,Pizzarati,Riyadh,Riyadh
RYD_006184,riyadh_places_kaggle,places_08250,place,Pizzarati,Riyadh,Riyadh
RYD_006185,riyadh_places_kaggle,places_03846,place,Pizzariyo,Riyadh,Riyadh
RYD_006186,riyadh_places_kaggle,places_05128,place,Pizzeria da mimmo,Riyadh,Riyadh
RYD_006187,riyadh_places_kaggle,places_06932,place,Placoos Pizza,Riyadh,Riyadh
RYD_006188,riyadh_places_kaggle,places_01128,place,Planet Donuts,Riyadh,Riyadh
RYD_006189,entertainment_kaggle,entertainment_00344,entertainment,Planet X,Riyadh,Riyadh
RYD_006190,entertainment_kaggle,entertainment_00354,entertainment,Planet X,Riyadh,Riyadh
RYD_006191,riyadh_places_kaggle,places_00283,place,Plant,Riyadh,Riyadh
RYD_006192,riyadh_places_kaggle,places_02711,place,Plant,Riyadh,Riyadh
RYD_006193,riyadh_places_kaggle,places_05461,place,Plant,Riyadh,Riyadh
RYD_006194,riyadh_places_kaggle,places_08789,place,Plant,Riyadh,Riyadh
RYD_006195,riyadh_places_kaggle,places_01198,place,Playground,Riyadh,Riyadh
RYD_006196,riyadh_places_kaggle,places_08423,place,Playground,Riyadh,Riyadh
RYD_006197,riyadh_places_kaggle,places_01201,place,Plenty slds,Riyadh,Riyadh
RYD_006198,riyadh_places_kaggle,places_03556,place,Plenty slds,Riyadh,Riyadh
RYD_006199,riyadh_places_kaggle,places_01493,place,PocoDor,Riyadh,Riyadh
RYD_006200,riyadh_places_kaggle,places_02433,place,PocoDor,Riyadh,Riyadh
RYD_006201,riyadh_places_kaggle,places_07501,place,PocoDor,Riyadh,Riyadh
RYD_006202,riyadh_places_kaggle,places_00135,place,Point rice Alhamra albukhari restaurants,Riyadh,Riyadh
RYD_006203,riyadh_places_kaggle,places_00592,place,Pokai,Riyadh,Riyadh
RYD_006204,riyadh_places_kaggle,places_00971,place,Pokai,Riyadh,Riyadh
RYD_006205,riyadh_places_kaggle,places_03159,place,Pokai,Riyadh,Riyadh
RYD_006206,riyadh_places_kaggle,places_03868,place,Poke and Co,Riyadh,Riyadh
RYD_006207,riyadh_places_kaggle,places_05558,place,Poke n’ Greens,Riyadh,Riyadh
RYD_006208,riyadh_places_kaggle,places_07731,place,Poke n’ Greens,Riyadh,Riyadh
RYD_006209,riyadh_places_kaggle,places_03146,place,Polaberry Amsterdam,Riyadh,Riyadh
RYD_006210,riyadh_places_kaggle,places_00050,place,Ponnusamy,Riyadh,Riyadh
RYD_006211,riyadh_places_kaggle,places_00439,place,Popeyes,Riyadh,Riyadh
RYD_006212,riyadh_places_kaggle,places_00619,place,Popeyes,Riyadh,Riyadh
RYD_006213,riyadh_places_kaggle,places_01277,place,Popeyes,Riyadh,Riyadh
RYD_006214,riyadh_places_kaggle,places_02661,place,Popeyes,Riyadh,Riyadh
RYD_006215,riyadh_places_kaggle,places_03466,place,Popeyes,Riyadh,Riyadh
RYD_006216,riyadh_places_kaggle,places_05334,place,Popeyes,Riyadh,Riyadh
RYD_006217,riyadh_places_kaggle,places_07116,place,Popeyes,Riyadh,Riyadh
RYD_006218,riyadh_places_kaggle,places_08306,place,Popeyes,Riyadh,Riyadh
RYD_006219,riyadh_places_kaggle,places_04688,place,PortaFilter Cafe,Riyadh,Riyadh
RYD_006220,riyadh_places_kaggle,places_05992,place,PortaFilter Cafe,Riyadh,Riyadh
RYD_006221,riyadh_places_kaggle,places_05736,place,Porter house boutique,Riyadh,Riyadh
RYD_006222,riyadh_places_kaggle,places_03305,place,Portia Burger,Riyadh,Riyadh
RYD_006223,riyadh_places_kaggle,places_05677,place,Portia Burger,Riyadh,Riyadh
RYD_006224,riyadh_places_kaggle,places_08816,place,Portia Burger,Riyadh,Riyadh
RYD_006225,riyadh_places_kaggle,places_04508,place,Portico,Riyadh,Riyadh
RYD_006226,riyadh_places_kaggle,places_01248,place,Portion,Riyadh,Riyadh
RYD_006227,riyadh_places_kaggle,places_01224,place,Posh,Riyadh,Riyadh
RYD_006228,riyadh_places_kaggle,places_03968,place,Power Juice,Riyadh,Riyadh
RYD_006229,riyadh_places_kaggle,places_04808,place,Press Burger,Riyadh,Riyadh
RYD_006230,riyadh_places_kaggle,places_01055,place,Pressed Juice,Riyadh,Riyadh
RYD_006231,riyadh_places_kaggle,places_03989,place,Pressed Juice,Riyadh,Riyadh
RYD_006232,riyadh_places_kaggle,places_08433,place,Pretzel Maker,Riyadh,Riyadh
RYD_006233,riyadh_places_kaggle,places_04542,place,Privet Tart,Riyadh,Riyadh
RYD_006234,riyadh_places_kaggle,places_01218,place,Pro fit,Riyadh,Riyadh
RYD_006234,riyadh_places_kaggle,places_01219,place,Pro fit keto,Riyadh,Riyadh
RYD_006235,riyadh_places_kaggle,places_01217,place,Pro fit Sogreen,Riyadh,Riyadh
RYD_006236,riyadh_places_kaggle,places_05207,place,Project Coffee,Riyadh,Riyadh
RYD_006237,riyadh_places_kaggle,places_00677,place,Pronto,Riyadh,Riyadh
RYD_006238,riyadh_places_kaggle,places_03847,place,Pronto,Riyadh,Riyadh
RYD_006239,riyadh_places_kaggle,places_02651,place,Pronto Bakehouse,Riyadh,Riyadh
RYD_006240,riyadh_places_kaggle,places_02319,place,Prost BIG,Riyadh,Riyadh
RYD_006241,riyadh_places_kaggle,places_04619,place,Puffery,Riyadh,Riyadh
RYD_006242,riyadh_places_kaggle,places_03515,place,Pureger,Riyadh,Riyadh
RYD_006243,riyadh_places_kaggle,places_06975,place,Pureger,Riyadh,Riyadh
RYD_006244,riyadh_places_kaggle,places_08822,place,Pureger,Riyadh,Riyadh
RYD_006245,riyadh_places_kaggle,places_02159,place,Purple chocolate,Riyadh,Riyadh
RYD_006246,riyadh_places_kaggle,places_03735,place,Purple chocolate,Riyadh,Riyadh
RYD_006247,riyadh_places_kaggle,places_07289,place,Purple chocolate,Riyadh,Riyadh
RYD_006248,riyadh_places_kaggle,places_05002,place,Q ON DA GO,Riyadh,Riyadh
RYD_006249,riyadh_places_kaggle,places_04484,place,Q tea,Riyadh,Riyadh
RYD_006250,riyadh_places_kaggle,places_05255,place,QADOOA,Riyadh,Riyadh
RYD_006251,riyadh_places_kaggle,places_03525,place,QADOOA BOXES,Riyadh,Riyadh
RYD_006251,riyadh_places_kaggle,places_05453,place,Qadooa,Riyadh,Riyadh
RYD_006252,riyadh_places_kaggle,places_08767,place,QADOOA BOXES,Riyadh,Riyadh
RYD_006253,riyadh_places_kaggle,places_06276,place,QASWARAH COFFEE,Riyadh,Riyadh
RYD_006254,riyadh_places_kaggle,places_01716,place,QB,Riyadh,Riyadh
RYD_006255,riyadh_places_kaggle,places_06931,place,QB,Riyadh,Riyadh
RYD_006256,riyadh_places_kaggle,places_04491,place,Qabas Shawarma,Riyadh,Riyadh
RYD_006257,riyadh_places_kaggle,places_00262,place,Qadooa,Riyadh,Riyadh
RYD_006257,riyadh_places_kaggle,places_00277,place,QADOOA BOXES,Riyadh,Riyadh
RYD_006258,riyadh_places_kaggle,places_02695,place,Qadooa,Riyadh,Riyadh
RYD_006259,riyadh_places_kaggle,places_07321,place,Qadooa,Riyadh,Riyadh
RYD_006260,riyadh_places_kaggle,places_04990,place,Qadrah And Fatir,Riyadh,Riyadh
RYD_006261,riyadh_places_kaggle,places_06595,place,Qaisar Al Arab,Riyadh,Riyadh
RYD_006262,riyadh_places_kaggle,places_04164,place,Qalb Alfalafel,Riyadh,Riyadh
RYD_006263,riyadh_places_kaggle,places_04087,place,Qameen bakery,Riyadh,Riyadh
RYD_006264,riyadh_places_kaggle,places_08016,place,Qanatir Dimashq,Riyadh,Riyadh
RYD_006265,riyadh_places_kaggle,places_08525,place,Qarmsha and Hasha,Riyadh,Riyadh
RYD_006266,riyadh_places_kaggle,places_01734,place,Qasar Toleen Sweets,Riyadh,Riyadh
RYD_006267,riyadh_places_kaggle,places_04210,place,Qasar Toleen Sweets,Riyadh,Riyadh
RYD_006268,riyadh_places_kaggle,places_05788,place,Qasar Toleen Sweets,Riyadh,Riyadh
RYD_006269,riyadh_places_kaggle,places_07125,place,Qasar Toleen Sweets,Riyadh,Riyadh
RYD_006270,booking_kaggle,hotels_00683,hotel,Qasr Al Azizia,Riyadh,Riyadh
RYD_006271,riyadh_places_kaggle,places_00075,place,Qasr Al Rukn Al Shami,Riyadh,Riyadh
RYD_006272,riyadh_places_kaggle,places_02347,place,Qasr Al-Ursan juices,Riyadh,Riyadh
RYD_006273,riyadh_places_kaggle,places_06068,place,Qasr Alajdad,Riyadh,Riyadh
RYD_006274,booking_kaggle,hotels_00291,hotel,Qasr alshawamekh,Riyadh,Riyadh
RYD_006275,riyadh_places_kaggle,places_06267,place,Qatouf Wa hala,Riyadh,Riyadh
RYD_006276,riyadh_places_kaggle,places_05984,place,Qcatering,Riyadh,Riyadh
RYD_006277,riyadh_places_kaggle,places_04945,place,Qemat Adnan,Riyadh,Riyadh
RYD_006278,riyadh_places_kaggle,places_06113,place,Qemat Adnan,Riyadh,Riyadh
RYD_006279,riyadh_places_kaggle,places_06568,place,Qemat Adnan,Riyadh,Riyadh
RYD_006280,booking_kaggle,hotels_00844,hotel,Qemmat Al Rafaa,Riyadh,Riyadh
RYD_006281,riyadh_places_kaggle,places_04058,place,Qidr Kabsah,Riyadh,Riyadh
RYD_006282,riyadh_places_kaggle,places_08521,place,Qimam Al hijaz Albukhari Restaurant,Riyadh,Riyadh
RYD_006283,riyadh_places_kaggle,places_07067,place,Qimat Alluwlua,Riyadh,Riyadh
RYD_006284,riyadh_places_kaggle,places_03432,place,Qimat Jabal Al lawz,Riyadh,Riyadh
RYD_006285,riyadh_places_kaggle,places_06555,place,Qimat Jabal Al lawz,Riyadh,Riyadh
RYD_006286,riyadh_places_kaggle,places_01751,place,Qishtya,Riyadh,Riyadh
RYD_006287,riyadh_places_kaggle,places_07595,place,Qishtya,Riyadh,Riyadh
RYD_006288,riyadh_places_kaggle,places_00598,place,Qoosha Bakery,Riyadh,Riyadh
RYD_006289,riyadh_places_kaggle,places_01742,place,Qoosha Bakery,Riyadh,Riyadh
RYD_006290,riyadh_places_kaggle,places_02858,place,Qoosha Bakery,Riyadh,Riyadh
RYD_006291,riyadh_places_kaggle,places_03333,place,Qoutof and Hala,Riyadh,Riyadh
RYD_006292,riyadh_places_kaggle,places_05502,place,Qoutof and Hala,Riyadh,Riyadh
RYD_006293,riyadh_places_kaggle,places_06868,place,Qoutof and Hala,Riyadh,Riyadh
RYD_006294,riyadh_places_kaggle,places_07466,place,Qoutof and Hala,Riyadh,Riyadh
RYD_006295,riyadh_places_kaggle,places_05683,place,Queen Kunafa,Riyadh,Riyadh
RYD_006296,riyadh_places_kaggle,places_01251,place,Quetzal,Riyadh,Riyadh
RYD_006297,riyadh_places_kaggle,places_01252,place,Quiet,Riyadh,Riyadh
RYD_006298,booking_kaggle,hotels_00388,hotel,Quiet Rooms Apart,Riyadh,Riyadh
RYD_006299,riyadh_places_kaggle,places_00839,place,Quiznos,Riyadh,Riyadh
RYD_006300,riyadh_places_kaggle,places_02521,place,Quiznos,Riyadh,Riyadh
RYD_006301,riyadh_places_kaggle,places_05298,place,Quiznos,Riyadh,Riyadh
RYD_006302,riyadh_places_kaggle,places_07265,place,Quiznos,Riyadh,Riyadh
RYD_006303,riyadh_places_kaggle,places_06855,place,Qurs Tawa,Riyadh,Riyadh
RYD_006304,riyadh_places_kaggle,places_02105,place,RACK,Riyadh,Riyadh
RYD_006305,riyadh_places_kaggle,places_03596,place,RACK,Riyadh,Riyadh
RYD_006306,riyadh_places_kaggle,places_08570,place,RACK,Riyadh,Riyadh
RYD_006307,riyadh_places_kaggle,places_03156,place,RARE Markets,Riyadh,Riyadh
RYD_006308,riyadh_places_kaggle,places_04780,place,RATIO,Riyadh,Riyadh
RYD_006309,riyadh_places_kaggle,places_02476,place,RAWABI ALESKAN,Riyadh,Riyadh
RYD_006310,riyadh_places_kaggle,places_00945,place,RAWK,Riyadh,Riyadh
RYD_006311,riyadh_places_kaggle,places_03051,place,RAWK,Riyadh,Riyadh
RYD_006312,riyadh_places_kaggle,places_03629,place,RED FLAG,Riyadh,Riyadh
RYD_006313,riyadh_places_kaggle,places_07423,place,RED FLAG,Riyadh,Riyadh
RYD_006314,riyadh_places_kaggle,places_03944,place,RED LIGHT BURGER,Riyadh,Riyadh
RYD_006315,booking_kaggle,hotels_00549,hotel,REEMAL,Riyadh,Riyadh
RYD_006316,riyadh_places_kaggle,places_06708,place,RELAX COFFEE,Riyadh,Riyadh
RYD_006317,riyadh_places_kaggle,places_05843,place,REMAL ZAMAN RESTAURANTS,Riyadh,Riyadh
RYD_006318,riyadh_places_kaggle,places_02084,place,REMOLA SWEETS,Riyadh,Riyadh
RYD_006319,riyadh_places_kaggle,places_02153,place,REMOLA SWEETS,Riyadh,Riyadh
RYD_006320,riyadh_places_kaggle,places_03819,place,REMOLA SWEETS,Riyadh,Riyadh
RYD_006321,riyadh_places_kaggle,places_02663,place,REPOSITORY,Riyadh,Riyadh
RYD_006322,riyadh_places_kaggle,places_06711,place,RESTAURANT AFRAN AL-DAYAA,Riyadh,Riyadh
RYD_006323,riyadh_places_kaggle,places_03919,place,REVEL,Riyadh,Riyadh
RYD_006324,riyadh_places_kaggle,places_01996,place,RFD,Riyadh,Riyadh
RYD_006325,riyadh_places_kaggle,places_04753,place,RFD,Riyadh,Riyadh
RYD_006326,riyadh_places_kaggle,places_00313,place,RICHONY,Riyadh,Riyadh
RYD_006327,riyadh_places_kaggle,places_05912,place,RICKSHA,Riyadh,Riyadh
RYD_006328,riyadh_places_kaggle,places_02542,place,RIGHT,Riyadh,Riyadh
RYD_006329,riyadh_places_kaggle,places_03041,place,ROCKY BURGER,Riyadh,Riyadh
RYD_006330,riyadh_places_kaggle,places_03039,place,ROCKY SALAD,Riyadh,Riyadh
RYD_006331,riyadh_places_kaggle,places_08161,place,ROMAN AND TOOT,Riyadh,Riyadh
RYD_006332,riyadh_places_kaggle,places_02712,place,ROOH,Riyadh,Riyadh
RYD_006333,riyadh_places_kaggle,places_05467,place,ROOH,Riyadh,Riyadh
RYD_006334,riyadh_places_kaggle,places_07356,place,ROOH,Riyadh,Riyadh
RYD_006335,riyadh_places_kaggle,places_08772,place,ROOH,Riyadh,Riyadh
RYD_006336,riyadh_places_kaggle,places_03069,place,ROR Coffee Roasters,Riyadh,Riyadh
RYD_006337,riyadh_places_kaggle,places_06563,place,ROSE PLANT,Riyadh,Riyadh
RYD_006338,riyadh_places_kaggle,places_06733,place,ROSHSN 5,Riyadh,Riyadh
RYD_006339,riyadh_places_kaggle,places_02052,place,ROUNDY,Riyadh,Riyadh
RYD_006340,riyadh_places_kaggle,places_02173,place,ROUNDY,Riyadh,Riyadh
RYD_006341,riyadh_places_kaggle,places_02869,place,ROUNDY,Riyadh,Riyadh
RYD_006342,riyadh_places_kaggle,places_07229,place,ROUNDY,Riyadh,Riyadh
RYD_006343,riyadh_places_kaggle,places_04382,place,RQ burger,Riyadh,Riyadh
RYD_006344,riyadh_places_kaggle,places_06126,place,RUKN ALMAHASHI,Riyadh,Riyadh
RYD_006345,riyadh_places_kaggle,places_04694,place,RURAL LUQAIMAT,Riyadh,Riyadh
RYD_006346,riyadh_places_kaggle,places_07751,place,RYDAN KITCHENS RESTAURANTS,Riyadh,Riyadh
RYD_006347,riyadh_places_kaggle,places_00670,place,Rabea Najd,Riyadh,Riyadh
RYD_006348,riyadh_places_kaggle,places_04195,place,Racy Sandwich,Riyadh,Riyadh
RYD_006349,riyadh_places_kaggle,places_05197,place,Radad AL Rimal restaurants,Riyadh,Riyadh
RYD_006350,booking_kaggle,hotels_00046,hotel,"Radisson Blu Hotel & Residence, Riyadh Diplomatic Quarter",Riyadh,Riyadh
RYD_006351,booking_kaggle,hotels_00012,hotel,"Radisson Blu Hotel, Riyadh",Riyadh,Riyadh
RYD_006352,riyadh_places_kaggle,places_04348,place,Raeq,Riyadh,Riyadh
RYD_006353,riyadh_places_kaggle,places_01888,place,Raha bakehouse,Riyadh,Riyadh
RYD_006354,riyadh_places_kaggle,places_06161,place,Rahash Konafa,Riyadh,Riyadh
RYD_006355,riyadh_places_kaggle,places_04764,place,Rahi,Riyadh,Riyadh
RYD_006356,riyadh_places_kaggle,places_06308,place,Raihana Al Reef Gifts &amp; Flowers,Riyadh,Riyadh
RYD_006357,riyadh_places_kaggle,places_06295,place,Raik Restaurant,Riyadh,Riyadh
RYD_006358,riyadh_places_kaggle,places_00528,place,Raising Canes,Riyadh,Riyadh
RYD_006359,riyadh_places_kaggle,places_01291,place,Raising Canes,Riyadh,Riyadh
RYD_006360,riyadh_places_kaggle,places_01882,place,Raising Canes,Riyadh,Riyadh
RYD_006361,riyadh_places_kaggle,places_02889,place,Raising Canes,Riyadh,Riyadh
RYD_006362,riyadh_places_kaggle,places_01663,place,Ramadaniyat With AlWalimah,Riyadh,Riyadh
RYD_006363,riyadh_places_kaggle,places_02099,place,Ramadaniyat With AlWalimah,Riyadh,Riyadh
RYD_006364,riyadh_places_kaggle,places_02140,place,Ramadaniyat With AlWalimah,Riyadh,Riyadh
RYD_006365,riyadh_places_kaggle,places_00903,place,Ramira cafe,Riyadh,Riyadh
RYD_006366,riyadh_places_kaggle,places_00252,place,Rana Hanim,Riyadh,Riyadh
RYD_006367,riyadh_places_kaggle,places_03538,place,Rana Hanim,Riyadh,Riyadh
RYD_006368,riyadh_places_kaggle,places_07329,place,Rana Hanim,Riyadh,Riyadh
RYD_006369,riyadh_places_kaggle,places_02958,place,Randys,Riyadh,Riyadh
RYD_006370,riyadh_places_kaggle,places_08615,place,Raneem Al Taif,Riyadh,Riyadh
RYD_006371,riyadh_places_kaggle,places_04212,place,Ranger Town,Riyadh,Riyadh
RYD_006372,riyadh_places_kaggle,places_06547,place,Ranger Town,Riyadh,Riyadh
RYD_006373,riyadh_places_kaggle,places_00063,place,Ranosh,Riyadh,Riyadh
RYD_006374,riyadh_places_kaggle,places_01392,place,Ranosh,Riyadh,Riyadh
RYD_006375,riyadh_places_kaggle,places_02926,place,Ranosh,Riyadh,Riyadh
RYD_006376,riyadh_places_kaggle,places_07181,place,Ranosh,Riyadh,Riyadh
RYD_006377,riyadh_places_kaggle,places_06719,place,Rans Cafe,Riyadh,Riyadh
RYD_006378,riyadh_places_kaggle,places_02050,place,Raps by BWL,Riyadh,Riyadh
RYD_006379,riyadh_places_kaggle,places_02831,place,Raps by BWL,Riyadh,Riyadh
RYD_006380,riyadh_places_kaggle,places_00179,place,Raqy,Riyadh,Riyadh
RYD_006381,riyadh_places_kaggle,places_05447,place,Raqy,Riyadh,Riyadh
RYD_006382,riyadh_places_kaggle,places_08753,place,Raqy,Riyadh,Riyadh
RYD_006383,riyadh_places_kaggle,places_00227,place,Rare Grill,Riyadh,Riyadh
RYD_006384,riyadh_places_kaggle,places_03412,place,Rare Grill,Riyadh,Riyadh
RYD_006385,riyadh_places_kaggle,places_01759,place,Rare Group,Riyadh,Riyadh
RYD_006386,riyadh_places_kaggle,places_00851,place,Raseef 4,Riyadh,Riyadh
RYD_006387,riyadh_places_kaggle,places_08805,place,Raseef Al Nakheel restaurant,Riyadh,Riyadh
RYD_006388,riyadh_places_kaggle,places_02757,place,Rasha Grape Leave,Riyadh,Riyadh
RYD_006389,riyadh_places_kaggle,places_05839,place,Rasha Grape Leave,Riyadh,Riyadh
RYD_006390,riyadh_places_kaggle,places_04500,place,Rashat Al-Hala,Riyadh,Riyadh
RYD_006391,riyadh_places_kaggle,places_06275,place,Rashat Daqiq,Riyadh,Riyadh
RYD_006392,riyadh_places_kaggle,places_05749,place,Rashid Sweets &amp; Bakers,Riyadh,Riyadh
RYD_006393,riyadh_places_kaggle,places_00257,place,Rashof,Riyadh,Riyadh
RYD_006394,riyadh_places_kaggle,places_02685,place,Rashof,Riyadh,Riyadh
RYD_006395,riyadh_places_kaggle,places_02656,place,Ratio,Riyadh,Riyadh
RYD_006396,riyadh_places_kaggle,places_06031,place,Ravand chocolate,Riyadh,Riyadh
RYD_006397,riyadh_places_kaggle,places_05130,place,Ravenelle,Riyadh,Riyadh
RYD_006398,riyadh_places_kaggle,places_08554,place,Ravenelle,Riyadh,Riyadh
RYD_006399,riyadh_places_kaggle,places_05065,place,Rawabi Dimashq,Riyadh,Riyadh
RYD_006400,riyadh_places_kaggle,places_05189,place,Rawabi Restaurant,Riyadh,Riyadh
RYD_006401,riyadh_places_kaggle,places_03937,place,Rawabita,Riyadh,Riyadh
RYD_006402,riyadh_places_kaggle,places_07050,place,Rawad Al Mathaq,Riyadh,Riyadh
RYD_006403,riyadh_places_kaggle,places_07902,place,Rawafed Baghdad Resturant,Riyadh,Riyadh
RYD_006404,riyadh_places_kaggle,places_01558,place,Rawak Al Manga,Riyadh,Riyadh
RYD_006405,riyadh_places_kaggle,places_07664,place,Rawak Al Manga,Riyadh,Riyadh
RYD_006406,riyadh_places_kaggle,places_06124,place,Rawan Juices,Riyadh,Riyadh
RYD_006407,riyadh_places_kaggle,places_05859,place,Raweq,Riyadh,Riyadh
RYD_006408,riyadh_places_kaggle,places_05151,place,Rawsha,Riyadh,Riyadh
RYD_006409,riyadh_places_kaggle,places_08527,place,Rawsha,Riyadh,Riyadh
RYD_006410,riyadh_places_kaggle,places_00171,place,Ray Bokhari,Riyadh,Riyadh
RYD_006411,riyadh_places_kaggle,places_05247,place,Rayah Alhala,Riyadh,Riyadh
RYD_006412,riyadh_places_kaggle,places_04473,place,Real Star Pharmacy,Riyadh,Riyadh
RYD_006413,riyadh_places_kaggle,places_05163,place,Rebel,Riyadh,Riyadh
RYD_006414,riyadh_places_kaggle,places_03253,place,Reca,Riyadh,Riyadh
RYD_006415,riyadh_places_kaggle,places_05958,place,Recovery Hot Juices.,Riyadh,Riyadh
RYD_006416,riyadh_places_kaggle,places_06222,place,Recovery fruits,Riyadh,Riyadh
RYD_006417,riyadh_places_kaggle,places_00042,place,Red Cherry For Sweets,Riyadh,Riyadh
RYD_006418,riyadh_places_kaggle,places_00840,place,Red Chick In,Riyadh,Riyadh
RYD_006419,riyadh_places_kaggle,places_04454,place,Red Chick In,Riyadh,Riyadh
RYD_006420,riyadh_places_kaggle,places_05346,place,Red Chick In,Riyadh,Riyadh
RYD_006421,riyadh_places_kaggle,places_06881,place,Red Chilies,Riyadh,Riyadh
RYD_006422,riyadh_places_kaggle,places_00041,place,Red Chilli,Riyadh,Riyadh
RYD_006423,riyadh_places_kaggle,places_00791,place,Red Onion,Riyadh,Riyadh
RYD_006424,riyadh_places_kaggle,places_05153,place,Red Pomodoro pizza &amp; pasta,Riyadh,Riyadh
RYD_006425,entertainment_kaggle,entertainment_00233,entertainment,Red Sand Dunes,Riyadh,Riyadh
RYD_006426,entertainment_kaggle,entertainment_00509,entertainment,Red Sea Beach,Riyadh,Riyadh
RYD_006427,riyadh_places_kaggle,places_02337,place,Red juice,Riyadh,Riyadh
RYD_006428,riyadh_places_kaggle,places_01368,place,Reef Al Asimah,Riyadh,Riyadh
RYD_006429,booking_kaggle,hotels_00263,hotel,Reef Al Malaz Hotel International,Riyadh,Riyadh
RYD_006430,riyadh_places_kaggle,places_01126,place,Reef Albalad,Riyadh,Riyadh
RYD_006431,riyadh_places_kaggle,places_05134,place,Reef Alkonafa,Riyadh,Riyadh
RYD_006432,riyadh_places_kaggle,places_04515,place,Reef Chocolate,Riyadh,Riyadh
RYD_006433,riyadh_places_kaggle,places_07747,place,Reef Chocolate,Riyadh,Riyadh
RYD_006434,riyadh_places_kaggle,places_02930,place,Reef fnn,Riyadh,Riyadh
RYD_006435,riyadh_places_kaggle,places_07071,place,Reef turkey,Riyadh,Riyadh
RYD_006436,riyadh_places_kaggle,places_01853,place,Reem Alriyadh,Riyadh,Riyadh
RYD_006437,riyadh_places_kaggle,places_03984,place,Reem Alriyadh,Riyadh,Riyadh
RYD_006438,riyadh_places_kaggle,places_08505,place,Reem Alriyadh,Riyadh,Riyadh
RYD_006439,riyadh_places_kaggle,places_03758,place,Reesha,Riyadh,Riyadh
RYD_006440,riyadh_places_kaggle,places_06355,place,Reeza,Riyadh,Riyadh
RYD_006441,riyadh_places_kaggle,places_02677,place,Reflet,Riyadh,Riyadh
RYD_006442,riyadh_places_kaggle,places_05763,place,Reflet,Riyadh,Riyadh
RYD_006443,riyadh_places_kaggle,places_01463,place,Refreshers,Riyadh,Riyadh
RYD_006444,riyadh_places_kaggle,places_00594,place,Regal Burger,Riyadh,Riyadh
RYD_006445,riyadh_places_kaggle,places_03173,place,Regal Burger,Riyadh,Riyadh
RYD_006445,riyadh_places_kaggle,places_03175,place,TGB Burger,Riyadh,Riyadh
RYD_006446,riyadh_places_kaggle,places_04278,place,Relax Cafe,Riyadh,Riyadh
RYD_006447,riyadh_places_kaggle,places_00097,place,Remarkable Chicken,Riyadh,Riyadh
RYD_006448,riyadh_places_kaggle,places_01421,place,Remarkable Chicken,Riyadh,Riyadh
RYD_006449,riyadh_places_kaggle,places_01957,place,Remarkable Chicken,Riyadh,Riyadh
RYD_006450,riyadh_places_kaggle,places_04259,place,Reouq Omi,Riyadh,Riyadh
RYD_006451,riyadh_places_kaggle,places_01228,place,Repeat Coffee,Riyadh,Riyadh
RYD_006452,riyadh_places_kaggle,places_03736,place,Resalah,Riyadh,Riyadh
RYD_006453,booking_kaggle,hotels_00981,hotel,Residence Secret,Riyadh,Riyadh
RYD_006454,riyadh_places_kaggle,places_02318,place,Restaurant hatatan fatayruh,Riyadh,Riyadh
RYD_006455,riyadh_places_kaggle,places_03893,place,Restaurant shahad,Riyadh,Riyadh
RYD_006456,riyadh_places_kaggle,places_06764,place,Restaurant shahad,Riyadh,Riyadh
RYD_006457,riyadh_places_kaggle,places_07225,place,Restaurant shahad,Riyadh,Riyadh
RYD_006458,riyadh_places_kaggle,places_08470,place,Restaurant shahad,Riyadh,Riyadh
RYD_006459,riyadh_places_kaggle,places_03712,place,Restaurants 300,Riyadh,Riyadh
RYD_006460,riyadh_places_kaggle,places_04821,place,Restaurants Thammara,Riyadh,Riyadh
RYD_006461,riyadh_places_kaggle,places_05184,place,Restaurants Yulzim Al-Bukhari,Riyadh,Riyadh
RYD_006462,riyadh_places_kaggle,places_03113,place,Resturant Fataer Altanor Fast Food,Riyadh,Riyadh
RYD_006463,riyadh_places_kaggle,places_05977,place,Retro,Riyadh,Riyadh
RYD_006464,riyadh_places_kaggle,places_04487,place,Retro Chocolate,Riyadh,Riyadh
RYD_006465,riyadh_places_kaggle,places_06353,place,Retro Pizza,Riyadh,Riyadh
RYD_006466,riyadh_places_kaggle,places_08148,place,Retro Pizza,Riyadh,Riyadh
RYD_006467,riyadh_places_kaggle,places_04253,place,Revup coffee,Riyadh,Riyadh
RYD_006468,riyadh_places_kaggle,places_00906,place,Reyash,Riyadh,Riyadh
RYD_006469,riyadh_places_kaggle,places_03565,place,Rezaizah Hussah,Riyadh,Riyadh
RYD_006470,riyadh_places_kaggle,places_06928,place,Rice &amp; Hkakah,Riyadh,Riyadh
RYD_006471,riyadh_places_kaggle,places_04817,place,Rice Blaban,Riyadh,Riyadh
RYD_006472,riyadh_places_kaggle,places_05772,place,Rice Mazaq Restaurant,Riyadh,Riyadh
RYD_006473,riyadh_places_kaggle,places_03086,place,Rice and Fish,Riyadh,Riyadh
RYD_006474,riyadh_places_kaggle,places_08360,place,Rice and Fish,Riyadh,Riyadh
RYD_006475,riyadh_places_kaggle,places_00827,place,Rice and Roll,Riyadh,Riyadh
RYD_006476,riyadh_places_kaggle,places_08531,place,Rice zone,Riyadh,Riyadh
RYD_006477,riyadh_places_kaggle,places_02924,place,Richoux,Riyadh,Riyadh
RYD_006478,riyadh_places_kaggle,places_01692,place,Richys Burger,Riyadh,Riyadh
RYD_006479,riyadh_places_kaggle,places_03235,place,Richys Burger,Riyadh,Riyadh
RYD_006480,riyadh_places_kaggle,places_00870,place,Riders Restaurant &amp; cafe,Riyadh,Riyadh
RYD_006481,riyadh_places_kaggle,places_01041,place,Right Bite,Riyadh,Riyadh
RYD_006482,riyadh_places_kaggle,places_01427,place,Right Bite,Riyadh,Riyadh
RYD_006483,riyadh_places_kaggle,places_07553,place,Right Bite,Riyadh,Riyadh
RYD_006484,riyadh_places_kaggle,places_00025,place,Rihanna Of the house,Riyadh,Riyadh
RYD_006485,riyadh_places_kaggle,places_05914,place,Rio Paprika,Riyadh,Riyadh
RYD_006486,riyadh_places_kaggle,places_00549,place,Riuq Almadhaq Buffet,Riyadh,Riyadh
RYD_006487,booking_kaggle,hotels_00780,hotel,Riva Suites 2,Riyadh,Riyadh
RYD_006488,riyadh_places_kaggle,places_00936,place,Riwayat Restaurant,Riyadh,Riyadh
RYD_006489,riyadh_places_kaggle,places_04841,place,Riyadh Chinese Restaurant,Riyadh,Riyadh
RYD_006490,entertainment_kaggle,entertainment_00144,entertainment,Riyadh Front - Shopping Area,Riyadh,Riyadh
RYD_006491,entertainment_kaggle,entertainment_00153,entertainment,Riyadh Front - Shopping Area,Riyadh,Riyadh
RYD_006492,booking_kaggle,hotels_00019,hotel,Riyadh Marriott Hotel,Riyadh,Riyadh
RYD_006493,riyadh_places_kaggle,places_06099,place,Riyadh Rose Gardens,Riyadh,Riyadh
RYD_006494,entertainment_kaggle,entertainment_00247,entertainment,Riyadh Season,Riyadh,Riyadh
RYD_006495,entertainment_kaggle,entertainment_00256,entertainment,Riyadh Season,Riyadh,Riyadh
RYD_006496,entertainment_kaggle,entertainment_00364,entertainment,Riyadh Water Tower,Riyadh,Riyadh
RYD_006497,entertainment_kaggle,entertainment_00374,entertainment,Riyadh Water Tower,Riyadh,Riyadh
RYD_006498,entertainment_kaggle,entertainment_00205,entertainment,Riyadh Zoo,Riyadh,Riyadh
RYD_006499,entertainment_kaggle,entertainment_00215,entertainment,Riyadh Zoo,Riyadh,Riyadh
RYD_006500,riyadh_places_kaggle,places_02366,place,Riyadh oven pizza,Riyadh,Riyadh
RYD_006501,riyadh_places_kaggle,places_07026,place,Riyadh's Meal,Riyadh,Riyadh
RYD_006502,riyadh_places_kaggle,places_01725,place,Rkn Mira,Riyadh,Riyadh
RYD_006503,riyadh_places_kaggle,places_01173,place,Roastarita,Riyadh,Riyadh
RYD_006504,riyadh_places_kaggle,places_06704,place,Roasted BBQ,Riyadh,Riyadh
RYD_006505,riyadh_places_kaggle,places_01121,place,Rob3 Meshakel,Riyadh,Riyadh
RYD_006506,riyadh_places_kaggle,places_04488,place,Rocky Box,Riyadh,Riyadh
RYD_006507,booking_kaggle,hotels_00862,hotel,Rofan Hotel Suites,Riyadh,Riyadh
RYD_006508,riyadh_places_kaggle,places_02243,place,Roken Naiaze,Riyadh,Riyadh
RYD_006509,riyadh_places_kaggle,places_03025,place,Roken Naiaze,Riyadh,Riyadh
RYD_006510,riyadh_places_kaggle,places_07709,place,Roken Naiaze,Riyadh,Riyadh
RYD_006511,riyadh_places_kaggle,places_08478,place,Roken Naiaze,Riyadh,Riyadh
RYD_006512,riyadh_places_kaggle,places_06077,place,Rokn Al Rafedin,Riyadh,Riyadh
RYD_006513,riyadh_places_kaggle,places_05729,place,Roll Khi,Riyadh,Riyadh
RYD_006514,riyadh_places_kaggle,places_03638,place,Roll and Wrap,Riyadh,Riyadh
RYD_006515,riyadh_places_kaggle,places_08813,place,Roll and Wrap,Riyadh,Riyadh
RYD_006516,riyadh_places_kaggle,places_05115,place,Roma Pizza &amp; Pasta,Riyadh,Riyadh
RYD_006517,riyadh_places_kaggle,places_00714,place,Roma Restaurant,Riyadh,Riyadh
RYD_006518,riyadh_places_kaggle,places_01096,place,Roma Restaurant,Riyadh,Riyadh
RYD_006519,riyadh_places_kaggle,places_04652,place,Roma Restaurant,Riyadh,Riyadh
RYD_006520,riyadh_places_kaggle,places_00488,place,Roma Way,Riyadh,Riyadh
RYD_006521,riyadh_places_kaggle,places_01468,place,Roma Way,Riyadh,Riyadh
RYD_006522,riyadh_places_kaggle,places_07574,place,Roma Way,Riyadh,Riyadh
RYD_006523,riyadh_places_kaggle,places_08597,place,Roman and Toot juice,Riyadh,Riyadh
RYD_006524,riyadh_places_kaggle,places_00401,place,Romana Joos Juices,Riyadh,Riyadh
RYD_006525,riyadh_places_kaggle,places_08168,place,Romana Joos Juices,Riyadh,Riyadh
RYD_006526,riyadh_places_kaggle,places_08436,place,Romano's Pizza,Riyadh,Riyadh
RYD_006527,riyadh_places_kaggle,places_00660,place,Ronaldos Pizzeria,Riyadh,Riyadh
RYD_006528,riyadh_places_kaggle,places_01233,place,Ronaldos Pizzeria,Riyadh,Riyadh
RYD_006529,riyadh_places_kaggle,places_01710,place,Ronaldos Pizzeria,Riyadh,Riyadh
RYD_006530,riyadh_places_kaggle,places_02551,place,Ronaldos Pizzeria,Riyadh,Riyadh
RYD_006531,riyadh_places_kaggle,places_08425,place,Ronaldos Pizzeria,Riyadh,Riyadh
RYD_006532,riyadh_places_kaggle,places_02504,place,Ronza,Riyadh,Riyadh
RYD_006533,riyadh_places_kaggle,places_03969,place,Roof,Riyadh,Riyadh
RYD_006534,riyadh_places_kaggle,places_03084,place,Roof Donuts,Riyadh,Riyadh
RYD_006535,riyadh_places_kaggle,places_03230,place,Rooster,Riyadh,Riyadh
RYD_006536,riyadh_places_kaggle,places_00865,place,Rootura Restaurant,Riyadh,Riyadh
RYD_006537,riyadh_places_kaggle,places_04026,place,Rose &amp; Perfume,Riyadh,Riyadh
RYD_006538,riyadh_places_kaggle,places_04580,place,Rose Country,Riyadh,Riyadh
RYD_006539,riyadh_places_kaggle,places_01616,place,Rose Gift,Riyadh,Riyadh
RYD_006540,riyadh_places_kaggle,places_02440,place,Rose Hat,Riyadh,Riyadh
RYD_006541,riyadh_places_kaggle,places_04350,place,Rose Piano,Riyadh,Riyadh
RYD_006542,riyadh_places_kaggle,places_03272,place,Rose Sweets,Riyadh,Riyadh
RYD_006543,riyadh_places_kaggle,places_05591,place,Rose Sweets,Riyadh,Riyadh
RYD_006544,riyadh_places_kaggle,places_06455,place,Rose Sweets,Riyadh,Riyadh
RYD_006545,riyadh_places_kaggle,places_08235,place,Rose Sweets,Riyadh,Riyadh
RYD_006546,riyadh_places_kaggle,places_04009,place,Rose square,Riyadh,Riyadh
RYD_006547,riyadh_places_kaggle,places_03244,place,Rosella,Riyadh,Riyadh
RYD_006548,riyadh_places_kaggle,places_04918,place,Roses Garden,Riyadh,Riyadh
RYD_006549,riyadh_places_kaggle,places_08058,place,Roses Hills,Riyadh,Riyadh
RYD_006550,riyadh_places_kaggle,places_01628,place,Roshen,Riyadh,Riyadh
RYD_006551,riyadh_places_kaggle,places_01900,place,Roshen,Riyadh,Riyadh
RYD_006552,riyadh_places_kaggle,places_03669,place,Roshen,Riyadh,Riyadh
RYD_006553,riyadh_places_kaggle,places_05101,place,Roshen Sweet,Riyadh,Riyadh
RYD_006554,riyadh_places_kaggle,places_01486,place,Rossovivo Pizza Pasta,Riyadh,Riyadh
RYD_006555,riyadh_places_kaggle,places_07580,place,Rossovivo Pizza Pasta,Riyadh,Riyadh
RYD_006556,entertainment_kaggle,entertainment_00111,entertainment,Rotana Theater,Riyadh,Riyadh
RYD_006557,entertainment_kaggle,entertainment_00120,entertainment,Rotana Theater,Riyadh,Riyadh
RYD_006558,riyadh_places_kaggle,places_00382,place,Rotti Shaabeiat,Riyadh,Riyadh
RYD_006559,riyadh_places_kaggle,places_08636,place,Rouge Cake,Riyadh,Riyadh
RYD_006560,entertainment_kaggle,entertainment_00330,entertainment,Round About,Riyadh,Riyadh
RYD_006561,riyadh_places_kaggle,places_08304,place,Rowad Shubra Buffet Liver Hashi and Fresh Lamb,Riyadh,Riyadh
RYD_006562,riyadh_places_kaggle,places_04384,place,Rowen Oven,Riyadh,Riyadh
RYD_006563,riyadh_places_kaggle,places_00084,place,Royal Tandor,Riyadh,Riyadh
RYD_006564,riyadh_places_kaggle,places_00882,place,Royale Fried Chicken,Riyadh,Riyadh
RYD_006565,riyadh_places_kaggle,places_01800,place,Roz Mashi,Riyadh,Riyadh
RYD_006566,riyadh_places_kaggle,places_02853,place,Rozalreef,Riyadh,Riyadh
RYD_006567,riyadh_places_kaggle,places_05552,place,Rozalreef,Riyadh,Riyadh
RYD_006568,riyadh_places_kaggle,places_01481,place,Roznas,Riyadh,Riyadh
RYD_006569,riyadh_places_kaggle,places_07183,place,Roznas,Riyadh,Riyadh
RYD_006570,riyadh_places_kaggle,places_06294,place,Rughfan buffet,Riyadh,Riyadh
RYD_006571,riyadh_places_kaggle,places_00927,place,Ruhi,Riyadh,Riyadh
RYD_006572,riyadh_places_kaggle,places_04611,place,Ruhol,Riyadh,Riyadh
RYD_006573,riyadh_places_kaggle,places_05916,place,Ruhol,Riyadh,Riyadh
RYD_006574,riyadh_places_kaggle,places_06313,place,Rukn Aliabtihaj,Riyadh,Riyadh
RYD_006575,riyadh_places_kaggle,places_08004,place,Rukn Aliabtihaj,Riyadh,Riyadh
RYD_006576,riyadh_places_kaggle,places_08727,place,Rukn Fakhfkhina,Riyadh,Riyadh
RYD_006577,riyadh_places_kaggle,places_07682,place,Rukn Ghazal Al Sham,Riyadh,Riyadh
RYD_006577,riyadh_places_kaggle,places_07683,place,Ghazal Al Sham,Riyadh,Riyadh
RYD_006578,riyadh_places_kaggle,places_06187,place,Rukn Halana Wahalak,Riyadh,Riyadh
RYD_006579,riyadh_places_kaggle,places_08415,place,Rukn Hummus Abu Zaki,Riyadh,Riyadh
RYD_006580,riyadh_places_kaggle,places_07670,place,Rukn alsafwa,Riyadh,Riyadh
RYD_006581,riyadh_places_kaggle,places_03633,place,Rundy,Riyadh,Riyadh
RYD_006582,riyadh_places_kaggle,places_07804,place,Rural corner,Riyadh,Riyadh
RYD_006583,riyadh_places_kaggle,places_00703,place,Russo's New York Pizzeria,Riyadh,Riyadh
RYD_006584,riyadh_places_kaggle,places_04654,place,Rwa'a Al Rafedeen Restaurant,Riyadh,Riyadh
RYD_006585,riyadh_places_kaggle,places_01458,place,Ryanh aljoud,Riyadh,Riyadh
RYD_006586,riyadh_places_kaggle,places_04573,place,Rêver,Riyadh,Riyadh
RYD_006587,riyadh_places_kaggle,places_04049,place,S C U L P T U R E,Riyadh,Riyadh
RYD_006588,riyadh_places_kaggle,places_04083,place,S E R G I T O ’ S,Riyadh,Riyadh
RYD_006589,riyadh_places_kaggle,places_06592,place,SAAD ALGHAMDI FOR FAST FOOD,Riyadh,Riyadh
RYD_006590,riyadh_places_kaggle,places_06655,place,SAFWA TIME,Riyadh,Riyadh
RYD_006591,riyadh_places_kaggle,places_06477,place,SAHAEB TAIBA,Riyadh,Riyadh
RYD_006592,riyadh_places_kaggle,places_04695,place,SAKAH TEA,Riyadh,Riyadh
RYD_006593,riyadh_places_kaggle,places_01061,place,SAL'S,Riyadh,Riyadh
RYD_006594,riyadh_places_kaggle,places_04004,place,SAL'S,Riyadh,Riyadh
RYD_006595,riyadh_places_kaggle,places_02107,place,SALAD BAR,Riyadh,Riyadh
RYD_006596,riyadh_places_kaggle,places_03612,place,SALAD BAR,Riyadh,Riyadh
RYD_006597,riyadh_places_kaggle,places_03288,place,SALAD IN,Riyadh,Riyadh
RYD_006598,riyadh_places_kaggle,places_02912,place,SALATA,Riyadh,Riyadh
RYD_006599,riyadh_places_kaggle,places_04035,place,SALEF,Riyadh,Riyadh
RYD_006600,riyadh_places_kaggle,places_06519,place,SALEF,Riyadh,Riyadh
RYD_006601,riyadh_places_kaggle,places_08292,place,SALEF,Riyadh,Riyadh
RYD_006602,riyadh_places_kaggle,places_06915,place,SALMA FORNO DI BEIRUT,Riyadh,Riyadh
RYD_006603,riyadh_places_kaggle,places_00933,place,SALT AND PEPPER,Riyadh,Riyadh
RYD_006604,riyadh_places_kaggle,places_06013,place,SAMIRA,Riyadh,Riyadh
RYD_006605,riyadh_places_kaggle,places_01014,place,SAMURAI,Riyadh,Riyadh
RYD_006606,riyadh_places_kaggle,places_06739,place,SANABEL ALTARAF,Riyadh,Riyadh
RYD_006607,riyadh_places_kaggle,places_04523,place,SATAY BOX,Riyadh,Riyadh
RYD_006608,riyadh_places_kaggle,places_06631,place,SAVA,Riyadh,Riyadh
RYD_006609,riyadh_places_kaggle,places_04152,place,SAWADA,Riyadh,Riyadh
RYD_006610,riyadh_places_kaggle,places_06149,place,SAWAKHEN,Riyadh,Riyadh
RYD_006611,riyadh_places_kaggle,places_01964,place,SAWS,Riyadh,Riyadh
RYD_006612,riyadh_places_kaggle,places_04255,place,SAYAKI,Riyadh,Riyadh
RYD_006613,riyadh_places_kaggle,places_06251,place,SAYF TEA,Riyadh,Riyadh
RYD_006614,riyadh_places_kaggle,places_04223,place,SCRMY,Riyadh,Riyadh
RYD_006615,riyadh_places_kaggle,places_00558,place,SCRUM,Riyadh,Riyadh
RYD_006615,riyadh_places_kaggle,places_00559,place,CHUMP,Riyadh,Riyadh
RYD_006616,riyadh_places_kaggle,places_04037,place,SCRUM,Riyadh,Riyadh
RYD_006616,riyadh_places_kaggle,places_04040,place,CHUMP,Riyadh,Riyadh
RYD_006617,riyadh_places_kaggle,places_03397,place,SEEDLING SALAD,Riyadh,Riyadh
RYD_006618,riyadh_places_kaggle,places_03748,place,SEEKHA,Riyadh,Riyadh
RYD_006618,riyadh_places_kaggle,places_03750,place,Deekan,Riyadh,Riyadh
RYD_006619,riyadh_places_kaggle,places_02925,place,SENDHI ABAD,Riyadh,Riyadh
RYD_006620,riyadh_places_kaggle,places_05816,place,SERAY,Riyadh,Riyadh
RYD_006621,riyadh_places_kaggle,places_00066,place,SETTE,Riyadh,Riyadh
RYD_006622,riyadh_places_kaggle,places_02971,place,SETTE,Riyadh,Riyadh
RYD_006622,riyadh_places_kaggle,places_02981,place,LETT,Riyadh,Riyadh
RYD_006622,riyadh_places_kaggle,places_02982,place,Petit,Riyadh,Riyadh
RYD_006623,riyadh_places_kaggle,places_07293,place,SETTE,Riyadh,Riyadh
RYD_006624,riyadh_places_kaggle,places_03280,place,SEVDA,Riyadh,Riyadh
RYD_006625,riyadh_places_kaggle,places_00895,place,SEVEN BEANS COFFEE HOUSE,Riyadh,Riyadh
RYD_006626,riyadh_places_kaggle,places_00049,place,SHALIMAR MUMTAZ RESTAURANT &amp; BAKERS,Riyadh,Riyadh
RYD_006627,riyadh_places_kaggle,places_05705,place,SHALIMAR MUMTAZ RESTAURANT &amp; BAKERS,Riyadh,Riyadh
RYD_006628,riyadh_places_kaggle,places_06510,place,SHAMI GRILLS,Riyadh,Riyadh
RYD_006629,riyadh_places_kaggle,places_06878,place,SHAMI GRILLS,Riyadh,Riyadh
RYD_006630,riyadh_places_kaggle,places_04804,place,SHAWAREMA ATHEYA,Riyadh,Riyadh
RYD_006631,riyadh_places_kaggle,places_03698,place,SHAWARMA ALBAAL,Riyadh,Riyadh
RYD_006632,riyadh_places_kaggle,places_00125,place,SHAWARMA CHICKEN MARK,Riyadh,Riyadh
RYD_006633,riyadh_places_kaggle,places_05132,place,SHAWARMA PERI PERI,Riyadh,Riyadh
RYD_006634,riyadh_places_kaggle,places_06720,place,SHAWARMA RUKN ALRAAYA,Riyadh,Riyadh
RYD_006635,riyadh_places_kaggle,places_01827,place,SHAWARMA SHAZIZ,Riyadh,Riyadh
RYD_006636,riyadh_places_kaggle,places_03092,place,SHAWARMA SHAZIZ,Riyadh,Riyadh
RYD_006637,riyadh_places_kaggle,places_05684,place,SHAWARMA SHAZIZ,Riyadh,Riyadh
RYD_006638,riyadh_places_kaggle,places_05224,place,SHAWARMAMA,Riyadh,Riyadh
RYD_006639,riyadh_places_kaggle,places_00792,place,SHAWAYAT,Riyadh,Riyadh
RYD_006640,riyadh_places_kaggle,places_07786,place,SHAWAYAT,Riyadh,Riyadh
RYD_006641,riyadh_places_kaggle,places_00837,place,SHE 3A SAJ,Riyadh,Riyadh
RYD_006642,riyadh_places_kaggle,places_04456,place,SHE 3A SAJ,Riyadh,Riyadh
RYD_006643,riyadh_places_kaggle,places_07185,place,SHE 3A SAJ,Riyadh,Riyadh
RYD_006644,riyadh_places_kaggle,places_08564,place,SHE 3A SAJ,Riyadh,Riyadh
RYD_006645,riyadh_places_kaggle,places_04148,place,SHE BURGER,Riyadh,Riyadh
RYD_006646,riyadh_places_kaggle,places_04123,place,SHEKKAH,Riyadh,Riyadh
RYD_006647,riyadh_places_kaggle,places_01783,place,SHIMMRS BAKERY,Riyadh,Riyadh
RYD_006648,riyadh_places_kaggle,places_05251,place,SHISH,Riyadh,Riyadh
RYD_006649,riyadh_places_kaggle,places_05098,place,SHOSH restaurant,Riyadh,Riyadh
RYD_006650,riyadh_places_kaggle,places_03695,place,SHWAA ALSHAM,Riyadh,Riyadh
RYD_006651,riyadh_places_kaggle,places_01095,place,SI Pizza,Riyadh,Riyadh
RYD_006652,riyadh_places_kaggle,places_03169,place,SI Pizza,Riyadh,Riyadh
RYD_006653,riyadh_places_kaggle,places_05493,place,SI Pizza,Riyadh,Riyadh
RYD_006654,riyadh_places_kaggle,places_08298,place,SI Pizza,Riyadh,Riyadh
RYD_006655,riyadh_places_kaggle,places_02979,place,SIGNATURE BOX,Riyadh,Riyadh
RYD_006656,riyadh_places_kaggle,places_00627,place,SILVANA RESTAURANT,Riyadh,Riyadh
RYD_006657,riyadh_places_kaggle,places_00405,place,SINBAD PALACE,Riyadh,Riyadh
RYD_006658,riyadh_places_kaggle,places_01769,place,SIÑORA HSESSA,Riyadh,Riyadh
RYD_006659,riyadh_places_kaggle,places_01543,place,SLDER CORNER,Riyadh,Riyadh
RYD_006660,riyadh_places_kaggle,places_02112,place,SLW,Riyadh,Riyadh
RYD_006661,riyadh_places_kaggle,places_03597,place,SLW,Riyadh,Riyadh
RYD_006662,riyadh_places_kaggle,places_07661,place,SLW,Riyadh,Riyadh
RYD_006663,riyadh_places_kaggle,places_01186,place,SLYDE,Riyadh,Riyadh
RYD_006664,riyadh_places_kaggle,places_06505,place,SLYDE,Riyadh,Riyadh
RYD_006665,riyadh_places_kaggle,places_07056,place,SO THE OVEN,Riyadh,Riyadh
RYD_006666,riyadh_places_kaggle,places_06206,place,SO.CHOCOLATE,Riyadh,Riyadh
RYD_006667,riyadh_places_kaggle,places_01997,place,SOCAL Kitchen,Riyadh,Riyadh
RYD_006668,riyadh_places_kaggle,places_03256,place,SOCIABLE,Riyadh,Riyadh
RYD_006669,riyadh_places_kaggle,places_00184,place,SOLACE,Riyadh,Riyadh
RYD_006670,riyadh_places_kaggle,places_02700,place,SOLACE,Riyadh,Riyadh
RYD_006671,riyadh_places_kaggle,places_05456,place,SOLACE,Riyadh,Riyadh
RYD_006672,riyadh_places_kaggle,places_07349,place,SOLACE,Riyadh,Riyadh
RYD_006673,riyadh_places_kaggle,places_02901,place,SOLTREE,Riyadh,Riyadh
RYD_006674,riyadh_places_kaggle,places_06926,place,SOLTREE,Riyadh,Riyadh
RYD_006675,riyadh_places_kaggle,places_01785,place,SOMA,Riyadh,Riyadh
RYD_006676,riyadh_places_kaggle,places_05868,place,SOMETEA,Riyadh,Riyadh
RYD_006677,riyadh_places_kaggle,places_03503,place,SON OF A BURGER,Riyadh,Riyadh
RYD_006678,riyadh_places_kaggle,places_05784,place,SON OF A BURGER,Riyadh,Riyadh
RYD_006679,riyadh_places_kaggle,places_01215,place,SORS,Riyadh,Riyadh
RYD_006680,riyadh_places_kaggle,places_02480,place,SORS,Riyadh,Riyadh
RYD_006681,riyadh_places_kaggle,places_02911,place,SORS,Riyadh,Riyadh
RYD_006682,riyadh_places_kaggle,places_06416,place,SORS,Riyadh,Riyadh
RYD_006683,riyadh_places_kaggle,places_06766,place,SORS,Riyadh,Riyadh
RYD_006684,riyadh_places_kaggle,places_07428,place,SORS,Riyadh,Riyadh
RYD_006685,riyadh_places_kaggle,places_04994,place,SPACE SUGAR,Riyadh,Riyadh
RYD_006686,riyadh_places_kaggle,places_03780,place,SPAR,Riyadh,Riyadh
RYD_006687,riyadh_places_kaggle,places_05510,place,SPAR,Riyadh,Riyadh
RYD_006688,riyadh_places_kaggle,places_06772,place,SPAR,Riyadh,Riyadh
RYD_006689,riyadh_places_kaggle,places_07382,place,SPAR,Riyadh,Riyadh
RYD_006690,riyadh_places_kaggle,places_00854,place,SPECIALTY CUPS,Riyadh,Riyadh
RYD_006691,riyadh_places_kaggle,places_02478,place,SPICE CORNER,Riyadh,Riyadh
RYD_006692,riyadh_places_kaggle,places_00101,place,SPICE MASTER,Riyadh,Riyadh
RYD_006693,riyadh_places_kaggle,places_06223,place,SPIKE HOUSE,Riyadh,Riyadh
RYD_006694,riyadh_places_kaggle,places_03448,place,STANDUP BURGER,Riyadh,Riyadh
RYD_006695,riyadh_places_kaggle,places_01930,place,SU Burger,Riyadh,Riyadh
RYD_006696,riyadh_places_kaggle,places_02862,place,SUBWAY,Riyadh,Riyadh
RYD_006697,riyadh_places_kaggle,places_06952,place,SUBWAY,Riyadh,Riyadh
RYD_006698,riyadh_places_kaggle,places_05126,place,SUDFA CAFE,Riyadh,Riyadh
RYD_006699,riyadh_places_kaggle,places_03987,place,SUGAR DOUGH,Riyadh,Riyadh
RYD_006700,riyadh_places_kaggle,places_06579,place,SULEIMAN FISH,Riyadh,Riyadh
RYD_006701,entertainment_kaggle,entertainment_00157,entertainment,SUNRISE RESORT,Riyadh,Riyadh
RYD_006702,riyadh_places_kaggle,places_04579,place,SUPERBUN,Riyadh,Riyadh
RYD_006703,riyadh_places_kaggle,places_01076,place,SURVIVAL CAKE,Riyadh,Riyadh
RYD_006704,riyadh_places_kaggle,places_03372,place,SUSAM,Riyadh,Riyadh
RYD_006705,riyadh_places_kaggle,places_06966,place,SUSAM,Riyadh,Riyadh
RYD_006706,riyadh_places_kaggle,places_05922,place,SUSHI DEMURE,Riyadh,Riyadh
RYD_006707,riyadh_places_kaggle,places_00801,place,SUSURU,Riyadh,Riyadh
RYD_006708,riyadh_places_kaggle,places_01668,place,SUSURU,Riyadh,Riyadh
RYD_006709,riyadh_places_kaggle,places_04406,place,SWAP,Riyadh,Riyadh
RYD_006710,riyadh_places_kaggle,places_05932,place,SWAP,Riyadh,Riyadh
RYD_006711,riyadh_places_kaggle,places_06241,place,SWEET LINE,Riyadh,Riyadh
RYD_006712,riyadh_places_kaggle,places_04240,place,SWEETS STEPS,Riyadh,Riyadh
RYD_006713,riyadh_places_kaggle,places_03605,place,SWL,Riyadh,Riyadh
RYD_006714,riyadh_places_kaggle,places_04199,place,SWL,Riyadh,Riyadh
RYD_006715,riyadh_places_kaggle,places_07649,place,SWL,Riyadh,Riyadh
RYD_006716,riyadh_places_kaggle,places_00532,place,SY Cafe,Riyadh,Riyadh
RYD_006717,riyadh_places_kaggle,places_01915,place,Sa7 Se7,Riyadh,Riyadh
RYD_006718,riyadh_places_kaggle,places_00022,place,Saadeddin pastry,Riyadh,Riyadh
RYD_006719,riyadh_places_kaggle,places_03121,place,Saadeddin pastry,Riyadh,Riyadh
RYD_006720,riyadh_places_kaggle,places_05415,place,Saadeddin pastry,Riyadh,Riyadh
RYD_006721,riyadh_places_kaggle,places_06428,place,Saadeddin pastry,Riyadh,Riyadh
RYD_006722,riyadh_places_kaggle,places_06787,place,Saadeddin pastry,Riyadh,Riyadh
RYD_006723,riyadh_places_kaggle,places_07416,place,Saadeddin pastry,Riyadh,Riyadh
RYD_006724,riyadh_places_kaggle,places_08034,place,Saadeddin pastry,Riyadh,Riyadh
RYD_006725,riyadh_places_kaggle,places_00369,place,Saba,Riyadh,Riyadh
RYD_006726,riyadh_places_kaggle,places_00507,place,Saba,Riyadh,Riyadh
RYD_006727,riyadh_places_kaggle,places_01272,place,Saba,Riyadh,Riyadh
RYD_006728,riyadh_places_kaggle,places_03733,place,Saba,Riyadh,Riyadh
RYD_006729,riyadh_places_kaggle,places_08394,place,Saba,Riyadh,Riyadh
RYD_006730,riyadh_places_kaggle,places_06061,place,Sabah Alfalafel,Riyadh,Riyadh
RYD_006731,riyadh_places_kaggle,places_07879,place,Sabah Alfareej,Riyadh,Riyadh
RYD_006732,riyadh_places_kaggle,places_05254,place,Sabah Zaman,Riyadh,Riyadh
RYD_006733,riyadh_places_kaggle,places_04493,place,Sabahiyat Adniyeh Restaurant,Riyadh,Riyadh
RYD_006734,riyadh_places_kaggle,places_00539,place,Sabbosa,Riyadh,Riyadh
RYD_006735,riyadh_places_kaggle,places_01099,place,Sabbosa,Riyadh,Riyadh
RYD_006736,riyadh_places_kaggle,places_01265,place,Sabbosa,Riyadh,Riyadh
RYD_006737,riyadh_places_kaggle,places_01891,place,Sabbosa,Riyadh,Riyadh
RYD_006737,riyadh_places_kaggle,places_01893,place,Saba,Riyadh,Riyadh
RYD_006738,riyadh_places_kaggle,places_02128,place,Sabbosa,Riyadh,Riyadh
RYD_006739,riyadh_places_kaggle,places_02494,place,Sabbosa,Riyadh,Riyadh
RYD_006740,riyadh_places_kaggle,places_02530,place,Sabbosa,Riyadh,Riyadh
RYD_006741,riyadh_places_kaggle,places_05302,place,Sabbosa,Riyadh,Riyadh
RYD_006742,riyadh_places_kaggle,places_06443,place,Sabbosa,Riyadh,Riyadh
RYD_006743,riyadh_places_kaggle,places_07199,place,Sabbosa,Riyadh,Riyadh
RYD_006744,riyadh_places_kaggle,places_07861,place,Sabbosa,Riyadh,Riyadh
RYD_006745,riyadh_places_kaggle,places_08646,place,Sabbosa,Riyadh,Riyadh
RYD_006746,riyadh_places_kaggle,places_01717,place,Sabee chocolate sweets,Riyadh,Riyadh
RYD_006747,riyadh_places_kaggle,places_00916,place,Sabroso,Riyadh,Riyadh
RYD_006748,riyadh_places_kaggle,places_02121,place,Sabroso,Riyadh,Riyadh
RYD_006749,riyadh_places_kaggle,places_02820,place,Sabroso,Riyadh,Riyadh
RYD_006750,riyadh_places_kaggle,places_07288,place,Sabroso,Riyadh,Riyadh
RYD_006751,riyadh_places_kaggle,places_07949,place,Sabroso,Riyadh,Riyadh
RYD_006752,riyadh_places_kaggle,places_08749,place,Sad Marib Restaurant,Riyadh,Riyadh
RYD_006753,riyadh_places_kaggle,places_06181,place,Sadan Restaurant,Riyadh,Riyadh
RYD_006754,riyadh_places_kaggle,places_00876,place,Saffar,Riyadh,Riyadh
RYD_006755,entertainment_kaggle,entertainment_00183,entertainment,Saffori Land,Riyadh,Riyadh
RYD_006756,entertainment_kaggle,entertainment_00213,entertainment,Saffori Land,Riyadh,Riyadh
RYD_006757,entertainment_kaggle,entertainment_00260,entertainment,Saffori Land,Riyadh,Riyadh
RYD_006758,entertainment_kaggle,entertainment_00290,entertainment,Saffori Land,Riyadh,Riyadh
RYD_006759,riyadh_places_kaggle,places_07956,place,Safihat alsham,Riyadh,Riyadh
RYD_006760,riyadh_places_kaggle,places_05991,place,Safwat Al Shahi session,Riyadh,Riyadh
RYD_006761,riyadh_places_kaggle,places_01449,place,Sag Al Mokhtar,Riyadh,Riyadh
RYD_006762,riyadh_places_kaggle,places_02769,place,Sahab Sweets,Riyadh,Riyadh
RYD_006763,riyadh_places_kaggle,places_08522,place,Sahabat Hala,Riyadh,Riyadh
RYD_006764,riyadh_places_kaggle,places_03104,place,Sahaib Dirty,Riyadh,Riyadh
RYD_006765,riyadh_places_kaggle,places_07462,place,Sahaib Dirty,Riyadh,Riyadh
RYD_006766,riyadh_places_kaggle,places_05105,place,Saharaa Dimashq,Riyadh,Riyadh
RYD_006767,riyadh_places_kaggle,places_05593,place,Sahari Al Sham,Riyadh,Riyadh
RYD_006768,riyadh_places_kaggle,places_07246,place,Sahari Al Sham,Riyadh,Riyadh
RYD_006769,riyadh_places_kaggle,places_00139,place,Sahel Alexandria Restaurant,Riyadh,Riyadh
RYD_006770,riyadh_places_kaggle,places_06591,place,Sahel Alexandria Restaurant,Riyadh,Riyadh
RYD_006771,riyadh_places_kaggle,places_01390,place,Sahrukhan,Riyadh,Riyadh
RYD_006772,riyadh_places_kaggle,places_03153,place,Sahrukhan,Riyadh,Riyadh
RYD_006773,riyadh_places_kaggle,places_07043,place,Saif al tikka,Riyadh,Riyadh
RYD_006774,riyadh_places_kaggle,places_01708,place,Saj Abu Adnan,Riyadh,Riyadh
RYD_006775,riyadh_places_kaggle,places_07636,place,Saj Abu Adnan,Riyadh,Riyadh
RYD_006776,riyadh_places_kaggle,places_08093,place,Saj Abu Adnan,Riyadh,Riyadh
RYD_006777,riyadh_places_kaggle,places_01242,place,Saj AlKabda,Riyadh,Riyadh
RYD_006778,riyadh_places_kaggle,places_08288,place,Saj AlKabda,Riyadh,Riyadh
RYD_006779,riyadh_places_kaggle,places_01415,place,Saj Zaman,Riyadh,Riyadh
RYD_006780,riyadh_places_kaggle,places_03442,place,Saj Zaman,Riyadh,Riyadh
RYD_006781,riyadh_places_kaggle,places_06800,place,Saj Zaman,Riyadh,Riyadh
RYD_006782,riyadh_places_kaggle,places_03391,place,Saj wish,Riyadh,Riyadh
RYD_006783,riyadh_places_kaggle,places_08222,place,Sakaba,Riyadh,Riyadh
RYD_006784,riyadh_places_kaggle,places_00198,place,Sakalans,Riyadh,Riyadh
RYD_006785,entertainment_kaggle,entertainment_00415,entertainment,Sala Hub,Riyadh,Riyadh
RYD_006786,entertainment_kaggle,entertainment_00440,entertainment,Sala Hub,Riyadh,Riyadh
RYD_006787,riyadh_places_kaggle,places_00732,place,Salad &amp; Co,Riyadh,Riyadh
RYD_006787,riyadh_places_kaggle,places_00733,place,Soup &amp; Co,Riyadh,Riyadh
RYD_006787,riyadh_places_kaggle,places_00735,place,Eggs &amp; Co,Riyadh,Riyadh
RYD_006788,riyadh_places_kaggle,places_03857,place,Salad &amp; Co,Riyadh,Riyadh
RYD_006788,riyadh_places_kaggle,places_03858,place,Soup &amp; Co,Riyadh,Riyadh
RYD_006788,riyadh_places_kaggle,places_03860,place,Eggs &amp; Co,Riyadh,Riyadh
RYD_006789,riyadh_places_kaggle,places_00967,place,Salad Freak,Riyadh,Riyadh
RYD_006790,riyadh_places_kaggle,places_01305,place,Salad Freak,Riyadh,Riyadh
RYD_006791,riyadh_places_kaggle,places_03413,place,Salad Freak,Riyadh,Riyadh
RYD_006792,riyadh_places_kaggle,places_05921,place,Salad Ya Sushi,Riyadh,Riyadh
RYD_006793,riyadh_places_kaggle,places_01238,place,Saladat,Riyadh,Riyadh
RYD_006794,riyadh_places_kaggle,places_01478,place,Salade,Riyadh,Riyadh
RYD_006795,riyadh_places_kaggle,places_04285,place,Saladella,Riyadh,Riyadh
RYD_006796,riyadh_places_kaggle,places_05075,place,Saladii,Riyadh,Riyadh
RYD_006797,entertainment_kaggle,entertainment_00299,entertainment,Salam Park,Riyadh,Riyadh
RYD_006798,entertainment_kaggle,entertainment_00327,entertainment,Salam Park,Riyadh,Riyadh
RYD_006799,riyadh_places_kaggle,places_05768,place,Salamh Tea,Riyadh,Riyadh
RYD_006800,riyadh_places_kaggle,places_04629,place,Salatat,Riyadh,Riyadh
RYD_006801,riyadh_places_kaggle,places_00218,place,Saldwich,Riyadh,Riyadh
RYD_006802,riyadh_places_kaggle,places_01021,place,Saldwich,Riyadh,Riyadh
RYD_006803,riyadh_places_kaggle,places_01507,place,Saldwich,Riyadh,Riyadh
RYD_006804,riyadh_places_kaggle,places_02500,place,Saldwich,Riyadh,Riyadh
RYD_006805,riyadh_places_kaggle,places_02659,place,Saldwich,Riyadh,Riyadh
RYD_006806,riyadh_places_kaggle,places_03387,place,Saldwich,Riyadh,Riyadh
RYD_006807,riyadh_places_kaggle,places_05472,place,Saldwich,Riyadh,Riyadh
RYD_006808,riyadh_places_kaggle,places_07260,place,Saldwich,Riyadh,Riyadh
RYD_006809,riyadh_places_kaggle,places_07974,place,Saldwich,Riyadh,Riyadh
RYD_006810,riyadh_places_kaggle,places_08251,place,Saldwich,Riyadh,Riyadh
RYD_006811,riyadh_places_kaggle,places_08680,place,Saldwich,Riyadh,Riyadh
RYD_006812,riyadh_places_kaggle,places_04372,place,Salha Al bukhari,Riyadh,Riyadh
RYD_006813,riyadh_places_kaggle,places_07891,place,Salha Al bukhari,Riyadh,Riyadh
RYD_006814,riyadh_places_kaggle,places_02775,place,Saliq And Sumin,Riyadh,Riyadh
RYD_006815,riyadh_places_kaggle,places_06262,place,Saliyah,Riyadh,Riyadh
RYD_006816,riyadh_places_kaggle,places_04128,place,Salleh Shai,Riyadh,Riyadh
RYD_006817,riyadh_places_kaggle,places_05731,place,Salleh Shai,Riyadh,Riyadh
RYD_006818,riyadh_places_kaggle,places_02109,place,Sally's Cheesesteaks,Riyadh,Riyadh
RYD_006819,riyadh_places_kaggle,places_03615,place,Sally's Cheesesteaks,Riyadh,Riyadh
RYD_006820,riyadh_places_kaggle,places_07657,place,Sally's Cheesesteaks,Riyadh,Riyadh
RYD_006821,riyadh_places_kaggle,places_08572,place,Sally's Cheesesteaks,Riyadh,Riyadh
RYD_006822,riyadh_places_kaggle,places_00053,place,Salman Sweets,Riyadh,Riyadh
RYD_006823,riyadh_places_kaggle,places_01866,place,Salman Sweets,Riyadh,Riyadh
RYD_006824,riyadh_places_kaggle,places_04316,place,Salt,Riyadh,Riyadh
RYD_006825,riyadh_places_kaggle,places_06709,place,Salt and Vinegar,Riyadh,Riyadh
RYD_006826,riyadh_places_kaggle,places_07845,place,Sama Cafe,Riyadh,Riyadh
RYD_006827,riyadh_places_kaggle,places_07979,place,Sama Cafe,Riyadh,Riyadh
RYD_006828,riyadh_places_kaggle,places_00376,place,Sama Qaryati,Riyadh,Riyadh
RYD_006829,riyadh_places_kaggle,places_00403,place,Sama Qaryati,Riyadh,Riyadh
RYD_006830,riyadh_places_kaggle,places_06960,place,Sama Qaryati,Riyadh,Riyadh
RYD_006831,riyadh_places_kaggle,places_08167,place,Sama Qaryati,Riyadh,Riyadh
RYD_006832,riyadh_places_kaggle,places_05125,place,Samakatee,Riyadh,Riyadh
RYD_006833,riyadh_places_kaggle,places_06961,place,Samakaya,Riyadh,Riyadh
RYD_006834,riyadh_places_kaggle,places_00098,place,Samar Qandi,Riyadh,Riyadh
RYD_006835,riyadh_places_kaggle,places_00408,place,Samar Qandi,Riyadh,Riyadh
RYD_006836,riyadh_places_kaggle,places_01406,place,Samar Qandi,Riyadh,Riyadh
RYD_006837,riyadh_places_kaggle,places_02660,place,Samar Qandi,Riyadh,Riyadh
RYD_006838,riyadh_places_kaggle,places_05309,place,Samar Qandi,Riyadh,Riyadh
RYD_006839,riyadh_places_kaggle,places_07508,place,Samar Qandi,Riyadh,Riyadh
RYD_006840,riyadh_places_kaggle,places_08156,place,Samar Qandi,Riyadh,Riyadh
RYD_006841,riyadh_places_kaggle,places_08071,place,Samawar,Riyadh,Riyadh
RYD_006842,booking_kaggle,hotels_00086,hotel,Samaya Royal Afif,‘Afīf,Riyadh
RYD_006843,riyadh_places_kaggle,places_01941,place,Samboso,Riyadh,Riyadh
RYD_006844,riyadh_places_kaggle,places_06005,place,Samboso,Riyadh,Riyadh
RYD_006845,riyadh_places_kaggle,places_02277,place,Sambousa Flavors,Riyadh,Riyadh
RYD_006846,riyadh_places_kaggle,places_04751,place,Sambousa Flavors,Riyadh,Riyadh
RYD_006847,riyadh_places_kaggle,places_08592,place,Sambousah and Logimat,Riyadh,Riyadh
RYD_006848,riyadh_places_kaggle,places_03029,place,Samoli,Riyadh,Riyadh
RYD_006849,riyadh_places_kaggle,places_05754,place,Samray,Riyadh,Riyadh
RYD_006849,riyadh_places_kaggle,places_06503,place,HAMIDA,Riyadh,Riyadh
RYD_006849,riyadh_places_kaggle,places_07339,place,Raqy,Riyadh,Riyadh
RYD_006849,riyadh_places_kaggle,places_07340,place,ALMA,Riyadh,Riyadh
RYD_006850,riyadh_places_kaggle,places_03640,place,Samus,Riyadh,Riyadh
RYD_006851,riyadh_places_kaggle,places_05771,place,Samus,Riyadh,Riyadh
RYD_006852,riyadh_places_kaggle,places_08500,place,Samus,Riyadh,Riyadh
RYD_006853,riyadh_places_kaggle,places_03788,place,Sana3,Riyadh,Riyadh
RYD_006854,riyadh_places_kaggle,places_05490,place,Sanaa Banatna,Riyadh,Riyadh
RYD_006855,riyadh_places_kaggle,places_08533,place,Sanaa Banatna,Riyadh,Riyadh
RYD_006856,riyadh_places_kaggle,places_00443,place,Sanabel Al Salam,Riyadh,Riyadh
RYD_006857,riyadh_places_kaggle,places_00862,place,Sanabel Al Salam,Riyadh,Riyadh
RYD_006858,riyadh_places_kaggle,places_06493,place,Sanabel Al Salam,Riyadh,Riyadh
RYD_006859,riyadh_places_kaggle,places_07121,place,Sanabel Al Salam,Riyadh,Riyadh
RYD_006860,riyadh_places_kaggle,places_07803,place,Sanabel Al Salam,Riyadh,Riyadh
RYD_006861,riyadh_places_kaggle,places_08112,place,Sanabel Al Salam,Riyadh,Riyadh
RYD_006862,riyadh_places_kaggle,places_07867,place,Sanabel AlReem for Hijazi food,Riyadh,Riyadh
RYD_006863,riyadh_places_kaggle,places_06944,place,Sanabel Damascus,Riyadh,Riyadh
RYD_006864,riyadh_places_kaggle,places_06006,place,Sanabel Rayyan,Riyadh,Riyadh
RYD_006865,riyadh_places_kaggle,places_07962,place,Sanabel Rayyan,Riyadh,Riyadh
RYD_006866,riyadh_places_kaggle,places_00390,place,Sanad,Riyadh,Riyadh
RYD_006867,riyadh_places_kaggle,places_08561,place,Sanbousa and golden luqaimat,Riyadh,Riyadh
RYD_006868,riyadh_places_kaggle,places_02106,place,Sandwich Nation,Riyadh,Riyadh
RYD_006869,riyadh_places_kaggle,places_03613,place,Sandwich Nation,Riyadh,Riyadh
RYD_006870,riyadh_places_kaggle,places_02241,place,Sandwich Time,Riyadh,Riyadh
RYD_006871,riyadh_places_kaggle,places_06091,place,Sandwich Way,Riyadh,Riyadh
RYD_006872,riyadh_places_kaggle,places_00983,place,Santa Nata | سانتا ناتا (برد على قلبك),Riyadh,Riyadh
RYD_006873,riyadh_places_kaggle,places_00346,place,Sapooh Zaman,Riyadh,Riyadh
RYD_006874,riyadh_places_kaggle,places_04474,place,Sapori Dal Forno,Riyadh,Riyadh
RYD_006875,riyadh_places_kaggle,places_06967,place,Sarah Al-Joud Restaurants,Riyadh,Riyadh
RYD_006876,riyadh_places_kaggle,places_06060,place,Saraity,Riyadh,Riyadh
RYD_006877,riyadh_places_kaggle,places_03393,place,Sastoria,Riyadh,Riyadh
RYD_006878,riyadh_places_kaggle,places_00466,place,Satalana,Riyadh,Riyadh
RYD_006879,riyadh_places_kaggle,places_01123,place,Satalana,Riyadh,Riyadh
RYD_006880,riyadh_places_kaggle,places_07687,place,Satalana,Riyadh,Riyadh
RYD_006881,riyadh_places_kaggle,places_07011,place,Saturday Night Pizza,Riyadh,Riyadh
RYD_006882,riyadh_places_kaggle,places_00693,place,Saudi Corner,Riyadh,Riyadh
RYD_006883,riyadh_places_kaggle,places_04050,place,Saudi Corner,Riyadh,Riyadh
RYD_006884,riyadh_places_kaggle,places_07418,place,Saudi Corner,Riyadh,Riyadh
RYD_006885,entertainment_kaggle,entertainment_00342,entertainment,Saudi Discovery,Riyadh,Riyadh
RYD_006886,entertainment_kaggle,entertainment_00352,entertainment,Saudi Discovery,Riyadh,Riyadh
RYD_006887,riyadh_places_kaggle,places_06312,place,Saudi Manto &amp; Yagmosh,Riyadh,Riyadh
RYD_006888,riyadh_places_kaggle,places_08003,place,Saudi Manto &amp; Yagmosh,Riyadh,Riyadh
RYD_006889,riyadh_places_kaggle,places_05773,place,Saudi Reef,Riyadh,Riyadh
RYD_006890,entertainment_kaggle,entertainment_00339,entertainment,Saudi Television Tower,Riyadh,Riyadh
RYD_006891,entertainment_kaggle,entertainment_00369,entertainment,Saudi Television Tower,Riyadh,Riyadh
RYD_006892,riyadh_places_kaggle,places_05068,place,Savana Cakes &amp; Flowers Gifts,Riyadh,Riyadh
RYD_006893,riyadh_places_kaggle,places_04082,place,Sawalef Al Aseer,Riyadh,Riyadh
RYD_006894,riyadh_places_kaggle,places_05882,place,Sawalef Al Aseer,Riyadh,Riyadh
RYD_006895,riyadh_places_kaggle,places_03929,place,Saya5,Riyadh,Riyadh
RYD_006896,riyadh_places_kaggle,places_00427,place,Sbarro,Riyadh,Riyadh
RYD_006897,riyadh_places_kaggle,places_01275,place,Sbarro,Riyadh,Riyadh
RYD_006898,riyadh_places_kaggle,places_01880,place,Sbarro,Riyadh,Riyadh
RYD_006899,riyadh_places_kaggle,places_03495,place,Sbarro,Riyadh,Riyadh
RYD_006900,riyadh_places_kaggle,places_07118,place,Sbarro,Riyadh,Riyadh
RYD_006901,riyadh_places_kaggle,places_04184,place,Scrunch Kunafa,Riyadh,Riyadh
RYD_006902,riyadh_places_kaggle,places_04919,place,Sea Food,Riyadh,Riyadh
RYD_006903,riyadh_places_kaggle,places_04420,place,Sea Nights,Riyadh,Riyadh
RYD_006904,entertainment_kaggle,entertainment_00491,entertainment,Seafood restaurants,Riyadh,Riyadh
RYD_006905,entertainment_kaggle,entertainment_00501,entertainment,Seafood restaurants,Riyadh,Riyadh
RYD_006906,riyadh_places_kaggle,places_04754,place,Seaway,Riyadh,Riyadh
RYD_006907,riyadh_places_kaggle,places_01194,place,Secrets Cakes,Riyadh,Riyadh
RYD_006908,riyadh_places_kaggle,places_01150,place,Section-B,Riyadh,Riyadh
RYD_006909,riyadh_places_kaggle,places_03010,place,Section-B,Riyadh,Riyadh
RYD_006910,riyadh_places_kaggle,places_07240,place,Section-B,Riyadh,Riyadh
RYD_006911,riyadh_places_kaggle,places_04228,place,Sectors,Riyadh,Riyadh
RYD_006912,riyadh_places_kaggle,places_05802,place,Sectors,Riyadh,Riyadh
RYD_006913,riyadh_places_kaggle,places_00537,place,Sedra House,Riyadh,Riyadh
RYD_006914,riyadh_places_kaggle,places_04805,place,Sedra Tea,Riyadh,Riyadh
RYD_006915,riyadh_places_kaggle,places_05857,place,Seekh alajaib,Riyadh,Riyadh
RYD_006916,riyadh_places_kaggle,places_02596,place,Sekkah 8,Riyadh,Riyadh
RYD_006917,riyadh_places_kaggle,places_04871,place,Sekkat Akl,Riyadh,Riyadh
RYD_006918,riyadh_places_kaggle,places_06051,place,Selal Alqahwa,Riyadh,Riyadh
RYD_006919,riyadh_places_kaggle,places_02751,place,Self Made Coffee,Riyadh,Riyadh
RYD_006920,riyadh_places_kaggle,places_03128,place,Self Made Coffee,Riyadh,Riyadh
RYD_006921,riyadh_places_kaggle,places_07318,place,Self Made Coffee,Riyadh,Riyadh
RYD_006922,riyadh_places_kaggle,places_05050,place,SemSom,Riyadh,Riyadh
RYD_006923,riyadh_places_kaggle,places_04432,place,Semolina basbosa,Riyadh,Riyadh
RYD_006924,riyadh_places_kaggle,places_08820,place,Sendosah,Riyadh,Riyadh
RYD_006925,riyadh_places_kaggle,places_02439,place,Seriah Al Amid,Riyadh,Riyadh
RYD_006926,riyadh_places_kaggle,places_08011,place,Seriah Al Amid,Riyadh,Riyadh
RYD_006927,riyadh_places_kaggle,places_00067,place,Serrano,Riyadh,Riyadh
RYD_006928,riyadh_places_kaggle,places_02939,place,Serrano,Riyadh,Riyadh
RYD_006929,riyadh_places_kaggle,places_07291,place,Serrano,Riyadh,Riyadh
RYD_006930,riyadh_places_kaggle,places_07002,place,Seven Seasons Juices,Riyadh,Riyadh
RYD_006931,riyadh_places_kaggle,places_04381,place,Seventies Cafe,Riyadh,Riyadh
RYD_006932,riyadh_places_kaggle,places_06837,place,Seventies Cafe,Riyadh,Riyadh
RYD_006933,riyadh_places_kaggle,places_06564,place,Sha'abyat Almaalem,Riyadh,Riyadh
RYD_006934,riyadh_places_kaggle,places_06602,place,Shaabiyat Fawali,Riyadh,Riyadh
RYD_006935,riyadh_places_kaggle,places_08117,place,Shaabiyat Hadramout Restaurant,Riyadh,Riyadh
RYD_006936,riyadh_places_kaggle,places_02023,place,Shababik,Riyadh,Riyadh
RYD_006937,riyadh_places_kaggle,places_01127,place,Shabbiaat sidrh,Riyadh,Riyadh
RYD_006938,riyadh_places_kaggle,places_06176,place,Shabiaat Alqahira,Riyadh,Riyadh
RYD_006939,riyadh_places_kaggle,places_02069,place,Shabiyat,Riyadh,Riyadh
RYD_006940,riyadh_places_kaggle,places_04266,place,Shabiyat,Riyadh,Riyadh
RYD_006941,riyadh_places_kaggle,places_06468,place,Shabiyat,Riyadh,Riyadh
RYD_006942,riyadh_places_kaggle,places_00132,place,Shabyat Abozaid,Riyadh,Riyadh
RYD_006943,riyadh_places_kaggle,places_00339,place,Shabyat Abozaid,Riyadh,Riyadh
RYD_006944,riyadh_places_kaggle,places_00419,place,Shabyat Abozaid,Riyadh,Riyadh
RYD_006945,riyadh_places_kaggle,places_00210,place,Shack Burger,Riyadh,Riyadh
RYD_006946,riyadh_places_kaggle,places_01410,place,Shack Burger,Riyadh,Riyadh
RYD_006947,riyadh_places_kaggle,places_03840,place,Shack Burger,Riyadh,Riyadh
RYD_006948,riyadh_places_kaggle,places_08381,place,Shack Burger,Riyadh,Riyadh
RYD_006949,riyadh_places_kaggle,places_03079,place,Shack Sweet,Riyadh,Riyadh
RYD_006950,riyadh_places_kaggle,places_04353,place,Shadaz,Riyadh,Riyadh
RYD_006951,riyadh_places_kaggle,places_06219,place,Shaden Gulf,Riyadh,Riyadh
RYD_006952,riyadh_places_kaggle,places_04834,place,Shaden Sweets,Riyadh,Riyadh
RYD_006953,riyadh_places_kaggle,places_01473,place,Shaebiaat Alasala,Riyadh,Riyadh
RYD_006954,riyadh_places_kaggle,places_05323,place,Shaebiaat Alasala,Riyadh,Riyadh
RYD_006954,riyadh_places_kaggle,places_05324,place,Shaebiaat Alyawm w Dum,Riyadh,Riyadh
RYD_006955,riyadh_places_kaggle,places_07128,place,Shaebiaat Alasala,Riyadh,Riyadh
RYD_006956,riyadh_places_kaggle,places_08736,place,Shaebiaat Alrihab,Riyadh,Riyadh
RYD_006957,riyadh_places_kaggle,places_01464,place,Shaebiaat Alyawm w Dum,Riyadh,Riyadh
RYD_006958,riyadh_places_kaggle,places_07119,place,Shaebiaat Alyawm w Dum,Riyadh,Riyadh
RYD_006959,riyadh_places_kaggle,places_07773,place,Shaebiaat teen,Riyadh,Riyadh
RYD_006960,riyadh_places_kaggle,places_02202,place,Shaebiat Alzaman Aljamil,Riyadh,Riyadh
RYD_006961,riyadh_places_kaggle,places_06663,place,Shaebiat Alzaman Aljamil,Riyadh,Riyadh
RYD_006962,riyadh_places_kaggle,places_07055,place,Shaebiat Alzaman Aljamil,Riyadh,Riyadh
RYD_006963,riyadh_places_kaggle,places_04511,place,Shagarat Lemon,Riyadh,Riyadh
RYD_006964,riyadh_places_kaggle,places_01012,place,Shaglooba,Riyadh,Riyadh
RYD_006965,riyadh_places_kaggle,places_04057,place,Shahad Al Jazeera,Riyadh,Riyadh
RYD_006966,riyadh_places_kaggle,places_01365,place,Shahd Omri,Riyadh,Riyadh
RYD_006967,riyadh_places_kaggle,places_04676,place,Shahd to provide meals,Riyadh,Riyadh
RYD_006968,riyadh_places_kaggle,places_04756,place,Shahi And Jabati Abu Fahd,Riyadh,Riyadh
RYD_006969,riyadh_places_kaggle,places_06317,place,Shahi Habak,Riyadh,Riyadh
RYD_006970,riyadh_places_kaggle,places_04505,place,Shahi Khalil,Riyadh,Riyadh
RYD_006971,riyadh_places_kaggle,places_06178,place,Shahi Kuwait,Riyadh,Riyadh
RYD_006972,riyadh_places_kaggle,places_06726,place,Shahia,Riyadh,Riyadh
RYD_006973,riyadh_places_kaggle,places_02569,place,Shai 70,Riyadh,Riyadh
RYD_006974,riyadh_places_kaggle,places_07439,place,Shai 70,Riyadh,Riyadh
RYD_006975,riyadh_places_kaggle,places_04370,place,Shai Horof,Riyadh,Riyadh
RYD_006976,riyadh_places_kaggle,places_08795,place,Shai W Khalyah,Riyadh,Riyadh
RYD_006977,riyadh_places_kaggle,places_01621,place,Shaikh Al-Kabsa,Riyadh,Riyadh
RYD_006978,riyadh_places_kaggle,places_03659,place,Shaikh Al-Kabsa,Riyadh,Riyadh
RYD_006979,riyadh_places_kaggle,places_06861,place,Shaikh Alshawarma,Riyadh,Riyadh
RYD_006980,riyadh_places_kaggle,places_01885,place,Shake It Burger,Riyadh,Riyadh
RYD_006981,riyadh_places_kaggle,places_03738,place,Shake It Burger,Riyadh,Riyadh
RYD_006982,riyadh_places_kaggle,places_07725,place,Shake It Burger,Riyadh,Riyadh
RYD_006983,riyadh_places_kaggle,places_03435,place,Shake It burger,Riyadh,Riyadh
RYD_006984,riyadh_places_kaggle,places_00718,place,Shake Shack,Riyadh,Riyadh
RYD_006985,riyadh_places_kaggle,places_01298,place,Shake Shack,Riyadh,Riyadh
RYD_006986,riyadh_places_kaggle,places_02004,place,Shake Sushi,Riyadh,Riyadh
RYD_006987,riyadh_places_kaggle,places_01982,place,Shakshuk,Riyadh,Riyadh
RYD_006988,riyadh_places_kaggle,places_08206,place,Sham Alshafa,Riyadh,Riyadh
RYD_006989,riyadh_places_kaggle,places_04911,place,Sham Dreams,Riyadh,Riyadh
RYD_006990,riyadh_places_kaggle,places_01919,place,Sham flowers shawarma,Riyadh,Riyadh
RYD_006991,riyadh_places_kaggle,places_00064,place,Sham sweets,Riyadh,Riyadh
RYD_006992,riyadh_places_kaggle,places_02007,place,Shami Pomegranate Juices,Riyadh,Riyadh
RYD_006993,riyadh_places_kaggle,places_06221,place,Shamiyana Restaurant,Riyadh,Riyadh
RYD_006994,riyadh_places_kaggle,places_00852,place,Shamoly,Riyadh,Riyadh
RYD_006995,riyadh_places_kaggle,places_04915,place,Shamrekh,Riyadh,Riyadh
RYD_006996,riyadh_places_kaggle,places_00553,place,Sharar,Riyadh,Riyadh
RYD_006997,riyadh_places_kaggle,places_01293,place,Sharar,Riyadh,Riyadh
RYD_006998,riyadh_places_kaggle,places_01943,place,Sharar,Riyadh,Riyadh
RYD_006999,riyadh_places_kaggle,places_02246,place,Sharar,Riyadh,Riyadh
RYD_007000,riyadh_places_kaggle,places_02585,place,Sharar,Riyadh,Riyadh
RYD_007001,riyadh_places_kaggle,places_02850,place,Sharar,Riyadh,Riyadh
RYD_007002,riyadh_places_kaggle,places_05478,place,Sharar,Riyadh,Riyadh
RYD_007003,riyadh_places_kaggle,places_06827,place,Sharar,Riyadh,Riyadh
RYD_007004,riyadh_places_kaggle,places_07184,place,Sharar,Riyadh,Riyadh
RYD_007005,riyadh_places_kaggle,places_07882,place,Sharar,Riyadh,Riyadh
RYD_007006,riyadh_places_kaggle,places_07996,place,Shaterat ebdaa,Riyadh,Riyadh
RYD_007007,booking_kaggle,hotels_00184,hotel,Shatha Alrabi3 Hotel,Riyadh,Riyadh
RYD_007008,riyadh_places_kaggle,places_07752,place,Shati Al Karam Seafood Restaurant,Riyadh,Riyadh
RYD_007009,riyadh_places_kaggle,places_05837,place,Shatte Nawara,Riyadh,Riyadh
RYD_007010,riyadh_places_kaggle,places_00564,place,Shawamrji,Riyadh,Riyadh
RYD_007011,riyadh_places_kaggle,places_06999,place,Shawarma 29,Riyadh,Riyadh
RYD_007012,riyadh_places_kaggle,places_04215,place,Shawarma 65,Riyadh,Riyadh
RYD_007013,riyadh_places_kaggle,places_06667,place,Shawarma 73,Riyadh,Riyadh
RYD_007014,riyadh_places_kaggle,places_01833,place,Shawarma Aba'ah,Riyadh,Riyadh
RYD_007015,riyadh_places_kaggle,places_01465,place,Shawarma Abu Ammar,Riyadh,Riyadh
RYD_007016,riyadh_places_kaggle,places_06886,place,Shawarma Abu Ammar,Riyadh,Riyadh
RYD_007017,riyadh_places_kaggle,places_07106,place,Shawarma Abu Ammar,Riyadh,Riyadh
RYD_007018,riyadh_places_kaggle,places_03789,place,Shawarma Abu Rayan,Riyadh,Riyadh
RYD_007019,riyadh_places_kaggle,places_04742,place,Shawarma Agadir,Riyadh,Riyadh
RYD_007020,riyadh_places_kaggle,places_01134,place,Shawarma Ajiba,Riyadh,Riyadh
RYD_007021,riyadh_places_kaggle,places_01437,place,Shawarma Al Luluah,Riyadh,Riyadh
RYD_007022,riyadh_places_kaggle,places_06958,place,Shawarma Al Luluah,Riyadh,Riyadh
RYD_007023,riyadh_places_kaggle,places_04961,place,Shawarma Al Ostorah,Riyadh,Riyadh
RYD_007024,riyadh_places_kaggle,places_00000,place,Shawarma Alaz,Riyadh,Riyadh
RYD_007025,riyadh_places_kaggle,places_03877,place,Shawarma Aloosh,Riyadh,Riyadh
RYD_007026,riyadh_places_kaggle,places_00847,place,Shawarma Alrimal,Riyadh,Riyadh
RYD_007027,riyadh_places_kaggle,places_06280,place,Shawarma And Juice Judy,Riyadh,Riyadh
RYD_007028,riyadh_places_kaggle,places_05271,place,Shawarma Assala,Riyadh,Riyadh
RYD_007029,riyadh_places_kaggle,places_01176,place,Shawarma Atta,Riyadh,Riyadh
RYD_007030,riyadh_places_kaggle,places_01589,place,Shawarma Avenue,Riyadh,Riyadh
RYD_007031,riyadh_places_kaggle,places_06233,place,Shawarma Ayash,Riyadh,Riyadh
RYD_007032,riyadh_places_kaggle,places_06008,place,Shawarma Ayoub,Riyadh,Riyadh
RYD_007033,riyadh_places_kaggle,places_04029,place,Shawarma Barakat,Riyadh,Riyadh
RYD_007034,riyadh_places_kaggle,places_06945,place,Shawarma Barakat,Riyadh,Riyadh
RYD_007035,riyadh_places_kaggle,places_03074,place,Shawarma Chilizon,Riyadh,Riyadh
RYD_007035,riyadh_places_kaggle,places_03076,place,Shawarma Italiano,Riyadh,Riyadh
RYD_007036,riyadh_places_kaggle,places_02834,place,Shawarma Classic,Riyadh,Riyadh
RYD_007037,riyadh_places_kaggle,places_05402,place,Shawarma Classic,Riyadh,Riyadh
RYD_007038,riyadh_places_kaggle,places_06869,place,Shawarma Classic,Riyadh,Riyadh
RYD_007039,riyadh_places_kaggle,places_07424,place,Shawarma Classic,Riyadh,Riyadh
RYD_007040,riyadh_places_kaggle,places_07885,place,Shawarma Classic,Riyadh,Riyadh
RYD_007041,riyadh_places_kaggle,places_06616,place,Shawarma Dinner,Riyadh,Riyadh
RYD_007042,riyadh_places_kaggle,places_04696,place,Shawarma Dorrat Jodi,Riyadh,Riyadh
RYD_007042,riyadh_places_kaggle,places_06098,place,Dorrat Jodi Juices,Riyadh,Riyadh
RYD_007043,riyadh_places_kaggle,places_06876,place,Shawarma Emperor,Riyadh,Riyadh
RYD_007044,riyadh_places_kaggle,places_07841,place,Shawarma Emperor,Riyadh,Riyadh
RYD_007045,riyadh_places_kaggle,places_08015,place,Shawarma Emperor,Riyadh,Riyadh
RYD_007046,riyadh_places_kaggle,places_08224,place,Shawarma Fares,Riyadh,Riyadh
RYD_007047,riyadh_places_kaggle,places_04879,place,Shawarma Four Seasons,Riyadh,Riyadh
RYD_007048,riyadh_places_kaggle,places_05227,place,Shawarma Gourmet,Riyadh,Riyadh
RYD_007049,riyadh_places_kaggle,places_01786,place,Shawarma Hamdan,Riyadh,Riyadh
RYD_007050,riyadh_places_kaggle,places_03282,place,Shawarma Hanim,Riyadh,Riyadh
RYD_007051,riyadh_places_kaggle,places_00928,place,Shawarma Harat,Riyadh,Riyadh
RYD_007052,riyadh_places_kaggle,places_04952,place,Shawarma Hasif,Riyadh,Riyadh
RYD_007053,riyadh_places_kaggle,places_01088,place,Shawarma Hawari,Riyadh,Riyadh
RYD_007054,riyadh_places_kaggle,places_03454,place,Shawarma Hawari,Riyadh,Riyadh
RYD_007055,riyadh_places_kaggle,places_01413,place,Shawarma Hlayel,Riyadh,Riyadh
RYD_007056,riyadh_places_kaggle,places_05521,place,Shawarma Hlayel,Riyadh,Riyadh
RYD_007057,riyadh_places_kaggle,places_07544,place,Shawarma Hlayel,Riyadh,Riyadh
RYD_007058,riyadh_places_kaggle,places_08358,place,Shawarma Hlayel,Riyadh,Riyadh
RYD_007059,riyadh_places_kaggle,places_01119,place,Shawarma House,Riyadh,Riyadh
RYD_007060,riyadh_places_kaggle,places_01951,place,Shawarma House,Riyadh,Riyadh
RYD_007061,riyadh_places_kaggle,places_02787,place,Shawarma House,Riyadh,Riyadh
RYD_007062,riyadh_places_kaggle,places_08103,place,Shawarma House,Riyadh,Riyadh
RYD_007063,riyadh_places_kaggle,places_06632,place,Shawarma House Fresh,Riyadh,Riyadh
RYD_007064,riyadh_places_kaggle,places_03581,place,Shawarma Htmyah,Riyadh,Riyadh
RYD_007065,riyadh_places_kaggle,places_07988,place,Shawarma Htmyah,Riyadh,Riyadh
RYD_007066,riyadh_places_kaggle,places_07708,place,Shawarma Italiano,Riyadh,Riyadh
RYD_007067,riyadh_places_kaggle,places_08344,place,Shawarma Italiano,Riyadh,Riyadh
RYD_007068,riyadh_places_kaggle,places_05193,place,Shawarma Jabel,Riyadh,Riyadh
RYD_007069,riyadh_places_kaggle,places_00315,place,Shawarma Jalila,Riyadh,Riyadh
RYD_007070,riyadh_places_kaggle,places_03781,place,Shawarma Jalila,Riyadh,Riyadh
RYD_007071,riyadh_places_kaggle,places_07651,place,Shawarma Jalila,Riyadh,Riyadh
RYD_007072,riyadh_places_kaggle,places_01513,place,Shawarma Jassas,Riyadh,Riyadh
RYD_007073,riyadh_places_kaggle,places_06891,place,Shawarma Jassas,Riyadh,Riyadh
RYD_007074,riyadh_places_kaggle,places_07114,place,Shawarma Jassas,Riyadh,Riyadh
RYD_007075,riyadh_places_kaggle,places_06194,place,Shawarma Karam,Riyadh,Riyadh
RYD_007076,riyadh_places_kaggle,places_03444,place,Shawarma King,Riyadh,Riyadh
RYD_007076,riyadh_places_kaggle,places_05537,place,Shawarma Italiano,Riyadh,Riyadh
RYD_007077,riyadh_places_kaggle,places_07706,place,Shawarma King,Riyadh,Riyadh
RYD_007078,riyadh_places_kaggle,places_08068,place,Shawarma King,Riyadh,Riyadh
RYD_007079,riyadh_places_kaggle,places_03794,place,Shawarma Kiosk,Riyadh,Riyadh
RYD_007080,riyadh_places_kaggle,places_08243,place,Shawarma Mashrooha,Riyadh,Riyadh
RYD_007081,riyadh_places_kaggle,places_08162,place,Shawarma Mead,Riyadh,Riyadh
RYD_007082,riyadh_places_kaggle,places_08190,place,Shawarma Mjmar,Riyadh,Riyadh
RYD_007083,riyadh_places_kaggle,places_01828,place,Shawarma Nahs,Riyadh,Riyadh
RYD_007084,riyadh_places_kaggle,places_01047,place,Shawarma Nation,Riyadh,Riyadh
RYD_007084,riyadh_places_kaggle,places_01049,place,Mashrou3 Shawarma,Riyadh,Riyadh
RYD_007085,riyadh_places_kaggle,places_08623,place,Shawarma Oup,Riyadh,Riyadh
RYD_007086,riyadh_places_kaggle,places_01706,place,Shawarma Shalaby,Riyadh,Riyadh
RYD_007087,riyadh_places_kaggle,places_02448,place,Shawarma Siham,Riyadh,Riyadh
RYD_007088,riyadh_places_kaggle,places_07933,place,Shawarma Time,Riyadh,Riyadh
RYD_007089,riyadh_places_kaggle,places_04326,place,Shawarma and More,Riyadh,Riyadh
RYD_007090,riyadh_places_kaggle,places_07032,place,Shawarma and More,Riyadh,Riyadh
RYD_007091,riyadh_places_kaggle,places_07748,place,Shawarma and More,Riyadh,Riyadh
RYD_007092,riyadh_places_kaggle,places_02321,place,Shawarma jalsat madhaq,Riyadh,Riyadh
RYD_007093,riyadh_places_kaggle,places_02662,place,Shawarma kabir Tuha,Riyadh,Riyadh
RYD_007094,riyadh_places_kaggle,places_05297,place,Shawarma zina,Riyadh,Riyadh
RYD_007095,riyadh_places_kaggle,places_07834,place,Shawarma1Minute,Riyadh,Riyadh
RYD_007096,riyadh_places_kaggle,places_04562,place,Shawarmaina,Riyadh,Riyadh
RYD_007097,riyadh_places_kaggle,places_04306,place,Shawarmaker,Riyadh,Riyadh
RYD_007098,riyadh_places_kaggle,places_04209,place,Shawarmarabia,Riyadh,Riyadh
RYD_007099,riyadh_places_kaggle,places_00169,place,Shawarmati,Riyadh,Riyadh
RYD_007100,riyadh_places_kaggle,places_04122,place,Shawarmati,Riyadh,Riyadh
RYD_007101,riyadh_places_kaggle,places_07671,place,Shawarmati,Riyadh,Riyadh
RYD_007102,riyadh_places_kaggle,places_08097,place,Shawarmati,Riyadh,Riyadh
RYD_007103,riyadh_places_kaggle,places_00306,place,Shawarmer,Riyadh,Riyadh
RYD_007104,riyadh_places_kaggle,places_01100,place,Shawarmer,Riyadh,Riyadh
RYD_007105,riyadh_places_kaggle,places_01271,place,Shawarmer,Riyadh,Riyadh
RYD_007106,riyadh_places_kaggle,places_02127,place,Shawarmer,Riyadh,Riyadh
RYD_007107,riyadh_places_kaggle,places_02303,place,Shawarmer,Riyadh,Riyadh
RYD_007108,riyadh_places_kaggle,places_02589,place,Shawarmer,Riyadh,Riyadh
RYD_007109,riyadh_places_kaggle,places_02890,place,Shawarmer,Riyadh,Riyadh
RYD_007110,riyadh_places_kaggle,places_05318,place,Shawarmer,Riyadh,Riyadh
RYD_007111,riyadh_places_kaggle,places_06440,place,Shawarmer,Riyadh,Riyadh
RYD_007112,riyadh_places_kaggle,places_07200,place,Shawarmer,Riyadh,Riyadh
RYD_007113,riyadh_places_kaggle,places_07856,place,Shawarmer,Riyadh,Riyadh
RYD_007114,riyadh_places_kaggle,places_08645,place,Shawarmer,Riyadh,Riyadh
RYD_007115,riyadh_places_kaggle,places_00820,place,Shawarmetna,Riyadh,Riyadh
RYD_007116,riyadh_places_kaggle,places_02866,place,Shawarmetna,Riyadh,Riyadh
RYD_007117,riyadh_places_kaggle,places_05498,place,Shawarmetna,Riyadh,Riyadh
RYD_007118,riyadh_places_kaggle,places_06167,place,Shawarmty,Riyadh,Riyadh
RYD_007119,riyadh_places_kaggle,places_04502,place,Shawati alkhalij Restaurants,Riyadh,Riyadh
RYD_007120,riyadh_places_kaggle,places_06991,place,Shawati alkhalij Restaurants,Riyadh,Riyadh
RYD_007121,riyadh_places_kaggle,places_04194,place,Shaway,Riyadh,Riyadh
RYD_007122,riyadh_places_kaggle,places_05018,place,Shawaya Al Mustaqbil Restaurant,Riyadh,Riyadh
RYD_007123,riyadh_places_kaggle,places_07410,place,Shawaya Al Mustaqbil Restaurant,Riyadh,Riyadh
RYD_007124,riyadh_places_kaggle,places_08152,place,Shawaya Alshuruq al Bukhari,Riyadh,Riyadh
RYD_007125,riyadh_places_kaggle,places_00134,place,Shawaya House,Riyadh,Riyadh
RYD_007126,riyadh_places_kaggle,places_00397,place,Shawaya House,Riyadh,Riyadh
RYD_007127,riyadh_places_kaggle,places_00470,place,Shawaya House,Riyadh,Riyadh
RYD_007128,riyadh_places_kaggle,places_01022,place,Shawaya House,Riyadh,Riyadh
RYD_007129,riyadh_places_kaggle,places_01938,place,Shawaya House,Riyadh,Riyadh
RYD_007130,riyadh_places_kaggle,places_02130,place,Shawaya House,Riyadh,Riyadh
RYD_007131,riyadh_places_kaggle,places_02294,place,Shawaya House,Riyadh,Riyadh
RYD_007132,riyadh_places_kaggle,places_02780,place,Shawaya House,Riyadh,Riyadh
RYD_007133,riyadh_places_kaggle,places_07453,place,Shawaya House,Riyadh,Riyadh
RYD_007134,riyadh_places_kaggle,places_07798,place,Shawaya House,Riyadh,Riyadh
RYD_007135,riyadh_places_kaggle,places_08012,place,Shawaya House,Riyadh,Riyadh
RYD_007136,riyadh_places_kaggle,places_08669,place,Shawaya House,Riyadh,Riyadh
RYD_007137,riyadh_places_kaggle,places_04769,place,Shawaya80,Riyadh,Riyadh
RYD_007138,riyadh_places_kaggle,places_07818,place,Shawayat Alzeryab Al Bukhari Restaurants,Riyadh,Riyadh
RYD_007139,riyadh_places_kaggle,places_00467,place,Shawayat alsamak,Riyadh,Riyadh
RYD_007140,riyadh_places_kaggle,places_02443,place,Shawayat alsamak,Riyadh,Riyadh
RYD_007141,riyadh_places_kaggle,places_02761,place,Shawayat alsamak,Riyadh,Riyadh
RYD_007142,riyadh_places_kaggle,places_03276,place,Shawayat alsamak,Riyadh,Riyadh
RYD_007143,riyadh_places_kaggle,places_05474,place,Shawayat alsamak,Riyadh,Riyadh
RYD_007144,riyadh_places_kaggle,places_06458,place,Shawayat alsamak,Riyadh,Riyadh
RYD_007145,riyadh_places_kaggle,places_07278,place,Shawayat alsamak,Riyadh,Riyadh
RYD_007146,riyadh_places_kaggle,places_05480,place,Shawayat azoz,Riyadh,Riyadh
RYD_007146,riyadh_places_kaggle,places_05487,place,Shawayat noor,Riyadh,Riyadh
RYD_007147,riyadh_places_kaggle,places_07242,place,Shawayat azoz,Riyadh,Riyadh
RYD_007148,riyadh_places_kaggle,places_06850,place,Shawayat noor,Riyadh,Riyadh
RYD_007149,riyadh_places_kaggle,places_07209,place,Shawayat noor,Riyadh,Riyadh
RYD_007150,riyadh_places_kaggle,places_08550,place,Shawayat noor,Riyadh,Riyadh
RYD_007151,riyadh_places_kaggle,places_05516,place,Shawayet Alkhaleej,Riyadh,Riyadh
RYD_007152,riyadh_places_kaggle,places_06843,place,Shawayet Alkhaleej,Riyadh,Riyadh
RYD_007153,riyadh_places_kaggle,places_07153,place,Shawayet Alkhaleej,Riyadh,Riyadh
RYD_007154,riyadh_places_kaggle,places_07970,place,Shawayet Alkhaleej,Riyadh,Riyadh
RYD_007155,riyadh_places_kaggle,places_08247,place,Shawayet Alkhaleej,Riyadh,Riyadh
RYD_007156,riyadh_places_kaggle,places_04283,place,Shawees,Riyadh,Riyadh
RYD_007157,riyadh_places_kaggle,places_07008,place,Shawees,Riyadh,Riyadh
RYD_007158,riyadh_places_kaggle,places_07483,place,Shawees,Riyadh,Riyadh
RYD_007159,riyadh_places_kaggle,places_05181,place,Shawerma Bora,Riyadh,Riyadh
RYD_007160,riyadh_places_kaggle,places_04790,place,Shawerma O'nes,Riyadh,Riyadh
RYD_007161,riyadh_places_kaggle,places_06948,place,Shawerma Osta Muhannad,Riyadh,Riyadh
RYD_007161,riyadh_places_kaggle,places_06949,place,Seif Muhannad Restaurants,Riyadh,Riyadh
RYD_007162,riyadh_places_kaggle,places_03647,place,Shawerma Pie Restaurant,Riyadh,Riyadh
RYD_007163,riyadh_places_kaggle,places_05864,place,Shawerma Pie Restaurant,Riyadh,Riyadh
RYD_007164,riyadh_places_kaggle,places_02953,place,Shawermagy,Riyadh,Riyadh
RYD_007165,riyadh_places_kaggle,places_07619,place,Shawermagy,Riyadh,Riyadh
RYD_007166,riyadh_places_kaggle,places_00588,place,Shawirma Nahis,Riyadh,Riyadh
RYD_007167,riyadh_places_kaggle,places_04222,place,Shawirmarito,Riyadh,Riyadh
RYD_007168,riyadh_places_kaggle,places_06103,place,Shawrma Alhatab,Riyadh,Riyadh
RYD_007168,riyadh_places_kaggle,places_06105,place,Zaman Alhattab Restaurant,Riyadh,Riyadh
RYD_007169,riyadh_places_kaggle,places_06245,place,Shawrma Rawabi Hama,Riyadh,Riyadh
RYD_007169,riyadh_places_kaggle,places_06246,place,Rawabi Hama,Riyadh,Riyadh
RYD_007170,riyadh_places_kaggle,places_03441,place,Shawrma Tazajah,Riyadh,Riyadh
RYD_007171,riyadh_places_kaggle,places_08472,place,Shawrma Tazajah,Riyadh,Riyadh
RYD_007172,riyadh_places_kaggle,places_06644,place,Shawrmah,Riyadh,Riyadh
RYD_007173,riyadh_places_kaggle,places_06011,place,Shawrmeat,Riyadh,Riyadh
RYD_007174,riyadh_places_kaggle,places_00505,place,Shayah,Riyadh,Riyadh
RYD_007175,riyadh_places_kaggle,places_00964,place,Shayah,Riyadh,Riyadh
RYD_007176,riyadh_places_kaggle,places_04433,place,Shayah,Riyadh,Riyadh
RYD_007177,riyadh_places_kaggle,places_06496,place,Shayah,Riyadh,Riyadh
RYD_007178,booking_kaggle,hotels_00013,hotel,Shaza Riyadh,Riyadh,Riyadh
RYD_007179,riyadh_places_kaggle,places_00606,place,Shebbak Beirut,Riyadh,Riyadh
RYD_007180,riyadh_places_kaggle,places_02026,place,Shebbak Beirut,Riyadh,Riyadh
RYD_007181,riyadh_places_kaggle,places_03171,place,Shebbak Beirut,Riyadh,Riyadh
RYD_007182,riyadh_places_kaggle,places_05321,place,Shebbak Beirut,Riyadh,Riyadh
RYD_007183,riyadh_places_kaggle,places_03484,place,Sheese,Riyadh,Riyadh
RYD_007184,riyadh_places_kaggle,places_05701,place,Sheese,Riyadh,Riyadh
RYD_007185,riyadh_places_kaggle,places_08277,place,Sheese,Riyadh,Riyadh
RYD_007186,riyadh_places_kaggle,places_00387,place,Shefa,Riyadh,Riyadh
RYD_007187,riyadh_places_kaggle,places_00144,place,Sheikh Al Arab Pizza and Koshary,Riyadh,Riyadh
RYD_007188,riyadh_places_kaggle,places_07922,place,Sheikh Al Arab Pizza and Koshary,Riyadh,Riyadh
RYD_007189,riyadh_places_kaggle,places_08675,place,Sheikh Al Arab Pizza and Koshary,Riyadh,Riyadh
RYD_007190,riyadh_places_kaggle,places_00433,place,Shekh Al Mandi,Riyadh,Riyadh
RYD_007191,riyadh_places_kaggle,places_00878,place,Shekh Al Mandi,Riyadh,Riyadh
RYD_007192,riyadh_places_kaggle,places_07697,place,Shekh Al Mandi,Riyadh,Riyadh
RYD_007193,riyadh_places_kaggle,places_04917,place,Shekh Grilled Burger,Riyadh,Riyadh
RYD_007193,riyadh_places_kaggle,places_04930,place,BURGER &amp; FRIES,Riyadh,Riyadh
RYD_007194,riyadh_places_kaggle,places_06576,place,Shel Shwaya,Riyadh,Riyadh
RYD_007195,booking_kaggle,hotels_00021,hotel,Sheraton Riyadh Hotel & Towers,Riyadh,Riyadh
RYD_007196,riyadh_places_kaggle,places_00713,place,Shezan,Riyadh,Riyadh
RYD_007197,riyadh_places_kaggle,places_00613,place,Shikara,Riyadh,Riyadh
RYD_007198,riyadh_places_kaggle,places_05165,place,Shira,Riyadh,Riyadh
RYD_007199,riyadh_places_kaggle,places_00573,place,Shiro Sushi Wok,Riyadh,Riyadh
RYD_007200,riyadh_places_kaggle,places_01299,place,Shiro Sushi Wok,Riyadh,Riyadh
RYD_007201,riyadh_places_kaggle,places_03549,place,Shiro Sushi Wok,Riyadh,Riyadh
RYD_007202,riyadh_places_kaggle,places_06798,place,Shiro Sushi Wok,Riyadh,Riyadh
RYD_007203,riyadh_places_kaggle,places_08511,place,Shiro Sushi Wok,Riyadh,Riyadh
RYD_007204,riyadh_places_kaggle,places_04144,place,Shishkab,Riyadh,Riyadh
RYD_007205,riyadh_places_kaggle,places_00575,place,Shkad Helo,Riyadh,Riyadh
RYD_007206,riyadh_places_kaggle,places_04464,place,Shoaa Alrafdeen Grill,Riyadh,Riyadh
RYD_007207,riyadh_places_kaggle,places_08452,place,Shoaib Burger,Riyadh,Riyadh
RYD_007207,riyadh_places_kaggle,places_08464,place,Nice burger,Riyadh,Riyadh
RYD_007208,riyadh_places_kaggle,places_08451,place,Shoaib Pizza,Riyadh,Riyadh
RYD_007208,riyadh_places_kaggle,places_08453,place,Shubra Pizza,Riyadh,Riyadh
RYD_007208,riyadh_places_kaggle,places_08457,place,Pizza Pride,Riyadh,Riyadh
RYD_007209,riyadh_places_kaggle,places_00500,place,Shobak,Riyadh,Riyadh
RYD_007210,riyadh_places_kaggle,places_01034,place,Shobak,Riyadh,Riyadh
RYD_007211,riyadh_places_kaggle,places_03141,place,Shobak,Riyadh,Riyadh
RYD_007212,riyadh_places_kaggle,places_06612,place,Shorouk Al Karawan restaurant,Riyadh,Riyadh
RYD_007213,riyadh_places_kaggle,places_07871,place,Shorouk Al Madina,Riyadh,Riyadh
RYD_007214,riyadh_places_kaggle,places_00604,place,Shovel,Riyadh,Riyadh
RYD_007215,riyadh_places_kaggle,places_04045,place,Shovel,Riyadh,Riyadh
RYD_007216,riyadh_places_kaggle,places_06963,place,Shrimp Addiction,Riyadh,Riyadh
RYD_007217,riyadh_places_kaggle,places_00824,place,Shrimp Anatomy,Riyadh,Riyadh
RYD_007218,riyadh_places_kaggle,places_01878,place,Shrimp Daddy,Riyadh,Riyadh
RYD_007219,riyadh_places_kaggle,places_04001,place,Shrimp House,Riyadh,Riyadh
RYD_007220,riyadh_places_kaggle,places_04393,place,Shrimp Nation,Riyadh,Riyadh
RYD_007221,riyadh_places_kaggle,places_00215,place,Shrimp Shack,Riyadh,Riyadh
RYD_007221,riyadh_places_kaggle,places_00217,place,Shrimp and Roll,Riyadh,Riyadh
RYD_007222,riyadh_places_kaggle,places_01518,place,Shrimp Shack,Riyadh,Riyadh
RYD_007223,riyadh_places_kaggle,places_03209,place,Shrimp Shack,Riyadh,Riyadh
RYD_007224,riyadh_places_kaggle,places_08486,place,Shrimp Shack,Riyadh,Riyadh
RYD_007225,riyadh_places_kaggle,places_03965,place,Shrimp Zone,Riyadh,Riyadh
RYD_007226,riyadh_places_kaggle,places_05692,place,Shrimp Zone,Riyadh,Riyadh
RYD_007227,riyadh_places_kaggle,places_01523,place,Shrimp and Roll,Riyadh,Riyadh
RYD_007228,riyadh_places_kaggle,places_03194,place,Shrimp and Roll,Riyadh,Riyadh
RYD_007229,riyadh_places_kaggle,places_06838,place,Shrimp and Roll,Riyadh,Riyadh
RYD_007229,riyadh_places_kaggle,places_06839,place,Shrimp Shack,Riyadh,Riyadh
RYD_007230,riyadh_places_kaggle,places_08483,place,Shrimp and Roll,Riyadh,Riyadh
RYD_007231,riyadh_places_kaggle,places_00545,place,Shrimper,Riyadh,Riyadh
RYD_007232,riyadh_places_kaggle,places_03934,place,Shrimper,Riyadh,Riyadh
RYD_007233,riyadh_places_kaggle,places_05597,place,Shrimper,Riyadh,Riyadh
RYD_007234,riyadh_places_kaggle,places_07677,place,Shrimper,Riyadh,Riyadh
RYD_007235,riyadh_places_kaggle,places_00106,place,Shrimplion,Riyadh,Riyadh
RYD_007236,riyadh_places_kaggle,places_05605,place,Shrimplus,Riyadh,Riyadh
RYD_007237,riyadh_places_kaggle,places_07257,place,Shrimplus,Riyadh,Riyadh
RYD_007238,riyadh_places_kaggle,places_06613,place,Shrooq Al Karawan Al Bukhari,Riyadh,Riyadh
RYD_007239,riyadh_places_kaggle,places_02501,place,Shubra Tea,Riyadh,Riyadh
RYD_007240,riyadh_places_kaggle,places_06230,place,Shukri Corner buffet,Riyadh,Riyadh
RYD_007241,riyadh_places_kaggle,places_03947,place,Shun Xin Lou,Riyadh,Riyadh
RYD_007242,riyadh_places_kaggle,places_00482,place,Shuneez,Riyadh,Riyadh
RYD_007243,riyadh_places_kaggle,places_01329,place,Shuneez,Riyadh,Riyadh
RYD_007244,riyadh_places_kaggle,places_03109,place,Shuneez,Riyadh,Riyadh
RYD_007245,riyadh_places_kaggle,places_06619,place,Shuyukh coffee,Riyadh,Riyadh
RYD_007246,riyadh_places_kaggle,places_00888,place,Shwkat,Riyadh,Riyadh
RYD_007247,riyadh_places_kaggle,places_01489,place,Shwkat,Riyadh,Riyadh
RYD_007248,riyadh_places_kaggle,places_02929,place,Shwkat,Riyadh,Riyadh
RYD_007249,riyadh_places_kaggle,places_07474,place,Shwkat,Riyadh,Riyadh
RYD_007250,riyadh_places_kaggle,places_04843,place,Si Bon,Riyadh,Riyadh
RYD_007251,riyadh_places_kaggle,places_00953,place,Si Krt Sauce,Riyadh,Riyadh
RYD_007252,riyadh_places_kaggle,places_01225,place,Sicilee,Riyadh,Riyadh
RYD_007253,riyadh_places_kaggle,places_07835,place,Siddiq Al-Bukhari Restaurants,Riyadh,Riyadh
RYD_007254,riyadh_places_kaggle,places_06611,place,Sidon Bakery and Cake,Riyadh,Riyadh
RYD_007255,riyadh_places_kaggle,places_00223,place,Signature,Riyadh,Riyadh
RYD_007256,riyadh_places_kaggle,places_01222,place,Signature,Riyadh,Riyadh
RYD_007257,riyadh_places_kaggle,places_01452,place,Signature,Riyadh,Riyadh
RYD_007258,riyadh_places_kaggle,places_02484,place,Signature,Riyadh,Riyadh
RYD_007259,riyadh_places_kaggle,places_05408,place,Signature,Riyadh,Riyadh
RYD_007260,riyadh_places_kaggle,places_07179,place,Signature,Riyadh,Riyadh
RYD_007261,riyadh_places_kaggle,places_08261,place,Signature,Riyadh,Riyadh
RYD_007262,riyadh_places_kaggle,places_03479,place,Signature Dot Juices,Riyadh,Riyadh
RYD_007263,riyadh_places_kaggle,places_08126,place,Signature Dot Juices,Riyadh,Riyadh
RYD_007264,riyadh_places_kaggle,places_02447,place,Siham Pizza,Riyadh,Riyadh
RYD_007264,riyadh_places_kaggle,places_02449,place,Pizza time,Riyadh,Riyadh
RYD_007264,riyadh_places_kaggle,places_02451,place,Pasta time,Riyadh,Riyadh
RYD_007265,riyadh_places_kaggle,places_05279,place,Sikh Al-Baraka,Riyadh,Riyadh
RYD_007266,riyadh_places_kaggle,places_04010,place,Sila Flowers,Riyadh,Riyadh
RYD_007267,booking_kaggle,hotels_00743,hotel,Silent Room 3,Riyadh,Riyadh
RYD_007268,riyadh_places_kaggle,places_02534,place,Silo Pizza,Riyadh,Riyadh
RYD_007269,riyadh_places_kaggle,places_06346,place,Sim Sim,Riyadh,Riyadh
RYD_007270,riyadh_places_kaggle,places_02532,place,Sim sim,Riyadh,Riyadh
RYD_007271,riyadh_places_kaggle,places_05638,place,Sim sim,Riyadh,Riyadh
RYD_007272,riyadh_places_kaggle,places_07465,place,Sim sim,Riyadh,Riyadh
RYD_007273,riyadh_places_kaggle,places_04138,place,Simon,Riyadh,Riyadh
RYD_007274,riyadh_places_kaggle,places_05972,place,Singnora pasta,Riyadh,Riyadh
RYD_007275,riyadh_places_kaggle,places_01347,place,Sinjar Grill,Riyadh,Riyadh
RYD_007276,riyadh_places_kaggle,places_00335,place,Siryah Jawa Alhara,Riyadh,Riyadh
RYD_007277,riyadh_places_kaggle,places_01557,place,Sisi's Eatery,Riyadh,Riyadh
RYD_007278,riyadh_places_kaggle,places_00638,place,Siwa,Riyadh,Riyadh
RYD_007279,riyadh_places_kaggle,places_04595,place,Six Pack,Riyadh,Riyadh
RYD_007280,riyadh_places_kaggle,places_07000,place,Six Pack,Riyadh,Riyadh
RYD_007281,booking_kaggle,hotels_00446,hotel,Sixty Three Hotel Suites ثلاثة وستون أجنحة فندقية,Riyadh,Riyadh
RYD_007282,riyadh_places_kaggle,places_05716,place,Sizzler House,Riyadh,Riyadh
RYD_007283,riyadh_places_kaggle,places_04343,place,Skoops! ice cream,Riyadh,Riyadh
RYD_007284,riyadh_places_kaggle,places_05168,place,Sky Burger,Riyadh,Riyadh
RYD_007285,entertainment_kaggle,entertainment_00283,entertainment,Sky Zone,Riyadh,Riyadh
RYD_007286,entertainment_kaggle,entertainment_00293,entertainment,Sky Zone,Riyadh,Riyadh
RYD_007287,entertainment_kaggle,entertainment_00357,entertainment,Sky Zone,Riyadh,Riyadh
RYD_007288,entertainment_kaggle,entertainment_00386,entertainment,Sky Zone,Riyadh,Riyadh
RYD_007289,entertainment_kaggle,entertainment_00186,entertainment,Sky Zone | سكاي زون,Riyadh,Riyadh
RYD_007290,entertainment_kaggle,entertainment_00196,entertainment,Sky Zone | سكاي زون,Riyadh,Riyadh
RYD_007291,riyadh_places_kaggle,places_03850,place,Sliced Pizza,Riyadh,Riyadh
RYD_007292,riyadh_places_kaggle,places_06255,place,Slicer,Riyadh,Riyadh
RYD_007293,riyadh_places_kaggle,places_05726,place,Slider Corner,Riyadh,Riyadh
RYD_007294,riyadh_places_kaggle,places_01235,place,Slider House,Riyadh,Riyadh
RYD_007295,riyadh_places_kaggle,places_03399,place,Slider House,Riyadh,Riyadh
RYD_007296,riyadh_places_kaggle,places_07436,place,Slider House,Riyadh,Riyadh
RYD_007297,riyadh_places_kaggle,places_08611,place,Slider House,Riyadh,Riyadh
RYD_007298,riyadh_places_kaggle,places_04479,place,Slider Hub,Riyadh,Riyadh
RYD_007299,riyadh_places_kaggle,places_03260,place,Slider Room,Riyadh,Riyadh
RYD_007300,riyadh_places_kaggle,places_05812,place,Sloppy,Riyadh,Riyadh
RYD_007301,riyadh_places_kaggle,places_04788,place,Slowbbq,Riyadh,Riyadh
RYD_007302,riyadh_places_kaggle,places_03395,place,Slushy's,Riyadh,Riyadh
RYD_007303,riyadh_places_kaggle,places_05867,place,Slushy's,Riyadh,Riyadh
RYD_007304,riyadh_places_kaggle,places_03978,place,Smart APPLE PHARMACY,Riyadh,Riyadh
RYD_007305,riyadh_places_kaggle,places_05678,place,Smart APPLE PHARMACY,Riyadh,Riyadh
RYD_007306,riyadh_places_kaggle,places_06842,place,Smart APPLE PHARMACY,Riyadh,Riyadh
RYD_007307,riyadh_places_kaggle,places_01467,place,Smart Plate,Riyadh,Riyadh
RYD_007308,riyadh_places_kaggle,places_05256,place,Smog,Riyadh,Riyadh
RYD_007309,riyadh_places_kaggle,places_06919,place,Smokey Beards Q,Riyadh,Riyadh
RYD_007310,riyadh_places_kaggle,places_00201,place,Smokey Mountains&nbsp;&nbsp;,Riyadh,Riyadh
RYD_007311,riyadh_places_kaggle,places_00490,place,Smokey Mountains&nbsp;&nbsp;,Riyadh,Riyadh
RYD_007312,riyadh_places_kaggle,places_01475,place,Smokey Mountains&nbsp;&nbsp;,Riyadh,Riyadh
RYD_007313,riyadh_places_kaggle,places_07577,place,Smokey Mountains&nbsp;&nbsp;,Riyadh,Riyadh
RYD_007314,riyadh_places_kaggle,places_08389,place,Smokey Mountains&nbsp;&nbsp;,Riyadh,Riyadh
RYD_007315,riyadh_places_kaggle,places_03340,place,Smokey house,Riyadh,Riyadh
RYD_007316,riyadh_places_kaggle,places_04367,place,Smoky seal,Riyadh,Riyadh
RYD_007317,riyadh_places_kaggle,places_03619,place,Smooth E,Riyadh,Riyadh
RYD_007318,riyadh_places_kaggle,places_04492,place,Snabl alward,Riyadh,Riyadh
RYD_007319,riyadh_places_kaggle,places_04181,place,Snack Bakery,Riyadh,Riyadh
RYD_007320,riyadh_places_kaggle,places_08579,place,Snack Bakery,Riyadh,Riyadh
RYD_007321,riyadh_places_kaggle,places_03120,place,Snackat home,Riyadh,Riyadh
RYD_007322,riyadh_places_kaggle,places_04597,place,Snackat home,Riyadh,Riyadh
RYD_007323,entertainment_kaggle,entertainment_00180,entertainment,Snow City,Riyadh,Riyadh
RYD_007324,entertainment_kaggle,entertainment_00320,entertainment,Snowy Forest,Riyadh,Riyadh
RYD_007325,entertainment_kaggle,entertainment_00350,entertainment,Snowy Forest,Riyadh,Riyadh
RYD_007326,riyadh_places_kaggle,places_03724,place,So Burger,Riyadh,Riyadh
RYD_007327,riyadh_places_kaggle,places_03951,place,So Slushy,Riyadh,Riyadh
RYD_007328,riyadh_places_kaggle,places_02972,place,So Souvlaki,Riyadh,Riyadh
RYD_007329,riyadh_places_kaggle,places_00303,place,Sobhy Kaber,Riyadh,Riyadh
RYD_007330,riyadh_places_kaggle,places_06365,place,Sobia Al Muallem juices,Riyadh,Riyadh
RYD_007331,riyadh_places_kaggle,places_08174,place,Sobia misbah khudary,Riyadh,Riyadh
RYD_007332,riyadh_places_kaggle,places_04600,place,Sobouh Al Yemen,Riyadh,Riyadh
RYD_007333,riyadh_places_kaggle,places_00962,place,Social Cafe &amp; Roastery,Riyadh,Riyadh
RYD_007334,riyadh_places_kaggle,places_03414,place,Social by Chunk,Riyadh,Riyadh
RYD_007335,riyadh_places_kaggle,places_07012,place,Society Lasagna,Riyadh,Riyadh
RYD_007336,riyadh_places_kaggle,places_01640,place,Society Pizza,Riyadh,Riyadh
RYD_007337,riyadh_places_kaggle,places_00806,place,Society Sandwich,Riyadh,Riyadh
RYD_007337,riyadh_places_kaggle,places_00811,place,Society Pizza,Riyadh,Riyadh
RYD_007338,riyadh_places_kaggle,places_01664,place,Society Sandwich,Riyadh,Riyadh
RYD_007339,riyadh_places_kaggle,places_06247,place,Sofra Kitchens,Riyadh,Riyadh
RYD_007340,riyadh_places_kaggle,places_01947,place,Sofrat Al Sultan,Riyadh,Riyadh
RYD_007341,riyadh_places_kaggle,places_04964,place,Sofrat Awafi,Riyadh,Riyadh
RYD_007342,riyadh_places_kaggle,places_01679,place,Sofret Beirut,Riyadh,Riyadh
RYD_007343,riyadh_places_kaggle,places_02097,place,Sofret Beirut,Riyadh,Riyadh
RYD_007344,riyadh_places_kaggle,places_02138,place,Sofret Beirut,Riyadh,Riyadh
RYD_007345,riyadh_places_kaggle,places_00011,place,Soft Stream Sushi,Riyadh,Riyadh
RYD_007346,riyadh_places_kaggle,places_03834,place,Sol olas,Riyadh,Riyadh
RYD_007347,riyadh_places_kaggle,places_06879,place,Sol olas,Riyadh,Riyadh
RYD_007348,riyadh_places_kaggle,places_02272,place,Sola,Riyadh,Riyadh
RYD_007349,riyadh_places_kaggle,places_01439,place,Solace,Riyadh,Riyadh
RYD_007350,riyadh_places_kaggle,places_05899,place,Solina,Riyadh,Riyadh
RYD_007351,riyadh_places_kaggle,places_04752,place,Solo,Riyadh,Riyadh
RYD_007352,riyadh_places_kaggle,places_01554,place,Soma Grape Leaves,Riyadh,Riyadh
RYD_007353,riyadh_places_kaggle,places_07279,place,Soma Grape Leaves,Riyadh,Riyadh
RYD_007354,riyadh_places_kaggle,places_02992,place,Somi,Riyadh,Riyadh
RYD_007355,riyadh_places_kaggle,places_03035,place,Soo Healthy,Riyadh,Riyadh
RYD_007356,riyadh_places_kaggle,places_08523,place,Sort,Riyadh,Riyadh
RYD_007357,riyadh_places_kaggle,places_03408,place,Soul Cafe,Riyadh,Riyadh
RYD_007358,riyadh_places_kaggle,places_01506,place,Soula,Riyadh,Riyadh
RYD_007359,riyadh_places_kaggle,places_03687,place,Soula,Riyadh,Riyadh
RYD_007360,riyadh_places_kaggle,places_00884,place,Soulfull,Riyadh,Riyadh
RYD_007361,riyadh_places_kaggle,places_04201,place,Souls Burger,Riyadh,Riyadh
RYD_007362,riyadh_places_kaggle,places_06144,place,Sounblah Al Rawdah Sweets,Riyadh,Riyadh
RYD_007363,riyadh_places_kaggle,places_07600,place,Sounblah Al Rawdah Sweets,Riyadh,Riyadh
RYD_007364,riyadh_places_kaggle,places_03501,place,Sour Grape Leave,Riyadh,Riyadh
RYD_007365,riyadh_places_kaggle,places_07852,place,Sour Grape Leave,Riyadh,Riyadh
RYD_007366,riyadh_places_kaggle,places_00464,place,Southern Flavors Restaurants,Riyadh,Riyadh
RYD_007367,riyadh_places_kaggle,places_06129,place,Souvenir,Riyadh,Riyadh
RYD_007368,riyadh_places_kaggle,places_07041,place,Space burger,Riyadh,Riyadh
RYD_007369,riyadh_places_kaggle,places_05854,place,Spajtini,Riyadh,Riyadh
RYD_007370,riyadh_places_kaggle,places_07479,place,Spajtini,Riyadh,Riyadh
RYD_007371,entertainment_kaggle,entertainment_00207,entertainment,Sparky's,Riyadh,Riyadh
RYD_007372,entertainment_kaggle,entertainment_00217,entertainment,Sparky's,Riyadh,Riyadh
RYD_007373,entertainment_kaggle,entertainment_00324,entertainment,Sparky's,Riyadh,Riyadh
RYD_007374,entertainment_kaggle,entertainment_00334,entertainment,Sparky's,Riyadh,Riyadh
RYD_007375,entertainment_kaggle,entertainment_00201,entertainment,Sparky's | سباركيز,Riyadh,Riyadh
RYD_007376,entertainment_kaggle,entertainment_00231,entertainment,Sparky's | سباركيز,Riyadh,Riyadh
RYD_007377,riyadh_places_kaggle,places_08287,place,Special Cup,Riyadh,Riyadh
RYD_007378,riyadh_places_kaggle,places_01571,place,Special Gift,Riyadh,Riyadh
RYD_007379,booking_kaggle,hotels_00190,hotel,Spectrums Hotel Riyadh,Riyadh,Riyadh
RYD_007380,riyadh_places_kaggle,places_01045,place,Spice,Riyadh,Riyadh
RYD_007381,riyadh_places_kaggle,places_02604,place,Spice,Riyadh,Riyadh
RYD_007382,riyadh_places_kaggle,places_07557,place,Spice,Riyadh,Riyadh
RYD_007383,riyadh_places_kaggle,places_08720,place,Spice,Riyadh,Riyadh
RYD_007384,riyadh_places_kaggle,places_03910,place,Spices Sprinkles,Riyadh,Riyadh
RYD_007385,riyadh_places_kaggle,places_05178,place,Spicy Home Resaturant,Riyadh,Riyadh
RYD_007386,riyadh_places_kaggle,places_01069,place,Spuds,Riyadh,Riyadh
RYD_007387,riyadh_places_kaggle,places_04023,place,Spuds,Riyadh,Riyadh
RYD_007388,riyadh_places_kaggle,places_07631,place,Spuds,Riyadh,Riyadh
RYD_007389,riyadh_places_kaggle,places_00079,place,Square house cafe -,Riyadh,Riyadh
RYD_007390,riyadh_places_kaggle,places_01032,place,Stack'D Burger,Riyadh,Riyadh
RYD_007391,riyadh_places_kaggle,places_06155,place,Star Cake Sweets,Riyadh,Riyadh
RYD_007392,riyadh_places_kaggle,places_06323,place,Star Cup,Riyadh,Riyadh
RYD_007393,riyadh_places_kaggle,places_06660,place,Star World,Riyadh,Riyadh
RYD_007394,riyadh_places_kaggle,places_00028,place,Starbucks®,Riyadh,Riyadh
RYD_007395,riyadh_places_kaggle,places_00199,place,Starbucks®,Riyadh,Riyadh
RYD_007396,riyadh_places_kaggle,places_00361,place,Starbucks®,Riyadh,Riyadh
RYD_007397,riyadh_places_kaggle,places_00524,place,Starbucks®,Riyadh,Riyadh
RYD_007398,riyadh_places_kaggle,places_00689,place,Starbucks®,Riyadh,Riyadh
RYD_007399,riyadh_places_kaggle,places_00940,place,Starbucks®,Riyadh,Riyadh
RYD_007400,riyadh_places_kaggle,places_01856,place,Starbucks®,Riyadh,Riyadh
RYD_007401,riyadh_places_kaggle,places_02129,place,Starbucks®,Riyadh,Riyadh
RYD_007402,riyadh_places_kaggle,places_02283,place,Starbucks®,Riyadh,Riyadh
RYD_007403,riyadh_places_kaggle,places_02528,place,Starbucks®,Riyadh,Riyadh
RYD_007404,riyadh_places_kaggle,places_02799,place,Starbucks®,Riyadh,Riyadh
RYD_007405,riyadh_places_kaggle,places_05296,place,Starbucks®,Riyadh,Riyadh
RYD_007406,riyadh_places_kaggle,places_06408,place,Starbucks®,Riyadh,Riyadh
RYD_007407,riyadh_places_kaggle,places_06744,place,Starbucks®,Riyadh,Riyadh
RYD_007408,riyadh_places_kaggle,places_07111,place,Starbucks®,Riyadh,Riyadh
RYD_007409,riyadh_places_kaggle,places_08672,place,Starbucks®,Riyadh,Riyadh
RYD_007410,riyadh_places_kaggle,places_07939,place,Station Day,Riyadh,Riyadh
RYD_007411,riyadh_places_kaggle,places_02857,place,Steak Care,Riyadh,Riyadh
RYD_007412,riyadh_places_kaggle,places_03155,place,Steak House,Riyadh,Riyadh
RYD_007413,riyadh_places_kaggle,places_05525,place,Steak House,Riyadh,Riyadh
RYD_007414,riyadh_places_kaggle,places_06826,place,Steak House,Riyadh,Riyadh
RYD_007415,riyadh_places_kaggle,places_01169,place,Steak House Burger,Riyadh,Riyadh
RYD_007416,riyadh_places_kaggle,places_01396,place,Steak House Burger,Riyadh,Riyadh
RYD_007416,riyadh_places_kaggle,places_01397,place,Steak House,Riyadh,Riyadh
RYD_007417,riyadh_places_kaggle,places_06390,place,Steak House Burger,Riyadh,Riyadh
RYD_007418,riyadh_places_kaggle,places_07146,place,Steak House Burger,Riyadh,Riyadh
RYD_007419,riyadh_places_kaggle,places_08365,place,Steak House Burger,Riyadh,Riyadh
RYD_007419,riyadh_places_kaggle,places_08366,place,Steak House,Riyadh,Riyadh
RYD_007420,riyadh_places_kaggle,places_06239,place,Steakat,Riyadh,Riyadh
RYD_007421,riyadh_places_kaggle,places_00871,place,Stearger,Riyadh,Riyadh
RYD_007422,riyadh_places_kaggle,places_00273,place,Stella,Riyadh,Riyadh
RYD_007423,riyadh_places_kaggle,places_04537,place,Stella,Riyadh,Riyadh
RYD_007424,riyadh_places_kaggle,places_06502,place,Stella,Riyadh,Riyadh
RYD_007424,riyadh_places_kaggle,places_07335,place,Donatella,Riyadh,Riyadh
RYD_007425,riyadh_places_kaggle,places_08791,place,Stella,Riyadh,Riyadh
RYD_007426,riyadh_places_kaggle,places_04721,place,Step By Step,Riyadh,Riyadh
RYD_007427,riyadh_places_kaggle,places_05499,place,Stock,Riyadh,Riyadh
RYD_007428,riyadh_places_kaggle,places_04268,place,Streat,Riyadh,Riyadh
RYD_007429,riyadh_places_kaggle,places_05668,place,Streat,Riyadh,Riyadh
RYD_007430,riyadh_places_kaggle,places_03618,place,Stro Flower,Riyadh,Riyadh
RYD_007431,riyadh_places_kaggle,places_07674,place,Stro Flower,Riyadh,Riyadh
RYD_007432,riyadh_places_kaggle,places_05902,place,Suave,Riyadh,Riyadh
RYD_007433,riyadh_places_kaggle,places_02786,place,Sub Way,Riyadh,Riyadh
RYD_007434,riyadh_places_kaggle,places_05786,place,SubWay,Riyadh,Riyadh
RYD_007435,entertainment_kaggle,entertainment_00493,entertainment,Subaie heritage house,Shaqra,Riyadh
RYD_007436,entertainment_kaggle,entertainment_00503,entertainment,Subaie heritage house,Shaqra,Riyadh
RYD_007437,riyadh_places_kaggle,places_00118,place,Subway,Riyadh,Riyadh
RYD_007438,riyadh_places_kaggle,places_00368,place,Subway,Riyadh,Riyadh
RYD_007439,riyadh_places_kaggle,places_00630,place,Subway,Riyadh,Riyadh
RYD_007440,riyadh_places_kaggle,places_01098,place,Subway,Riyadh,Riyadh
RYD_007441,riyadh_places_kaggle,places_01323,place,Subway,Riyadh,Riyadh
RYD_007442,riyadh_places_kaggle,places_02578,place,Subway,Riyadh,Riyadh
RYD_007443,riyadh_places_kaggle,places_03036,place,Subway,Riyadh,Riyadh
RYD_007444,riyadh_places_kaggle,places_03106,place,Subway,Riyadh,Riyadh
RYD_007445,riyadh_places_kaggle,places_03126,place,Subway,Riyadh,Riyadh
RYD_007446,riyadh_places_kaggle,places_04947,place,Subway,Riyadh,Riyadh
RYD_007447,riyadh_places_kaggle,places_05333,place,Subway,Riyadh,Riyadh
RYD_007448,riyadh_places_kaggle,places_05501,place,Subway,Riyadh,Riyadh
RYD_007449,riyadh_places_kaggle,places_07221,place,Subway,Riyadh,Riyadh
RYD_007450,riyadh_places_kaggle,places_07470,place,Subway,Riyadh,Riyadh
RYD_007451,riyadh_places_kaggle,places_07581,place,Subway,Riyadh,Riyadh
RYD_007452,riyadh_places_kaggle,places_07951,place,Subway,Riyadh,Riyadh
RYD_007453,riyadh_places_kaggle,places_08347,place,Subway,Riyadh,Riyadh
RYD_007454,riyadh_places_kaggle,places_08644,place,Subway,Riyadh,Riyadh
RYD_007455,riyadh_places_kaggle,places_08832,place,Subway,Riyadh,Riyadh
RYD_007456,riyadh_places_kaggle,places_01229,place,Sucre de Nada,Riyadh,Riyadh
RYD_007457,riyadh_places_kaggle,places_04465,place,Sucre de Nada,Riyadh,Riyadh
RYD_007458,riyadh_places_kaggle,places_08080,place,Sudd Specialty coffee,Riyadh,Riyadh
RYD_007459,riyadh_places_kaggle,places_05444,place,Sugar Coated,Riyadh,Riyadh
RYD_007460,riyadh_places_kaggle,places_01122,place,Sugar On Jam,Riyadh,Riyadh
RYD_007461,riyadh_places_kaggle,places_04535,place,Sugar Sweets,Riyadh,Riyadh
RYD_007462,riyadh_places_kaggle,places_04275,place,Sugar coated store,Riyadh,Riyadh
RYD_007463,riyadh_places_kaggle,places_05826,place,Sugar coated store,Riyadh,Riyadh
RYD_007463,riyadh_places_kaggle,places_08688,place,Sugar Coated,Riyadh,Riyadh
RYD_007464,riyadh_places_kaggle,places_07523,place,Sugar coated store,Riyadh,Riyadh
RYD_007465,riyadh_places_kaggle,places_08025,place,Sugar coated store,Riyadh,Riyadh
RYD_007466,riyadh_places_kaggle,places_03554,place,SugarMoo,Riyadh,Riyadh
RYD_007467,riyadh_places_kaggle,places_04019,place,Sugarhive,Riyadh,Riyadh
RYD_007468,riyadh_places_kaggle,places_03327,place,Sugo Pasta,Riyadh,Riyadh
RYD_007469,riyadh_places_kaggle,places_08077,place,Suhoul Al Badia,Riyadh,Riyadh
RYD_007470,booking_kaggle,hotels_00108,hotel,Suite Inn Hotel Riyadh,Riyadh,Riyadh
RYD_007471,riyadh_places_kaggle,places_03648,place,Sukkly,Riyadh,Riyadh
RYD_007472,entertainment_kaggle,entertainment_00366,entertainment,Sulai,Riyadh,Riyadh
RYD_007473,entertainment_kaggle,entertainment_00376,entertainment,Sulai,Riyadh,Riyadh
RYD_007474,riyadh_places_kaggle,places_05234,place,Sultan Al luqaymat,Riyadh,Riyadh
RYD_007475,riyadh_places_kaggle,places_02264,place,Sultan Albalah Sweet,Riyadh,Riyadh
RYD_007476,riyadh_places_kaggle,places_06260,place,Sultan Albalah Sweet,Riyadh,Riyadh
RYD_007477,riyadh_places_kaggle,places_00912,place,Sultan Coffee,Riyadh,Riyadh
RYD_007478,riyadh_places_kaggle,places_01843,place,Sultan Coffee,Riyadh,Riyadh
RYD_007479,riyadh_places_kaggle,places_00649,place,Sultan Delight Burger,Riyadh,Riyadh
RYD_007480,riyadh_places_kaggle,places_01361,place,Sultan Delight Burger,Riyadh,Riyadh
RYD_007481,riyadh_places_kaggle,places_03416,place,Sultan Delight Burger,Riyadh,Riyadh
RYD_007482,riyadh_places_kaggle,places_05519,place,Sultan Delight Burger,Riyadh,Riyadh
RYD_007483,riyadh_places_kaggle,places_07197,place,Sultan Delight Burger,Riyadh,Riyadh
RYD_007484,riyadh_places_kaggle,places_07982,place,Sultan Delight Burger,Riyadh,Riyadh
RYD_007485,riyadh_places_kaggle,places_06514,place,Sultan of Shrimp,Riyadh,Riyadh
RYD_007486,riyadh_places_kaggle,places_04639,place,Sultan's Steakhouse,Riyadh,Riyadh
RYD_007487,riyadh_places_kaggle,places_01090,place,Summer Roses,Riyadh,Riyadh
RYD_007488,riyadh_places_kaggle,places_04626,place,Sunbulah pies,Riyadh,Riyadh
RYD_007489,riyadh_places_kaggle,places_01492,place,Sunnies,Riyadh,Riyadh
RYD_007490,riyadh_places_kaggle,places_00568,place,Sunnyville,Riyadh,Riyadh
RYD_007491,riyadh_places_kaggle,places_08800,place,Sunshew,Riyadh,Riyadh
RYD_007492,booking_kaggle,hotels_00365,hotel,Super 8 Al Riyadh,Riyadh,Riyadh
RYD_007493,riyadh_places_kaggle,places_05230,place,Super Fit,Riyadh,Riyadh
RYD_007494,riyadh_places_kaggle,places_01163,place,Surround,Riyadh,Riyadh
RYD_007495,riyadh_places_kaggle,places_02985,place,Surround,Riyadh,Riyadh
RYD_007496,riyadh_places_kaggle,places_00593,place,Sushi Art,Riyadh,Riyadh
RYD_007497,riyadh_places_kaggle,places_00970,place,Sushi Art,Riyadh,Riyadh
RYD_007498,riyadh_places_kaggle,places_03161,place,Sushi Art,Riyadh,Riyadh
RYD_007499,riyadh_places_kaggle,places_00007,place,Sushi Cutie,Riyadh,Riyadh
RYD_007499,riyadh_places_kaggle,places_00010,place,Sushi Cutie,Riyadh,Riyadh
RYD_007500,riyadh_places_kaggle,places_00351,place,Sushi Cutie,Riyadh,Riyadh
RYD_007500,riyadh_places_kaggle,places_00353,place,Sushi Cutie,Riyadh,Riyadh
RYD_007501,riyadh_places_kaggle,places_00899,place,Sushi Cutie,Riyadh,Riyadh
RYD_007501,riyadh_places_kaggle,places_05242,place,Sushi Cutie,Riyadh,Riyadh
RYD_007502,riyadh_places_kaggle,places_01544,place,Sushi Library,Riyadh,Riyadh
RYD_007503,riyadh_places_kaggle,places_03598,place,Sushi Library,Riyadh,Riyadh
RYD_007504,riyadh_places_kaggle,places_06840,place,Sushi Library,Riyadh,Riyadh
RYD_007505,riyadh_places_kaggle,places_02012,place,Sushi Time,Riyadh,Riyadh
RYD_007506,riyadh_places_kaggle,places_03939,place,Sushi Time,Riyadh,Riyadh
RYD_007507,riyadh_places_kaggle,places_02024,place,Sushi Yoshi,Riyadh,Riyadh
RYD_007508,riyadh_places_kaggle,places_02595,place,Sushi Yoshi,Riyadh,Riyadh
RYD_007509,riyadh_places_kaggle,places_00819,place,Sushido,Riyadh,Riyadh
RYD_007510,riyadh_places_kaggle,places_00969,place,Sushido,Riyadh,Riyadh
RYD_007511,riyadh_places_kaggle,places_01569,place,Sushido,Riyadh,Riyadh
RYD_007512,riyadh_places_kaggle,places_02863,place,Sushido,Riyadh,Riyadh
RYD_007513,riyadh_places_kaggle,places_04248,place,Sushina,Riyadh,Riyadh
RYD_007514,riyadh_places_kaggle,places_03903,place,Suwair’s,Riyadh,Riyadh
RYD_007515,riyadh_places_kaggle,places_05819,place,Suwair’s,Riyadh,Riyadh
RYD_007516,riyadh_places_kaggle,places_08725,place,Suwair’s,Riyadh,Riyadh
RYD_007517,riyadh_places_kaggle,places_08233,place,Suwalif Tea,Riyadh,Riyadh
RYD_007518,riyadh_places_kaggle,places_05557,place,Swaikh Tikka,Riyadh,Riyadh
RYD_007519,riyadh_places_kaggle,places_07016,place,Swalief Al Dira,Riyadh,Riyadh
RYD_007520,riyadh_places_kaggle,places_03460,place,Sweet And Salty,Riyadh,Riyadh
RYD_007521,riyadh_places_kaggle,places_07454,place,Sweet And Salty,Riyadh,Riyadh
RYD_007522,riyadh_places_kaggle,places_08409,place,Sweet And Salty,Riyadh,Riyadh
RYD_007523,riyadh_places_kaggle,places_01140,place,Sweet Atelier,Riyadh,Riyadh
RYD_007524,riyadh_places_kaggle,places_03117,place,Sweet ID,Riyadh,Riyadh
RYD_007525,riyadh_places_kaggle,places_05939,place,Sweet M S,Riyadh,Riyadh
RYD_007526,riyadh_places_kaggle,places_05183,place,Sweet Nine,Riyadh,Riyadh
RYD_007527,riyadh_places_kaggle,places_04204,place,Sweet Yumi,Riyadh,Riyadh
RYD_007528,riyadh_places_kaggle,places_00934,place,Sweet and Spicy,Riyadh,Riyadh
RYD_007529,riyadh_places_kaggle,places_06110,place,Sweet and more,Riyadh,Riyadh
RYD_007530,riyadh_places_kaggle,places_08591,place,Sweet and salty loqaimat,Riyadh,Riyadh
RYD_007531,riyadh_places_kaggle,places_02357,place,Sweet cold juice,Riyadh,Riyadh
RYD_007532,riyadh_places_kaggle,places_08226,place,Sweet cold juice,Riyadh,Riyadh
RYD_007533,riyadh_places_kaggle,places_04012,place,Sweet fun,Riyadh,Riyadh
RYD_007534,riyadh_places_kaggle,places_04983,place,Sweet tart,Riyadh,Riyadh
RYD_007535,riyadh_places_kaggle,places_08163,place,Sweeter taste,Riyadh,Riyadh
RYD_007536,riyadh_places_kaggle,places_03376,place,Sweetest Logimat,Riyadh,Riyadh
RYD_007537,riyadh_places_kaggle,places_03562,place,Sweetie,Riyadh,Riyadh
RYD_007538,riyadh_places_kaggle,places_05196,place,Sweetness passion,Riyadh,Riyadh
RYD_007539,riyadh_places_kaggle,places_00068,place,Sweets Corner,Riyadh,Riyadh
RYD_007540,riyadh_places_kaggle,places_03521,place,Sweets Corner,Riyadh,Riyadh
RYD_007541,riyadh_places_kaggle,places_07586,place,Sweets Corner,Riyadh,Riyadh
RYD_007542,riyadh_places_kaggle,places_08537,place,Sweets Corner,Riyadh,Riyadh
RYD_007543,riyadh_places_kaggle,places_08698,place,Sweets Corner,Riyadh,Riyadh
RYD_007544,riyadh_places_kaggle,places_07912,place,Sweets Raneem Al Sham,Riyadh,Riyadh
RYD_007545,riyadh_places_kaggle,places_01613,place,Sweets Setah,Riyadh,Riyadh
RYD_007546,riyadh_places_kaggle,places_07757,place,Sweets free taste,Riyadh,Riyadh
RYD_007547,booking_kaggle,hotels_00199,hotel,Swiss International Royal Hotel Riyadh,Riyadh,Riyadh
RYD_007548,booking_kaggle,hotels_00434,hotel,Swiss Spirit Hotel & Suites Metropolitan,Riyadh,Riyadh
RYD_007549,riyadh_places_kaggle,places_01366,place,Swsn roses,Riyadh,Riyadh
RYD_007550,entertainment_kaggle,entertainment_00466,entertainment,Syrup,Riyadh,Riyadh
RYD_007551,riyadh_places_kaggle,places_02802,place,T&amp;K,Riyadh,Riyadh
RYD_007552,riyadh_places_kaggle,places_00855,place,TABKHA CO,Riyadh,Riyadh
RYD_007553,riyadh_places_kaggle,places_03797,place,TACOS STATION,Riyadh,Riyadh
RYD_007554,riyadh_places_kaggle,places_00678,place,TACOVILLE,Riyadh,Riyadh
RYD_007555,riyadh_places_kaggle,places_01599,place,TACOVILLE,Riyadh,Riyadh
RYD_007556,riyadh_places_kaggle,places_02955,place,TACOVILLE,Riyadh,Riyadh
RYD_007557,riyadh_places_kaggle,places_05202,place,TAJ COFFE,Riyadh,Riyadh
RYD_007558,riyadh_places_kaggle,places_07817,place,TAJ COFFE,Riyadh,Riyadh
RYD_007559,riyadh_places_kaggle,places_08062,place,TAJ COFFE,Riyadh,Riyadh
RYD_007560,riyadh_places_kaggle,places_08737,place,TAJ JUICE,Riyadh,Riyadh
RYD_007561,riyadh_places_kaggle,places_06324,place,TAKE A BITE,Riyadh,Riyadh
RYD_007562,entertainment_kaggle,entertainment_00337,entertainment,TAKENDA,Riyadh,Riyadh
RYD_007563,entertainment_kaggle,entertainment_00367,entertainment,TAKENDA,Riyadh,Riyadh
RYD_007564,riyadh_places_kaggle,places_01913,place,TANNURU,Riyadh,Riyadh
RYD_007565,riyadh_places_kaggle,places_01916,place,TANNURU Breakfast,Riyadh,Riyadh
RYD_007566,riyadh_places_kaggle,places_04840,place,TANOOR ALDIRAH,Riyadh,Riyadh
RYD_007567,riyadh_places_kaggle,places_01845,place,TAO NOODLE,Riyadh,Riyadh
RYD_007568,riyadh_places_kaggle,places_02183,place,TAO NOODLE,Riyadh,Riyadh
RYD_007569,riyadh_places_kaggle,places_02610,place,TAO NOODLE,Riyadh,Riyadh
RYD_007570,riyadh_places_kaggle,places_07239,place,TAO NOODLE,Riyadh,Riyadh
RYD_007571,riyadh_places_kaggle,places_02539,place,TAOLEFAT MUTAZ,Riyadh,Riyadh
RYD_007572,riyadh_places_kaggle,places_01321,place,TARWIQAH ALKOL,Riyadh,Riyadh
RYD_007573,riyadh_places_kaggle,places_05968,place,TASNIM JUICE,Riyadh,Riyadh
RYD_007574,riyadh_places_kaggle,places_03043,place,TASTE OF ALMALAK,Riyadh,Riyadh
RYD_007575,riyadh_places_kaggle,places_05060,place,TASTE THE DRINK,Riyadh,Riyadh
RYD_007576,riyadh_places_kaggle,places_04426,place,TDAY,Riyadh,Riyadh
RYD_007577,riyadh_places_kaggle,places_01720,place,TE'MA,Riyadh,Riyadh
RYD_007578,riyadh_places_kaggle,places_08200,place,TEA AND MORE,Riyadh,Riyadh
RYD_007579,riyadh_places_kaggle,places_06310,place,TEA PALM,Riyadh,Riyadh
RYD_007580,riyadh_places_kaggle,places_05220,place,TEA STATE,Riyadh,Riyadh
RYD_007581,riyadh_places_kaggle,places_04674,place,TENDERNESS,Riyadh,Riyadh
RYD_007582,riyadh_places_kaggle,places_03874,place,TF bakery,Riyadh,Riyadh
RYD_007583,riyadh_places_kaggle,places_00725,place,TGB Burger,Riyadh,Riyadh
RYD_007584,riyadh_places_kaggle,places_00587,place,TGI Fridays,Riyadh,Riyadh
RYD_007585,riyadh_places_kaggle,places_01339,place,TGI Fridays,Riyadh,Riyadh
RYD_007586,riyadh_places_kaggle,places_02906,place,TGI Fridays,Riyadh,Riyadh
RYD_007587,riyadh_places_kaggle,places_06479,place,TGI Fridays,Riyadh,Riyadh
RYD_007588,riyadh_places_kaggle,places_08364,place,TGI Fridays,Riyadh,Riyadh
RYD_007589,riyadh_places_kaggle,places_08437,place,TH burger,Riyadh,Riyadh
RYD_007589,riyadh_places_kaggle,places_08438,place,Doner burger,Riyadh,Riyadh
RYD_007589,riyadh_places_kaggle,places_08439,place,Deal burger,Riyadh,Riyadh
RYD_007589,riyadh_places_kaggle,places_08442,place,Butcher's burger,Riyadh,Riyadh
RYD_007589,riyadh_places_kaggle,places_08445,place,International Burger,Riyadh,Riyadh
RYD_007590,riyadh_places_kaggle,places_04855,place,THAMR LAND,Riyadh,Riyadh
RYD_007591,riyadh_places_kaggle,places_05653,place,THAT CAFE,Riyadh,Riyadh
RYD_007592,riyadh_places_kaggle,places_06423,place,THAWQ AL HIJAZI,Riyadh,Riyadh
RYD_007593,riyadh_places_kaggle,places_02632,place,THE CHOCOLATE ROOM,Riyadh,Riyadh
RYD_007594,riyadh_places_kaggle,places_04631,place,THE COFFEE CLUB,Riyadh,Riyadh
RYD_007595,riyadh_places_kaggle,places_03431,place,THE LAND OF MANSAF,Riyadh,Riyadh
RYD_007596,riyadh_places_kaggle,places_05832,place,THE LAND OF MANSAF,Riyadh,Riyadh
RYD_007597,riyadh_places_kaggle,places_04261,place,THE ORNG TABLE,Riyadh,Riyadh
RYD_007598,riyadh_places_kaggle,places_05027,place,THE RED BOWL,Riyadh,Riyadh
RYD_007599,riyadh_places_kaggle,places_03827,place,THE SEVEN MAHASHI,Riyadh,Riyadh
RYD_007600,riyadh_places_kaggle,places_04501,place,THE SMORES BAR,Riyadh,Riyadh
RYD_007601,riyadh_places_kaggle,places_05904,place,THE SWEETEST SWEETS,Riyadh,Riyadh
RYD_007602,riyadh_places_kaggle,places_03749,place,THIRST,Riyadh,Riyadh
RYD_007603,riyadh_places_kaggle,places_00836,place,THUNDER,Riyadh,Riyadh
RYD_007604,riyadh_places_kaggle,places_04229,place,TIGER DIET,Riyadh,Riyadh
RYD_007605,riyadh_places_kaggle,places_03609,place,TIGER SUGAR,Riyadh,Riyadh
RYD_007606,riyadh_places_kaggle,places_05619,place,TIGER SUGAR,Riyadh,Riyadh
RYD_007607,riyadh_places_kaggle,places_05209,place,TIKKA FRIES,Riyadh,Riyadh
RYD_007608,riyadh_places_kaggle,places_03762,place,TIKKA SITE,Riyadh,Riyadh
RYD_007609,riyadh_places_kaggle,places_07042,place,TIKKA TOK,Riyadh,Riyadh
RYD_007610,riyadh_places_kaggle,places_03287,place,TIKO,Riyadh,Riyadh
RYD_007611,riyadh_places_kaggle,places_05375,place,TIKO,Riyadh,Riyadh
RYD_007612,riyadh_places_kaggle,places_07427,place,TIKO,Riyadh,Riyadh
RYD_007613,riyadh_places_kaggle,places_08710,place,TIKO,Riyadh,Riyadh
RYD_007614,riyadh_places_kaggle,places_04838,place,TIMORE RESTAURANTS,Riyadh,Riyadh
RYD_007615,riyadh_places_kaggle,places_03558,place,TISH,Riyadh,Riyadh
RYD_007616,riyadh_places_kaggle,places_06494,place,TISH,Riyadh,Riyadh
RYD_007617,riyadh_places_kaggle,places_00902,place,TMT Burger,Riyadh,Riyadh
RYD_007618,riyadh_places_kaggle,places_03536,place,TOASTIC,Riyadh,Riyadh
RYD_007619,riyadh_places_kaggle,places_02013,place,TOBY'S ESTATE,Riyadh,Riyadh
RYD_007620,riyadh_places_kaggle,places_04644,place,TOBY'S ESTATE,Riyadh,Riyadh
RYD_007621,riyadh_places_kaggle,places_04043,place,TOOtia,Riyadh,Riyadh
RYD_007622,riyadh_places_kaggle,places_04924,place,TOP SALAD,Riyadh,Riyadh
RYD_007623,riyadh_places_kaggle,places_08181,place,TOPCHIKN,Riyadh,Riyadh
RYD_007624,riyadh_places_kaggle,places_08834,place,TOQ,Riyadh,Riyadh
RYD_007625,riyadh_places_kaggle,places_06360,place,TOUCHES GRILLED BURGER,Riyadh,Riyadh
RYD_007626,riyadh_places_kaggle,places_08150,place,TOUCHES GRILLED BURGER,Riyadh,Riyadh
RYD_007626,riyadh_places_kaggle,places_08151,place,Grilled Burger,Riyadh,Riyadh
RYD_007627,riyadh_places_kaggle,places_01776,place,TRAYS,Riyadh,Riyadh
RYD_007628,riyadh_places_kaggle,places_08032,place,TREAT,Riyadh,Riyadh
RYD_007629,riyadh_places_kaggle,places_02293,place,TREND BURGER,Riyadh,Riyadh
RYD_007630,riyadh_places_kaggle,places_03825,place,TRMSU,Riyadh,Riyadh
RYD_007631,riyadh_places_kaggle,places_04094,place,TROZO,Riyadh,Riyadh
RYD_007632,riyadh_places_kaggle,places_08332,place,TROZO,Riyadh,Riyadh
RYD_007633,riyadh_places_kaggle,places_00859,place,TSC Signature,Riyadh,Riyadh
RYD_007634,riyadh_places_kaggle,places_01971,place,TTT,Riyadh,Riyadh
RYD_007635,riyadh_places_kaggle,places_05810,place,TULIPA,Riyadh,Riyadh
RYD_007636,riyadh_places_kaggle,places_01780,place,TWEESSTE Breakfast,Riyadh,Riyadh
RYD_007637,riyadh_places_kaggle,places_02832,place,TWSTD - Fried Chicken,Riyadh,Riyadh
RYD_007637,riyadh_places_kaggle,places_02845,place,Chic Flic - Fried Chicken,Riyadh,Riyadh
RYD_007638,riyadh_places_kaggle,places_04869,place,Tabaq Al Fatirah Al Dimashqiya,Riyadh,Riyadh
RYD_007639,riyadh_places_kaggle,places_00460,place,Tabarua,Riyadh,Riyadh
RYD_007640,riyadh_places_kaggle,places_03894,place,Tabkha,Riyadh,Riyadh
RYD_007641,riyadh_places_kaggle,places_05586,place,Tabkha,Riyadh,Riyadh
RYD_007642,riyadh_places_kaggle,places_01312,place,Tabliyah,Riyadh,Riyadh
RYD_007643,riyadh_places_kaggle,places_05159,place,Tabuqi,Riyadh,Riyadh
RYD_007644,riyadh_places_kaggle,places_01054,place,Taco Guys,Riyadh,Riyadh
RYD_007645,riyadh_places_kaggle,places_03988,place,Taco Guys,Riyadh,Riyadh
RYD_007646,riyadh_places_kaggle,places_02968,place,Taco Loco,Riyadh,Riyadh
RYD_007647,riyadh_places_kaggle,places_06209,place,Taco Mood,Riyadh,Riyadh
RYD_007648,riyadh_places_kaggle,places_01745,place,Taco Tikko,Riyadh,Riyadh
RYD_007649,riyadh_places_kaggle,places_03338,place,Taco Tikko,Riyadh,Riyadh
RYD_007650,riyadh_places_kaggle,places_03848,place,Tacomania,Riyadh,Riyadh
RYD_007651,riyadh_places_kaggle,places_04559,place,Taealil,Riyadh,Riyadh
RYD_007652,riyadh_places_kaggle,places_03437,place,Tafwila,Riyadh,Riyadh
RYD_007653,riyadh_places_kaggle,places_01226,place,Tagfelah,Riyadh,Riyadh
RYD_007654,riyadh_places_kaggle,places_02573,place,Taghmees,Riyadh,Riyadh
RYD_007655,riyadh_places_kaggle,places_03349,place,Taghmees,Riyadh,Riyadh
RYD_007656,riyadh_places_kaggle,places_05584,place,Taghmees,Riyadh,Riyadh
RYD_007657,riyadh_places_kaggle,places_00891,place,Tahlia Taste,Riyadh,Riyadh
RYD_007658,riyadh_places_kaggle,places_02355,place,Taif Candles Foul,Riyadh,Riyadh
RYD_007658,riyadh_places_kaggle,places_02356,place,Taif-Candles-Foul,Riyadh,Riyadh
RYD_007659,riyadh_places_kaggle,places_06290,place,Taif Candles Foul,Riyadh,Riyadh
RYD_007659,riyadh_places_kaggle,places_06291,place,Taif-Candles-Foul,Riyadh,Riyadh
RYD_007660,riyadh_places_kaggle,places_00395,place,Taif Grill,Riyadh,Riyadh
RYD_007661,riyadh_places_kaggle,places_08197,place,Taif-Candles-Foul,Riyadh,Riyadh
RYD_007661,riyadh_places_kaggle,places_08198,place,Taif Candles Foul,Riyadh,Riyadh
RYD_007662,riyadh_places_kaggle,places_03356,place,Taim,Riyadh,Riyadh
RYD_007663,riyadh_places_kaggle,places_01328,place,Taj Al Fattera,Riyadh,Riyadh
RYD_007664,riyadh_places_kaggle,places_08006,place,Taj Al Shawarma,Riyadh,Riyadh
RYD_007665,riyadh_places_kaggle,places_07833,place,Taj Alhla,Riyadh,Riyadh
RYD_007666,riyadh_places_kaggle,places_02701,place,Tajaan Sweets,Riyadh,Riyadh
RYD_007666,riyadh_places_kaggle,places_02719,place,Zamani sweets,Riyadh,Riyadh
RYD_007667,riyadh_places_kaggle,places_08714,place,Taji,Riyadh,Riyadh
RYD_007668,riyadh_places_kaggle,places_01808,place,Tajin sharqiun,Riyadh,Riyadh
RYD_007669,riyadh_places_kaggle,places_01470,place,Tako Hut,Riyadh,Riyadh
RYD_007670,riyadh_places_kaggle,places_07403,place,Tako Hut,Riyadh,Riyadh
RYD_007671,riyadh_places_kaggle,places_08392,place,Tako Hut,Riyadh,Riyadh
RYD_007672,riyadh_places_kaggle,places_08252,place,Taksim Bistro,Riyadh,Riyadh
RYD_007673,riyadh_places_kaggle,places_06174,place,Talat Ward,Riyadh,Riyadh
RYD_007674,riyadh_places_kaggle,places_04412,place,Taleel,Riyadh,Riyadh
RYD_007675,booking_kaggle,hotels_01008,hotel,Taleen Al Malaz Hotel Apartments,Riyadh,Riyadh
RYD_007676,booking_kaggle,hotels_00984,hotel,Taleen Al Naseem,Riyadh,Riyadh
RYD_007677,riyadh_places_kaggle,places_03681,place,Tameesa,Riyadh,Riyadh
RYD_007678,riyadh_places_kaggle,places_06289,place,Tamr And Hail,Riyadh,Riyadh
RYD_007679,riyadh_places_kaggle,places_06224,place,Tamrytna,Riyadh,Riyadh
RYD_007680,riyadh_places_kaggle,places_03463,place,Tandoori Khan,Riyadh,Riyadh
RYD_007681,riyadh_places_kaggle,places_02076,place,Tandoori Rajo,Riyadh,Riyadh
RYD_007682,riyadh_places_kaggle,places_02147,place,Tandoori Rajo,Riyadh,Riyadh
RYD_007683,riyadh_places_kaggle,places_02874,place,Tandoori Rajo,Riyadh,Riyadh
RYD_007684,riyadh_places_kaggle,places_07233,place,Tandoori Rajo,Riyadh,Riyadh
RYD_007685,riyadh_places_kaggle,places_01524,place,Tangle,Riyadh,Riyadh
RYD_007686,riyadh_places_kaggle,places_06908,place,Tangle,Riyadh,Riyadh
RYD_007687,riyadh_places_kaggle,places_02108,place,Tango - Salads &amp; Sandwiches,Riyadh,Riyadh
RYD_007688,riyadh_places_kaggle,places_03614,place,Tango - Salads &amp; Sandwiches,Riyadh,Riyadh
RYD_007689,riyadh_places_kaggle,places_01926,place,Tanjia,Riyadh,Riyadh
RYD_007690,riyadh_places_kaggle,places_06706,place,Tanoor,Riyadh,Riyadh
RYD_007691,riyadh_places_kaggle,places_06235,place,Tanoor Al Teseen,Riyadh,Riyadh
RYD_007692,riyadh_places_kaggle,places_08239,place,Tanoor Fish,Riyadh,Riyadh
RYD_007693,riyadh_places_kaggle,places_06594,place,Tanour Al Hindi,Riyadh,Riyadh
RYD_007694,riyadh_places_kaggle,places_00071,place,Tanur Alfatirat Aldimashqiya,Riyadh,Riyadh
RYD_007695,riyadh_places_kaggle,places_01629,place,Tanur Alfatirat Aldimashqiya,Riyadh,Riyadh
RYD_007696,riyadh_places_kaggle,places_03575,place,Tanur Alfatirat Aldimashqiya,Riyadh,Riyadh
RYD_007697,riyadh_places_kaggle,places_07093,place,Tanur Alfatirat Aldimashqiya,Riyadh,Riyadh
RYD_007698,riyadh_places_kaggle,places_02505,place,Taolefah Tea And More,Riyadh,Riyadh
RYD_007699,riyadh_places_kaggle,places_01035,place,Taqado,Riyadh,Riyadh
RYD_007700,riyadh_places_kaggle,places_03137,place,Taqado,Riyadh,Riyadh
RYD_007701,riyadh_places_kaggle,places_08723,place,Taqado,Riyadh,Riyadh
RYD_007702,riyadh_places_kaggle,places_03522,place,Taraat,Riyadh,Riyadh
RYD_007702,riyadh_places_kaggle,places_03526,place,TREAT,Riyadh,Riyadh
RYD_007703,riyadh_places_kaggle,places_06040,place,Taraat,Riyadh,Riyadh
RYD_007704,riyadh_places_kaggle,places_08765,place,Taraat,Riyadh,Riyadh
RYD_007705,riyadh_places_kaggle,places_06620,place,Taraf cafe,Riyadh,Riyadh
RYD_007706,riyadh_places_kaggle,places_00389,place,Tarahom,Riyadh,Riyadh
RYD_007707,riyadh_places_kaggle,places_07074,place,Tarboosh Corner,Riyadh,Riyadh
RYD_007708,riyadh_places_kaggle,places_03124,place,Tarfa,Riyadh,Riyadh
RYD_007709,riyadh_places_kaggle,places_01839,place,Tarmeem,Riyadh,Riyadh
RYD_007710,riyadh_places_kaggle,places_07718,place,Tarmoz Al-Bukhari,Riyadh,Riyadh
RYD_007711,riyadh_places_kaggle,places_04897,place,Tartine,Riyadh,Riyadh
RYD_007712,riyadh_places_kaggle,places_07624,place,Tarweqa Falafel,Riyadh,Riyadh
RYD_007713,riyadh_places_kaggle,places_04745,place,Tasali Aleizi,Riyadh,Riyadh
RYD_007714,riyadh_places_kaggle,places_03844,place,Tasali Altiseinat,Riyadh,Riyadh
RYD_007715,riyadh_places_kaggle,places_05561,place,Tasali Altiseinat,Riyadh,Riyadh
RYD_007716,riyadh_places_kaggle,places_06867,place,Tasali Altiseinat,Riyadh,Riyadh
RYD_007717,riyadh_places_kaggle,places_07327,place,Tasali Altiseinat,Riyadh,Riyadh
RYD_007718,riyadh_places_kaggle,places_08829,place,Tasali Altiseinat,Riyadh,Riyadh
RYD_007719,riyadh_places_kaggle,places_04276,place,Tasali Hawari,Riyadh,Riyadh
RYD_007720,riyadh_places_kaggle,places_05347,place,Tasali Hawari,Riyadh,Riyadh
RYD_007721,riyadh_places_kaggle,places_07770,place,Tasali Restaurant,Riyadh,Riyadh
RYD_007722,riyadh_places_kaggle,places_06643,place,Tasali Ruru,Riyadh,Riyadh
RYD_007723,riyadh_places_kaggle,places_05179,place,Tasali Sahou,Riyadh,Riyadh
RYD_007724,riyadh_places_kaggle,places_06057,place,Tasali Stars Fast Food,Riyadh,Riyadh
RYD_007725,riyadh_places_kaggle,places_00191,place,Tasali moon,Riyadh,Riyadh
RYD_007726,riyadh_places_kaggle,places_06598,place,Tasaly Rakan Zainab,Riyadh,Riyadh
RYD_007727,riyadh_places_kaggle,places_05077,place,Tasha Restaurant,Riyadh,Riyadh
RYD_007728,riyadh_places_kaggle,places_06427,place,Taste Cake,Riyadh,Riyadh
RYD_007729,riyadh_places_kaggle,places_08796,place,Taste Corner,Riyadh,Riyadh
RYD_007730,riyadh_places_kaggle,places_00722,place,Taste Of Dilli Restaurant,Riyadh,Riyadh
RYD_007731,riyadh_places_kaggle,places_05723,place,Taste Sugar,Riyadh,Riyadh
RYD_007732,riyadh_places_kaggle,places_03731,place,Taste hot pies restaurant,Riyadh,Riyadh
RYD_007733,riyadh_places_kaggle,places_01351,place,Taste me,Riyadh,Riyadh
RYD_007734,riyadh_places_kaggle,places_03517,place,Taste me,Riyadh,Riyadh
RYD_007735,riyadh_places_kaggle,places_06841,place,Taste me,Riyadh,Riyadh
RYD_007736,riyadh_places_kaggle,places_07469,place,Taste me,Riyadh,Riyadh
RYD_007737,riyadh_places_kaggle,places_08514,place,Taste me,Riyadh,Riyadh
RYD_007738,riyadh_places_kaggle,places_04178,place,Taste of Kunafa Day,Riyadh,Riyadh
RYD_007739,riyadh_places_kaggle,places_08450,place,Taste of kunaffa house,Riyadh,Riyadh
RYD_007740,riyadh_places_kaggle,places_05656,place,Tasty Kunafah,Riyadh,Riyadh
RYD_007741,riyadh_places_kaggle,places_00747,place,Tasty Toast,Riyadh,Riyadh
RYD_007742,riyadh_places_kaggle,places_01094,place,Tasty Toast,Riyadh,Riyadh
RYD_007743,riyadh_places_kaggle,places_02768,place,Tasty Toast,Riyadh,Riyadh
RYD_007744,riyadh_places_kaggle,places_07059,place,Tau,Riyadh,Riyadh
RYD_007745,riyadh_places_kaggle,places_05533,place,Tawa,Riyadh,Riyadh
RYD_007746,riyadh_places_kaggle,places_06781,place,Tawa,Riyadh,Riyadh
RYD_007747,riyadh_places_kaggle,places_07216,place,Tawa,Riyadh,Riyadh
RYD_007748,riyadh_places_kaggle,places_07934,place,Tawa,Riyadh,Riyadh
RYD_007749,riyadh_places_kaggle,places_08285,place,Tawa and Tea,Riyadh,Riyadh
RYD_007750,riyadh_places_kaggle,places_01046,place,Tawook Nation,Riyadh,Riyadh
RYD_007751,riyadh_places_kaggle,places_01428,place,Tawook Nation,Riyadh,Riyadh
RYD_007752,riyadh_places_kaggle,places_07552,place,Tawook Nation,Riyadh,Riyadh
RYD_007753,riyadh_places_kaggle,places_05471,place,Tawouk King,Riyadh,Riyadh
RYD_007754,riyadh_places_kaggle,places_00445,place,Taza,Riyadh,Riyadh
RYD_007755,riyadh_places_kaggle,places_06030,place,Taza,Riyadh,Riyadh
RYD_007756,riyadh_places_kaggle,places_03088,place,Tazzah,Riyadh,Riyadh
RYD_007757,riyadh_places_kaggle,places_04156,place,Tea 7,Riyadh,Riyadh
RYD_007758,riyadh_places_kaggle,places_07540,place,Tea 7,Riyadh,Riyadh
RYD_007759,riyadh_places_kaggle,places_04155,place,Tea And Bread,Riyadh,Riyadh
RYD_007760,riyadh_places_kaggle,places_05272,place,Tea Land,Riyadh,Riyadh
RYD_007761,riyadh_places_kaggle,places_04549,place,Tea Road,Riyadh,Riyadh
RYD_007762,riyadh_places_kaggle,places_05884,place,Tea Road,Riyadh,Riyadh
RYD_007763,riyadh_places_kaggle,places_08515,place,Tea Road,Riyadh,Riyadh
RYD_007764,riyadh_places_kaggle,places_05175,place,Tea Time,Riyadh,Riyadh
RYD_007765,riyadh_places_kaggle,places_08132,place,Tea Tunes,Riyadh,Riyadh
RYD_007766,riyadh_places_kaggle,places_05257,place,Tea and manoushe,Riyadh,Riyadh
RYD_007767,riyadh_places_kaggle,places_06189,place,Tea dahmaqah,Riyadh,Riyadh
RYD_007768,riyadh_places_kaggle,places_04614,place,Tea tree,Riyadh,Riyadh
RYD_007769,riyadh_places_kaggle,places_02664,place,Tea چبا,Riyadh,Riyadh
RYD_007770,riyadh_places_kaggle,places_05959,place,Teaspoon,Riyadh,Riyadh
RYD_007771,riyadh_places_kaggle,places_00890,place,Tebsi,Riyadh,Riyadh
RYD_007772,riyadh_places_kaggle,places_01683,place,Tebsi,Riyadh,Riyadh
RYD_007773,riyadh_places_kaggle,places_06106,place,Teen Wa Yeqtin,Riyadh,Riyadh
RYD_007774,riyadh_places_kaggle,places_04747,place,Teenat Napoli Pizza,Riyadh,Riyadh
RYD_007775,riyadh_places_kaggle,places_05226,place,Tefachíe,Riyadh,Riyadh
RYD_007776,riyadh_places_kaggle,places_06032,place,Temper,Riyadh,Riyadh
RYD_007777,riyadh_places_kaggle,places_03511,place,Tempo Cafe,Riyadh,Riyadh
RYD_007778,riyadh_places_kaggle,places_02828,place,Tempo Pasta,Riyadh,Riyadh
RYD_007779,riyadh_places_kaggle,places_08135,place,Tenderness of&nbsp;feelingsa,Riyadh,Riyadh
RYD_007780,entertainment_kaggle,entertainment_00143,entertainment,Terhal,Diriyah,Riyadh
RYD_007781,entertainment_kaggle,entertainment_00152,entertainment,Terhal,Diriyah,Riyadh
RYD_007782,riyadh_places_kaggle,places_01835,place,Terra,Riyadh,Riyadh
RYD_007783,riyadh_places_kaggle,places_04965,place,Teta Pie,Riyadh,Riyadh
RYD_007784,riyadh_places_kaggle,places_04182,place,Tetra,Riyadh,Riyadh
RYD_007785,riyadh_places_kaggle,places_01135,place,Texas Chicken,Riyadh,Riyadh
RYD_007786,riyadh_places_kaggle,places_01802,place,Texas Chicken,Riyadh,Riyadh
RYD_007787,riyadh_places_kaggle,places_01890,place,Texas Chicken,Riyadh,Riyadh
RYD_007788,riyadh_places_kaggle,places_07535,place,Texas Chicken,Riyadh,Riyadh
RYD_007789,riyadh_places_kaggle,places_02622,place,Texas Roadhouse,Riyadh,Riyadh
RYD_007790,riyadh_places_kaggle,places_06898,place,Texas Roadhouse,Riyadh,Riyadh
RYD_007791,riyadh_places_kaggle,places_04435,place,Texas de Brazil,Riyadh,Riyadh
RYD_007792,riyadh_places_kaggle,places_00542,place,Thai Soi,Riyadh,Riyadh
RYD_007793,riyadh_places_kaggle,places_04578,place,Thawq Al Diwan,Riyadh,Riyadh
RYD_007794,riyadh_places_kaggle,places_03883,place,The 500 Calorie Project,Riyadh,Riyadh
RYD_007795,riyadh_places_kaggle,places_05547,place,The 500 Calorie Project,Riyadh,Riyadh
RYD_007796,riyadh_places_kaggle,places_07493,place,The 500 Calorie Project,Riyadh,Riyadh
RYD_007797,riyadh_places_kaggle,places_07984,place,The Area Burger,Riyadh,Riyadh
RYD_007798,riyadh_places_kaggle,places_04588,place,The Baker Burger,Riyadh,Riyadh
RYD_007799,riyadh_places_kaggle,places_00618,place,The Balloon gift,Riyadh,Riyadh
RYD_007800,riyadh_places_kaggle,places_06214,place,The Best Logimat,Riyadh,Riyadh
RYD_007801,riyadh_places_kaggle,places_02658,place,The Boiling Crab,Riyadh,Riyadh
RYD_007802,riyadh_places_kaggle,places_03552,place,The Breakfast Club,Riyadh,Riyadh
RYD_007803,riyadh_places_kaggle,places_05062,place,The Burger Joint,Riyadh,Riyadh
RYD_007804,riyadh_places_kaggle,places_03001,place,The Burger's Origin,Riyadh,Riyadh
RYD_007805,riyadh_places_kaggle,places_07194,place,The Burger's Origin,Riyadh,Riyadh
RYD_007806,riyadh_places_kaggle,places_07987,place,The Burger's Origin,Riyadh,Riyadh
RYD_007807,riyadh_places_kaggle,places_05082,place,The Butcher Shop &amp; Grill,Riyadh,Riyadh
RYD_007807,riyadh_places_kaggle,places_05085,place,The Butcher Shop and Grill for Retail,Riyadh,Riyadh
RYD_007808,riyadh_places_kaggle,places_04177,place,The California Burger,Riyadh,Riyadh
RYD_007809,riyadh_places_kaggle,places_05669,place,The California Burger,Riyadh,Riyadh
RYD_007810,riyadh_places_kaggle,places_00293,place,The Canteen Restaurant,Riyadh,Riyadh
RYD_007811,riyadh_places_kaggle,places_00463,place,The Canteen Restaurant,Riyadh,Riyadh
RYD_007812,riyadh_places_kaggle,places_08183,place,The Canteen Restaurant,Riyadh,Riyadh
RYD_007813,riyadh_places_kaggle,places_01303,place,The Cheesecake Factory,Riyadh,Riyadh
RYD_007814,riyadh_places_kaggle,places_06899,place,The Cheesecake Factory,Riyadh,Riyadh
RYD_007815,riyadh_places_kaggle,places_01052,place,The Chinese Next Door,Riyadh,Riyadh
RYD_007816,riyadh_places_kaggle,places_04002,place,The Chinese Next Door,Riyadh,Riyadh
RYD_007817,riyadh_places_kaggle,places_00608,place,The Coffe Bean &amp; Teal Leaf,Riyadh,Riyadh
RYD_007818,riyadh_places_kaggle,places_00787,place,The Coffe Bean &amp; Teal Leaf,Riyadh,Riyadh
RYD_007819,riyadh_places_kaggle,places_02580,place,The Coffe Bean &amp; Teal Leaf,Riyadh,Riyadh
RYD_007820,riyadh_places_kaggle,places_02887,place,The Deli,Riyadh,Riyadh
RYD_007821,riyadh_places_kaggle,places_06349,place,The Elite Honey,Riyadh,Riyadh
RYD_007822,entertainment_kaggle,entertainment_00419,entertainment,The Escape Hotel,Riyadh,Riyadh
RYD_007823,entertainment_kaggle,entertainment_00427,entertainment,The Escape Hotel,Riyadh,Riyadh
RYD_007824,riyadh_places_kaggle,places_02996,place,The Fitness Meals,Riyadh,Riyadh
RYD_007825,riyadh_places_kaggle,places_07180,place,The Fitness Meals,Riyadh,Riyadh
RYD_007826,riyadh_places_kaggle,places_02047,place,The Fresh Bowl - Salad,Riyadh,Riyadh
RYD_007827,riyadh_places_kaggle,places_02829,place,The Fresh Bowl - Salad,Riyadh,Riyadh
RYD_007827,riyadh_places_kaggle,places_02848,place,BWL SALAD,Riyadh,Riyadh
RYD_007827,riyadh_places_kaggle,places_02851,place,Saladat,Riyadh,Riyadh
RYD_007828,riyadh_places_kaggle,places_00765,place,The Fries Shop,Riyadh,Riyadh
RYD_007829,riyadh_places_kaggle,places_04084,place,The Golden Basboosah,Riyadh,Riyadh
RYD_007830,riyadh_places_kaggle,places_08051,place,The Golden Basboosah,Riyadh,Riyadh
RYD_007831,riyadh_places_kaggle,places_06002,place,The Golden Buff,Riyadh,Riyadh
RYD_007832,riyadh_places_kaggle,places_00795,place,The Good Bowl,Riyadh,Riyadh
RYD_007833,riyadh_places_kaggle,places_01645,place,The Good Bowl,Riyadh,Riyadh
RYD_007834,riyadh_places_kaggle,places_03680,place,The Guys,Riyadh,Riyadh
RYD_007835,riyadh_places_kaggle,places_00480,place,The H Box,Riyadh,Riyadh
RYD_007836,riyadh_places_kaggle,places_01626,place,The Hadrami Mandi House,Riyadh,Riyadh
RYD_007837,riyadh_places_kaggle,places_03664,place,The Hadrami Mandi House,Riyadh,Riyadh
RYD_007838,riyadh_places_kaggle,places_06718,place,The Healthy Dish,Riyadh,Riyadh
RYD_007839,riyadh_places_kaggle,places_02040,place,The Hotdog Joint,Riyadh,Riyadh
RYD_007840,riyadh_places_kaggle,places_02838,place,The Hotdog Joint,Riyadh,Riyadh
RYD_007841,riyadh_places_kaggle,places_02482,place,The Hub,Riyadh,Riyadh
RYD_007841,riyadh_places_kaggle,places_02483,place,ULB,Riyadh,Riyadh
RYD_007842,riyadh_places_kaggle,places_07452,place,The Hub,Riyadh,Riyadh
RYD_007843,riyadh_places_kaggle,places_01269,place,The Juicer,Riyadh,Riyadh
RYD_007844,riyadh_places_kaggle,places_02881,place,The Last Cup,Riyadh,Riyadh
RYD_007845,riyadh_places_kaggle,places_01165,place,The Lebanese bakery,Riyadh,Riyadh
RYD_007846,riyadh_places_kaggle,places_03294,place,The Lebanese bakery,Riyadh,Riyadh
RYD_007847,riyadh_places_kaggle,places_01648,place,The Levantine oven,Riyadh,Riyadh
RYD_007848,riyadh_places_kaggle,places_02091,place,The Levantine oven,Riyadh,Riyadh
RYD_007849,riyadh_places_kaggle,places_00469,place,The Lunch Box,Riyadh,Riyadh
RYD_007850,riyadh_places_kaggle,places_05162,place,The Maharaja Flavour,Riyadh,Riyadh
RYD_007851,riyadh_places_kaggle,places_05983,place,The Mill Bakery,Riyadh,Riyadh
RYD_007852,booking_kaggle,hotels_00540,hotel,The New Address Hotel,Al Majmaah,Riyadh
RYD_007853,riyadh_places_kaggle,places_01922,place,The New Hut Brosted,Riyadh,Riyadh
RYD_007853,riyadh_places_kaggle,places_01923,place,Old Hut Brousted,Riyadh,Riyadh
RYD_007854,riyadh_places_kaggle,places_03077,place,The New Hut Brosted,Riyadh,Riyadh
RYD_007855,riyadh_places_kaggle,places_02976,place,The Ocean Indian Exprees,Riyadh,Riyadh
RYD_007856,riyadh_places_kaggle,places_02977,place,The Ocean Kingdom of biryani,Riyadh,Riyadh
RYD_007857,riyadh_places_kaggle,places_01931,place,The Paella Pop Up,Riyadh,Riyadh
RYD_007858,riyadh_places_kaggle,places_00803,place,The Palestinian bakery,Riyadh,Riyadh
RYD_007859,riyadh_places_kaggle,places_01644,place,The Palestinian bakery,Riyadh,Riyadh
RYD_007860,riyadh_places_kaggle,places_00485,place,The Pasta Guyz,Riyadh,Riyadh
RYD_007860,riyadh_places_kaggle,places_00486,place,PASTA BROZ,Riyadh,Riyadh
RYD_007861,riyadh_places_kaggle,places_01502,place,The Pasta Guyz,Riyadh,Riyadh
RYD_007861,riyadh_places_kaggle,places_02635,place,PASTA BROZ,Riyadh,Riyadh
RYD_007862,riyadh_places_kaggle,places_06713,place,The Pasta Guyz,Riyadh,Riyadh
RYD_007862,riyadh_places_kaggle,places_06715,place,Pasta Broz,Riyadh,Riyadh
RYD_007863,riyadh_places_kaggle,places_04708,place,The Pizza Company,Riyadh,Riyadh
RYD_007864,riyadh_places_kaggle,places_07036,place,The Prince Golden Restaurant,Riyadh,Riyadh
RYD_007865,riyadh_places_kaggle,places_01660,place,The Red Pasta Cup,Riyadh,Riyadh
RYD_007866,riyadh_places_kaggle,places_02100,place,The Red Pasta Cup,Riyadh,Riyadh
RYD_007867,riyadh_places_kaggle,places_02137,place,The Red Pasta Cup,Riyadh,Riyadh
RYD_007868,riyadh_places_kaggle,places_04732,place,The Rice And The Noodle,Riyadh,Riyadh
RYD_007869,riyadh_places_kaggle,places_03478,place,The Roasting House,Riyadh,Riyadh
RYD_007870,riyadh_places_kaggle,places_05344,place,The Roasting House,Riyadh,Riyadh
RYD_007871,riyadh_places_kaggle,places_06450,place,The Roasting House,Riyadh,Riyadh
RYD_007872,riyadh_places_kaggle,places_07222,place,The Roasting House,Riyadh,Riyadh
RYD_007873,riyadh_places_kaggle,places_02884,place,The Sandwich Bar,Riyadh,Riyadh
RYD_007874,riyadh_places_kaggle,places_00838,place,The Sandwich Company,Riyadh,Riyadh
RYD_007875,riyadh_places_kaggle,places_04459,place,The Sandwich Company,Riyadh,Riyadh
RYD_007876,riyadh_places_kaggle,places_05348,place,The Sandwich Company,Riyadh,Riyadh
RYD_007877,riyadh_places_kaggle,places_08565,place,The Sandwich Company,Riyadh,Riyadh
RYD_007878,riyadh_places_kaggle,places_01649,place,The Saucy Noodles,Riyadh,Riyadh
RYD_007879,riyadh_places_kaggle,places_02092,place,The Saucy Noodles,Riyadh,Riyadh
RYD_007880,entertainment_kaggle,entertainment_00510,entertainment,The Secret Room,Riyadh,Riyadh
RYD_007881,entertainment_kaggle,entertainment_00516,entertainment,The Secret Room,Riyadh,Riyadh
RYD_007882,riyadh_places_kaggle,places_00501,place,The Sub Club,Riyadh,Riyadh
RYD_007883,riyadh_places_kaggle,places_01039,place,The Sub Club,Riyadh,Riyadh
RYD_007884,riyadh_places_kaggle,places_03140,place,The Sub Club,Riyadh,Riyadh
RYD_007885,riyadh_places_kaggle,places_03839,place,The Sushi House,Riyadh,Riyadh
RYD_007886,riyadh_places_kaggle,places_04206,place,The Table,Riyadh,Riyadh
RYD_007887,riyadh_places_kaggle,places_03222,place,The Tastiest Grapes Leaves,Riyadh,Riyadh
RYD_007888,riyadh_places_kaggle,places_06993,place,The Tastiest Grapes Leaves,Riyadh,Riyadh
RYD_007889,riyadh_places_kaggle,places_08584,place,The Tasty Food,Riyadh,Riyadh
RYD_007890,riyadh_places_kaggle,places_03768,place,The Truffleers,Riyadh,Riyadh
RYD_007891,riyadh_places_kaggle,places_04956,place,The Truffleers,Riyadh,Riyadh
RYD_007892,riyadh_places_kaggle,places_06812,place,The Truffleers,Riyadh,Riyadh
RYD_007893,riyadh_places_kaggle,places_04792,place,The Turkish Pottery,Riyadh,Riyadh
RYD_007894,riyadh_places_kaggle,places_03881,place,The biryani life,Riyadh,Riyadh
RYD_007895,riyadh_places_kaggle,places_05550,place,The biryani life,Riyadh,Riyadh
RYD_007896,riyadh_places_kaggle,places_07494,place,The biryani life,Riyadh,Riyadh
RYD_007897,riyadh_places_kaggle,places_04582,place,The coffeeholics plus,Riyadh,Riyadh
RYD_007898,riyadh_places_kaggle,places_02387,place,The different taste,Riyadh,Riyadh
RYD_007899,riyadh_places_kaggle,places_01719,place,The five fingers broasted,Riyadh,Riyadh
RYD_007900,riyadh_places_kaggle,places_05008,place,The h cacao,Riyadh,Riyadh
RYD_007901,riyadh_places_kaggle,places_03480,place,The only taste,Riyadh,Riyadh
RYD_007902,riyadh_places_kaggle,places_04141,place,The original Shuyoukh coffee,Riyadh,Riyadh
RYD_007903,riyadh_places_kaggle,places_00121,place,The shores of Mukalla Restaurant,Riyadh,Riyadh
RYD_007904,entertainment_kaggle,entertainment_00245,entertainment,The sky bridge of the kingdom center,Riyadh,Riyadh
RYD_007905,entertainment_kaggle,entertainment_00254,entertainment,The sky bridge of the kingdom center,Riyadh,Riyadh
RYD_007906,riyadh_places_kaggle,places_03800,place,The60Pasta,Riyadh,Riyadh
RYD_007907,riyadh_places_kaggle,places_07284,place,The60Pasta,Riyadh,Riyadh
RYD_007908,riyadh_places_kaggle,places_01912,place,TheJaJa,Riyadh,Riyadh
RYD_007909,riyadh_places_kaggle,places_03506,place,Thekra Ice Cream,Riyadh,Riyadh
RYD_007910,riyadh_places_kaggle,places_07672,place,Thekra Ice Cream,Riyadh,Riyadh
RYD_007911,riyadh_places_kaggle,places_08700,place,Thekra Ice Cream,Riyadh,Riyadh
RYD_007912,riyadh_places_kaggle,places_05114,place,Thinnies,Riyadh,Riyadh
RYD_007913,riyadh_places_kaggle,places_07082,place,Third House Cafe,Riyadh,Riyadh
RYD_007914,riyadh_places_kaggle,places_02745,place,Third Street Resturant,Riyadh,Riyadh
RYD_007915,riyadh_places_kaggle,places_01831,place,Thirty Nine Salad,Riyadh,Riyadh
RYD_007916,riyadh_places_kaggle,places_02957,place,Thirty Nine Salad,Riyadh,Riyadh
RYD_007917,riyadh_places_kaggle,places_05173,place,Thirty one cafe,Riyadh,Riyadh
RYD_007918,riyadh_places_kaggle,places_00516,place,Thoom Wnos,Riyadh,Riyadh
RYD_007919,riyadh_places_kaggle,places_08210,place,Thouq Al Hijaz,Riyadh,Riyadh
RYD_007920,riyadh_places_kaggle,places_05054,place,Thouq AlMunash,Riyadh,Riyadh
RYD_007921,riyadh_places_kaggle,places_01131,place,Thouq Wadi Tohama Al-Aseel Restaurant,Riyadh,Riyadh
RYD_007922,riyadh_places_kaggle,places_08309,place,Thouq shawaiah,Riyadh,Riyadh
RYD_007923,riyadh_places_kaggle,places_04309,place,Three mountains,Riyadh,Riyadh
RYD_007924,riyadh_places_kaggle,places_03392,place,Thursday burger,Riyadh,Riyadh
RYD_007925,riyadh_places_kaggle,places_02744,place,TiCKLE,Riyadh,Riyadh
RYD_007926,riyadh_places_kaggle,places_05861,place,Ticino,Riyadh,Riyadh
RYD_007927,riyadh_places_kaggle,places_03777,place,Tick Tick Tikka,Riyadh,Riyadh
RYD_007928,riyadh_places_kaggle,places_08185,place,Tihama Lady,Riyadh,Riyadh
RYD_007929,riyadh_places_kaggle,places_00889,place,Tikco,Riyadh,Riyadh
RYD_007930,riyadh_places_kaggle,places_01124,place,Tikk pizza,Riyadh,Riyadh
RYD_007931,riyadh_places_kaggle,places_03163,place,Tikka &amp; Kabab Ameen,Riyadh,Riyadh
RYD_007932,riyadh_places_kaggle,places_01189,place,Tikka Apple,Riyadh,Riyadh
RYD_007933,riyadh_places_kaggle,places_04950,place,Tikka Bread,Riyadh,Riyadh
RYD_007934,riyadh_places_kaggle,places_02343,place,Tikka Fire,Riyadh,Riyadh
RYD_007935,riyadh_places_kaggle,places_03446,place,Tikka King,Riyadh,Riyadh
RYD_007936,riyadh_places_kaggle,places_02470,place,Tikka Masala,Riyadh,Riyadh
RYD_007937,riyadh_places_kaggle,places_06358,place,Tikka More,Riyadh,Riyadh
RYD_007938,riyadh_places_kaggle,places_04605,place,Tikka Now,Riyadh,Riyadh
RYD_007939,riyadh_places_kaggle,places_06101,place,Tikka Now,Riyadh,Riyadh
RYD_007940,riyadh_places_kaggle,places_08249,place,Tikka Now,Riyadh,Riyadh
RYD_007941,riyadh_places_kaggle,places_05562,place,Tikka Shamiya,Riyadh,Riyadh
RYD_007942,riyadh_places_kaggle,places_06583,place,Tikka Tanoori,Riyadh,Riyadh
RYD_007943,riyadh_places_kaggle,places_06226,place,Tikka Tikka,Riyadh,Riyadh
RYD_007944,riyadh_places_kaggle,places_06038,place,Tikka Time,Riyadh,Riyadh
RYD_007945,riyadh_places_kaggle,places_04327,place,Tikka Wala,Riyadh,Riyadh
RYD_007946,riyadh_places_kaggle,places_06034,place,Tikka Wala,Riyadh,Riyadh
RYD_007947,riyadh_places_kaggle,places_04849,place,Tilal Alkhalij,Riyadh,Riyadh
RYD_007948,riyadh_places_kaggle,places_00058,place,Tim Horton,Riyadh,Riyadh
RYD_007949,riyadh_places_kaggle,places_00386,place,Tim Horton,Riyadh,Riyadh
RYD_007950,riyadh_places_kaggle,places_00413,place,Tim Horton,Riyadh,Riyadh
RYD_007951,riyadh_places_kaggle,places_00533,place,Tim Horton,Riyadh,Riyadh
RYD_007952,riyadh_places_kaggle,places_01417,place,Tim Horton,Riyadh,Riyadh
RYD_007953,riyadh_places_kaggle,places_01868,place,Tim Horton,Riyadh,Riyadh
RYD_007954,riyadh_places_kaggle,places_02133,place,Tim Horton,Riyadh,Riyadh
RYD_007955,riyadh_places_kaggle,places_02617,place,Tim Horton,Riyadh,Riyadh
RYD_007956,riyadh_places_kaggle,places_02876,place,Tim Horton,Riyadh,Riyadh
RYD_007957,riyadh_places_kaggle,places_05299,place,Tim Horton,Riyadh,Riyadh
RYD_007958,riyadh_places_kaggle,places_06413,place,Tim Horton,Riyadh,Riyadh
RYD_007959,riyadh_places_kaggle,places_06745,place,Tim Horton,Riyadh,Riyadh
RYD_007960,riyadh_places_kaggle,places_07309,place,Tim Horton,Riyadh,Riyadh
RYD_007961,entertainment_kaggle,entertainment_00511,entertainment,Tim Tech Rimal Center,Riyadh,Riyadh
RYD_007962,entertainment_kaggle,entertainment_00517,entertainment,Tim Tech Rimal Center,Riyadh,Riyadh
RYD_007963,riyadh_places_kaggle,places_08741,place,Tinh,Riyadh,Riyadh
RYD_007964,riyadh_places_kaggle,places_04298,place,Tiny Bird Cafe,Riyadh,Riyadh
RYD_007965,riyadh_places_kaggle,places_03579,place,Tiramissa,Riyadh,Riyadh
RYD_007966,riyadh_places_kaggle,places_04585,place,Tiryaq Tea,Riyadh,Riyadh
RYD_007967,riyadh_places_kaggle,places_06922,place,Tittle Of Rosese,Riyadh,Riyadh
RYD_007968,riyadh_places_kaggle,places_04354,place,Tlal Ghawar,Riyadh,Riyadh
RYD_007969,riyadh_places_kaggle,places_07749,place,Tlal Ghawar,Riyadh,Riyadh
RYD_007970,riyadh_places_kaggle,places_07866,place,Tlal Ghawar,Riyadh,Riyadh
RYD_007971,riyadh_places_kaggle,places_02192,place,Tmreya gorey,Riyadh,Riyadh
RYD_007972,riyadh_places_kaggle,places_03189,place,To Go Salad,Riyadh,Riyadh
RYD_007973,riyadh_places_kaggle,places_06506,place,To Go Salad,Riyadh,Riyadh
RYD_007974,riyadh_places_kaggle,places_08696,place,To Go Salad,Riyadh,Riyadh
RYD_007975,riyadh_places_kaggle,places_04738,place,To u Too,Riyadh,Riyadh
RYD_007976,riyadh_places_kaggle,places_04886,place,Toastable,Riyadh,Riyadh
RYD_007977,riyadh_places_kaggle,places_01994,place,Tochka,Riyadh,Riyadh
RYD_007978,riyadh_places_kaggle,places_06608,place,Today Pasta,Riyadh,Riyadh
RYD_007979,riyadh_places_kaggle,places_03607,place,Todays Special Cafe,Riyadh,Riyadh
RYD_007980,riyadh_places_kaggle,places_04399,place,Tofareya,Riyadh,Riyadh
RYD_007981,riyadh_places_kaggle,places_00072,place,Tolv,Riyadh,Riyadh
RYD_007982,riyadh_places_kaggle,places_02940,place,Tolv,Riyadh,Riyadh
RYD_007983,riyadh_places_kaggle,places_07290,place,Tolv,Riyadh,Riyadh
RYD_007984,riyadh_places_kaggle,places_00562,place,Tomahawk,Riyadh,Riyadh
RYD_007985,riyadh_places_kaggle,places_04039,place,Tomahawk,Riyadh,Riyadh
RYD_007986,riyadh_places_kaggle,places_05025,place,Tomato and basil,Riyadh,Riyadh
RYD_007987,riyadh_places_kaggle,places_07028,place,Tomato and basil,Riyadh,Riyadh
RYD_007988,riyadh_places_kaggle,places_03353,place,Tomillos Bakery,Riyadh,Riyadh
RYD_007989,riyadh_places_kaggle,places_07390,place,Tomillos Bakery,Riyadh,Riyadh
RYD_007990,riyadh_places_kaggle,places_08809,place,Tommy's pizza,Riyadh,Riyadh
RYD_007991,riyadh_places_kaggle,places_06236,place,Toot Beirut,Riyadh,Riyadh
RYD_007992,riyadh_places_kaggle,places_04860,place,Toot and Roman Restaurants,Riyadh,Riyadh
RYD_007993,riyadh_places_kaggle,places_01434,place,Top 100,Riyadh,Riyadh
RYD_007994,riyadh_places_kaggle,places_03507,place,Top 100,Riyadh,Riyadh
RYD_007995,riyadh_places_kaggle,places_05311,place,Top 100,Riyadh,Riyadh
RYD_007996,riyadh_places_kaggle,places_07502,place,Top 100,Riyadh,Riyadh
RYD_007997,riyadh_places_kaggle,places_08238,place,Top 100,Riyadh,Riyadh
RYD_007998,riyadh_places_kaggle,places_00585,place,Top Kapi,Riyadh,Riyadh
RYD_007999,riyadh_places_kaggle,places_03688,place,Top Kapi,Riyadh,Riyadh
RYD_008000,riyadh_places_kaggle,places_01077,place,Top Rose,Riyadh,Riyadh
RYD_008001,riyadh_places_kaggle,places_08046,place,Top Tasting Pizza and Pasta,Riyadh,Riyadh
RYD_008002,riyadh_places_kaggle,places_06210,place,Top one,Riyadh,Riyadh
RYD_008003,riyadh_places_kaggle,places_04889,place,Toras Al Fatera Al Dmshkya,Riyadh,Riyadh
RYD_008004,riyadh_places_kaggle,places_06587,place,Toras Al Fatera Al Dmshkya,Riyadh,Riyadh
RYD_008004,riyadh_places_kaggle,places_06589,place,Tabaq Al Fatirah Al Dimashqiya,Riyadh,Riyadh
RYD_008005,riyadh_places_kaggle,places_03098,place,Toro Burger,Riyadh,Riyadh
RYD_008006,riyadh_places_kaggle,places_05580,place,Toro Burger,Riyadh,Riyadh
RYD_008007,riyadh_places_kaggle,places_03440,place,Torta and More,Riyadh,Riyadh
RYD_008008,riyadh_places_kaggle,places_08686,place,Torta and More,Riyadh,Riyadh
RYD_008009,riyadh_places_kaggle,places_04264,place,Torta di coppa,Riyadh,Riyadh
RYD_008010,booking_kaggle,hotels_00599,hotel,Towlan Hotel Suites 1,Riyadh,Riyadh
RYD_008011,riyadh_places_kaggle,places_03024,place,Townie Milk bar,Riyadh,Riyadh
RYD_008012,riyadh_places_kaggle,places_06774,place,ToysRus,Riyadh,Riyadh
RYD_008013,riyadh_places_kaggle,places_07528,place,ToysRus,Riyadh,Riyadh
RYD_008014,riyadh_places_kaggle,places_08799,place,Tozeur,Riyadh,Riyadh
RYD_008015,riyadh_places_kaggle,places_02429,place,Traditional Taste Restaurant,Riyadh,Riyadh
RYD_008016,riyadh_places_kaggle,places_00736,place,Training Day,Riyadh,Riyadh
RYD_008017,riyadh_places_kaggle,places_03862,place,Training Day,Riyadh,Riyadh
RYD_008018,riyadh_places_kaggle,places_00659,place,Treats by independent,Riyadh,Riyadh
RYD_008019,riyadh_places_kaggle,places_04315,place,Treats by independent,Riyadh,Riyadh
RYD_008020,riyadh_places_kaggle,places_03388,place,Tree house,Riyadh,Riyadh
RYD_008021,riyadh_places_kaggle,places_03018,place,Trend Salad,Riyadh,Riyadh
RYD_008022,riyadh_places_kaggle,places_04561,place,Trendy,Riyadh,Riyadh
RYD_008023,riyadh_places_kaggle,places_01712,place,Trendy Latte,Riyadh,Riyadh
RYD_008024,riyadh_places_kaggle,places_02969,place,Tres Chiles,Riyadh,Riyadh
RYD_008025,entertainment_kaggle,entertainment_00471,entertainment,Triangle Park,Riyadh,Riyadh
RYD_008026,entertainment_kaggle,entertainment_00481,entertainment,Triangle Park,Riyadh,Riyadh
RYD_008027,riyadh_places_kaggle,places_01158,place,Triangle Sweet,Riyadh,Riyadh
RYD_008028,riyadh_places_kaggle,places_02151,place,Triangle Sweet,Riyadh,Riyadh
RYD_008029,riyadh_places_kaggle,places_07300,place,Triangle Sweet,Riyadh,Riyadh
RYD_008030,riyadh_places_kaggle,places_00712,place,Trieste,Riyadh,Riyadh
RYD_008031,riyadh_places_kaggle,places_01190,place,Trieste,Riyadh,Riyadh
RYD_008032,riyadh_places_kaggle,places_02566,place,Trieste,Riyadh,Riyadh
RYD_008033,riyadh_places_kaggle,places_06815,place,Trieste,Riyadh,Riyadh
RYD_008034,riyadh_places_kaggle,places_02956,place,Trip,Riyadh,Riyadh
RYD_008035,riyadh_places_kaggle,places_07620,place,Trip,Riyadh,Riyadh
RYD_008036,riyadh_places_kaggle,places_04158,place,True Juices,Riyadh,Riyadh
RYD_008037,riyadh_places_kaggle,places_05970,place,True Juices,Riyadh,Riyadh
RYD_008038,riyadh_places_kaggle,places_06569,place,True Juices,Riyadh,Riyadh
RYD_008039,riyadh_places_kaggle,places_04015,place,Truewich,Riyadh,Riyadh
RYD_008040,riyadh_places_kaggle,places_05079,place,Tu Yung,Riyadh,Riyadh
RYD_008041,riyadh_places_kaggle,places_03185,place,Tuf Lqimat,Riyadh,Riyadh
RYD_008042,riyadh_places_kaggle,places_05522,place,Tuf Lqimat,Riyadh,Riyadh
RYD_008043,riyadh_places_kaggle,places_06434,place,Tuf Lqimat,Riyadh,Riyadh
RYD_008044,riyadh_places_kaggle,places_07472,place,Tuf Lqimat,Riyadh,Riyadh
RYD_008045,riyadh_places_kaggle,places_08480,place,Tuf Lqimat,Riyadh,Riyadh
RYD_008046,riyadh_places_kaggle,places_06018,place,Tulip,Riyadh,Riyadh
RYD_008047,booking_kaggle,hotels_00395,hotel,Tulip Inn Riyadh,Riyadh,Riyadh
RYD_008048,riyadh_places_kaggle,places_06512,place,Turaib Village Restaurants,Riyadh,Riyadh
RYD_008049,riyadh_places_kaggle,places_03205,place,Turki For Feasts,Riyadh,Riyadh
RYD_008050,riyadh_places_kaggle,places_02364,place,Turkish taste pizza and juices,Riyadh,Riyadh
RYD_008051,riyadh_places_kaggle,places_08227,place,Turkish taste pizza and juices,Riyadh,Riyadh
RYD_008052,riyadh_places_kaggle,places_04044,place,Turnstone,Riyadh,Riyadh
RYD_008053,riyadh_places_kaggle,places_00534,place,Tutti Cafe,Riyadh,Riyadh
RYD_008054,riyadh_places_kaggle,places_02014,place,Tutti Cafe,Riyadh,Riyadh
RYD_008055,riyadh_places_kaggle,places_03122,place,Tutti Cafe,Riyadh,Riyadh
RYD_008056,riyadh_places_kaggle,places_06466,place,Tutti Cafe,Riyadh,Riyadh
RYD_008057,riyadh_places_kaggle,places_07488,place,Tutti Cafe,Riyadh,Riyadh
RYD_008058,riyadh_places_kaggle,places_08593,place,Tutti Cafe,Riyadh,Riyadh
RYD_008059,entertainment_kaggle,entertainment_00285,entertainment,Tuwaiq Garden,Riyadh,Riyadh
RYD_008060,entertainment_kaggle,entertainment_00295,entertainment,Tuwaiq Garden,Riyadh,Riyadh
RYD_008061,riyadh_places_kaggle,places_04192,place,Tuxedo Coffee,Riyadh,Riyadh
RYD_008062,riyadh_places_kaggle,places_04358,place,Twarrod,Riyadh,Riyadh
RYD_008063,riyadh_places_kaggle,places_04907,place,Twenty Grams Distilled Coffee,Riyadh,Riyadh
RYD_008064,riyadh_places_kaggle,places_00641,place,Twina,Riyadh,Riyadh
RYD_008065,riyadh_places_kaggle,places_05927,place,Twister&amp;More,Riyadh,Riyadh
RYD_008066,riyadh_places_kaggle,places_00279,place,Two Fifty,Riyadh,Riyadh
RYD_008067,riyadh_places_kaggle,places_00955,place,Two Fifty,Riyadh,Riyadh
RYD_008068,riyadh_places_kaggle,places_02673,place,Two Fifty,Riyadh,Riyadh
RYD_008069,riyadh_places_kaggle,places_05418,place,Two Fifty,Riyadh,Riyadh
RYD_008070,riyadh_places_kaggle,places_01966,place,Types of rice,Riyadh,Riyadh
RYD_008071,riyadh_places_kaggle,places_03281,place,ULB,Riyadh,Riyadh
RYD_008071,riyadh_places_kaggle,places_03284,place,The Hub,Riyadh,Riyadh
RYD_008072,riyadh_places_kaggle,places_05377,place,ULB,Riyadh,Riyadh
RYD_008073,riyadh_places_kaggle,places_06415,place,ULB,Riyadh,Riyadh
RYD_008074,riyadh_places_kaggle,places_06765,place,ULB,Riyadh,Riyadh
RYD_008075,riyadh_places_kaggle,places_07409,place,ULB,Riyadh,Riyadh
RYD_008076,riyadh_places_kaggle,places_05870,place,UNCLE DEEK,Riyadh,Riyadh
RYD_008077,riyadh_places_kaggle,places_03584,place,UNCLE KHALIL'S,Riyadh,Riyadh
RYD_008078,riyadh_places_kaggle,places_04287,place,UNCLE O'BURGER,Riyadh,Riyadh
RYD_008079,riyadh_places_kaggle,places_01540,place,UNCLE OSAKA,Riyadh,Riyadh
RYD_008080,riyadh_places_kaggle,places_08510,place,UNCLE OSAKA,Riyadh,Riyadh
RYD_008081,riyadh_places_kaggle,places_01545,place,UNIQUE,Riyadh,Riyadh
RYD_008082,riyadh_places_kaggle,places_04825,place,UNIQUE SWEETS,Riyadh,Riyadh
RYD_008083,riyadh_places_kaggle,places_03094,place,UPLOAD BURGER,Riyadh,Riyadh
RYD_008083,riyadh_places_kaggle,places_03095,place,STAMP BURGER,Riyadh,Riyadh
RYD_008084,riyadh_places_kaggle,places_03916,place,URBN SMOKE,Riyadh,Riyadh
RYD_008085,riyadh_places_kaggle,places_04622,place,USHBAZ bukhari,Riyadh,Riyadh
RYD_008086,riyadh_places_kaggle,places_01249,place,USKUDAR EXPRESS,Riyadh,Riyadh
RYD_008087,riyadh_places_kaggle,places_03000,place,UVAS,Riyadh,Riyadh
RYD_008088,riyadh_places_kaggle,places_06895,place,UVAS,Riyadh,Riyadh
RYD_008089,riyadh_places_kaggle,places_07294,place,UVAS,Riyadh,Riyadh
RYD_008090,riyadh_places_kaggle,places_03723,place,Ulica speclalty coffee,Riyadh,Riyadh
RYD_008091,riyadh_places_kaggle,places_00251,place,Ulin,Riyadh,Riyadh
RYD_008092,riyadh_places_kaggle,places_05433,place,Ulin,Riyadh,Riyadh
RYD_008093,riyadh_places_kaggle,places_06883,place,Um Nazeh,Riyadh,Riyadh
RYD_008094,riyadh_places_kaggle,places_00624,place,Umaymaty,Riyadh,Riyadh
RYD_008095,riyadh_places_kaggle,places_01542,place,Umaymaty,Riyadh,Riyadh
RYD_008096,riyadh_places_kaggle,places_03310,place,Umaymaty,Riyadh,Riyadh
RYD_008097,riyadh_places_kaggle,places_02895,place,Uncle Emad,Riyadh,Riyadh
RYD_008098,riyadh_places_kaggle,places_05709,place,Uncle Emad,Riyadh,Riyadh
RYD_008099,riyadh_places_kaggle,places_00008,place,Uncle Majid,Riyadh,Riyadh
RYD_008100,riyadh_places_kaggle,places_01170,place,Uncle Moes,Riyadh,Riyadh
RYD_008101,riyadh_places_kaggle,places_01401,place,Uncle Moes,Riyadh,Riyadh
RYD_008102,riyadh_places_kaggle,places_03148,place,Uncle Moes,Riyadh,Riyadh
RYD_008103,riyadh_places_kaggle,places_06389,place,Uncle Moes,Riyadh,Riyadh
RYD_008104,riyadh_places_kaggle,places_07147,place,Uncle Moes,Riyadh,Riyadh
RYD_008105,riyadh_places_kaggle,places_08370,place,Uncle Moes,Riyadh,Riyadh
RYD_008106,riyadh_places_kaggle,places_01040,place,Under 500,Riyadh,Riyadh
RYD_008107,riyadh_places_kaggle,places_01430,place,Under 500,Riyadh,Riyadh
RYD_008108,riyadh_places_kaggle,places_07551,place,Under 500,Riyadh,Riyadh
RYD_008109,riyadh_places_kaggle,places_05190,place,Under dose,Riyadh,Riyadh
RYD_008110,riyadh_places_kaggle,places_04546,place,Uniqueness BOUQUET,Riyadh,Riyadh
RYD_008111,riyadh_places_kaggle,places_04451,place,Unisweet,Riyadh,Riyadh
RYD_008112,entertainment_kaggle,entertainment_00436,entertainment,Universal Bowling Center,Riyadh,Riyadh
RYD_008113,entertainment_kaggle,entertainment_00444,entertainment,Universal Bowling Center,Riyadh,Riyadh
RYD_008114,entertainment_kaggle,entertainment_00420,entertainment,Uplay,Riyadh,Riyadh
RYD_008115,entertainment_kaggle,entertainment_00428,entertainment,Uplay,Riyadh,Riyadh
RYD_008116,riyadh_places_kaggle,places_04880,place,Upscale Food,Riyadh,Riyadh
RYD_008116,riyadh_places_kaggle,places_04881,place,VALLEY Food,Riyadh,Riyadh
RYD_008117,riyadh_places_kaggle,places_00556,place,Uptown Donuats,Riyadh,Riyadh
RYD_008118,riyadh_places_kaggle,places_03405,place,Ur Destination,Riyadh,Riyadh
RYD_008119,riyadh_places_kaggle,places_00637,place,Urban Kulture,Riyadh,Riyadh
RYD_008120,riyadh_places_kaggle,places_02984,place,Urban Kulture,Riyadh,Riyadh
RYD_008121,riyadh_places_kaggle,places_00671,place,Urth Caffe,Riyadh,Riyadh
RYD_008122,riyadh_places_kaggle,places_01231,place,Urth Caffe,Riyadh,Riyadh
RYD_008123,riyadh_places_kaggle,places_03920,place,Urth Caffe,Riyadh,Riyadh
RYD_008124,riyadh_places_kaggle,places_01715,place,Usta asim,Riyadh,Riyadh
RYD_008125,riyadh_places_kaggle,places_07563,place,Usta asim,Riyadh,Riyadh
RYD_008126,riyadh_places_kaggle,places_08705,place,Usta asim,Riyadh,Riyadh
RYD_008127,riyadh_places_kaggle,places_06680,place,Ustul Bukhari,Riyadh,Riyadh
RYD_008128,riyadh_places_kaggle,places_05055,place,Usturat Alsham,Riyadh,Riyadh
RYD_008129,riyadh_places_kaggle,places_04067,place,Uzbek,Riyadh,Riyadh
RYD_008130,riyadh_places_kaggle,places_05787,place,Uzbek,Riyadh,Riyadh
RYD_008131,riyadh_places_kaggle,places_00590,place,V Restaurant,Riyadh,Riyadh
RYD_008132,riyadh_places_kaggle,places_04217,place,V burger,Riyadh,Riyadh
RYD_008133,riyadh_places_kaggle,places_04941,place,V60 COFFEE BAR,Riyadh,Riyadh
RYD_008134,riyadh_places_kaggle,places_01536,place,VELOCE,Riyadh,Riyadh
RYD_008135,riyadh_places_kaggle,places_01187,place,VERSAI SALAD,Riyadh,Riyadh
RYD_008136,riyadh_places_kaggle,places_06735,place,VERVE Cafe,Riyadh,Riyadh
RYD_008137,riyadh_places_kaggle,places_04724,place,VIALE,Riyadh,Riyadh
RYD_008138,riyadh_places_kaggle,places_04104,place,VIAN,Riyadh,Riyadh
RYD_008139,riyadh_places_kaggle,places_05360,place,VIAN,Riyadh,Riyadh
RYD_008140,riyadh_places_kaggle,places_07395,place,VIAN,Riyadh,Riyadh
RYD_008141,riyadh_places_kaggle,places_08316,place,VIAN,Riyadh,Riyadh
RYD_008142,riyadh_places_kaggle,places_08218,place,VIM Espresso Bar,Riyadh,Riyadh
RYD_008143,riyadh_places_kaggle,places_00239,place,VONA SWEET,Riyadh,Riyadh
RYD_008143,riyadh_places_kaggle,places_00248,place,Zamani sweets,Riyadh,Riyadh
RYD_008144,riyadh_places_kaggle,places_03528,place,VONA SWEET,Riyadh,Riyadh
RYD_008145,riyadh_places_kaggle,places_07357,place,VONA SWEET,Riyadh,Riyadh
RYD_008145,riyadh_places_kaggle,places_07360,place,Zamani sweets,Riyadh,Riyadh
RYD_008146,riyadh_places_kaggle,places_08781,place,VONA SWEET,Riyadh,Riyadh
RYD_008147,riyadh_places_kaggle,places_02947,place,VOX Cinemas,Riyadh,Riyadh
RYD_008148,riyadh_places_kaggle,places_05317,place,VOX Cinemas,Riyadh,Riyadh
RYD_008149,riyadh_places_kaggle,places_06757,place,VOX Cinemas,Riyadh,Riyadh
RYD_008150,riyadh_places_kaggle,places_07422,place,VOX Cinemas,Riyadh,Riyadh
RYD_008151,riyadh_places_kaggle,places_08207,place,VOX Cinemas,Riyadh,Riyadh
RYD_008152,entertainment_kaggle,entertainment_00036,entertainment,VOX Cinemas,Riyadh,Riyadh
RYD_008153,entertainment_kaggle,entertainment_00045,entertainment,VOX Cinemas,Riyadh,Riyadh
RYD_008154,entertainment_kaggle,entertainment_00006,entertainment,VOX Cinemas - Kingdom Centre,Riyadh,Riyadh
RYD_008155,riyadh_places_kaggle,places_02945,place,VOX EATS Burgers,Riyadh,Riyadh
RYD_008156,riyadh_places_kaggle,places_05294,place,VOX EATS Burgers,Riyadh,Riyadh
RYD_008157,riyadh_places_kaggle,places_07415,place,VOX EATS Burgers,Riyadh,Riyadh
RYD_008158,riyadh_places_kaggle,places_08211,place,VOX EATS Burgers,Riyadh,Riyadh
RYD_008159,entertainment_kaggle,entertainment_00068,entertainment,VOX cinema,Riyadh,Riyadh
RYD_008160,entertainment_kaggle,entertainment_00078,entertainment,VOX cinema,Riyadh,Riyadh
RYD_008161,riyadh_places_kaggle,places_05169,place,Vale do Paraiba Coffee Roasters,Riyadh,Riyadh
RYD_008162,entertainment_kaggle,entertainment_00223,entertainment,Valley of Life,Riyadh,Riyadh
RYD_008163,entertainment_kaggle,entertainment_00252,entertainment,Valley of Life,Riyadh,Riyadh
RYD_008164,riyadh_places_kaggle,places_03375,place,Value cafe,Riyadh,Riyadh
RYD_008165,riyadh_places_kaggle,places_03202,place,Vampa Pizza,Riyadh,Riyadh
RYD_008166,riyadh_places_kaggle,places_05575,place,Vampa Pizza,Riyadh,Riyadh
RYD_008167,riyadh_places_kaggle,places_08730,place,Vampa Pizza,Riyadh,Riyadh
RYD_008168,riyadh_places_kaggle,places_04623,place,Vaniliano,Riyadh,Riyadh
RYD_008169,riyadh_places_kaggle,places_08138,place,Vaniliano,Riyadh,Riyadh
RYD_008170,riyadh_places_kaggle,places_01741,place,Vanilla Container,Riyadh,Riyadh
RYD_008171,riyadh_places_kaggle,places_02257,place,Vchurro Confite,Riyadh,Riyadh
RYD_008172,riyadh_places_kaggle,places_00205,place,Veloce,Riyadh,Riyadh
RYD_008173,riyadh_places_kaggle,places_00985,place,Veloce,Riyadh,Riyadh
RYD_008174,riyadh_places_kaggle,places_02223,place,Veloce,Riyadh,Riyadh
RYD_008175,riyadh_places_kaggle,places_03398,place,Veloce,Riyadh,Riyadh
RYD_008176,riyadh_places_kaggle,places_03812,place,Veloce,Riyadh,Riyadh
RYD_008177,riyadh_places_kaggle,places_04599,place,Veloce,Riyadh,Riyadh
RYD_008178,riyadh_places_kaggle,places_06352,place,Veloce,Riyadh,Riyadh
RYD_008179,riyadh_places_kaggle,places_06475,place,Veloce,Riyadh,Riyadh
RYD_008180,riyadh_places_kaggle,places_06980,place,Veloce,Riyadh,Riyadh
RYD_008181,riyadh_places_kaggle,places_08146,place,Veloce,Riyadh,Riyadh
RYD_008182,riyadh_places_kaggle,places_04798,place,Vendor Coffee,Riyadh,Riyadh
RYD_008183,riyadh_places_kaggle,places_03486,place,Vero,Riyadh,Riyadh
RYD_008184,riyadh_places_kaggle,places_03601,place,Vida Art Cafe,Riyadh,Riyadh
RYD_008185,riyadh_places_kaggle,places_00753,place,Vidro,Riyadh,Riyadh
RYD_008186,riyadh_places_kaggle,places_04131,place,Vilaasita,Riyadh,Riyadh
RYD_008187,riyadh_places_kaggle,places_04682,place,Villa Wrd Gift Shop,Riyadh,Riyadh
RYD_008188,riyadh_places_kaggle,places_04191,place,Village Flowers,Riyadh,Riyadh
RYD_008189,riyadh_places_kaggle,places_01537,place,Village Luqaimat,Riyadh,Riyadh
RYD_008190,riyadh_places_kaggle,places_07169,place,Village Luqaimat,Riyadh,Riyadh
RYD_008191,riyadh_places_kaggle,places_08555,place,Village Luqaimat,Riyadh,Riyadh
RYD_008192,booking_kaggle,hotels_00248,hotel,Villas And Chalets Jadeite,Hotat Bani Tamim,Riyadh
RYD_008193,riyadh_places_kaggle,places_05137,place,Vimto juices,Riyadh,Riyadh
RYD_008193,riyadh_places_kaggle,places_05146,place,Pomegranate juices,Riyadh,Riyadh
RYD_008194,riyadh_places_kaggle,places_05398,place,Viola Flowers,Riyadh,Riyadh
RYD_008195,riyadh_places_kaggle,places_05909,place,Viola Time,Riyadh,Riyadh
RYD_008196,riyadh_places_kaggle,places_04301,place,Violet World for Gifts and Flowers,Riyadh,Riyadh
RYD_008197,riyadh_places_kaggle,places_05249,place,Violet oven,Riyadh,Riyadh
RYD_008198,riyadh_places_kaggle,places_02479,place,Virginia Night Cofe,Riyadh,Riyadh
RYD_008199,riyadh_places_kaggle,places_04586,place,Virginia Night Cofe,Riyadh,Riyadh
RYD_008200,riyadh_places_kaggle,places_04345,place,Vision Albukhary,Riyadh,Riyadh
RYD_008201,riyadh_places_kaggle,places_00786,place,Vivenea,Riyadh,Riyadh
RYD_008202,riyadh_places_kaggle,places_06152,place,Voile Mizaj aleumda,Riyadh,Riyadh
RYD_008203,riyadh_places_kaggle,places_05926,place,Volcano,Riyadh,Riyadh
RYD_008204,riyadh_places_kaggle,places_03519,place,Volume Coffee,Riyadh,Riyadh
RYD_008205,riyadh_places_kaggle,places_05937,place,Volume Coffee,Riyadh,Riyadh
RYD_008206,riyadh_places_kaggle,places_00887,place,Voom,Riyadh,Riyadh
RYD_008207,riyadh_places_kaggle,places_03518,place,Voom,Riyadh,Riyadh
RYD_008208,entertainment_kaggle,entertainment_00011,entertainment,Vox Cinema - Riyadh Front,Riyadh,Riyadh
RYD_008209,entertainment_kaggle,entertainment_00020,entertainment,Vox Cinema - Riyadh Front,Riyadh,Riyadh
RYD_008210,entertainment_kaggle,entertainment_00033,entertainment,Vox Cinema - Riyadh Park Mall,Riyadh,Riyadh
RYD_008211,entertainment_kaggle,entertainment_00042,entertainment,Vox Cinema - Riyadh Park Mall,Riyadh,Riyadh
RYD_008212,riyadh_places_kaggle,places_03974,place,WAKAME SUSHI,Riyadh,Riyadh
RYD_008213,riyadh_places_kaggle,places_02103,place,WELLNESS KITCHEN,Riyadh,Riyadh
RYD_008214,riyadh_places_kaggle,places_00328,place,WING IT,Riyadh,Riyadh
RYD_008215,riyadh_places_kaggle,places_00828,place,WOK,Riyadh,Riyadh
RYD_008216,riyadh_places_kaggle,places_01383,place,WOK,Riyadh,Riyadh
RYD_008217,riyadh_places_kaggle,places_03242,place,WOK,Riyadh,Riyadh
RYD_008218,riyadh_places_kaggle,places_08359,place,WOK,Riyadh,Riyadh
RYD_008219,riyadh_places_kaggle,places_01057,place,WOK OUT,Riyadh,Riyadh
RYD_008220,riyadh_places_kaggle,places_03995,place,WOK OUT,Riyadh,Riyadh
RYD_008221,riyadh_places_kaggle,places_08818,place,WOLF,Riyadh,Riyadh
RYD_008222,riyadh_places_kaggle,places_01411,place,WOODRIBS,Riyadh,Riyadh
RYD_008223,riyadh_places_kaggle,places_00107,place,WORLD HUNTER,Riyadh,Riyadh
RYD_008224,entertainment_kaggle,entertainment_00494,entertainment,WORLD SIGHTS PARK,Riyadh,Riyadh
RYD_008225,entertainment_kaggle,entertainment_00504,entertainment,WORLD SIGHTS PARK,Riyadh,Riyadh
RYD_008226,riyadh_places_kaggle,places_03032,place,WORMITO,Riyadh,Riyadh
RYD_008227,riyadh_places_kaggle,places_03644,place,WSB,Riyadh,Riyadh
RYD_008228,riyadh_places_kaggle,places_00432,place,Waan ovens,Riyadh,Riyadh
RYD_008229,riyadh_places_kaggle,places_04842,place,Waan ovens,Riyadh,Riyadh
RYD_008230,riyadh_places_kaggle,places_05885,place,Wacafe,Riyadh,Riyadh
RYD_008231,riyadh_places_kaggle,places_04610,place,Wadha Sweet Trading,Riyadh,Riyadh
RYD_008232,entertainment_kaggle,entertainment_00323,entertainment,Wadi Namar Waterfall,Riyadh,Riyadh
RYD_008233,entertainment_kaggle,entertainment_00333,entertainment,Wadi Namar Waterfall,Riyadh,Riyadh
RYD_008234,entertainment_kaggle,entertainment_00403,entertainment,Wadi Park,Riyadh,Riyadh
RYD_008235,entertainment_kaggle,entertainment_00413,entertainment,Wadi Park,Riyadh,Riyadh
RYD_008236,riyadh_places_kaggle,places_04818,place,Waffle Heat,Riyadh,Riyadh
RYD_008237,riyadh_places_kaggle,places_03313,place,Waffle Shop,Riyadh,Riyadh
RYD_008238,riyadh_places_kaggle,places_06545,place,Waffle Shop,Riyadh,Riyadh
RYD_008239,riyadh_places_kaggle,places_00642,place,Wafi Gourmet,Riyadh,Riyadh
RYD_008240,riyadh_places_kaggle,places_00883,place,Wafrat Alsafwah,Riyadh,Riyadh
RYD_008241,riyadh_places_kaggle,places_03594,place,Wafrat Alsafwah,Riyadh,Riyadh
RYD_008242,riyadh_places_kaggle,places_07301,place,Wafrat Alsafwah,Riyadh,Riyadh
RYD_008243,riyadh_places_kaggle,places_00717,place,Wagamama,Riyadh,Riyadh
RYD_008244,riyadh_places_kaggle,places_05253,place,Wagt Alhamam,Riyadh,Riyadh
RYD_008245,riyadh_places_kaggle,places_03406,place,Wagyu,Riyadh,Riyadh
RYD_008246,riyadh_places_kaggle,places_06813,place,Wagyu,Riyadh,Riyadh
RYD_008247,riyadh_places_kaggle,places_07438,place,Wagyu,Riyadh,Riyadh
RYD_008248,riyadh_places_kaggle,places_08612,place,Wagyu,Riyadh,Riyadh
RYD_008249,riyadh_places_kaggle,places_04713,place,Waha damashak restaurants,Riyadh,Riyadh
RYD_008250,riyadh_places_kaggle,places_00056,place,Wahat Al Aseer,Riyadh,Riyadh
RYD_008251,booking_kaggle,hotels_00930,hotel,Wahat Al-Nfil (Al-Yarmouk),Riyadh,Riyadh
RYD_008252,riyadh_places_kaggle,places_06664,place,Wahat Almandii,Riyadh,Riyadh
RYD_008253,riyadh_places_kaggle,places_00114,place,Wahed Fool,Riyadh,Riyadh
RYD_008254,riyadh_places_kaggle,places_00609,place,Wahed Fool,Riyadh,Riyadh
RYD_008255,riyadh_places_kaggle,places_06727,place,Wahet Al Sayad,Riyadh,Riyadh
RYD_008256,riyadh_places_kaggle,places_02913,place,Wahid Fol,Riyadh,Riyadh
RYD_008257,riyadh_places_kaggle,places_07402,place,Wahid Fol,Riyadh,Riyadh
RYD_008258,riyadh_places_kaggle,places_08087,place,Wahid Fol,Riyadh,Riyadh
RYD_008259,riyadh_places_kaggle,places_01998,place,Wahid fol,Riyadh,Riyadh
RYD_008260,riyadh_places_kaggle,places_00892,place,Wahmy,Riyadh,Riyadh
RYD_008261,riyadh_places_kaggle,places_04415,place,Waiter,Riyadh,Riyadh
RYD_008262,riyadh_places_kaggle,places_06998,place,Waiter,Riyadh,Riyadh
RYD_008263,riyadh_places_kaggle,places_02616,place,Wala atib,Riyadh,Riyadh
RYD_008264,riyadh_places_kaggle,places_06179,place,Walad El Deera,Riyadh,Riyadh
RYD_008265,riyadh_places_kaggle,places_08047,place,Walat Nar Restaurant,Riyadh,Riyadh
RYD_008266,riyadh_places_kaggle,places_01906,place,Walayim Alsultan,Riyadh,Riyadh
RYD_008267,riyadh_places_kaggle,places_03547,place,Waleema Chocolate,Riyadh,Riyadh
RYD_008268,riyadh_places_kaggle,places_07429,place,Waleema Chocolate,Riyadh,Riyadh
RYD_008269,riyadh_places_kaggle,places_08376,place,Waleema Chocolate,Riyadh,Riyadh
RYD_008270,riyadh_places_kaggle,places_08567,place,Walid Grills,Riyadh,Riyadh
RYD_008271,riyadh_places_kaggle,places_05963,place,Wall pepper,Riyadh,Riyadh
RYD_008272,riyadh_places_kaggle,places_02477,place,Walnut Wood Coffee,Riyadh,Riyadh
RYD_008273,riyadh_places_kaggle,places_07601,place,Waqt Al Madghot,Riyadh,Riyadh
RYD_008274,riyadh_places_kaggle,places_05960,place,Waqt Kunafa,Riyadh,Riyadh
RYD_008275,riyadh_places_kaggle,places_05143,place,Warag anab Mashael,Riyadh,Riyadh
RYD_008276,riyadh_places_kaggle,places_03470,place,Waraq 3nnab,Riyadh,Riyadh
RYD_008277,riyadh_places_kaggle,places_05681,place,Waraq 3nnab,Riyadh,Riyadh
RYD_008278,riyadh_places_kaggle,places_05935,place,Waraq Al Ghar,Riyadh,Riyadh
RYD_008279,riyadh_places_kaggle,places_02994,place,Waraq Latha Lammah einab,Riyadh,Riyadh
RYD_008280,riyadh_places_kaggle,places_07894,place,Waraq Latha Lammah einab,Riyadh,Riyadh
RYD_008281,riyadh_places_kaggle,places_01819,place,Waraq altuwt,Riyadh,Riyadh
RYD_008282,riyadh_places_kaggle,places_05399,place,Waraq altuwt,Riyadh,Riyadh
RYD_008283,riyadh_places_kaggle,places_08302,place,Waraq altuwt,Riyadh,Riyadh
RYD_008284,riyadh_places_kaggle,places_00578,place,Ward,Riyadh,Riyadh
RYD_008285,riyadh_places_kaggle,places_06204,place,Ward Al Rayyan Flower,Riyadh,Riyadh
RYD_008286,riyadh_places_kaggle,places_03105,place,Ward Alathiyah,Riyadh,Riyadh
RYD_008287,riyadh_places_kaggle,places_06341,place,Ward Jehan,Riyadh,Riyadh
RYD_008288,riyadh_places_kaggle,places_04779,place,Wardat Al Othmaniyah Restaurant,Riyadh,Riyadh
RYD_008289,riyadh_places_kaggle,places_04765,place,Wardat Al Rabie,Riyadh,Riyadh
RYD_008290,riyadh_places_kaggle,places_07736,place,Wardat Alwaha Restaurant,Riyadh,Riyadh
RYD_008291,riyadh_places_kaggle,places_08159,place,Wardat alamjad,Riyadh,Riyadh
RYD_008292,riyadh_places_kaggle,places_05913,place,Warmasha,Riyadh,Riyadh
RYD_008293,riyadh_places_kaggle,places_08010,place,Warud Alwan,Riyadh,Riyadh
RYD_008294,riyadh_places_kaggle,places_03973,place,Wasem,Riyadh,Riyadh
RYD_008295,riyadh_places_kaggle,places_00059,place,Wasfa Pharmacy,Riyadh,Riyadh
RYD_008296,riyadh_places_kaggle,places_00104,place,Wasfa Pharmacy,Riyadh,Riyadh
RYD_008297,riyadh_places_kaggle,places_00519,place,Wasfa Pharmacy,Riyadh,Riyadh
RYD_008298,riyadh_places_kaggle,places_05110,place,Wasfa Pharmacy,Riyadh,Riyadh
RYD_008299,riyadh_places_kaggle,places_06554,place,Wasfa Pharmacy,Riyadh,Riyadh
RYD_008300,riyadh_places_kaggle,places_03621,place,Wassl Al Ward,Riyadh,Riyadh
RYD_008301,riyadh_places_kaggle,places_06741,place,Watani Resturant,Riyadh,Riyadh
RYD_008302,riyadh_places_kaggle,places_08000,place,Watten juices,Riyadh,Riyadh
RYD_008303,riyadh_places_kaggle,places_00644,place,Waynes Coffee,Riyadh,Riyadh
RYD_008304,riyadh_places_kaggle,places_00877,place,Wazwan taste of kashmir,Riyadh,Riyadh
RYD_008305,riyadh_places_kaggle,places_04075,place,Wazzup Dog,Riyadh,Riyadh
RYD_008306,riyadh_places_kaggle,places_05818,place,Wazzup Dog,Riyadh,Riyadh
RYD_008307,riyadh_places_kaggle,places_04899,place,Wee,Riyadh,Riyadh
RYD_008308,riyadh_places_kaggle,places_03091,place,Weirdough,Riyadh,Riyadh
RYD_008309,riyadh_places_kaggle,places_04778,place,Wendys,Riyadh,Riyadh
RYD_008310,riyadh_places_kaggle,places_06131,place,Wendys,Riyadh,Riyadh
RYD_008311,riyadh_places_kaggle,places_01768,place,What A Burger,Riyadh,Riyadh
RYD_008312,riyadh_places_kaggle,places_00814,place,What The Crepe,Riyadh,Riyadh
RYD_008313,riyadh_places_kaggle,places_01657,place,What The Crepe,Riyadh,Riyadh
RYD_008314,riyadh_places_kaggle,places_02164,place,What The Crepe,Riyadh,Riyadh
RYD_008315,riyadh_places_kaggle,places_00682,place,Whata Slider,Riyadh,Riyadh
RYD_008316,riyadh_places_kaggle,places_01279,place,Whata Slider,Riyadh,Riyadh
RYD_008317,riyadh_places_kaggle,places_02636,place,Whata Slider,Riyadh,Riyadh
RYD_008318,riyadh_places_kaggle,places_05267,place,Which Wich,Riyadh,Riyadh
RYD_008319,riyadh_places_kaggle,places_04954,place,White Chicken,Riyadh,Riyadh
RYD_008320,riyadh_places_kaggle,places_06301,place,White Chicken,Riyadh,Riyadh
RYD_008321,riyadh_places_kaggle,places_02813,place,White Mustache,Riyadh,Riyadh
RYD_008322,riyadh_places_kaggle,places_05378,place,White Mustache,Riyadh,Riyadh
RYD_008323,riyadh_places_kaggle,places_07266,place,White Mustache,Riyadh,Riyadh
RYD_008324,riyadh_places_kaggle,places_00301,place,Whites,Riyadh,Riyadh
RYD_008325,riyadh_places_kaggle,places_00509,place,Whites,Riyadh,Riyadh
RYD_008326,riyadh_places_kaggle,places_00988,place,Whites,Riyadh,Riyadh
RYD_008327,riyadh_places_kaggle,places_01263,place,Whites,Riyadh,Riyadh
RYD_008328,riyadh_places_kaggle,places_01875,place,Whites,Riyadh,Riyadh
RYD_008329,riyadh_places_kaggle,places_02244,place,Whites,Riyadh,Riyadh
RYD_008330,riyadh_places_kaggle,places_02491,place,Whites,Riyadh,Riyadh
RYD_008331,riyadh_places_kaggle,places_02526,place,Whites,Riyadh,Riyadh
RYD_008332,riyadh_places_kaggle,places_02880,place,Whites,Riyadh,Riyadh
RYD_008333,riyadh_places_kaggle,places_05305,place,Whites,Riyadh,Riyadh
RYD_008334,riyadh_places_kaggle,places_06386,place,Whites,Riyadh,Riyadh
RYD_008335,riyadh_places_kaggle,places_06746,place,Whites,Riyadh,Riyadh
RYD_008336,riyadh_places_kaggle,places_07109,place,Whites,Riyadh,Riyadh
RYD_008337,riyadh_places_kaggle,places_08418,place,Whites,Riyadh,Riyadh
RYD_008338,riyadh_places_kaggle,places_08690,place,Whites,Riyadh,Riyadh
RYD_008339,riyadh_places_kaggle,places_06067,place,Wicht,Riyadh,Riyadh
RYD_008340,riyadh_places_kaggle,places_06805,place,Wicht,Riyadh,Riyadh
RYD_008341,riyadh_places_kaggle,places_05869,place,Widyan Al Shami,Riyadh,Riyadh
RYD_008342,riyadh_places_kaggle,places_05925,place,Wifi Pizza,Riyadh,Riyadh
RYD_008343,entertainment_kaggle,entertainment_00184,entertainment,Wild Baboons,Riyadh,Riyadh
RYD_008344,entertainment_kaggle,entertainment_00194,entertainment,Wild Baboons,Riyadh,Riyadh
RYD_008345,riyadh_places_kaggle,places_00739,place,Wild purple acai,Riyadh,Riyadh
RYD_008345,riyadh_places_kaggle,places_00741,place,Let's Acai,Riyadh,Riyadh
RYD_008346,riyadh_places_kaggle,places_03864,place,Wild purple acai,Riyadh,Riyadh
RYD_008346,riyadh_places_kaggle,places_03866,place,Let's Acai,Riyadh,Riyadh
RYD_008347,riyadh_places_kaggle,places_04509,place,Willa Rose,Riyadh,Riyadh
RYD_008348,riyadh_places_kaggle,places_04604,place,Wing King,Riyadh,Riyadh
RYD_008349,riyadh_places_kaggle,places_01168,place,Wings &amp; Things,Riyadh,Riyadh
RYD_008350,riyadh_places_kaggle,places_01753,place,Wings &amp; Things,Riyadh,Riyadh
RYD_008351,riyadh_places_kaggle,places_07142,place,Wings &amp; Things,Riyadh,Riyadh
RYD_008352,riyadh_places_kaggle,places_08595,place,Wings &amp; Things,Riyadh,Riyadh
RYD_008353,riyadh_places_kaggle,places_00780,place,Winner Winner Chicken Dinner,Riyadh,Riyadh
RYD_008354,riyadh_places_kaggle,places_00996,place,Winner Winner Chicken Dinner,Riyadh,Riyadh
RYD_008355,riyadh_places_kaggle,places_04728,place,Wisdom,Riyadh,Riyadh
RYD_008356,riyadh_places_kaggle,places_01579,place,Wister,Riyadh,Riyadh
RYD_008357,riyadh_places_kaggle,places_02237,place,Wister,Riyadh,Riyadh
RYD_008358,riyadh_places_kaggle,places_02814,place,Wister,Riyadh,Riyadh
RYD_008359,riyadh_places_kaggle,places_07575,place,Wister,Riyadh,Riyadh
RYD_008360,riyadh_places_kaggle,places_03368,place,With Love,Riyadh,Riyadh
RYD_008361,riyadh_places_kaggle,places_00213,place,Wok Kong,Riyadh,Riyadh
RYD_008362,riyadh_places_kaggle,places_01043,place,Wok Kong,Riyadh,Riyadh
RYD_008363,riyadh_places_kaggle,places_02605,place,Wok Kong,Riyadh,Riyadh
RYD_008364,riyadh_places_kaggle,places_03180,place,Wok Kong,Riyadh,Riyadh
RYD_008365,riyadh_places_kaggle,places_07559,place,Wok Kong,Riyadh,Riyadh
RYD_008366,riyadh_places_kaggle,places_08416,place,Wok Kong,Riyadh,Riyadh
RYD_008367,riyadh_places_kaggle,places_00200,place,Wok Nation,Riyadh,Riyadh
RYD_008367,riyadh_places_kaggle,places_00204,place,Mission Wok,Riyadh,Riyadh
RYD_008368,riyadh_places_kaggle,places_00483,place,Wok Nation,Riyadh,Riyadh
RYD_008368,riyadh_places_kaggle,places_00489,place,Mission Wok,Riyadh,Riyadh
RYD_008369,riyadh_places_kaggle,places_00680,place,Wok Nation,Riyadh,Riyadh
RYD_008369,riyadh_places_kaggle,places_00681,place,Mission Wok,Riyadh,Riyadh
RYD_008370,riyadh_places_kaggle,places_01267,place,Wok Nation,Riyadh,Riyadh
RYD_008370,riyadh_places_kaggle,places_01268,place,Mission Wok,Riyadh,Riyadh
RYD_008371,riyadh_places_kaggle,places_01884,place,Wok Nation,Riyadh,Riyadh
RYD_008372,riyadh_places_kaggle,places_02855,place,Wok Nation,Riyadh,Riyadh
RYD_008373,riyadh_places_kaggle,places_06420,place,Wok Nation,Riyadh,Riyadh
RYD_008374,riyadh_places_kaggle,places_06756,place,Wok Nation,Riyadh,Riyadh
RYD_008375,riyadh_places_kaggle,places_07404,place,Wok Nation,Riyadh,Riyadh
RYD_008376,riyadh_places_kaggle,places_08385,place,Wok Nation,Riyadh,Riyadh
RYD_008377,riyadh_places_kaggle,places_03317,place,Wokk,Riyadh,Riyadh
RYD_008378,riyadh_places_kaggle,places_01603,place,Wooden Bakery,Riyadh,Riyadh
RYD_008379,riyadh_places_kaggle,places_06877,place,Wooden Bakery,Riyadh,Riyadh
RYD_008380,riyadh_places_kaggle,places_08405,place,Wooden Bakery,Riyadh,Riyadh
RYD_008381,riyadh_places_kaggle,places_00769,place,Woop,Riyadh,Riyadh
RYD_008382,riyadh_places_kaggle,places_01159,place,Woop,Riyadh,Riyadh
RYD_008383,riyadh_places_kaggle,places_01672,place,Woop,Riyadh,Riyadh
RYD_008384,riyadh_places_kaggle,places_03223,place,Woop,Riyadh,Riyadh
RYD_008385,entertainment_kaggle,entertainment_00384,entertainment,Woosh,Riyadh,Riyadh
RYD_008386,entertainment_kaggle,entertainment_00392,entertainment,Woosh,Riyadh,Riyadh
RYD_008387,riyadh_places_kaggle,places_06318,place,World Roses,Riyadh,Riyadh
RYD_008388,riyadh_places_kaggle,places_04470,place,Worood Farida,Riyadh,Riyadh
RYD_008389,riyadh_places_kaggle,places_02430,place,Worood aishifa grills,Riyadh,Riyadh
RYD_008390,riyadh_places_kaggle,places_06820,place,Wow Asia Noodles,Riyadh,Riyadh
RYD_008391,riyadh_places_kaggle,places_05141,place,Wow pizza,Riyadh,Riyadh
RYD_008392,riyadh_places_kaggle,places_00794,place,Wrapped,Riyadh,Riyadh
RYD_008393,riyadh_places_kaggle,places_01674,place,Wrapped,Riyadh,Riyadh
RYD_008394,riyadh_places_kaggle,places_05212,place,X Shawarma,Riyadh,Riyadh
RYD_008395,riyadh_places_kaggle,places_06033,place,X Shawarma,Riyadh,Riyadh
RYD_008396,riyadh_places_kaggle,places_01573,place,XY Noodles,Riyadh,Riyadh
RYD_008397,riyadh_places_kaggle,places_04125,place,Xocoatl,Riyadh,Riyadh
RYD_008398,riyadh_places_kaggle,places_05371,place,Xocoatl,Riyadh,Riyadh
RYD_008399,riyadh_places_kaggle,places_08740,place,Xocoatl,Riyadh,Riyadh
RYD_008400,riyadh_places_kaggle,places_05052,place,Y-it,Riyadh,Riyadh
RYD_008401,riyadh_places_kaggle,places_06376,place,YAM AL YAM,Riyadh,Riyadh
RYD_008402,riyadh_places_kaggle,places_03553,place,YART,Riyadh,Riyadh
RYD_008403,riyadh_places_kaggle,places_02894,place,YES IT'S BURGER,Riyadh,Riyadh
RYD_008404,riyadh_places_kaggle,places_00662,place,YOGi,Riyadh,Riyadh
RYD_008405,riyadh_places_kaggle,places_01791,place,YOGi,Riyadh,Riyadh
RYD_008406,riyadh_places_kaggle,places_03821,place,YOGi,Riyadh,Riyadh
RYD_008407,riyadh_places_kaggle,places_08411,place,YRMIN,Riyadh,Riyadh
RYD_008408,riyadh_places_kaggle,places_01846,place,YUM-A-SAMA SUSHI,Riyadh,Riyadh
RYD_008409,riyadh_places_kaggle,places_02182,place,YUM-A-SAMA SUSHI,Riyadh,Riyadh
RYD_008409,riyadh_places_kaggle,places_02185,place,Masami Sushi,Riyadh,Riyadh
RYD_008410,riyadh_places_kaggle,places_02609,place,YUM-A-SAMA SUSHI,Riyadh,Riyadh
RYD_008411,riyadh_places_kaggle,places_03008,place,YUM-A-SAMA SUSHI,Riyadh,Riyadh
RYD_008412,riyadh_places_kaggle,places_07238,place,YUM-A-SAMA SUSHI,Riyadh,Riyadh
RYD_008413,riyadh_places_kaggle,places_07877,place,Yafa waraq eanab,Riyadh,Riyadh
RYD_008414,riyadh_places_kaggle,places_06872,place,Yaletown Cafe,Riyadh,Riyadh
RYD_008415,riyadh_places_kaggle,places_03928,place,Yalla Baloot,Riyadh,Riyadh
RYD_008416,riyadh_places_kaggle,places_00508,place,Yalla biryani,Riyadh,Riyadh
RYD_008417,riyadh_places_kaggle,places_01563,place,Yalla biryani,Riyadh,Riyadh
RYD_008418,riyadh_places_kaggle,places_03382,place,Yalla biryani,Riyadh,Riyadh
RYD_008419,riyadh_places_kaggle,places_01735,place,Yalla nakol,Riyadh,Riyadh
RYD_008420,riyadh_places_kaggle,places_03193,place,Yallah Nosh,Riyadh,Riyadh
RYD_008421,riyadh_places_kaggle,places_06375,place,Yalzem Albukhari Restaurants,Riyadh,Riyadh
RYD_008422,riyadh_places_kaggle,places_08536,place,Yalzem Albukhari Restaurants,Riyadh,Riyadh
RYD_008423,booking_kaggle,hotels_00950,hotel,Yamama Palace Aktham Branch,Riyadh,Riyadh
RYD_008424,booking_kaggle,hotels_01009,hotel,Yamama Palace Nahdah Branch,Riyadh,Riyadh
RYD_008425,booking_kaggle,hotels_00921,hotel,Yamama Palace Shemaisi Branch,Riyadh,Riyadh
RYD_008426,booking_kaggle,hotels_00547,hotel,Yamamah,Riyadh,Riyadh
RYD_008427,riyadh_places_kaggle,places_04282,place,Yamo,Riyadh,Riyadh
RYD_008428,riyadh_places_kaggle,places_00679,place,YaoYao Bubble Tea,Riyadh,Riyadh
RYD_008429,riyadh_places_kaggle,places_03429,place,Yasmin Grill,Riyadh,Riyadh
RYD_008430,riyadh_places_kaggle,places_05828,place,Yasmin Grill,Riyadh,Riyadh
RYD_008431,riyadh_places_kaggle,places_00720,place,Yauatcha,Riyadh,Riyadh
RYD_008432,riyadh_places_kaggle,places_03909,place,Yazeed pizza,Riyadh,Riyadh
RYD_008433,riyadh_places_kaggle,places_06950,place,Yazeed pizza,Riyadh,Riyadh
RYD_008434,riyadh_places_kaggle,places_05063,place,Yeast House Bakery,Riyadh,Riyadh
RYD_008435,riyadh_places_kaggle,places_02915,place,Yellow Cab Pizza,Riyadh,Riyadh
RYD_008436,riyadh_places_kaggle,places_06911,place,Yellow Cab Pizza,Riyadh,Riyadh
RYD_008437,riyadh_places_kaggle,places_07511,place,Yellow Cab Pizza,Riyadh,Riyadh
RYD_008438,riyadh_places_kaggle,places_08215,place,Yellow Cab Pizza,Riyadh,Riyadh
RYD_008439,riyadh_places_kaggle,places_02043,place,Yellow Kale - Salad,Riyadh,Riyadh
RYD_008440,riyadh_places_kaggle,places_02842,place,Yellow Kale - Salad,Riyadh,Riyadh
RYD_008441,riyadh_places_kaggle,places_08340,place,Yemeni Traditional Restaurant,Riyadh,Riyadh
RYD_008442,riyadh_places_kaggle,places_01008,place,Yemeni dish,Riyadh,Riyadh
RYD_008443,riyadh_places_kaggle,places_00162,place,Ylmaz Resturant,Riyadh,Riyadh
RYD_008444,riyadh_places_kaggle,places_01774,place,Ymy‎‎,Riyadh,Riyadh
RYD_008445,riyadh_places_kaggle,places_00921,place,Yoo pasta,Riyadh,Riyadh
RYD_008446,riyadh_places_kaggle,places_03170,place,Yoo pasta,Riyadh,Riyadh
RYD_008447,riyadh_places_kaggle,places_05494,place,Yoo pasta,Riyadh,Riyadh
RYD_008448,riyadh_places_kaggle,places_07175,place,Yoo pasta,Riyadh,Riyadh
RYD_008449,riyadh_places_kaggle,places_08297,place,Yoo pasta,Riyadh,Riyadh
RYD_008450,riyadh_places_kaggle,places_02032,place,Young Jae's,Riyadh,Riyadh
RYD_008451,riyadh_places_kaggle,places_03905,place,Young Jae's,Riyadh,Riyadh
RYD_008452,riyadh_places_kaggle,places_07787,place,Your Juice,Riyadh,Riyadh
RYD_008453,riyadh_places_kaggle,places_02062,place,Yours,Riyadh,Riyadh
RYD_008454,riyadh_places_kaggle,places_02174,place,Yours,Riyadh,Riyadh
RYD_008455,riyadh_places_kaggle,places_02878,place,Yours,Riyadh,Riyadh
RYD_008456,riyadh_places_kaggle,places_07235,place,Yours,Riyadh,Riyadh
RYD_008457,riyadh_places_kaggle,places_00754,place,Yugen,Riyadh,Riyadh
RYD_008458,riyadh_places_kaggle,places_00602,place,Yum,Riyadh,Riyadh
RYD_008459,riyadh_places_kaggle,places_00775,place,Yum,Riyadh,Riyadh
RYD_008460,riyadh_places_kaggle,places_05182,place,Yum Sugar,Riyadh,Riyadh
RYD_008461,riyadh_places_kaggle,places_01676,place,Yum Sum,Riyadh,Riyadh
RYD_008462,riyadh_places_kaggle,places_02096,place,Yum Sum,Riyadh,Riyadh
RYD_008463,riyadh_places_kaggle,places_01992,place,Yumoriz,Riyadh,Riyadh
RYD_008464,riyadh_places_kaggle,places_03255,place,Yumoriz,Riyadh,Riyadh
RYD_008465,riyadh_places_kaggle,places_04669,place,Yumwich,Riyadh,Riyadh
RYD_008466,riyadh_places_kaggle,places_01118,place,Z36R,Riyadh,Riyadh
RYD_008467,riyadh_places_kaggle,places_03854,place,Z36R,Riyadh,Riyadh
RYD_008468,riyadh_places_kaggle,places_07967,place,ZAD ALBWADY,Riyadh,Riyadh
RYD_008469,riyadh_places_kaggle,places_00312,place,ZAHRA ASSOCIATION,Riyadh,Riyadh
RYD_008470,riyadh_places_kaggle,places_02087,place,ZAITOUNE SWEETS,Riyadh,Riyadh
RYD_008471,riyadh_places_kaggle,places_02760,place,ZAITOUNE SWEETS,Riyadh,Riyadh
RYD_008472,riyadh_places_kaggle,places_07281,place,ZAITOUNE SWEETS,Riyadh,Riyadh
RYD_008473,riyadh_places_kaggle,places_03931,place,ZAMAN memories cafe,Riyadh,Riyadh
RYD_008474,riyadh_places_kaggle,places_03566,place,ZAMZAMYA,Riyadh,Riyadh
RYD_008475,riyadh_places_kaggle,places_02298,place,ZART,Riyadh,Riyadh
RYD_008476,riyadh_places_kaggle,places_04162,place,ZID ZAD KUNAFA,Riyadh,Riyadh
RYD_008477,riyadh_places_kaggle,places_03177,place,ZMMAN PHONE,Riyadh,Riyadh
RYD_008478,riyadh_places_kaggle,places_05612,place,ZMMAN PHONE,Riyadh,Riyadh
RYD_008479,riyadh_places_kaggle,places_08212,place,ZMMAN PHONE,Riyadh,Riyadh
RYD_008480,riyadh_places_kaggle,places_05102,place,ZO Eatery,Riyadh,Riyadh
RYD_008480,riyadh_places_kaggle,places_05627,place,Zo bakery,Riyadh,Riyadh
RYD_008481,riyadh_places_kaggle,places_00225,place,Zaatar W Zeit,Riyadh,Riyadh
RYD_008482,riyadh_places_kaggle,places_01209,place,Zaatar W Zeit,Riyadh,Riyadh
RYD_008483,riyadh_places_kaggle,places_01586,place,Zaatar W Zeit,Riyadh,Riyadh
RYD_008484,riyadh_places_kaggle,places_03147,place,Zaatar W Zeit,Riyadh,Riyadh
RYD_008485,riyadh_places_kaggle,places_05629,place,Zaatar W Zeit,Riyadh,Riyadh
RYD_008486,riyadh_places_kaggle,places_07448,place,Zaatar W Zeit,Riyadh,Riyadh
RYD_008487,riyadh_places_kaggle,places_04371,place,Zad Al Kunafah,Riyadh,Riyadh
RYD_008488,riyadh_places_kaggle,places_05003,place,Zad Al Najah Restaurant,Riyadh,Riyadh
RYD_008489,riyadh_places_kaggle,places_01945,place,Zad Al-Fateera,Riyadh,Riyadh
RYD_008490,riyadh_places_kaggle,places_00336,place,Zad Redan,Riyadh,Riyadh
RYD_008491,riyadh_places_kaggle,places_01977,place,Zad Tuwaiq Restaurants,Riyadh,Riyadh
RYD_008492,riyadh_places_kaggle,places_08630,place,Zad Yaqoot Bukhari,Riyadh,Riyadh
RYD_008493,riyadh_places_kaggle,places_04616,place,Zadna,Riyadh,Riyadh
RYD_008494,riyadh_places_kaggle,places_06935,place,Zaeam Al-Sham Grills,Riyadh,Riyadh
RYD_008495,riyadh_places_kaggle,places_00504,place,Zafran Indian Bistro,Riyadh,Riyadh
RYD_008496,riyadh_places_kaggle,places_01562,place,Zafran Indian Bistro,Riyadh,Riyadh
RYD_008497,riyadh_places_kaggle,places_03381,place,Zafran Indian Bistro,Riyadh,Riyadh
RYD_008498,riyadh_places_kaggle,places_05969,place,Zafran Valley Restaurant,Riyadh,Riyadh
RYD_008499,riyadh_places_kaggle,places_01814,place,Zaghalilo,Riyadh,Riyadh
RYD_008500,riyadh_places_kaggle,places_05741,place,Zahr Alenab,Riyadh,Riyadh
RYD_008501,riyadh_places_kaggle,places_07045,place,Zahrat Malham,Riyadh,Riyadh
RYD_008502,riyadh_places_kaggle,places_07686,place,Zahrat Malham Bukhari,Riyadh,Riyadh
RYD_008503,riyadh_places_kaggle,places_05045,place,Zahrat Rafidain for Iraqi grills,Riyadh,Riyadh
RYD_008504,booking_kaggle,hotels_00841,hotel,Zahrat Rozah Apartment,Riyadh,Riyadh
RYD_008505,riyadh_places_kaggle,places_05285,place,Zahret Al Tnour,Riyadh,Riyadh
RYD_008506,riyadh_places_kaggle,places_00093,place,Zaitoon,Riyadh,Riyadh
RYD_008507,riyadh_places_kaggle,places_03421,place,Zajil,Riyadh,Riyadh
RYD_008508,riyadh_places_kaggle,places_07772,place,Zaki's house,Riyadh,Riyadh
RYD_008509,riyadh_places_kaggle,places_04313,place,Zalata,Riyadh,Riyadh
RYD_008510,riyadh_places_kaggle,places_03424,place,Zalma Koub Mansaf Restaurant,Riyadh,Riyadh
RYD_008511,riyadh_places_kaggle,places_05426,place,Zamani sweets,Riyadh,Riyadh
RYD_008512,riyadh_places_kaggle,places_08018,place,Zamani sweets,Riyadh,Riyadh
RYD_008513,riyadh_places_kaggle,places_05034,place,Zamn Alfateerah Aldmashgyah,Riyadh,Riyadh
RYD_008514,riyadh_places_kaggle,places_04193,place,Zara Restaurants,Riyadh,Riyadh
RYD_008515,riyadh_places_kaggle,places_04809,place,Zatara oven,Riyadh,Riyadh
RYD_008516,riyadh_places_kaggle,places_08733,place,Zatara oven,Riyadh,Riyadh
RYD_008517,riyadh_places_kaggle,places_02217,place,Zawkiyat,Riyadh,Riyadh
RYD_008518,riyadh_places_kaggle,places_03853,place,Zawkiyat,Riyadh,Riyadh
RYD_008519,riyadh_places_kaggle,places_04757,place,Zawyah Almaqsora,Riyadh,Riyadh
RYD_008520,riyadh_places_kaggle,places_07632,place,Zawyat Al Shorouq Al Bukhari Restaurant,Riyadh,Riyadh
RYD_008521,riyadh_places_kaggle,places_01445,place,Zeila Coffee Lounge,Riyadh,Riyadh
RYD_008522,riyadh_places_kaggle,places_00755,place,Zen,Riyadh,Riyadh
RYD_008523,riyadh_places_kaggle,places_01405,place,Zero Fatty,Riyadh,Riyadh
RYD_008524,entertainment_kaggle,entertainment_00265,entertainment,Zero Latency | زيرو ليتنسي,Riyadh,Riyadh
RYD_008525,entertainment_kaggle,entertainment_00275,entertainment,Zero Latency | زيرو ليتنسي,Riyadh,Riyadh
RYD_008526,riyadh_places_kaggle,places_01295,place,Zezo,Riyadh,Riyadh
RYD_008527,riyadh_places_kaggle,places_01164,place,Zghotta,Riyadh,Riyadh
RYD_008528,riyadh_places_kaggle,places_03295,place,Zghotta,Riyadh,Riyadh
RYD_008529,riyadh_places_kaggle,places_04959,place,Zingbela,Riyadh,Riyadh
RYD_008530,riyadh_places_kaggle,places_05221,place,Zman Al Logimat,Riyadh,Riyadh
RYD_008531,riyadh_places_kaggle,places_04807,place,Zo bakery,Riyadh,Riyadh
RYD_008532,riyadh_places_kaggle,places_03941,place,Zooba,Riyadh,Riyadh
RYD_008533,riyadh_places_kaggle,places_05923,place,Zooba,Riyadh,Riyadh
RYD_008534,riyadh_places_kaggle,places_03806,place,Zoom BURGER,Riyadh,Riyadh
RYD_008535,riyadh_places_kaggle,places_04020,place,Zoq almazaq resturant,Riyadh,Riyadh
RYD_008536,riyadh_places_kaggle,places_01598,place,Zouk Al Mntw,Riyadh,Riyadh
RYD_008537,riyadh_places_kaggle,places_06979,place,Zouk Al Mntw,Riyadh,Riyadh
RYD_008538,riyadh_places_kaggle,places_08605,place,Zouk Al-Deira Pizza,Riyadh,Riyadh
RYD_008539,riyadh_places_kaggle,places_02125,place,Zouq Al Haneth,Riyadh,Riyadh
RYD_008540,riyadh_places_kaggle,places_06150,place,Zouq Hindi,Riyadh,Riyadh
RYD_008541,riyadh_places_kaggle,places_00086,place,Zouq Maharaja,Riyadh,Riyadh
RYD_008542,riyadh_places_kaggle,places_04513,place,Zubaidiyeh,Riyadh,Riyadh
RYD_008543,riyadh_places_kaggle,places_05830,place,Zubaidiyeh,Riyadh,Riyadh
RYD_008544,riyadh_places_kaggle,places_02789,place,Zukhrof,Riyadh,Riyadh
RYD_008545,riyadh_places_kaggle,places_06539,place,Zwarah cell,Riyadh,Riyadh
RYD_008546,riyadh_places_kaggle,places_03192,place,a double i,Riyadh,Riyadh
RYD_008547,riyadh_places_kaggle,places_04250,place,abu ghassan,Riyadh,Riyadh
RYD_008548,riyadh_places_kaggle,places_05865,place,ajeen Beirut,Riyadh,Riyadh
RYD_008549,riyadh_places_kaggle,places_06788,place,al Takhasosi Corner,Riyadh,Riyadh
RYD_008550,riyadh_places_kaggle,places_03979,place,ala ellafah,Riyadh,Riyadh
RYD_008551,riyadh_places_kaggle,places_02191,place,alfurn almushtaeil,Riyadh,Riyadh
RYD_008552,riyadh_places_kaggle,places_04000,place,almajlis altihami,Riyadh,Riyadh
RYD_008553,riyadh_places_kaggle,places_01730,place,almakki restaurants,Riyadh,Riyadh
RYD_008554,riyadh_places_kaggle,places_01908,place,almakki restaurants,Riyadh,Riyadh
RYD_008555,riyadh_places_kaggle,places_02785,place,almakki restaurants,Riyadh,Riyadh
RYD_008556,riyadh_places_kaggle,places_03746,place,almakki restaurants,Riyadh,Riyadh
RYD_008557,riyadh_places_kaggle,places_05116,place,almansaf,Riyadh,Riyadh
RYD_008558,riyadh_places_kaggle,places_02252,place,almukhtar aldhuhbaa,Riyadh,Riyadh
RYD_008559,riyadh_places_kaggle,places_01315,place,alnadeg,Riyadh,Riyadh
RYD_008560,riyadh_places_kaggle,places_01869,place,alnadeg,Riyadh,Riyadh
RYD_008561,riyadh_places_kaggle,places_02801,place,alnadeg,Riyadh,Riyadh
RYD_008562,riyadh_places_kaggle,places_08129,place,alnadeg,Riyadh,Riyadh
RYD_008563,riyadh_places_kaggle,places_07923,place,alostaz restaurant,Riyadh,Riyadh
RYD_008564,riyadh_places_kaggle,places_05039,place,alshaamia pearl pastries,Riyadh,Riyadh
RYD_008565,riyadh_places_kaggle,places_00924,place,also,Riyadh,Riyadh
RYD_008566,riyadh_places_kaggle,places_04570,place,art &amp; fun,Riyadh,Riyadh
RYD_008567,riyadh_places_kaggle,places_01968,place,asalat jadudina,Riyadh,Riyadh
RYD_008568,riyadh_places_kaggle,places_04483,place,assesseur cafe,Riyadh,Riyadh
RYD_008569,riyadh_places_kaggle,places_03764,place,b7 burger,Riyadh,Riyadh
RYD_008570,riyadh_places_kaggle,places_03998,place,bakery abo anas,Riyadh,Riyadh
RYD_008571,riyadh_places_kaggle,places_06773,place,bakery abo anas,Riyadh,Riyadh
RYD_008572,riyadh_places_kaggle,places_07426,place,bakery abo anas,Riyadh,Riyadh
RYD_008573,riyadh_places_kaggle,places_01084,place,bakkar,Riyadh,Riyadh
RYD_008574,riyadh_places_kaggle,places_03550,place,bakkar,Riyadh,Riyadh
RYD_008575,riyadh_places_kaggle,places_05108,place,basatin alzaytun,Riyadh,Riyadh
RYD_008576,riyadh_places_kaggle,places_03763,place,basbousa pro,Riyadh,Riyadh
RYD_008576,riyadh_places_kaggle,places_05391,place,Basbousat Al Basha,Riyadh,Riyadh
RYD_008577,riyadh_places_kaggle,places_04659,place,bataae fatir,Riyadh,Riyadh
RYD_008578,riyadh_places_kaggle,places_04758,place,bayt alfatayir,Riyadh,Riyadh
RYD_008579,riyadh_places_kaggle,places_01130,place,beit karam express,Riyadh,Riyadh
RYD_008580,riyadh_places_kaggle,places_03115,place,bez obareq,Riyadh,Riyadh
RYD_008581,riyadh_places_kaggle,places_01166,place,birdlot,Riyadh,Riyadh
RYD_008582,riyadh_places_kaggle,places_02986,place,birdlot,Riyadh,Riyadh
RYD_008583,riyadh_places_kaggle,places_06182,place,bitza wa basta ghayr,Riyadh,Riyadh
RYD_008584,riyadh_places_kaggle,places_03851,place,blind,Riyadh,Riyadh
RYD_008585,riyadh_places_kaggle,places_05563,place,blind,Riyadh,Riyadh
RYD_008586,riyadh_places_kaggle,places_06862,place,blind,Riyadh,Riyadh
RYD_008587,riyadh_places_kaggle,places_07375,place,blind,Riyadh,Riyadh
RYD_008588,riyadh_places_kaggle,places_08827,place,blind,Riyadh,Riyadh
RYD_008589,riyadh_places_kaggle,places_08833,place,bof,Riyadh,Riyadh
RYD_008590,riyadh_places_kaggle,places_00738,place,bravo avocado,Riyadh,Riyadh
RYD_008591,riyadh_places_kaggle,places_03865,place,bravo avocado,Riyadh,Riyadh
RYD_008592,riyadh_places_kaggle,places_06306,place,breakfast Hassan,Riyadh,Riyadh
RYD_008593,riyadh_places_kaggle,places_03572,place,brisket boutique,Riyadh,Riyadh
RYD_008594,riyadh_places_kaggle,places_05671,place,brisket boutique,Riyadh,Riyadh
RYD_008595,riyadh_places_kaggle,places_06666,place,broasted hamana,Riyadh,Riyadh
RYD_008596,riyadh_places_kaggle,places_04703,place,broasted karmna,Riyadh,Riyadh
RYD_008597,riyadh_places_kaggle,places_07048,place,broasted karmna,Riyadh,Riyadh
RYD_008598,riyadh_places_kaggle,places_05270,place,broasted rukun-al-tazaj,Riyadh,Riyadh
RYD_008599,riyadh_places_kaggle,places_05033,place,bun.ch,Riyadh,Riyadh
RYD_008600,riyadh_places_kaggle,places_05140,place,burger dhawq thimar,Riyadh,Riyadh
RYD_008601,riyadh_places_kaggle,places_01107,place,by the way,Riyadh,Riyadh
RYD_008602,riyadh_places_kaggle,places_01823,place,by the way,Riyadh,Riyadh
RYD_008603,riyadh_places_kaggle,places_02746,place,cacti cafe,Riyadh,Riyadh
RYD_008604,riyadh_places_kaggle,places_05698,place,cacti cafe,Riyadh,Riyadh
RYD_008605,riyadh_places_kaggle,places_02322,place,california pizza,Riyadh,Riyadh
RYD_008606,riyadh_places_kaggle,places_03761,place,caramella,Riyadh,Riyadh
RYD_008607,riyadh_places_kaggle,places_04438,place,chamonix Burger,Riyadh,Riyadh
RYD_008607,riyadh_places_kaggle,places_04439,place,Chmonix,Riyadh,Riyadh
RYD_008608,riyadh_places_kaggle,places_07958,place,cherry,Riyadh,Riyadh
RYD_008609,riyadh_places_kaggle,places_04883,place,cherry genies,Riyadh,Riyadh
RYD_008610,riyadh_places_kaggle,places_01772,place,chicken special,Riyadh,Riyadh
RYD_008611,riyadh_places_kaggle,places_04519,place,chingo,Riyadh,Riyadh
RYD_008612,riyadh_places_kaggle,places_04596,place,choco bites,Riyadh,Riyadh
RYD_008613,riyadh_places_kaggle,places_05350,place,cilantro,Riyadh,Riyadh
RYD_008614,riyadh_places_kaggle,places_01102,place,coated,Riyadh,Riyadh
RYD_008615,riyadh_places_kaggle,places_04989,place,coop wa fatirah,Riyadh,Riyadh
RYD_008616,riyadh_places_kaggle,places_00711,place,cream,Riyadh,Riyadh
RYD_008617,riyadh_places_kaggle,places_04716,place,cream,Riyadh,Riyadh
RYD_008618,riyadh_places_kaggle,places_04645,place,crumbled,Riyadh,Riyadh
RYD_008619,riyadh_places_kaggle,places_03933,place,cucina di yass,Riyadh,Riyadh
RYD_008620,riyadh_places_kaggle,places_03694,place,cup house,Riyadh,Riyadh
RYD_008621,riyadh_places_kaggle,places_04723,place,cup time,Riyadh,Riyadh
RYD_008622,riyadh_places_kaggle,places_01572,place,cute cat,Riyadh,Riyadh
RYD_008623,riyadh_places_kaggle,places_03815,place,cute cat,Riyadh,Riyadh
RYD_008624,riyadh_places_kaggle,places_06905,place,cute cat,Riyadh,Riyadh
RYD_008625,riyadh_places_kaggle,places_04447,place,cycle cafe,Riyadh,Riyadh
RYD_008626,riyadh_places_kaggle,places_08013,place,dabt shay,Riyadh,Riyadh
RYD_008627,riyadh_places_kaggle,places_04858,place,dakat hartna,Riyadh,Riyadh
RYD_008628,riyadh_places_kaggle,places_03453,place,dasman dish,Riyadh,Riyadh
RYD_008629,riyadh_places_kaggle,places_02475,place,deewaan,Riyadh,Riyadh
RYD_008630,riyadh_places_kaggle,places_06316,place,dhawq eanba,Riyadh,Riyadh
RYD_008631,riyadh_places_kaggle,places_00404,place,dhawq ghala,Riyadh,Riyadh
RYD_008632,riyadh_places_kaggle,places_00790,place,dish restaurant,Riyadh,Riyadh
RYD_008633,riyadh_places_kaggle,places_00605,place,drip Coffee,Riyadh,Riyadh
RYD_008634,riyadh_places_kaggle,places_04733,place,drip Coffee,Riyadh,Riyadh
RYD_008635,riyadh_places_kaggle,places_05217,place,eclat,Riyadh,Riyadh
RYD_008636,riyadh_places_kaggle,places_04551,place,eightillion,Riyadh,Riyadh
RYD_008637,riyadh_places_kaggle,places_04424,place,eva flower,Riyadh,Riyadh
RYD_008638,riyadh_places_kaggle,places_08685,place,eva flower,Riyadh,Riyadh
RYD_008639,riyadh_places_kaggle,places_04826,place,falafel Ashi Zaki,Riyadh,Riyadh
RYD_008640,riyadh_places_kaggle,places_00294,place,falafel zaky,Riyadh,Riyadh
RYD_008641,riyadh_places_kaggle,places_02633,place,falla,Riyadh,Riyadh
RYD_008642,riyadh_places_kaggle,places_04524,place,falla,Riyadh,Riyadh
RYD_008643,riyadh_places_kaggle,places_04628,place,falla,Riyadh,Riyadh
RYD_008644,riyadh_places_kaggle,places_07017,place,fatayer abdoun,Riyadh,Riyadh
RYD_008645,riyadh_places_kaggle,places_04227,place,fateelah,Riyadh,Riyadh
RYD_008646,riyadh_places_kaggle,places_05724,place,fatteh,Riyadh,Riyadh
RYD_008647,riyadh_places_kaggle,places_02629,place,fatur sabuhati,Riyadh,Riyadh
RYD_008648,riyadh_places_kaggle,places_08014,place,faturk Eindi,Riyadh,Riyadh
RYD_008649,riyadh_places_kaggle,places_06348,place,fawaal aljara,Riyadh,Riyadh
RYD_008650,riyadh_places_kaggle,places_07745,place,fawaal aljarat alnajdia,Riyadh,Riyadh
RYD_008651,riyadh_places_kaggle,places_04357,place,fawaal damat alafrah,Riyadh,Riyadh
RYD_008652,riyadh_places_kaggle,places_06678,place,fawal Habob Al Taif Restaurant,Riyadh,Riyadh
RYD_008653,riyadh_places_kaggle,places_01113,place,fawal abu naeman,Riyadh,Riyadh
RYD_008654,riyadh_places_kaggle,places_04024,place,file coffee,Riyadh,Riyadh
RYD_008655,riyadh_places_kaggle,places_02200,place,fish kukh,Riyadh,Riyadh
RYD_008656,riyadh_places_kaggle,places_08493,place,fish kukh,Riyadh,Riyadh
RYD_008657,riyadh_places_kaggle,places_02773,place,fit spot,Riyadh,Riyadh
RYD_008658,riyadh_places_kaggle,places_05213,place,flowers shapes,Riyadh,Riyadh
RYD_008659,riyadh_places_kaggle,places_05216,place,fluffy,Riyadh,Riyadh
RYD_008660,riyadh_places_kaggle,places_08282,place,folk,Riyadh,Riyadh
RYD_008661,riyadh_places_kaggle,places_06697,place,furn Farouha,Riyadh,Riyadh
RYD_008662,riyadh_places_kaggle,places_07875,place,furn alfatirah aldimashqia,Riyadh,Riyadh
RYD_008663,riyadh_places_kaggle,places_00158,place,gimme gumme,Riyadh,Riyadh
RYD_008664,riyadh_places_kaggle,places_03182,place,gimme gumme,Riyadh,Riyadh
RYD_008665,riyadh_places_kaggle,places_06921,place,gimme gumme,Riyadh,Riyadh
RYD_008666,riyadh_places_kaggle,places_04347,place,grill and more,Riyadh,Riyadh
RYD_008667,riyadh_places_kaggle,places_07824,place,grilled burger,Riyadh,Riyadh
RYD_008668,riyadh_places_kaggle,places_04166,place,habaq dwsh,Riyadh,Riyadh
RYD_008669,riyadh_places_kaggle,places_05974,place,habaq dwsh,Riyadh,Riyadh
RYD_008670,riyadh_places_kaggle,places_06259,place,half Apple juices,Riyadh,Riyadh
RYD_008671,riyadh_places_kaggle,places_08798,place,hamat alsharq,Riyadh,Riyadh
RYD_008672,riyadh_places_kaggle,places_03590,place,hara,Riyadh,Riyadh
RYD_008673,riyadh_places_kaggle,places_04900,place,harat Al Samak Restaurant,Riyadh,Riyadh
RYD_008674,riyadh_places_kaggle,places_05200,place,heet,Riyadh,Riyadh
RYD_008675,riyadh_places_kaggle,places_08145,place,heet,Riyadh,Riyadh
RYD_008676,riyadh_places_kaggle,places_01382,place,hikayat alshiwaya,Riyadh,Riyadh
RYD_008677,riyadh_places_kaggle,places_03474,place,hope,Riyadh,Riyadh
RYD_008678,riyadh_places_kaggle,places_01115,place,ili PIZZA,Riyadh,Riyadh
RYD_008679,riyadh_places_kaggle,places_06441,place,ili PIZZA,Riyadh,Riyadh
RYD_008680,riyadh_places_kaggle,places_05286,place,indian Island restaurant,Riyadh,Riyadh
RYD_008681,riyadh_places_kaggle,places_03677,place,ion,Riyadh,Riyadh
RYD_008682,riyadh_places_kaggle,places_05066,place,ishbilyah nights,Riyadh,Riyadh
RYD_008683,riyadh_places_kaggle,places_06133,place,j&amp;c,Riyadh,Riyadh
RYD_008684,riyadh_places_kaggle,places_01844,place,j's cake,Riyadh,Riyadh
RYD_008685,riyadh_places_kaggle,places_06268,place,jamarat,Riyadh,Riyadh
RYD_008686,riyadh_places_kaggle,places_04410,place,jazz eat,Riyadh,Riyadh
RYD_008687,riyadh_places_kaggle,places_05791,place,juice forest,Riyadh,Riyadh
RYD_008688,riyadh_places_kaggle,places_05035,place,juice hour,Riyadh,Riyadh
RYD_008689,riyadh_places_kaggle,places_06130,place,juices taste flavored Fruit,Riyadh,Riyadh
RYD_008690,riyadh_places_kaggle,places_04339,place,jumbo konafa,Riyadh,Riyadh
RYD_008691,riyadh_places_kaggle,places_01688,place,jury,Riyadh,Riyadh
RYD_008692,riyadh_places_kaggle,places_02057,place,jury,Riyadh,Riyadh
RYD_008693,riyadh_places_kaggle,places_02152,place,jury,Riyadh,Riyadh
RYD_008694,riyadh_places_kaggle,places_06527,place,jury,Riyadh,Riyadh
RYD_008695,riyadh_places_kaggle,places_08090,place,just chef,Riyadh,Riyadh
RYD_008696,riyadh_places_kaggle,places_01287,place,kabaza,Riyadh,Riyadh
RYD_008697,riyadh_places_kaggle,places_04635,place,kabsat sah,Riyadh,Riyadh
RYD_008698,riyadh_places_kaggle,places_07073,place,kaif alkonafa,Riyadh,Riyadh
RYD_008699,riyadh_places_kaggle,places_04567,place,kail Roastery‎‎,Riyadh,Riyadh
RYD_008700,riyadh_places_kaggle,places_08770,place,kail Roastery‎‎,Riyadh,Riyadh
RYD_008701,riyadh_places_kaggle,places_01058,place,kale-o-gram,Riyadh,Riyadh
RYD_008702,riyadh_places_kaggle,places_03985,place,kale-o-gram,Riyadh,Riyadh
RYD_008703,riyadh_places_kaggle,places_02420,place,kanafa almaha,Riyadh,Riyadh
RYD_008703,riyadh_places_kaggle,places_02422,place,ahla kunafa,Riyadh,Riyadh
RYD_008704,riyadh_places_kaggle,places_03914,place,kanafat easir,Riyadh,Riyadh
RYD_008705,riyadh_places_kaggle,places_04920,place,kanafih alfakhaar,Riyadh,Riyadh
RYD_008706,riyadh_places_kaggle,places_07860,place,kanafih almanal,Riyadh,Riyadh
RYD_008707,riyadh_places_kaggle,places_06173,place,kanafuh aleasriah,Riyadh,Riyadh
RYD_008708,riyadh_places_kaggle,places_06164,place,katan burger,Riyadh,Riyadh
RYD_008708,riyadh_places_kaggle,places_06165,place,King burger,Riyadh,Riyadh
RYD_008709,riyadh_places_kaggle,places_03062,place,kebdah tameesah,Riyadh,Riyadh
RYD_008710,riyadh_places_kaggle,places_06338,place,khaliat simsm,Riyadh,Riyadh
RYD_008711,riyadh_places_kaggle,places_01794,place,khibzat washay,Riyadh,Riyadh
RYD_008712,riyadh_places_kaggle,places_03330,place,khubz &amp; nawashif,Riyadh,Riyadh
RYD_008713,riyadh_places_kaggle,places_02506,place,knwa,Riyadh,Riyadh
RYD_008714,riyadh_places_kaggle,places_04324,place,kobe,Riyadh,Riyadh
RYD_008715,riyadh_places_kaggle,places_05650,place,kobe,Riyadh,Riyadh
RYD_008716,riyadh_places_kaggle,places_07549,place,kobe,Riyadh,Riyadh
RYD_008717,riyadh_places_kaggle,places_08573,place,kobe,Riyadh,Riyadh
RYD_008718,riyadh_places_kaggle,places_07081,place,konafa cart,Riyadh,Riyadh
RYD_008719,riyadh_places_kaggle,places_00894,place,konafa w basbosa,Riyadh,Riyadh
RYD_008720,riyadh_places_kaggle,places_07886,place,konafa w basbosa,Riyadh,Riyadh
RYD_008721,riyadh_places_kaggle,places_05201,place,kottouf sweets,Riyadh,Riyadh
RYD_008722,riyadh_places_kaggle,places_06596,place,kottouf sweets,Riyadh,Riyadh
RYD_008723,riyadh_places_kaggle,places_08560,place,kottouf sweets,Riyadh,Riyadh
RYD_008724,riyadh_places_kaggle,places_00582,place,kunafa cafe,Riyadh,Riyadh
RYD_008725,riyadh_places_kaggle,places_05907,place,kunafa najd,Riyadh,Riyadh
RYD_008726,riyadh_places_kaggle,places_01689,place,kéo,Riyadh,Riyadh
RYD_008727,riyadh_places_kaggle,places_03843,place,ladar,Riyadh,Riyadh
RYD_008728,riyadh_places_kaggle,places_05259,place,lamasat alfatira,Riyadh,Riyadh
RYD_008729,riyadh_places_kaggle,places_04272,place,layered,Riyadh,Riyadh
RYD_008730,riyadh_places_kaggle,places_05824,place,layered,Riyadh,Riyadh
RYD_008731,riyadh_places_kaggle,places_07519,place,layered,Riyadh,Riyadh
RYD_008732,riyadh_places_kaggle,places_08026,place,layered,Riyadh,Riyadh
RYD_008732,riyadh_places_kaggle,places_08028,place,Layered,Riyadh,Riyadh
RYD_008733,riyadh_places_kaggle,places_01807,place,liqimat alsaeada,Riyadh,Riyadh
RYD_008734,riyadh_places_kaggle,places_01539,place,loqaimat and samposa,Riyadh,Riyadh
RYD_008735,riyadh_places_kaggle,places_07170,place,loqaimat and samposa,Riyadh,Riyadh
RYD_008736,riyadh_places_kaggle,places_08556,place,loqaimat and samposa,Riyadh,Riyadh
RYD_008737,riyadh_places_kaggle,places_04183,place,lost cafe,Riyadh,Riyadh
RYD_008738,riyadh_places_kaggle,places_01560,place,luluat alyarmuk,Riyadh,Riyadh
RYD_008739,riyadh_places_kaggle,places_00956,place,luxury boxes,Riyadh,Riyadh
RYD_008740,riyadh_places_kaggle,places_04014,place,maar flafel,Riyadh,Riyadh
RYD_008741,riyadh_places_kaggle,places_00581,place,macboos,Riyadh,Riyadh
RYD_008742,riyadh_places_kaggle,places_04932,place,madghutukum,Riyadh,Riyadh
RYD_008743,riyadh_places_kaggle,places_05007,place,madhaq altaka,Riyadh,Riyadh
RYD_008744,riyadh_places_kaggle,places_04933,place,madhbi and grill,Riyadh,Riyadh
RYD_008745,riyadh_places_kaggle,places_06104,place,manga Alzaeem,Riyadh,Riyadh
RYD_008746,riyadh_places_kaggle,places_06304,place,mashwiat aljud walkarm,Riyadh,Riyadh
RYD_008747,riyadh_places_kaggle,places_07046,place,masoub walid,Riyadh,Riyadh
RYD_008748,riyadh_places_kaggle,places_01905,place,matroos,Riyadh,Riyadh
RYD_008749,riyadh_places_kaggle,places_02657,place,melt,Riyadh,Riyadh
RYD_008750,riyadh_places_kaggle,places_05571,place,melt,Riyadh,Riyadh
RYD_008751,riyadh_places_kaggle,places_06465,place,melt,Riyadh,Riyadh
RYD_008752,riyadh_places_kaggle,places_07139,place,melt,Riyadh,Riyadh
RYD_008753,riyadh_places_kaggle,places_08496,place,melt,Riyadh,Riyadh
RYD_008754,riyadh_places_kaggle,places_03592,place,mile end cafe,Riyadh,Riyadh
RYD_008755,riyadh_places_kaggle,places_00316,place,molten,Riyadh,Riyadh
RYD_008756,riyadh_places_kaggle,places_01188,place,molten,Riyadh,Riyadh
RYD_008757,riyadh_places_kaggle,places_02556,place,molten,Riyadh,Riyadh
RYD_008758,riyadh_places_kaggle,places_05551,place,molten,Riyadh,Riyadh
RYD_008759,riyadh_places_kaggle,places_07440,place,molten,Riyadh,Riyadh
RYD_008760,riyadh_places_kaggle,places_06063,place,motabaq wa masoob nakhat hijaziyah,Riyadh,Riyadh
RYD_008761,riyadh_places_kaggle,places_04088,place,mukassarati,Riyadh,Riyadh
RYD_008762,riyadh_places_kaggle,places_05364,place,mukassarati,Riyadh,Riyadh
RYD_008763,riyadh_places_kaggle,places_07614,place,mukassarati,Riyadh,Riyadh
RYD_008764,riyadh_places_kaggle,places_08738,place,mukassarati,Riyadh,Riyadh
RYD_008765,riyadh_places_kaggle,places_04279,place,mumbai kitchen,Riyadh,Riyadh
RYD_008765,riyadh_places_kaggle,places_04280,place,Mumbai Garden,Riyadh,Riyadh
RYD_008766,riyadh_places_kaggle,places_06028,place,musaqaeat wasulta,Riyadh,Riyadh
RYD_008767,riyadh_places_kaggle,places_08476,place,myl eanaa,Riyadh,Riyadh
RYD_008768,riyadh_places_kaggle,places_05450,place,nash coco,Riyadh,Riyadh
RYD_008769,riyadh_places_kaggle,places_07341,place,nash coco,Riyadh,Riyadh
RYD_008770,riyadh_places_kaggle,places_08031,place,nash coco,Riyadh,Riyadh
RYD_008771,riyadh_places_kaggle,places_04898,place,nasu limuna,Riyadh,Riyadh
RYD_008772,riyadh_places_kaggle,places_01154,place,nn sushi,Riyadh,Riyadh
RYD_008773,riyadh_places_kaggle,places_03436,place,noodles factory,Riyadh,Riyadh
RYD_008774,riyadh_places_kaggle,places_06986,place,noodles factory,Riyadh,Riyadh
RYD_008775,riyadh_places_kaggle,places_07275,place,noodles factory,Riyadh,Riyadh
RYD_008776,riyadh_places_kaggle,places_05397,place,num nam,Riyadh,Riyadh
RYD_008777,riyadh_places_kaggle,places_07900,place,ocean Burger,Riyadh,Riyadh
RYD_008778,riyadh_places_kaggle,places_03778,place,oiso sushi,Riyadh,Riyadh
RYD_008779,riyadh_places_kaggle,places_05497,place,oiso sushi,Riyadh,Riyadh
RYD_008780,riyadh_places_kaggle,places_03026,place,oloom el sandwich,Riyadh,Riyadh
RYD_008781,riyadh_places_kaggle,places_04887,place,ooosh.!,Riyadh,Riyadh
RYD_008782,riyadh_places_kaggle,places_05172,place,oven and bread,Riyadh,Riyadh
RYD_008783,riyadh_places_kaggle,places_08216,place,ozan's bakery &amp; coffee,Riyadh,Riyadh
RYD_008784,riyadh_places_kaggle,places_01244,place,paolo,Riyadh,Riyadh
RYD_008785,riyadh_places_kaggle,places_03087,place,parm,Riyadh,Riyadh
RYD_008786,riyadh_places_kaggle,places_02417,place,pasta macaroni,Riyadh,Riyadh
RYD_008787,riyadh_places_kaggle,places_06168,place,pasta madhaq,Riyadh,Riyadh
RYD_008788,riyadh_places_kaggle,places_02320,place,pasta@pasta,Riyadh,Riyadh
RYD_008789,riyadh_places_kaggle,places_01389,place,peradiz,Riyadh,Riyadh
RYD_008790,riyadh_places_kaggle,places_06366,place,pez Chkn,Riyadh,Riyadh
RYD_008791,riyadh_places_kaggle,places_02345,place,pizza Dirty,Riyadh,Riyadh
RYD_008792,riyadh_places_kaggle,places_02367,place,pizza and Juices,Riyadh,Riyadh
RYD_008793,riyadh_places_kaggle,places_02456,place,pizza and basta raweat almadhaq,Riyadh,Riyadh
RYD_008794,riyadh_places_kaggle,places_08194,place,qimat alamjad,Riyadh,Riyadh
RYD_008795,riyadh_places_kaggle,places_08622,place,qimat of Mento and Aghmmash,Riyadh,Riyadh
RYD_008796,riyadh_places_kaggle,places_00176,place,quiet,Riyadh,Riyadh
RYD_008797,riyadh_places_kaggle,places_02683,place,quiet,Riyadh,Riyadh
RYD_008798,riyadh_places_kaggle,places_05445,place,quiet,Riyadh,Riyadh
RYD_008799,riyadh_places_kaggle,places_07336,place,quiet,Riyadh,Riyadh
RYD_008800,riyadh_places_kaggle,places_04520,place,raizr,Riyadh,Riyadh
RYD_008801,riyadh_places_kaggle,places_06379,place,raweuh aljawda,Riyadh,Riyadh
RYD_008802,riyadh_places_kaggle,places_02317,place,restaurant Pizzeria,Riyadh,Riyadh
RYD_008803,riyadh_places_kaggle,places_07040,place,restaurant fatira dayaetuna,Riyadh,Riyadh
RYD_008804,riyadh_places_kaggle,places_08543,place,restaurant haba wenos bokhary,Riyadh,Riyadh
RYD_008805,riyadh_places_kaggle,places_01060,place,ricci,Riyadh,Riyadh
RYD_008806,riyadh_places_kaggle,places_03996,place,ricci,Riyadh,Riyadh
RYD_008807,riyadh_places_kaggle,places_01606,place,rollanti,Riyadh,Riyadh
RYD_008808,riyadh_places_kaggle,places_02203,place,rollanti,Riyadh,Riyadh
RYD_008809,riyadh_places_kaggle,places_03291,place,rollanti,Riyadh,Riyadh
RYD_008810,riyadh_places_kaggle,places_08278,place,rose of hearts,Riyadh,Riyadh
RYD_008811,riyadh_places_kaggle,places_06743,place,saher alward,Riyadh,Riyadh
RYD_008812,riyadh_places_kaggle,places_03247,place,saqal tea,Riyadh,Riyadh
RYD_008813,riyadh_places_kaggle,places_06363,place,sayadia Emad,Riyadh,Riyadh
RYD_008814,riyadh_places_kaggle,places_04499,place,scatteres,Riyadh,Riyadh
RYD_008815,riyadh_places_kaggle,places_08325,place,scatteres,Riyadh,Riyadh
RYD_008816,riyadh_places_kaggle,places_02120,place,sea ​​product,Riyadh,Riyadh
RYD_008817,riyadh_places_kaggle,places_04342,place,secret garden,Riyadh,Riyadh
RYD_008818,riyadh_places_kaggle,places_04782,place,section T,Riyadh,Riyadh
RYD_008819,riyadh_places_kaggle,places_04655,place,see all café,Riyadh,Riyadh
RYD_008820,riyadh_places_kaggle,places_04480,place,seen roastery,Riyadh,Riyadh
RYD_008821,riyadh_places_kaggle,places_06269,place,seven in the morning,Riyadh,Riyadh
RYD_008822,riyadh_places_kaggle,places_01261,place,shahad,Riyadh,Riyadh
RYD_008823,riyadh_places_kaggle,places_03690,place,shahad,Riyadh,Riyadh
RYD_008824,riyadh_places_kaggle,places_05596,place,shahad,Riyadh,Riyadh
RYD_008825,riyadh_places_kaggle,places_08471,place,shahad,Riyadh,Riyadh
RYD_008826,riyadh_places_kaggle,places_05080,place,shahaq,Riyadh,Riyadh
RYD_008827,riyadh_places_kaggle,places_01172,place,shahi sayaar,Riyadh,Riyadh
RYD_008828,riyadh_places_kaggle,places_07963,place,shawarma Irany,Riyadh,Riyadh
RYD_008829,riyadh_places_kaggle,places_03720,place,shawarma albalad,Riyadh,Riyadh
RYD_008830,riyadh_places_kaggle,places_06541,place,shawarma albalad,Riyadh,Riyadh
RYD_008831,riyadh_places_kaggle,places_00370,place,shawerma store,Riyadh,Riyadh
RYD_008832,riyadh_places_kaggle,places_04984,place,shawerma store,Riyadh,Riyadh
RYD_008833,riyadh_places_kaggle,places_03571,place,shay,Riyadh,Riyadh
RYD_008834,riyadh_places_kaggle,places_04030,place,shay wafatayruh,Riyadh,Riyadh
RYD_008835,entertainment_kaggle,entertainment_00394,entertainment,shifa,Riyadh,Riyadh
RYD_008836,entertainment_kaggle,entertainment_00422,entertainment,shifa,Riyadh,Riyadh
RYD_008837,riyadh_places_kaggle,places_02225,place,shiwayat alnukhbat albukhariu,Riyadh,Riyadh
RYD_008838,riyadh_places_kaggle,places_04636,place,shiwayat wa fahm,Riyadh,Riyadh
RYD_008839,riyadh_places_kaggle,places_01990,place,shrimp nation‎,Riyadh,Riyadh
RYD_008840,riyadh_places_kaggle,places_03835,place,simple burger,Riyadh,Riyadh
RYD_008841,riyadh_places_kaggle,places_02970,place,simsim house,Riyadh,Riyadh
RYD_008842,riyadh_places_kaggle,places_08089,place,sips,Riyadh,Riyadh
RYD_008843,riyadh_places_kaggle,places_01289,place,sitbit,Riyadh,Riyadh
RYD_008844,riyadh_places_kaggle,places_04801,place,so bites,Riyadh,Riyadh
RYD_008845,riyadh_places_kaggle,places_00874,place,sociale cafe,Riyadh,Riyadh
RYD_008846,entertainment_kaggle,entertainment_00343,entertainment,sparkys,Riyadh,Riyadh
RYD_008847,entertainment_kaggle,entertainment_00353,entertainment,sparkys,Riyadh,Riyadh
RYD_008848,riyadh_places_kaggle,places_04157,place,sugar,Riyadh,Riyadh
RYD_008849,riyadh_places_kaggle,places_06070,place,summer flower,Riyadh,Riyadh
RYD_008850,riyadh_places_kaggle,places_02262,place,sun rays,Riyadh,Riyadh
RYD_008851,riyadh_places_kaggle,places_06071,place,superano,Riyadh,Riyadh
RYD_008852,riyadh_places_kaggle,places_04979,place,sweets taste Mama Nora,Riyadh,Riyadh
RYD_008853,riyadh_places_kaggle,places_04468,place,sweety cafe,Riyadh,Riyadh
RYD_008854,riyadh_places_kaggle,places_03817,place,tacos de paris,Riyadh,Riyadh
RYD_008855,riyadh_places_kaggle,places_06199,place,tanur Tayba,Riyadh,Riyadh
RYD_008856,riyadh_places_kaggle,places_07035,place,tasali nawal,Riyadh,Riyadh
RYD_008857,riyadh_places_kaggle,places_06180,place,tawlet fateer,Riyadh,Riyadh
RYD_008858,riyadh_places_kaggle,places_05047,place,tea alkhalij,Riyadh,Riyadh
RYD_008859,riyadh_places_kaggle,places_05260,place,tea harvest,Riyadh,Riyadh
RYD_008860,riyadh_places_kaggle,places_02394,place,the land of the two heavens Grills,Riyadh,Riyadh
RYD_008861,riyadh_places_kaggle,places_04539,place,the wide,Riyadh,Riyadh
RYD_008862,riyadh_places_kaggle,places_05946,place,the wide,Riyadh,Riyadh
RYD_008863,riyadh_places_kaggle,places_06559,place,the wide,Riyadh,Riyadh
RYD_008864,riyadh_places_kaggle,places_06943,place,top zinger,Riyadh,Riyadh
RYD_008865,riyadh_places_kaggle,places_00275,place,twenty5,Riyadh,Riyadh
RYD_008866,riyadh_places_kaggle,places_03537,place,twenty5,Riyadh,Riyadh
RYD_008867,riyadh_places_kaggle,places_07328,place,twenty5,Riyadh,Riyadh
RYD_008868,riyadh_places_kaggle,places_05127,place,vala sweet,Riyadh,Riyadh
RYD_008869,riyadh_places_kaggle,places_01380,place,valerian,Riyadh,Riyadh
RYD_008870,riyadh_places_kaggle,places_02260,place,valerian,Riyadh,Riyadh
RYD_008871,riyadh_places_kaggle,places_08323,place,valerian,Riyadh,Riyadh
RYD_008872,riyadh_places_kaggle,places_07387,place,velan chocolate,Riyadh,Riyadh
RYD_008872,riyadh_places_kaggle,places_07392,place,wild chocolate,Riyadh,Riyadh
RYD_008873,riyadh_places_kaggle,places_08313,place,velan chocolate,Riyadh,Riyadh
RYD_008873,riyadh_places_kaggle,places_08315,place,wild chocolate,Riyadh,Riyadh
RYD_008873,riyadh_places_kaggle,places_08320,place,CHOCOLATE SEASONS,Riyadh,Riyadh
RYD_008873,riyadh_places_kaggle,places_08328,place,Celia chocolate,Riyadh,Riyadh
RYD_008874,booking_kaggle,hotels_00030,hotel,voco - Riyadh,Riyadh,Riyadh
RYD_008875,entertainment_kaggle,entertainment_00013,entertainment,vox cinema,Riyadh,Riyadh
RYD_008876,entertainment_kaggle,entertainment_00022,entertainment,vox cinema,Riyadh,Riyadh
RYD_008877,entertainment_kaggle,entertainment_00003,entertainment,vox cinemas,Riyadh,Riyadh
RYD_008878,riyadh_places_kaggle,places_01812,place,wa7 wa7,Riyadh,Riyadh
RYD_008879,riyadh_places_kaggle,places_06407,place,wadi alzumurud Restaurants,Riyadh,Riyadh
RYD_008880,riyadh_places_kaggle,places_06794,place,wadi alzumurud Restaurants,Riyadh,Riyadh
RYD_008881,riyadh_places_kaggle,places_07476,place,wadi alzumurud Restaurants,Riyadh,Riyadh
RYD_008882,riyadh_places_kaggle,places_01313,place,waraq Beirut grape,Riyadh,Riyadh
RYD_008883,riyadh_places_kaggle,places_01498,place,well health,Riyadh,Riyadh
RYD_008884,riyadh_places_kaggle,places_05059,place,whoa,Riyadh,Riyadh
RYD_008885,riyadh_places_kaggle,places_01376,place,wild chocolate,Riyadh,Riyadh
RYD_008885,riyadh_places_kaggle,places_05793,place,velan chocolate,Riyadh,Riyadh
RYD_008885,riyadh_places_kaggle,places_05794,place,Celia chocolate,Riyadh,Riyadh
RYD_008886,riyadh_places_kaggle,places_05357,place,wild chocolate,Riyadh,Riyadh
RYD_008887,riyadh_places_kaggle,places_02643,place,window coffee,Riyadh,Riyadh
RYD_008888,riyadh_places_kaggle,places_05766,place,window coffee,Riyadh,Riyadh
RYD_008889,riyadh_places_kaggle,places_07434,place,window coffee,Riyadh,Riyadh
RYD_008890,riyadh_places_kaggle,places_08342,place,window coffee,Riyadh,Riyadh
RYD_008891,riyadh_places_kaggle,places_04706,place,world tea house,Riyadh,Riyadh
RYD_008892,riyadh_places_kaggle,places_04698,place,wthar,Riyadh,Riyadh
RYD_008893,riyadh_places_kaggle,places_04575,place,zad balady,Riyadh,Riyadh
RYD_008894,riyadh_places_kaggle,places_08171,place,zad balady,Riyadh,Riyadh
RYD_008895,riyadh_places_kaggle,places_04953,place,zaman alfatira aldimashqia,Riyadh,Riyadh
RYD_008896,riyadh_places_kaggle,places_05941,place,zawart sweet for desserts,Riyadh,Riyadh
RYD_008897,riyadh_places_kaggle,places_08371,place,zawiat Alfatira,Riyadh,Riyadh
RYD_008898,riyadh_places_kaggle,places_06738,place,zoni,Riyadh,Riyadh
RYD_008899,entertainment_kaggle,entertainment_00433,entertainment,أفاتار للترفية,Riyadh,Riyadh
RYD_008900,entertainment_kaggle,entertainment_00460,entertainment,أفاتار للترفية,Riyadh,Riyadh
RYD_008901,booking_kaggle,hotels_00116,hotel,اجنحه ميثاق الفندقيه,Riyadh,Riyadh
RYD_008902,entertainment_kaggle,entertainment_00385,entertainment,اسكيب مشن | Escape Mission,Riyadh,Riyadh
RYD_008903,entertainment_kaggle,entertainment_00393,entertainment,اسكيب مشن | Escape Mission,Riyadh,Riyadh
RYD_008904,booking_kaggle,hotels_00099,hotel,افانين نجد,Riyadh,Riyadh
RYD_008905,entertainment_kaggle,entertainment_00470,entertainment,البوليفارد الجديد,Riyadh,Riyadh
RYD_008906,entertainment_kaggle,entertainment_00480,entertainment,البوليفارد الجديد,Riyadh,Riyadh
RYD_008907,booking_kaggle,hotels_00956,hotel,التورن للأجنحه الفندقية,Riyadh,Riyadh
RYD_008908,entertainment_kaggle,entertainment_00449,entertainment,الخزامى وادي حنيفه,Riyadh,Riyadh
RYD_008909,entertainment_kaggle,entertainment_00478,entertainment,الخزامى وادي حنيفه,Riyadh,Riyadh
RYD_008910,entertainment_kaggle,entertainment_00188,entertainment,الدرعية,Riyadh,Riyadh
RYD_008911,entertainment_kaggle,entertainment_00198,entertainment,الدرعية,Riyadh,Riyadh
RYD_008912,entertainment_kaggle,entertainment_00475,entertainment,العاذرية للطيران الرياضي,Riyadh,Riyadh
RYD_008913,entertainment_kaggle,entertainment_00485,entertainment,العاذرية للطيران الرياضي,Riyadh,Riyadh
RYD_008914,booking_kaggle,hotels_00630,hotel,القبة الذهبية للأجنحة الفندقية 2,Riyadh,Riyadh
RYD_008915,booking_kaggle,hotels_00776,hotel,الوان السمو,Riyadh,Riyadh
RYD_008916,booking_kaggle,hotels_00416,hotel,ايوا اكسبريس خريص,Riyadh,Riyadh
RYD_008917,entertainment_kaggle,entertainment_00173,entertainment,برج الفيصلية,Riyadh,Riyadh
RYD_008918,entertainment_kaggle,entertainment_00192,entertainment,برج الفيصلية,Riyadh,Riyadh
RYD_008919,entertainment_kaggle,entertainment_00437,entertainment,تشكي تشيز,Riyadh,Riyadh
RYD_008920,entertainment_kaggle,entertainment_00445,entertainment,تشكي تشيز,Riyadh,Riyadh
RYD_008921,entertainment_kaggle,entertainment_00397,entertainment,جامع سليمان الراجحي,Riyadh,Riyadh
RYD_008922,entertainment_kaggle,entertainment_00425,entertainment,جامع سليمان الراجحي,Riyadh,Riyadh
RYD_008923,booking_kaggle,hotels_00359,hotel,جوهرة الخليج للوحدات السكنية,Riyadh,Riyadh
RYD_008924,entertainment_kaggle,entertainment_00325,entertainment,حديقة الفوطة,Riyadh,Riyadh
RYD_008925,entertainment_kaggle,entertainment_00335,entertainment,حديقة الفوطة,Riyadh,Riyadh
RYD_008926,entertainment_kaggle,entertainment_00435,entertainment,حديقة الفيحاء الأولى,Riyadh,Riyadh
RYD_008927,entertainment_kaggle,entertainment_00443,entertainment,حديقة الفيحاء الأولى,Riyadh,Riyadh
RYD_008928,entertainment_kaggle,entertainment_00492,entertainment,حديقة الوطن,Riyadh,Riyadh
RYD_008929,entertainment_kaggle,entertainment_00502,entertainment,حديقة الوطن,Riyadh,Riyadh
RYD_008930,booking_kaggle,hotels_00564,hotel,دار الشرق للوحدات السكنية,Riyadh,Riyadh
RYD_008931,booking_kaggle,hotels_00307,hotel,راحتي 2 للوحدات الفندقيه,Riyadh,Riyadh
RYD_008932,entertainment_kaggle,entertainment_00488,entertainment,روضة الخرارة,Al Muzahimiyah,Riyadh
RYD_008933,entertainment_kaggle,entertainment_00498,entertainment,روضة الخرارة,Al Muzahimiyah,Riyadh
RYD_008934,entertainment_kaggle,entertainment_00515,entertainment,روضة الخرارة,Al Muzahimiyah,Riyadh
RYD_008935,booking_kaggle,hotels_00295,hotel,رويال,Al Kharj,Riyadh
RYD_008936,entertainment_kaggle,entertainment_00227,entertainment,سفوري لاند | Safforiland,Riyadh,Riyadh
RYD_008937,entertainment_kaggle,entertainment_00237,entertainment,سفوري لاند | Safforiland,Riyadh,Riyadh
RYD_008938,booking_kaggle,hotels_00692,hotel,شقق ايواء الخرج الفندقية,Al Kharj,Riyadh
RYD_008939,booking_kaggle,hotels_00113,hotel,ضيافة الفيحاء Dayafat Alfayha'a,Riyadh,Riyadh
RYD_008940,entertainment_kaggle,entertainment_00292,entertainment,عين العباس,Riyadh,Riyadh
RYD_008941,entertainment_kaggle,entertainment_00317,entertainment,فزز هوا Fizz Hawa,Riyadh,Riyadh
RYD_008942,entertainment_kaggle,entertainment_00347,entertainment,فزز هوا Fizz Hawa,Riyadh,Riyadh
RYD_008943,booking_kaggle,hotels_00719,hotel,فندق أسيا,Riyadh,Riyadh
RYD_008944,booking_kaggle,hotels_00495,hotel,فندق العروبة,Riyadh,Riyadh
RYD_008945,booking_kaggle,hotels_00527,hotel,فندق قصر الخليج,Riyadh,Riyadh
RYD_008946,booking_kaggle,hotels_00398,hotel,فندق لابيرلا la perla,Riyadh,Riyadh
RYD_008947,riyadh_places_kaggle,places_08633,place,لقيمات مخملية - Velvet Ladoo,Riyadh,Riyadh
RYD_008948,entertainment_kaggle,entertainment_00453,entertainment,مركز الصملة للترفيه | ALSAMLAH,Riyadh,Riyadh
RYD_008949,entertainment_kaggle,entertainment_00462,entertainment,مركز الصملة للترفيه | ALSAMLAH,Riyadh,Riyadh
RYD_008950,entertainment_kaggle,entertainment_00171,entertainment,مركز ضيافة كيان المستقبل,Riyadh,Riyadh
RYD_008951,entertainment_kaggle,entertainment_00383,entertainment,مركز كفك للترفيه - هاي فايف Hi 5,Riyadh,Riyadh
RYD_008952,entertainment_kaggle,entertainment_00391,entertainment,مركز كفك للترفيه - هاي فايف Hi 5,Riyadh,Riyadh
RYD_008953,entertainment_kaggle,entertainment_00108,entertainment,مسرح بكر الشدي,Riyadh,Riyadh
RYD_008954,entertainment_kaggle,entertainment_00117,entertainment,مسرح بكر الشدي,Riyadh,Riyadh
RYD_008955,riyadh_places_kaggle,places_01278,place,مقلوبة ® | Maqloba,Riyadh,Riyadh
RYD_008956,riyadh_places_kaggle,places_05660,place,مقلوبة ® | Maqloba,Riyadh,Riyadh
RYD_008957,riyadh_places_kaggle,places_07525,place,مقلوبة ® | Maqloba,Riyadh,Riyadh
RYD_008958,booking_kaggle,hotels_00255,hotel,منتجع وفلل هوليداي,Riyadh,Riyadh
RYD_008959,entertainment_kaggle,entertainment_00495,entertainment,منطقة أوايسس | Oasis Zone,Riyadh,Riyadh
RYD_008960,entertainment_kaggle,entertainment_00505,entertainment,منطقة أوايسس | Oasis Zone,Riyadh,Riyadh
RYD_008961,entertainment_kaggle,entertainment_00187,entertainment,مواقف ادارة البوليڤارد,Riyadh,Riyadh
RYD_008962,entertainment_kaggle,entertainment_00197,entertainment,مواقف ادارة البوليڤارد,Riyadh,Riyadh
RYD_008963,entertainment_kaggle,entertainment_00506,entertainment,موسم الجيمرز,Riyadh,Riyadh
RYD_008964,entertainment_kaggle,entertainment_00519,entertainment,موسم الجيمرز,Riyadh,Riyadh
RYD_008965,booking_kaggle,hotels_01006,hotel,موكادور للأجنحة الفندقية فرع النزهة,Riyadh,Riyadh
RYD_008966,booking_kaggle,hotels_00698,hotel,نزل مينا 110,Riyadh,Riyadh
RYD_008967,booking_kaggle,hotels_00120,hotel,نوفا مخرج 25 الدائرى الجنوبى,Riyadh,Riyadh
RYD_008968,booking_kaggle,hotels_00379,hotel,وحدات الرمال للشقق المفروشة,Riyadh,Riyadh
RYD_008969,entertainment_kaggle,entertainment_00030,entertainment,ڤوكس سينما ذا روف,Riyadh,Riyadh
RYD_008970,entertainment_kaggle,entertainment_00039,entertainment,ڤوكس سينما ذا روف,Riyadh,Riyadh
RYD_008971,entertainment_kaggle,entertainment_00054,entertainment,ڤوكس سينما ذا سبوت,Riyadh,Riyadh
RYD_008972,entertainment_kaggle,entertainment_00063,entertainment,ڤوكس سينما ذا سبوت,Riyadh,Riyadh
RYD_008973,booking_kaggle,hotels_00548,hotel,‏Al Marqab (Males Only),Riyadh,Riyadh
RYD_008974,riyadh_places_kaggle,places_02227,place,‏FARAH WA MARAH,Riyadh,Riyadh
RYD_008975,riyadh_places_kaggle,places_04656,place,‪Chikn+Go,Riyadh,Riyadh
SAU_000001,entertainment_kaggle,entertainment_00015,entertainment,AMC - Hafr Al Batin 8,Sh,
SAU_000002,entertainment_kaggle,entertainment_00024,entertainment,AMC - Hafr Al Batin 8,Sh,
SAU_000003,entertainment_kaggle,entertainment_00031,entertainment,AMC Cinemas Karam 5,Al Majma'Ah,
SAU_000004,entertainment_kaggle,entertainment_00040,entertainment,AMC Cinemas Karam 5,Al Majma'Ah,
SAU_000005,entertainment_kaggle,entertainment_00053,entertainment,AMC Dawadmi 3,Al Duwadimi,
SAU_000006,entertainment_kaggle,entertainment_00062,entertainment,AMC Dawadmi 3,Al Duwadimi,
SAU_000007,booking_kaggle,hotels_01019,hotel,Abahi Aparthotels,Ad Darb,
SAU_000008,booking_kaggle,hotels_00728,hotel,Al Abraj Hotel,Al Quway‘Īyah,
SAU_000009,booking_kaggle,hotels_00850,hotel,Al Farhan Hotel Hafer Albaten,Abū Qa‘Ar,
SAU_000010,booking_kaggle,hotels_00530,hotel,Al Kamil Hotel,Al Kāmil,
SAU_000011,booking_kaggle,hotels_00308,hotel,Al Meshan Hotel,Al Wudayy,
SAU_000012,entertainment_kaggle,entertainment_00378,entertainment,Ammaria cleft,,
SAU_000013,entertainment_kaggle,entertainment_00405,entertainment,Ammaria cleft,,
SAU_000014,booking_kaggle,hotels_00880,hotel,Asaheeb Al Ahsa,Ar Ruqayyiqah,
SAU_000015,booking_kaggle,hotels_00946,hotel,Aseel Hotel Apartment,Salhabah,
SAU_000016,booking_kaggle,hotels_00646,hotel,Bahget Eljouf Furnished Apartment,Aţ Ţuwayr,
SAU_000017,booking_kaggle,hotels_00441,hotel,Baraket Al Saada Hotel,Sulţānah,
SAU_000018,booking_kaggle,hotels_00109,hotel,Business Tower,Nimrān,
SAU_000019,booking_kaggle,hotels_00211,hotel,Chalet Toot,As Sayl Aş Şaghīr,
SAU_000020,booking_kaggle,hotels_00081,hotel,Dana Beach Resort (Families Only),Half Moon Bay,
SAU_000021,entertainment_kaggle,entertainment_00451,entertainment,Dhurma,Dhurma,
SAU_000022,entertainment_kaggle,entertainment_00225,entertainment,Edge of the World,,
SAU_000023,entertainment_kaggle,entertainment_00235,entertainment,Edge of the World,,
SAU_000024,booking_kaggle,hotels_00186,hotel,Golden Tulip Dana Bay Resort,Half Moon Bay,
SAU_000025,entertainment_kaggle,entertainment_00110,entertainment,Heritage village theatre,1C,
SAU_000026,entertainment_kaggle,entertainment_00119,entertainment,Heritage village theatre,1C,
SAU_000027,booking_kaggle,hotels_00229,hotel,Holiday Inn Resort Half Moon Bay,Half Moon Bay,
SAU_000028,booking_kaggle,hotels_00893,hotel,Jeddah Seasons Furnished Apartments,Al ‘Azīzīyah,
SAU_000029,booking_kaggle,hotels_00355,hotel,Kadi Hotel,Al Mikhlaf,
SAU_000030,entertainment_kaggle,entertainment_00400,entertainment,Lake Park,Al Mithnab,
SAU_000031,entertainment_kaggle,entertainment_00410,entertainment,Lake Park,Al Mithnab,
SAU_000032,entertainment_kaggle,entertainment_00456,entertainment,Lonely Castle,Hegra,
SAU_000033,entertainment_kaggle,entertainment_00465,entertainment,Lonely Castle,Hegra,
SAU_000034,entertainment_kaggle,entertainment_00001,entertainment,Maraya,Al Atheeb,
SAU_000035,entertainment_kaggle,entertainment_00138,entertainment,Maraya,Al Atheeb,
SAU_000036,entertainment_kaggle,entertainment_00164,entertainment,Maraya,Al Atheeb,
SAU_000037,booking_kaggle,hotels_00073,hotel,Mövenpick Beach Resort Al Khobar,Half Moon Bay,
SAU_000038,entertainment_kaggle,entertainment_00046,entertainment,Najmah Theater,Ras Tanura,
SAU_000039,entertainment_kaggle,entertainment_00074,entertainment,Najmah Theater,Ras Tanura,
SAU_000040,entertainment_kaggle,entertainment_00432,entertainment,Natural Arch Riyadh,,
SAU_000041,entertainment_kaggle,entertainment_00459,entertainment,Natural Arch Riyadh,,
SAU_000042,entertainment_kaggle,entertainment_00401,entertainment,Nofa wild life park and safari,Khubayb Al Reem,
SAU_000043,entertainment_kaggle,entertainment_00411,entertainment,Nofa wild life park and safari,Khubayb Al Reem,
SAU_000044,booking_kaggle,hotels_00529,hotel,OYO 326 Barjas Furnished Apartment,Al Fanātīr,
SAU_000045,booking_kaggle,hotels_00318,hotel,OYO 328 Al Mumiyaz Tower,RaʼS Tannūrah,
SAU_000046,booking_kaggle,hotels_00335,hotel,OYO 333 Dheyof Al Wattan For Hotel Suites,Butainiyāt,
SAU_000047,booking_kaggle,hotels_00490,hotel,OYO 381 Afg Aldurrah 1,Butainiyāt,
SAU_000048,booking_kaggle,hotels_00283,hotel,OYO 401 Al Zaidan For Furnished Units,Hafa,
SAU_000049,entertainment_kaggle,entertainment_00321,entertainment,Park Zoo in Al-Kharj,Al-Kharj,
SAU_000050,entertainment_kaggle,entertainment_00331,entertainment,Park Zoo in Al-Kharj,Al-Kharj,
SAU_000051,entertainment_kaggle,entertainment_00486,entertainment,RIM rural farm in Dalam,Ad Dilam,
SAU_000052,entertainment_kaggle,entertainment_00513,entertainment,RIM rural farm in Dalam,Ad Dilam,
SAU_000053,booking_kaggle,hotels_00016,hotel,"Radisson Blu Resort, Al Khobar Half Moon Bay",Half Moon Bay,
SAU_000054,booking_kaggle,hotels_00990,hotel,Rafeef Al Shamal,Al Ḩāyiţ,
SAU_000055,entertainment_kaggle,entertainment_00229,entertainment,Raghba observation tower,Rughabah,
SAU_000056,entertainment_kaggle,entertainment_00239,entertainment,Raghba observation tower,Rughabah,
SAU_000057,entertainment_kaggle,entertainment_00221,entertainment,Real Edge of the World,العويند,
SAU_000058,entertainment_kaggle,entertainment_00250,entertainment,Real Edge of the World,العويند,
SAU_000059,entertainment_kaggle,entertainment_00203,entertainment,Red Sand Dunes,,
SAU_000060,entertainment_kaggle,entertainment_00306,entertainment,Riyadh Safari,,
SAU_000061,entertainment_kaggle,entertainment_00315,entertainment,Riyadh Safari,,
SAU_000062,entertainment_kaggle,entertainment_00302,entertainment,Round About,,
SAU_000063,entertainment_kaggle,entertainment_00311,entertainment,Round About,,
SAU_000064,entertainment_kaggle,entertainment_00174,entertainment,Sa'ad Red Sand - Dunes,Sa'Ad,
SAU_000065,entertainment_kaggle,entertainment_00193,entertainment,Sa'ad Red Sand - Dunes,Sa'Ad,
SAU_000066,entertainment_kaggle,entertainment_00091,entertainment,Safety Orientation UGP,Uthmaniyah,
SAU_000067,entertainment_kaggle,entertainment_00101,entertainment,Safety Orientation UGP,Uthmaniyah,
SAU_000068,booking_kaggle,hotels_00905,hotel,Sanabel Al Mish'an Furnished Units,Al Jithāmīyah,
SAU_000069,entertainment_kaggle,entertainment_00010,entertainment,Saudi Aramco Abqaiq Community theater,Buqayq,
SAU_000070,entertainment_kaggle,entertainment_00288,entertainment,Sparky's,الظهرانDhahran,
SAU_000071,entertainment_kaggle,entertainment_00298,entertainment,Sparky's,الظهرانDhahran,
SAU_000072,entertainment_kaggle,entertainment_00307,entertainment,Sparky's | سباركيز,Alkharaj,
SAU_000073,entertainment_kaggle,entertainment_00316,entertainment,Sparky's | سباركيز,Alkharaj,
SAU_000074,entertainment_kaggle,entertainment_00301,entertainment,Sphinx Rock,عجاج,
SAU_000075,entertainment_kaggle,entertainment_00329,entertainment,Sphinx Rock,عجاج,
SAU_000076,entertainment_kaggle,entertainment_00496,entertainment,Syrup,Ad Dilam,
SAU_000077,entertainment_kaggle,entertainment_00170,entertainment,Tekka Tatbeelah,Safwa,
SAU_000078,entertainment_kaggle,entertainment_00272,entertainment,The Escape Hotel,,
SAU_000079,entertainment_kaggle,entertainment_00430,entertainment,The Hidden Valley,,
SAU_000080,entertainment_kaggle,entertainment_00457,entertainment,The Hidden Valley,,
SAU_000081,entertainment_kaggle,entertainment_00176,entertainment,The old palace,Al Moqbel Palaces,
SAU_000082,entertainment_kaggle,entertainment_00434,entertainment,Tomb of Lihyan son of Kuza,Hegra,
SAU_000083,entertainment_kaggle,entertainment_00395,entertainment,Umluj Beach,Umluj,
SAU_000084,entertainment_kaggle,entertainment_00423,entertainment,Umluj Beach,Umluj,
SAU_000085,entertainment_kaggle,entertainment_00185,entertainment,Ushaiqer Heritage Village,Ushaiqer,
SAU_000086,entertainment_kaggle,entertainment_00195,entertainment,Ushaiqer Heritage Village,Ushaiqer,
SAU_000087,entertainment_kaggle,entertainment_00322,entertainment,Winter Wonderland,وحيدة,
SAU_000088,entertainment_kaggle,entertainment_00332,entertainment,Winter Wonderland,وحيدة,
SAU_000089,booking_kaggle,hotels_01013,hotel,Zahrat Al-hamra زهرة الحمراء,Al Quway‘Īyah,
SAU_000090,entertainment_kaggle,entertainment_00421,entertainment,faylaqia,Ushaiqer,
SAU_000091,entertainment_kaggle,entertainment_00429,entertainment,faylaqia,Ushaiqer,
SAU_000092,booking_kaggle,hotels_00977,hotel,أجحنة ملفا الفندقية,Nughaylah,
SAU_000093,booking_kaggle,hotels_00093,hotel,إطلالة الشرفه,Al ‘Aqrabīyah,
SAU_000094,booking_kaggle,hotels_00114,hotel,الأوفاز 3 للوحدات السكنية,Nughaylah,
SAU_000095,booking_kaggle,hotels_00538,hotel,المرفا,Qal'At Bishah,
SAU_000096,entertainment_kaggle,entertainment_00000,entertainment,المسرح الروماني | Roman Theater,Al Uqayr,
SAU_000097,entertainment_kaggle,entertainment_00137,entertainment,المسرح الروماني | Roman Theater,Al Uqayr,
SAU_000098,entertainment_kaggle,entertainment_00163,entertainment,المسرح الروماني | Roman Theater,Al Uqayr,
SAU_000099,booking_kaggle,hotels_00115,hotel,امواج الدار,Al Fayşalīyah,
SAU_000100,entertainment_kaggle,entertainment_00341,entertainment,بداية المسار,Al Moqbel Palaces,
SAU_000101,entertainment_kaggle,entertainment_00351,entertainment,بداية المسار,Al Moqbel Palaces,
SAU_000102,entertainment_kaggle,entertainment_00300,entertainment,بركس ابو عسلة,السلام العليا,
SAU_000103,entertainment_kaggle,entertainment_00328,entertainment,بركس ابو عسلة,السلام العليا,
SAU_000104,booking_kaggle,hotels_00851,hotel,تورنت للأجنحة الفندقية,Al Muraysīyah,
SAU_000105,booking_kaggle,hotels_00269,hotel,زهرة البديع للشقق الفندقيه,Sirr Āl Ghalīz̧,
SAU_000106,booking_kaggle,hotels_00940,hotel,سجايا للوحدات السكنية المفروشة,Ḩayy Aş Şāliḩīyah,
SAU_000107,booking_kaggle,hotels_00257,hotel,شاليه بدرة العروس,Durat  Alarous,
SAU_000108,entertainment_kaggle,entertainment_00473,entertainment,شعيب حريملاء,Huraymila,
SAU_000109,entertainment_kaggle,entertainment_00483,entertainment,شعيب حريملاء,Huraymila,
SAU_000110,entertainment_kaggle,entertainment_00304,entertainment,صلال المبروقة,,
SAU_000111,entertainment_kaggle,entertainment_00313,entertainment,صلال المبروقة,,
SAU_000112,entertainment_kaggle,entertainment_00262,entertainment,عين العباس,,
SAU_000113,booking_kaggle,hotels_00002,hotel,فندق راية الشلال 2,Abū Qa‘Ar,
SAU_000114,booking_kaggle,hotels_00418,hotel,فندق ميلانو,Hajlah,
SAU_000115,entertainment_kaggle,entertainment_00507,entertainment,كريته لاونج - karretah lounge,,
SAU_000116,entertainment_kaggle,entertainment_00520,entertainment,كريته لاونج - karretah lounge,,
SAU_000117,booking_kaggle,hotels_00510,hotel,كما للوحدات السكنيه,Al ‘Awālī,
SAU_000118,entertainment_kaggle,entertainment_00417,entertainment,محمية الوعول,بوضان,
SAU_000119,entertainment_kaggle,entertainment_00442,entertainment,محمية الوعول,Hegra,
SAU_000120,booking_kaggle,hotels_00006,hotel,مسكن الراحة,An Nikāshah,
SAU_000121,entertainment_kaggle,entertainment_00326,entertainment,مطل العماريه,,
SAU_000122,entertainment_kaggle,entertainment_00336,entertainment,مطل العماريه,,
SAU_000123,booking_kaggle,hotels_00282,hotel,مكارم ضيافة البيت1,Jarwal,
SAU_000124,booking_kaggle,hotels_00459,hotel,منتجع لاند مارك شرما,Al Khuraybah,
SAU_000125,booking_kaggle,hotels_00739,hotel,ميارللاجنحة الفدقية,Quai,
SAU_000126,booking_kaggle,hotels_00238,hotel,نزل الآحلام,Al Muraysīyah,
SAU_000127,booking_kaggle,hotels_00091,hotel,هوم للشقق الفندقيه,Ar Riyad,
SAU_000128,entertainment_kaggle,entertainment_00303,entertainment,واحة مصك توارن,Tuwarin,
SAU_000129,entertainment_kaggle,entertainment_00312,entertainment,واحة مصك توارن,Tuwarin,
TBK_000001,entertainment_kaggle,entertainment_00047,entertainment,AMC Cinemas Tabuk Boulevard,Tabuk,Tabuk
TBK_000002,entertainment_kaggle,entertainment_00075,entertainment,AMC Cinemas Tabuk Boulevard,Tabuk,Tabuk
TBK_000003,booking_kaggle,hotels_00600,hotel,Al Eairy Apartments - Tabuk 1,Tabuk,Tabuk
TBK_000004,booking_kaggle,hotels_00602,hotel,Al Eairy Apartments - Tabuk 3,Tabuk,Tabuk
TBK_000005,booking_kaggle,hotels_00610,hotel,Al Eairy Apartments - Tabuk 6,Tabuk,Tabuk
TBK_000006,booking_kaggle,hotels_00612,hotel,Al Eairy Apartments- Tabuk 2,Tabuk,Tabuk
TBK_000007,booking_kaggle,hotels_00623,hotel,Al Eairy Apartments- Tabuk 4,Tabuk,Tabuk
TBK_000008,booking_kaggle,hotels_00405,hotel,Aral Hotel Apartments,Tabuk,Tabuk
TBK_000009,booking_kaggle,hotels_00377,hotel,Ertiaad Hotel,Tabuk,Tabuk
TBK_000010,booking_kaggle,hotels_00245,hotel,Holiday Inn Tabuk,Tabuk,Tabuk
TBK_000011,booking_kaggle,hotels_00809,hotel,OYO 232 Fawasel Tabuk 2 Hotel Apartment,Tabuk,Tabuk
TBK_000012,booking_kaggle,hotels_00814,hotel,OYO 301 Asfrine Hotel Apartment,Tabuk,Tabuk
TBK_000013,booking_kaggle,hotels_00864,hotel,OYO 470 Dar Lafina,Tabuk,Tabuk
TBK_000014,booking_kaggle,hotels_00774,hotel,Zaer Al Fakhama Hotel Apartments,Tabuk,Tabuk
TBK_000015,booking_kaggle,hotels_00983,hotel,Zain Tabuk Apartment,Tabuk,Tabuk
TBK_000016,booking_kaggle,hotels_00640,hotel,الروضة للغرف الفندقية,Tabuk,Tabuk
TBK_000017,booking_kaggle,hotels_00333,hotel,السمو للشقق و الغرف,Al Bad‘,Tabuk
TBK_000018,booking_kaggle,hotels_00469,hotel,المواسم الأربعة,Tabuk,Tabuk
TBK_000019,booking_kaggle,hotels_00502,hotel,تبوك ستار1,Tabuk,Tabuk
TBK_000020,booking_kaggle,hotels_00625,hotel,جوهره المواسم,Tabuk,Tabuk
TBK_000021,booking_kaggle,hotels_00272,hotel,دار ال زاهب للشقق المفروشة,Tabuk,Tabuk
TBK_000022,booking_kaggle,hotels_00298,hotel,درة الرومانسية (3),Tabuk,Tabuk
TBK_000023,booking_kaggle,hotels_00340,hotel,درة الرومانسية 1,Tabuk,Tabuk
TBK_000024,booking_kaggle,hotels_00939,hotel,شقة هاني,Umm Lajj,Tabuk
TBK_000025,booking_kaggle,hotels_00987,hotel,شقق مفروشة فاخرة عوائل,Tabuk,Tabuk
TBK_000026,booking_kaggle,hotels_00526,hotel,فندق الحمدان,Tabuk,Tabuk
TBK_000027,booking_kaggle,hotels_00356,hotel,فندق جاردن فيو,Tabuk,Tabuk
TBK_000028,entertainment_kaggle,entertainment_00086,entertainment,ڤوكس سينما تبوك بارك,Tabuk,Tabuk
TBK_000029,entertainment_kaggle,entertainment_00115,entertainment,ڤوكس سينما تبوك بارك,Tabuk,Tabuk
