review_id,place_name_raw,city,canonical_id,name_sim
reviews_00000,منتزه الخلب,Al Bahah,,
reviews_00001,منتزه الخلب,Al Bahah,,
reviews_00002,منتزه الخلب,Al Bahah,,
reviews_00003,منتزه الخلب,Al Bahah,,
reviews_00004,منتزه الخلب,Al Bahah,,
reviews_00005,منتزه الخلب,Al Bahah,,
reviews_00006,منتزه الخلب,Al Bahah,,
reviews_00007,منتزه الخلب,Al Bahah,,
reviews_00008,منتزه الخلب,Al Bahah,,
reviews_00009,منتزه الخلب,Al Bahah,,
reviews_00010,منتزه الخلب,Al Bahah,,
reviews_00011,منتزه الخلب,Al Bahah,,
reviews_00012,منتزه الخلب,Al Bahah,,
reviews_00013,منتزه الخلب,Al Bahah,,
reviews_00014,منتزه الخلب,Al Bahah,,
reviews_00015,منتزه الخلب,Al Bahah,,
reviews_00016,منتزه الخلب,Al Bahah,,
reviews_00017,منتزه الخلب,Al Bahah,,
reviews_00018,منتزه الخلب,Al Bahah,,
reviews_00019,منتزه الخلب,Al Bahah,,
reviews_00020,منتزه الخلب,Al Bahah,,
reviews_00021,منتزه الخلب,Al Bahah,,
reviews_00022,منتزه الخلب,Al Bahah,,
reviews_00023,منتزه الخلب,Al Bahah,,
reviews_00024,منتزه الخلب,Al Bahah,,
reviews_00025,منتزه الخلب,Al Bahah,,
reviews_00026,منتزه الخلب,Al Bahah,,
reviews_00027,منتزه الخلب,Al Bahah,,
reviews_00028,منتزه الخلب,Al Bahah,,
reviews_00029,منتزه الخلب,Al Bahah,,
reviews_00030,منتزه الخلب,Al Bahah,,
reviews_00031,منتزه الخلب,Al Bahah,,
reviews_00032,منتزه الخلب,Al Bahah,,
reviews_00033,منتزه الخلب,Al Bahah,,
reviews_00034,منتزه الخلب,Al Bahah,,
reviews_00035,منتزه الخلب,Al Bahah,,
reviews_00036,منتزه الخلب,Al Bahah,,
reviews_00037,منتزه الخلب,Al Bahah,,
reviews_00038,منتزه الخلب,Al Bahah,,
reviews_00039,منتزه الخلب,Al Bahah,,
reviews_00040,منتزه الخلب,Al Bahah,,
reviews_00041,منتزه الخلب,Al Bahah,,
reviews_00042,منتزه الخلب,Al Bahah,,
reviews_00043,منتزه الخلب,Al Bahah,,
reviews_00044,منتزه الخلب,Al Bahah,,
reviews_00045,منتزه الخلب,Al Bahah,,
reviews_00046,منتزه الخلب,Al Bahah,,
reviews_00047,منتزه الخلب,Al Bahah,,
reviews_00048,منتزه الخلب,Al Bahah,,
reviews_00049,منتزه الخلب,Al Bahah,,
reviews_00050,منتزه الخلب,Al Bahah,,
reviews_00051,منتزه الخلب,Al Bahah,,
reviews_00052,منتزه الخلب,Al Bahah,,
reviews_00053,منتزه الخلب,Al Bahah,,
reviews_00054,منتزه الخلب,Al Bahah,,
reviews_00055,منتزه الخلب,Al Bahah,,
reviews_00056,منتزه الخلب,Al Bahah,,
reviews_00057,منتزه الخلب,Al Bahah,,
reviews_00058,منتزه الخلب,Al Bahah,,
reviews_00059,منتزه الخلب,Al Bahah,,
reviews_00060,منتزه الخلب,Al Bahah,,
reviews_00061,منتزه الخلب,Al Bahah,,
reviews_00062,منتزه الخلب,Al Bahah,,
reviews_00063,منتزه الخلب,Al Bahah,,
reviews_00064,منتزه الخلب,Al Bahah,,
reviews_00065,منتزه الخلب,Al Bahah,,
reviews_00066,منتزه الخلب,Al Bahah,,
reviews_00067,منتزه الخلب,Al Bahah,,
reviews_00068,منتزه الخلب,Al Bahah,,
reviews_00069,منتزه الخلب,Al Bahah,,
reviews_00070,منتزه الخلب,Al Bahah,,
reviews_00071,منتزه الخلب,Al Bahah,,
reviews_00072,منتزه الخلب,Al Bahah,,
reviews_00073,منتزه الخلب,Al Bahah,,
reviews_00074,منتزه الخلب,Al Bahah,,
reviews_00075,منتزه الخلب,Al Bahah,,
reviews_00076,منتزه الخلب,Al Bahah,,
reviews_00077,منتزه الخلب,Al Bahah,,
reviews_00078,منتزه الخلب,Al Bahah,,
reviews_00079,منتزه الخلب,Al Bahah,,
reviews_00080,منتزه الخلب,Al Bahah,,
reviews_00081,منتزه الخلب,Al Bahah,,
reviews_00082,منتزه الخلب,Al Bahah,,
reviews_00083,منتزه الخلب,Al Bahah,,
reviews_00084,منتزه الخلب,Al Bahah,,
reviews_00085,منتزه الخلب,Al Bahah,,
reviews_00086,منتزه الخلب,Al Bahah,,
reviews_00087,منتزه الخلب,Al Bahah,,
reviews_00088,منتزه الخلب,Al Bahah,,
reviews_00089,منتزه الخلب,Al Bahah,,
reviews_00090,منتزه الخلب,Al Bahah,,
reviews_00091,منتزه الخلب,Al Bahah,,
reviews_00092,منتزه الخلب,Al Bahah,,
reviews_00093,منتزه الخلب,Al Bahah,,
reviews_00094,منتزه الخلب,Al Bahah,,
reviews_00095,منتزه الخلب,Al Bahah,,
reviews_00096,منتزه الخلب,Al Bahah,,
reviews_00097,منتزه الخلب,Al Bahah,,
reviews_00098,منتزه الخلب,Al Bahah,,
reviews_00099,منتزه الخلب,Al Bahah,,
reviews_00100,منتزه الخلب,Al Bahah,,
reviews_00101,منتزه الخلب,Al Bahah,,
reviews_00102,منتزه الخلب,Al Bahah,,
reviews_00103,منتزه الخلب,Al Bahah,,
reviews_00104,منتزه الخلب,Al Bahah,,
reviews_00105,منتزه الخلب,Al Bahah,,
reviews_00106,منتزه الخلب,Al Bahah,,
reviews_00107,منتزه الخلب,Al Bahah,,
reviews_00108,منتزه الخلب,Al Bahah,,
reviews_00109,منتزه الخلب,Al Bahah,,
reviews_00110,منتزه الخلب,Al Bahah,,
reviews_00111,منتزه الخلب,Al Bahah,,
reviews_00112,منتزه الخلب,Al Bahah,,
reviews_00113,منتزه الخلب,Al Bahah,,
reviews_00114,منتزه الخلب,Al Bahah,,
reviews_00115,منتزه الخلب,Al Bahah,,
reviews_00116,منتزه الخلب,Al Bahah,,
reviews_00117,منتزه الخلب,Al Bahah,,
reviews_00118,منتزه الخلب,Al Bahah,,
reviews_00119,منتزه الخلب,Al Bahah,,
reviews_00120,منتزه الخلب,Al Bahah,,
reviews_00121,منتزه الخلب,Al Bahah,,
reviews_00122,منتزه الخلب,Al Bahah,,
reviews_00123,منتزه الخلب,Al Bahah,,
reviews_00124,منتزه الخلب,Al Bahah,,
reviews_00125,منتزه الخلب,Al Bahah,,
reviews_00126,منتزه الخلب,Al Bahah,,
reviews_00127,منتزه الخلب,Al Bahah,,
reviews_00128,منتزه الخلب,Al Bahah,,
reviews_00129,منتزه الخلب,Al Bahah,,
reviews_00130,منتزه الخلب,Al Bahah,,
reviews_00131,منتزه الخلب,Al Bahah,,
reviews_00132,منتزه الخلب,Al Bahah,,
reviews_00133,منتزه الخلب,Al Bahah,,
reviews_00134,منتزه الخلب,Al Bahah,,
reviews_00135,منتزه الخلب,Al Bahah,,
reviews_00136,منتزه الخلب,Al Bahah,,
reviews_00137,منتزه الخلب,Al Bahah,,
reviews_00138,منتزه الخلب,Al Bahah,,
reviews_00139,منتزه الخلب,Al Bahah,,
reviews_00140,منتزه الخلب,Al Bahah,,
reviews_00141,منتزه الخلب,Al Bahah,,
reviews_00142,منتزه الخلب,Al Bahah,,
reviews_00143,منتزه الخلب,Al Bahah,,
reviews_00144,منتزه الخلب,Al Bahah,,
reviews_00145,منتزه الخلب,Al Bahah,,
reviews_00146,منتزه الخلب,Al Bahah,,
reviews_00147,منتزه الخلب,Al Bahah,,
reviews_00148,منتزه الخلب,Al Bahah,,
reviews_00149,منتزه الخلب,Al Bahah,,
reviews_00150,منتزه الخلب,Al Bahah,,
reviews_00151,منتزه الخلب,Al Bahah,,
reviews_00152,منتزه الخلب,Al Bahah,,
reviews_00153,منتزه الخلب,Al Bahah,,
reviews_00154,منتزه الخلب,Al Bahah,,
reviews_00155,منتزه الخلب,Al Bahah,,
reviews_00156,منتزه الخلب,Al Bahah,,
reviews_00157,منتزه الخلب,Al Bahah,,
reviews_00158,منتزه الخلب,Al Bahah,,
reviews_00159,منتزه الخلب,Al Bahah,,
reviews_00160,منتزه الخلب,Al Bahah,,
reviews_00161,منتزه الخلب,Al Bahah,,
reviews_00162,منتزه الخلب,Al Bahah,,
reviews_00163,منتزه الخلب,Al Bahah,,
reviews_00164,منتزه الخلب,Al Bahah,,
reviews_00165,منتزه الخلب,Al Bahah,,
reviews_00166,منتزه الخلب,Al Bahah,,
reviews_00167,منتزه الخلب,Al Bahah,,
reviews_00168,منتزه الخلب,Al Bahah,,
reviews_00169,منتزه الخلب,Al Bahah,,
reviews_00170,منتزه الخلب,Al Bahah,,
reviews_00171,منتزه الخلب,Al Bahah,,
reviews_00172,منتزه الخلب,Al Bahah,,
reviews_00173,منتزه الخلب,Al Bahah,,
reviews_00174,منتزه الخلب,Al Bahah,,
reviews_00175,منتزه الخلب,Al Bahah,,
reviews_00176,منتزه الخلب,Al Bahah,,
reviews_00177,منتزه الخلب,Al Bahah,,
reviews_00178,منتزه الخلب,Al Bahah,,
reviews_00179,منتزه الخلب,Al Bahah,,
reviews_00180,حديقة أبو خيال,Abha,,
reviews_00181,حديقة أبو خيال,Abha,,
reviews_00182,حديقة أبو خيال,Abha,,
reviews_00183,حديقة أبو خيال,Abha,,
reviews_00184,حديقة أبو خيال,Abha,,
reviews_00185,حديقة أبو خيال,Abha,,
reviews_00186,حديقة أبو خيال,Abha,,
reviews_00187,حديقة أبو خيال,Abha,,
reviews_00188,حديقة أبو خيال,Abha,,
reviews_00189,حديقة أبو خيال,Abha,,
reviews_00190,حديقة أبو خيال,Abha,,
reviews_00191,حديقة أبو خيال,Abha,,
reviews_00192,حديقة أبو خيال,Abha,,
reviews_00193,حديقة أبو خيال,Abha,,
reviews_00194,حديقة أبو خيال,Abha,,
reviews_00195,حديقة أبو خيال,Abha,,
reviews_00196,حديقة أبو خيال,Abha,,
reviews_00197,حديقة أبو خيال,Abha,,
reviews_00198,حديقة أبو خيال,Abha,,
reviews_00199,حديقة أبو خيال,Abha,,
reviews_00200,حديقة أبو خيال,Abha,,
reviews_00201,حديقة أبو خيال,Abha,,
reviews_00202,حديقة أبو خيال,Abha,,
reviews_00203,حديقة أبو خيال,Abha,,
reviews_00204,حديقة أبو خيال,Abha,,
reviews_00205,حديقة أبو خيال,Abha,,
reviews_00206,حديقة أبو خيال,Abha,,
reviews_00207,حديقة أبو خيال,Abha,,
reviews_00208,حديقة أبو خيال,Abha,,
reviews_00209,حديقة أبو خيال,Abha,,
reviews_00210,حديقة أبو خيال,Abha,,
reviews_00211,حديقة أبو خيال,Abha,,
reviews_00212,حديقة أبو خيال,Abha,,
reviews_00213,حديقة أبو خيال,Abha,,
reviews_00214,حديقة أبو خيال,Abha,,
reviews_00215,حديقة أبو خيال,Abha,,
reviews_00216,حديقة أبو خيال,Abha,,
reviews_00217,حديقة أبو خيال,Abha,,
reviews_00218,حديقة أبو خيال,Abha,,
reviews_00219,حديقة أبو خيال,Abha,,
reviews_00220,حديقة أبو خيال,Abha,,
reviews_00221,حديقة أبو خيال,Abha,,
reviews_00222,حديقة أبو خيال,Abha,,
reviews_00223,حديقة أبو خيال,Abha,,
reviews_00224,حديقة أبو خيال,Abha,,
reviews_00225,حديقة أبو خيال,Abha,,
reviews_00226,حديقة أبو خيال,Abha,,
reviews_00227,حديقة أبو خيال,Abha,,
reviews_00228,حديقة أبو خيال,Abha,,
reviews_00229,حديقة أبو خيال,Abha,,
reviews_00230,حديقة أبو خيال,Abha,,
reviews_00231,حديقة أبو خيال,Abha,,
reviews_00232,حديقة أبو خيال,Abha,,
reviews_00233,حديقة أبو خيال,Abha,,
reviews_00234,حديقة أبو خيال,Abha,,
reviews_00235,حديقة أبو خيال,Abha,,
reviews_00236,حديقة أبو خيال,Abha,,
reviews_00237,حديقة أبو خيال,Abha,,
reviews_00238,حديقة أبو خيال,Abha,,
reviews_00239,حديقة أبو خيال,Abha,,
reviews_00240,حديقة أبو خيال,Abha,,
reviews_00241,حديقة أبو خيال,Abha,,
reviews_00242,حديقة أبو خيال,Abha,,
reviews_00243,حديقة أبو خيال,Abha,,
reviews_00244,حديقة أبو خيال,Abha,,
reviews_00245,حديقة أبو خيال,Abha,,
reviews_00246,حديقة أبو خيال,Abha,,
reviews_00247,حديقة أبو خيال,Abha,,
reviews_00248,حديقة أبو خيال,Abha,,
reviews_00249,حديقة أبو خيال,Abha,,
reviews_00250,حديقة أبو خيال,Abha,,
reviews_00251,حديقة أبو خيال,Abha,,
reviews_00252,حديقة أبو خيال,Abha,,
reviews_00253,حديقة أبو خيال,Abha,,
reviews_00254,حديقة أبو خيال,Abha,,
reviews_00255,حديقة أبو خيال,Abha,,
reviews_00256,حديقة أبو خيال,Abha,,
reviews_00257,حديقة أبو خيال,Abha,,
reviews_00258,حديقة أبو خيال,Abha,,
reviews_00259,حديقة أبو خيال,Abha,,
reviews_00260,حديقة أبو خيال,Abha,,
reviews_00261,حديقة أبو خيال,Abha,,
reviews_00262,حديقة أبو خيال,Abha,,
reviews_00263,حديقة أبو خيال,Abha,,
reviews_00264,حديقة أبو خيال,Abha,,
reviews_00265,حديقة أبو خيال,Abha,,
reviews_00266,حديقة أبو خيال,Abha,,
reviews_00267,حديقة أبو خيال,Abha,,
reviews_00268,حديقة أبو خيال,Abha,,
reviews_00269,حديقة أبو خيال,Abha,,
reviews_00270,حديقة أبو خيال,Abha,,
reviews_00271,حديقة أبو خيال,Abha,,
reviews_00272,حديقة أبو خيال,Abha,,
reviews_00273,حديقة أبو خيال,Abha,,
reviews_00274,حديقة أبو خيال,Abha,,
reviews_00275,حديقة أبو خيال,Abha,,
reviews_00276,حديقة أبو خيال,Abha,,
reviews_00277,حديقة أبو خيال,Abha,,
reviews_00278,مزرعة الريف,Taif,,0.286
reviews_00279,مزرعة الريف,Taif,,0.286
reviews_00280,مزرعة الريف,Taif,,0.286
reviews_00281,مزرعة الريف,Taif,,0.286
reviews_00282,مزرعة الريف,Taif,,0.286
reviews_00283,مزرعة الريف,Taif,,0.286
reviews_00284,مزرعة الريف,Taif,,0.286
reviews_00285,مزرعة الريف,Taif,,0.286
reviews_00286,مزرعة الريف,Taif,,0.286
reviews_00287,مزرعة الريف,Taif,,0.286
reviews_00288,مزرعة الريف,Taif,,0.286
reviews_00289,مزرعة الريف,Taif,,0.286
reviews_00290,مزرعة الريف,Taif,,0.286
reviews_00291,مزرعة الريف,Taif,,0.286
reviews_00292,مزرعة الريف,Taif,,0.286
reviews_00293,مزرعة الريف,Taif,,0.286
reviews_00294,مزرعة الريف,Taif,,0.286
reviews_00295,مزرعة الريف,Taif,,0.286
reviews_00296,مزرعة الريف,Taif,,0.286
reviews_00297,مزرعة الريف,Taif,,0.286
reviews_00298,مزرعة الريف,Taif,,0.286
reviews_00299,مزرعة الريف,Taif,,0.286
reviews_00300,مزرعة الريف,Taif,,0.286
reviews_00301,مزرعة الريف,Taif,,0.286
reviews_00302,مزرعة الريف,Taif,,0.286
reviews_00303,مزرعة الريف,Taif,,0.286
reviews_00304,مزرعة الريف,Taif,,0.286
reviews_00305,مزرعة الريف,Taif,,0.286
reviews_00306,مزرعة الريف,Taif,,0.286
reviews_00307,مزرعة الريف,Taif,,0.286
reviews_00308,مزرعة الريف,Taif,,0.286
reviews_00309,مزرعة الريف,Taif,,0.286
reviews_00310,مزرعة الريف,Taif,,0.286
reviews_00311,مزرعة الريف,Taif,,0.286
reviews_00312,مزرعة الريف,Taif,,0.286
reviews_00313,مزرعة الريف,Taif,,0.286
reviews_00314,مزرعة الريف,Taif,,0.286
reviews_00315,مزرعة الريف,Taif,,0.286
reviews_00316,مزرعة الريف,Taif,,0.286
reviews_00317,مزرعة الريف,Taif,,0.286
reviews_00318,مزرعة الريف,Taif,,0.286
reviews_00319,مزرعة الريف,Taif,,0.286
reviews_00320,مزرعة الريف,Taif,,0.286
reviews_00321,مزرعة الريف,Taif,,0.286
reviews_00322,مزرعة الريف,Taif,,0.286
reviews_00323,مزرعة الريف,Taif,,0.286
reviews_00324,مزرعة الريف,Taif,,0.286
reviews_00325,مزرعة الريف,Taif,,0.286
reviews_00326,مزرعة الريف,Taif,,0.286
reviews_00327,مزرعة الريف,Taif,,0.286
reviews_00328,مزرعة الريف,Taif,,0.286
reviews_00329,مزرعة الريف,Taif,,0.286
reviews_00330,مزرعة الريف,Taif,,0.286
reviews_00331,مزرعة الريف,Taif,,0.286
reviews_00332,مزرعة الريف,Taif,,0.286
reviews_00333,مزرعة الريف,Taif,,0.286
reviews_00334,مزرعة الريف,Taif,,0.286
reviews_00335,مزرعة الريف,Taif,,0.286
reviews_00336,مزرعة الريف,Taif,,0.286
reviews_00337,مزرعة الريف,Taif,,0.286
reviews_00338,مزرعة الريف,Taif,,0.286
reviews_00339,مزرعة الريف,Taif,,0.286
reviews_00340,مزرعة الريف,Taif,,0.286
reviews_00341,مزرعة الريف,Taif,,0.286
reviews_00342,مزرعة الريف,Taif,,0.286
reviews_00343,مزرعة الريف,Taif,,0.286
reviews_00344,مزرعة الريف,Taif,,0.286
reviews_00345,مزرعة الريف,Taif,,0.286
reviews_00346,مزرعة الريف,Taif,,0.286
reviews_00347,مزرعة الريف,Taif,,0.286
reviews_00348,مزرعة الريف,Taif,,0.286
reviews_00349,مزرعة الريف,Taif,,0.286
reviews_00350,مزرعة الريف,Taif,,0.286
reviews_00351,مزرعة الريف,Taif,,0.286
reviews_00352,مزرعة الريف,Taif,,0.286
reviews_00353,مزرعة الريف,Taif,,0.286
reviews_00354,مزرعة الريف,Taif,,0.286
reviews_00355,مزرعة الريف,Taif,,0.286
reviews_00356,مزرعة الريف,Taif,,0.286
reviews_00357,مزرعة الريف,Taif,,0.286
reviews_00358,مزرعة الريف,Taif,,0.286
reviews_00359,مزرعة الريف,Taif,,0.286
reviews_00360,مزرعة الريف,Taif,,0.286
reviews_00361,مزرعة الريف,Taif,,0.286
reviews_00362,مزرعة الريف,Taif,,0.286
reviews_00363,مزرعة الريف,Taif,,0.286
reviews_00364,مزرعة الريف,Taif,,0.286
reviews_00365,مزرعة الريف,Taif,,0.286
reviews_00366,مزرعة الريف,Taif,,0.286
reviews_00367,مزرعة الريف,Taif,,0.286
reviews_00368,مزرعة الريف,Taif,,0.286
reviews_00369,مزرعة الريف,Taif,,0.286
reviews_00370,مزرعة الريف,Taif,,0.286
reviews_00371,مزرعة الريف,Taif,,0.286
reviews_00372,مزرعة الريف,Taif,,0.286
reviews_00373,مزرعة الريف,Taif,,0.286
reviews_00374,مزرعة الريف,Taif,,0.286
reviews_00375,مزرعة الريف,Taif,,0.286
reviews_00376,مزرعة الريف,Taif,,0.286
reviews_00377,مزرعة الريف,Taif,,0.286
reviews_00378,مزرعة الريف,Taif,,0.286
reviews_00379,مزرعة الريف,Taif,,0.286
reviews_00380,مزرعة الريف,Taif,,0.286
reviews_00381,مزرعة الريف,Taif,,0.286
reviews_00382,مزرعة الريف,Taif,,0.286
reviews_00383,مزرعة الريف,Taif,,0.286
reviews_00384,مزرعة الريف,Taif,,0.286
reviews_00385,مزرعة الريف,Taif,,0.286
reviews_00386,مزرعة الريف,Taif,,0.286
reviews_00387,مزرعة الريف,Taif,,0.286
reviews_00388,مزرعة الريف,Taif,,0.286
reviews_00389,مزرعة الريف,Taif,,0.286
reviews_00390,مزرعة الريف,Taif,,0.286
reviews_00391,مزرعة الريف,Taif,,0.286
reviews_00392,مزرعة الريف,Taif,,0.286
reviews_00393,مزرعة الريف,Taif,,0.286
reviews_00394,مزرعة الريف,Taif,,0.286
reviews_00395,مزرعة الريف,Taif,,0.286
reviews_00396,مزرعة الريف,Taif,,0.286
reviews_00397,مزرعة الريف,Taif,,0.286
reviews_00398,مزرعة الريف,Taif,,0.286
reviews_00399,مزرعة الريف,Taif,,0.286
reviews_00400,مزرعة الريف,Taif,,0.286
reviews_00401,مزرعة الريف,Taif,,0.286
reviews_00402,مزرعة الريف,Taif,,0.286
reviews_00403,مزرعة الريف,Taif,,0.286
reviews_00404,مزرعة الريف,Taif,,0.286
reviews_00405,مزرعة الريف,Taif,,0.286
reviews_00406,مزرعة الريف,Taif,,0.286
reviews_00407,مزرعة الريف,Taif,,0.286
reviews_00408,مزرعة الريف,Taif,,0.286
reviews_00409,مزرعة الريف,Taif,,0.286
reviews_00410,مزرعة الريف,Taif,,0.286
reviews_00411,مزرعة الريف,Taif,,0.286
reviews_00412,مزرعة الريف,Taif,,0.286
reviews_00413,مزرعة الريف,Taif,,0.286
reviews_00414,مزرعة الريف,Taif,,0.286
reviews_00415,مزرعة الريف,Taif,,0.286
reviews_00416,مزرعة الريف,Taif,,0.286
reviews_00417,مزرعة الريف,Taif,,0.286
reviews_00418,مزرعة الريف,Taif,,0.286
reviews_00419,مزرعة الريف,Taif,,0.286
reviews_00420,مزرعة الريف,Taif,,0.286
reviews_00421,مزرعة الريف,Taif,,0.286
reviews_00422,مزرعة الريف,Taif,,0.286
reviews_00423,مزرعة الريف,Taif,,0.286
reviews_00424,مزرعة الريف,Taif,,0.286
reviews_00425,مزرعة الريف,Taif,,0.286
reviews_00426,مزرعة الريف,Taif,,0.286
reviews_00427,مزرعة الريف,Taif,,0.286
reviews_00428,مزرعة الريف,Taif,,0.286
reviews_00429,مزرعة الريف,Taif,,0.286
reviews_00430,مزرعة الريف,Taif,,0.286
reviews_00431,مزرعة الريف,Taif,,0.286
reviews_00432,مزرعة الريف,Taif,,0.286
reviews_00433,مزرعة الريف,Taif,,0.286
reviews_00434,مزرعة الريف,Taif,,0.286
reviews_00435,مزرعة الريف,Taif,,0.286
reviews_00436,مزرعة الريف,Taif,,0.286
reviews_00437,مزرعة الريف,Taif,,0.286
reviews_00438,مزرعة الريف,Taif,,0.286
reviews_00439,مزرعة الريف,Taif,,0.286
reviews_00440,مزرعة الريف,Taif,,0.286
reviews_00441,مزرعة الريف,Taif,,0.286
reviews_00442,مزرعة الريف,Taif,,0.286
reviews_00443,مزرعة الريف,Taif,,0.286
reviews_00444,مزرعة الريف,Taif,,0.286
reviews_00445,مزرعة الريف,Taif,,0.286
reviews_00446,مزرعة الريف,Taif,,0.286
reviews_00447,مزرعة الريف,Taif,,0.286
reviews_00448,مزرعة الريف,Taif,,0.286
reviews_00449,مزرعة الريف,Taif,,0.286
reviews_00450,مزرعة الريف,Taif,,0.286
reviews_00451,مزرعة الريف,Taif,,0.286
reviews_00452,مزرعة الريف,Taif,,0.286
reviews_00453,مزرعة الريف,Taif,,0.286
reviews_00454,مزرعة الريف,Taif,,0.286
reviews_00455,مزرعة الريف,Taif,,0.286
reviews_00456,مزرعة الريف,Taif,,0.286
reviews_00457,مزرعة الريف,Taif,,0.286
reviews_00458,مزرعة الريف,Taif,,0.286
reviews_00459,مزرعة الريف,Taif,,0.286
reviews_00460,مزرعة الريف,Taif,,0.286
reviews_00461,مزرعة الريف,Taif,,0.286
reviews_00462,مزرعة الريف,Taif,,0.286
reviews_00463,مزرعة الريف,Taif,,0.286
reviews_00464,مزرعة الريف,Taif,,0.286
reviews_00465,مزرعة الريف,Taif,,0.286
reviews_00466,مزرعة الريف,Taif,,0.286
reviews_00467,مزرعة الريف,Taif,,0.286
reviews_00468,مزرعة الريف,Taif,,0.286
reviews_00469,مزرعة الريف,Taif,,0.286
reviews_00470,مزرعة الريف,Taif,,0.286
reviews_00471,مزرعة الريف,Taif,,0.286
reviews_00472,مزرعة الريف,Taif,,0.286
reviews_00473,مزرعة الريف,Taif,,0.286
reviews_00474,مزرعة الريف,Taif,,0.286
reviews_00475,مزرعة الريف,Taif,,0.286
reviews_00476,مزرعة الريف,Taif,,0.286
reviews_00477,مزرعة الريف,Taif,,0.286
reviews_00478,مزرعة الريف,Taif,,0.286
reviews_00479,مزرعة الريف,Taif,,0.286
reviews_00480,مزرعة الريف,Taif,,0.286
reviews_00481,مزرعة الريف,Taif,,0.286
reviews_00482,مزرعة الريف,Taif,,0.286
reviews_00483,مزرعة الريف,Taif,,0.286
reviews_00484,مزرعة الريف,Taif,,0.286
reviews_00485,مزرعة الريف,Taif,,0.286
reviews_00486,مزرعة الريف,Taif,,0.286
reviews_00487,مزرعة الريف,Taif,,0.286
reviews_00488,مزرعة الريف,Taif,,0.286
reviews_00489,مزرعة الريف,Taif,,0.286
reviews_00490,مزرعة الريف,Taif,,0.286
reviews_00491,مزرعة الريف,Taif,,0.286
reviews_00492,مزرعة الريف,Taif,,0.286
reviews_00493,مزرعة الريف,Taif,,0.286
reviews_00494,مزرعة الريف,Taif,,0.286
reviews_00495,مزرعة الريف,Taif,,0.286
reviews_00496,مزرعة الريف,Taif,,0.286
reviews_00497,مزرعة الريف,Taif,,0.286
reviews_00498,مزرعة الريف,Taif,,0.286
reviews_00499,مزرعة الريف,Taif,,0.286
reviews_00500,مزرعة الريف,Taif,,0.286
reviews_00501,مزرعة الريف,Taif,,0.286
reviews_00502,مزرعة الريف,Taif,,0.286
reviews_00503,مزرعة الريف,Taif,,0.286
reviews_00504,مزرعة الريف,Taif,,0.286
reviews_00505,مزرعة الريف,Taif,,0.286
reviews_00506,مزرعة الريف,Taif,,0.286
reviews_00507,مزرعة الريف,Taif,,0.286
reviews_00508,مزرعة الريف,Taif,,0.286
reviews_00509,مزرعة الريف,Taif,,0.286
reviews_00510,مزرعة الريف,Taif,,0.286
reviews_00511,مزرعة الريف,Taif,,0.286
reviews_00512,مزرعة الريف,Taif,,0.286
reviews_00513,مزرعة الريف,Taif,,0.286
reviews_00514,مزرعة الريف,Taif,,0.286
reviews_00515,مزرعة الريف,Taif,,0.286
reviews_00516,مزرعة الريف,Taif,,0.286
reviews_00517,مزرعة الريف,Taif,,0.286
reviews_00518,مزرعة الريف,Taif,,0.286
reviews_00519,مزرعة الريف,Taif,,0.286
reviews_00520,مزرعة الريف,Taif,,0.286
reviews_00521,مزرعة الريف,Taif,,0.286
reviews_00522,مزرعة الريف,Taif,,0.286
reviews_00523,مزرعة الريف,Taif,,0.286
reviews_00524,مزرعة الريف,Taif,,0.286
reviews_00525,مزرعة الريف,Taif,,0.286
reviews_00526,مزرعة الريف,Taif,,0.286
reviews_00527,مزرعة الريف,Taif,,0.286
reviews_00528,مزرعة الريف,Taif,,0.286
reviews_00529,مزرعة الريف,Taif,,0.286
reviews_00530,مزرعة الريف,Taif,,0.286
reviews_00531,مزرعة الريف,Taif,,0.286
reviews_00532,مزرعة الريف,Taif,,0.286
reviews_00533,مزرعة الريف,Taif,,0.286
reviews_00534,مزرعة الريف,Taif,,0.286
reviews_00535,مزرعة الريف,Taif,,0.286
reviews_00536,مزرعة الريف,Taif,,0.286
reviews_00537,مزرعة الريف,Taif,,0.286
reviews_00538,مزرعة الريف,Taif,,0.286
reviews_00539,مزرعة الريف,Taif,,0.286
reviews_00540,مزرعة الريف,Taif,,0.286
reviews_00541,مزرعة الريف,Taif,,0.286
reviews_00542,مزرعة الريف,Taif,,0.286
reviews_00543,مزرعة الريف,Taif,,0.286
reviews_00544,مزرعة الريف,Taif,,0.286
reviews_00545,مزرعة الريف,Taif,,0.286
reviews_00546,مزرعة الريف,Taif,,0.286
reviews_00547,مزرعة الريف,Taif,,0.286
reviews_00548,مزرعة الريف,Taif,,0.286
reviews_00549,مزرعة الريف,Taif,,0.286
reviews_00550,مزرعة الريف,Taif,,0.286
reviews_00551,مزرعة الريف,Taif,,0.286
reviews_00552,مزرعة الريف,Taif,,0.286
reviews_00553,مزرعة الريف,Taif,,0.286
reviews_00554,مزرعة الريف,Taif,,0.286
reviews_00555,مزرعة الريف,Taif,,0.286
reviews_00556,مزرعة الريف,Taif,,0.286
reviews_00557,مزرعة الريف,Taif,,0.286
reviews_00558,مزرعة الريف,Taif,,0.286
reviews_00559,مزرعة الريف,Taif,,0.286
reviews_00560,مزرعة الريف,Taif,,0.286
reviews_00561,مزرعة الريف,Taif,,0.286
reviews_00562,مزرعة الريف,Taif,,0.286
reviews_00563,مزرعة الريف,Taif,,0.286
reviews_00564,مزرعة الريف,Taif,,0.286
reviews_00565,مزرعة الريف,Taif,,0.286
reviews_00566,مزرعة الريف,Taif,,0.286
reviews_00567,مزرعة الريف,Taif,,0.286
reviews_00568,مزرعة الريف,Taif,,0.286
reviews_00569,مزرعة الريف,Taif,,0.286
reviews_00570,مزرعة الريف,Taif,,0.286
reviews_00571,مزرعة الريف,Taif,,0.286
reviews_00572,مزرعة الريف,Taif,,0.286
reviews_00573,مزرعة الريف,Taif,,0.286
reviews_00574,مزرعة الريف,Taif,,0.286
reviews_00575,مزرعة الريف,Taif,,0.286
reviews_00576,مزرعة الريف,Taif,,0.286
reviews_00577,مزرعة الريف,Taif,,0.286
reviews_00578,مزرعة الريف,Taif,,0.286
reviews_00579,مزرعة الريف,Taif,,0.286
reviews_00580,مزرعة الريف,Taif,,0.286
reviews_00581,مزرعة الريف,Taif,,0.286
reviews_00582,مزرعة الريف,Taif,,0.286
reviews_00583,مزرعة الريف,Taif,,0.286
reviews_00584,مزرعة الريف,Taif,,0.286
reviews_00585,مزرعة الريف,Taif,,0.286
reviews_00586,مزرعة الريف,Taif,,0.286
reviews_00587,مزرعة الزيتونة,Al Bahah,,
reviews_00588,مزرعة الزيتونة,Al Bahah,,
reviews_00589,مزرعة الزيتونة,Al Bahah,,
reviews_00590,مزرعة الزيتونة,Al Bahah,,
reviews_00591,مزرعة الزيتونة,Al Bahah,,
reviews_00592,مزرعة الزيتونة,Al Bahah,,
reviews_00593,مزرعة الزيتونة,Al Bahah,,
reviews_00594,مزرعة الزيتونة,Al Bahah,,
reviews_00595,مزرعة الزيتونة,Al Bahah,,
reviews_00596,مزرعة الزيتونة,Al Bahah,,
reviews_00597,مزرعة الزيتونة,Al Bahah,,
reviews_00598,مزرعة الزيتونة,Al Bahah,,
reviews_00599,مزرعة الزيتونة,Al Bahah,,
reviews_00600,مزرعة الزيتونة,Al Bahah,,
reviews_00601,مزرعة الزيتونة,Al Bahah,,
reviews_00602,مزرعة الزيتونة,Al Bahah,,
reviews_00603,مزرعة الزيتونة,Al Bahah,,
reviews_00604,مزرعة الزيتونة,Al Bahah,,
reviews_00605,مزرعة الزيتونة,Al Bahah,,
reviews_00606,مزرعة الزيتونة,Al Bahah,,
reviews_00607,مزرعة الزيتونة,Al Bahah,,
reviews_00608,مزرعة الزيتونة,Al Bahah,,
reviews_00609,مزرعة الزيتونة,Al Bahah,,
reviews_00610,مزرعة الزيتونة,Al Bahah,,
reviews_00611,مزرعة الزيتونة,Al Bahah,,
reviews_00612,مزرعة الزيتونة,Al Bahah,,
reviews_00613,مزرعة الزيتونة,Al Bahah,,
reviews_00614,مزرعة الزيتونة,Al Bahah,,
reviews_00615,مزرعة الزيتونة,Al Bahah,,
reviews_00616,مزرعة الزيتونة,Al Bahah,,
reviews_00617,مزرعة الزيتونة,Al Bahah,,
reviews_00618,مزرعة الزيتونة,Al Bahah,,
reviews_00619,مزرعة الزيتونة,Al Bahah,,
reviews_00620,مزرعة الزيتونة,Al Bahah,,
reviews_00621,مزرعة الزيتونة,Al Bahah,,
reviews_00622,مزرعة الزيتونة,Al Bahah,,
reviews_00623,مزرعة الزيتونة,Al Bahah,,
reviews_00624,مزرعة الزيتونة,Al Bahah,,
reviews_00625,مزرعة الزيتونة,Al Bahah,,
reviews_00626,مزرعة الزيتونة,Al Bahah,,
reviews_00627,مزرعة الزيتونة,Al Bahah,,
reviews_00628,مزرعة الزيتونة,Al Bahah,,
reviews_00629,مزرعة الزيتونة,Al Bahah,,
reviews_00630,مزرعة الزيتونة,Al Bahah,,
reviews_00631,مزرعة الزيتونة,Al Bahah,,
reviews_00632,مزرعة الزيتونة,Al Bahah,,
reviews_00633,مزرعة الزيتونة,Al Bahah,,
reviews_00634,مزرعة الزيتونة,Al Bahah,,
reviews_00635,مزرعة الزيتونة,Al Bahah,,
reviews_00636,مزرعة الزيتونة,Al Bahah,,
reviews_00637,مزرعة الزيتونة,Al Bahah,,
reviews_00638,مزرعة الزيتونة,Al Bahah,,
reviews_00639,مزرعة الزيتونة,Al Bahah,,
reviews_00640,مزرعة الزيتونة,Al Bahah,,
reviews_00641,مزرعة الزيتونة,Al Bahah,,
reviews_00642,مزرعة الزيتونة,Al Bahah,,
reviews_00643,مزرعة الزيتونة,Al Bahah,,
reviews_00644,مزرعة الزيتونة,Al Bahah,,
reviews_00645,مزرعة الزيتونة,Al Bahah,,
reviews_00646,مزرعة الزيتونة,Al Bahah,,
reviews_00647,مزرعة الزيتونة,Al Bahah,,
reviews_00648,مزرعة الزيتونة,Al Bahah,,
reviews_00649,مزرعة الزيتونة,Al Bahah,,
reviews_00650,مزرعة الزيتونة,Al Bahah,,
reviews_00651,مزرعة الزيتونة,Al Bahah,,
reviews_00652,مزرعة الزيتونة,Al Bahah,,
reviews_00653,مزرعة الزيتونة,Al Bahah,,
reviews_00654,مزرعة الزيتونة,Al Bahah,,
reviews_00655,مزرعة الزيتونة,Al Bahah,,
reviews_00656,مزرعة الزيتونة,Al Bahah,,
reviews_00657,مزرعة الزيتونة,Al Bahah,,
reviews_00658,مزرعة الزيتونة,Al Bahah,,
reviews_00659,مزرعة الزيتونة,Al Bahah,,
reviews_00660,مزرعة الزيتونة,Al Bahah,,
reviews_00661,مزرعة الزيتونة,Al Bahah,,
reviews_00662,مزرعة الزيتونة,Al Bahah,,
reviews_00663,مزرعة الزيتونة,Al Bahah,,
reviews_00664,مزرعة الزيتونة,Al Bahah,,
reviews_00665,مزرعة الزيتونة,Al Bahah,,
reviews_00666,مزرعة الزيتونة,Al Bahah,,
reviews_00667,مزرعة الزيتونة,Al Bahah,,
reviews_00668,مزرعة الزيتونة,Al Bahah,,
reviews_00669,مزرعة الزيتونة,Al Bahah,,
reviews_00670,مزرعة الزيتونة,Al Bahah,,
reviews_00671,مزرعة الزيتونة,Al Bahah,,
reviews_00672,مزرعة الزيتونة,Al Bahah,,
reviews_00673,مزرعة الزيتونة,Al Bahah,,
reviews_00674,مزرعة الزيتونة,Al Bahah,,
reviews_00675,مزرعة الزيتونة,Al Bahah,,
reviews_00676,مزرعة الزيتونة,Al Bahah,,
reviews_00677,مزرعة الزيتونة,Al Bahah,,
reviews_00678,مزرعة الزيتونة,Al Bahah,,
reviews_00679,مزرعة الزيتونة,Al Bahah,,
reviews_00680,مزرعة الزيتونة,Al Bahah,,
reviews_00681,مزرعة الزيتونة,Al Bahah,,
reviews_00682,مزرعة الزيتونة,Al Bahah,,
reviews_00683,مزرعة الزيتونة,Al Bahah,,
reviews_00684,مزرعة الزيتونة,Al Bahah,,
reviews_00685,مزرعة الزيتونة,Al Bahah,,
reviews_00686,مزرعة الزيتونة,Al Bahah,,
reviews_00687,مزرعة الزيتونة,Al Bahah,,
reviews_00688,مزرعة الزيتونة,Al Bahah,,
reviews_00689,مزرعة الزيتونة,Al Bahah,,
reviews_00690,مزرعة الزيتونة,Al Bahah,,
reviews_00691,مزرعة الزيتونة,Al Bahah,,
reviews_00692,مزرعة الزيتونة,Al Bahah,,
reviews_00693,مزرعة الزيتونة,Al Bahah,,
reviews_00694,مزرعة الزيتونة,Al Bahah,,
reviews_00695,مزرعة الزيتونة,Al Bahah,,
reviews_00696,مزرعة الزيتونة,Al Bahah,,
reviews_00697,مزرعة الزيتونة,Al Bahah,,
reviews_00698,مزرعة الزيتونة,Al Bahah,,
reviews_00699,مزرعة الزيتونة,Al Bahah,,
reviews_00700,مزرعة الزيتونة,Al Bahah,,
reviews_00701,مزرعة الزيتونة,Al Bahah,,
reviews_00702,مزرعة الزيتونة,Al Bahah,,
reviews_00703,مزرعة الزيتونة,Al Bahah,,
reviews_00704,مزرعة الزيتونة,Al Bahah,,
reviews_00705,مزرعة الزيتونة,Al Bahah,,
reviews_00706,مزرعة الزيتونة,Al Bahah,,
reviews_00707,مزرعة الزيتونة,Al Bahah,,
reviews_00708,مزرعة الزيتونة,Al Bahah,,
reviews_00709,مزرعة الزيتونة,Al Bahah,,
reviews_00710,مزرعة الزيتونة,Al Bahah,,
reviews_00711,مزرعة الزيتونة,Al Bahah,,
reviews_00712,مزرعة الزيتونة,Al Bahah,,
reviews_00713,مزرعة الزيتونة,Al Bahah,,
reviews_00714,مزرعة الزيتونة,Al Bahah,,
reviews_00715,مزرعة الزيتونة,Al Bahah,,
reviews_00716,مزرعة الزيتونة,Al Bahah,,
reviews_00717,مزرعة الزيتونة,Al Bahah,,
reviews_00718,مزرعة الزيتونة,Al Bahah,,
reviews_00719,مزرعة الزيتونة,Al Bahah,,
reviews_00720,مزرعة الزيتونة,Al Bahah,,
reviews_00721,مزرعة الزيتونة,Al Bahah,,
reviews_00722,مزرعة الزيتونة,Al Bahah,,
reviews_00723,مزرعة الزيتونة,Al Bahah,,
reviews_00724,مزرعة الزيتونة,Al Bahah,,
reviews_00725,مزرعة الزيتونة,Al Bahah,,
reviews_00726,مزرعة الزيتونة,Al Bahah,,
reviews_00727,مزرعة الزيتونة,Al Bahah,,
reviews_00728,مزرعة الزيتونة,Al Bahah,,
reviews_00729,مزرعة الزيتونة,Al Bahah,,
reviews_00730,مزرعة الزيتونة,Al Bahah,,
reviews_00731,مزرعة الزيتونة,Al Bahah,,
reviews_00732,مزرعة الزيتونة,Al Bahah,,
reviews_00733,مزرعة الزيتونة,Al Bahah,,
reviews_00734,مزرعة الزيتونة,Al Bahah,,
reviews_00735,مزرعة الزيتونة,Al Bahah,,
reviews_00736,مزرعة الزيتونة,Al Bahah,,
reviews_00737,مزرعة الزيتونة,Al Bahah,,
reviews_00738,مزرعة الزيتونة,Al Bahah,,
reviews_00739,مزرعة الزيتونة,Al Bahah,,
reviews_00740,مزرعة الزيتونة,Al Bahah,,
reviews_00741,مزرعة الزيتونة,Al Bahah,,
reviews_00742,مزرعة الزيتونة,Al Bahah,,
reviews_00743,مزرعة الزيتونة,Al Bahah,,
reviews_00744,مزرعة الزيتونة,Al Bahah,,
reviews_00745,مزرعة الزيتونة,Al Bahah,,
reviews_00746,مزرعة الزيتونة,Al Bahah,,
reviews_00747,مزرعة الزيتونة,Al Bahah,,
reviews_00748,مزرعة الزيتونة,Al Bahah,,
reviews_00749,مزرعة الزيتونة,Al Bahah,,
reviews_00750,مزرعة الزيتونة,Al Bahah,,
reviews_00751,مزرعة الزيتونة,Al Bahah,,
reviews_00752,مزرعة الزيتونة,Al Bahah,,
reviews_00753,مزرعة الزيتونة,Al Bahah,,
reviews_00754,مزرعة الزيتونة,Al Bahah,,
reviews_00755,مزرعة الزيتونة,Al Bahah,,
reviews_00756,مزرعة الزيتونة,Al Bahah,,
reviews_00757,مزرعة الزيتونة,Al Bahah,,
reviews_00758,مزرعة الزيتونة,Al Bahah,,
reviews_00759,مزرعة الزيتونة,Al Bahah,,
reviews_00760,مزرعة الزيتونة,Al Bahah,,
reviews_00761,مزرعة الزيتونة,Al Bahah,,
reviews_00762,مزرعة الزيتونة,Al Bahah,,
reviews_00763,مزرعة الزيتونة,Al Bahah,,
reviews_00764,مزرعة الزيتونة,Al Bahah,,
reviews_00765,مزرعة الزيتونة,Al Bahah,,
reviews_00766,مزرعة الزيتونة,Al Bahah,,
reviews_00767,مزرعة الزيتونة,Al Bahah,,
reviews_00768,مزرعة الزيتونة,Al Bahah,,
reviews_00769,مزرعة الزيتونة,Al Bahah,,
reviews_00770,مزرعة الزيتونة,Al Bahah,,
reviews_00771,مزرعة الزيتونة,Al Bahah,,
reviews_00772,مزرعة الزيتونة,Al Bahah,,
reviews_00773,مزرعة الزيتونة,Al Bahah,,
reviews_00774,مزرعة الزيتونة,Al Bahah,,
reviews_00775,مزرعة الزيتونة,Al Bahah,,
reviews_00776,مزرعة الزيتونة,Al Bahah,,
reviews_00777,مزرعة الزيتونة,Al Bahah,,
reviews_00778,مزرعة الزيتونة,Al Bahah,,
reviews_00779,مزرعة الزيتونة,Al Bahah,,
reviews_00780,مزرعة الزيتونة,Al Bahah,,
reviews_00781,مزرعة الزيتونة,Al Bahah,,
reviews_00782,مزرعة الزيتونة,Al Bahah,,
reviews_00783,مزرعة الزيتونة,Al Bahah,,
reviews_00784,مزرعة الزيتونة,Al Bahah,,
reviews_00785,مزرعة الزيتونة,Al Bahah,,
reviews_00786,مزرعة الزيتونة,Al Bahah,,
reviews_00787,مزرعة الزيتونة,Al Bahah,,
reviews_00788,مزرعة الزيتونة,Al Bahah,,
reviews_00789,مزرعة الزيتونة,Al Bahah,,
reviews_00790,مزرعة الزيتونة,Al Bahah,,
reviews_00791,مزرعة الزيتونة,Al Bahah,,
reviews_00792,مزرعة الزيتونة,Al Bahah,,
reviews_00793,مزرعة الزيتونة,Al Bahah,,
reviews_00794,مزرعة الزيتونة,Al Bahah,,
reviews_00795,مزرعة الزيتونة,Al Bahah,,
reviews_00796,مزرعة الزيتونة,Al Bahah,,
reviews_00797,مزرعة الزيتونة,Al Bahah,,
reviews_00798,مزرعة الزيتونة,Al Bahah,,
reviews_00799,مزرعة الزيتونة,Al Bahah,,
reviews_00800,مزرعة الزيتونة,Al Bahah,,
reviews_00801,مزرعة الزيتونة,Al Bahah,,
reviews_00802,مزرعة الزيتونة,Al Bahah,,
reviews_00803,مزرعة الزيتونة,Al Bahah,,
reviews_00804,مزرعة الزيتونة,Al Bahah,,
reviews_00805,مزرعة الزيتونة,Al Bahah,,
reviews_00806,مزرعة الزيتونة,Al Bahah,,
reviews_00807,مزرعة الزيتونة,Al Bahah,,
reviews_00808,مزرعة الزيتونة,Al Bahah,,
reviews_00809,مزرعة الزيتونة,Al Bahah,,
reviews_00810,مزرعة الزيتونة,Al Bahah,,
reviews_00811,مزرعة الزيتونة,Al Bahah,,
reviews_00812,مزرعة الزيتونة,Al Bahah,,
reviews_00813,مزرعة الزيتونة,Al Bahah,,
reviews_00814,مزرعة الزيتونة,Al Bahah,,
reviews_00815,مزرعة الزيتونة,Al Bahah,,
reviews_00816,مزرعة الزيتونة,Al Bahah,,
reviews_00817,مزرعة الزيتونة,Al Bahah,,
reviews_00818,مزرعة الزيتونة,Al Bahah,,
reviews_00819,مزرعة الزيتونة,Al Bahah,,
reviews_00820,مزرعة الزيتونة,Al Bahah,,
reviews_00821,مزرعة الزيتونة,Al Bahah,,
reviews_00822,مزرعة الزيتونة,Al Bahah,,
reviews_00823,مزرعة الزيتونة,Al Bahah,,
reviews_00824,مزرعة الزيتونة,Al Bahah,,
reviews_00825,مزرعة الزيتونة,Al Bahah,,
reviews_00826,مزرعة الزيتونة,Al Bahah,,
reviews_00827,مزرعة الزيتونة,Al Bahah,,
reviews_00828,مزرعة الزيتونة,Al Bahah,,
reviews_00829,مزرعة الزيتونة,Al Bahah,,
reviews_00830,مزرعة الزيتونة,Al Bahah,,
reviews_00831,مزرعة الزيتونة,Al Bahah,,
reviews_00832,مزرعة الزيتونة,Al Bahah,,
reviews_00833,مزرعة الزيتونة,Al Bahah,,
reviews_00834,مزرعة الزيتونة,Al Bahah,,
reviews_00835,مزرعة الزيتونة,Al Bahah,,
reviews_00836,مزرعة الزيتونة,Al Bahah,,
reviews_00837,مزرعة الزيتونة,Al Bahah,,
reviews_00838,مزرعة الزيتونة,Al Bahah,,
reviews_00839,مزرعة الزيتونة,Al Bahah,,
reviews_00840,مزرعة الزيتونة,Al Bahah,,
reviews_00841,مزرعة الزيتونة,Al Bahah,,
reviews_00842,مزرعة الزيتونة,Al Bahah,,
reviews_00843,مزرعة الزيتونة,Al Bahah,,
reviews_00844,مزرعة الزيتونة,Al Bahah,,
reviews_00845,مزرعة الزيتونة,Al Bahah,,
reviews_00846,مزرعة الزيتونة,Al Bahah,,
reviews_00847,مزرعة الزيتونة,Al Bahah,,
reviews_00848,مزرعة الزيتونة,Al Bahah,,
reviews_00849,مزرعة الزيتونة,Al Bahah,,
reviews_00850,مزرعة الزيتونة,Al Bahah,,
reviews_00851,مزرعة الزيتونة,Al Bahah,,
reviews_00852,مزرعة الزيتونة,Al Bahah,,
reviews_00853,مزرعة الزيتونة,Al Bahah,,
reviews_00854,مزرعة الزيتونة,Al Bahah,,
reviews_00855,مزرعة الزيتونة,Al Bahah,,
reviews_00856,مزرعة الزيتونة,Al Bahah,,
reviews_00857,مزرعة الزيتونة,Al Bahah,,
reviews_00858,مزرعة الزيتونة,Al Bahah,,
reviews_00859,مزرعة الزيتونة,Al Bahah,,
reviews_00860,مزرعة الزيتونة,Al Bahah,,
reviews_00861,مزرعة الزيتونة,Al Bahah,,
reviews_00862,مزرعة الزيتونة,Al Bahah,,
reviews_00863,مزرعة الزيتونة,Al Bahah,,
reviews_00864,مزرعة الزيتونة,Al Bahah,,
reviews_00865,مزرعة الزيتونة,Al Bahah,,
reviews_00866,مزرعة الزيتونة,Al Bahah,,
reviews_00867,مزرعة الزيتونة,Al Bahah,,
reviews_00868,مزرعة الزيتونة,Al Bahah,,
reviews_00869,مزرعة الزيتونة,Al Bahah,,
reviews_00870,مزرعة الزيتونة,Al Bahah,,
reviews_00871,مزرعة الزيتونة,Al Bahah,,
reviews_00872,مزرعة الزيتونة,Al Bahah,,
reviews_00873,مزرعة الزيتونة,Al Bahah,,
reviews_00874,مزرعة الزيتونة,Al Bahah,,
reviews_00875,مزرعة الزيتونة,Al Bahah,,
reviews_00876,مزرعة الزيتونة,Al Bahah,,
reviews_00877,مزرعة الزيتونة,Al Bahah,,
reviews_00878,مزرعة الزيتونة,Al Bahah,,
reviews_00879,مزرعة الزيتونة,Al Bahah,,
reviews_00880,مزرعة الزيتونة,Al Bahah,,
reviews_00881,مزرعة الزيتونة,Al Bahah,,
reviews_00882,مزرعة الزيتونة,Al Bahah,,
reviews_00883,مزرعة الزيتونة,Al Bahah,,
reviews_00884,مزرعة الزيتونة,Al Bahah,,
reviews_00885,مزرعة الزيتونة,Al Bahah,,
reviews_00886,مزرعة الزيتونة,Al Bahah,,
reviews_00887,مزرعة الزيتونة,Al Bahah,,
reviews_00888,مزرعة الزيتونة,Al Bahah,,
reviews_00889,مزرعة الزيتونة,Al Bahah,,
reviews_00890,مزرعة الزيتونة,Al Bahah,,
reviews_00891,مزرعة الزيتونة,Al Bahah,,
reviews_00892,مزرعة الزيتونة,Al Bahah,,
reviews_00893,مزرعة الزيتونة,Al Bahah,,
reviews_00894,مزرعة الزيتونة,Al Bahah,,
reviews_00895,مزرعة الزيتونة,Al Bahah,,
reviews_00896,مزرعة الزيتونة,Al Bahah,,
reviews_00897,مزرعة الزيتونة,Al Bahah,,
reviews_00898,مزرعة الزيتونة,Al Bahah,,
reviews_00899,مزرعة الزيتونة,Al Bahah,,
reviews_00900,مزرعة الزيتونة,Al Bahah,,
reviews_00901,مزرعة الزيتونة,Al Bahah,,
reviews_00902,مزرعة الزيتونة,Al Bahah,,
reviews_00903,مزرعة الزيتونة,Al Bahah,,
reviews_00904,مزرعة الزيتونة,Al Bahah,,
reviews_00905,مزرعة الزيتونة,Al Bahah,,
reviews_00906,مزرعة الزيتونة,Al Bahah,,
reviews_00907,مزرعة الزيتونة,Al Bahah,,
reviews_00908,مزرعة الزيتونة,Al Bahah,,
reviews_00909,مزرعة الزيتونة,Al Bahah,,
reviews_00910,مزرعة الزيتونة,Al Bahah,,
reviews_00911,مزرعة الزيتونة,Al Bahah,,
reviews_00912,مزرعة الزيتونة,Al Bahah,,
reviews_00913,مزرعة الزيتونة,Al Bahah,,
reviews_00914,مزرعة الزيتونة,Al Bahah,,
reviews_00915,مزرعة الزيتونة,Al Bahah,,
reviews_00916,مزرعة الزيتونة,Al Bahah,,
reviews_00917,مزرعة الزيتونة,Al Bahah,,
reviews_00918,مزرعة الزيتونة,Al Bahah,,
reviews_00919,مزرعة الزيتونة,Al Bahah,,
reviews_00920,مزرعة الزيتونة,Al Bahah,,
reviews_00921,مزرعة الزيتونة,Al Bahah,,
reviews_00922,مزرعة الزيتونة,Al Bahah,,
reviews_00923,مزرعة الزيتونة,Al Bahah,,
reviews_00924,مزرعة الزيتونة,Al Bahah,,
reviews_00925,مزرعة الزيتونة,Al Bahah,,
reviews_00926,مزرعة الزيتونة,Al Bahah,,
reviews_00927,مزرعة الزيتونة,Al Bahah,,
reviews_00928,مزرعة الزيتونة,Al Bahah,,
reviews_00929,مزرعة الزيتونة,Al Bahah,,
reviews_00930,مزرعة الزيتونة,Al Bahah,,
reviews_00931,مزرعة الزيتونة,Al Bahah,,
reviews_00932,مزرعة الزيتونة,Al Bahah,,
reviews_00933,مزرعة الزيتونة,Al Bahah,,
reviews_00934,مزرعة الزيتونة,Al Bahah,,
reviews_00935,مزرعة الزيتونة,Al Bahah,,
reviews_00936,مزرعة الزيتونة,Al Bahah,,
reviews_00937,مزرعة الزيتونة,Al Bahah,,
reviews_00938,مزرعة الزيتونة,Al Bahah,,
reviews_00939,مزرعة الزيتونة,Al Bahah,,
reviews_00940,مزرعة الزيتونة,Al Bahah,,
reviews_00941,مزرعة الزيتونة,Al Bahah,,
reviews_00942,مزرعة الزيتونة,Al Bahah,,
reviews_00943,مزرعة الزيتونة,Al Bahah,,
reviews_00944,مزرعة الزيتونة,Al Bahah,,
reviews_00945,مزرعة الزيتونة,Al Bahah,,
reviews_00946,مزرعة الزيتونة,Al Bahah,,
reviews_00947,مزرعة الزيتونة,Al Bahah,,
reviews_00948,مزرعة الزيتونة,Al Bahah,,
reviews_00949,مزرعة الزيتونة,Al Bahah,,
reviews_00950,مزرعة الزيتونة,Al Bahah,,
reviews_00951,مزرعة الزيتونة,Al Bahah,,
reviews_00952,مزرعة الزيتونة,Al Bahah,,
reviews_00953,مزرعة الزيتونة,Al Bahah,,
reviews_00954,مزرعة الزيتونة,Al Bahah,,
reviews_00955,مزرعة الزيتونة,Al Bahah,,
reviews_00956,مزرعة الزيتونة,Al Bahah,,
reviews_00957,مزرعة الزيتونة,Al Bahah,,
reviews_00958,مزرعة الزيتونة,Al Bahah,,
reviews_00959,مزرعة الزيتونة,Al Bahah,,
reviews_00960,مزرعة الزيتونة,Al Bahah,,
reviews_00961,مزرعة الزيتونة,Al Bahah,,
reviews_00962,مزرعة الزيتونة,Al Bahah,,
reviews_00963,مزرعة الزيتونة,Al Bahah,,
reviews_00964,مزرعة الزيتونة,Al Bahah,,
reviews_00965,مزرعة الزيتونة,Al Bahah,,
reviews_00966,مزرعة الزيتونة,Al Bahah,,
reviews_00967,مزرعة الزيتونة,Al Bahah,,
reviews_00968,مزرعة الزيتونة,Al Bahah,,
reviews_00969,مزرعة الزيتونة,Al Bahah,,
reviews_00970,مزرعة الزيتونة,Al Bahah,,
reviews_00971,مزرعة الزيتونة,Al Bahah,,
reviews_00972,مزرعة الزيتونة,Al Bahah,,
reviews_00973,مزرعة الزيتونة,Al Bahah,,
reviews_00974,مزرعة الزيتونة,Al Bahah,,
reviews_00975,مزرعة الزيتونة,Al Bahah,,
reviews_00976,مزرعة الزيتونة,Al Bahah,,
reviews_00977,مزرعة الزيتونة,Al Bahah,,
reviews_00978,مزرعة الزيتونة,Al Bahah,,
reviews_00979,مزرعة الزيتونة,Al Bahah,,
reviews_00980,مزرعة الزيتونة,Al Bahah,,
reviews_00981,مزرعة الزيتونة,Al Bahah,,
reviews_00982,مزرعة الزيتونة,Al Bahah,,
reviews_00983,مزرعة الزيتونة,Al Bahah,,
reviews_00984,مزرعة الزيتونة,Al Bahah,,
reviews_00985,مزرعة الزيتونة,Al Bahah,,
reviews_00986,مزرعة الزيتونة,Al Bahah,,
reviews_00987,مزرعة الزيتونة,Al Bahah,,
reviews_00988,مزرعة الزيتونة,Al Bahah,,
reviews_00989,مزرعة الزيتونة,Al Bahah,,
reviews_00990,مزرعة الزيتونة,Al Bahah,,
reviews_00991,مزرعة الزيتونة,Al Bahah,,
reviews_00992,مزرعة الزيتونة,Al Bahah,,
reviews_00993,مزرعة الزيتونة,Al Bahah,,
reviews_00994,مزرعة الزيتونة,Al Bahah,,
reviews_00995,مزرعة المربد,Madinah,,0.261
reviews_00996,مزرعة المربد,Madinah,,0.261
reviews_00997,مزرعة المربد,Madinah,,0.261
reviews_00998,مزرعة المربد,Madinah,,0.261
reviews_00999,مزرعة المربد,Madinah,,0.261
reviews_01000,مزرعة المربد,Madinah,,0.261
reviews_01001,مزرعة المربد,Madinah,,0.261
reviews_01002,مزرعة المربد,Madinah,,0.261
reviews_01003,مزرعة المربد,Madinah,,0.261
reviews_01004,مزرعة المربد,Madinah,,0.261
reviews_01005,مزرعة المربد,Madinah,,0.261
reviews_01006,مزرعة المربد,Madinah,,0.261
reviews_01007,مزرعة المربد,Madinah,,0.261
reviews_01008,مزرعة المربد,Madinah,,0.261
reviews_01009,مزرعة المربد,Madinah,,0.261
reviews_01010,مزرعة المربد,Madinah,,0.261
reviews_01011,مزرعة المربد,Madinah,,0.261
reviews_01012,مزرعة المربد,Madinah,,0.261
reviews_01013,مزرعة المربد,Madinah,,0.261
reviews_01014,مزرعة المربد,Madinah,,0.261
reviews_01015,مزرعة المربد,Madinah,,0.261
reviews_01016,مزرعة المربد,Madinah,,0.261
reviews_01017,مزرعة المربد,Madinah,,0.261
reviews_01018,مزرعة المربد,Madinah,,0.261
reviews_01019,مزرعة المربد,Madinah,,0.261
reviews_01020,مزرعة المربد,Madinah,,0.261
reviews_01021,مزرعة المربد,Madinah,,0.261
reviews_01022,مزرعة المربد,Madinah,,0.261
reviews_01023,مزرعة المربد,Madinah,,0.261
reviews_01024,مزرعة المربد,Madinah,,0.261
reviews_01025,مزرعة المربد,Madinah,,0.261
reviews_01026,مزرعة المربد,Madinah,,0.261
reviews_01027,مزرعة المربد,Madinah,,0.261
reviews_01028,مزرعة المربد,Madinah,,0.261
reviews_01029,مزرعة المربد,Madinah,,0.261
reviews_01030,مزرعة المربد,Madinah,,0.261
reviews_01031,مزرعة المربد,Madinah,,0.261
reviews_01032,مزرعة المربد,Madinah,,0.261
reviews_01033,مزرعة المربد,Madinah,,0.261
reviews_01034,مزرعة المربد,Madinah,,0.261
reviews_01035,مزرعة المربد,Madinah,,0.261
reviews_01036,مزرعة المربد,Madinah,,0.261
reviews_01037,مزرعة المربد,Madinah,,0.261
reviews_01038,مزرعة المربد,Madinah,,0.261
reviews_01039,مزرعة المربد,Madinah,,0.261
reviews_01040,مزرعة المربد,Madinah,,0.261
reviews_01041,مزرعة المربد,Madinah,,0.261
reviews_01042,مزرعة المربد,Madinah,,0.261
reviews_01043,مزرعة المربد,Madinah,,0.261
reviews_01044,مزرعة المربد,Madinah,,0.261
reviews_01045,مزرعة المربد,Madinah,,0.261
reviews_01046,مزرعة المربد,Madinah,,0.261
reviews_01047,مزرعة المربد,Madinah,,0.261
reviews_01048,مزرعة المربد,Madinah,,0.261
reviews_01049,مزرعة المربد,Madinah,,0.261
reviews_01050,مزرعة المربد,Madinah,,0.261
reviews_01051,مزرعة المربد,Madinah,,0.261
reviews_01052,مزرعة المربد,Madinah,,0.261
reviews_01053,مزرعة المربد,Madinah,,0.261
reviews_01054,مزرعة المربد,Madinah,,0.261
reviews_01055,مزرعة المربد,Madinah,,0.261
reviews_01056,مزرعة المربد,Madinah,,0.261
reviews_01057,مزرعة المربد,Madinah,,0.261
reviews_01058,مزرعة المربد,Madinah,,0.261
reviews_01059,مزرعة المربد,Madinah,,0.261
reviews_01060,مزرعة المربد,Madinah,,0.261
reviews_01061,مزرعة المربد,Madinah,,0.261
reviews_01062,مزرعة المربد,Madinah,,0.261
reviews_01063,مزرعة المربد,Madinah,,0.261
reviews_01064,مزرعة المربد,Madinah,,0.261
reviews_01065,مزرعة المربد,Madinah,,0.261
reviews_01066,مزرعة المربد,Madinah,,0.261
reviews_01067,مزرعة المربد,Madinah,,0.261
reviews_01068,مزرعة المربد,Madinah,,0.261
reviews_01069,مزرعة المربد,Madinah,,0.261
reviews_01070,مزرعة المربد,Madinah,,0.261
reviews_01071,مزرعة المربد,Madinah,,0.261
reviews_01072,مزرعة المربد,Madinah,,0.261
reviews_01073,مزرعة المربد,Madinah,,0.261
reviews_01074,مزرعة المربد,Madinah,,0.261
reviews_01075,مزرعة المربد,Madinah,,0.261
reviews_01076,مزرعة المربد,Madinah,,0.261
reviews_01077,مزرعة المربد,Madinah,,0.261
reviews_01078,مزرعة المربد,Madinah,,0.261
reviews_01079,مزرعة المربد,Madinah,,0.261
reviews_01080,مزرعة المربد,Madinah,,0.261
reviews_01081,مزرعة المربد,Madinah,,0.261
reviews_01082,مزرعة المربد,Madinah,,0.261
reviews_01083,مزرعة المربد,Madinah,,0.261
reviews_01084,مزرعة المربد,Madinah,,0.261
reviews_01085,مزرعة المربد,Madinah,,0.261
reviews_01086,مزرعة المربد,Madinah,,0.261
reviews_01087,مزرعة المربد,Madinah,,0.261
reviews_01088,مزرعة المربد,Madinah,,0.261
reviews_01089,مزرعة المربد,Madinah,,0.261
reviews_01090,مزرعة المربد,Madinah,,0.261
reviews_01091,مزرعة المربد,Madinah,,0.261
reviews_01092,مزرعة المربد,Madinah,,0.261
reviews_01093,مزرعة المربد,Madinah,,0.261
reviews_01094,هوي ووك,Madinah,,0.222
reviews_01095,هوي ووك,Madinah,,0.222
reviews_01096,هوي ووك,Madinah,,0.222
reviews_01097,هوي ووك,Madinah,,0.222
reviews_01098,هوي ووك,Madinah,,0.222
reviews_01099,هوي ووك,Madinah,,0.222
reviews_01100,هوي ووك,Madinah,,0.222
reviews_01101,هوي ووك,Madinah,,0.222
reviews_01102,هوي ووك,Madinah,,0.222
reviews_01103,هوي ووك,Madinah,,0.222
reviews_01104,هوي ووك,Madinah,,0.222
reviews_01105,هوي ووك,Madinah,,0.222
reviews_01106,هوي ووك,Madinah,,0.222
reviews_01107,هوي ووك,Madinah,,0.222
reviews_01108,هوي ووك,Madinah,,0.222
reviews_01109,هوي ووك,Madinah,,0.222
reviews_01110,هوي ووك,Madinah,,0.222
reviews_01111,هوي ووك,Madinah,,0.222
reviews_01112,هوي ووك,Madinah,,0.222
reviews_01113,هوي ووك,Madinah,,0.222
reviews_01114,هوي ووك,Madinah,,0.222
reviews_01115,هوي ووك,Madinah,,0.222
reviews_01116,هوي ووك,Madinah,,0.222
reviews_01117,هوي ووك,Madinah,,0.222
reviews_01118,هوي ووك,Madinah,,0.222
reviews_01119,هوي ووك,Madinah,,0.222
reviews_01120,هوي ووك,Madinah,,0.222
reviews_01121,هوي ووك,Madinah,,0.222
reviews_01122,هوي ووك,Madinah,,0.222
reviews_01123,هوي ووك,Madinah,,0.222
reviews_01124,هوي ووك,Madinah,,0.222
reviews_01125,هوي ووك,Madinah,,0.222
reviews_01126,هوي ووك,Madinah,,0.222
reviews_01127,هوي ووك,Madinah,,0.222
reviews_01128,هوي ووك,Madinah,,0.222
reviews_01129,هوي ووك,Madinah,,0.222
reviews_01130,هوي ووك,Madinah,,0.222
reviews_01131,هوي ووك,Madinah,,0.222
reviews_01132,هوي ووك,Madinah,,0.222
reviews_01133,هوي ووك,Madinah,,0.222
reviews_01134,هوي ووك,Madinah,,0.222
reviews_01135,هوي ووك,Madinah,,0.222
reviews_01136,هوي ووك,Madinah,,0.222
reviews_01137,هوي ووك,Madinah,,0.222
reviews_01138,هوي ووك,Madinah,,0.222
reviews_01139,هوي ووك,Madinah,,0.222
reviews_01140,هوي ووك,Madinah,,0.222
reviews_01141,هوي ووك,Madinah,,0.222
reviews_01142,هوي ووك,Madinah,,0.222
reviews_01143,هوي ووك,Madinah,,0.222
reviews_01144,هوي ووك,Madinah,,0.222
reviews_01145,هوي ووك,Madinah,,0.222
reviews_01146,هوي ووك,Madinah,,0.222
reviews_01147,هوي ووك,Madinah,,0.222
reviews_01148,هوي ووك,Madinah,,0.222
reviews_01149,هوي ووك,Madinah,,0.222
reviews_01150,هوي ووك,Madinah,,0.222
reviews_01151,هوي ووك,Madinah,,0.222
reviews_01152,هوي ووك,Madinah,,0.222
reviews_01153,هوي ووك,Madinah,,0.222
reviews_01154,هوي ووك,Madinah,,0.222
reviews_01155,هوي ووك,Madinah,,0.222
reviews_01156,هوي ووك,Madinah,,0.222
reviews_01157,هوي ووك,Madinah,,0.222
reviews_01158,هوي ووك,Madinah,,0.222
reviews_01159,هوي ووك,Madinah,,0.222
reviews_01160,هوي ووك,Madinah,,0.222
reviews_01161,هوي ووك,Madinah,,0.222
reviews_01162,هوي ووك,Madinah,,0.222
reviews_01163,هوي ووك,Madinah,,0.222
reviews_01164,هوي ووك,Madinah,,0.222
reviews_01165,هوي ووك,Madinah,,0.222
reviews_01166,هوي ووك,Madinah,,0.222
reviews_01167,هوي ووك,Madinah,,0.222
reviews_01168,هوي ووك,Madinah,,0.222
reviews_01169,هوي ووك,Madinah,,0.222
reviews_01170,هوي ووك,Madinah,,0.222
reviews_01171,هوي ووك,Madinah,,0.222
reviews_01172,هوي ووك,Madinah,,0.222
reviews_01173,هوي ووك,Madinah,,0.222
reviews_01174,هوي ووك,Madinah,,0.222
reviews_01175,هوي ووك,Madinah,,0.222
reviews_01176,هوي ووك,Madinah,,0.222
reviews_01177,هوي ووك,Madinah,,0.222
reviews_01178,هوي ووك,Madinah,,0.222
reviews_01179,هوي ووك,Madinah,,0.222
reviews_01180,هوي ووك,Madinah,,0.222
reviews_01181,هوي ووك,Madinah,,0.222
reviews_01182,هوي ووك,Madinah,,0.222
reviews_01183,هوي ووك,Madinah,,0.222
reviews_01184,هوي ووك,Madinah,,0.222
reviews_01185,هوي ووك,Madinah,,0.222
reviews_01186,هوي ووك,Madinah,,0.222
reviews_01187,هوي ووك,Madinah,,0.222
reviews_01188,هوي ووك,Madinah,,0.222
reviews_01189,هوي ووك,Madinah,,0.222
reviews_01190,هوي ووك,Madinah,,0.222
reviews_01191,هوي ووك,Madinah,,0.222
reviews_01192,هوي ووك,Madinah,,0.222
reviews_01193,هوي ووك,Madinah,,0.222
reviews_01194,هوي ووك,Madinah,,0.222
reviews_01195,هوي ووك,Madinah,,0.222
reviews_01196,هوي ووك,Madinah,,0.222
reviews_01197,هوي ووك,Madinah,,0.222
reviews_01198,هوي ووك,Madinah,,0.222
reviews_01199,هوي ووك,Madinah,,0.222
reviews_01200,هوي ووك,Madinah,,0.222
reviews_01201,هوي ووك,Madinah,,0.222
reviews_01202,هوي ووك,Madinah,,0.222
reviews_01203,هوي ووك,Madinah,,0.222
reviews_01204,هوي ووك,Madinah,,0.222
reviews_01205,هوي ووك,Madinah,,0.222
reviews_01206,هوي ووك,Madinah,,0.222
reviews_01207,هوي ووك,Madinah,,0.222
reviews_01208,هوي ووك,Madinah,,0.222
reviews_01209,هوي ووك,Madinah,,0.222
reviews_01210,هوي ووك,Madinah,,0.222
reviews_01211,هوي ووك,Madinah,,0.222
reviews_01212,هوي ووك,Madinah,,0.222
reviews_01213,هوي ووك,Madinah,,0.222
reviews_01214,هوي ووك,Madinah,,0.222
reviews_01215,هوي ووك,Madinah,,0.222
reviews_01216,هوي ووك,Madinah,,0.222
reviews_01217,هوي ووك,Madinah,,0.222
reviews_01218,هوي ووك,Madinah,,0.222
reviews_01219,هوي ووك,Madinah,,0.222
reviews_01220,هوي ووك,Madinah,,0.222
reviews_01221,هوي ووك,Madinah,,0.222
reviews_01222,هوي ووك,Madinah,,0.222
reviews_01223,هوي ووك,Madinah,,0.222
reviews_01224,هوي ووك,Madinah,,0.222
reviews_01225,هوي ووك,Madinah,,0.222
reviews_01226,هوي ووك,Madinah,,0.222
reviews_01227,هوي ووك,Madinah,,0.222
reviews_01228,هوي ووك,Madinah,,0.222
reviews_01229,هوي ووك,Madinah,,0.222
reviews_01230,هوي ووك,Madinah,,0.222
reviews_01231,هوي ووك,Madinah,,0.222
reviews_01232,هوي ووك,Madinah,,0.222
reviews_01233,هوي ووك,Madinah,,0.222
reviews_01234,هوي ووك,Madinah,,0.222
reviews_01235,هوي ووك,Madinah,,0.222
reviews_01236,هوي ووك,Madinah,,0.222
reviews_01237,هوي ووك,Madinah,,0.222
reviews_01238,هوي ووك,Madinah,,0.222
reviews_01239,هوي ووك,Madinah,,0.222
reviews_01240,هوي ووك,Madinah,,0.222
reviews_01241,هوي ووك,Madinah,,0.222
reviews_01242,هوي ووك,Madinah,,0.222
reviews_01243,هوي ووك,Madinah,,0.222
reviews_01244,هوي ووك,Madinah,,0.222
reviews_01245,هوي ووك,Madinah,,0.222
reviews_01246,هوي ووك,Madinah,,0.222
reviews_01247,هوي ووك,Madinah,,0.222
reviews_01248,هوي ووك,Madinah,,0.222
reviews_01249,هوي ووك,Madinah,,0.222
reviews_01250,هوي ووك,Madinah,,0.222
reviews_01251,هوي ووك,Madinah,,0.222
reviews_01252,هوي ووك,Madinah,,0.222
reviews_01253,هوي ووك,Madinah,,0.222
reviews_01254,هوي ووك,Madinah,,0.222
reviews_01255,هوي ووك,Madinah,,0.222
reviews_01256,هوي ووك,Madinah,,0.222
reviews_01257,هوي ووك,Madinah,,0.222
reviews_01258,هوي ووك,Madinah,,0.222
reviews_01259,هوي ووك,Madinah,,0.222
reviews_01260,هوي ووك,Madinah,,0.222
reviews_01261,هوي ووك,Madinah,,0.222
reviews_01262,هوي ووك,Madinah,,0.222
reviews_01263,هوي ووك,Madinah,,0.222
reviews_01264,هوي ووك,Madinah,,0.222
reviews_01265,هوي ووك,Madinah,,0.222
reviews_01266,هوي ووك,Madinah,,0.222
reviews_01267,هوي ووك,Madinah,,0.222
reviews_01268,هوي ووك,Madinah,,0.222
reviews_01269,هوي ووك,Madinah,,0.222
reviews_01270,هوي ووك,Madinah,,0.222
reviews_01271,هوي ووك,Madinah,,0.222
reviews_01272,هوي ووك,Madinah,,0.222
reviews_01273,هوي ووك,Madinah,,0.222
reviews_01274,هوي ووك,Madinah,,0.222
reviews_01275,هوي ووك,Madinah,,0.222
reviews_01276,هوي ووك,Madinah,,0.222
reviews_01277,هوي ووك,Madinah,,0.222
reviews_01278,هوي ووك,Madinah,,0.222
reviews_01279,هوي ووك,Madinah,,0.222
reviews_01280,هوي ووك,Madinah,,0.222
reviews_01281,هوي ووك,Madinah,,0.222
reviews_01282,هوي ووك,Madinah,,0.222
reviews_01283,هوي ووك,Madinah,,0.222
reviews_01284,هوي ووك,Madinah,,0.222
reviews_01285,هوي ووك,Madinah,,0.222
reviews_01286,هوي ووك,Madinah,,0.222
reviews_01287,هوي ووك,Madinah,,0.222
reviews_01288,هوي ووك,Madinah,,0.222
reviews_01289,هوي ووك,Madinah,,0.222
reviews_01290,هوي ووك,Madinah,,0.222
reviews_01291,بوليفارد ورلد,Riyadh,,0.733
reviews_01292,بوليفارد ورلد,Riyadh,,0.733
reviews_01293,بوليفارد ورلد,Riyadh,,0.733
reviews_01294,بوليفارد ورلد,Riyadh,,0.733
reviews_01295,بوليفارد ورلد,Riyadh,,0.733
reviews_01296,بوليفارد ورلد,Riyadh,,0.733
reviews_01297,بوليفارد ورلد,Riyadh,,0.733
reviews_01298,بوليفارد ورلد,Riyadh,,0.733
reviews_01299,بوليفارد ورلد,Riyadh,,0.733
reviews_01300,بوليفارد ورلد,Riyadh,,0.733
reviews_01301,بوليفارد ورلد,Riyadh,,0.733
reviews_01302,بوليفارد ورلد,Riyadh,,0.733
reviews_01303,بوليفارد ورلد,Riyadh,,0.733
reviews_01304,بوليفارد ورلد,Riyadh,,0.733
reviews_01305,بوليفارد ورلد,Riyadh,,0.733
reviews_01306,بوليفارد ورلد,Riyadh,,0.733
reviews_01307,بوليفارد ورلد,Riyadh,,0.733
reviews_01308,بوليفارد ورلد,Riyadh,,0.733
reviews_01309,بوليفارد ورلد,Riyadh,,0.733
reviews_01310,بوليفارد ورلد,Riyadh,,0.733
reviews_01311,بوليفارد ورلد,Riyadh,,0.733
reviews_01312,بوليفارد ورلد,Riyadh,,0.733
reviews_01313,بوليفارد ورلد,Riyadh,,0.733
reviews_01314,بوليفارد ورلد,Riyadh,,0.733
reviews_01315,بوليفارد ورلد,Riyadh,,0.733
reviews_01316,بوليفارد ورلد,Riyadh,,0.733
reviews_01317,بوليفارد ورلد,Riyadh,,0.733
reviews_01318,بوليفارد ورلد,Riyadh,,0.733
reviews_01319,بوليفارد ورلد,Riyadh,,0.733
reviews_01320,بوليفارد ورلد,Riyadh,,0.733
reviews_01321,قرية المفتاحة التشكلية,Abha,,
reviews_01322,قرية المفتاحة التشكلية,Abha,,
reviews_01323,قرية المفتاحة التشكلية,Abha,,
reviews_01324,قرية المفتاحة التشكلية,Abha,,
reviews_01325,قرية المفتاحة التشكلية,Abha,,
reviews_01326,قرية المفتاحة التشكلية,Abha,,
reviews_01327,قرية المفتاحة التشكلية,Abha,,
reviews_01328,قرية المفتاحة التشكلية,Abha,,
reviews_01329,قرية المفتاحة التشكلية,Abha,,
reviews_01330,قرية المفتاحة التشكلية,Abha,,
reviews_01331,قرية المفتاحة التشكلية,Abha,,
reviews_01332,قرية المفتاحة التشكلية,Abha,,
reviews_01333,قرية المفتاحة التشكلية,Abha,,
reviews_01334,قرية المفتاحة التشكلية,Abha,,
reviews_01335,قرية المفتاحة التشكلية,Abha,,
reviews_01336,قرية المفتاحة التشكلية,Abha,,
reviews_01337,قرية المفتاحة التشكلية,Abha,,
reviews_01338,قرية المفتاحة التشكلية,Abha,,
reviews_01339,قرية المفتاحة التشكلية,Abha,,
reviews_01340,قرية المفتاحة التشكلية,Abha,,
reviews_01341,قرية المفتاحة التشكلية,Abha,,
reviews_01342,قرية المفتاحة التشكلية,Abha,,
reviews_01343,قرية المفتاحة التشكلية,Abha,,
reviews_01344,قرية المفتاحة التشكلية,Abha,,
reviews_01345,قرية المفتاحة التشكلية,Abha,,
reviews_01346,قرية المفتاحة التشكلية,Abha,,
reviews_01347,قرية المفتاحة التشكلية,Abha,,
reviews_01348,قرية المفتاحة التشكلية,Abha,,
reviews_01349,قرية المفتاحة التشكلية,Abha,,
reviews_01350,قرية المفتاحة التشكلية,Abha,,
reviews_01351,قرية المفتاحة التشكلية,Abha,,
reviews_01352,قرية المفتاحة التشكلية,Abha,,
reviews_01353,قرية المفتاحة التشكلية,Abha,,
reviews_01354,قرية المفتاحة التشكلية,Abha,,
reviews_01355,قرية المفتاحة التشكلية,Abha,,
reviews_01356,قرية المفتاحة التشكلية,Abha,,
reviews_01357,قرية المفتاحة التشكلية,Abha,,
reviews_01358,قرية المفتاحة التشكلية,Abha,,
reviews_01359,قرية المفتاحة التشكلية,Abha,,
reviews_01360,قرية المفتاحة التشكلية,Abha,,
reviews_01361,قرية المفتاحة التشكلية,Abha,,
reviews_01362,قرية المفتاحة التشكلية,Abha,,
reviews_01363,قرية المفتاحة التشكلية,Abha,,
reviews_01364,قرية المفتاحة التشكلية,Abha,,
reviews_01365,قرية المفتاحة التشكلية,Abha,,
reviews_01366,قرية المفتاحة التشكلية,Abha,,
reviews_01367,قرية المفتاحة التشكلية,Abha,,
reviews_01368,قرية المفتاحة التشكلية,Abha,,
reviews_01369,قرية المفتاحة التشكلية,Abha,,
reviews_01370,قرية المفتاحة التشكلية,Abha,,
reviews_01371,قرية المفتاحة التشكلية,Abha,,
reviews_01372,قرية المفتاحة التشكلية,Abha,,
reviews_01373,قرية المفتاحة التشكلية,Abha,,
reviews_01374,قرية المفتاحة التشكلية,Abha,,
reviews_01375,قرية المفتاحة التشكلية,Abha,,
reviews_01376,قرية المفتاحة التشكلية,Abha,,
reviews_01377,قرية طبب التاريخية,Abha,,
reviews_01378,قرية طبب التاريخية,Abha,,
reviews_01379,قرية طبب التاريخية,Abha,,
reviews_01380,قرية طبب التاريخية,Abha,,
reviews_01381,قرية طبب التاريخية,Abha,,
reviews_01382,قرية طبب التاريخية,Abha,,
reviews_01383,قرية طبب التاريخية,Abha,,
reviews_01384,قرية طبب التاريخية,Abha,,
reviews_01385,قرية طبب التاريخية,Abha,,
reviews_01386,قرية طبب التاريخية,Abha,,
reviews_01387,قرية طبب التاريخية,Abha,,
reviews_01388,قرية طبب التاريخية,Abha,,
reviews_01389,قرية طبب التاريخية,Abha,,
reviews_01390,قرية طبب التاريخية,Abha,,
reviews_01391,قرية طبب التاريخية,Abha,,
reviews_01392,قرية طبب التاريخية,Abha,,
reviews_01393,قرية طبب التاريخية,Abha,,
reviews_01394,قرية طبب التاريخية,Abha,,
reviews_01395,قرية طبب التاريخية,Abha,,
reviews_01396,قرية طبب التاريخية,Abha,,
reviews_01397,قرية طبب التاريخية,Abha,,
reviews_01398,قرية طبب التاريخية,Abha,,
reviews_01399,قرية طبب التاريخية,Abha,,
reviews_01400,قرية طبب التاريخية,Abha,,
reviews_01401,قرية طبب التاريخية,Abha,,
reviews_01402,قرية طبب التاريخية,Abha,,
reviews_01403,قرية طبب التاريخية,Abha,,
reviews_01404,قرية طبب التاريخية,Abha,,
reviews_01405,قرية طبب التاريخية,Abha,,
reviews_01406,قرية طبب التاريخية,Abha,,
reviews_01407,قرية طبب التاريخية,Abha,,
reviews_01408,قرية طبب التاريخية,Abha,,
reviews_01409,قرية طبب التاريخية,Abha,,
reviews_01410,قرية طبب التاريخية,Abha,,
reviews_01411,قرية طبب التاريخية,Abha,,
reviews_01412,قرية طبب التاريخية,Abha,,
reviews_01413,قرية طبب التاريخية,Abha,,
reviews_01414,قرية طبب التاريخية,Abha,,
reviews_01415,قرية طبب التاريخية,Abha,,
reviews_01416,قرية طبب التاريخية,Abha,,
reviews_01417,قرية طبب التاريخية,Abha,,
reviews_01418,قرية طبب التاريخية,Abha,,
reviews_01419,قرية طبب التاريخية,Abha,,
reviews_01420,قرية طبب التاريخية,Abha,,
reviews_01421,قرية طبب التاريخية,Abha,,
reviews_01422,قرية طبب التاريخية,Abha,,
reviews_01423,قرية طبب التاريخية,Abha,,
reviews_01424,قرية طبب التاريخية,Abha,,
reviews_01425,قرية طبب التاريخية,Abha,,
reviews_01426,قرية طبب التاريخية,Abha,,
reviews_01427,قرية طبب التاريخية,Abha,,
reviews_01428,قرية طبب التاريخية,Abha,,
reviews_01429,قرية طبب التاريخية,Abha,,
reviews_01430,قرية طبب التاريخية,Abha,,
reviews_01431,قرية طبب التاريخية,Abha,,
reviews_01432,قرية طبب التاريخية,Abha,,
reviews_01433,قرية طبب التاريخية,Abha,,
reviews_01434,قرية طبب التاريخية,Abha,,
reviews_01435,قرية طبب التاريخية,Abha,,
reviews_01436,قرية طبب التاريخية,Abha,,
reviews_01437,قرية طبب التاريخية,Abha,,
reviews_01438,قرية طبب التاريخية,Abha,,
reviews_01439,قرية طبب التاريخية,Abha,,
reviews_01440,قرية طبب التاريخية,Abha,,
reviews_01441,قرية طبب التاريخية,Abha,,
reviews_01442,قرية طبب التاريخية,Abha,,
reviews_01443,قرية طبب التاريخية,Abha,,
reviews_01444,قرية طبب التاريخية,Abha,,
reviews_01445,قرية طبب التاريخية,Abha,,
reviews_01446,قرية طبب التاريخية,Abha,,
reviews_01447,قرية طبب التاريخية,Abha,,
reviews_01448,قرية طبب التاريخية,Abha,,
reviews_01449,قرية طبب التاريخية,Abha,,
reviews_01450,قرية طبب التاريخية,Abha,,
reviews_01451,قرية طبب التاريخية,Abha,,
reviews_01452,قرية طبب التاريخية,Abha,,
reviews_01453,قرية طبب التاريخية,Abha,,
reviews_01454,قرية طبب التاريخية,Abha,,
reviews_01455,قرية طبب التاريخية,Abha,,
reviews_01456,قرية طبب التاريخية,Abha,,
reviews_01457,قرية طبب التاريخية,Abha,,
reviews_01458,قرية طبب التاريخية,Abha,,
reviews_01459,قرية طبب التاريخية,Abha,,
reviews_01460,قرية طبب التاريخية,Abha,,
reviews_01461,قرية طبب التاريخية,Abha,,
reviews_01462,قرية طبب التاريخية,Abha,,
reviews_01463,قرية طبب التاريخية,Abha,,
reviews_01464,قرية طبب التاريخية,Abha,,
reviews_01465,قرية طبب التاريخية,Abha,,
reviews_01466,قرية طبب التاريخية,Abha,,
reviews_01467,قرية طبب التاريخية,Abha,,
reviews_01468,قرية طبب التاريخية,Abha,,
reviews_01469,قرية طبب التاريخية,Abha,,
reviews_01470,قرية طبب التاريخية,Abha,,
reviews_01471,قرية طبب التاريخية,Abha,,
reviews_01472,قرية طبب التاريخية,Abha,,
reviews_01473,قرية طبب التاريخية,Abha,,
reviews_01474,قرية طبب التاريخية,Abha,,
reviews_01475,قرية طبب التاريخية,Abha,,
reviews_01476,قرية طبب التاريخية,Abha,,
reviews_01477,قرية طبب التاريخية,Abha,,
reviews_01478,قرية طبب التاريخية,Abha,,
reviews_01479,قرية طبب التاريخية,Abha,,
reviews_01480,قرية طبب التاريخية,Abha,,
reviews_01481,قرية طبب التاريخية,Abha,,
reviews_01482,قرية طبب التاريخية,Abha,,
reviews_01483,قرية طبب التاريخية,Abha,,
reviews_01484,قرية طبب التاريخية,Abha,,
reviews_01485,قرية طبب التاريخية,Abha,,
reviews_01486,قرية طبب التاريخية,Abha,,
reviews_01487,قرية طبب التاريخية,Abha,,
reviews_01488,قرية طبب التاريخية,Abha,,
reviews_01489,قرية طبب التاريخية,Abha,,
reviews_01490,قرية طبب التاريخية,Abha,,
reviews_01491,قرية طبب التاريخية,Abha,,
reviews_01492,قرية طبب التاريخية,Abha,,
reviews_01493,قرية طبب التاريخية,Abha,,
reviews_01494,قرية طبب التاريخية,Abha,,
reviews_01495,قرية طبب التاريخية,Abha,,
reviews_01496,قرية طبب التاريخية,Abha,,
reviews_01497,قرية طبب التاريخية,Abha,,
reviews_01498,قرية طبب التاريخية,Abha,,
reviews_01499,قرية طبب التاريخية,Abha,,
reviews_01500,قرية طبب التاريخية,Abha,,
reviews_01501,قرية طبب التاريخية,Abha,,
reviews_01502,قرية طبب التاريخية,Abha,,
reviews_01503,قرية طبب التاريخية,Abha,,
reviews_01504,قرية طبب التاريخية,Abha,,
reviews_01505,قرية طبب التاريخية,Abha,,
reviews_01506,قرية طبب التاريخية,Abha,,
reviews_01507,قرية طبب التاريخية,Abha,,
reviews_01508,قرية طبب التاريخية,Abha,,
reviews_01509,قرية طبب التاريخية,Abha,,
reviews_01510,قرية طبب التاريخية,Abha,,
reviews_01511,قرية طبب التاريخية,Abha,,
reviews_01512,قرية طبب التاريخية,Abha,,
reviews_01513,قرية طبب التاريخية,Abha,,
reviews_01514,قرية طبب التاريخية,Abha,,
reviews_01515,قرية طبب التاريخية,Abha,,
reviews_01516,قرية طبب التاريخية,Abha,,
reviews_01517,قرية طبب التاريخية,Abha,,
reviews_01518,قرية طبب التاريخية,Abha,,
reviews_01519,قرية طبب التاريخية,Abha,,
reviews_01520,قرية طبب التاريخية,Abha,,
reviews_01521,قرية طبب التاريخية,Abha,,
reviews_01522,قرية طبب التاريخية,Abha,,
reviews_01523,قرية طبب التاريخية,Abha,,
reviews_01524,قرية طبب التاريخية,Abha,,
reviews_01525,قرية طبب التاريخية,Abha,,
reviews_01526,قرية طبب التاريخية,Abha,,
reviews_01527,قرية طبب التاريخية,Abha,,
reviews_01528,قرية طبب التاريخية,Abha,,
reviews_01529,قرية طبب التاريخية,Abha,,
reviews_01530,قرية طبب التاريخية,Abha,,
reviews_01531,قرية طبب التاريخية,Abha,,
reviews_01532,قرية طبب التاريخية,Abha,,
reviews_01533,قرية طبب التاريخية,Abha,,
reviews_01534,قرية طبب التاريخية,Abha,,
reviews_01535,قرية طبب التاريخية,Abha,,
reviews_01536,قرية طبب التاريخية,Abha,,
reviews_01537,قرية طبب التاريخية,Abha,,
reviews_01538,قرية طبب التاريخية,Abha,,
reviews_01539,قرية طبب التاريخية,Abha,,
reviews_01540,قرية طبب التاريخية,Abha,,
reviews_01541,قرية طبب التاريخية,Abha,,
reviews_01542,قرية طبب التاريخية,Abha,,
reviews_01543,قرية طبب التاريخية,Abha,,
reviews_01544,قرية طبب التاريخية,Abha,,
reviews_01545,قرية طبب التاريخية,Abha,,
reviews_01546,قرية طبب التاريخية,Abha,,
reviews_01547,قرية طبب التاريخية,Abha,,
reviews_01548,قرية طبب التاريخية,Abha,,
reviews_01549,قرية طبب التاريخية,Abha,,
reviews_01550,قرية طبب التاريخية,Abha,,
reviews_01551,قرية طبب التاريخية,Abha,,
reviews_01552,قرية طبب التاريخية,Abha,,
reviews_01553,قرية طبب التاريخية,Abha,,
reviews_01554,قرية طبب التاريخية,Abha,,
reviews_01555,قرية طبب التاريخية,Abha,,
reviews_01556,قرية طبب التاريخية,Abha,,
reviews_01557,قرية طبب التاريخية,Abha,,
reviews_01558,قرية طبب التاريخية,Abha,,
reviews_01559,قرية طبب التاريخية,Abha,,
reviews_01560,قرية طبب التاريخية,Abha,,
reviews_01561,قرية طبب التاريخية,Abha,,
reviews_01562,قرية طبب التاريخية,Abha,,
reviews_01563,قرية طبب التاريخية,Abha,,
reviews_01564,قرية طبب التاريخية,Abha,,
reviews_01565,قرية طبب التاريخية,Abha,,
reviews_01566,قرية طبب التاريخية,Abha,,
reviews_01567,قرية طبب التاريخية,Abha,,
reviews_01568,قرية طبب التاريخية,Abha,,
reviews_01569,قرية طبب التاريخية,Abha,,
reviews_01570,قرية طبب التاريخية,Abha,,
reviews_01571,قرية طبب التاريخية,Abha,,
reviews_01572,قرية طبب التاريخية,Abha,,
reviews_01573,قرية طبب التاريخية,Abha,,
reviews_01574,قرية طبب التاريخية,Abha,,
reviews_01575,قرية طبب التاريخية,Abha,,
reviews_01576,قرية طبب التاريخية,Abha,,
reviews_01577,قرية طبب التاريخية,Abha,,
reviews_01578,قرية طبب التاريخية,Abha,,
reviews_01579,قرية طبب التاريخية,Abha,,
reviews_01580,قرية طبب التاريخية,Abha,,
reviews_01581,قرية طبب التاريخية,Abha,,
reviews_01582,قرية طبب التاريخية,Abha,,
reviews_01583,قرية طبب التاريخية,Abha,,
reviews_01584,قرية طبب التاريخية,Abha,,
reviews_01585,قرية طبب التاريخية,Abha,,
reviews_01586,قرية طبب التاريخية,Abha,,
reviews_01587,قرية طبب التاريخية,Abha,,
reviews_01588,قرية طبب التاريخية,Abha,,
reviews_01589,قرية طبب التاريخية,Abha,,
reviews_01590,قرية طبب التاريخية,Abha,,
reviews_01591,قرية طبب التاريخية,Abha,,
reviews_01592,قرية طبب التاريخية,Abha,,
reviews_01593,قرية طبب التاريخية,Abha,,
reviews_01594,قرية طبب التاريخية,Abha,,
reviews_01595,قرية طبب التاريخية,Abha,,
reviews_01596,قرية طبب التاريخية,Abha,,
reviews_01597,قصور أبو سراح التاريخية,Abha,,
reviews_01598,قصور أبو سراح التاريخية,Abha,,
reviews_01599,قصور أبو سراح التاريخية,Abha,,
reviews_01600,قصور أبو سراح التاريخية,Abha,,
reviews_01601,قصور أبو سراح التاريخية,Abha,,
reviews_01602,قصور أبو سراح التاريخية,Abha,,
reviews_01603,قصور أبو سراح التاريخية,Abha,,
reviews_01604,قصور أبو سراح التاريخية,Abha,,
reviews_01605,قصور أبو سراح التاريخية,Abha,,
reviews_01606,قصور أبو سراح التاريخية,Abha,,
reviews_01607,قصور أبو سراح التاريخية,Abha,,
reviews_01608,قصور أبو سراح التاريخية,Abha,,
reviews_01609,قصور أبو سراح التاريخية,Abha,,
reviews_01610,قصور أبو سراح التاريخية,Abha,,
reviews_01611,قصور أبو سراح التاريخية,Abha,,
reviews_01612,قصور أبو سراح التاريخية,Abha,,
reviews_01613,قصور أبو سراح التاريخية,Abha,,
reviews_01614,قصور أبو سراح التاريخية,Abha,,
reviews_01615,قصور أبو سراح التاريخية,Abha,,
reviews_01616,قصور أبو سراح التاريخية,Abha,,
reviews_01617,قصور أبو سراح التاريخية,Abha,,
reviews_01618,قصور أبو سراح التاريخية,Abha,,
reviews_01619,قصور أبو سراح التاريخية,Abha,,
reviews_01620,قصور أبو سراح التاريخية,Abha,,
reviews_01621,قصور أبو سراح التاريخية,Abha,,
reviews_01622,قصور أبو سراح التاريخية,Abha,,
reviews_01623,قصور أبو سراح التاريخية,Abha,,
reviews_01624,قصور أبو سراح التاريخية,Abha,,
reviews_01625,قصور أبو سراح التاريخية,Abha,,
reviews_01626,قصور أبو سراح التاريخية,Abha,,
reviews_01627,قصور أبو سراح التاريخية,Abha,,
reviews_01628,قصور أبو سراح التاريخية,Abha,,
reviews_01629,قصور أبو سراح التاريخية,Abha,,
reviews_01630,قصور أبو سراح التاريخية,Abha,,
reviews_01631,قصور أبو سراح التاريخية,Abha,,
reviews_01632,قصور أبو سراح التاريخية,Abha,,
reviews_01633,قصور أبو سراح التاريخية,Abha,,
reviews_01634,قصور أبو سراح التاريخية,Abha,,
reviews_01635,قصور أبو سراح التاريخية,Abha,,
reviews_01636,قصور أبو سراح التاريخية,Abha,,
reviews_01637,قصور أبو سراح التاريخية,Abha,,
reviews_01638,قصور أبو سراح التاريخية,Abha,,
reviews_01639,قصور أبو سراح التاريخية,Abha,,
reviews_01640,قصور أبو سراح التاريخية,Abha,,
reviews_01641,قصور أبو سراح التاريخية,Abha,,
reviews_01642,قصور أبو سراح التاريخية,Abha,,
reviews_01643,قصور أبو سراح التاريخية,Abha,,
reviews_01644,قصور أبو سراح التاريخية,Abha,,
reviews_01645,قصور أبو سراح التاريخية,Abha,,
reviews_01646,قصور أبو سراح التاريخية,Abha,,
reviews_01647,قصور أبو سراح التاريخية,Abha,,
reviews_01648,قصور أبو سراح التاريخية,Abha,,
reviews_01649,قصور أبو سراح التاريخية,Abha,,
reviews_01650,قصور أبو سراح التاريخية,Abha,,
reviews_01651,قصور أبو سراح التاريخية,Abha,,
reviews_01652,قصور أبو سراح التاريخية,Abha,,
reviews_01653,قصور أبو سراح التاريخية,Abha,,
reviews_01654,قصور أبو سراح التاريخية,Abha,,
reviews_01655,قصور أبو سراح التاريخية,Abha,,
reviews_01656,قصور أبو سراح التاريخية,Abha,,
reviews_01657,قصور أبو سراح التاريخية,Abha,,
reviews_01658,قصور أبو سراح التاريخية,Abha,,
reviews_01659,قصور أبو سراح التاريخية,Abha,,
reviews_01660,قصور أبو سراح التاريخية,Abha,,
reviews_01661,قصور أبو سراح التاريخية,Abha,,
reviews_01662,قصور أبو سراح التاريخية,Abha,,
reviews_01663,قصور أبو سراح التاريخية,Abha,,
reviews_01664,قصور أبو سراح التاريخية,Abha,,
reviews_01665,قصور أبو سراح التاريخية,Abha,,
reviews_01666,قصور أبو سراح التاريخية,Abha,,
reviews_01667,قصور أبو سراح التاريخية,Abha,,
reviews_01668,قصور أبو سراح التاريخية,Abha,,
reviews_01669,قصور أبو سراح التاريخية,Abha,,
reviews_01670,قصور أبو سراح التاريخية,Abha,,
reviews_01671,قصور أبو سراح التاريخية,Abha,,
reviews_01672,قصور أبو سراح التاريخية,Abha,,
reviews_01673,قصور أبو سراح التاريخية,Abha,,
reviews_01674,قصور أبو سراح التاريخية,Abha,,
reviews_01675,قصور أبو سراح التاريخية,Abha,,
reviews_01676,قصور أبو سراح التاريخية,Abha,,
reviews_01677,قصور أبو سراح التاريخية,Abha,,
reviews_01678,قصور أبو سراح التاريخية,Abha,,
reviews_01679,قصور أبو سراح التاريخية,Abha,,
reviews_01680,قصور أبو سراح التاريخية,Abha,,
reviews_01681,قصور أبو سراح التاريخية,Abha,,
reviews_01682,قصور أبو سراح التاريخية,Abha,,
reviews_01683,قصور أبو سراح التاريخية,Abha,,
reviews_01684,قصور أبو سراح التاريخية,Abha,,
reviews_01685,قصور أبو سراح التاريخية,Abha,,
reviews_01686,قصور أبو سراح التاريخية,Abha,,
reviews_01687,قصور أبو سراح التاريخية,Abha,,
reviews_01688,قصور أبو سراح التاريخية,Abha,,
reviews_01689,قصور أبو سراح التاريخية,Abha,,
reviews_01690,قصور أبو سراح التاريخية,Abha,,
reviews_01691,قصور أبو سراح التاريخية,Abha,,
reviews_01692,قصور أبو سراح التاريخية,Abha,,
reviews_01693,قصور أبو سراح التاريخية,Abha,,
reviews_01694,قصور أبو سراح التاريخية,Abha,,
reviews_01695,قصور أبو سراح التاريخية,Abha,,
reviews_01696,قصور أبو سراح التاريخية,Abha,,
reviews_01697,قصور أبو سراح التاريخية,Abha,,
reviews_01698,قصور أبو سراح التاريخية,Abha,,
reviews_01699,قصور أبو سراح التاريخية,Abha,,
reviews_01700,قصور أبو سراح التاريخية,Abha,,
reviews_01701,قصور أبو سراح التاريخية,Abha,,
reviews_01702,قصور أبو سراح التاريخية,Abha,,
reviews_01703,قصور أبو سراح التاريخية,Abha,,
reviews_01704,قصور أبو سراح التاريخية,Abha,,
reviews_01705,قصور أبو سراح التاريخية,Abha,,
reviews_01706,قصور أبو سراح التاريخية,Abha,,
reviews_01707,قصور أبو سراح التاريخية,Abha,,
reviews_01708,قصور أبو سراح التاريخية,Abha,,
reviews_01709,قصور أبو سراح التاريخية,Abha,,
reviews_01710,قصور أبو سراح التاريخية,Abha,,
reviews_01711,قصور أبو سراح التاريخية,Abha,,
reviews_01712,قصور أبو سراح التاريخية,Abha,,
reviews_01713,قصور أبو سراح التاريخية,Abha,,
reviews_01714,قصور أبو سراح التاريخية,Abha,,
reviews_01715,قصور أبو سراح التاريخية,Abha,,
reviews_01716,قصور أبو سراح التاريخية,Abha,,
reviews_01717,قصور أبو سراح التاريخية,Abha,,
reviews_01718,قصور أبو سراح التاريخية,Abha,,
reviews_01719,قصور أبو سراح التاريخية,Abha,,
reviews_01720,قصور أبو سراح التاريخية,Abha,,
reviews_01721,قصور أبو سراح التاريخية,Abha,,
reviews_01722,قصور أبو سراح التاريخية,Abha,,
reviews_01723,قصور أبو سراح التاريخية,Abha,,
reviews_01724,قصور أبو سراح التاريخية,Abha,,
reviews_01725,قصور أبو سراح التاريخية,Abha,,
reviews_01726,قصور أبو سراح التاريخية,Abha,,
reviews_01727,قصور أبو سراح التاريخية,Abha,,
reviews_01728,قصور أبو سراح التاريخية,Abha,,
reviews_01729,قصور أبو سراح التاريخية,Abha,,
reviews_01730,قصور أبو سراح التاريخية,Abha,,
reviews_01731,قصور أبو سراح التاريخية,Abha,,
reviews_01732,قصور أبو سراح التاريخية,Abha,,
reviews_01733,قصور أبو سراح التاريخية,Abha,,
reviews_01734,قصور أبو سراح التاريخية,Abha,,
reviews_01735,قصور أبو سراح التاريخية,Abha,,
reviews_01736,قصور أبو سراح التاريخية,Abha,,
reviews_01737,قصور أبو سراح التاريخية,Abha,,
reviews_01738,قصور أبو سراح التاريخية,Abha,,
reviews_01739,قصور أبو سراح التاريخية,Abha,,
reviews_01740,قصور أبو سراح التاريخية,Abha,,
reviews_01741,قصور أبو سراح التاريخية,Abha,,
reviews_01742,قصور أبو سراح التاريخية,Abha,,
reviews_01743,قصور أبو سراح التاريخية,Abha,,
reviews_01744,قصور أبو سراح التاريخية,Abha,,
reviews_01745,قصور أبو سراح التاريخية,Abha,,
reviews_01746,قصور أبو سراح التاريخية,Abha,,
reviews_01747,قصور أبو سراح التاريخية,Abha,,
reviews_01748,قصور أبو سراح التاريخية,Abha,,
reviews_01749,قصور أبو سراح التاريخية,Abha,,
reviews_01750,قصور أبو سراح التاريخية,Abha,,
reviews_01751,قصور أبو سراح التاريخية,Abha,,
reviews_01752,قصور أبو سراح التاريخية,Abha,,
reviews_01753,قصور أبو سراح التاريخية,Abha,,
reviews_01754,قصور أبو سراح التاريخية,Abha,,
reviews_01755,قصور أبو سراح التاريخية,Abha,,
reviews_01756,قصور أبو سراح التاريخية,Abha,,
reviews_01757,قصور أبو سراح التاريخية,Abha,,
reviews_01758,قصور أبو سراح التاريخية,Abha,,
reviews_01759,قصور أبو سراح التاريخية,Abha,,
reviews_01760,قصور أبو سراح التاريخية,Abha,,
reviews_01761,قصور أبو سراح التاريخية,Abha,,
reviews_01762,قصور أبو سراح التاريخية,Abha,,
reviews_01763,قصور أبو سراح التاريخية,Abha,,
reviews_01764,قصور أبو سراح التاريخية,Abha,,
reviews_01765,قصور أبو سراح التاريخية,Abha,,
reviews_01766,قصور أبو سراح التاريخية,Abha,,
reviews_01767,قصور أبو سراح التاريخية,Abha,,
reviews_01768,قصور أبو سراح التاريخية,Abha,,
reviews_01769,قصور أبو سراح التاريخية,Abha,,
reviews_01770,قصور أبو سراح التاريخية,Abha,,
reviews_01771,قصور أبو سراح التاريخية,Abha,,
reviews_01772,قصور أبو سراح التاريخية,Abha,,
reviews_01773,قصور أبو سراح التاريخية,Abha,,
reviews_01774,قصور أبو سراح التاريخية,Abha,,
reviews_01775,قصور أبو سراح التاريخية,Abha,,
reviews_01776,قصور أبو سراح التاريخية,Abha,,
reviews_01777,قصور أبو سراح التاريخية,Abha,,
reviews_01778,قصور أبو سراح التاريخية,Abha,,
reviews_01779,قصور أبو سراح التاريخية,Abha,,
reviews_01780,قصور أبو سراح التاريخية,Abha,,
reviews_01781,قصور أبو سراح التاريخية,Abha,,
reviews_01782,قصور أبو سراح التاريخية,Abha,,
reviews_01783,قصور أبو سراح التاريخية,Abha,,
reviews_01784,قصور أبو سراح التاريخية,Abha,,
reviews_01785,قصور أبو سراح التاريخية,Abha,,
reviews_01786,قصور أبو سراح التاريخية,Abha,,
reviews_01787,قصور أبو سراح التاريخية,Abha,,
reviews_01788,قصور أبو سراح التاريخية,Abha,,
reviews_01789,قصور أبو سراح التاريخية,Abha,,
reviews_01790,قصور أبو سراح التاريخية,Abha,,
reviews_01791,قصور أبو سراح التاريخية,Abha,,
reviews_01792,قصور أبو سراح التاريخية,Abha,,
reviews_01793,قصور أبو سراح التاريخية,Abha,,
reviews_01794,قصور أبو سراح التاريخية,Abha,,
reviews_01795,قصور أبو سراح التاريخية,Abha,,
reviews_01796,قصور أبو سراح التاريخية,Abha,,
reviews_01797,قصور أبو سراح التاريخية,Abha,,
reviews_01798,قصور أبو سراح التاريخية,Abha,,
reviews_01799,قصور أبو سراح التاريخية,Abha,,
reviews_01800,قصور أبو سراح التاريخية,Abha,,
reviews_01801,قصور أبو سراح التاريخية,Abha,,
reviews_01802,قصور أبو سراح التاريخية,Abha,,
reviews_01803,قصور أبو سراح التاريخية,Abha,,
reviews_01804,قصور أبو سراح التاريخية,Abha,,
reviews_01805,قصور أبو سراح التاريخية,Abha,,
reviews_01806,قصور أبو سراح التاريخية,Abha,,
reviews_01807,قصور أبو سراح التاريخية,Abha,,
reviews_01808,قصور أبو سراح التاريخية,Abha,,
reviews_01809,قصور أبو سراح التاريخية,Abha,,
reviews_01810,قصور أبو سراح التاريخية,Abha,,
reviews_01811,قصور أبو سراح التاريخية,Abha,,
reviews_01812,قصور أبو سراح التاريخية,Abha,,
reviews_01813,قصور أبو سراح التاريخية,Abha,,
reviews_01814,قصور أبو سراح التاريخية,Abha,,
reviews_01815,قصور أبو سراح التاريخية,Abha,,
reviews_01816,قصور أبو سراح التاريخية,Abha,,
reviews_01817,سكاي فيلج,Abha,,
reviews_01818,سكاي فيلج,Abha,,
reviews_01819,سكاي فيلج,Abha,,
reviews_01820,سكاي فيلج,Abha,,
reviews_01821,سكاي فيلج,Abha,,
reviews_01822,سكاي فيلج,Abha,,
reviews_01823,سكاي فيلج,Abha,,
reviews_01824,سكاي فيلج,Abha,,
reviews_01825,سكاي فيلج,Abha,,
reviews_01826,سكاي فيلج,Abha,,
reviews_01827,سكاي فيلج,Abha,,
reviews_01828,سكاي فيلج,Abha,,
reviews_01829,سكاي فيلج,Abha,,
reviews_01830,سكاي فيلج,Abha,,
reviews_01831,سكاي فيلج,Abha,,
reviews_01832,سكاي فيلج,Abha,,
reviews_01833,سكاي فيلج,Abha,,
reviews_01834,سكاي فيلج,Abha,,
reviews_01835,سكاي فيلج,Abha,,
reviews_01836,سكاي فيلج,Abha,,
reviews_01837,سكاي فيلج,Abha,,
reviews_01838,سكاي فيلج,Abha,,
reviews_01839,سكاي فيلج,Abha,,
reviews_01840,سكاي فيلج,Abha,,
reviews_01841,سكاي فيلج,Abha,,
reviews_01842,سكاي فيلج,Abha,,
reviews_01843,سكاي فيلج,Abha,,
reviews_01844,سكاي فيلج,Abha,,
reviews_01845,سكاي فيلج,Abha,,
reviews_01846,سكاي فيلج,Abha,,
reviews_01847,سكاي فيلج,Abha,,
reviews_01848,سكاي فيلج,Abha,,
reviews_01849,سكاي فيلج,Abha,,
reviews_01850,سكاي فيلج,Abha,,
reviews_01851,سكاي فيلج,Abha,,
reviews_01852,سكاي فيلج,Abha,,
reviews_01853,سكاي فيلج,Abha,,
reviews_01854,سكاي فيلج,Abha,,
reviews_01855,سكاي فيلج,Abha,,
reviews_01856,سكاي فيلج,Abha,,
reviews_01857,سكاي فيلج,Abha,,
reviews_01858,سكاي فيلج,Abha,,
reviews_01859,سكاي فيلج,Abha,,
reviews_01860,سكاي فيلج,Abha,,
reviews_01861,سكاي فيلج,Abha,,
reviews_01862,سكاي فيلج,Abha,,
reviews_01863,سكاي فيلج,Abha,,
reviews_01864,سكاي فيلج,Abha,,
reviews_01865,متحف تمنية الاثري,Abha,,
reviews_01866,متحف تمنية الاثري,Abha,,
reviews_01867,متحف تمنية الاثري,Abha,,
reviews_01868,متحف تمنية الاثري,Abha,,
reviews_01869,متحف تمنية الاثري,Abha,,
reviews_01870,متحف تمنية الاثري,Abha,,
reviews_01871,متحف تمنية الاثري,Abha,,
reviews_01872,متحف تمنية الاثري,Abha,,
reviews_01873,متحف تمنية الاثري,Abha,,
reviews_01874,متحف تمنية الاثري,Abha,,
reviews_01875,متحف تمنية الاثري,Abha,,
reviews_01876,متحف تمنية الاثري,Abha,,
reviews_01877,متحف تمنية الاثري,Abha,,
reviews_01878,متحف تمنية الاثري,Abha,,
reviews_01879,متحف تمنية الاثري,Abha,,
reviews_01880,متحف تمنية الاثري,Abha,,
reviews_01881,متحف تمنية الاثري,Abha,,
reviews_01882,متحف تمنية الاثري,Abha,,
reviews_01883,متحف تمنية الاثري,Abha,,
reviews_01884,متحف تمنية الاثري,Abha,,
reviews_01885,متحف تمنية الاثري,Abha,,
reviews_01886,متحف تمنية الاثري,Abha,,
reviews_01887,متحف تمنية الاثري,Abha,,
reviews_01888,متحف تمنية الاثري,Abha,,
reviews_01889,متحف تمنية الاثري,Abha,,
reviews_01890,متحف تمنية الاثري,Abha,,
reviews_01891,متحف تمنية الاثري,Abha,,
reviews_01892,متحف تمنية الاثري,Abha,,
reviews_01893,متحف تمنية الاثري,Abha,,
reviews_01894,متحف تمنية الاثري,Abha,,
reviews_01895,متحف تمنية الاثري,Abha,,
reviews_01896,متحف تمنية الاثري,Abha,,
reviews_01897,متحف تمنية الاثري,Abha,,
reviews_01898,متحف تمنية الاثري,Abha,,
reviews_01899,متحف تمنية الاثري,Abha,,
reviews_01900,متحف تمنية الاثري,Abha,,
reviews_01901,متحف تمنية الاثري,Abha,,
reviews_01902,متحف تمنية الاثري,Abha,,
reviews_01903,متحف تمنية الاثري,Abha,,
reviews_01904,متحف تمنية الاثري,Abha,,
reviews_01905,متحف تمنية الاثري,Abha,,
reviews_01906,متحف تمنية الاثري,Abha,,
reviews_01907,متحف تمنية الاثري,Abha,,
reviews_01908,متحف تمنية الاثري,Abha,,
reviews_01909,متحف تمنية الاثري,Abha,,
reviews_01910,متحف تمنية الاثري,Abha,,
reviews_01911,متحف تمنية الاثري,Abha,,
reviews_01912,متحف تمنية الاثري,Abha,,
reviews_01913,متحف تمنية الاثري,Abha,,
reviews_01914,متحف تمنية الاثري,Abha,,
reviews_01915,متحف تمنية الاثري,Abha,,
reviews_01916,متحف تمنية الاثري,Abha,,
reviews_01917,متحف تمنية الاثري,Abha,,
reviews_01918,متحف تمنية الاثري,Abha,,
reviews_01919,متحف تمنية الاثري,Abha,,
reviews_01920,متحف تمنية الاثري,Abha,,
reviews_01921,متحف تمنية الاثري,Abha,,
reviews_01922,متحف تمنية الاثري,Abha,,
reviews_01923,متحف تمنية الاثري,Abha,,
reviews_01924,متحف تمنية الاثري,Abha,,
reviews_01925,متحف تمنية الاثري,Abha,,
reviews_01926,متحف تمنية الاثري,Abha,,
reviews_01927,متحف تمنية الاثري,Abha,,
reviews_01928,متحف تمنية الاثري,Abha,,
reviews_01929,متحف تمنية الاثري,Abha,,
reviews_01930,متحف تمنية الاثري,Abha,,
reviews_01931,متحف تمنية الاثري,Abha,,
reviews_01932,متحف تمنية الاثري,Abha,,
reviews_01933,متحف تمنية الاثري,Abha,,
reviews_01934,متحف تمنية الاثري,Abha,,
reviews_01935,متحف تمنية الاثري,Abha,,
reviews_01936,متحف تمنية الاثري,Abha,,
reviews_01937,متحف تمنية الاثري,Abha,,
reviews_01938,متحف تمنية الاثري,Abha,,
reviews_01939,متحف تمنية الاثري,Abha,,
reviews_01940,متحف تمنية الاثري,Abha,,
reviews_01941,متحف تمنية الاثري,Abha,,
reviews_01942,متحف تمنية الاثري,Abha,,
reviews_01943,متحف تمنية الاثري,Abha,,
reviews_01944,متحف تمنية الاثري,Abha,,
reviews_01945,متحف تمنية الاثري,Abha,,
reviews_01946,متحف تمنية الاثري,Abha,,
reviews_01947,متحف تمنية الاثري,Abha,,
reviews_01948,متحف تمنية الاثري,Abha,,
reviews_01949,متحف تمنية الاثري,Abha,,
reviews_01950,متحف تمنية الاثري,Abha,,
reviews_01951,متحف تمنية الاثري,Abha,,
reviews_01952,متحف تمنية الاثري,Abha,,
reviews_01953,متحف تمنية الاثري,Abha,,
reviews_01954,متحف تمنية الاثري,Abha,,
reviews_01955,متحف تمنية الاثري,Abha,,
reviews_01956,متحف تمنية الاثري,Abha,,
reviews_01957,متحف تمنية الاثري,Abha,,
reviews_01958,متحف تمنية الاثري,Abha,,
reviews_01959,متحف تمنية الاثري,Abha,,
reviews_01960,متحف تمنية الاثري,Abha,,
reviews_01961,متحف تمنية الاثري,Abha,,
reviews_01962,متحف تمنية الاثري,Abha,,
reviews_01963,متحف تمنية الاثري,Abha,,
reviews_01964,متحف تمنية الاثري,Abha,,
reviews_01965,متحف تمنية الاثري,Abha,,
reviews_01966,متحف تمنية الاثري,Abha,,
reviews_01967,متحف تمنية الاثري,Abha,,
reviews_01968,متحف تمنية الاثري,Abha,,
reviews_01969,متحف تمنية الاثري,Abha,,
reviews_01970,متحف تمنية الاثري,Abha,,
reviews_01971,متحف تمنية الاثري,Abha,,
reviews_01972,متحف تمنية الاثري,Abha,,
reviews_01973,متحف تمنية الاثري,Abha,,
reviews_01974,متحف تمنية الاثري,Abha,,
reviews_01975,متحف تمنية الاثري,Abha,,
reviews_01976,متحف تمنية الاثري,Abha,,
reviews_01977,متحف تمنية الاثري,Abha,,
reviews_01978,متحف تمنية الاثري,Abha,,
reviews_01979,متحف تمنية الاثري,Abha,,
reviews_01980,متحف تمنية الاثري,Abha,,
reviews_01981,متحف تمنية الاثري,Abha,,
reviews_01982,متحف تمنية الاثري,Abha,,
reviews_01983,متحف تمنية الاثري,Abha,,
reviews_01984,متحف تمنية الاثري,Abha,,
reviews_01985,متحف تمنية الاثري,Abha,,
reviews_01986,متحف تمنية الاثري,Abha,,
reviews_01987,حديقة الحيوانات,Riyadh,,0.769
reviews_01988,حديقة الحيوانات,Riyadh,,0.769
reviews_01989,حديقة الحيوانات,Riyadh,,0.769
reviews_01990,حديقة الحيوانات,Riyadh,,0.769
reviews_01991,حديقة الحيوانات,Riyadh,,0.769
reviews_01992,حديقة الحيوانات,Riyadh,,0.769
reviews_01993,حديقة الحيوانات,Riyadh,,0.769
reviews_01994,حديقة الحيوانات,Riyadh,,0.769
reviews_01995,حديقة الحيوانات,Riyadh,,0.769
reviews_01996,حديقة الحيوانات,Riyadh,,0.769
reviews_01997,حديقة الحيوانات,Riyadh,,0.769
reviews_01998,حديقة الحيوانات,Riyadh,,0.769
reviews_01999,حديقة الحيوانات,Riyadh,,0.769
reviews_02000,حديقة الحيوانات,Riyadh,,0.769
reviews_02001,حديقة الحيوانات,Riyadh,,0.769
reviews_02002,حديقة الحيوانات,Riyadh,,0.769
reviews_02003,حديقة الحيوانات,Riyadh,,0.769
reviews_02004,حديقة الحيوانات,Riyadh,,0.769
reviews_02005,حديقة الحيوانات,Riyadh,,0.769
reviews_02006,حديقة الحيوانات,Riyadh,,0.769
reviews_02007,حديقة الحيوانات,Riyadh,,0.769
reviews_02008,حديقة الحيوانات,Riyadh,,0.769
reviews_02009,حديقة الحيوانات,Riyadh,,0.769
reviews_02010,حديقة الحيوانات,Riyadh,,0.769
reviews_02011,حديقة الحيوانات,Riyadh,,0.769
reviews_02012,حديقة الحيوانات,Riyadh,,0.769
reviews_02013,حديقة الحيوانات,Riyadh,,0.769
reviews_02014,حديقة الحيوانات,Riyadh,,0.769
reviews_02015,حديقة الحيوانات,Riyadh,,0.769
reviews_02016,حديقة الحيوانات,Riyadh,,0.769
reviews_02017,حديقة الحيوانات,Riyadh,,0.769
reviews_02018,حديقة الحيوانات,Riyadh,,0.769
reviews_02019,حديقة الحيوانات,Riyadh,,0.769
reviews_02020,حديقة الحيوانات,Riyadh,,0.769
reviews_02021,حديقة الحيوانات,Riyadh,,0.769
reviews_02022,حديقة الحيوانات,Riyadh,,0.769
reviews_02023,حديقة الحيوانات,Riyadh,,0.769
reviews_02024,حديقة الحيوانات,Riyadh,,0.769
reviews_02025,حديقة الحيوانات,Riyadh,,0.769
reviews_02026,حديقة الحيوانات,Riyadh,,0.769
reviews_02027,حديقة الحيوانات,Riyadh,,0.769
reviews_02028,حديقة الحيوانات,Riyadh,,0.769
reviews_02029,حديقة الحيوانات,Riyadh,,0.769
reviews_02030,حديقة الحيوانات,Riyadh,,0.769
reviews_02031,حديقة الحيوانات,Riyadh,,0.769
reviews_02032,حديقة الحيوانات,Riyadh,,0.769
reviews_02033,قصر المربع التاريخي,Riyadh,,0.512
reviews_02034,قصر المربع التاريخي,Riyadh,,0.512
reviews_02035,قصر المربع التاريخي,Riyadh,,0.512
reviews_02036,قصر المربع التاريخي,Riyadh,,0.512
reviews_02037,قصر المربع التاريخي,Riyadh,,0.512
reviews_02038,قصر المربع التاريخي,Riyadh,,0.512
reviews_02039,قصر المربع التاريخي,Riyadh,,0.512
reviews_02040,قصر المربع التاريخي,Riyadh,,0.512
reviews_02041,قصر المربع التاريخي,Riyadh,,0.512
reviews_02042,قصر المربع التاريخي,Riyadh,,0.512
reviews_02043,قصر المربع التاريخي,Riyadh,,0.512
reviews_02044,قصر المربع التاريخي,Riyadh,,0.512
reviews_02045,قصر المربع التاريخي,Riyadh,,0.512
reviews_02046,قصر المربع التاريخي,Riyadh,,0.512
reviews_02047,قصر المربع التاريخي,Riyadh,,0.512
reviews_02048,قصر المربع التاريخي,Riyadh,,0.512
reviews_02049,قصر المربع التاريخي,Riyadh,,0.512
reviews_02050,قصر المربع التاريخي,Riyadh,,0.512
reviews_02051,قصر المربع التاريخي,Riyadh,,0.512
reviews_02052,جبل قارة,الاحساء,,
reviews_02053,جبل قارة,الاحساء,,
reviews_02054,جبل قارة,الاحساء,,
reviews_02055,جبل قارة,الاحساء,,
reviews_02056,جبل قارة,الاحساء,,
reviews_02057,جبل قارة,الاحساء,,
reviews_02058,جبل قارة,الاحساء,,
reviews_02059,جبل قارة,الاحساء,,
reviews_02060,جبل قارة,الاحساء,,
reviews_02061,جبل قارة,الاحساء,,
reviews_02062,جبل قارة,الاحساء,,
reviews_02063,جبل قارة,الاحساء,,
reviews_02064,جبل قارة,الاحساء,,
reviews_02065,جبل قارة,الاحساء,,
reviews_02066,جبل قارة,الاحساء,,
reviews_02067,جبل قارة,الاحساء,,
reviews_02068,جبل قارة,الاحساء,,
reviews_02069,جبل قارة,الاحساء,,
reviews_02070,جبل قارة,الاحساء,,
reviews_02071,جبل قارة,الاحساء,,
reviews_02072,جبل قارة,الاحساء,,
reviews_02073,جبل قارة,الاحساء,,
reviews_02074,جبل قارة,الاحساء,,
reviews_02075,جبل قارة,الاحساء,,
reviews_02076,جبل قارة,الاحساء,,
reviews_02077,جبل قارة,الاحساء,,
reviews_02078,جبل قارة,الاحساء,,
reviews_02079,جبل قارة,الاحساء,,
reviews_02080,جبل قارة,الاحساء,,
reviews_02081,جبل قارة,الاحساء,,
reviews_02082,جبل قارة,الاحساء,,
reviews_02083,جبل قارة,الاحساء,,
reviews_02084,جبل قارة,الاحساء,,
reviews_02085,جبل قارة,الاحساء,,
reviews_02086,جبل قارة,الاحساء,,
reviews_02087,جبل قارة,الاحساء,,
reviews_02088,جبل قارة,الاحساء,,
reviews_02089,جبل قارة,الاحساء,,
reviews_02090,جبل قارة,الاحساء,,
reviews_02091,جبل قارة,الاحساء,,
reviews_02092,جبل قارة,الاحساء,,
reviews_02093,جبل قارة,الاحساء,,
reviews_02094,جبل قارة,الاحساء,,
reviews_02095,جبل قارة,الاحساء,,
reviews_02096,جبل قارة,الاحساء,,
reviews_02097,جبل قارة,الاحساء,,
reviews_02098,جبل قارة,الاحساء,,
reviews_02099,جبل قارة,الاحساء,,
reviews_02100,جبل قارة,الاحساء,,
reviews_02101,جبل قارة,الاحساء,,
reviews_02102,جبل قارة,الاحساء,,
reviews_02103,جبل قارة,الاحساء,,
reviews_02104,جبل قارة,الاحساء,,
reviews_02105,جبل قارة,الاحساء,,
reviews_02106,جبل قارة,الاحساء,,
reviews_02107,جبل قارة,الاحساء,,
reviews_02108,جبل قارة,الاحساء,,
reviews_02109,جبل قارة,الاحساء,,
reviews_02110,جبل قارة,الاحساء,,
reviews_02111,جبل قارة,الاحساء,,
reviews_02112,جبل قارة,الاحساء,,
reviews_02113,جبل قارة,الاحساء,,
reviews_02114,جبل قارة,الاحساء,,
reviews_02115,جبل قارة,الاحساء,,
reviews_02116,جبل قارة,الاحساء,,
reviews_02117,جبل قارة,الاحساء,,
reviews_02118,جبل قارة,الاحساء,,
reviews_02119,جبل قارة,الاحساء,,
reviews_02120,جبل قارة,الاحساء,,
reviews_02121,جبل قارة,الاحساء,,
reviews_02122,جبل قارة,الاحساء,,
reviews_02123,جبل قارة,الاحساء,,
reviews_02124,جبل قارة,الاحساء,,
reviews_02125,جبل قارة,الاحساء,,
reviews_02126,جبل قارة,الاحساء,,
reviews_02127,جبل قارة,الاحساء,,
reviews_02128,جبل قارة,الاحساء,,
reviews_02129,جبل قارة,الاحساء,,
reviews_02130,جبل قارة,الاحساء,,
reviews_02131,جبل قارة,الاحساء,,
reviews_02132,جبل قارة,الاحساء,,
reviews_02133,جبل قارة,الاحساء,,
reviews_02134,جبل قارة,الاحساء,,
reviews_02135,جبل قارة,الاحساء,,
reviews_02136,جبل قارة,الاحساء,,
reviews_02137,جبل قارة,الاحساء,,
reviews_02138,جبل قارة,الاحساء,,
reviews_02139,جبل قارة,الاحساء,,
reviews_02140,جبل قارة,الاحساء,,
reviews_02141,جبل قارة,الاحساء,,
reviews_02142,جبل قارة,الاحساء,,
reviews_02143,جبل قارة,الاحساء,,
reviews_02144,جبل قارة,الاحساء,,
reviews_02145,جبل قارة,الاحساء,,
reviews_02146,جبل قارة,الاحساء,,
reviews_02147,جبل قارة,الاحساء,,
reviews_02148,جبل قارة,الاحساء,,
reviews_02149,جبل قارة,الاحساء,,
reviews_02150,جبل قارة,الاحساء,,
reviews_02151,جبل قارة,الاحساء,,
reviews_02152,جبل قارة,الاحساء,,
reviews_02153,جبل قارة,الاحساء,,
reviews_02154,جبل قارة,الاحساء,,
reviews_02155,جبل قارة,الاحساء,,
reviews_02156,جبل قارة,الاحساء,,
reviews_02157,جبل قارة,الاحساء,,
reviews_02158,جبل قارة,الاحساء,,
reviews_02159,جبل قارة,الاحساء,,
reviews_02160,جبل قارة,الاحساء,,
reviews_02161,جبل قارة,الاحساء,,
reviews_02162,جبل قارة,الاحساء,,
reviews_02163,جبل قارة,الاحساء,,
reviews_02164,جبل قارة,الاحساء,,
reviews_02165,جبل قارة,الاحساء,,
reviews_02166,جبل قارة,الاحساء,,
reviews_02167,جبل قارة,الاحساء,,
reviews_02168,جبل قارة,الاحساء,,
reviews_02169,جبل قارة,الاحساء,,
reviews_02170,جبل قارة,الاحساء,,
reviews_02171,جبل قارة,الاحساء,,
reviews_02172,جبل قارة,الاحساء,,
reviews_02173,جبل قارة,الاحساء,,
reviews_02174,جبل قارة,الاحساء,,
reviews_02175,جبل قارة,الاحساء,,
reviews_02176,جبل قارة,الاحساء,,
reviews_02177,جبل قارة,الاحساء,,
reviews_02178,جبل قارة,الاحساء,,
reviews_02179,جبل قارة,الاحساء,,
reviews_02180,جبل قارة,الاحساء,,
reviews_02181,جبل قارة,الاحساء,,
reviews_02182,جبل قارة,الاحساء,,
reviews_02183,جبل قارة,الاحساء,,
reviews_02184,جبل قارة,الاحساء,,
reviews_02185,جبل قارة,الاحساء,,
reviews_02186,جبل قارة,الاحساء,,
reviews_02187,جبل قارة,الاحساء,,
reviews_02188,جبل قارة,الاحساء,,
reviews_02189,جبل قارة,الاحساء,,
reviews_02190,جبل قارة,الاحساء,,
reviews_02191,جبل قارة,الاحساء,,
reviews_02192,جبل قارة,الاحساء,,
reviews_02193,جبل قارة,الاحساء,,
reviews_02194,جبل قارة,الاحساء,,
reviews_02195,جبل قارة,الاحساء,,
reviews_02196,جبل قارة,الاحساء,,
reviews_02197,جبل قارة,الاحساء,,
reviews_02198,جبل قارة,الاحساء,,
reviews_02199,جبل قارة,الاحساء,,
reviews_02200,جبل قارة,الاحساء,,
reviews_02201,جبل قارة,الاحساء,,
reviews_02202,جبل قارة,الاحساء,,
reviews_02203,جبل قارة,الاحساء,,
reviews_02204,جبل قارة,الاحساء,,
reviews_02205,جبل قارة,الاحساء,,
reviews_02206,جبل قارة,الاحساء,,
reviews_02207,جبل قارة,الاحساء,,
reviews_02208,جبل قارة,الاحساء,,
reviews_02209,جبل قارة,الاحساء,,
reviews_02210,جبل قارة,الاحساء,,
reviews_02211,جبل قارة,الاحساء,,
reviews_02212,جبل قارة,الاحساء,,
reviews_02213,جبل قارة,الاحساء,,
reviews_02214,جبل قارة,الاحساء,,
reviews_02215,جبل قارة,الاحساء,,
reviews_02216,جبل قارة,الاحساء,,
reviews_02217,جبل قارة,الاحساء,,
reviews_02218,جبل قارة,الاحساء,,
reviews_02219,جبل قارة,الاحساء,,
reviews_02220,جبل قارة,الاحساء,,
reviews_02221,جبل قارة,الاحساء,,
reviews_02222,جبل قارة,الاحساء,,
reviews_02223,جبل قارة,الاحساء,,
reviews_02224,جبل قارة,الاحساء,,
reviews_02225,جبل قارة,الاحساء,,
reviews_02226,جبل قارة,الاحساء,,
reviews_02227,جبل قارة,الاحساء,,
reviews_02228,جبل قارة,الاحساء,,
reviews_02229,جبل قارة,الاحساء,,
reviews_02230,جبل قارة,الاحساء,,
reviews_02231,جبل قارة,الاحساء,,
reviews_02232,جبل قارة,الاحساء,,
reviews_02233,جبل قارة,الاحساء,,
reviews_02234,جبل قارة,الاحساء,,
reviews_02235,جبل قارة,الاحساء,,
reviews_02236,جبل قارة,الاحساء,,
reviews_02237,جبل قارة,الاحساء,,
reviews_02238,جبل قارة,الاحساء,,
reviews_02239,جبل قارة,الاحساء,,
reviews_02240,جبل قارة,الاحساء,,
reviews_02241,جبل قارة,الاحساء,,
reviews_02242,جبل قارة,الاحساء,,
reviews_02243,جبل قارة,الاحساء,,
reviews_02244,جبل قارة,الاحساء,,
reviews_02245,جبل قارة,الاحساء,,
reviews_02246,جبل قارة,الاحساء,,
reviews_02247,جبل قارة,الاحساء,,
reviews_02248,جبل قارة,الاحساء,,
reviews_02249,جبل قارة,الاحساء,,
reviews_02250,جبل قارة,الاحساء,,
reviews_02251,جبل قارة,الاحساء,,
reviews_02252,جبل قارة,الاحساء,,
reviews_02253,جبل قارة,الاحساء,,
reviews_02254,جبل قارة,الاحساء,,
reviews_02255,جبل قارة,الاحساء,,
reviews_02256,جبل قارة,الاحساء,,
reviews_02257,جبل قارة,الاحساء,,
reviews_02258,جبل قارة,الاحساء,,
reviews_02259,جبل قارة,الاحساء,,
reviews_02260,جبل قارة,الاحساء,,
reviews_02261,جبل قارة,الاحساء,,
reviews_02262,جبل قارة,الاحساء,,
reviews_02263,جبل قارة,الاحساء,,
reviews_02264,جبل قارة,الاحساء,,
reviews_02265,جبل قارة,الاحساء,,
reviews_02266,جبل قارة,الاحساء,,
reviews_02267,جبل قارة,الاحساء,,
reviews_02268,جبل قارة,الاحساء,,
reviews_02269,جبل قارة,الاحساء,,
reviews_02270,جبل قارة,الاحساء,,
reviews_02271,جبل قارة,الاحساء,,
reviews_02272,جبل قارة,الاحساء,,
reviews_02273,جبل قارة,الاحساء,,
reviews_02274,جبل قارة,الاحساء,,
reviews_02275,جبل قارة,الاحساء,,
reviews_02276,جبل قارة,الاحساء,,
reviews_02277,جبل قارة,الاحساء,,
reviews_02278,جبل قارة,الاحساء,,
reviews_02279,جبل قارة,الاحساء,,
reviews_02280,جبل قارة,الاحساء,,
reviews_02281,جبل قارة,الاحساء,,
reviews_02282,جبل قارة,الاحساء,,
reviews_02283,جبل قارة,الاحساء,,
reviews_02284,جبل قارة,الاحساء,,
reviews_02285,جبل قارة,الاحساء,,
reviews_02286,جبل قارة,الاحساء,,
reviews_02287,جبل قارة,الاحساء,,
reviews_02288,جبل قارة,الاحساء,,
reviews_02289,جبل قارة,الاحساء,,
reviews_02290,جبل قارة,الاحساء,,
reviews_02291,جبل قارة,الاحساء,,
reviews_02292,جبل قارة,الاحساء,,
reviews_02293,جبل قارة,الاحساء,,
reviews_02294,جبل قارة,الاحساء,,
reviews_02295,جبل قارة,الاحساء,,
reviews_02296,جبل قارة,الاحساء,,
reviews_02297,جبل قارة,الاحساء,,
reviews_02298,جبل قارة,الاحساء,,
reviews_02299,جبل قارة,الاحساء,,
reviews_02300,جبل قارة,الاحساء,,
reviews_02301,جبل قارة,الاحساء,,
reviews_02302,جبل قارة,الاحساء,,
reviews_02303,جبل قارة,الاحساء,,
reviews_02304,جبل قارة,الاحساء,,
reviews_02305,جبل قارة,الاحساء,,
reviews_02306,جبل قارة,الاحساء,,
reviews_02307,جبل قارة,الاحساء,,
reviews_02308,جبل قارة,الاحساء,,
reviews_02309,جبل قارة,الاحساء,,
reviews_02310,جبل قارة,الاحساء,,
reviews_02311,جبل قارة,الاحساء,,
reviews_02312,جبل قارة,الاحساء,,
reviews_02313,جبل قارة,الاحساء,,
reviews_02314,جبل قارة,الاحساء,,
reviews_02315,جبل قارة,الاحساء,,
reviews_02316,جبل قارة,الاحساء,,
reviews_02317,جبل قارة,الاحساء,,
reviews_02318,جبل قارة,الاحساء,,
reviews_02319,جبل قارة,الاحساء,,
reviews_02320,جبل قارة,الاحساء,,
reviews_02321,جبل قارة,الاحساء,,
reviews_02322,جبل قارة,الاحساء,,
reviews_02323,جبل قارة,الاحساء,,
reviews_02324,جبل قارة,الاحساء,,
reviews_02325,جبل قارة,الاحساء,,
reviews_02326,جبل قارة,الاحساء,,
reviews_02327,جبل قارة,الاحساء,,
reviews_02328,جبل قارة,الاحساء,,
reviews_02329,جبل قارة,الاحساء,,
reviews_02330,جبل قارة,الاحساء,,
reviews_02331,جبل قارة,الاحساء,,
reviews_02332,جبل قارة,الاحساء,,
reviews_02333,جبل قارة,الاحساء,,
reviews_02334,جبل قارة,الاحساء,,
reviews_02335,جبل قارة,الاحساء,,
reviews_02336,جبل قارة,الاحساء,,
reviews_02337,جبل قارة,الاحساء,,
reviews_02338,جبل قارة,الاحساء,,
reviews_02339,جبل قارة,الاحساء,,
reviews_02340,جبل قارة,الاحساء,,
reviews_02341,جبل قارة,الاحساء,,
reviews_02342,جبل قارة,الاحساء,,
reviews_02343,جبل قارة,الاحساء,,
reviews_02344,جبل قارة,الاحساء,,
reviews_02345,جبل قارة,الاحساء,,
reviews_02346,جبل قارة,الاحساء,,
reviews_02347,جبل قارة,الاحساء,,
reviews_02348,جبل قارة,الاحساء,,
reviews_02349,جبل قارة,الاحساء,,
reviews_02350,جبل قارة,الاحساء,,
reviews_02351,جبل قارة,الاحساء,,
reviews_02352,جبل قارة,الاحساء,,
reviews_02353,بلدة العلا التراثية,Al Ula,,
reviews_02354,بلدة العلا التراثية,Al Ula,,
reviews_02355,بلدة العلا التراثية,Al Ula,,
reviews_02356,بلدة العلا التراثية,Al Ula,,
reviews_02357,بلدة العلا التراثية,Al Ula,,
reviews_02358,بلدة العلا التراثية,Al Ula,,
reviews_02359,بلدة العلا التراثية,Al Ula,,
reviews_02360,بلدة العلا التراثية,Al Ula,,
reviews_02361,بلدة العلا التراثية,Al Ula,,
reviews_02362,بلدة العلا التراثية,Al Ula,,
reviews_02363,بلدة العلا التراثية,Al Ula,,
reviews_02364,بلدة العلا التراثية,Al Ula,,
reviews_02365,بلدة العلا التراثية,Al Ula,,
reviews_02366,بلدة العلا التراثية,Al Ula,,
reviews_02367,بلدة العلا التراثية,Al Ula,,
reviews_02368,بلدة العلا التراثية,Al Ula,,
reviews_02369,بلدة العلا التراثية,Al Ula,,
reviews_02370,بلدة العلا التراثية,Al Ula,,
reviews_02371,بلدة العلا التراثية,Al Ula,,
reviews_02372,بلدة العلا التراثية,Al Ula,,
reviews_02373,بلدة العلا التراثية,Al Ula,,
reviews_02374,بلدة العلا التراثية,Al Ula,,
reviews_02375,بلدة العلا التراثية,Al Ula,,
reviews_02376,بلدة العلا التراثية,Al Ula,,
reviews_02377,بلدة العلا التراثية,Al Ula,,
reviews_02378,بلدة العلا التراثية,Al Ula,,
reviews_02379,بلدة العلا التراثية,Al Ula,,
reviews_02380,بلدة العلا التراثية,Al Ula,,
reviews_02381,بلدة العلا التراثية,Al Ula,,
reviews_02382,بلدة العلا التراثية,Al Ula,,
reviews_02383,بلدة العلا التراثية,Al Ula,,
reviews_02384,بلدة العلا التراثية,Al Ula,,
reviews_02385,بلدة العلا التراثية,Al Ula,,
reviews_02386,بلدة العلا التراثية,Al Ula,,
reviews_02387,بلدة العلا التراثية,Al Ula,,
reviews_02388,بلدة العلا التراثية,Al Ula,,
reviews_02389,بلدة العلا التراثية,Al Ula,,
reviews_02390,بلدة العلا التراثية,Al Ula,,
reviews_02391,بلدة العلا التراثية,Al Ula,,
reviews_02392,بلدة العلا التراثية,Al Ula,,
reviews_02393,بلدة العلا التراثية,Al Ula,,
reviews_02394,بلدة العلا التراثية,Al Ula,,
reviews_02395,بلدة العلا التراثية,Al Ula,,
reviews_02396,بلدة العلا التراثية,Al Ula,,
reviews_02397,بلدة العلا التراثية,Al Ula,,
reviews_02398,بلدة العلا التراثية,Al Ula,,
reviews_02399,بلدة العلا التراثية,Al Ula,,
reviews_02400,بلدة العلا التراثية,Al Ula,,
reviews_02401,بلدة العلا التراثية,Al Ula,,
reviews_02402,بلدة العلا التراثية,Al Ula,,
reviews_02403,بلدة العلا التراثية,Al Ula,,
reviews_02404,بلدة العلا التراثية,Al Ula,,
reviews_02405,بلدة العلا التراثية,Al Ula,,
reviews_02406,بلدة العلا التراثية,Al Ula,,
reviews_02407,بلدة العلا التراثية,Al Ula,,
reviews_02408,متحف دار المدينة,Madinah,,0.444
reviews_02409,متحف دار المدينة,Madinah,,0.444
reviews_02410,متحف دار المدينة,Madinah,,0.444
reviews_02411,متحف دار المدينة,Madinah,,0.444
reviews_02412,متحف دار المدينة,Madinah,,0.444
reviews_02413,متحف دار المدينة,Madinah,,0.444
reviews_02414,متحف دار المدينة,Madinah,,0.444
reviews_02415,متحف دار المدينة,Madinah,,0.444
reviews_02416,متحف دار المدينة,Madinah,,0.444
reviews_02417,متحف دار المدينة,Madinah,,0.444
reviews_02418,متحف دار المدينة,Madinah,,0.444
reviews_02419,متحف دار المدينة,Madinah,,0.444
reviews_02420,متحف دار المدينة,Madinah,,0.444
reviews_02421,متحف دار المدينة,Madinah,,0.444
reviews_02422,متحف دار المدينة,Madinah,,0.444
reviews_02423,متحف دار المدينة,Madinah,,0.444
reviews_02424,متحف دار المدينة,Madinah,,0.444
reviews_02425,متحف دار المدينة,Madinah,,0.444
reviews_02426,متحف دار المدينة,Madinah,,0.444
reviews_02427,متحف دار المدينة,Madinah,,0.444
reviews_02428,متحف دار المدينة,Madinah,,0.444
reviews_02429,متحف دار المدينة,Madinah,,0.444
reviews_02430,متحف دار المدينة,Madinah,,0.444
reviews_02431,متحف دار المدينة,Madinah,,0.444
reviews_02432,متحف دار المدينة,Madinah,,0.444
reviews_02433,متحف دار المدينة,Madinah,,0.444
reviews_02434,متحف دار المدينة,Madinah,,0.444
reviews_02435,متحف دار المدينة,Madinah,,0.444
reviews_02436,متحف دار المدينة,Madinah,,0.444
reviews_02437,متحف دار المدينة,Madinah,,0.444
reviews_02438,متحف دار المدينة,Madinah,,0.444
reviews_02439,متحف دار المدينة,Madinah,,0.444
reviews_02440,متحف دار المدينة,Madinah,,0.444
reviews_02441,متحف دار المدينة,Madinah,,0.444
reviews_02442,متحف دار المدينة,Madinah,,0.444
reviews_02443,متحف دار المدينة,Madinah,,0.444
reviews_02444,متحف دار المدينة,Madinah,,0.444
reviews_02445,متحف دار المدينة,Madinah,,0.444
reviews_02446,متحف دار المدينة,Madinah,,0.444
reviews_02447,متحف دار المدينة,Madinah,,0.444
reviews_02448,متحف دار المدينة,Madinah,,0.444
reviews_02449,متحف دار المدينة,Madinah,,0.444
reviews_02450,متحف دار المدينة,Madinah,,0.444
reviews_02451,متحف دار المدينة,Madinah,,0.444
reviews_02452,متحف دار المدينة,Madinah,,0.444
reviews_02453,متحف دار المدينة,Madinah,,0.444
reviews_02454,متحف دار المدينة,Madinah,,0.444
reviews_02455,متحف دار المدينة,Madinah,,0.444
reviews_02456,متحف دار المدينة,Madinah,,0.444
reviews_02457,متحف دار المدينة,Madinah,,0.444
reviews_02458,متحف دار المدينة,Madinah,,0.444
reviews_02459,متحف دار المدينة,Madinah,,0.444
reviews_02460,متحف دار المدينة,Madinah,,0.444
reviews_02461,متحف دار المدينة,Madinah,,0.444
reviews_02462,متحف دار المدينة,Madinah,,0.444
reviews_02463,متحف دار المدينة,Madinah,,0.444
reviews_02464,متحف دار المدينة,Madinah,,0.444
reviews_02465,متحف دار المدينة,Madinah,,0.444
reviews_02466,متحف دار المدينة,Madinah,,0.444
reviews_02467,متحف دار المدينة,Madinah,,0.444
reviews_02468,متحف دار المدينة,Madinah,,0.444
reviews_02469,متحف دار المدينة,Madinah,,0.444
reviews_02470,متحف دار المدينة,Madinah,,0.444
reviews_02471,متحف دار المدينة,Madinah,,0.444
reviews_02472,متحف دار المدينة,Madinah,,0.444
reviews_02473,متحف دار المدينة,Madinah,,0.444
reviews_02474,متحف دار المدينة,Madinah,,0.444
reviews_02475,متحف دار المدينة,Madinah,,0.444
reviews_02476,متحف دار المدينة,Madinah,,0.444
reviews_02477,متحف دار المدينة,Madinah,,0.444
reviews_02478,متحف دار المدينة,Madinah,,0.444
reviews_02479,متحف دار المدينة,Madinah,,0.444
reviews_02480,متحف دار المدينة,Madinah,,0.444
reviews_02481,متحف دار المدينة,Madinah,,0.444
reviews_02482,متحف دار المدينة,Madinah,,0.444
reviews_02483,متحف دار المدينة,Madinah,,0.444
reviews_02484,متحف دار المدينة,Madinah,,0.444
reviews_02485,متحف دار المدينة,Madinah,,0.444
reviews_02486,متحف دار المدينة,Madinah,,0.444
reviews_02487,متحف دار المدينة,Madinah,,0.444
reviews_02488,متحف دار المدينة,Madinah,,0.444
reviews_02489,متحف دار المدينة,Madinah,,0.444
reviews_02490,متحف دار المدينة,Madinah,,0.444
reviews_02491,متحف دار المدينة,Madinah,,0.444
reviews_02492,متحف دار المدينة,Madinah,,0.444
reviews_02493,متحف دار المدينة,Madinah,,0.444
reviews_02494,متحف دار المدينة,Madinah,,0.444
reviews_02495,متحف دار المدينة,Madinah,,0.444
reviews_02496,متحف دار المدينة,Madinah,,0.444
reviews_02497,متحف دار المدينة,Madinah,,0.444
reviews_02498,متحف دار المدينة,Madinah,,0.444
reviews_02499,متحف دار المدينة,Madinah,,0.444
reviews_02500,متحف دار المدينة,Madinah,,0.444
reviews_02501,متحف دار المدينة,Madinah,,0.444
reviews_02502,متحف دار المدينة,Madinah,,0.444
reviews_02503,متحف دار المدينة,Madinah,,0.444
reviews_02504,متحف دار المدينة,Madinah,,0.444
reviews_02505,متحف دار المدينة,Madinah,,0.444
reviews_02506,متحف دار المدينة,Madinah,,0.444
reviews_02507,متحف دار المدينة,Madinah,,0.444
reviews_02508,متحف دار المدينة,Madinah,,0.444
reviews_02509,متحف دار المدينة,Madinah,,0.444
reviews_02510,متحف دار المدينة,Madinah,,0.444
reviews_02511,متحف دار المدينة,Madinah,,0.444
reviews_02512,متحف دار المدينة,Madinah,,0.444
reviews_02513,متحف دار المدينة,Madinah,,0.444
reviews_02514,متحف دار المدينة,Madinah,,0.444
reviews_02515,متحف دار المدينة,Madinah,,0.444
reviews_02516,متحف دار المدينة,Madinah,,0.444
reviews_02517,متحف دار المدينة,Madinah,,0.444
reviews_02518,متحف دار المدينة,Madinah,,0.444
reviews_02519,متحف دار المدينة,Madinah,,0.444
reviews_02520,متحف دار المدينة,Madinah,,0.444
reviews_02521,متحف دار المدينة,Madinah,,0.444
reviews_02522,متحف دار المدينة,Madinah,,0.444
reviews_02523,متحف دار المدينة,Madinah,,0.444
reviews_02524,متحف دار المدينة,Madinah,,0.444
reviews_02525,متحف دار المدينة,Madinah,,0.444
reviews_02526,متحف دار المدينة,Madinah,,0.444
reviews_02527,متحف دار المدينة,Madinah,,0.444
reviews_02528,متحف دار المدينة,Madinah,,0.444
reviews_02529,متحف دار المدينة,Madinah,,0.444
reviews_02530,متحف دار المدينة,Madinah,,0.444
reviews_02531,متحف دار المدينة,Madinah,,0.444
reviews_02532,متحف دار المدينة,Madinah,,0.444
reviews_02533,متحف دار المدينة,Madinah,,0.444
reviews_02534,متحف دار المدينة,Madinah,,0.444
reviews_02535,متحف دار المدينة,Madinah,,0.444
reviews_02536,متحف دار المدينة,Madinah,,0.444
reviews_02537,جزيرة المرجان,Dammam,,0.333
reviews_02538,جزيرة المرجان,Dammam,,0.333
reviews_02539,جزيرة المرجان,Dammam,,0.333
reviews_02540,جزيرة المرجان,Dammam,,0.333
reviews_02541,جزيرة المرجان,Dammam,,0.333
reviews_02542,جزيرة المرجان,Dammam,,0.333
reviews_02543,جزيرة المرجان,Dammam,,0.333
reviews_02544,جزيرة المرجان,Dammam,,0.333
reviews_02545,جزيرة المرجان,Dammam,,0.333
reviews_02546,جزيرة المرجان,Dammam,,0.333
reviews_02547,جزيرة المرجان,Dammam,,0.333
reviews_02548,جزيرة المرجان,Dammam,,0.333
reviews_02549,جزيرة المرجان,Dammam,,0.333
reviews_02550,جزيرة المرجان,Dammam,,0.333
reviews_02551,ملاهي سبلاش المائية,Dammam,,0.345
reviews_02552,ملاهي سبلاش المائية,Dammam,,0.345
reviews_02553,ملاهي سبلاش المائية,Dammam,,0.345
reviews_02554,ملاهي سبلاش المائية,Dammam,,0.345
reviews_02555,ملاهي سبلاش المائية,Dammam,,0.345
reviews_02556,ملاهي سبلاش المائية,Dammam,,0.345
reviews_02557,ملاهي سبلاش المائية,Dammam,,0.345
reviews_02558,ملاهي سبلاش المائية,Dammam,,0.345
reviews_02559,ملاهي سبلاش المائية,Dammam,,0.345
reviews_02560,ملاهي سبلاش المائية,Dammam,,0.345
reviews_02561,ملاهي سبلاش المائية,Dammam,,0.345
reviews_02562,ملاهي سبلاش المائية,Dammam,,0.345
reviews_02563,ملاهي سبلاش المائية,Dammam,,0.345
reviews_02564,ملاهي سبلاش المائية,Dammam,,0.345
reviews_02565,ملاهي سبلاش المائية,Dammam,,0.345
reviews_02566,ملاهي سبلاش المائية,Dammam,,0.345
reviews_02567,ملاهي سبلاش المائية,Dammam,,0.345
reviews_02568,ملاهي سبلاش المائية,Dammam,,0.345
reviews_02569,ملاهي سبلاش المائية,Dammam,,0.345
reviews_02570,ملاهي سبلاش المائية,Dammam,,0.345
reviews_02571,ملاهي سبلاش المائية,Dammam,,0.345
reviews_02572,ملاهي سبلاش المائية,Dammam,,0.345
reviews_02573,ملاهي سبلاش المائية,Dammam,,0.345
reviews_02574,ملاهي سبلاش المائية,Dammam,,0.345
reviews_02575,ملاهي سبلاش المائية,Dammam,,0.345
reviews_02576,ملاهي سبلاش المائية,Dammam,,0.345
reviews_02577,ملاهي سبلاش المائية,Dammam,,0.345
reviews_02578,ملاهي سبلاش المائية,Dammam,,0.345
reviews_02579,ملاهي سبلاش المائية,Dammam,,0.345
reviews_02580,ملاهي سبلاش المائية,Dammam,,0.345
reviews_02581,ملاهي سبلاش المائية,Dammam,,0.345
reviews_02582,ملاهي سبلاش المائية,Dammam,,0.345
reviews_02583,ملاهي سبلاش المائية,Dammam,,0.345
reviews_02584,ملاهي سبلاش المائية,Dammam,,0.345
reviews_02585,ملاهي سبلاش المائية,Dammam,,0.345
reviews_02586,ملاهي سبلاش المائية,Dammam,,0.345
reviews_02587,ملاهي سبلاش المائية,Dammam,,0.345
reviews_02588,ملاهي سبلاش المائية,Dammam,,0.345
reviews_02589,ملاهي سبلاش المائية,Dammam,,0.345
reviews_02590,ملاهي سبلاش المائية,Dammam,,0.345
reviews_02591,ملاهي سبلاش المائية,Dammam,,0.345
reviews_02592,ملاهي سبلاش المائية,Dammam,,0.345
reviews_02593,ملاهي سبلاش المائية,Dammam,,0.345
reviews_02594,القرية الشعبية,Dammam,,0.211
reviews_02595,القرية الشعبية,Dammam,,0.211
reviews_02596,القرية الشعبية,Dammam,,0.211
reviews_02597,القرية الشعبية,Dammam,,0.211
reviews_02598,القرية الشعبية,Dammam,,0.211
reviews_02599,القرية الشعبية,Dammam,,0.211
reviews_02600,القرية الشعبية,Dammam,,0.211
reviews_02601,القرية الشعبية,Dammam,,0.211
reviews_02602,القرية الشعبية,Dammam,,0.211
reviews_02603,القرية الشعبية,Dammam,,0.211
reviews_02604,القرية الشعبية,Dammam,,0.211
reviews_02605,القرية الشعبية,Dammam,,0.211
reviews_02606,القرية الشعبية,Dammam,,0.211
reviews_02607,القرية الشعبية,Dammam,,0.211
reviews_02608,القرية الشعبية,Dammam,,0.211
reviews_02609,القرية الشعبية,Dammam,,0.211
reviews_02610,القرية الشعبية,Dammam,,0.211
reviews_02611,القرية الشعبية,Dammam,,0.211
reviews_02612,القرية الشعبية,Dammam,,0.211
reviews_02613,القرية الشعبية,Dammam,,0.211
reviews_02614,القرية الشعبية,Dammam,,0.211
reviews_02615,القرية الشعبية,Dammam,,0.211
reviews_02616,القرية الشعبية,Dammam,,0.211
reviews_02617,القرية الشعبية,Dammam,,0.211
reviews_02618,القرية الشعبية,Dammam,,0.211
reviews_02619,القرية الشعبية,Dammam,,0.211
reviews_02620,القرية الشعبية,Dammam,,0.211
reviews_02621,القرية الشعبية,Dammam,,0.211
reviews_02622,القرية الشعبية,Dammam,,0.211
reviews_02623,القرية الشعبية,Dammam,,0.211
reviews_02624,القرية الشعبية,Dammam,,0.211
reviews_02625,القرية الشعبية,Dammam,,0.211
reviews_02626,القرية الشعبية,Dammam,,0.211
reviews_02627,القرية الشعبية,Dammam,,0.211
reviews_02628,القرية الشعبية,Dammam,,0.211
reviews_02629,القرية الشعبية,Dammam,,0.211
reviews_02630,القرية الشعبية,Dammam,,0.211
reviews_02631,القرية الشعبية,Dammam,,0.211
reviews_02632,القرية الشعبية,Dammam,,0.211
reviews_02633,القرية الشعبية,Dammam,,0.211
reviews_02634,القرية الشعبية,Dammam,,0.211
reviews_02635,القرية الشعبية,Dammam,,0.211
reviews_02636,القرية الشعبية,Dammam,,0.211
reviews_02637,القرية الشعبية,Dammam,,0.211
reviews_02638,القرية الشعبية,Dammam,,0.211
reviews_02639,القرية الشعبية,Dammam,,0.211
reviews_02640,القرية الشعبية,Dammam,,0.211
reviews_02641,القرية الشعبية,Dammam,,0.211
reviews_02642,القرية الشعبية,Dammam,,0.211
reviews_02643,القرية الشعبية,Dammam,,0.211
reviews_02644,القرية الشعبية,Dammam,,0.211
reviews_02645,القرية الشعبية,Dammam,,0.211
reviews_02646,القرية الشعبية,Dammam,,0.211
reviews_02647,القرية الشعبية,Dammam,,0.211
reviews_02648,القرية الشعبية,Dammam,,0.211
reviews_02649,القرية الشعبية,Dammam,,0.211
reviews_02650,القرية الشعبية,Dammam,,0.211
reviews_02651,القرية الشعبية,Dammam,,0.211
reviews_02652,القرية الشعبية,Dammam,,0.211
reviews_02653,القرية الشعبية,Dammam,,0.211
reviews_02654,القرية الشعبية,Dammam,,0.211
reviews_02655,القرية الشعبية,Dammam,,0.211
reviews_02656,القرية الشعبية,Dammam,,0.211
reviews_02657,القرية الشعبية,Dammam,,0.211
reviews_02658,القرية الشعبية,Dammam,,0.211
reviews_02659,القرية الشعبية,Dammam,,0.211
reviews_02660,القرية الشعبية,Dammam,,0.211
reviews_02661,القرية الشعبية,Dammam,,0.211
reviews_02662,القرية الشعبية,Dammam,,0.211
reviews_02663,القرية الشعبية,Dammam,,0.211
reviews_02664,القرية الشعبية,Dammam,,0.211
reviews_02665,القرية الشعبية,Dammam,,0.211
reviews_02666,القرية الشعبية,Dammam,,0.211
reviews_02667,القرية الشعبية,Dammam,,0.211
reviews_02668,القرية الشعبية,Dammam,,0.211
reviews_02669,القرية الشعبية,Dammam,,0.211
reviews_02670,القرية الشعبية,Dammam,,0.211
reviews_02671,القرية الشعبية,Dammam,,0.211
reviews_02672,القرية الشعبية,Dammam,,0.211
reviews_02673,القرية الشعبية,Dammam,,0.211
reviews_02674,القرية الشعبية,Dammam,,0.211
reviews_02675,القرية الشعبية,Dammam,,0.211
reviews_02676,القرية الشعبية,Dammam,,0.211
reviews_02677,القرية الشعبية,Dammam,,0.211
reviews_02678,القرية الشعبية,Dammam,,0.211
reviews_02679,القرية الشعبية,Dammam,,0.211
reviews_02680,القرية الشعبية,Dammam,,0.211
reviews_02681,القرية الشعبية,Dammam,,0.211
reviews_02682,القرية الشعبية,Dammam,,0.211
reviews_02683,القرية الشعبية,Dammam,,0.211
reviews_02684,القرية الشعبية,Dammam,,0.211
reviews_02685,القرية الشعبية,Dammam,,0.211
reviews_02686,القرية الشعبية,Dammam,,0.211
reviews_02687,القرية الشعبية,Dammam,,0.211
reviews_02688,القرية الشعبية,Dammam,,0.211
reviews_02689,القرية الشعبية,Dammam,,0.211
reviews_02690,القرية الشعبية,Dammam,,0.211
reviews_02691,القرية الشعبية,Dammam,,0.211
reviews_02692,القرية الشعبية,Dammam,,0.211
reviews_02693,القرية الشعبية,Dammam,,0.211
reviews_02694,القرية الشعبية,Dammam,,0.211
reviews_02695,القرية الشعبية,Dammam,,0.211
reviews_02696,القرية الشعبية,Dammam,,0.211
reviews_02697,القرية الشعبية,Dammam,,0.211
reviews_02698,القرية الشعبية,Dammam,,0.211
reviews_02699,القرية الشعبية,Dammam,,0.211
reviews_02700,القرية الشعبية,Dammam,,0.211
reviews_02701,القرية الشعبية,Dammam,,0.211
reviews_02702,القرية الشعبية,Dammam,,0.211
reviews_02703,القرية الشعبية,Dammam,,0.211
reviews_02704,القرية الشعبية,Dammam,,0.211
reviews_02705,القرية الشعبية,Dammam,,0.211
reviews_02706,متحف بيت المتبولي,Jeddah,,0.345
reviews_02707,متحف بيت المتبولي,Jeddah,,0.345
reviews_02708,متحف بيت المتبولي,Jeddah,,0.345
reviews_02709,متحف بيت المتبولي,Jeddah,,0.345
reviews_02710,متحف بيت المتبولي,Jeddah,,0.345
reviews_02711,متحف بيت المتبولي,Jeddah,,0.345
reviews_02712,متحف بيت المتبولي,Jeddah,,0.345
reviews_02713,متحف بيت المتبولي,Jeddah,,0.345
reviews_02714,متحف بيت المتبولي,Jeddah,,0.345
reviews_02715,متحف مدينه العالمية للعلوم والمعرفة,Jeddah,,0.304
reviews_02716,متحف مدينه العالمية للعلوم والمعرفة,Jeddah,,0.304
reviews_02717,متحف مدينه العالمية للعلوم والمعرفة,Jeddah,,0.304
reviews_02718,متحف مدينه العالمية للعلوم والمعرفة,Jeddah,,0.304
reviews_02719,متحف مدينه العالمية للعلوم والمعرفة,Jeddah,,0.304
reviews_02720,طنطورة,Al Ula,,
reviews_02721,طنطورة,Al Ula,,
reviews_02722,طنطورة,Al Ula,,
reviews_02723,طنطورة,Al Ula,,
reviews_02724,طنطورة,Al Ula,,
reviews_02725,طنطورة,Al Ula,,
reviews_02726,طنطورة,Al Ula,,
reviews_02727,طنطورة,Al Ula,,
reviews_02728,طنطورة,Al Ula,,
reviews_02729,المعرض والمتحف الدولي للسيرة النبوية والحضارة,Madinah,,0.179
reviews_02730,المعرض والمتحف الدولي للسيرة النبوية والحضارة,Madinah,,0.179
reviews_02731,بحيرة سد أبها,Abha,,
reviews_02732,بحيرة سد أبها,Abha,,
reviews_02733,بحيرة سد أبها,Abha,,
reviews_02734,بحيرة سد أبها,Abha,,
reviews_02735,السودة,Abha,,
reviews_02736,السودة,Abha,,
reviews_02737,السودة,Abha,,
reviews_02738,السودة,Abha,,
reviews_02739,السودة,Abha,,
reviews_02740,السودة,Abha,,
reviews_02741,السودة,Abha,,
reviews_02742,السودة,Abha,,
reviews_02743,السودة,Abha,,
reviews_02744,السودة,Abha,,
reviews_02745,السودة,Abha,,
reviews_02746,السودة,Abha,,
reviews_02747,السودة,Abha,,
reviews_02748,السودة,Abha,,
reviews_02749,السودة,Abha,,
reviews_02750,السودة,Abha,,
reviews_02751,السودة,Abha,,
reviews_02752,السودة,Abha,,
reviews_02753,السودة,Abha,,
reviews_02754,السودة,Abha,,
reviews_02755,السودة,Abha,,
reviews_02756,السودة,Abha,,
reviews_02757,قلعه شمسان,Abha,,
reviews_02758,قلعه شمسان,Abha,,
reviews_02759,قلعه شمسان,Abha,,
reviews_02760,قلعه شمسان,Abha,,
reviews_02761,حديقة الفيروز,Yanbu,,
reviews_02762,حديقة الفيروز,Yanbu,,
reviews_02763,حديقة الفيروز,Yanbu,,
reviews_02764,حديقة الفيروز,Yanbu,,
reviews_02765,حديقة الفيروز,Yanbu,,
reviews_02766,حديقة الفيروز,Yanbu,,
reviews_02767,حديقة الفيروز,Yanbu,,
reviews_02768,حديقة الفيروز,Yanbu,,
reviews_02769,حديقة الفيروز,Yanbu,,
reviews_02770,حديقة الفيروز,Yanbu,,
reviews_02771,حديقة الفيروز,Yanbu,,
reviews_02772,حديقة الفيروز,Yanbu,,
reviews_02773,حديقة الفيروز,Yanbu,,
reviews_02774,حديقة الفيروز,Yanbu,,
reviews_02775,حديقة الفيروز,Yanbu,,
reviews_02776,حديقة الفيروز,Yanbu,,
reviews_02777,حديقة الفيروز,Yanbu,,
reviews_02778,حديقة الفيروز,Yanbu,,
reviews_02779,حديقة الفيروز,Yanbu,,
reviews_02780,حديقة الفيروز,Yanbu,,
reviews_02781,حديقة الفيروز,Yanbu,,
reviews_02782,حديقة الفيروز,Yanbu,,
reviews_02783,حديقة الفيروز,Yanbu,,
reviews_02784,حديقة الفيروز,Yanbu,,
reviews_02785,حديقة الفيروز,Yanbu,,
reviews_02786,حديقة الفيروز,Yanbu,,
reviews_02787,حديقة الفيروز,Yanbu,,
reviews_02788,حديقة الفيروز,Yanbu,,
reviews_02789,حديقة الفيروز,Yanbu,,
reviews_02790,حديقة الفيروز,Yanbu,,
reviews_02791,حديقة الفيروز,Yanbu,,
reviews_02792,حديقة الفيروز,Yanbu,,
reviews_02793,حديقة الفيروز,Yanbu,,
reviews_02794,حديقة الفيروز,Yanbu,,
reviews_02795,حديقة الفيروز,Yanbu,,
reviews_02796,حديقة الفيروز,Yanbu,,
reviews_02797,حديقة الفيروز,Yanbu,,
reviews_02798,حديقة الفيروز,Yanbu,,
reviews_02799,حديقة الفيروز,Yanbu,,
reviews_02800,حديقة الفيروز,Yanbu,,
reviews_02801,حديقة الفيروز,Yanbu,,
reviews_02802,حديقة الفيروز,Yanbu,,
reviews_02803,حديقة الفيروز,Yanbu,,
reviews_02804,حديقة الفيروز,Yanbu,,
reviews_02805,حديقة الفيروز,Yanbu,,
reviews_02806,حديقة الفيروز,Yanbu,,
reviews_02807,حديقة الفيروز,Yanbu,,
reviews_02808,حديقة الفيروز,Yanbu,,
reviews_02809,حديقة الفيروز,Yanbu,,
reviews_02810,حديقة الفيروز,Yanbu,,
reviews_02811,حديقة الفيروز,Yanbu,,
reviews_02812,حديقة الفيروز,Yanbu,,
reviews_02813,حديقة الفيروز,Yanbu,,
reviews_02814,حديقة الفيروز,Yanbu,,
reviews_02815,حديقة الفيروز,Yanbu,,
reviews_02816,حديقة الفيروز,Yanbu,,
reviews_02817,حديقة الفيروز,Yanbu,,
reviews_02818,حديقة الفيروز,Yanbu,,
reviews_02819,حديقة الفيروز,Yanbu,,
reviews_02820,حديقة الفيروز,Yanbu,,
reviews_02821,حديقة الفيروز,Yanbu,,
reviews_02822,حديقة الفيروز,Yanbu,,
reviews_02823,حديقة الفيروز,Yanbu,,
reviews_02824,حديقة الفيروز,Yanbu,,
reviews_02825,حديقة الفيروز,Yanbu,,
reviews_02826,حديقة الفيروز,Yanbu,,
reviews_02827,حديقة الفيروز,Yanbu,,
reviews_02828,حديقة الفيروز,Yanbu,,
reviews_02829,حديقة الفيروز,Yanbu,,
reviews_02830,حديقة الفيروز,Yanbu,,
reviews_02831,حديقة الفيروز,Yanbu,,
reviews_02832,حديقة الفيروز,Yanbu,,
reviews_02833,حديقة الفيروز,Yanbu,,
reviews_02834,حديقة الفيروز,Yanbu,,
reviews_02835,حديقة الفيروز,Yanbu,,
reviews_02836,حديقة الفيروز,Yanbu,,
reviews_02837,حديقة الفيروز,Yanbu,,
reviews_02838,حديقة الفيروز,Yanbu,,
reviews_02839,حديقة الفيروز,Yanbu,,
reviews_02840,حديقة الفيروز,Yanbu,,
reviews_02841,حديقة الفنون الخضراء,مدينة الملك عبد الله الاقتصادية,,
reviews_02842,حديقة الفنون الخضراء,مدينة الملك عبد الله الاقتصادية,,
reviews_02843,حديقة الفنون الخضراء,مدينة الملك عبد الله الاقتصادية,,
reviews_02844,حديقة الفنون الخضراء,مدينة الملك عبد الله الاقتصادية,,
reviews_02845,حديقة الفنون الخضراء,مدينة الملك عبد الله الاقتصادية,,
reviews_02846,حديقة الفنون الخضراء,مدينة الملك عبد الله الاقتصادية,,
reviews_02847,حديقة الفنون الخضراء,مدينة الملك عبد الله الاقتصادية,,
reviews_02848,حديقة الفنون الخضراء,مدينة الملك عبد الله الاقتصادية,,
reviews_02849,حديقة الفنون الخضراء,مدينة الملك عبد الله الاقتصادية,,
reviews_02850,جمان بارك,مدينة الملك عبد الله الاقتصادية,,
reviews_02851,جمان بارك,مدينة الملك عبد الله الاقتصادية,,
reviews_02852,جمان بارك,مدينة الملك عبد الله الاقتصادية,,
reviews_02853,جمان بارك,مدينة الملك عبد الله الاقتصادية,,
reviews_02854,جمان بارك,مدينة الملك عبد الله الاقتصادية,,
reviews_02855,جمان بارك,مدينة الملك عبد الله الاقتصادية,,
reviews_02856,جمان بارك,مدينة الملك عبد الله الاقتصادية,,
reviews_02857,جمان بارك,مدينة الملك عبد الله الاقتصادية,,
reviews_02858,جمان بارك,مدينة الملك عبد الله الاقتصادية,,
reviews_02859,جمان بارك,مدينة الملك عبد الله الاقتصادية,,
reviews_02860,جمان بارك,مدينة الملك عبد الله الاقتصادية,,
reviews_02861,جمان بارك,مدينة الملك عبد الله الاقتصادية,,
reviews_02862,جمان بارك,مدينة الملك عبد الله الاقتصادية,,
reviews_02863,جمان بارك,مدينة الملك عبد الله الاقتصادية,,
reviews_02864,جمان بارك,مدينة الملك عبد الله الاقتصادية,,
reviews_02865,جمان بارك,مدينة الملك عبد الله الاقتصادية,,
reviews_02866,جمان بارك,مدينة الملك عبد الله الاقتصادية,,
reviews_02867,جمان بارك,مدينة الملك عبد الله الاقتصادية,,
reviews_02868,جمان بارك,مدينة الملك عبد الله الاقتصادية,,
reviews_02869,جمان بارك,مدينة الملك عبد الله الاقتصادية,,
reviews_02870,جمان بارك,مدينة الملك عبد الله الاقتصادية,,
reviews_02871,جمان بارك,مدينة الملك عبد الله الاقتصادية,,
reviews_02872,جمان بارك,مدينة الملك عبد الله الاقتصادية,,
reviews_02873,جمان بارك,مدينة الملك عبد الله الاقتصادية,,
reviews_02874,جمان بارك,مدينة الملك عبد الله الاقتصادية,,
reviews_02875,جمان بارك,مدينة الملك عبد الله الاقتصادية,,
reviews_02876,جمان بارك,مدينة الملك عبد الله الاقتصادية,,
reviews_02877,جمان بارك,مدينة الملك عبد الله الاقتصادية,,
reviews_02878,جمان بارك,مدينة الملك عبد الله الاقتصادية,,
reviews_02879,جمان بارك,مدينة الملك عبد الله الاقتصادية,,
reviews_02880,جمان بارك,مدينة الملك عبد الله الاقتصادية,,
reviews_02881,جمان بارك,مدينة الملك عبد الله الاقتصادية,,
reviews_02882,جمان بارك,مدينة الملك عبد الله الاقتصادية,,
reviews_02883,جمان بارك,مدينة الملك عبد الله الاقتصادية,,
reviews_02884,جمان بارك,مدينة الملك عبد الله الاقتصادية,,
reviews_02885,جمان بارك,مدينة الملك عبد الله الاقتصادية,,
reviews_02886,جمان بارك,مدينة الملك عبد الله الاقتصادية,,
reviews_02887,جمان بارك,مدينة الملك عبد الله الاقتصادية,,
reviews_02888,جمان بارك,مدينة الملك عبد الله الاقتصادية,,
reviews_02889,جمان بارك,مدينة الملك عبد الله الاقتصادية,,
reviews_02890,جمان بارك,مدينة الملك عبد الله الاقتصادية,,
reviews_02891,جمان بارك,مدينة الملك عبد الله الاقتصادية,,
reviews_02892,جمان بارك,مدينة الملك عبد الله الاقتصادية,,
reviews_02893,جمان بارك,مدينة الملك عبد الله الاقتصادية,,
reviews_02894,جمان بارك,مدينة الملك عبد الله الاقتصادية,,
reviews_02895,جمان بارك,مدينة الملك عبد الله الاقتصادية,,
reviews_02896,جمان بارك,مدينة الملك عبد الله الاقتصادية,,
reviews_02897,جمان بارك,مدينة الملك عبد الله الاقتصادية,,
reviews_02898,جمان بارك,مدينة الملك عبد الله الاقتصادية,,
reviews_02899,جمان بارك,مدينة الملك عبد الله الاقتصادية,,
reviews_02900,جمان بارك,مدينة الملك عبد الله الاقتصادية,,
reviews_02901,جمان بارك,مدينة الملك عبد الله الاقتصادية,,
reviews_02902,جمان بارك,مدينة الملك عبد الله الاقتصادية,,
reviews_02903,جمان بارك,مدينة الملك عبد الله الاقتصادية,,
reviews_02904,جمان بارك,مدينة الملك عبد الله الاقتصادية,,
reviews_02905,جمان بارك,مدينة الملك عبد الله الاقتصادية,,
reviews_02906,جمان بارك,مدينة الملك عبد الله الاقتصادية,,
reviews_02907,جمان بارك,مدينة الملك عبد الله الاقتصادية,,
reviews_02908,جمان بارك,مدينة الملك عبد الله الاقتصادية,,
reviews_02909,جمان بارك,مدينة الملك عبد الله الاقتصادية,,
reviews_02910,جمان بارك,مدينة الملك عبد الله الاقتصادية,,
reviews_02911,جمان بارك,مدينة الملك عبد الله الاقتصادية,,
reviews_02912,جمان بارك,مدينة الملك عبد الله الاقتصادية,,
reviews_02913,جمان بارك,مدينة الملك عبد الله الاقتصادية,,
reviews_02914,جمان بارك,مدينة الملك عبد الله الاقتصادية,,
reviews_02915,جمان بارك,مدينة الملك عبد الله الاقتصادية,,
reviews_02916,جمان بارك,مدينة الملك عبد الله الاقتصادية,,
reviews_02917,جمان بارك,مدينة الملك عبد الله الاقتصادية,,
reviews_02918,جمان بارك,مدينة الملك عبد الله الاقتصادية,,
reviews_02919,جمان بارك,مدينة الملك عبد الله الاقتصادية,,
reviews_02920,جمان بارك,مدينة الملك عبد الله الاقتصادية,,
reviews_02921,جمان بارك,مدينة الملك عبد الله الاقتصادية,,
reviews_02922,جمان بارك,مدينة الملك عبد الله الاقتصادية,,
reviews_02923,جمان بارك,مدينة الملك عبد الله الاقتصادية,,
reviews_02924,جمان بارك,مدينة الملك عبد الله الاقتصادية,,
reviews_02925,جمان بارك,مدينة الملك عبد الله الاقتصادية,,
reviews_02926,جمان بارك,مدينة الملك عبد الله الاقتصادية,,
reviews_02927,جمان بارك,مدينة الملك عبد الله الاقتصادية,,
reviews_02928,جمان بارك,مدينة الملك عبد الله الاقتصادية,,
reviews_02929,جمان بارك,مدينة الملك عبد الله الاقتصادية,,
reviews_02930,جمان بارك,مدينة الملك عبد الله الاقتصادية,,
reviews_02931,جمان بارك,مدينة الملك عبد الله الاقتصادية,,
reviews_02932,جمان بارك,مدينة الملك عبد الله الاقتصادية,,
reviews_02933,جمان بارك,مدينة الملك عبد الله الاقتصادية,,
reviews_02934,جمان بارك,مدينة الملك عبد الله الاقتصادية,,
reviews_02935,جمان بارك,مدينة الملك عبد الله الاقتصادية,,
reviews_02936,جمان بارك,مدينة الملك عبد الله الاقتصادية,,
reviews_02937,جمان بارك,مدينة الملك عبد الله الاقتصادية,,
reviews_02938,جمان بارك,مدينة الملك عبد الله الاقتصادية,,
reviews_02939,جمان بارك,Tabuk,,0.483
reviews_02940,جمان بارك,Nan,,
reviews_02941,جمان بارك,مدينة الملك عبد الله الاقتصادية,,
reviews_02942,القرية التراثية في جازان,Jazan,,0.118
reviews_02943,القرية التراثية في جازان,Jazan,,0.118
reviews_02944,القرية التراثية في جازان,Jazan,,0.118
reviews_02945,القرية التراثية في جازان,Jazan,,0.118
reviews_02946,القرية التراثية في جازان,Jazan,,0.118
reviews_02947,القرية التراثية في جازان,Jazan,,0.118
reviews_02948,القرية التراثية في جازان,Jazan,,0.118
reviews_02949,القرية التراثية في جازان,Jazan,,0.118
reviews_02950,القرية التراثية في جازان,Jazan,,0.118
reviews_02951,القرية التراثية في جازان,Jazan,,0.118
reviews_02952,القرية التراثية في جازان,Jazan,,0.118
reviews_02953,القرية التراثية في جازان,Jazan,,0.118
reviews_02954,القرية التراثية في جازان,Jazan,,0.118
reviews_02955,القرية التراثية في جازان,Jazan,,0.118
reviews_02956,القرية التراثية في جازان,Jazan,,0.118
reviews_02957,القرية التراثية في جازان,Jazan,,0.118
reviews_02958,القرية التراثية في جازان,Jazan,,0.118
reviews_02959,القرية التراثية في جازان,Jazan,,0.118
reviews_02960,القرية التراثية في جازان,Jazan,,0.118
reviews_02961,القرية التراثية في جازان,Jazan,,0.118
reviews_02962,القرية التراثية في جازان,Jazan,,0.118
reviews_02963,القرية التراثية في جازان,Jazan,,0.118
reviews_02964,القرية التراثية في جازان,Jazan,,0.118
reviews_02965,القرية التراثية في جازان,Jazan,,0.118
reviews_02966,القرية التراثية في جازان,Jazan,,0.118
reviews_02967,القرية التراثية في جازان,Jazan,,0.118
reviews_02968,القرية التراثية في جازان,Jazan,,0.118
reviews_02969,القرية التراثية في جازان,Jazan,,0.118
reviews_02970,القرية التراثية في جازان,Jazan,,0.118
reviews_02971,القرية التراثية في جازان,Jazan,,0.118
reviews_02972,القرية التراثية في جازان,Jazan,,0.118
reviews_02973,القرية التراثية في جازان,Jazan,,0.118
reviews_02974,القرية التراثية في جازان,Jazan,,0.118
reviews_02975,القرية التراثية في جازان,Jazan,,0.118
reviews_02976,القرية التراثية في جازان,Jazan,,0.118
reviews_02977,القرية التراثية في جازان,Jazan,,0.118
reviews_02978,القرية التراثية في جازان,Jazan,,0.118
reviews_02979,القرية التراثية في جازان,Jazan,,0.118
reviews_02980,القرية التراثية في جازان,Jazan,,0.118
reviews_02981,القرية التراثية في جازان,Jazan,,0.118
reviews_02982,القرية التراثية في جازان,Jazan,,0.118
reviews_02983,القرية التراثية في جازان,Jazan,,0.118
reviews_02984,القرية التراثية في جازان,Jazan,,0.118
reviews_02985,القرية التراثية في جازان,Jazan,,0.118
reviews_02986,القرية التراثية في جازان,Jazan,,0.118
reviews_02987,القرية التراثية في جازان,Jazan,,0.118
reviews_02988,القرية التراثية في جازان,Jazan,,0.118
reviews_02989,القرية التراثية في جازان,Jazan,,0.118
reviews_02990,القرية التراثية في جازان,Jazan,,0.118
reviews_02991,القرية التراثية في جازان,Jazan,,0.118
reviews_02992,القرية التراثية في جازان,Jazan,,0.118
reviews_02993,القرية التراثية في جازان,Jazan,,0.118
reviews_02994,القرية التراثية في جازان,Jazan,,0.118
reviews_02995,القرية التراثية في جازان,Jazan,,0.118
reviews_02996,القرية التراثية في جازان,Jazan,,0.118
reviews_02997,القرية التراثية في جازان,Jazan,,0.118
reviews_02998,القرية التراثية في جازان,Jazan,,0.118
reviews_02999,القرية التراثية في جازان,Jazan,,0.118
reviews_03000,القرية التراثية في جازان,Jazan,,0.118
reviews_03001,القرية التراثية في جازان,Jazan,,0.118
reviews_03002,القرية التراثية في جازان,Jazan,,0.118
reviews_03003,القرية التراثية في جازان,Jazan,,0.118
reviews_03004,القرية التراثية في جازان,Jazan,,0.118
reviews_03005,القرية التراثية في جازان,Jazan,,0.118
reviews_03006,القرية التراثية في جازان,Jazan,,0.118
reviews_03007,القرية التراثية في جازان,Jazan,,0.118
reviews_03008,القرية التراثية في جازان,Jazan,,0.118
reviews_03009,القرية التراثية في جازان,Jazan,,0.118
reviews_03010,القرية التراثية في جازان,Jazan,,0.118
reviews_03011,القرية التراثية في جازان,Jazan,,0.118
reviews_03012,القرية التراثية في جازان,Jazan,,0.118
reviews_03013,القرية التراثية في جازان,Jazan,,0.118
reviews_03014,القرية التراثية في جازان,Jazan,,0.118
reviews_03015,القرية التراثية في جازان,Jazan,,0.118
reviews_03016,القرية التراثية في جازان,Jazan,,0.118
reviews_03017,القرية التراثية في جازان,Jazan,,0.118
reviews_03018,القرية التراثية في جازان,Jazan,,0.118
reviews_03019,القرية التراثية في جازان,Jazan,,0.118
reviews_03020,القرية التراثية في جازان,Jazan,,0.118
reviews_03021,القرية التراثية في جازان,Jazan,,0.118
reviews_03022,القرية التراثية في جازان,Jazan,,0.118
reviews_03023,القرية التراثية في جازان,Jazan,,0.118
reviews_03024,القرية التراثية في جازان,Jazan,,0.118
reviews_03025,القرية التراثية في جازان,Jazan,,0.118
reviews_03026,القرية التراثية في جازان,Jazan,,0.118
reviews_03027,القرية التراثية في جازان,Jazan,,0.118
reviews_03028,القرية التراثية في جازان,Jazan,,0.118
reviews_03029,القرية التراثية في جازان,Jazan,,0.118
reviews_03030,تلفريك الهدا,Taif,,0.273
reviews_03031,تلفريك الهدا,Taif,,0.273
reviews_03032,تلفريك الهدا,Taif,,0.273
reviews_03033,تلفريك الهدا,Taif,,0.273
reviews_03034,تلفريك الهدا,Taif,,0.273
reviews_03035,تلفريك الهدا,Taif,,0.273
reviews_03036,تلفريك الهدا,Taif,,0.273
reviews_03037,تلفريك الهدا,Taif,,0.273
reviews_03038,تلفريك الهدا,Taif,,0.273
reviews_03039,تلفريك الهدا,Taif,,0.273
reviews_03040,تلفريك الهدا,Taif,,0.273
reviews_03041,تلفريك الهدا,Taif,,0.273
reviews_03042,تلفريك الهدا,Taif,,0.273
reviews_03043,تلفريك الهدا,Taif,,0.273
reviews_03044,تلفريك الهدا,Taif,,0.273
reviews_03045,تلفريك الهدا,Taif,,0.273
reviews_03046,تلفريك الهدا,Taif,,0.273
reviews_03047,تلفريك الهدا,Taif,,0.273
reviews_03048,تلفريك الهدا,Taif,,0.273
reviews_03049,تلفريك الهدا,Taif,,0.273
reviews_03050,تلفريك الهدا,Taif,,0.273
reviews_03051,تلفريك الهدا,Taif,,0.273
reviews_03052,تلفريك الهدا,Taif,,0.273
reviews_03053,تلفريك الهدا,Taif,,0.273
reviews_03054,تلفريك الهدا,Taif,,0.273
reviews_03055,تلفريك الهدا,Taif,,0.273
reviews_03056,تلفريك الهدا,Taif,,0.273
reviews_03057,تلفريك الهدا,Taif,,0.273
reviews_03058,تلفريك الهدا,Taif,,0.273
reviews_03059,تلفريك الهدا,Taif,,0.273
reviews_03060,تلفريك الهدا,Taif,,0.273
reviews_03061,تلفريك الهدا,Taif,,0.273
reviews_03062,تلفريك الهدا,Taif,,0.273
reviews_03063,تلفريك الهدا,Taif,,0.273
reviews_03064,تلفريك الهدا,Taif,,0.273
reviews_03065,تلفريك الهدا,Taif,,0.273
reviews_03066,تلفريك الهدا,Taif,,0.273
reviews_03067,تلفريك الهدا,Taif,,0.273
reviews_03068,تلفريك الهدا,Taif,,0.273
reviews_03069,تلفريك الهدا,Taif,,0.273
reviews_03070,تلفريك الهدا,Taif,,0.273
reviews_03071,تلفريك الهدا,Taif,,0.273
reviews_03072,تلفريك الهدا,Taif,,0.273
reviews_03073,تلفريك الهدا,Taif,,0.273
reviews_03074,تلفريك الهدا,Taif,,0.273
reviews_03075,تلفريك الهدا,Taif,,0.273
reviews_03076,تلفريك الهدا,Taif,,0.273
reviews_03077,تلفريك الهدا,Taif,,0.273
reviews_03078,تلفريك الهدا,Taif,,0.273
reviews_03079,تلفريك الهدا,Taif,,0.273
reviews_03080,تلفريك الهدا,Taif,,0.273
reviews_03081,تلفريك الهدا,Taif,,0.273
reviews_03082,تلفريك الهدا,Taif,,0.273
reviews_03083,تلفريك الهدا,Taif,,0.273
reviews_03084,تلفريك الهدا,Taif,,0.273
reviews_03085,تلفريك الهدا,Taif,,0.273
reviews_03086,تلفريك الهدا,Taif,,0.273
reviews_03087,تلفريك الهدا,Taif,,0.273
reviews_03088,تلفريك الهدا,Taif,,0.273
reviews_03089,تلفريك الهدا,Taif,,0.273
reviews_03090,تلفريك الهدا,Taif,,0.273
reviews_03091,تلفريك الهدا,Taif,,0.273
reviews_03092,تلفريك الهدا,Taif,,0.273
reviews_03093,تلفريك الهدا,Taif,,0.273
reviews_03094,تلفريك الهدا,Taif,,0.273
reviews_03095,تلفريك الهدا,Taif,,0.273
reviews_03096,تلفريك الهدا,Taif,,0.273
reviews_03097,تلفريك الهدا,Taif,,0.273
reviews_03098,تلفريك الهدا,Taif,,0.273
reviews_03099,تلفريك الهدا,Taif,,0.273
reviews_03100,تلفريك الهدا,Taif,,0.273
reviews_03101,تلفريك الهدا,Taif,,0.273
reviews_03102,تلفريك الهدا,Taif,,0.273
reviews_03103,تلفريك الهدا,Taif,,0.273
reviews_03104,تلفريك الهدا,Taif,,0.273
reviews_03105,تلفريك الهدا,Taif,,0.273
reviews_03106,تلفريك الهدا,Taif,,0.273
reviews_03107,تلفريك الهدا,Taif,,0.273
reviews_03108,تلفريك الهدا,Taif,,0.273
reviews_03109,تلفريك الهدا,Taif,,0.273
reviews_03110,تلفريك الهدا,Taif,,0.273
reviews_03111,تلفريك الهدا,Taif,,0.273
reviews_03112,تلفريك الهدا,Taif,,0.273
reviews_03113,تلفريك الهدا,Taif,,0.273
reviews_03114,تلفريك الهدا,Taif,,0.273
reviews_03115,تلفريك الهدا,Taif,,0.273
reviews_03116,تلفريك الهدا,Taif,,0.273
reviews_03117,تلفريك الهدا,Taif,,0.273
reviews_03118,تلفريك الهدا,Taif,,0.273
reviews_03119,تلفريك الهدا,Taif,,0.273
reviews_03120,تلفريك الهدا,Taif,,0.273
reviews_03121,تلفريك الهدا,Taif,,0.273
reviews_03122,تلفريك الهدا,Taif,,0.273
reviews_03123,تلفريك الهدا,Taif,,0.273
reviews_03124,تلفريك الهدا,Taif,,0.273
reviews_03125,تلفريك الهدا,Taif,,0.273
reviews_03126,تلفريك الهدا,Taif,,0.273
reviews_03127,تلفريك الهدا,Taif,,0.273
reviews_03128,تلفريك الهدا,Taif,,0.273
reviews_03129,تلفريك الهدا,Taif,,0.273
reviews_03130,تلفريك الهدا,Taif,,0.273
reviews_03131,تلفريك الهدا,Taif,,0.273
reviews_03132,تلفريك الهدا,Taif,,0.273
reviews_03133,متحف الاصالة,Hail,,0.348
reviews_03134,متحف الاصالة,Hail,,0.348
reviews_03135,متحف الاصالة,Hail,,0.348
reviews_03136,متحف الاصالة,Hail,,0.348
reviews_03137,متحف الاصالة,Hail,,0.348
reviews_03138,متحف الاصالة,Hail,,0.348
reviews_03139,متحف الاصالة,Hail,,0.348
reviews_03140,متحف الاصالة,Hail,,0.348
reviews_03141,متحف الاصالة,Hail,,0.348
reviews_03142,متحف الاصالة,Hail,,0.348
reviews_03143,متحف الاصالة,Hail,,0.348
reviews_03144,متحف الاصالة,Hail,,0.348
reviews_03145,متحف الاصالة,Hail,,0.348
reviews_03146,متحف الاصالة,Hail,,0.348
reviews_03147,متحف الاصالة,Hail,,0.348
reviews_03148,متحف الاصالة,Hail,,0.348
reviews_03149,متحف الاصالة,Hail,,0.348
reviews_03150,متحف الاصالة,Hail,,0.348
reviews_03151,منتزه السلام,Hail,,0.348
reviews_03152,منتزه السلام,Hail,,0.348
reviews_03153,منتزه السلام,Hail,,0.348
reviews_03154,منتزه السلام,Hail,,0.348
reviews_03155,منتزه السلام,Hail,,0.348
reviews_03156,منتزه السلام,Hail,,0.348
reviews_03157,منتزه السلام,Hail,,0.348
reviews_03158,منتزه السلام,Hail,,0.348
reviews_03159,منتزه السلام,Hail,,0.348
reviews_03160,منتزه السلام,Hail,,0.348
reviews_03161,منتزه السلام,Hail,,0.348
reviews_03162,منتزه السلام,Hail,,0.348
reviews_03163,جزيرة النورس ينبع,Yanbu,,
reviews_03164,جزيرة النورس ينبع,Yanbu,,
reviews_03165,جزيرة النورس ينبع,Yanbu,,
reviews_03166,جزيرة النورس ينبع,Yanbu,,
reviews_03167,جزيرة النورس ينبع,Yanbu,,
reviews_03168,جزيرة النورس ينبع,Yanbu,,
reviews_03169,جزيرة النورس ينبع,Yanbu,,
reviews_03170,جزيرة النورس ينبع,Yanbu,,
reviews_03171,جزيرة النورس ينبع,Yanbu,,
reviews_03172,جزيرة النورس ينبع,Yanbu,,
reviews_03173,جزيرة النورس ينبع,Yanbu,,
reviews_03174,جزيرة النورس ينبع,Yanbu,,
reviews_03175,جزيرة النورس ينبع,Yanbu,,
reviews_03176,جزيرة النورس ينبع,Yanbu,,
reviews_03177,جزيرة النورس ينبع,Yanbu,,
reviews_03178,جزيرة النورس ينبع,Yanbu,,
reviews_03179,جزيرة النورس ينبع,Yanbu,,
reviews_03180,جزيرة النورس ينبع,Yanbu,,
reviews_03181,جزيرة النورس ينبع,Yanbu,,
reviews_03182,جزيرة النورس ينبع,Yanbu,,
reviews_03183,جزيرة النورس ينبع,Yanbu,,
reviews_03184,جزيرة النورس ينبع,Yanbu,,
reviews_03185,جزيرة النورس ينبع,Yanbu,,
reviews_03186,جزيرة النورس ينبع,Yanbu,,
reviews_03187,جزيرة النورس ينبع,Yanbu,,
reviews_03188,جزيرة النورس ينبع,Yanbu,,
reviews_03189,جزيرة النورس ينبع,Yanbu,,
reviews_03190,جزيرة النورس ينبع,Yanbu,,
reviews_03191,جزيرة النورس ينبع,Yanbu,,
reviews_03192,جزيرة النورس ينبع,Yanbu,,
reviews_03193,جزيرة النورس ينبع,Yanbu,,
reviews_03194,جزيرة النورس ينبع,Yanbu,,
reviews_03195,جزيرة النورس ينبع,Yanbu,,
reviews_03196,جزيرة النورس ينبع,Yanbu,,
reviews_03197,جزيرة النورس ينبع,Yanbu,,
reviews_03198,جزيرة النورس ينبع,Yanbu,,
reviews_03199,جزيرة النورس ينبع,Yanbu,,
reviews_03200,جزيرة النورس ينبع,Yanbu,,
reviews_03201,جزيرة النورس ينبع,Yanbu,,
reviews_03202,جزيرة النورس ينبع,Yanbu,,
reviews_03203,جزيرة النورس ينبع,Yanbu,,
reviews_03204,جزيرة النورس ينبع,Yanbu,,
reviews_03205,جزيرة النورس ينبع,Yanbu,,
reviews_03206,جزيرة النورس ينبع,Yanbu,,
reviews_03207,جزيرة النورس ينبع,Yanbu,,
reviews_03208,جزيرة النورس ينبع,Yanbu,,
reviews_03209,جزيرة النورس ينبع,Yanbu,,
reviews_03210,جزيرة النورس ينبع,Yanbu,,
reviews_03211,جزيرة النورس ينبع,Yanbu,,
reviews_03212,جزيرة النورس ينبع,Yanbu,,
reviews_03213,متحف الشريف,Taif,,0.286
reviews_03214,متحف الشريف,Taif,,0.286
reviews_03215,متحف الشريف,Taif,,0.286
reviews_03216,متحف الشريف,Taif,,0.286
reviews_03217,متحف الشريف,Taif,,0.286
reviews_03218,متحف الشريف,Taif,,0.286
reviews_03219,متحف الشريف,Taif,,0.286
reviews_03220,متحف الشريف,Taif,,0.286
reviews_03221,متحف الشريف,Taif,,0.286
reviews_03222,متحف الشريف,Taif,,0.286
reviews_03223,متحف الشريف,Taif,,0.286
reviews_03224,متحف الشريف,Taif,,0.286
reviews_03225,متحف الشريف,Taif,,0.286
reviews_03226,متحف الشريف,Taif,,0.286
reviews_03227,متحف الشريف,Taif,,0.286
reviews_03228,متحف الشريف,Taif,,0.286
reviews_03229,متحف الشريف,Taif,,0.286
reviews_03230,متحف الشريف,Taif,,0.286
reviews_03231,متحف الشريف,Taif,,0.286
reviews_03232,متحف الشريف,Taif,,0.286
reviews_03233,متحف الشريف,Taif,,0.286
reviews_03234,متحف الشريف,Taif,,0.286
reviews_03235,متحف الشريف,Taif,,0.286
reviews_03236,متحف الشريف,Taif,,0.286
reviews_03237,متحف الشريف,Taif,,0.286
reviews_03238,متحف الشريف,Taif,,0.286
reviews_03239,متحف الشريف,Taif,,0.286
reviews_03240,متحف الشريف,Taif,,0.286
reviews_03241,متحف الشريف,Taif,,0.286
reviews_03242,متحف الشريف,Taif,,0.286
reviews_03243,متحف الشريف,Taif,,0.286
reviews_03244,متحف الشريف,Taif,,0.286
reviews_03245,متحف الشريف,Taif,,0.286
reviews_03246,متحف الشريف,Taif,,0.286
reviews_03247,متحف الشريف,Taif,,0.286
reviews_03248,متحف الشريف,Taif,,0.286
reviews_03249,متحف الشريف,Taif,,0.286
reviews_03250,متحف الشريف,Taif,,0.286
reviews_03251,متحف الشريف,Taif,,0.286
reviews_03252,متحف الشريف,Taif,,0.286
reviews_03253,متحف الشريف,Taif,,0.286
reviews_03254,متحف الشريف,Taif,,0.286
reviews_03255,متحف الشريف,Taif,,0.286
reviews_03256,متحف الشريف,Taif,,0.286
reviews_03257,متحف الشريف,Taif,,0.286
reviews_03258,متحف الشريف,Taif,,0.286
reviews_03259,متحف الشريف,Taif,,0.286
reviews_03260,متحف الشريف,Taif,,0.286
reviews_03261,متحف الشريف,Taif,,0.286
reviews_03262,متحف الشريف,Taif,,0.286
reviews_03263,متحف الشريف,Taif,,0.286
reviews_03264,متحف الشريف,Taif,,0.286
reviews_03265,متحف الشريف,Taif,,0.286
reviews_03266,متحف الشريف,Taif,,0.286
reviews_03267,متحف الشريف,Taif,,0.286
reviews_03268,متحف الشريف,Taif,,0.286
reviews_03269,متحف الشريف,Taif,,0.286
reviews_03270,متحف الشريف,Taif,,0.286
reviews_03271,متحف البيت الطيني بتبوك,Tabuk,,0.372
reviews_03272,متحف البيت الطيني بتبوك,Tabuk,,0.372
reviews_03273,متحف البيت الطيني بتبوك,Tabuk,,0.372
reviews_03274,متحف البيت الطيني بتبوك,Tabuk,,0.372
reviews_03275,متحف البيت الطيني بتبوك,Tabuk,,0.372
reviews_03276,متحف البيت الطيني بتبوك,Tabuk,,0.372
reviews_03277,متحف البيت الطيني بتبوك,Tabuk,,0.372
reviews_03278,متحف البيت الطيني بتبوك,Tabuk,,0.372
reviews_03279,متحف البيت الطيني بتبوك,Tabuk,,0.372
reviews_03280,متحف البيت الطيني بتبوك,Tabuk,,0.372
reviews_03281,متحف البيت الطيني بتبوك,Tabuk,,0.372
reviews_03282,المتحف الوطني السعودي,Riyadh,,0.488
reviews_03283,المتحف الوطني السعودي,Riyadh,,0.488
reviews_03284,المتحف الوطني السعودي,Riyadh,,0.488
reviews_03285,المتحف الوطني السعودي,Riyadh,,0.488
reviews_03286,المتحف الوطني السعودي,Riyadh,,0.488
reviews_03287,المتحف الوطني السعودي,Riyadh,,0.488
reviews_03288,المتحف الوطني السعودي,Riyadh,,0.488
reviews_03289,( الهروب من الغرفه )Escape the Room,Al Khobar,EAS_000077,1.0
reviews_03290,( الهروب من الغرفه )Escape the Room,Al Khobar,EAS_000077,1.0
reviews_03291,( الهروب من الغرفه )Escape the Room,Al Khobar,EAS_000077,1.0
reviews_03292,( الهروب من الغرفه )Escape the Room,Al Khobar,EAS_000077,1.0
reviews_03293,( الهروب من الغرفه )Escape the Room,Al Khobar,EAS_000077,1.0
reviews_03294,( الهروب من الغرفه )Escape the Room,Al Khobar,EAS_000077,1.0
reviews_03295,( الهروب من الغرفه )Escape the Room,Al Khobar,EAS_000077,1.0
reviews_03296,( الهروب من الغرفه )Escape the Room,Al Khobar,EAS_000077,1.0
reviews_03297,( الهروب من الغرفه )Escape the Room,Al Khobar,EAS_000077,1.0
reviews_03298,( الهروب من الغرفه )Escape the Room,Al Khobar,EAS_000077,1.0
reviews_03299,( الهروب من الغرفه )Escape the Room,Al Khobar,EAS_000077,1.0
reviews_03300,( الهروب من الغرفه )Escape the Room,Al Khobar,EAS_000077,1.0
reviews_03301,( الهروب من الغرفه )Escape the Room,Al Khobar,EAS_000077,1.0
reviews_03302,( الهروب من الغرفه )Escape the Room,Al Khobar,EAS_000077,1.0
reviews_03303,( الهروب من الغرفه )Escape the Room,Al Khobar,EAS_000077,1.0
reviews_03304,( الهروب من الغرفه )Escape the Room,Al Khobar,EAS_000077,1.0
reviews_03305,( الهروب من الغرفه )Escape the Room,Al Khobar,EAS_000077,1.0
reviews_03306,( الهروب من الغرفه )Escape the Room,Al Khobar,EAS_000077,1.0
reviews_03307,( الهروب من الغرفه )Escape the Room,Al Khobar,EAS_000077,1.0
reviews_03308,( الهروب من الغرفه )Escape the Room,Al Khobar,EAS_000077,1.0
reviews_03309,( الهروب من الغرفه )Escape the Room,Al Khobar,EAS_000077,1.0
reviews_03310,( الهروب من الغرفه )Escape the Room,Al Khobar,EAS_000077,1.0
reviews_03311,( الهروب من الغرفه )Escape the Room,Al Khobar,EAS_000077,1.0
reviews_03312,( الهروب من الغرفه )Escape the Room,Al Khobar,EAS_000077,1.0
reviews_03313,( الهروب من الغرفه )Escape the Room,Al Khobar,EAS_000077,1.0
reviews_03314,( الهروب من الغرفه )Escape the Room,Al Khobar,EAS_000077,1.0
reviews_03315,( الهروب من الغرفه )Escape the Room,Al Khobar,EAS_000077,1.0
reviews_03316,( الهروب من الغرفه )Escape the Room,Al Khobar,EAS_000077,1.0
reviews_03317,( الهروب من الغرفه )Escape the Room,Al Khobar,EAS_000077,1.0
reviews_03318,( الهروب من الغرفه )Escape the Room,Al Khobar,EAS_000077,1.0
reviews_03319,( الهروب من الغرفه )Escape the Room,Al Khobar,EAS_000077,1.0
reviews_03320,( الهروب من الغرفه )Escape the Room,Al Khobar,EAS_000077,1.0
reviews_03321,( الهروب من الغرفه )Escape the Room,Al Khobar,EAS_000077,1.0
reviews_03322,( الهروب من الغرفه )Escape the Room,Al Khobar,EAS_000077,1.0
reviews_03323,( الهروب من الغرفه )Escape the Room,Al Khobar,EAS_000077,1.0
reviews_03324,( الهروب من الغرفه )Escape the Room,Al Khobar,EAS_000077,1.0
reviews_03325,( الهروب من الغرفه )Escape the Room,Al Khobar,EAS_000077,1.0
reviews_03326,( الهروب من الغرفه )Escape the Room,Al Khobar,EAS_000077,1.0
reviews_03327,( الهروب من الغرفه )Escape the Room,Al Khobar,EAS_000077,1.0
reviews_03328,( الهروب من الغرفه )Escape the Room,Al Khobar,EAS_000077,1.0
reviews_03329,( الهروب من الغرفه )Escape the Room,Al Khobar,EAS_000077,1.0
reviews_03330,( الهروب من الغرفه )Escape the Room,Al Khobar,EAS_000077,1.0
reviews_03331,( الهروب من الغرفه )Escape the Room,Al Khobar,EAS_000077,1.0
reviews_03332,( الهروب من الغرفه )Escape the Room,Al Khobar,EAS_000077,1.0
reviews_03333,( الهروب من الغرفه )Escape the Room,Al Khobar,EAS_000077,1.0
reviews_03334,( الهروب من الغرفه )Escape the Room,Al Khobar,EAS_000077,1.0
reviews_03335,( الهروب من الغرفه )Escape the Room,Al Khobar,EAS_000077,1.0
reviews_03336,( الهروب من الغرفه )Escape the Room,Al Khobar,EAS_000077,1.0
reviews_03337,( الهروب من الغرفه )Escape the Room,Al Khobar,EAS_000077,1.0
reviews_03338,( الهروب من الغرفه )Escape the Room,Al Khobar,EAS_000077,1.0
reviews_03339,( الهروب من الغرفه )Escape the Room,Al Khobar,EAS_000077,1.0
reviews_03340,( الهروب من الغرفه )Escape the Room,Al Khobar,EAS_000077,1.0
reviews_03341,( الهروب من الغرفه )Escape the Room,Al Khobar,EAS_000077,1.0
reviews_03342,( الهروب من الغرفه )Escape the Room,Al Khobar,EAS_000077,1.0
reviews_03343,( الهروب من الغرفه )Escape the Room,Al Khobar,EAS_000077,1.0
reviews_03344,( الهروب من الغرفه )Escape the Room,Al Khobar,EAS_000077,1.0
reviews_03345,( الهروب من الغرفه )Escape the Room,Al Khobar,EAS_000077,1.0
reviews_03346,( الهروب من الغرفه )Escape the Room,Al Khobar,EAS_000077,1.0
reviews_03347,( الهروب من الغرفه )Escape the Room,Al Khobar,EAS_000077,1.0
reviews_03348,( الهروب من الغرفه )Escape the Room,Al Khobar,EAS_000077,1.0
reviews_03349,( الهروب من الغرفه )Escape the Room,Al Khobar,EAS_000077,1.0
reviews_03350,( الهروب من الغرفه )Escape the Room,Al Khobar,EAS_000077,1.0
reviews_03351,( الهروب من الغرفه )Escape the Room,Al Khobar,EAS_000077,1.0
reviews_03352,( الهروب من الغرفه )Escape the Room,Al Khobar,EAS_000077,1.0
reviews_03353,( الهروب من الغرفه )Escape the Room,Al Khobar,EAS_000077,1.0
reviews_03354,( الهروب من الغرفه )Escape the Room,Al Khobar,EAS_000077,1.0
reviews_03355,( الهروب من الغرفه )Escape the Room,Al Khobar,EAS_000077,1.0
reviews_03356,( الهروب من الغرفه )Escape the Room,Al Khobar,EAS_000077,1.0
reviews_03357,( الهروب من الغرفه )Escape the Room,Al Khobar,EAS_000077,1.0
reviews_03358,( الهروب من الغرفه )Escape the Room,Al Khobar,EAS_000077,1.0
reviews_03359,( الهروب من الغرفه )Escape the Room,Al Khobar,EAS_000077,1.0
reviews_03360,( الهروب من الغرفه )Escape the Room,Al Khobar,EAS_000077,1.0
reviews_03361,( الهروب من الغرفه )Escape the Room,Al Khobar,EAS_000077,1.0
reviews_03362,( الهروب من الغرفه )Escape the Room,Al Khobar,EAS_000077,1.0
reviews_03363,( الهروب من الغرفه )Escape the Room,Al Khobar,EAS_000077,1.0
reviews_03364,( الهروب من الغرفه )Escape the Room,Al Khobar,EAS_000077,1.0
reviews_03365,( الهروب من الغرفه )Escape the Room,Al Khobar,EAS_000077,1.0
reviews_03366,( الهروب من الغرفه )Escape the Room,Al Khobar,EAS_000077,1.0
reviews_03367,( الهروب من الغرفه )Escape the Room,Al Khobar,EAS_000077,1.0
reviews_03368,( الهروب من الغرفه )Escape the Room,Al Khobar,EAS_000077,1.0
reviews_03369,( الهروب من الغرفه )Escape the Room,Al Khobar,EAS_000077,1.0
reviews_03370,( الهروب من الغرفه )Escape the Room,Al Khobar,EAS_000077,1.0
reviews_03371,( الهروب من الغرفه )Escape the Room,Al Khobar,EAS_000077,1.0
reviews_03372,( الهروب من الغرفه )Escape the Room,Al Khobar,EAS_000077,1.0
reviews_03373,( الهروب من الغرفه )Escape the Room,Al Khobar,EAS_000077,1.0
reviews_03374,( الهروب من الغرفه )Escape the Room,Al Khobar,EAS_000077,1.0
reviews_03375,( الهروب من الغرفه )Escape the Room,Al Khobar,EAS_000077,1.0
reviews_03376,( الهروب من الغرفه )Escape the Room,Al Khobar,EAS_000077,1.0
reviews_03377,( الهروب من الغرفه )Escape the Room,Al Khobar,EAS_000077,1.0
reviews_03378,( الهروب من الغرفه )Escape the Room,Al Khobar,EAS_000077,1.0
reviews_03379,( الهروب من الغرفه )Escape the Room,Al Khobar,EAS_000077,1.0
reviews_03380,( الهروب من الغرفه )Escape the Room,Al Khobar,EAS_000077,1.0
reviews_03381,( الهروب من الغرفه )Escape the Room,Al Khobar,EAS_000077,1.0
reviews_03382,( الهروب من الغرفه )Escape the Room,Al Khobar,EAS_000077,1.0
reviews_03383,( الهروب من الغرفه )Escape the Room,Al Khobar,EAS_000077,1.0
reviews_03384,( الهروب من الغرفه )Escape the Room,Al Khobar,EAS_000077,1.0
reviews_03385,( الهروب من الغرفه )Escape the Room,Al Khobar,EAS_000077,1.0
reviews_03386,( الهروب من الغرفه )Escape the Room,Al Khobar,EAS_000077,1.0
reviews_03387,( الهروب من الغرفه )Escape the Room,Al Khobar,EAS_000077,1.0
reviews_03388,( الهروب من الغرفه )Escape the Room,Al Khobar,EAS_000077,1.0
reviews_03389,( الهروب من الغرفه )Escape the Room,Al Khobar,EAS_000077,1.0
reviews_03390,( الهروب من الغرفه )Escape the Room,Al Khobar,EAS_000077,1.0
reviews_03391,( الهروب من الغرفه )Escape the Room,Al Khobar,EAS_000077,1.0
reviews_03392,( الهروب من الغرفه )Escape the Room,Al Khobar,EAS_000077,1.0
reviews_03393,( الهروب من الغرفه )Escape the Room,Al Khobar,EAS_000077,1.0
reviews_03394,( الهروب من الغرفه )Escape the Room,Al Khobar,EAS_000077,1.0
reviews_03395,( الهروب من الغرفه )Escape the Room,Al Khobar,EAS_000077,1.0
reviews_03396,( الهروب من الغرفه )Escape the Room,Al Khobar,EAS_000077,1.0
reviews_03397,( الهروب من الغرفه )Escape the Room,Al Khobar,EAS_000077,1.0
reviews_03398,( الهروب من الغرفه )Escape the Room,Al Khobar,EAS_000077,1.0
reviews_03399,( الهروب من الغرفه )Escape the Room,Al Khobar,EAS_000077,1.0
reviews_03400,( الهروب من الغرفه )Escape the Room,Al Khobar,EAS_000077,1.0
reviews_03401,( الهروب من الغرفه )Escape the Room,Al Khobar,EAS_000077,1.0
reviews_03402,( الهروب من الغرفه )Escape the Room,Al Khobar,EAS_000077,1.0
reviews_03403,( الهروب من الغرفه )Escape the Room,Al Khobar,EAS_000077,1.0
reviews_03404,( الهروب من الغرفه )Escape the Room,Al Khobar,EAS_000077,1.0
reviews_03405,( الهروب من الغرفه )Escape the Room,Al Khobar,EAS_000077,1.0
reviews_03406,( الهروب من الغرفه )Escape the Room,Al Khobar,EAS_000077,1.0
reviews_03407,( الهروب من الغرفه )Escape the Room,Al Khobar,EAS_000077,1.0
reviews_03408,( الهروب من الغرفه )Escape the Room,Al Khobar,EAS_000077,1.0
reviews_03409,جزيرة النورس ينبع,Yanbu,,
reviews_03410,جزيرة النورس ينبع,Yanbu,,
reviews_03411,جزيرة النورس ينبع,Yanbu,,
reviews_03412,متحف الاحساء,الاحساء,,
reviews_03413,متحف الاحساء,الاحساء,,
reviews_03414,متحف الغموض,Riyadh,,0.455
reviews_03415,متحف الغموض,Riyadh,,0.455
reviews_03416,متحف الغموض,Riyadh,,0.455
reviews_03417,متحف الغموض,Riyadh,,0.455
reviews_03418,متحف الغموض,Riyadh,,0.455
reviews_03419,متحف الغموض,Riyadh,,0.455
reviews_03420,متحف الغموض,Riyadh,,0.455
reviews_03421,متحف الغموض,Riyadh,,0.455
reviews_03422,متحف الغموض,Riyadh,,0.455
reviews_03423,متحف الغموض,Riyadh,,0.455
reviews_03424,متحف الغموض,Riyadh,,0.455
reviews_03425,متحف الغموض,Riyadh,,0.455
reviews_03426,متحف الغموض,Riyadh,,0.455
reviews_03427,متحف الغموض,Riyadh,,0.455
reviews_03428,متحف الغموض,Riyadh,,0.455
reviews_03429,متحف الغموض,Riyadh,,0.455
reviews_03430,متحف الغموض,Riyadh,,0.455
reviews_03431,متحف الغموض,Riyadh,,0.455
reviews_03432,متحف الغموض,Riyadh,,0.455
reviews_03433,متحف الغموض,Riyadh,,0.455
reviews_03434,متحف الغموض,Riyadh,,0.455
reviews_03435,متحف الغموض,Riyadh,,0.455
reviews_03436,متحف الغموض,Riyadh,,0.455
reviews_03437,متحف الغموض,Riyadh,,0.455
reviews_03438,متحف الغموض,Riyadh,,0.455
reviews_03439,متحف الغموض,Riyadh,,0.455
reviews_03440,متحف الغموض,Riyadh,,0.455
reviews_03441,متحف الغموض,Riyadh,,0.455
reviews_03442,متحف الغموض,Riyadh,,0.455
reviews_03443,متحف الغموض,Riyadh,,0.455
reviews_03444,متحف الغموض,Riyadh,,0.455
reviews_03445,متحف الغموض,Riyadh,,0.455
reviews_03446,متحف الغموض,Riyadh,,0.455
reviews_03447,متحف الغموض,Riyadh,,0.455
reviews_03448,متحف الغموض,Riyadh,,0.455
reviews_03449,متحف الغموض,Riyadh,,0.455
reviews_03450,متحف الغموض,Riyadh,,0.455
reviews_03451,متحف الغموض,Riyadh,,0.455
reviews_03452,متحف الغموض,Riyadh,,0.455
reviews_03453,متحف الغموض,Riyadh,,0.455
reviews_03454,متحف الغموض,Riyadh,,0.455
reviews_03455,متحف الغموض,Riyadh,,0.455
reviews_03456,متحف الغموض,Riyadh,,0.455
reviews_03457,متحف الغموض,Riyadh,,0.455
reviews_03458,متحف الغموض,Riyadh,,0.455
reviews_03459,متحف الغموض,Riyadh,,0.455
reviews_03460,متحف الغموض,Riyadh,,0.455
reviews_03461,متحف الغموض,Riyadh,,0.455
reviews_03462,بحيرة ينبع الصناعية ( حديقة الطيور ),Yanbu,,
reviews_03463,بحيرة ينبع الصناعية ( حديقة الطيور ),Yanbu,,
reviews_03464,بحيرة ينبع الصناعية ( حديقة الطيور ),Yanbu,,
reviews_03465,بحيرة ينبع الصناعية ( حديقة الطيور ),Yanbu,,
reviews_03466,بحيرة ينبع الصناعية ( حديقة الطيور ),Yanbu,,
reviews_03467,بحيرة ينبع الصناعية ( حديقة الطيور ),Yanbu,,
reviews_03468,بحيرة ينبع الصناعية ( حديقة الطيور ),Yanbu,,
reviews_03469,بحيرة ينبع الصناعية ( حديقة الطيور ),Yanbu,,
reviews_03470,بحيرة ينبع الصناعية ( حديقة الطيور ),Yanbu,,
reviews_03471,بحيرة ينبع الصناعية ( حديقة الطيور ),Yanbu,,
reviews_03472,بحيرة ينبع الصناعية ( حديقة الطيور ),Yanbu,,
reviews_03473,بحيرة ينبع الصناعية ( حديقة الطيور ),Yanbu,,
reviews_03474,بحيرة ينبع الصناعية ( حديقة الطيور ),Yanbu,,
reviews_03475,بحيرة ينبع الصناعية ( حديقة الطيور ),Yanbu,,
reviews_03476,بحيرة ينبع الصناعية ( حديقة الطيور ),Yanbu,,
reviews_03477,بحيرة ينبع الصناعية ( حديقة الطيور ),Yanbu,,
reviews_03478,بحيرة ينبع الصناعية ( حديقة الطيور ),Yanbu,,
reviews_03479,بحيرة ينبع الصناعية ( حديقة الطيور ),Yanbu,,
reviews_03480,بحيرة ينبع الصناعية ( حديقة الطيور ),Yanbu,,
reviews_03481,بحيرة ينبع الصناعية ( حديقة الطيور ),Yanbu,,
reviews_03482,بحيرة ينبع الصناعية ( حديقة الطيور ),Yanbu,,
reviews_03483,بحيرة ينبع الصناعية ( حديقة الطيور ),Yanbu,,
reviews_03484,بحيرة ينبع الصناعية ( حديقة الطيور ),Yanbu,,
reviews_03485,بحيرة ينبع الصناعية ( حديقة الطيور ),Yanbu,,
reviews_03486,بحيرة ينبع الصناعية ( حديقة الطيور ),Yanbu,,
reviews_03487,بحيرة ينبع الصناعية ( حديقة الطيور ),Yanbu,,
reviews_03488,بحيرة ينبع الصناعية ( حديقة الطيور ),Yanbu,,
reviews_03489,بحيرة ينبع الصناعية ( حديقة الطيور ),Yanbu,,
reviews_03490,بحيرة ينبع الصناعية ( حديقة الطيور ),Yanbu,,
reviews_03491,بحيرة ينبع الصناعية ( حديقة الطيور ),Yanbu,,
reviews_03492,بحيرة ينبع الصناعية ( حديقة الطيور ),Yanbu,,
reviews_03493,بحيرة ينبع الصناعية ( حديقة الطيور ),Yanbu,,
reviews_03494,بحيرة ينبع الصناعية ( حديقة الطيور ),Yanbu,,
reviews_03495,بحيرة ينبع الصناعية ( حديقة الطيور ),Yanbu,,
reviews_03496,بحيرة ينبع الصناعية ( حديقة الطيور ),Yanbu,,
reviews_03497,بحيرة ينبع الصناعية ( حديقة الطيور ),Yanbu,,
reviews_03498,بحيرة ينبع الصناعية ( حديقة الطيور ),Yanbu,,
reviews_03499,بحيرة ينبع الصناعية ( حديقة الطيور ),Yanbu,,
reviews_03500,بحيرة ينبع الصناعية ( حديقة الطيور ),Yanbu,,
reviews_03501,بحيرة ينبع الصناعية ( حديقة الطيور ),Yanbu,,
reviews_03502,بحيرة ينبع الصناعية ( حديقة الطيور ),Yanbu,,
reviews_03503,بحيرة ينبع الصناعية ( حديقة الطيور ),Yanbu,,
reviews_03504,بحيرة ينبع الصناعية ( حديقة الطيور ),Yanbu,,
reviews_03505,بحيرة ينبع الصناعية ( حديقة الطيور ),Yanbu,,
reviews_03506,بحيرة ينبع الصناعية ( حديقة الطيور ),Yanbu,,
reviews_03507,بحيرة ينبع الصناعية ( حديقة الطيور ),Yanbu,,
reviews_03508,بحيرة ينبع الصناعية ( حديقة الطيور ),Yanbu,,
reviews_03509,بحيرة ينبع الصناعية ( حديقة الطيور ),Yanbu,,
reviews_03510,بحيرة ينبع الصناعية ( حديقة الطيور ),Yanbu,,
reviews_03511,بحيرة ينبع الصناعية ( حديقة الطيور ),Yanbu,,
reviews_03512,بحيرة ينبع الصناعية ( حديقة الطيور ),Yanbu,,
reviews_03513,بحيرة ينبع الصناعية ( حديقة الطيور ),Yanbu,,
reviews_03514,بحيرة ينبع الصناعية ( حديقة الطيور ),Yanbu,,
reviews_03515,بحيرة ينبع الصناعية ( حديقة الطيور ),Yanbu,,
reviews_03516,بحيرة ينبع الصناعية ( حديقة الطيور ),Yanbu,,
reviews_03517,بحيرة ينبع الصناعية ( حديقة الطيور ),Yanbu,,
reviews_03518,بحيرة ينبع الصناعية ( حديقة الطيور ),Yanbu,,
reviews_03519,بحيرة ينبع الصناعية ( حديقة الطيور ),Yanbu,,
reviews_03520,بحيرة ينبع الصناعية ( حديقة الطيور ),Yanbu,,
reviews_03521,بحيرة ينبع الصناعية ( حديقة الطيور ),Yanbu,,
reviews_03522,بحيرة ينبع الصناعية ( حديقة الطيور ),Yanbu,,
reviews_03523,بحيرة ينبع الصناعية ( حديقة الطيور ),Yanbu,,
reviews_03524,بحيرة ينبع الصناعية ( حديقة الطيور ),Yanbu,,
reviews_03525,بحيرة ينبع الصناعية ( حديقة الطيور ),Yanbu,,
reviews_03526,بحيرة ينبع الصناعية ( حديقة الطيور ),Yanbu,,
reviews_03527,بحيرة ينبع الصناعية ( حديقة الطيور ),Yanbu,,
reviews_03528,بحيرة ينبع الصناعية ( حديقة الطيور ),Yanbu,,
reviews_03529,بحيرة ينبع الصناعية ( حديقة الطيور ),Yanbu,,
reviews_03530,بحيرة ينبع الصناعية ( حديقة الطيور ),Yanbu,,
reviews_03531,بحيرة ينبع الصناعية ( حديقة الطيور ),Yanbu,,
reviews_03532,بحيرة ينبع الصناعية ( حديقة الطيور ),Yanbu,,
reviews_03533,بحيرة ينبع الصناعية ( حديقة الطيور ),Yanbu,,
reviews_03534,بحيرة ينبع الصناعية ( حديقة الطيور ),Yanbu,,
reviews_03535,بحيرة ينبع الصناعية ( حديقة الطيور ),Yanbu,,
reviews_03536,بحيرة ينبع الصناعية ( حديقة الطيور ),Yanbu,,
reviews_03537,بحيرة ينبع الصناعية ( حديقة الطيور ),Yanbu,,
