review_id,place_name_raw,place_id,review_text,city,category,sent_price,sent_cleanliness,sent_facilities,sent_service,sent_environment,sent_overall,source,source_id,source_url,data_period,snapshot_date,retrieved_at,is_live
reviews_00000,منتزه الخلب,,منتزه وحديقة البرج مكان جميل بعد المندق مررنا مرور عليه في طريق العودة المطعم اكله لذيذ ونظيف وتوجد جلسات تجلس ساعة مع طلب المطعم وبعد الساعة تنحسب رسوم 20 ريال للساعة متوفر كشكات بسيطة وشعبية في الكهف وكشكات بطاطس و ايس كريم ومشروبات كما تتوفر درجات للاطفال و العاب 20 دقيقه ب 10 لكن وجدناها متسخة مع الامطار والاجواء ( دخولنا كان وقت ممطر ) ولا اعلم مدى نظافتها في الايام العادية الاسعار تعتبر مناسبة ، زرتها قبل كذا الاجواء والمناظر في النهار افضل من الليل وخاصة وقت الغيوم,Al Bahah,منتزه,1,-1,1,,1,1,reviews_zenodo,,https://zenodo.org/records/16924532,static,,2026-09-13T06:19:18.696424+00:00,False
reviews_00001,منتزه الخلب,,مكان جميل يهمني وجود العاب للاطفالعندهم مجموعة ترامبولين الدخول ب٢٠ للطفل وقت مفتوحعندهم دراجات ٢٠ دقيقه ب١٠ريالحبيت وجود اشياء مسليه للاطفال تريح الاهل من ازعاجهم 😂❤️بالنسبه للمكان جميل ورايق خاصة هالايام الاجواء جميله جدا ضباب ومطريوجد جلسات ارضيه الساعه ب٢٠وجلسات داخليه غرف مطله بس ما سألت بكمعندهم بازار متواضع في الكهف الدور ٢عندهم مقهى في الدور الثالثحبيت وجود مواقف لذوي الاحتياجات الخاصهتمنيت ممنوع التدخين او على الاقل يحطو لهم منطقه خاصه لما نعانيه من الربو والحساسيه,Al Bahah,منتزه,1,,1,,1,1,reviews_zenodo,,https://zenodo.org/records/16924532,static,,2026-09-13T06:19:18.696424+00:00,False
reviews_00002,منتزه الخلب,,موقع جميلمطل على منظر حلوولكن يحتاج اهتمام اكثرحبيت ان الدخول للمنتزة بدون رسومتوجد غرف بسعر ٥٠ ريال للساعه وعند التجديد ٢٥ ريالوتوجد جلسات ارضيه ..يوجد مطعم البرجماجربتهالمنتزة بمنظره جميل ليل او وقت العصر,Al Bahah,منتزه,1,,1,,1,1,reviews_zenodo,,https://zenodo.org/records/16924532,static,,2026-09-13T06:19:18.696424+00:00,False
reviews_00003,منتزه الخلب,,مكان ولا احلى... زرته قبل ثلاث سنوات كان عادي.الان تطور بدرجة كبيره وجميله.الاجواء كانت لندنيه رائعه .مكان يستحق الزياره,Al Bahah,منتزه,,,1,,1,1,reviews_zenodo,,https://zenodo.org/records/16924532,static,,2026-09-13T06:19:18.696424+00:00,False
reviews_00004,منتزه الخلب,,المكان رائع لكن الدرجات بين الناس كارثه كل شويه واحد يصدم في الناس او يطيح والسيارة الكلاسيكيه حطو عليها حواجز الاطفال يلعبون عليها ويطلعون فوقها ويخربون فيها ، بالنسبة للجلسات ٢٠ ريال للساعة اذا كان الشخص طالب قهوة وشاهي مفروض يتخفض له لاني لو بجلس ساعتين او ثلاث كل ساعة ب ٢٠ اتوقع مبالغ فيه اذا كنت طالب مشاريب ، بالنسبة لحمامات الرجال اللي فالمسجد تحتاج صيانة لادواتها,Al Bahah,منتزه,-1,,-1,,1,0,reviews_zenodo,,https://zenodo.org/records/16924532,static,,2026-09-13T06:19:18.696424+00:00,False
reviews_00005,منتزه الخلب,,ممتاز والمطعم ممتاز بس اسعار الجلسات عاليه واطلالتها غير جيده ولا يوجد العاب مجانيه للاطفال زحلايق ومراجيح,Al Bahah,منتزه,-1,,1,,,0,reviews_zenodo,,https://zenodo.org/records/16924532,static,,2026-09-13T06:19:18.696424+00:00,False
reviews_00006,منتزه الخلب,,مكان موقعه مرتفع ومطل جميل للي يحب الجلسات والقهوه والشاي .. انا عني ماعجبني كثير دخلنا فقط اخذنا لفه ومشينا ..,Al Bahah,منتزه,,,1,,1,-1,reviews_zenodo,,https://zenodo.org/records/16924532,static,,2026-09-13T06:19:18.696424+00:00,False
reviews_00007,منتزه الخلب,,بصراحة من أجمل الأماكن الي زرتها بالباحة متنوع جلسات خارجية ومطعم والكهف فيه بالدور العلوي كافي ابداااع ونظافة واهتمام والأكل لا يعلى عليه المشويات طازجة ولذيذة وكوشكات بكل مكان فيه كل التسالي والمشروبات يستاهل الزيارة ويستاهل الخمس نجوم بجدارة 👍🏼,Al Bahah,منتزه,,1,1,,1,1,reviews_zenodo,,https://zenodo.org/records/16924532,static,,2026-09-13T06:19:18.696424+00:00,False
reviews_00008,منتزه الخلب,,المشكلة في البلاط تزلق وتطيح... مكتوب يفتحون خمس لكن الفعلي ثمان وزين ان لقيت أحد يعطيك وجههالجلسات رائعة كذلك الكهف والاطلالة من البرج ممتازةللأسف دخلت وطعلت لم أجد احد الآن الساعة سبع,Al Bahah,منتزه,,,1,-1,1,-1,reviews_zenodo,,https://zenodo.org/records/16924532,static,,2026-09-13T06:19:18.696424+00:00,False
reviews_00009,منتزه الخلب,,المكان جميل، ينقصه الاهتمام أكثر بالزوار1. الاهتمام أكثر بدورات المياه، تزويدها بالصابون2. وجود الدراجات امر مزعج للغاية تعيق الحركة، كثرتها تسبب الحوادث، حصل امامي 3 حالات سقوط نظرا لتداخل الدراجات مع الزوار,Al Bahah,منتزه,,,-1,,1,0,reviews_zenodo,,https://zenodo.org/records/16924532,static,,2026-09-13T06:19:18.696424+00:00,False
reviews_00010,منتزه الخلب,,حلو نظيف واطلاله وضباب روعه وجلسات بالطلب يعني تطلبون من المطعم وتجلسون فيها فيه اكشاك للبيع بس يوم اروح كانوا مسكرين,Al Bahah,منتزه,,1,1,,1,1,reviews_zenodo,,https://zenodo.org/records/16924532,static,,2026-09-13T06:19:18.696424+00:00,False
reviews_00011,منتزه الخلب,,منتزه الخلب موقع رائع اطلالات في كل الجلسات الجلسات مجانيه اطلب من المطعم وتوجه الى الجلسه مباشره ثم ياتيك الطعام الجلسات يوجد بها مكيفات صحراويه اذا كان الجو حار في فتره الغداء مثلا اسعار الطعام جده معقوله,Al Bahah,منتزه,1,,1,1,1,1,reviews_zenodo,,https://zenodo.org/records/16924532,static,,2026-09-13T06:19:18.696424+00:00,False
reviews_00012,منتزه الخلب,,منتاز ورائع للعوائل بسوغالي شوي الساعة ب ٥٠ او ١٠٠ بس اجواء المندق تخليك تدفع ضباب وامطار والمكان مرتفع خيال والمطعم جيد جدا ويوصل لين غرفتك الي حجزتها او كل في المطعم البرج وتقوى في الدور الاخير,Al Bahah,منتزه,-1,,1,1,1,1,reviews_zenodo,,https://zenodo.org/records/16924532,static,,2026-09-13T06:19:18.696424+00:00,False
reviews_00013,منتزه الخلب,,تجربه للأسف كانت سيئهالمكان من الخارج جميل ويضيف للمندقلاكن اشوف العاملين عليه غير مؤهليندورات المياه جميعها الي بالدور الخامس والي تحت وسخه لابعد حد ريحه كريهه وعفن ووسخ النظافه معدومهللاسف طلبنا قهوه عربي طعمها جدا عادي والاواني غير نظيفهوتوقعت بيجيني شي مرتب للأسف ثلاجه من عند ابو ٥ریال صعب التعامل معها وسيئه فمها واسع جدا اذا فتحتها شوي ماتصب واذا فتحتها اكثر انكبت كلها للاسف انها انكبت على يدي ورجولي واحرقتني ، صراحه تعاون معي المصري طلبت منه بيض وجاب لي خمد الحرق شوي وخفف الالم اشكره واشكر تعامله الحسن+مع العلم اني دافعه حق جلسه ٢٠ریال وحق قهوه ٢٠ریال وربي اشوفها خساره ورحت طلبت تعويض قدم لي شاهي مجاني كله سكر والله لاطعم ولالون والابريق من الخارج واضح عليه الوسخ ، صاحب القهوه ماعرف يجذب الزباين بطعم قهوته ورتابتها ونظافتها ونظافة الاواني+الولد المسؤول عن الجلسات كان غير متفهم وكلامه غير لبق وزاد النار حطب اتوقع اسمه عبد الرحمن اتمنى من المالك النظر الى العماله وشغلهم والاشراف عليه,Al Bahah,منتزه,-1,-1,-1,-1,-1,-1,reviews_zenodo,,https://zenodo.org/records/16924532,static,,2026-09-13T06:19:18.696424+00:00,False
reviews_00014,منتزه الخلب,,مكان جميل وأجواء خياليه انصح العوائل بزيارته وكذالك زوار محافظه المندق,Al Bahah,منتزه,,,,,1,1,reviews_zenodo,,https://zenodo.org/records/16924532,static,,2026-09-13T06:19:18.696424+00:00,False
reviews_00015,منتزه الخلب,,تجربة مميزة وفريدة من نوعها منتزة مميز يضمن مسرح وكهف وجلسات ومطعم حبيت تفاصيل المكان ويستحق الزيارة والاستمتاع بالفرفرة داخل الكهف الجميل بالموضوع انو فيه بازار بسيط داخل الكهف 😍 لاتفوووتكم التجربة ✅,Al Bahah,منتزه,,,1,,1,1,reviews_zenodo,,https://zenodo.org/records/16924532,static,,2026-09-13T06:19:18.696424+00:00,False
reviews_00016,منتزه الخلب,,مكان رائع والموقع مميز الصعود له بالسيارة والطريق لمن لا يعرف للقيادة في المرتفعات الجبلية يجب أن يحذر لكن المكان مهيأ وخدماته مميزه به جلسات عائليه عبارة عن غرف ب 50 ريال الساعة الاولى والساعة الثانية ب 25 ريال وما بعدها فيه العاب أطفال ومقهى ومطعم وكشك للشاي انصح به وبشدة للعائلات,Al Bahah,منتزه,0,,1,,1,1,reviews_zenodo,,https://zenodo.org/records/16924532,static,,2026-09-13T06:19:18.696424+00:00,False
reviews_00017,منتزه الخلب,,منتزه جميل ويحتاج إلى عناية وتنظيف وأتوقع ذلك في المستقبل القريب إن شاء الله تعالى,Al Bahah,منتزه,,-1,-1,,1,0,reviews_zenodo,,https://zenodo.org/records/16924532,static,,2026-09-13T06:19:18.696424+00:00,False
reviews_00018,منتزه الخلب,,مكان رائع ومتنفس جميل .. متنوع الجلسات ويتوفر فيه خدمات متعددة مطعم وكوفي وألعاب .. مع إطلالة مميزة,Al Bahah,منتزه,,,1,,1,1,reviews_zenodo,,https://zenodo.org/records/16924532,static,,2026-09-13T06:19:18.696424+00:00,False
reviews_00019,منتزه الخلب,,مكان زرته اكثر من مره جميل ولاكن الاسعار مبالغ فيها سواء باستئجار الغرف او المطعم مبالغ جدا جدا جدا بالمقارنه بالمواقع السياحيه الاخرى هم اغلى,Al Bahah,منتزه,-1,,,,1,-1,reviews_zenodo,,https://zenodo.org/records/16924532,static,,2026-09-13T06:19:18.696424+00:00,False
reviews_00020,منتزه الخلب,,منتزة الخلب بالمندق جميل جدا وشكل خرافيكل الجلسات برسوم ولا يوجد جلسات مجانا إلا جلوسك في المطعم او للكوفي مجانافيها كل شيء متوفر,Al Bahah,منتزه,0,,1,,1,1,reviews_zenodo,,https://zenodo.org/records/16924532,static,,2026-09-13T06:19:18.696424+00:00,False
reviews_00021,منتزه الخلب,,منتزه جميل جدا روووعه واسعار المطعم والجلسات في متناول الجميع والدخول بدون رسوم واستغلال للناس شكرا لكم من القلب,Al Bahah,منتزه,1,,1,,1,1,reviews_zenodo,,https://zenodo.org/records/16924532,static,,2026-09-13T06:19:18.696424+00:00,False
reviews_00022,منتزه الخلب,,روعه المطعم تبعه لايفوتكم كله شغل لذيذ واسعارهم في متناول اليد. الجلسات بفلوس بس يستحق روعه,Al Bahah,منتزه,1,,1,,1,1,reviews_zenodo,,https://zenodo.org/records/16924532,static,,2026-09-13T06:19:18.696424+00:00,False
reviews_00023,منتزه الخلب,,حديقة جميلة تتكون من مسطحات خضراء وغرف خاصة وجلسات خارجية متنوعةمنطقة العاب هوائية للأطفاليوجد بها برج يحتوي على مطعم مع اطلاله جميله ...,Al Bahah,منتزه,,,1,,1,1,reviews_zenodo,,https://zenodo.org/records/16924532,static,,2026-09-13T06:19:18.696424+00:00,False
reviews_00024,منتزه الخلب,,منتزه مميز وجميل ومتعوب عليه 👌فيه مطعم البرجوالكهف الدور الأرضي مطعم والدور الأول بزاروالدور الثاني كفي في الهواء الطلق الجو جميل جدا في فصل الصيف,Al Bahah,منتزه,,,1,,1,1,reviews_zenodo,,https://zenodo.org/records/16924532,static,,2026-09-13T06:19:18.696424+00:00,False
reviews_00025,منتزه الخلب,,جميله فيها الكهف مره جميل لكن لا يوجد مكان للجلسات المجانيه والمنتزه صغير جدا طريقه صعود,Al Bahah,منتزه,,,0,,1,1,reviews_zenodo,,https://zenodo.org/records/16924532,static,,2026-09-13T06:19:18.696424+00:00,False
reviews_00026,منتزه الخلب,,المكان اكثر من رائع فقط يجب تغير ابواب الجلسات لانها متعبه في الفتح والقفل,Al Bahah,منتزه,,,0,,1,1,reviews_zenodo,,https://zenodo.org/records/16924532,static,,2026-09-13T06:19:18.696424+00:00,False
reviews_00027,منتزه الخلب,,للأسف زرته كذا مره فى الاجازه ولكن قبل يومين زرتهالمكان غير نظيف الجلسات السعر ٥٠ ريال للساعه ومحسوب الوقت قبل الأكل والفرش قديم طلبنا مضغوط دجاج ومصعقه باميه للأسف كلها زيوت وبكثره اعتقد يستخدمون زيوت سيئه ولا يوجد عندهم لحم مندى او مظبى اتوقع بعدم تكرار التجربه فيه,Al Bahah,منتزه,-1,-1,-1,,-1,-1,reviews_zenodo,,https://zenodo.org/records/16924532,static,,2026-09-13T06:19:18.696424+00:00,False
reviews_00028,منتزه الخلب,,المكان جيدونظيف ولكنه ظةضيق ومحدودلكن لويسمح بإدخال الفرشه والقهوه لكت أفضل وأجمل,Al Bahah,منتزه,,1,0,,1,0,reviews_zenodo,,https://zenodo.org/records/16924532,static,,2026-09-13T06:19:18.696424+00:00,False
reviews_00029,منتزه الخلب,,سبحان الله وبحمدهالاجواء كان جميل ومطروعجبني المكان,Al Bahah,منتزه,,,,,1,1,reviews_zenodo,,https://zenodo.org/records/16924532,static,,2026-09-13T06:19:18.696424+00:00,False
reviews_00030,منتزه الخلب,,قليله بحقه 5 نجوم من افضل الاماكن اللي رحتها بصراحه طبعا الغرف الخارجيه تأجر الساعتين ب50 ريال. والغرف الVIP الساعه ب100 ريال وعندهم مضغوط دجاج 👌🏼👌🏼👌🏼,Al Bahah,منتزه,1,,1,,1,1,reviews_zenodo,,https://zenodo.org/records/16924532,static,,2026-09-13T06:19:18.696424+00:00,False
reviews_00031,منتزه الخلب,,ممتاز المكان ويوجد مطعم وجلسات والعاب اطفال,Al Bahah,منتزه,,,1,,1,1,reviews_zenodo,,https://zenodo.org/records/16924532,static,,2026-09-13T06:19:18.696424+00:00,False
reviews_00032,منتزه الخلب,,ممتاز للاطفال والعائلات جلسات بسعر ارضيه او كراسي,Al Bahah,منتزه,0,,1,,1,1,reviews_zenodo,,https://zenodo.org/records/16924532,static,,2026-09-13T06:19:18.696424+00:00,False
reviews_00033,منتزه الخلب,,ممتاز والاسعار معقوله بس لو يزيدون الأشجار الكبيرة عشان الظل,Al Bahah,منتزه,0,,,,1,1,reviews_zenodo,,https://zenodo.org/records/16924532,static,,2026-09-13T06:19:18.696424+00:00,False
reviews_00034,منتزه الخلب,,كبير على الفاضييحتاج تعديلات و اضافات كثيرة جداواهتمام بالنظافه . . وضعه سيء جداالضفادع و الحشرات منتشرة بكل مكاندورات المياة غير نظيفهالمأكولات اغلبها غير متوفره و تعامل الموظفين سيءوالأسعار مبالغ فيها جدا,Al Bahah,منتزه,-1,-1,-1,-1,-1,-1,reviews_zenodo,,https://zenodo.org/records/16924532,static,,2026-09-13T06:19:18.696424+00:00,False
reviews_00035,منتزه الخلب,,المكان جدا جميل ورائع ولكن كان اغلبه مغلق وفبه مطعم مشويات,Al Bahah,منتزه,,,0,,1,0,reviews_zenodo,,https://zenodo.org/records/16924532,static,,2026-09-13T06:19:18.696424+00:00,False
reviews_00036,منتزه الخلب,,زرنا حديقة الفراشة وحديقة البرج وكانت دون المستوى المأمول تحتاج الحديقتان الى جهد كبير حتى تكونا لائقتين.على كل حال فكرة وتصميم حديقة البرج جيدة,Al Bahah,منتزه,,,0,,-1,-1,reviews_zenodo,,https://zenodo.org/records/16924532,static,,2026-09-13T06:19:18.696424+00:00,False
reviews_00037,منتزه الخلب,,المكان أشوفه محدود جدايعني بالعربي حق تصوير مره وحده وتطلعجيتهم امس كان مشمس 🌞 وحرر والتكييف عندهم سيءواشوف المنتزه هذا مايصلح إلا وقت مطر 🌧️,Al Bahah,منتزه,,,-1,,0,-1,reviews_zenodo,,https://zenodo.org/records/16924532,static,,2026-09-13T06:19:18.696424+00:00,False
reviews_00038,منتزه الخلب,,روووعه رووووعه وكنت مستمتع بها ولعل لي زياره اخرى,Al Bahah,منتزه,,,,,1,1,reviews_zenodo,,https://zenodo.org/records/16924532,static,,2026-09-13T06:19:18.696424+00:00,False
reviews_00039,منتزه الخلب,,احسن مكان بالباحه ابداع ومكان رائع وانصح بزيارتهولا تفوتون زيارته فيه مطعم وكوفيحلو جدا,Al Bahah,منتزه,,,1,,1,1,reviews_zenodo,,https://zenodo.org/records/16924532,static,,2026-09-13T06:19:18.696424+00:00,False
reviews_00040,منتزه الخلب,,جميله جدا لكن اسععار الغرف مبالغ 50 ريال للساعهبدون قهوة او شاي ..,Al Bahah,منتزه,-1,,,,1,0,reviews_zenodo,,https://zenodo.org/records/16924532,static,,2026-09-13T06:19:18.696424+00:00,False
reviews_00041,منتزه الخلب,,ممتاز ويشبه لصخر ومنحوت وداخله مشروبات ويوجد العاب وجلسات ولازم في الليل ياخذون ملابس شتويه وخاصة للطفال,Al Bahah,منتزه,,,1,,1,1,reviews_zenodo,,https://zenodo.org/records/16924532,static,,2026-09-13T06:19:18.696424+00:00,False
reviews_00042,منتزه الخلب,,ررائع يحتاج زياده اهتمام.اسعار الغرف مبالغ فيها,Al Bahah,منتزه,-1,,-1,,1,0,reviews_zenodo,,https://zenodo.org/records/16924532,static,,2026-09-13T06:19:18.696424+00:00,False
reviews_00043,منتزه الخلب,,أتمنى الاهتمام في الجلسات المغلقه وتركيب مكيفات أسبلت 50ريال للجلسه بدون مكيفمكيف صحراوي. المتواجد حاليا,Al Bahah,منتزه,-1,,-1,,,-1,reviews_zenodo,,https://zenodo.org/records/16924532,static,,2026-09-13T06:19:18.696424+00:00,False
reviews_00044,منتزه الخلب,,المطعم ما انصح به اكل بارد خبز بارد فاين مافية مغاسل مافيه الا وحده,Al Bahah,منتزه,,,-1,,,-1,reviews_zenodo,,https://zenodo.org/records/16924532,static,,2026-09-13T06:19:18.696424+00:00,False
reviews_00045,منتزه الخلب,,بصراحه الاجواء فيه ممتازة والخدمه ولكن جلسة على فرشه ب 20 ريال اشوفها شوي كثير,Al Bahah,منتزه,-1,,,1,1,0,reviews_zenodo,,https://zenodo.org/records/16924532,static,,2026-09-13T06:19:18.696424+00:00,False
reviews_00046,منتزه الخلب,,المكان يحتاج تطوير واهتمام بالنظافه والنظر في رسوم الجلسات ونظافتها لا يستحق الزياره,Al Bahah,منتزه,,,,,,,reviews_zenodo,,https://zenodo.org/records/16924532,static,,2026-09-13T06:19:18.696424+00:00,False
reviews_00047,منتزه الخلب,,الجلسات في البرج تحتاج اعتدة تصميم لايوجد تهويه كافيه ولا خصوصيه,Al Bahah,منتزه,,,-1,,,-1,reviews_zenodo,,https://zenodo.org/records/16924532,static,,2026-09-13T06:19:18.696424+00:00,False
reviews_00048,منتزه الخلب,,من اجمل الاماكن فطور جدا حلو ولذيذ وموظفين مميزين,Al Bahah,منتزه,,,1,1,1,1,reviews_zenodo,,https://zenodo.org/records/16924532,static,,2026-09-13T06:19:18.696424+00:00,False
reviews_00049,منتزه الخلب,,زرت الموقعوبسبب عدم حرفية العمالة في الضيافةغادرت المكان مباشرة ...,Al Bahah,منتزه,,,,-1,,-1,reviews_zenodo,,https://zenodo.org/records/16924532,static,,2026-09-13T06:19:18.696424+00:00,False
reviews_00050,منتزه الخلب,,ممتزه جميل وفيه مطعم وجلسات وكهف متكامل,Al Bahah,منتزه,,,1,,1,1,reviews_zenodo,,https://zenodo.org/records/16924532,static,,2026-09-13T06:19:18.696424+00:00,False
reviews_00051,منتزه الخلب,,مكان جميل لقضاء بعض الوقت وتناول الطعام اثناء السفر,Al Bahah,منتزه,,,,,1,1,reviews_zenodo,,https://zenodo.org/records/16924532,static,,2026-09-13T06:19:18.696424+00:00,False
reviews_00052,منتزه الخلب,,منتزه ممتازاطلالاته ممتازةتوفر الكشكات والجلسات,Al Bahah,منتزه,,,1,,1,1,reviews_zenodo,,https://zenodo.org/records/16924532,static,,2026-09-13T06:19:18.696424+00:00,False
reviews_00053,منتزه الخلب,,المنتزة منظم و ممنوع دخول المأكولات و المشروباتيوجد جلسات داخلية و مطعم,Al Bahah,منتزه,,,1,,1,1,reviews_zenodo,,https://zenodo.org/records/16924532,static,,2026-09-13T06:19:18.696424+00:00,False
reviews_00054,منتزه الخلب,,منتزة رائع زرته يوم الإربعاء الماضي,Al Bahah,منتزه,,,,,1,1,reviews_zenodo,,https://zenodo.org/records/16924532,static,,2026-09-13T06:19:18.696424+00:00,False
reviews_00055,منتزه الخلب,,غرف بدون تكييفسعر الغرفه 50 ريالسعر حبه حمضيات صغير 4 اريال,Al Bahah,منتزه,-1,,-1,,,-1,reviews_zenodo,,https://zenodo.org/records/16924532,static,,2026-09-13T06:19:18.696424+00:00,False
reviews_00056,منتزه الخلب,,الووو .. موقعكم مميزالاجواء فوق الخيالالاسعار غالية .. 👎🏼,Al Bahah,منتزه,-1,,,,1,1,reviews_zenodo,,https://zenodo.org/records/16924532,static,,2026-09-13T06:19:18.696424+00:00,False
reviews_00057,منتزه الخلب,,للاسف الجلسات بدون اي طلب يقدم ب 50 ريال غير الطريق الصعب للوصول ✋,Al Bahah,منتزه,-1,,,,,-1,reviews_zenodo,,https://zenodo.org/records/16924532,static,,2026-09-13T06:19:18.696424+00:00,False
reviews_00058,منتزه الخلب,,منتزه الخلب موقع رائع اطلالات في كل الجلسات الجلسات مجانيه,Al Bahah,منتزه,1,,1,,1,1,reviews_zenodo,,https://zenodo.org/records/16924532,static,,2026-09-13T06:19:18.696424+00:00,False
reviews_00059,منتزه الخلب,,لا أنصح به بتاااااااااتا بتاتا عنوة مشوار فقط لاغير حتى غرف الايجار مقفلة ما تجيها نسمة هواء حتى شباك قزاز مقفل واذا فرشت برا على الارض بعشرين ريال,Al Bahah,منتزه,-1,,-1,,-1,-1,reviews_zenodo,,https://zenodo.org/records/16924532,static,,2026-09-13T06:19:18.696424+00:00,False
reviews_00060,منتزه الخلب,,من أروع المعالم السياحية في الباحة.متميزين في الجلسات، الخدمات، والمطعم,Al Bahah,منتزه,,,1,,1,1,reviews_zenodo,,https://zenodo.org/records/16924532,static,,2026-09-13T06:19:18.696424+00:00,False
reviews_00061,منتزه الخلب,,منتزه ممتاز وتتوفر فيه جميع الخدمات,Al Bahah,منتزه,,,1,,1,1,reviews_zenodo,,https://zenodo.org/records/16924532,static,,2026-09-13T06:19:18.696424+00:00,False
reviews_00062,منتزه الخلب,,جميل كسياحة لكن حقيقة ما جربت اكل لان فقط مريت استكشف المكان واستمتع,Al Bahah,منتزه,,,,,1,1,reviews_zenodo,,https://zenodo.org/records/16924532,static,,2026-09-13T06:19:18.696424+00:00,False
reviews_00063,منتزه الخلب,,مكان جميل جدا انصح بزيارته,Al Bahah,منتزه,,,,,1,1,reviews_zenodo,,https://zenodo.org/records/16924532,static,,2026-09-13T06:19:18.696424+00:00,False
reviews_00064,منتزه الخلب,,رحت لها مره ولن تتكرر عاديه جدا الموقع صعب جدا للوصول اليه يهلك السيارات,Al Bahah,منتزه,,,,,-1,-1,reviews_zenodo,,https://zenodo.org/records/16924532,static,,2026-09-13T06:19:18.696424+00:00,False
reviews_00065,منتزه الخلب,,مكان عادي جدا يحتاج الى تطوير اكثر مطعم البرقر غير طازج مجمد,Al Bahah,منتزه,,,-1,,-1,-1,reviews_zenodo,,https://zenodo.org/records/16924532,static,,2026-09-13T06:19:18.696424+00:00,False
reviews_00066,منتزه الخلب,,مكان لايستحق إنك تمشى كل هاذي المسافة من الباحة علشانه. موظفين غير محترمين في التعامل مع الزوار و أكبر دليل ردود المالك الحاده. أنا جيته و طلبت يحط فرشات خارجيه على الكراسي حصلت واحد سعودي شايف نفسه يقول مافيه إلا بعد الساعة ٤ خذ جلسات مغلقة الساعة ب ٥٠ وشديت معه في الكلام قام من مكتبه وخلاني قال كلم المدير المصري و فعلا قام المصري وطلب من أحد العمال إنه يفرش أي جلسه أرغب فيها. أسعار مبالغ فيها و صرفية فلوس في مكان لا يستحق يكون وجهة سياحية هو مجرد مطعم ولاكن تم إستغلال الموسم في رفع الأسعار و الرسوم على كل شئ.,Al Bahah,منتزه,-1,,-1,-1,-1,-1,reviews_zenodo,,https://zenodo.org/records/16924532,static,,2026-09-13T06:19:18.696424+00:00,False
reviews_00067,منتزه الخلب,,اذا كنت بعيد ماتستاهل المشوار عادي جدا جدا الهدف ربحي اكثر من ترفيهي,Al Bahah,منتزه,-1,,,,-1,-1,reviews_zenodo,,https://zenodo.org/records/16924532,static,,2026-09-13T06:19:18.696424+00:00,False
reviews_00068,منتزه الخلب,,يعيبة الجلسة الساعه ٥٠ ريال وممنوع دخول الاكل من برا,Al Bahah,منتزه,-1,,,,,-1,reviews_zenodo,,https://zenodo.org/records/16924532,static,,2026-09-13T06:19:18.696424+00:00,False
reviews_00069,منتزه الخلب,,مكان جميل وفيه مطعم شعبي,Al Bahah,منتزه,,,1,,1,,reviews_zenodo,,https://zenodo.org/records/16924532,static,,2026-09-13T06:19:18.696424+00:00,False
reviews_00070,منتزه الخلب,,للأسف .... عندما يسلم مكان مثل هذا من الإدارة إلا العماله فلن تجد إلا قذارة .جلسات لا تمت للنظافة بشئ .المبنى اللي في وسط المنتزة ضلام دامس حوالي الساعة ٢،٣٠ ظهرا وكلة اتربة ولا يوجد فية سوى الغبار. كنت ناوي على الغداء بعد ماشفت المناظر بطلت وخرجت.الموقع روعة والمكان كمبنى يمكن أن يصبح افضل سياحيا. ولاكن فاقد الشيء لا يعطي..,Al Bahah,منتزه,,-1,,,1,-1,reviews_zenodo,,https://zenodo.org/records/16924532,static,,2026-09-13T06:19:18.696424+00:00,False
reviews_00071,منتزه الخلب,,مكان جميل متوفر جميع الخدمات,Al Bahah,منتزه,,,1,,1,,reviews_zenodo,,https://zenodo.org/records/16924532,static,,2026-09-13T06:19:18.696424+00:00,False
reviews_00072,منتزه الخلب,,رايق جدا والكفه في تجربه جميله جدا,Al Bahah,منتزه,,,1,,1,1,reviews_zenodo,,https://zenodo.org/records/16924532,static,,2026-09-13T06:19:18.696424+00:00,False
reviews_00073,منتزه الخلب,,جميل المكانالاجواء رائعة العصرية,Al Bahah,منتزه,,,,,1,1,reviews_zenodo,,https://zenodo.org/records/16924532,static,,2026-09-13T06:19:18.696424+00:00,False
reviews_00074,منتزه الخلب,,المنتزه دخوله مجاني واسعار الجلسات رمزيه وكل شي فالمنتزه رووووووعه المطعم يستحق اعلى تقييم اكلهم جدا لذيذ والمسرح ممتع جدا جدا للاطفال اشكر القائمين عليه من مقدم ومهرجين وجميع المسئولين ، تجربه تستحق التكرار من اجمل الايام اللي قضيتها فالباحه /المندق/,Al Bahah,منتزه,1,,1,1,1,1,reviews_zenodo,,https://zenodo.org/records/16924532,static,,2026-09-13T06:19:18.696424+00:00,False
reviews_00075,منتزه الخلب,,الغرف الساعة ب 50 ومستوى نظافتها سيء ،،,Al Bahah,منتزه,-1,-1,,,,,reviews_zenodo,,https://zenodo.org/records/16924532,static,,2026-09-13T06:19:18.696424+00:00,False
reviews_00076,منتزه الخلب,,جدا جميل ورائع وممتع كمكان وفيه ألعاب وجلسات واشياء جميلة مميزة ورائعة وممتعة ولكن أكثر شي شدني وابهرني الأكل في مطعم البرج بكل أمانة ألذ أكل أكلته وتذوقته بحياتي واعتبرو كلامي مبالغ فيه وغير صحيح ولكم أن تزورو المطعم وتتذوقو الأكل وتحكمو بأنفسكم بكل أمانة أفضل أكل اكلته ولم اجد مثل جودته ولذته ونظافته لا في الرياض ولا في جدة ولا اي مكان والخدمة رائعة ومميزة خاصة أفراد الاستقبال شباب محترمين ورائعين ومحترفين كل التوفيق لكم يا رب ولصاحب المطعم وللطباخين,Al Bahah,منتزه,,1,1,1,1,1,reviews_zenodo,,https://zenodo.org/records/16924532,static,,2026-09-13T06:19:18.696424+00:00,False
reviews_00077,منتزه الخلب,,رائع المطعم والمطلع وجميع المرافق ...,Al Bahah,منتزه,,,1,,1,,reviews_zenodo,,https://zenodo.org/records/16924532,static,,2026-09-13T06:19:18.696424+00:00,False
reviews_00078,منتزه الخلب,,المنتزه جدا جميل و مرتب ، استأجرنا من الغرف المغلقه و كانت نظيفه و سعرها معقول ١٠٠ ريال ل ٣ ساعات مع دله قهوه أو دلة شاهي. ...,Al Bahah,منتزه,1,,1,,1,1,reviews_zenodo,,https://zenodo.org/records/16924532,static,,2026-09-13T06:19:18.696424+00:00,False
reviews_00079,منتزه الخلب,,جلسات غير نظيفه بدون تكييف اعتقد مر عليها اكثر من سنه لم تنظف تحت الفرش او السجاد يوجد صراصيرايظا جلسات المطعم ضيقه جدا .مااعرف كيف يمنح تصريح والخدمة مدنية بالرغم ان الاسعار مرتفعه .,Al Bahah,منتزه,-1,-1,,-1,,-1,reviews_zenodo,,https://zenodo.org/records/16924532,static,,2026-09-13T06:19:18.696424+00:00,False
reviews_00080,منتزه الخلب,,المنتزه جميل ممنوع تدخل باالاكل او الفرش كان فيه مهرجان للاطفال حلو انبسطو البزران فيه مبنى زي الكهف تدخل فيه فيه مقهى وبازار ومطعم برجر فيه جلسات عائليه فيها خصوصيه بالاجار وفيه مطعم اعتقد يقدم اكل شعبي,Al Bahah,منتزه,,,1,,1,1,reviews_zenodo,,https://zenodo.org/records/16924532,static,,2026-09-13T06:19:18.696424+00:00,False
reviews_00081,منتزه الخلب,,المكان رائع وجميل وممتع وتصميمه متميزولكن رسوم الجلسات عالية 50 ريال بالساعة للجلسات المطلة، 20 ريال للجلسات الداخلية المكشوفة. ...,Al Bahah,منتزه,-1,,,,1,0,reviews_zenodo,,https://zenodo.org/records/16924532,static,,2026-09-13T06:19:18.696424+00:00,False
reviews_00082,منتزه الخلب,,السلام عليكم ورحمة الله..المكان رائع ونظيف..يوجد مطعم وغرف للعائلات تحض بالخصوصيةيوجد أيضا كشكات لبعض الوجبات السريعة..انصح بزيارة هذا المعلم...تحياتي للجميع,Al Bahah,منتزه,,1,1,,1,1,reviews_zenodo,,https://zenodo.org/records/16924532,static,,2026-09-13T06:19:18.696424+00:00,False
reviews_00083,منتزه الخلب,,لأن المكان صغير جدا فهو لا يرتقي لأن يكون منتزه أو حتى حديقه هو مطعم مع مرافق بسيطهولكن يظهر فيه الإستغلال في كل شي بعدم السماح بدخول المشروبات وحتى الفرشات الجلوس على الفرشات الساعه ب 20 والغرف الساعه ب50 يعادل غرفه في فندق برج الساعه( الفيرمنت ) في مكهالأسعار مرتفعه جدا ومبالغ فيها حتى الألعابالذي يستحق الزياره واعطيه 10/9 المطعم أما الباقي دفع فلوس فقط,Al Bahah,منتزه,-1,,1,,-1,-1,reviews_zenodo,,https://zenodo.org/records/16924532,static,,2026-09-13T06:19:18.696424+00:00,False
reviews_00084,منتزه الخلب,,موقع مميز يستحق الزيارة.المكان نظيف جدا والعناية والاهتمام ملموسة.الدخول مجانا والتنزه والتنقل داخل المنتزه مجانامن كان له اطفال سيستمتعون جدا بالكهف الموجود في وسط المنتزهكان الجو غائم يخالطه الضباب يعطيك شعور مميزمع ازدحاام المنتزه وكثرة المنتزهين يسوده الادب والاحترام من الجميعيوجد جلسات ارضية وحديد الساعة بسعر ٢٠ ريال للجلسةيوجد غرفة مع دلة شاي الساعة ٥٠ريالكلما جلست اكثر يكون السعر اقلفي اعلى الكهف يوجد كافيه حور,Al Bahah,منتزه,0,1,1,1,1,1,reviews_zenodo,,https://zenodo.org/records/16924532,static,,2026-09-13T06:19:18.696424+00:00,False
reviews_00085,منتزه الخلب,,منتزه جدا جميل .. يوجد به مطعم البرج وكهف وشلالات محلات لبيع العطور والايسكريم وايضا ( المعسل - عافانا الله ) والقهوة والشاي .. يوجد غرف عوائل مغلقة باطلالة وايضا دوات مياه للرجال والنساء ومسجد,Al Bahah,منتزه,,,1,,1,1,reviews_zenodo,,https://zenodo.org/records/16924532,static,,2026-09-13T06:19:18.696424+00:00,False
reviews_00086,منتزه الخلب,,الموقع ممتاز جداديكورات المنتزه جميلهلكن فيه بعض الملاحظات1- النظافة سيئة للغاية في الجلسات الداخلية كلها حشرات وضفادع2- بعض العماله في المنتزه والمطعم والكوفيهات للاسف غير محترمين الأسلوب صفر3- عدم تلبية إحتياجات الزائرين في الجلسات الخارجية للاسف شاهدت اسلوب العمال في تضيعت الوقت واجبارهم على الجلسات الداخلية4- الفعاليات للاطفال داخل المنتزه صفر5- اسعار السلع غير مرضية جدااتمنى النظر الى هذه الملاحظات لأن والله حرام منتزه مثل هذا سمعته سيئة لبعض الزوار,Al Bahah,منتزه,-1,-1,,-1,0,-1,reviews_zenodo,,https://zenodo.org/records/16924532,static,,2026-09-13T06:19:18.696424+00:00,False
reviews_00087,منتزه الخلب,,منتزه جميل واجواء خيالية,Al Bahah,منتزه,,,,,1,1,reviews_zenodo,,https://zenodo.org/records/16924532,static,,2026-09-13T06:19:18.696424+00:00,False
reviews_00088,منتزه الخلب,,مكان جميل وهادي ينقصه زيادة الفعاليات ينفع الي يبي يريح فيه ساعتين ويلعب اطفاله يحتوي على مطعم شعبي ومطعم برجر وبازار صغير الله يوفق اصحابه ويطورو المكان اكثر,Al Bahah,منتزه,,,0,,1,0,reviews_zenodo,,https://zenodo.org/records/16924532,static,,2026-09-13T06:19:18.696424+00:00,False
reviews_00089,منتزه الخلب,,جميل جدا. في الواقع هو ليس منتزه او حديقه ولا يناسب الترفيه للاطفال وانما هو مطعم جميل مع اطلاله ساحره. ويمنع ادخال المؤكولات والمشؤوبات والكراسي والفرش. كل شي يتم شرائه واستإجاره من داخل المطل.,Al Bahah,منتزه,,,-1,,0,0,reviews_zenodo,,https://zenodo.org/records/16924532,static,,2026-09-13T06:19:18.696424+00:00,False
reviews_00090,منتزه الخلب,,المكان موقعه مره حلو بس في ملاحظات مو بس ملاحظه ع المطعم الخلب اولا رقم التواصل ما يردون و طلبنا نص فحم ومصقع و رز ومقبلات وعصير ب ٩٠ الاكل قال بيوصل خلاص ٢٠ دقيقه وصارت ٥٠ دقيقه وفوق كذا وصل بارد واغلب الطلبات مو جاهزه كلها تاخذ ساعه على كلامه يعني مكان معروف وكثير ناس تجيه ومافي الاهتمام بالعميل ما حبيت صراحه العامل اللي يطلع الطالبات كان كويس صراحه بس الطلبات كثيره عليه مافي الا ١ ؟ وصرفوا لنا رقم غرفه ٤٠٨ وهي مو موجوده اصلا والوضع لخبطه دام فتحت مشروع حلو زي كذا كمل جميلك و اهتم اكثر وشكرا,Al Bahah,منتزه,,,,-1,1,-1,reviews_zenodo,,https://zenodo.org/records/16924532,static,,2026-09-13T06:19:18.696424+00:00,False
reviews_00091,منتزه الخلب,,مكان جميل ولكن غير جاذب.جلسات البرج كئيبه وتحتاج لاعادة تصميم للاستفادة من الاطلالات . تحتاج ان تكون الواجهات المطلة واجهات زجاجيه بالكامل.,Al Bahah,منتزه,,,-1,,0,-1,reviews_zenodo,,https://zenodo.org/records/16924532,static,,2026-09-13T06:19:18.696424+00:00,False
reviews_00092,منتزه الخلب,,موقع رائع في اعلى الجبلالاطلاله ساحرةالكهف مدهشالمواقف متوفرةالدخول مجانييوجد مطعم مطلكافيهات ومحلاتجيته الصباح بس كل شي مقفل اتوقع اللي فقط الكهف والمطعم مفتوح اللي يبي يسمتع اكثر ممكن يجي العصر يلقى كل شي شغال,Al Bahah,منتزه,1,,1,,1,0,reviews_zenodo,,https://zenodo.org/records/16924532,static,,2026-09-13T06:19:18.696424+00:00,False
reviews_00093,منتزه الخلب,,منتزه جميل تعيبه الموسيقا التي تسبب إزعاجا لمن جاء يبحث عن الهدوء– فيه مطعم أسعاره غالية– فيه شلال في قمته كافي وحوله جلسات مطلة على المنتزه في الهواء الطلق– في الليل المنتزه يميل للبرودة نوعا ما خاصة على الأطفال– فيه غرف وجلسات تأجير بنظام الساعة,Al Bahah,منتزه,-1,,1,,0,0,reviews_zenodo,,https://zenodo.org/records/16924532,static,,2026-09-13T06:19:18.696424+00:00,False
reviews_00094,منتزه الخلب,,منتزه جميل.. يحتاج تطوير اكثر من ناحيه الخدمات والكافيهات الجلسات عاديه واشوف 50 ريال كثير جدا عليها مافيها شي مميز.... جلست فيه تقريبا ربع ساعة فقط.... مافيه شي يحمس للجلوس فقط الأجواء حلوه,Al Bahah,منتزه,-1,,-1,,0,-1,reviews_zenodo,,https://zenodo.org/records/16924532,static,,2026-09-13T06:19:18.696424+00:00,False
reviews_00095,منتزه الخلب,,المكان روعه خيال حقيقي انصح بازيارته حيث انه من اجمل الاماكن وايضن بسعر رمزي للجلسات الخاصه وكل شي متوفر ويوجد مطعم,Al Bahah,منتزه,1,,1,,1,1,reviews_zenodo,,https://zenodo.org/records/16924532,static,,2026-09-13T06:19:18.696424+00:00,False
reviews_00096,منتزه الخلب,,موقعه مميز في قمة جبال المندق ومطل جميل والمبنى المشيد على شكل كهف مميز .. نظام جلسات بخلفية زجاجية على المطل وكذلك أبراج لم اتمكن من الصعود لها بسبب تعطل المصعد ،، لم يكن المستثمر المشغل للمنتزه موفق في الخدمة والأثاث ونظام التأجير بالساعة 50 ريالالأثاث متهالك والعمالة غير مدربة على التعامل مع السياح والموقع بشكل عام يحتاج لصيانة وتشغيل إحترافي.,Al Bahah,منتزه,-1,,-1,-1,1,0,reviews_zenodo,,https://zenodo.org/records/16924532,static,,2026-09-13T06:19:18.696424+00:00,False
reviews_00097,منتزه الخلب,,المكان جميلالجلسات عندك ثلاث خيارات غرفه الساعه الاولى ب٥٠ و الثانيه ب ٢٥ والثالثه مجانا مع شاي ...,Al Bahah,منتزه,,,1,,1,1,reviews_zenodo,,https://zenodo.org/records/16924532,static,,2026-09-13T06:19:18.696424+00:00,False
reviews_00098,منتزه الخلب,,المسجد بقسم النساء محتاج اهتمام مع دورة المياة.. وجلسات المطعم الكراسي مكسرة والمكان يحتاج عناية.. المكان مو مثل قبل واضح الاهمال فيه .. تقييم للاصلاح لأنه خسارة يندمر والمفروض يتطور اكثر,Al Bahah,منتزه,,,-1,,-1,-1,reviews_zenodo,,https://zenodo.org/records/16924532,static,,2026-09-13T06:19:18.696424+00:00,False
reviews_00099,منتزه الخلب,,منتزة جميل منظم ونظيف وابداع فكرة جميلة واظافة اكثر من رائعة للمنطقة اشكر الجميع بداية من صاحب الفكرة والمنفذين والمنضمين والقائيمين الله يعطيكم العافية,Al Bahah,منتزه,,1,,,1,1,reviews_zenodo,,https://zenodo.org/records/16924532,static,,2026-09-13T06:19:18.696424+00:00,False
reviews_00100,منتزه الخلب,,منتزه جيد جدا ولكن يحتاج ان يكون بافضل مما هو عليه من ناحية الخدمات انا من ناحية المبنى والتصميم رائع ولكن يفتقر الى خدمات بمستوى عالي وادارة صحيحة حتى يكون بالمستوى المطلوب يفتقر الى وجود العاب اطفال وعند السؤال اخبرونا بمنتزه قريب منهم ...,Al Bahah,منتزه,,,-1,,1,-1,reviews_zenodo,,https://zenodo.org/records/16924532,static,,2026-09-13T06:19:18.696424+00:00,False
reviews_00101,منتزه الخلب,,تجربة رائعة وموقع فوق السحاب فكرة متفردة في نوعها .الكهف فكرته جميله مع شلالات ونوافذ وجلسات داخل الكهف وفوق سطح الكهف.المطعم حلو والمنظر من المطعم جميل جدا لأن في أعلى نقطة..بس يفضل ان تكون الشبابيك مغلقة من أجل فضول الأطفال,Al Bahah,منتزه,,,1,,1,1,reviews_zenodo,,https://zenodo.org/records/16924532,static,,2026-09-13T06:19:18.696424+00:00,False
reviews_00102,منتزه الخلب,,روعة بالنسبه للمنظر والجلساتوالكهف يحتاج إلى متابعة مستمره من قبل عمال النظافة ( حيث نتمنى من الزوار الإهتمام أيضا في مثل هذه الأماكن العامه )أيضا حوض الماء يحتاج إلى عنايه ( أقترح لو يضاف فلاتر تنظيف بتشغيل مؤقت، كي تعطي جمال وإظهار لون الماء الطبيعي ( غير اللون الأخضر الحالي ).شكرآ بلدية المنطقة على هذا المنتزه الجميل، ولكن أستمروا في المتابعة الميدانيه دائما.,Al Bahah,منتزه,,-1,1,,1,0,reviews_zenodo,,https://zenodo.org/records/16924532,static,,2026-09-13T06:19:18.696424+00:00,False
reviews_00103,منتزه الخلب,,في جلسات داخلية و خارجية والعاب اطفال و مطعم و كشكات وكوفي طلبت قهوة عربية وتمر اخذ حول ربع ساعة المكان جيد و المواقف جدا قليلة بس ما يستاهل تتعنى له من الباحة حقيقي ساعة مشوار وما كان قد كذا في افضل,Al Bahah,منتزه,,,1,-1,0,0,reviews_zenodo,,https://zenodo.org/records/16924532,static,,2026-09-13T06:19:18.696424+00:00,False
reviews_00104,منتزه الخلب,,جيدجدا..واستغلال في الجلسات أدفع...المطعم غالي والأكل عادي جدا...بشكل عام ينفع تأخذ لفة اوتشرب قهوة وتتوكل على الله.,Al Bahah,منتزه,-1,,,,0,0,reviews_zenodo,,https://zenodo.org/records/16924532,static,,2026-09-13T06:19:18.696424+00:00,False
reviews_00105,منتزه الخلب,,ماشاء الله جميل ومخدوم وعليه اقبالفيه مطعم جيد واكلهم لاباس بهوفيه معلم قهوة وشاهي ماشاءالله عليه مبدعيحتاج الاهتمام قليلا بالجلسات ونظافتها,Al Bahah,منتزه,,0,0,,1,0,reviews_zenodo,,https://zenodo.org/records/16924532,static,,2026-09-13T06:19:18.696424+00:00,False
reviews_00106,منتزه الخلب,,المنتزه صغير و جميل بس لا تتوقع شي خيالي 15 د وانت مخلصه او اقلشباب متكين عند المدخل وريحة الدخان صاكه المنتزه كله وجالسين يتفرجوا كوره كاني داخل قهوه مو منتزه عائلات ...,Al Bahah,منتزه,,,,,0,-1,reviews_zenodo,,https://zenodo.org/records/16924532,static,,2026-09-13T06:19:18.696424+00:00,False
reviews_00107,منتزه الخلب,,يوجد مكان العاب للاطفال الدخول ب٢٠ ريال للطفل . يوجد مسرح للاطفال مجاني . الجلسات الخارجية ب٢٠ ريال والغرف ب٥٠ ريال. فيه مقهى وبازار ومصلى ودورات مياه,Al Bahah,منتزه,,,1,,,1,reviews_zenodo,,https://zenodo.org/records/16924532,static,,2026-09-13T06:19:18.696424+00:00,False
reviews_00108,منتزه الخلب,,كل شي جميل من إطلالة و أكل ونظافة بس اسعار الجلسات مبالغ فيها شوي .. انصح بزيارته,Al Bahah,منتزه,-1,1,,,1,1,reviews_zenodo,,https://zenodo.org/records/16924532,static,,2026-09-13T06:19:18.696424+00:00,False
reviews_00109,منتزه الخلب,,منتزة يقع في احد اعلى قمم المندق .. وبه جلسات عائلية مريحة وتتوفر الخصوصية لكل عائلة به كهف مكون من ثلاث ادوار كل دور به مطعم او كوفي مع جلسات باجواء ساحرة بين الضباب و يوجد مطعم به جلسات مطلة على المدينة كاملة الطعام متنوع ويناسب كافة ...,Al Bahah,منتزه,,,1,,1,1,reviews_zenodo,,https://zenodo.org/records/16924532,static,,2026-09-13T06:19:18.696424+00:00,False
reviews_00110,منتزه الخلب,,جلساته جميلة ولكن سالفة انك ما تجيب شيء من برا تقهر يعني ادفع على الجلسة ماشي بس ما أقدر ادخل شيء معي لا أكل ولا شرب ولا كرسي ولافرشة عشان انجبر اشتري كل شي من جوا، والي جوا مساكين الاجار عليهم غالي ويضطرون يرفعون السعر.. يعني بتطلع بمبلغ محترم دفعته فيها,Al Bahah,منتزه,-1,,,,1,0,reviews_zenodo,,https://zenodo.org/records/16924532,static,,2026-09-13T06:19:18.696424+00:00,False
reviews_00111,منتزه الخلب,,منتزه جميل حجمه صغير يوجد مكان العاب للاطفال برسوم يوجد جلسات غرف وجلسات خارجية برسوميوجد مطعم جيد لا باس بهيوجد كشكات لبيع الايس كريم والبطاطا لكن صغيييره جدايعييبها دورات المياه قليله وتحتاج الى نظافةاستأجرت جلستين وقت الظهر مكيفاتها متنقله تحتاج الى تعبئة ماء وطلبنا التعبئة وجدنا سوء تعامل من العامل ورفض بحجة انها تعمل بدون ماء بالرغم انه مرسوم عليها قمنا نحن بتعبئة المكيفات وتحسن الوضع موقع المنتزه جميل,Al Bahah,منتزه,,-1,0,-1,0,-1,reviews_zenodo,,https://zenodo.org/records/16924532,static,,2026-09-13T06:19:18.696424+00:00,False
reviews_00112,منتزه الخلب,,- المنتزه جميل-الدخول مجاني لكن الجلسات الساعة الاولى ب٥٠ والثانية ب٢٥ والباقي مجاني .- اكل المطعم جيد لكن جلساته في البرج ضيقة ومكتومه ربما تناسب البعض ...,Al Bahah,منتزه,,,0,,1,0,reviews_zenodo,,https://zenodo.org/records/16924532,static,,2026-09-13T06:19:18.696424+00:00,False
reviews_00113,منتزه الخلب,,مكان جميل وإطلالة رائعةيوجد في وسطه كهف يمكن التجول فيه ويوجد شلال من الخارجوفي سطح الكهف يوجد كافي حور وهو كافي مفتوح للهواء ...,Al Bahah,منتزه,,,1,,1,1,reviews_zenodo,,https://zenodo.org/records/16924532,static,,2026-09-13T06:19:18.696424+00:00,False
reviews_00114,منتزه الخلب,,منتزه جميل جدا من أفضل المنتزهات الموجودة في منطقة الباحة الموقع بالتحديد ( المندق )الطريق شوي متعب .ميزة المنتزه ( ديكور شلالات ) يتوفر داخل الشلالات جلسات وكافي . ...,Al Bahah,منتزه,,,1,,1,0,reviews_zenodo,,https://zenodo.org/records/16924532,static,,2026-09-13T06:19:18.696424+00:00,False
reviews_00115,منتزه الخلب,,المكان جميل جدا . رحنا له الصباح وصادف انه وقت الضباب فكان المنظر لا يوصف. وكان فطورهم لذيذ بس ياليت يضيفون مع الفطور لبنة واجبان ومربيات لان ماكان متوفر الا معصوب ومقلقل دجاج وكذا نوع من وجبات البيض فقط . اسعارهم حلوة ومتوسطة وان شاءالله اكرر الزيارة,Al Bahah,منتزه,0,,0,,1,1,reviews_zenodo,,https://zenodo.org/records/16924532,static,,2026-09-13T06:19:18.696424+00:00,False
reviews_00116,منتزه الخلب,,المنتزه أكثر من رائع واطلالة جميلةممتاز في الفترة النهارية وكذلك المسائيةجيته انا وعيالي وانبسطنا الحمدلله . فيه جلسات ايجار للي حاب خصوصيةالمطعم جيد وكان ودي يهتمون شوي في التطوير ووفرة الاصنافمقهى القهوة العربية والشاي ممتازين 👍الكوفي شوب فوق الكهف قهوتهم مضروبة 💔ككل المكان روعة وباذن الله نكرر الزيارةوالله يهني اهل المنطقة بالاماكن اللي زي هذي,Al Bahah,منتزه,,,0,,1,1,reviews_zenodo,,https://zenodo.org/records/16924532,static,,2026-09-13T06:19:18.696424+00:00,False
reviews_00117,منتزه الخلب,,المكان جميل بس يعيبه بعده عن مدينة الباحة لانه يبعد تقريبا ٤٠ كيلو عن مدينة الباحة نفسها. وبنفس الوقت المكان لا يوجد الا مطعم واحد ولا يوجد اصناف كثيرة للاكل ، ولا يوجد كوفي حتى بها دورات مياه رجال ونساء وتوجد غرف داخل المنتزه. ويمكن دخول الاكل الشرب في المنتزه.,Al Bahah,منتزه,,,-1,,0,-1,reviews_zenodo,,https://zenodo.org/records/16924532,static,,2026-09-13T06:19:18.696424+00:00,False
reviews_00118,منتزه الخلب,,اولا يعتبر بعيد عن الباحه في الذهاب اليه كانت الطلعه مخيفه بالنسبه ليا بس الرجعه كانت من طريق ثانيه واسهل بكثير والجلسات بفلوس بالساعه الغرف ب٥٠والجلسات الخارجيه ب٢٠ وكمان ممنوع دخول الاكل معانا .الاولاد عجبتهم فكره الكهف واتمنى كمان تتحسن اكثر يكون في فعاليات للاطفال ألعاب اكثر ..في كشتات محدوده للأكل وماجربنا المطعم,Al Bahah,منتزه,,,0,,1,0,reviews_zenodo,,https://zenodo.org/records/16924532,static,,2026-09-13T06:19:18.696424+00:00,False
reviews_00119,منتزه الخلب,,مكان مميز ويعتبر نقلة نوعية في المنطقة الكهف تحفة عظيمة يشكر المصمم ويحتوي على جلسات للجلوس والاستمتاع بالهدوء .... المنتجع نظيف وتعامل العاملين راقي جدا.. المطعم يقدم مشويات ممتازة وكذلك المعصوب لذيذ جدا.. هناك كوفي في الكهف ممتاز وهناك كشك لتقديم القهوة العربية والشاي التلقيمة.. الأسعار مناسبة جدا ويستحق الزيارة,Al Bahah,منتزه,1,1,1,1,1,1,reviews_zenodo,,https://zenodo.org/records/16924532,static,,2026-09-13T06:19:18.696424+00:00,False
reviews_00120,منتزه الخلب,,من اجمل المنتزهات اللي زرتها المكانن جميلل والشلالات والكهف جميييله والعشاء لذيذيسسستحق الزياره للامانه 🥹,Al Bahah,منتزه,,,,,1,1,reviews_zenodo,,https://zenodo.org/records/16924532,static,,2026-09-13T06:19:18.696424+00:00,False
reviews_00121,منتزه الخلب,,مكان والموقع جدا جميل ومميزعندهم تأجير غرف او جلسات خارجيةالدخول مجانا ...,Al Bahah,منتزه,,,1,,1,1,reviews_zenodo,,https://zenodo.org/records/16924532,static,,2026-09-13T06:19:18.696424+00:00,False
reviews_00122,منتزه الخلب,,منتزه رائع ومرتب ضروري اي زائر للباحة يمره ممنوع دخول المأكولات وفرشات الجلوس ، يوجد جلسات ارضيه الساعه ب٥٠ وطول ما انت ماشي تسمع صوت الشلالات الاصطناعيه ويوجد كهف بتصميم جدت جميل مكون من ٣ ادوار اخر دور يوجد به كافيه جميل,Al Bahah,منتزه,,,1,,1,1,reviews_zenodo,,https://zenodo.org/records/16924532,static,,2026-09-13T06:19:18.696424+00:00,False
reviews_00123,منتزه الخلب,,موقع رائع ومناظر طبيعيه,Al Bahah,منتزه,,,,,1,1,reviews_zenodo,,https://zenodo.org/records/16924532,static,,2026-09-13T06:19:18.696424+00:00,False
reviews_00124,منتزه الخلب,,المكان جميل والحمدلله وفقت في زيارته وقت الجوء غيم زرته الظهر الجلسات كانت مجانا طلبت دلة قهوة كانت جيدة بالنسبة للمطعم ماجربته والكهف كان ثلاثة ادوار دور مطعم برجر ودور بازار والدور الثالث كوفي حور كان لساته الوقت بدري مابدو يستقبلو كان المكان جميل وفاضي,Al Bahah,منتزه,,,1,,1,1,reviews_zenodo,,https://zenodo.org/records/16924532,static,,2026-09-13T06:19:18.696424+00:00,False
reviews_00125,منتزه الخلب,,منتزه جميل ورائع وفكرة التصميم ممتازه من اجمل التصاميم الهندسيه والاجمل من هذا كله لو زرت المنتزه وقت ضباب تكون جالس وما تشوف اللي جنبك من كثرة الضباب ويكتمل جماله وروعته الجلسات اللي في وسط المنتزه ويتوفر ممرات لكبار السن ولذوي الاحتياجات الخاصة,Al Bahah,منتزه,,,,,1,1,reviews_zenodo,,https://zenodo.org/records/16924532,static,,2026-09-13T06:19:18.696424+00:00,False
reviews_00126,منتزه الخلب,,مكان رائع وجميل ونطيف ومرتب يستحق الزيارة عشرات المرات وخاصة الكهف ومقهى حور تفاصيلهم جدا جميلة ومبهرة 👍🏻👍🏻👍🏻,Al Bahah,منتزه,,1,1,,1,1,reviews_zenodo,,https://zenodo.org/records/16924532,static,,2026-09-13T06:19:18.696424+00:00,False
reviews_00127,منتزه الخلب,,منتزه جميل وعلى مرتفعات محافظة المندق يبعد عن الباحة ٣٤ كم به اربع حدائق ، حديقة المرو ، وحديقة البرج و حديقة الورود ، وحديقة رابعة نسيت اسمها، و بها مظلات و مساحات مختلفة. البرج فيها كافيه و مطعم. او تحضر معك مستلزمات الجلسة من اكل و خلافه.,Al Bahah,منتزه,,,1,,1,1,reviews_zenodo,,https://zenodo.org/records/16924532,static,,2026-09-13T06:19:18.696424+00:00,False
reviews_00128,منتزه الخلب,,المطعم يستاهل اكثر من خمسه نجوم كان طلبنا رز ابيض وحبه ع الفحم ومصقع باذنجان اقسم بالله الطعم ولا في الخيال 😭😭🩵🩵🩵🩵والمكان مره روعه هدوء وصوت الشلال والبروده تهبل,Al Bahah,منتزه,,,1,,1,1,reviews_zenodo,,https://zenodo.org/records/16924532,static,,2026-09-13T06:19:18.696424+00:00,False
reviews_00129,منتزه الخلب,,المكان لطيف جدا وجميل جدا روحوله بعد العصر ، ما تقدر تدخل اي شيء معك للمنتزه لا دلة ولا اي شي تصلح لك حاجة لكن داخل المنتزه متوفر به جلسات مجانية بالاضافة يمديك بشكل اختياري مو اجباري إنك تطلب من مطعم cave burger او مطعم آخر,Al Bahah,منتزه,,,1,,1,1,reviews_zenodo,,https://zenodo.org/records/16924532,static,,2026-09-13T06:19:18.696424+00:00,False
reviews_00130,منتزه الخلب,,الاكل عندهم ممتاز جدا وخدمتهم ممتاز وموقعهم في مرتفع واجواء جميله مكان يستحق الزيارة وتحتاج تزورهم وقت وجبه وعند حجزك لاحد الغرف المطله عندهم تحصل على شاهي مجانا ومنظر الكهف في منتصف المنتجع جميل مع شلالات المياة منظر جميل جدا,Al Bahah,منتزه,,,1,,1,1,reviews_zenodo,,https://zenodo.org/records/16924532,static,,2026-09-13T06:19:18.696424+00:00,False
reviews_00131,منتزه الخلب,,منتزه الخلب زرت فيه مطعم البرج كان الجو جميل ومطر ..ملاحظتي ع الطعام كانت الطلبات ٢ شاورما عربي لذيذة والبطاطس المقليه لذيذة والطلب الثاني مشويات مشكله عادية جدا واللحم الاوصال قاسي جدا .التبوله بدون زيت او ليمون..اخدت غرفه مكيفة غير نظيفة لم تكنس من فترة وغبار ..,Al Bahah,منتزه,,-1,0,,1,0,reviews_zenodo,,https://zenodo.org/records/16924532,static,,2026-09-13T06:19:18.696424+00:00,False
reviews_00132,منتزه الخلب,,تجربه روعه ومرتبه وجميل,Al Bahah,منتزه,,,,,1,1,reviews_zenodo,,https://zenodo.org/records/16924532,static,,2026-09-13T06:19:18.696424+00:00,False
reviews_00133,منتزه الخلب,,تصميم جميل ومكان جذاب,Al Bahah,منتزه,,,,,1,1,reviews_zenodo,,https://zenodo.org/records/16924532,static,,2026-09-13T06:19:18.696424+00:00,False
reviews_00134,منتزه الخلب,,منتزه الخلب بمحافظة المندق ويتميز تصميمه بشكل مختلف عن منتزهات المنطقة بنمط عمراني جديد يحاكي التراث القديم بأسلوب عصري جذاب والذي يقع في شمال المحافظة على مرتفع يتميز بإطلالة جميلة ورائعة تعانق السحاب. ...,Al Bahah,منتزه,,,,,1,1,reviews_zenodo,,https://zenodo.org/records/16924532,static,,2026-09-13T06:19:18.696424+00:00,False
reviews_00135,منتزه الخلب,,منتزة البرج يقع ضمن منتزه الخلبمنتزة جميل به العديد من الغرف المطلةكذلك فيه البرج ومطعم وشلالات كما به مكان خاص للأطفال ...,Al Bahah,منتزه,,,1,,1,1,reviews_zenodo,,https://zenodo.org/records/16924532,static,,2026-09-13T06:19:18.696424+00:00,False
reviews_00136,منتزه الخلب,,مكان رائع و هادئ فيه مطعم و فيه كشك قهوة و شاهي و جلسات مقفله و اطلاله جميلة,Al Bahah,منتزه,,,1,,1,1,reviews_zenodo,,https://zenodo.org/records/16924532,static,,2026-09-13T06:19:18.696424+00:00,False
reviews_00137,منتزه الخلب,,منتزة جميل سوا الفراشة او البرج لكن هناك بعض الملاحظات :منتزة الفراشة : اسعار الالعاب مبالغ فيها جدا الجلسات الخارجية تحتاج الى صيانة والاهتمام بالبساط الزراعي افضل من المفروش.منتزة البرج : جميل جدا ولكن يحتاج الى صيانة المرافق والنظافة زيادة المواقف .,Al Bahah,منتزه,-1,-1,-1,,0,0,reviews_zenodo,,https://zenodo.org/records/16924532,static,,2026-09-13T06:19:18.696424+00:00,False
reviews_00138,منتزه الخلب,,ممتاز جدا حبيت المغاره فخمه ويوجد مقاهى ومطعم وجلسات دخليه وخارجيه الداخليه ب ٥٠ ريال لساعه,Al Bahah,منتزه,,,1,,1,1,reviews_zenodo,,https://zenodo.org/records/16924532,static,,2026-09-13T06:19:18.696424+00:00,False
reviews_00139,منتزه الخلب,,خدمات سيئه لان المنتزه فيه اكثر من مستثمر صار تشليح ماهو منتزه الملاحظات١- الجلسات الخارجيه الساعه ب٥٠ ريال بدون الطلبات والفرش تالف وغير نظيف .٢- دورات المياه الخارجيه سيئه سيئه سيئه روائح كريهه بكل ما تعنيه الكلمه .٣- المطعم جلساته بالبرج صغيره و قليله ينزل الطلب و يبرد وانت ما حصلت جلسه داخل البرج وتضطر انك تدفع خمسين ريال للجسات الخارجيه هذا دليل على ان المستثمرين استغلاليين للزوار .٤- الموظف السعودي الموجود بحجوزات الجلسات الخارجيه تعامله سيئ جدا مع الزوار .,Al Bahah,منتزه,-1,-1,,-1,-1,-1,reviews_zenodo,,https://zenodo.org/records/16924532,static,,2026-09-13T06:19:18.696424+00:00,False
reviews_00140,منتزه الخلب,,تجربة رائعةإطلالة جميلة وجلسات مرتبة واسعار مقبولةيحتاج بعض الأمور البسيطة ليكتمل العقد على الجيد,Al Bahah,منتزه,0,,0,,1,1,reviews_zenodo,,https://zenodo.org/records/16924532,static,,2026-09-13T06:19:18.696424+00:00,False
reviews_00141,منتزه الخلب,,مكان رائع وجميل ونظيف ويعد من أفضل الننتزهات التي يمكن زيارتها صحيح اسعار الاكل فيه مرتفع ولكن يعد افضل مكان تزوره وكمان تعزم ظيوفك فيه لان الزيارة مقترنه بالتنزه والاستمتاع بمرفقات البرج .,Al Bahah,منتزه,-1,1,1,,1,1,reviews_zenodo,,https://zenodo.org/records/16924532,static,,2026-09-13T06:19:18.696424+00:00,False
reviews_00142,منتزه الخلب,,مكان ممتع جربت المطعم فقط الاكل نفسه لذيذ لكن الخدمه والديكور بدائي جدا حتى مافي صحون لكل شخص ..يفرش سفره ويحط الاكل ويروح ! رحت مطاعم داخل وخارج السعوديه بجميع المستويات مافي مطعم يقدم الاكل بدون صحون ولا مناديل ! يحتاج تطوير عشان مكانه جدا مميز والمطل ..هذي ملاحظات في مصلحة المكان والسياحه اليوم كذا جنسيه متواجده لازم ننقل صوره طيبه,Al Bahah,منتزه,,,0,-1,1,0,reviews_zenodo,,https://zenodo.org/records/16924532,static,,2026-09-13T06:19:18.696424+00:00,False
reviews_00143,منتزه الخلب,,موقع جميل وإطلالات أخاذة..ولكن للأسف خدمات المطعم لاتليق بحجم المكان وروعته. الطلبات لم تقدم كما هو في قائمة الطعام. الجلسات بحاجة للنظافة والتجديد أيضا.,Al Bahah,منتزه,,-1,,-1,1,0,reviews_zenodo,,https://zenodo.org/records/16924532,static,,2026-09-13T06:19:18.696424+00:00,False
reviews_00144,منتزه الخلب,,مكان للاستعراض والتصوير فقطيعني الغرفه ب٥٠ ساعه الاولى والساعات الباقيه ٢٥مافيه مشكله خذ حق الغرفبس خلي المأكولات اسعار معقولههي ماهي مرتفعهنسبيا يعني ارتفاع غير مقبول بس المفروض اقل سعرا تاخذ حق الغرفه وترفع سعر الاكلاذا انا اخذ جلستين وادفع كل ساعه ٥٠ غير الساعه الاولىلان ممنوع اي شي يدخل معاكواذا فيه امطار العاب الاطفال مايشغلوها اغلب الناس جايه من الباحهبس يبغاله شويه ادارة افضل ويصير ٥/٥,Al Bahah,منتزه,-1,,0,,0,0,reviews_zenodo,,https://zenodo.org/records/16924532,static,,2026-09-13T06:19:18.696424+00:00,False
reviews_00145,منتزه الخلب,,منتزه جميل جدا توجد غرف للإيجار في الساعة ب ٥٠ ريال والساعة الثانية تكون ب ٢٥ ريال.أيضا يوجد كشك لبيع القهوة والشاي. ...,Al Bahah,منتزه,,,1,,1,1,reviews_zenodo,,https://zenodo.org/records/16924532,static,,2026-09-13T06:19:18.696424+00:00,False
reviews_00146,منتزه الخلب,,مكان جميييل جدالكنه يحتاج لمزيد من الاهتمام من الجهات المختصهمقهى مافيه غير كافي واحد فقط !!بازار فيه بسطتين !!كشك ايس كريم صغير ومافيه غير نكهتين او ثلاث !!والله مكان رائع وخساره ان محد يستثمر فيهوإيضا الاسعار الأغلبيه معترض عليها .,Al Bahah,منتزه,-1,,-1,,1,-1,reviews_zenodo,,https://zenodo.org/records/16924532,static,,2026-09-13T06:19:18.696424+00:00,False
reviews_00147,منتزه الخلب,,منتزه جميل ورائع تصميم رائع ومناظر جميله اللي يجي لمنطقة الباحة اعتبرة من افضل وابرز المزارات اللي يجب ان لا تفوتك .. قضينا فيه وقت مميز يستحق الزيارة ❤️,Al Bahah,منتزه,,,,,1,1,reviews_zenodo,,https://zenodo.org/records/16924532,static,,2026-09-13T06:19:18.696424+00:00,False
reviews_00148,منتزه الخلب,,منتزه جميل جلسات خارجيه ومغلقه كلها مجاناالكهف والشلالات فكرتها جميله مع الاضاءهفيه كوفي ومطعم والعاب اطفالالمطعم طلبت بيتزاء خضار كويسهودجاج مندي جدا عادي الدجاج مندي والرز شبه مندي 😅فيه مصلى نساء اتوقع له سنه ماتنظف لدرجة الحشرات مغبرهمهتمين بالمنتزه من الخارج والمصلى والحمامات اهمال,Al Bahah,منتزه,,-1,-1,,1,0,reviews_zenodo,,https://zenodo.org/records/16924532,static,,2026-09-13T06:19:18.696424+00:00,False
reviews_00149,منتزه الخلب,,مكان جميل ومطل ويتكون من كافيهات ومطعم وتسوق خفيف وقريب من الحدئق ويحتاج يوم من الاستمتاع,Al Bahah,منتزه,,,1,,1,1,reviews_zenodo,,https://zenodo.org/records/16924532,static,,2026-09-13T06:19:18.696424+00:00,False
reviews_00150,منتزه الخلب,,منتزه دخول مجانا وانصح فيييه بشده وفيه جلسات مطله الساعه ب ٥٠ ومعها ثلاجه شاهييعني حلو تجلس فيه للمغرب✌️وفيه برج من ٥ ادوار كلها جلسات وبالاسفل مطعم لكن ماجربت الاكل حقهم . موفقين .,Al Bahah,منتزه,,,1,,1,1,reviews_zenodo,,https://zenodo.org/records/16924532,static,,2026-09-13T06:19:18.696424+00:00,False
reviews_00151,منتزه الخلب,,منتزه مميز بكل المقاييس واكلهم جيد يحتاج العناية بنوع اللحوم وكذلك في البرج شبابيك عالية ليس بها شبك حديدي يمنع سقوط الأطفال حيت أن الشباك يمكن فتحه بسهوله مما يعرض صغار السن للخطر كما أن أسعار الجلسات الخارجية مبالغ فيه كثيرا ٥٠ ريال في الساعة فوق هذا مكان جميل يشكر أصحابه لأنه معلم من معالم الباحة. الرائعة.,Al Bahah,منتزه,-1,,0,,1,0,reviews_zenodo,,https://zenodo.org/records/16924532,static,,2026-09-13T06:19:18.696424+00:00,False
reviews_00152,منتزه الخلب,,جلسة مغلقة ساعتين ب٥٠ريال حلوة لكن تحتاج نظافة و شبابيك اكثر ويحتاج ألعاب اكثر المنتزة ، لكن المنتزة عامة جيد ويشكر القائمين عليه، لا اعتقد له عودة لصعوبة الوصول وبعده و قلة المواقف .. غابة رغدان افضل بكثير,Al Bahah,منتزه,,-1,,,1,-1,reviews_zenodo,,https://zenodo.org/records/16924532,static,,2026-09-13T06:19:18.696424+00:00,False
reviews_00153,منتزه الخلب,,جميل جدا واطلالة رائعه ومسرح اطفال ممتع وجلسات منوعه زيارة موفقه للجميع,Al Bahah,منتزه,,,1,,1,1,reviews_zenodo,,https://zenodo.org/records/16924532,static,,2026-09-13T06:19:18.696424+00:00,False
reviews_00154,منتزه الخلب,,يقع هذا المنتجع في محافظة المندق التابعة لمنطقة الباحة وهومن أجمل المنتزهات ويقع في مطل جبلي مرتفع ويضم المنتجع خدماتي متكامله مطعم وكافيه .المنتجع ممتع والاجواء كذلك رائعة وأنصح جميع زوار المنطقة بزيارة هذا المنتجع والاستمتاع بروعة المكان وجمال الطبيعة ولمحبي التصوير كذلك فرصة لألتقاط أجمل الصور.,Al Bahah,منتزه,,,1,,1,1,reviews_zenodo,,https://zenodo.org/records/16924532,static,,2026-09-13T06:19:18.696424+00:00,False
reviews_00155,منتزه الخلب,,المكان جميل ويعتبر على مستوى المنطقة شي مميز وربما للاجواء دور كبير في ذلك فقد غطى الضباب المكان بشكل عام والجو غايم مع نزول امطار هتان بين الفينة والاخرى كل مانرجوه ان يحافظ على رونقه ويتحسن للاجمل انصح بزيارته فهو الاجمل بالمنطقة ومناسب ...,Al Bahah,منتزه,,,,,1,1,reviews_zenodo,,https://zenodo.org/records/16924532,static,,2026-09-13T06:19:18.696424+00:00,False
reviews_00156,منتزه الخلب,,صراحه انبسطنا كثير انا وعائلتي..وفيها جلسات تحت الساعه ب ٥٠ ريال ومره نظيفه وفيها خصوصيه...والمشاوي لذيذه و فررش و شاورما صحن عربي لذذذيذه🔥🔥...والكهف كيكاتهم وقهوتهم لذذيذه ماشالله..باذن الله لنا زياره مره ثانيه و ثالثه ورابعه👍🏻❤️❤️❤️,Al Bahah,منتزه,,1,1,,1,1,reviews_zenodo,,https://zenodo.org/records/16924532,static,,2026-09-13T06:19:18.696424+00:00,False
reviews_00157,منتزه الخلب,,منتزه رائع مكتمل الخدمات جوه رائع ويصلح عوائل وشباب فيه اللعاب ترفيهيه بحديقة الفراشة وفيه مطعم البرج مطل على المحافظة ولازال هناك بعض المشاريع لم تكتمل وفي حال اكتمالها سيكون اكثر جذبا وسيصبح معلما سياحيا بالباحة,Al Bahah,منتزه,,,1,,1,1,reviews_zenodo,,https://zenodo.org/records/16924532,static,,2026-09-13T06:19:18.696424+00:00,False
reviews_00158,منتزه الخلب,,منتزة في محافظة المندق يحتوي على مطعم - كوفي - جلسات خاصة مغلقه لها اطلالة ب ٥٠ ريال للساعة معها قهوة أو شاهي ..و جلسات خارجية ب ٢٠ رياليوجد به دراجات إيجار للأطفال 🚲و كشك للايسكريم 🍦و مطعم للبرجر 🍔يتوفر فيه مسجد و دورات مياه ، مناسب جدا للراحة و الجلوس فيه لمدة ساعة و استكمال الرحلة و الاستمتاع بالاجواء الجميلة و خصوصا انها قريبه من حديقة مناسبة للجلوس ..نقطة أخيرة أشكرهم على الاهتمام بالاجراءات الاحترازية بقياس الحرارة و التأكد من الزائر عن طريق تطبيق توكلنا ✅,Al Bahah,منتزه,,,1,,1,1,reviews_zenodo,,https://zenodo.org/records/16924532,static,,2026-09-13T06:19:18.696424+00:00,False
reviews_00159,منتزه الخلب,,منتزة ذو طبيعة خلابة وهنا اتكلم على الموقع بصفة عامة لكني لم اذهب الى قسم المطاعم والجلسات لأني افضل الهدوء والأماكن الغير مكتضة بالناس. ومن جهة اخرى المنتزة يحتاج إلى تحرك سريع من الجهات المختصة لانقاذه من الأوساخ المتناثرة في سفوحه,Al Bahah,منتزه,,-1,,,1,0,reviews_zenodo,,https://zenodo.org/records/16924532,static,,2026-09-13T06:19:18.696424+00:00,False
reviews_00160,منتزه الخلب,,بختصار المكان جميل وفكرته حلوه بس فيه سلبيات1/نظافه المكان2/الاسعار خاصه المطعم ...,Al Bahah,منتزه,-1,-1,,,1,0,reviews_zenodo,,https://zenodo.org/records/16924532,static,,2026-09-13T06:19:18.696424+00:00,False
reviews_00161,منتزه الخلب,,جميل بما تعنيه الكلمه ولكن بعض الملاحظات:١: الغرف غير مكيفة ولا منافذ للهواء٢: لايوجد ألعاب مناسبة للأطفال ...,Al Bahah,منتزه,,,-1,,1,0,reviews_zenodo,,https://zenodo.org/records/16924532,static,,2026-09-13T06:19:18.696424+00:00,False
reviews_00162,منتزه الخلب,,مكان جميل وحلو ويستاهل الزيارهكان بعيد عنننا قرابه ٤٠ دقيقه من بني سعد ...,Al Bahah,منتزه,,,,,1,1,reviews_zenodo,,https://zenodo.org/records/16924532,static,,2026-09-13T06:19:18.696424+00:00,False
reviews_00163,منتزه الخلب,,المنتزة جميل نوعا ما ، فيه جلسات داخلية وخارجية مناسبة للعائلات وتصميمه مستوحى من المباني القديمة والكهوف ، مطعم البرج يقدم وجبات جيده جدا لكن أسعارة غالية ، مناسب للجلسات لعدة ساعات فقط ، يعيبه أنه لا يوجد ألعاب أطفال فيه وضخ الماء في دورات المياة والمغاسل أجلكم الله ضعيف جدا.,Al Bahah,منتزه,-1,,-1,,0,0,reviews_zenodo,,https://zenodo.org/records/16924532,static,,2026-09-13T06:19:18.696424+00:00,False
reviews_00164,منتزه الخلب,,المنتزه عباره عن مطاعم ..الدخول مجانا والجلسات بفلوس وممنوع إدخال الفرشه او اي طعام ..ينفع كتغيير الواحد يتفرج على المبنى الحجري رغم انه بعييد جدا جدا ..ذهبنا مره واحده ولن نكررها ..يوجد منتزهات افضل مثل رغدان والامير مشاري,Al Bahah,منتزه,,,1,,,-1,reviews_zenodo,,https://zenodo.org/records/16924532,static,,2026-09-13T06:19:18.696424+00:00,False
reviews_00165,منتزه الخلب,,مكان ممتاز ورائع يوجد فيه جلسات مغلقة مطله وكذلك جلسات ارضية وايضا يتوفر فيه مطاعم مختلفة وكذلك مقهى مرتب وجميل في اعلى مطعم الكهف يتميز باطلاله جميلة وديكورات رائعة وشلال يجعل المكان مناسب لجميع العائلة وكبار السن ايضا,Al Bahah,منتزه,,,1,,1,1,reviews_zenodo,,https://zenodo.org/records/16924532,static,,2026-09-13T06:19:18.696424+00:00,False
reviews_00166,منتزه الخلب,,هو جميل ولكن الانظمه المطروحه غير كذلك عدم دخول المشروبات والمأكولات حتى قارورة الماء إجبارا للشراء من داخل المنتزه!!!!!!مساحته صفيره جدا ليس على مسماه ...,Al Bahah,منتزه,,,,,1,-1,reviews_zenodo,,https://zenodo.org/records/16924532,static,,2026-09-13T06:19:18.696424+00:00,False
reviews_00167,منتزه الخلب,,المكان جدا جميل والمنطقه المتواجد فيها حلوه وهبة هواء وبراد واطلاله حلوه ع محافظة المندق والصراحه يستاهل الزياره واعادة وتكرار الزياره بس غير مسموح بدخول الاطعمه والمشروبات لأنهم يقدمون اطعمه ومشروبات واثناء زيارتي ماكان في زحمه لأنه مو في وقت اجازه وفي الاجازات بيكون زحمه لأن المكان جدا رائع انصح بزيارته,Al Bahah,منتزه,,,1,,1,1,reviews_zenodo,,https://zenodo.org/records/16924532,static,,2026-09-13T06:19:18.696424+00:00,False
reviews_00168,منتزه الخلب,,بصراحة منتزه رائع، تمير بتصميم فريد متمثلة في البناء في منتصف المنتزه على شكل كهوف تخرج منه شلالات أضفت على المكان جو ومنظر رائع. والمكان نظيف ومنظم.بصراحة يترك لك بصمة جميلة في الذاكرة.,Al Bahah,منتزه,,1,,,1,1,reviews_zenodo,,https://zenodo.org/records/16924532,static,,2026-09-13T06:19:18.696424+00:00,False
reviews_00169,منتزه الخلب,,رائع بس ينقصه العاب للأطفال ونقصته نجمه لاني رحت الصباح جميع الكشكات والبرقر والكوفي مقفله والمشكله مانعين دخول الاكل والجلسات السعر مبالغ فيه الساعة ب20، 40عبال ماتستقر وتتنزه في المكان تطير الساعه وتضطر تستأجر ساعه ثانيه ياليت يتغاضون عن حاجه من الثنتين امادخول الاكل والا سعر الجلسات,Al Bahah,منتزه,-1,,-1,,1,-1,reviews_zenodo,,https://zenodo.org/records/16924532,static,,2026-09-13T06:19:18.696424+00:00,False
reviews_00170,منتزه الخلب,,الموقع ممتاز وجميل ولكم جزيل الشكر والتقدير بهذه الجهود المبذولة تجهاهكمولكن يوجد لدي ملاحضه عن المسؤول الذي يدير الموقع ويدير العمالة تعامله سيئ جدا مع العملاء لايجد الفن مع التعامل مع الزبائن امل منكم توجيه بالتعامل الرقي لكي لاتتشوه سمعه الموقع وخصوصا من ناحيه السواح الذين يزورون المنتجعولكم تحياتي,Al Bahah,منتزه,,,,-1,1,0,reviews_zenodo,,https://zenodo.org/records/16924532,static,,2026-09-13T06:19:18.696424+00:00,False
reviews_00171,منتزه الخلب,,ممتاز ونظيف ومرتب وخدمة ممتازه واكلهم نظيف ولذيذ وكان فيه فعاليات ممتعة للاطفال,Al Bahah,منتزه,,1,1,,1,1,reviews_zenodo,,https://zenodo.org/records/16924532,static,,2026-09-13T06:19:18.696424+00:00,False
reviews_00172,منتزه الخلب,,نظيف ومرتب ممنوع دخول الاكل والمشروبات لان فيه مقهى ومطعم وبازرات وفيه جلسات خارجيه الساعة بي 20 للامانة انصح فيه,Al Bahah,منتزه,,1,1,,1,1,reviews_zenodo,,https://zenodo.org/records/16924532,static,,2026-09-13T06:19:18.696424+00:00,False
reviews_00173,منتزه الخلب,,تجربة رائعة ويستحق الزيارة. المسافة من الباحة تقريبا ٤٠ كلم. الدخول مجاني. التنظيم جميل. الفكرة مبدعة. لو كانت في الباحة كانت لها جذب سياحي اكبر. ولكن تحتاج الى تسويق سياحي للفت الزائرين لها وللمندق. فكرة الكهف بالجلسات داخله . فكرة مبدعة جدا في الفكرة والتنفيذ. المسجد متوفر ودورات مياه نظيفة جدا. يحتاج فقط تحسين المقهى . وتشكر البلدية,Al Bahah,منتزه,,1,0,,1,1,reviews_zenodo,,https://zenodo.org/records/16924532,static,,2026-09-13T06:19:18.696424+00:00,False
reviews_00174,منتزه الخلب,,منتزه يقع في قمة الجبل اكثر من رائع جلسات عائلية نظيفة وراقية ومطعم يقدم جميع انواع االماكولات لايسمح بدخول الاكل الى المنتزه واسعار معقولة جدا انصح به,Al Bahah,منتزه,1,,,,1,1,reviews_zenodo,,https://zenodo.org/records/16924532,static,,2026-09-13T06:19:18.696424+00:00,False
reviews_00175,منتزه الخلب,,ادعوا صاحب الحلال الله يحفظه ويعوضه عن خسائر هذا المشروع الضخم بالحضور والوقوف على مشروعه .. فوضى عارمة .. قله عماله.. دخلت دورة المياه مافي مويه انتظرنا لين تعبى الخزان .. هذا كلام بالله.. المطعم حدث ولا حرج .. الاكل بصفة عامة جيد وأسعار ...,Al Bahah,منتزه,,,-1,-1,,-1,reviews_zenodo,,https://zenodo.org/records/16924532,static,,2026-09-13T06:19:18.696424+00:00,False
reviews_00176,منتزه الخلب,,من أججججججمل الأماكن اللي زرتها ف الباحه متكااامل من جلسات وتنوع مأكولات والعاب ومرتب ونظيف المكان ساحر والاطلالات تشرح الخاطرشكككرا لصاحب هذا المشروع الجميل شهادة حق تقال انه ابببببدع وكل التوفيق له يارب,Al Bahah,منتزه,,1,1,,1,1,reviews_zenodo,,https://zenodo.org/records/16924532,static,,2026-09-13T06:19:18.696424+00:00,False
reviews_00177,منتزه الخلب,,كان جميل ايام افتتاحه لكن لم يعد للمكان الاهتمام بما كان عليه من نظافه ومناظر الشلال لم تعد هناك مياه تصب فيه سوى المياة الراكده سيئة المنظر,Al Bahah,منتزه,,-1,,,,-1,reviews_zenodo,,https://zenodo.org/records/16924532,static,,2026-09-13T06:19:18.696424+00:00,False
reviews_00178,منتزه الخلب,,منتزة جميل جدا ، يستأهل الزيارة ، مجاور لمنتزه الفراشة ، يوجد به جلسات خاصة بالساعة مبالغ في سعرها ، يوجد به عدد من الكشكات وكذلك مطعم ، يفتح المنتزه من الساعة ٧ص الى ١٢ص ما عدا يوم الجمعة من الساعة ١م الى ١٢ص. ...,Al Bahah,منتزه,-1,,,,1,,reviews_zenodo,,https://zenodo.org/records/16924532,static,,2026-09-13T06:19:18.696424+00:00,False
reviews_00179,منتزه الخلب,,رائع رائع ولو فيه اكثر من 5ستار لاعطيته .منتزه جميل،وجلسات نظيفه وفيه مطعم رائع ونظيف .وانصح اصدقائي به.والعرسان الجدد.اما الكهف والشلالات فهي حكايه خياليه وداخل الكهف دورين وملحق،وجلسه في القمه وتناول لاتيه او كباتشينو في الكوفي شوب .,Al Bahah,منتزه,,1,1,,1,,reviews_zenodo,,https://zenodo.org/records/16924532,static,,2026-09-13T06:19:18.696424+00:00,False
reviews_00180,حديقة أبو خيال,,الدخوليه صارت ب٢٣ريال على أيش ،ترى الجو والطبيعه من ربنا. و الفرشه ممنوعه حشان الواحد يستاجر جلسه ب٣٥ لمدة ساعه. وفي الأخير صغيره كأنها حفره بس مدرجه. وما في خدمات مثل مصلى رجال ومصلى نساء. وما تقدر تستمتع بالجو و أصوات الطيور لأنهم مشغلين أغاني باعلى صوت كأنه ملهى ليلي... اتمنى التغيير يكون للافضل.,Abha,حديقة,-1,,-1,,-1,-1,reviews_zenodo,,https://zenodo.org/records/16924532,static,,2026-09-13T06:19:18.696424+00:00,False
reviews_00181,حديقة أبو خيال,,حديقة سيئه جدا لعدم توفر المواقف للسيارات وكذلك تذاكر الدخول مبالغ في أسعارها ويمنع بأن تدخل معاك أي شيئ لدرجة أحضرت معي قطعة فرشة للجلوس عليها منعني رجل الأمن بإدخالها وأخذها من عندي وقال بأنه غير مسؤول عنها إذا فقدت. ويمنع دخول المأكولات ...,Abha,حديقة,-1,,-1,-1,-1,-1,reviews_zenodo,,https://zenodo.org/records/16924532,static,,2026-09-13T06:19:18.696424+00:00,False
reviews_00182,حديقة أبو خيال,,حديقة عادية ما يستاهل يكون الدخول ب ٢٣ ريال للشخص,Abha,حديقة,-1,,,,0,-1,reviews_zenodo,,https://zenodo.org/records/16924532,static,,2026-09-13T06:19:18.696424+00:00,False
reviews_00183,حديقة أبو خيال,,منتزه جميل وفيه فعاليات لكن الدخول بتذاكر,Abha,حديقة,,,1,,1,1,reviews_zenodo,,https://zenodo.org/records/16924532,static,,2026-09-13T06:19:18.696424+00:00,False
reviews_00184,حديقة أبو خيال,,استغلال تدخل بتذاكر ٢٣ الشخص الواحد واذا بغيت تجلس الجلسة ب ٣٥ ولا يوجد شي يستحق هذا المبلغ,Abha,حديقة,-1,,,,-1,-1,reviews_zenodo,,https://zenodo.org/records/16924532,static,,2026-09-13T06:19:18.696424+00:00,False
reviews_00185,حديقة أبو خيال,,الدخول بفلوس وازدحام شديد ومواقف غير منظمه والوضع مايخارج والحديقة صغيره ..,Abha,حديقة,-1,,-1,,-1,-1,reviews_zenodo,,https://zenodo.org/records/16924532,static,,2026-09-13T06:19:18.696424+00:00,False
reviews_00186,حديقة أبو خيال,,الحديقه جميله فيها كشكات متنوعه يعيبها دورات المياه الباب مخلوع والعاب الاطفال اللي داخلها برسوم ب ٥ والدخول للحديقه يعتبر مرتفع السعر الفرد ب ٢٣,Abha,حديقة,-1,,0,,1,0,reviews_zenodo,,https://zenodo.org/records/16924532,static,,2026-09-13T06:19:18.696424+00:00,False
reviews_00187,حديقة أبو خيال,,الدخول ب 23 للشخص الواحد والجلسات تدفع 35 وكل شي بفلوس ودورات المياه غير نظيفه ومافيه الا حمام واحد كرسي افرنجي وزحمه عليه انا ماعرف وين تروح فلوس تذكره الدخول اذا هذا مستوى المنتزه 👎 ...,Abha,حديقة,-1,-1,-1,,-1,-1,reviews_zenodo,,https://zenodo.org/records/16924532,static,,2026-09-13T06:19:18.696424+00:00,False
reviews_00188,حديقة أبو خيال,,دفعت 23 ريال للدخول واكتشفت ان الحديقة ماتتعدا عشر دقايق مشي بداخلها وكلها بوثات حسافة والله هالمبلغ خمسة ريال كثير عليها,Abha,حديقة,-1,,,,-1,-1,reviews_zenodo,,https://zenodo.org/records/16924532,static,,2026-09-13T06:19:18.696424+00:00,False
reviews_00189,حديقة أبو خيال,,لا يستحق رسوم الدخول ٢٣ ريال للشخص مافيها اي شي غير انارات فقط حتى الكراسي حديد الخدمات عندهم كل مره خايسه ومبالغ مرتفعه ما انصحكم تروحوه ابد استغلوا الناس في طبيعة ربي حسبي الله وكفى,Abha,حديقة,-1,,-1,,,-1,reviews_zenodo,,https://zenodo.org/records/16924532,static,,2026-09-13T06:19:18.696424+00:00,False
reviews_00190,حديقة أبو خيال,,مكان جميل لقضاء وقت ممتع مع عائلتك في الصيف خصوصا حيث الاجواء الطبيعية رائعة يوجد رسوم على الدخول حوالي ٢٥ ريال على الشخص ويوجد الكثير من الفعاليات بالداخل والمقاهي والمطاعم والجلسات,Abha,حديقة,0,,1,,1,1,reviews_zenodo,,https://zenodo.org/records/16924532,static,,2026-09-13T06:19:18.696424+00:00,False
reviews_00191,حديقة أبو خيال,,فرض رسوم مبالغ فيها مقابل لاشي الجلسات برسوم ...,Abha,حديقة,-1,,,,,-1,reviews_zenodo,,https://zenodo.org/records/16924532,static,,2026-09-13T06:19:18.696424+00:00,False
reviews_00192,حديقة أبو خيال,,المكان جيد للفرجه والتمشي والاستمتاع بالاجواء والاسواق داخل الحديقه .. ولكن اتمنى الغاء تذاكر الدخول,Abha,حديقة,,,1,,1,0,reviews_zenodo,,https://zenodo.org/records/16924532,static,,2026-09-13T06:19:18.696424+00:00,False
reviews_00193,حديقة أبو خيال,,سيئة جدا الدخول غالي ولت يوجد اي فعاليات فيه غير وحده تعزف على العود بدون غناء كانت تحربة سيئة وما راح تتكرر,Abha,حديقة,-1,,-1,,-1,-1,reviews_zenodo,,https://zenodo.org/records/16924532,static,,2026-09-13T06:19:18.696424+00:00,False
reviews_00194,حديقة أبو خيال,,الدخول غير مجاني كان الشخص ب 23 وممنوع تدخلي اي اكل او مشروبات معاكم,Abha,حديقة,-1,,,,,-1,reviews_zenodo,,https://zenodo.org/records/16924532,static,,2026-09-13T06:19:18.696424+00:00,False
reviews_00195,حديقة أبو خيال,,ما فيه شي يستاهل داخل الحديقة .. المفروض يخلون الدخول بدون رسوم لانها ما تستاهل,Abha,حديقة,-1,,-1,,-1,-1,reviews_zenodo,,https://zenodo.org/records/16924532,static,,2026-09-13T06:19:18.696424+00:00,False
reviews_00196,حديقة أبو خيال,,الحديقة مرتبة ونظيفة لكن يعيبها الدخول برسوم المبالغ فيه وكل شيء فيها برسوم بما فيها العاب ومراجيح الاطفال العادية .. لدرجة تظن حتى الجلسات فيها برسوم..لامانع من فرض الرسوم من أجل الاهتمام لكن يكون بالمعقول.. الأمر الآخر الذي لاحظته كثرت انتشار لعب القمار !!,Abha,حديقة,-1,1,,,1,0,reviews_zenodo,,https://zenodo.org/records/16924532,static,,2026-09-13T06:19:18.696424+00:00,False
reviews_00197,حديقة أبو خيال,,سيئ جدا دفع رسوم عاليه من غير اي مقابل. وممنوع دخول قهوتك لأجل الطلب من الداخل للفعاليات ولاخدمه,Abha,حديقة,-1,,,,-1,-1,reviews_zenodo,,https://zenodo.org/records/16924532,static,,2026-09-13T06:19:18.696424+00:00,False
reviews_00198,حديقة أبو خيال,,سيئة مزدحمه والدخول ب٢٣ ريال وكل شي غالي ولا يستاهل.. والله اي حديقة عامة افضل الف مره,Abha,حديقة,-1,,,,-1,-1,reviews_zenodo,,https://zenodo.org/records/16924532,static,,2026-09-13T06:19:18.696424+00:00,False
reviews_00199,حديقة أبو خيال,,مبالغة بسعر الدخول والعاب الاطفال برسوم برضو جوا الحديقه مرتبه ونظيفه لكن لا اكرر الزياره,Abha,حديقة,-1,1,,,0,-1,reviews_zenodo,,https://zenodo.org/records/16924532,static,,2026-09-13T06:19:18.696424+00:00,False
reviews_00200,حديقة أبو خيال,,الدخول غالي ولاتستحق الزياره والاكشاك واجد والسعر غالي,Abha,حديقة,-1,,,,-1,-1,reviews_zenodo,,https://zenodo.org/records/16924532,static,,2026-09-13T06:19:18.696424+00:00,False
reviews_00201,حديقة أبو خيال,,الدخول للشخص ب ٢٣ سعر مبالغ فيه مرره بالنسبه للحديقه مافيها اي شي يستاهل القعده برى الحديقه من اليسار او من تحت افضل ومجاني وملاهي نفس اللي داخل الحديقه اللي حاطين الدخول له ب ٥ ريال بعد للاطفال وهي زحاليق ومراجيح عاديه وموجود نفسها برى مجانيه ومنع القهوه والشاهي ماله اي مبرر تجربه سيئه للغايه كانت جلستنا برى احلى واجمل ومجانيه,Abha,حديقة,-1,,-1,,-1,-1,reviews_zenodo,,https://zenodo.org/records/16924532,static,,2026-09-13T06:19:18.696424+00:00,False
reviews_00202,حديقة أبو خيال,,ممشى عادي جدا جدا مافي شي مميز الا اشجار الجاكرندا اللي رحت لها بالاخير مالقيتها وسالت حارس الامن يقول انتهى موسمها وهذا التعليق الثالث عن ابها اللي اذكر فيه المواقف صعب جدا جدا تلقى موقف الا بطلعة الروح واذا تبي تسبق الناس تعال 3:30 لان الممشى يفتح 4 العصر,Abha,حديقة,,,-1,0,-1,-1,reviews_zenodo,,https://zenodo.org/records/16924532,static,,2026-09-13T06:19:18.696424+00:00,False
reviews_00203,حديقة أبو خيال,,حديقه جميله ولكن تذكرة الفرد ٢٣ ريال وهي غاليه بالنسبه لعائله كبيره,Abha,حديقة,-1,,,,1,0,reviews_zenodo,,https://zenodo.org/records/16924532,static,,2026-09-13T06:19:18.696424+00:00,False
reviews_00204,حديقة أبو خيال,,اتفه مكان ممكن تجيه في حياتك الدخول ب23 للشخص حتى قهوتك وشاهيك الله يعافيك كبهم وادخل واذا معك اكل جلسة عند الباب وادخل طيب ودك تتعشى بالليل لا م يدخل المطعم طيب فيه مطاعم جوا لا كل بطاطس جيزاني واحمد ربك استغلال بطريقة مستفزه ومضحكه بنفس ...,Abha,حديقة,-1,,-1,,-1,-1,reviews_zenodo,,https://zenodo.org/records/16924532,static,,2026-09-13T06:19:18.696424+00:00,False
reviews_00205,حديقة أبو خيال,,حديقة صغيرة جدا ما توقعتها بالصغر هذا ولا فيها اماكن للجلوس من كثر العالم اللي فيها وفوق ذا كلو ما يسمحون تدخل فرشه وقهوة يقولو ممنوع وكمان تدخل ب ٢٣ ريال ابدا ما تستاهل و حتى مكان العاب الاطفال جدا صغير ولافيه العاب كثير صراحه حرام فيها كل ريال,Abha,حديقة,-1,,-1,,-1,-1,reviews_zenodo,,https://zenodo.org/records/16924532,static,,2026-09-13T06:19:18.696424+00:00,False
reviews_00206,حديقة أبو خيال,,هي بالأساس حديقة عامة لكن أخذها مستثمر وصار الدخول بفلوس والجلسات بفلوس وصوت الأغاني مزعج جدا جدا غير أنه بعض الكشكات تشغل أغاني صوتها عالي، فيها كشكات كثيرة يعني ما تبلش من ناحية الأكل أنا أخذت من محل قهوة وكانت الأسعار مرتفعة وإذا ودك ...,Abha,حديقة,-1,,,,-1,-1,reviews_zenodo,,https://zenodo.org/records/16924532,static,,2026-09-13T06:19:18.696424+00:00,False
reviews_00207,حديقة أبو خيال,,الدخول برسوم قدرها ٢٣ ريال للشخص الحديقة عبارة عن طاولات و محلات لاتوجد جلسات أرضية و زحمه ما تستاهل تصف مع الزحمه و تدور موقف,Abha,حديقة,0,,-1,,-1,-1,reviews_zenodo,,https://zenodo.org/records/16924532,static,,2026-09-13T06:19:18.696424+00:00,False
reviews_00208,حديقة أبو خيال,,اول شي حرام تنحط نجمه بس عشان التعليق ثاني شي المنظمين اخلاقهم سيئه اذا انت مو متحمل الصغط اترك المكان لغيرك!! حرام حديقه بهذا الوسع يضيقونها بالاشياء اللي حاطينها !!كل شي ...,Abha,حديقة,,,-1,-1,1,-1,reviews_zenodo,,https://zenodo.org/records/16924532,static,,2026-09-13T06:19:18.696424+00:00,False
reviews_00209,حديقة أبو خيال,,مسؤول الاعلام (عبدالرحيم) يعني انا ما افهم كيف يتدخل بشؤون الزوار واهو مسؤول الاعلام وغير كذا اسلوبه وتعامله معنا مافيه اي احترام والله قهر ناس تعاملها بهالسوء وتتسمى بمسمى (مشرف),Abha,حديقة,,,,-1,,-1,reviews_zenodo,,https://zenodo.org/records/16924532,static,,2026-09-13T06:19:18.696424+00:00,False
reviews_00210,حديقة أبو خيال,,جميله ولكن كل شي فيها برسوم الدخول ب ٢٣ريال ملاهي الاطفال عاديه جدا ب ٥ ريال واذا تم خروج الطفل من منطقه الالعاب مايرجع يلعب ...,Abha,حديقة,-1,,,,1,-1,reviews_zenodo,,https://zenodo.org/records/16924532,static,,2026-09-13T06:19:18.696424+00:00,False
reviews_00211,حديقة أبو خيال,,الحديقة جميلة ومرتبة وفيها إطلالة حلوة ماشاءالله وتعامل الموظفات جيد لكن رسوم الدخول مرتفعة وللأسف لايوجد بها مصلى,Abha,حديقة,-1,,-1,1,1,0,reviews_zenodo,,https://zenodo.org/records/16924532,static,,2026-09-13T06:19:18.696424+00:00,False
reviews_00212,حديقة أبو خيال,,الاداره فاشله كل واحد منهم يرمي المشكله على الثاني حسب المزاج وكل له رائ على كيفه ناس تدخل بغراضها وناس تمنع حسب الواسطه,Abha,حديقة,,,,-1,,-1,reviews_zenodo,,https://zenodo.org/records/16924532,static,,2026-09-13T06:19:18.696424+00:00,False
reviews_00213,حديقة أبو خيال,,كنت قبل يومين بالحديقه كان الدخول ب 23 ريال للكبار وما دون 11 سنه مجانا وتم منع دخولنا بفرشة الجلوس رغم عدم وجود اماكن للجلوس بشكل كافي الجميع يبحث عن مكان ليجلس تنظيم غير موفق وقد ...,Abha,حديقة,0,,-1,,,-1,reviews_zenodo,,https://zenodo.org/records/16924532,static,,2026-09-13T06:19:18.696424+00:00,False
reviews_00214,حديقة أبو خيال,,حديقة قديمة ولكن لايزال لها شعبيتها وحبها وروقانها,Abha,حديقة,,,,,1,1,reviews_zenodo,,https://zenodo.org/records/16924532,static,,2026-09-13T06:19:18.696424+00:00,False
reviews_00215,حديقة أبو خيال,,السلام عليكم اليوم اول تجربة لدخول الحديقة وكانت غير مرضية للاسف والداتي من ذوي الاحتياجات الخاصة ولا يوجد مدخل للعربيات للدخول من عند البوابة واضطرت تنزل مع الدرج بعد ...,Abha,حديقة,,,-1,,,-1,reviews_zenodo,,https://zenodo.org/records/16924532,static,,2026-09-13T06:19:18.696424+00:00,False
reviews_00216,حديقة أبو خيال,,حديقة ابو الخيال روووعه ماشاءالله العيب فيه تنظيم الدخول سئ جدا جدا مافي تنظيم واسعار الماكولات مبالغ فيه جدا,Abha,حديقة,-1,,,-1,1,0,reviews_zenodo,,https://zenodo.org/records/16924532,static,,2026-09-13T06:19:18.696424+00:00,False
reviews_00217,حديقة أبو خيال,,يمنع الدخول بالماكولات والمشروبات والفرش وهو اصلا ماوفر اي شي منها للناس والدخول بفلوس والحمامات جدا قذرة,Abha,حديقة,-1,-1,-1,,,-1,reviews_zenodo,,https://zenodo.org/records/16924532,static,,2026-09-13T06:19:18.696424+00:00,False
reviews_00218,حديقة أبو خيال,,الحديقه مسكها مستثمر جديد وسار الدخول للكبار ب٢٣ والاطفال تحت١١ مجانا للأمانه ماعجبتني كل شي غالي نار الايسكريم الي فكل مكان ب٥ عندهم ب١٠ وصحن البطاطس المقليه ب٢٠ اسعار مبالغ فيها وماتدخل القهوه والشاي ولا الفرشات والجلسات قليله والاسعار ...,Abha,حديقة,-1,,-1,,-1,-1,reviews_zenodo,,https://zenodo.org/records/16924532,static,,2026-09-13T06:19:18.696424+00:00,False
reviews_00219,حديقة أبو خيال,,نزلت من جده زياره لأبها وازور أجمل مكان مريح فيها كما تعودت من قبل ولكن للأسف وصلنا وانتظرنا برا لين ٤ ونص وتفاجأت انه الدخول برسوم وانه ممنوع الاكل والشرب والفرشات ع اساس انه متوفر كراسي وجلسات ولكن للأسف من ٤ ونص إلى ٨ حاليا وانا ...,Abha,حديقة,-1,,-1,,1,-1,reviews_zenodo,,https://zenodo.org/records/16924532,static,,2026-09-13T06:19:18.696424+00:00,False
reviews_00220,حديقة أبو خيال,,سيئة تذكرة ب23 بدون اي فعالية فقط حديقة ونافورة ومسار دائري لاتستحق الزيارة,Abha,حديقة,-1,,-1,,-1,-1,reviews_zenodo,,https://zenodo.org/records/16924532,static,,2026-09-13T06:19:18.696424+00:00,False
reviews_00221,حديقة أبو خيال,,الدخول برسوم وممنوع تدخل شيء وما تلاقي مكان تجلس فيه الكراسي بعدد أصابع اليد تضطر تجلس شوية وتمشي,Abha,حديقة,-1,,-1,,-1,-1,reviews_zenodo,,https://zenodo.org/records/16924532,static,,2026-09-13T06:19:18.696424+00:00,False
reviews_00222,حديقة أبو خيال,,تجربه سيئة جدا جدا جدا اليوم كان الافتتاح قالوا الساعه 4 ونجلس برا اكثر من نص ساعه ولا فتحوا وتدخل وتلقى نص الاشياء مقفله لسى مافتحت وتدخل برسوم ويجي الفنان الساعه 9 وتدفع رسوم ثانيه او تطلع استغلال بشكل مو طبيعي,Abha,حديقة,-1,,,,-1,-1,reviews_zenodo,,https://zenodo.org/records/16924532,static,,2026-09-13T06:19:18.696424+00:00,False
reviews_00223,حديقة أبو خيال,,ممتازة ومكان جدا رائع وما زال تحت التطوير,Abha,حديقة,,,,,1,1,reviews_zenodo,,https://zenodo.org/records/16924532,static,,2026-09-13T06:19:18.696424+00:00,False
reviews_00224,حديقة أبو خيال,,الحديقة جميلة جدا جدا جدااااااا . واسعة وإطلالتها رائعة من مختلف الزوايا. ويوجد فيها أماكن كثيرة,Abha,حديقة,,,1,,1,1,reviews_zenodo,,https://zenodo.org/records/16924532,static,,2026-09-13T06:19:18.696424+00:00,False
reviews_00225,حديقة أبو خيال,,من اروع مارأت عيني احواء واشجار ومناظر ساحرة الجمال,Abha,حديقة,,,,,1,1,reviews_zenodo,,https://zenodo.org/records/16924532,static,,2026-09-13T06:19:18.696424+00:00,False
reviews_00226,حديقة أبو خيال,,مجرد أطلال حديقة فقط لا ترقى للتطلعات و بعيدة جدا عن المأمول,Abha,حديقة,,,,,0,-1,reviews_zenodo,,https://zenodo.org/records/16924532,static,,2026-09-13T06:19:18.696424+00:00,False
reviews_00227,حديقة أبو خيال,,لايوجد حديقة اما مغلقه او ازالوها ولكن يوجد جلسات ع الرصيف لاتستحق انك تتعنى عشانها فوجئت انه لايوجد حديقة ابو خيال المعروفه قبل سبع سنوات عندما كانت اجوائها ممتعه وحيوي ولايوجد خبر عن اغلاقها او ازالتها اتمنى اعادة ترميمها لنزورها مره قادمه,Abha,حديقة,,,,,-1,-1,reviews_zenodo,,https://zenodo.org/records/16924532,static,,2026-09-13T06:19:18.696424+00:00,False
reviews_00228,حديقة أبو خيال,,جميلة ولكنها تحتاج إلى مزيد من التحسينات وأن تكون نظيفة,Abha,حديقة,,-1,,,1,0,reviews_zenodo,,https://zenodo.org/records/16924532,static,,2026-09-13T06:19:18.696424+00:00,False
reviews_00229,حديقة أبو خيال,,المكان قذر الزوار يتركون زبايلهم وراهم، شوهوا المكان,Abha,حديقة,,-1,,,,-1,reviews_zenodo,,https://zenodo.org/records/16924532,static,,2026-09-13T06:19:18.696424+00:00,False
reviews_00230,حديقة أبو خيال,,من اجمل الحدائق في ابها للأسف النظافة صورية مع ان عدد العمال كثير والزوار الغير مهتمين بالنظافة اكثر كأنهم ينتقمون من الحديقة الأنجيلة تعج بالحشرات يجب الرش بالمبيدات وفرض غرامات على قذارة بعض الزوار.,Abha,حديقة,,-1,,,1,-1,reviews_zenodo,,https://zenodo.org/records/16924532,static,,2026-09-13T06:19:18.696424+00:00,False
reviews_00231,حديقة أبو خيال,,وصلناها ليلا ولم نرى شي سوى الانوار مع الأسف هي حديقة جميلة تغطيها الأشجار لكن لا يوجد بها أي فعاليات قالوا لنا احتمال يكون فيها يوم الاثنين مع الأسف رح يكون موعد سفرنا نتمنى في الأعوام القادمه تفادي هذا,Abha,حديقة,,,-1,,1,-1,reviews_zenodo,,https://zenodo.org/records/16924532,static,,2026-09-13T06:19:18.696424+00:00,False
reviews_00232,حديقة أبو خيال,,حديقة جميلة بس ياليت يكون فيه اهتمام من الزوار في النظافة,Abha,حديقة,,-1,,,1,0,reviews_zenodo,,https://zenodo.org/records/16924532,static,,2026-09-13T06:19:18.696424+00:00,False
reviews_00233,حديقة أبو خيال,,زحمة + لا توجد خدمات + صيانة للموقع وقت الاصطياف ؟؟؟؟,Abha,حديقة,,,-1,,,-1,reviews_zenodo,,https://zenodo.org/records/16924532,static,,2026-09-13T06:19:18.696424+00:00,False
reviews_00234,حديقة أبو خيال,,منطقة جيدة حيث يمكنك اصطحاب الأطفال للعب والراحة.,Abha,حديقة,,,1,,0,0,reviews_zenodo,,https://zenodo.org/records/16924532,static,,2026-09-13T06:19:18.696424+00:00,False
reviews_00235,حديقة أبو خيال,,جميييله ونظيفه,Abha,حديقة,,1,,,1,,reviews_zenodo,,https://zenodo.org/records/16924532,static,,2026-09-13T06:19:18.696424+00:00,False
reviews_00236,حديقة أبو خيال,,من أجمل الحدائق في ابها مستحيل نزور ابها ومانزورها,Abha,حديقة,,,,,1,1,reviews_zenodo,,https://zenodo.org/records/16924532,static,,2026-09-13T06:19:18.696424+00:00,False
reviews_00237,حديقة أبو خيال,,سعر جيد ونظيف وبأسعار معقولة.,Abha,حديقة,1,1,,,,,reviews_zenodo,,https://zenodo.org/records/16924532,static,,2026-09-13T06:19:18.696424+00:00,False
reviews_00238,حديقة أبو خيال,,نظيفه هادئه منظمه الأجواء فيها لطيفه,Abha,حديقة,,1,,,1,1,reviews_zenodo,,https://zenodo.org/records/16924532,static,,2026-09-13T06:19:18.696424+00:00,False
reviews_00239,حديقة أبو خيال,,زرتها قبل سنتين وزرتها اليوم بصراحه انصدمت كانت مغلقه على حسب كلام الحارس للصيانه وجلسنا في الحديقه المقابله للكوفي تضايقنا من بقايا الاكل المرميه والذباب ....وطلعنا منها بصراحه تحتاج لااكثر من الصيانه تشذيب الاشجار وزراعه الاماكن الفاضيه ...,Abha,حديقة,,-1,-1,,,-1,reviews_zenodo,,https://zenodo.org/records/16924532,static,,2026-09-13T06:19:18.696424+00:00,False
reviews_00240,حديقة أبو خيال,,ممتازه بس مافي تطوير يفرق نفس ماهي ودائما المشكلة المواقف,Abha,حديقة,,,-1,,1,1,reviews_zenodo,,https://zenodo.org/records/16924532,static,,2026-09-13T06:19:18.696424+00:00,False
reviews_00241,حديقة أبو خيال,,ماحبيتها نظافه تحت صفر,Abha,حديقة,,-1,,,,-1,reviews_zenodo,,https://zenodo.org/records/16924532,static,,2026-09-13T06:19:18.696424+00:00,False
reviews_00242,حديقة أبو خيال,,المكان حلو مررره بس زحمه حيلل🥲 ...,Abha,حديقة,,,,,1,-1,reviews_zenodo,,https://zenodo.org/records/16924532,static,,2026-09-13T06:19:18.696424+00:00,False
reviews_00243,حديقة أبو خيال,,حديقه حلوه وقريب منها الكافيهات يوجد بها ملاهي اطفال .. الدخول مجاني .,Abha,حديقة,,,1,,1,1,reviews_zenodo,,https://zenodo.org/records/16924532,static,,2026-09-13T06:19:18.696424+00:00,False
reviews_00244,حديقة أبو خيال,,رائعه لكن النظافه سيئيه,Abha,حديقة,,-1,,,1,0,reviews_zenodo,,https://zenodo.org/records/16924532,static,,2026-09-13T06:19:18.696424+00:00,False
reviews_00245,حديقة أبو خيال,,حديقة جميله ورائعه لكن دورات المياه كانت 😷 👎🏻👎🏻 ...,Abha,حديقة,,-1,,,1,0,reviews_zenodo,,https://zenodo.org/records/16924532,static,,2026-09-13T06:19:18.696424+00:00,False
reviews_00246,حديقة أبو خيال,,يحتاج لهاعنابه واهتمام وتنظبف االحمامات علما ان الموقع ممتاز من جمال الطبيعه ومنظر جميل,Abha,حديقة,,-1,-1,,1,0,reviews_zenodo,,https://zenodo.org/records/16924532,static,,2026-09-13T06:19:18.696424+00:00,False
reviews_00247,حديقة أبو خيال,,حديقة صغيرة، وفيها ألعاب للأطفال.,Abha,حديقة,,,1,,0,,reviews_zenodo,,https://zenodo.org/records/16924532,static,,2026-09-13T06:19:18.696424+00:00,False
reviews_00248,حديقة أبو خيال,,حديقة جميله ومرتبه مشكلتها الزحمه ممكن عشان إني جايها في الصيفيه,Abha,حديقة,,,,,1,-1,reviews_zenodo,,https://zenodo.org/records/16924532,static,,2026-09-13T06:19:18.696424+00:00,False
reviews_00249,حديقة أبو خيال,,سيء لا مكان زين ولا اكل زين,Abha,حديقة,,,,,-1,-1,reviews_zenodo,,https://zenodo.org/records/16924532,static,,2026-09-13T06:19:18.696424+00:00,False
reviews_00250,حديقة أبو خيال,,لا أعرف ماذا أقول للرجل المسؤول تعالوا من فضلكم وانظروا بأعينكم حجم القمامة والنفايات,Abha,حديقة,,-1,,,,-1,reviews_zenodo,,https://zenodo.org/records/16924532,static,,2026-09-13T06:19:18.696424+00:00,False
reviews_00251,حديقة أبو خيال,,ساحرة وجمييلة جيبوا فرشتكم وقدركم واحلى كشتة,Abha,حديقة,,,,,1,1,reviews_zenodo,,https://zenodo.org/records/16924532,static,,2026-09-13T06:19:18.696424+00:00,False
reviews_00252,حديقة أبو خيال,,الحديقة جميلة والمسطحات الخضراء تزهوها جمالا الاشجار العالية الاجواء والمناظر التي تطل عليها خيال تجربة لاتنسى كانت جميلة وحتما ستعاد,Abha,حديقة,,,,,1,1,reviews_zenodo,,https://zenodo.org/records/16924532,static,,2026-09-13T06:19:18.696424+00:00,False
reviews_00253,حديقة أبو خيال,,حديقه اقل من عاديه وزحمه على الفاضي,Abha,حديقة,,,,,-1,-1,reviews_zenodo,,https://zenodo.org/records/16924532,static,,2026-09-13T06:19:18.696424+00:00,False
reviews_00254,حديقة أبو خيال,,تنظيم راااااائع ويحتاج الى اهتمام في النظافه,Abha,حديقة,,-1,,1,,0,reviews_zenodo,,https://zenodo.org/records/16924532,static,,2026-09-13T06:19:18.696424+00:00,False
reviews_00255,حديقة أبو خيال,,جميلة وتحتاج التركيز على النظافة اكثر,Abha,حديقة,,-1,,,1,,reviews_zenodo,,https://zenodo.org/records/16924532,static,,2026-09-13T06:19:18.696424+00:00,False
reviews_00256,حديقة أبو خيال,,جيده تحتاج اهتمام وخاصه دورات المياه,Abha,حديقة,,-1,,,1,,reviews_zenodo,,https://zenodo.org/records/16924532,static,,2026-09-13T06:19:18.696424+00:00,False
reviews_00257,حديقة أبو خيال,,حديقه حلوه وفيها كل شي وتشرح الصدر بس افضل تروحونها بالنهار انا عني احب النهار اكثر،وفيه جسر بينها وبين المدينه العاليه تروحون مشي,Abha,حديقة,,,1,,1,1,reviews_zenodo,,https://zenodo.org/records/16924532,static,,2026-09-13T06:19:18.696424+00:00,False
reviews_00258,حديقة أبو خيال,,حديقه عامه جميله وفيها العاب اطفال جميله اجوائها حلوه وفيها مجموعه أشجار كبيره يتضلل الناس بضلها وفيها كفي ومطعم أيضا جميله مع غلاء بسيط في الأسعار,Abha,حديقة,-1,,1,,1,1,reviews_zenodo,,https://zenodo.org/records/16924532,static,,2026-09-13T06:19:18.696424+00:00,False
reviews_00259,حديقة أبو خيال,,ماشاء الله تبارك الله كبيرة جميلة مرتبة لكن السماد في كل مكان,Abha,حديقة,,-1,,,1,1,reviews_zenodo,,https://zenodo.org/records/16924532,static,,2026-09-13T06:19:18.696424+00:00,False
reviews_00260,حديقة أبو خيال,,طبيعه مدهشة وهدوء موقع متميز جدا,Abha,حديقة,,,,,1,1,reviews_zenodo,,https://zenodo.org/records/16924532,static,,2026-09-13T06:19:18.696424+00:00,False
reviews_00261,حديقة أبو خيال,,لا انصح بها زحمه وليست كبيره ويوجد افضل منها بكثير,Abha,حديقة,,,,,-1,-1,reviews_zenodo,,https://zenodo.org/records/16924532,static,,2026-09-13T06:19:18.696424+00:00,False
reviews_00262,حديقة أبو خيال,,جمال المكان وروعة الجوو,Abha,حديقة,,,,,1,1,reviews_zenodo,,https://zenodo.org/records/16924532,static,,2026-09-13T06:19:18.696424+00:00,False
reviews_00263,حديقة أبو خيال,,جميلة ، وتحتاج إلى تنظيف مستمر نظرا لكثرة الزوار ، وكذلك تحتاج إلى زيادة كشكات المطاعم والكافيهات بشكل منظم,Abha,حديقة,,-1,-1,,1,1,reviews_zenodo,,https://zenodo.org/records/16924532,static,,2026-09-13T06:19:18.696424+00:00,False
reviews_00264,حديقة أبو خيال,,مافي نظافه ولا خدمات,Abha,حديقة,,-1,-1,,,-1,reviews_zenodo,,https://zenodo.org/records/16924532,static,,2026-09-13T06:19:18.696424+00:00,False
reviews_00265,حديقة أبو خيال,,مره جميله و أجواءها أبها تحليها لكن حمامات بعيده شوي يبغالكم تنزلون و تطلعون,Abha,حديقة,,,-1,,1,,reviews_zenodo,,https://zenodo.org/records/16924532,static,,2026-09-13T06:19:18.696424+00:00,False
reviews_00266,حديقة أبو خيال,,حديقة ممتازة للتنزه,Abha,حديقة,,,,,1,1,reviews_zenodo,,https://zenodo.org/records/16924532,static,,2026-09-13T06:19:18.696424+00:00,False
reviews_00267,حديقة أبو خيال,,من أفضل الحدائق في أبها,Abha,حديقة,,,,,1,1,reviews_zenodo,,https://zenodo.org/records/16924532,static,,2026-09-13T06:19:18.696424+00:00,False
reviews_00268,حديقة أبو خيال,,ابوالخيال مكان عائلي ممتاز,Abha,حديقة,,,,,1,1,reviews_zenodo,,https://zenodo.org/records/16924532,static,,2026-09-13T06:19:18.696424+00:00,False
reviews_00269,حديقة أبو خيال,,لم استطع زيارة الحديقة لعدم وجود موقف للسيارة لعدم توفر مواقف كافية,Abha,حديقة,,,-1,,,-1,reviews_zenodo,,https://zenodo.org/records/16924532,static,,2026-09-13T06:19:18.696424+00:00,False
reviews_00270,حديقة أبو خيال,,تجنن كللها اشجار وفيها ورود,Abha,حديقة,,,,,1,1,reviews_zenodo,,https://zenodo.org/records/16924532,static,,2026-09-13T06:19:18.696424+00:00,False
reviews_00271,حديقة أبو خيال,,ما تستحق الزيارة تغيرت كثير عن اول وانهجرت للاسف والاهتمام فيها قل كثيييررررر من ناحية النظافة والتشجير والخدمات,Abha,حديقة,,-1,-1,,-1,-1,reviews_zenodo,,https://zenodo.org/records/16924532,static,,2026-09-13T06:19:18.696424+00:00,False
reviews_00272,حديقة أبو خيال,,قيمتهم ٤ نجمات بس عشان دورات المياه خايس مره,Abha,حديقة,,-1,,,,0,reviews_zenodo,,https://zenodo.org/records/16924532,static,,2026-09-13T06:19:18.696424+00:00,False
reviews_00273,حديقة أبو خيال,,جميله وحلوه ونظيفه بس الزحمه وزحمة المواقف تعيبها,Abha,حديقة,,1,-1,,1,,reviews_zenodo,,https://zenodo.org/records/16924532,static,,2026-09-13T06:19:18.696424+00:00,False
reviews_00274,حديقة أبو خيال,,الحديقة كبيرة وجيه ع المدرجات لكنها مرره ضلاام ومافي كرااسي وكلوو درج كان معانا عربيات اطفال وكبار سن ماقدرنا تعب مع الدرج فخرجنا .. بالاضافة ان المسجد اللي قدلمها الصغير يحتاجلو عناية اكثرر ويفتحو مصلى النساء,Abha,حديقة,,,-1,,,-1,reviews_zenodo,,https://zenodo.org/records/16924532,static,,2026-09-13T06:19:18.696424+00:00,False
reviews_00275,حديقة أبو خيال,,ليست على سمعتها ولا على زحمتها لا اكرر الزياره لاتستحق.,Abha,حديقة,,,,,-1,-1,reviews_zenodo,,https://zenodo.org/records/16924532,static,,2026-09-13T06:19:18.696424+00:00,False
reviews_00276,حديقة أبو خيال,,جلسات رائعة وظل تحت الأشجار مع استمرار الضباب في بعض الأحيان وينفع جلسات عائلية. وشباب,Abha,حديقة,,,,,1,1,reviews_zenodo,,https://zenodo.org/records/16924532,static,,2026-09-13T06:19:18.696424+00:00,False
reviews_00277,حديقة أبو خيال,,منتزة ابو خيال اسم على مسمى مسطحات خضراء على شكل مدرجات ملاهي اطفال دورات مياه مقاهي قريبة من الموقع مواقف مسجد والمساحات جميلة نظيفة يوجد جلسات وكراسي جلوس كانت الزيارة في اجازة الصيف وكانت بعد الفجر,Abha,حديقة,,,1,,1,1,reviews_zenodo,,https://zenodo.org/records/16924532,static,,2026-09-13T06:19:18.696424+00:00,False
reviews_00278,مزرعة الريف,,المكان بشكل عام رائع، وفيه عدة فعاليات، سواء عندهم، أو عند المجاورين لهم هم يفتحون على فترتين ...,Taif,حديقة,,,1,,1,1,reviews_zenodo,,https://zenodo.org/records/16924532,static,,2026-09-13T06:19:18.696424+00:00,False
reviews_00279,مزرعة الريف,,المكان جميل جدا ومناسب للعائلات الجلسات متوفرة في كل مكان والألعاب أيضآ خيارات المطاعم محدودة ولكنها جيدة، اللي يضايق ممنوع دخول القهوة والشاي معك يميزها حديقة الطيور والجسر المعلق ...,Taif,حديقة,,,1,,1,1,reviews_zenodo,,https://zenodo.org/records/16924532,static,,2026-09-13T06:19:18.696424+00:00,False
reviews_00280,مزرعة الريف,,المكان كبير جدا ، اتوقع بأن يكون احد افضل الوجهات السياحية مستقبلا باذن الله المكان يوجد به مزرعة ، العاب للأطفال ، حديقة الطيور ، حديقة الفراشات,Taif,حديقة,,,1,,1,1,reviews_zenodo,,https://zenodo.org/records/16924532,static,,2026-09-13T06:19:18.696424+00:00,False
reviews_00281,مزرعة الريف,,مكان جدا جميل، مناسب للاطفال والكبار ومختلف الأعمار، فيه كثير أنشطة وفعاليات، نافورة جميلة، جلسات متنوعه في قلب الطبيعة، كافيهات ومطاعم. الأسعار في المتناول. دخول كل عائله ب ٢٠. أنصحك بزيارته وبكرر زياتي له,Taif,حديقة,1,,1,,1,,reviews_zenodo,,https://zenodo.org/records/16924532,static,,2026-09-13T06:19:18.696424+00:00,False
reviews_00282,مزرعة الريف,,اول مره ازور المكان مره متحمسه ماشاءالله المكان كبير وواسع ، تذاكر دخول العائله ٢٠ ريال اول م دخلت مزرعه وورود والوان تفتح النفس المكان مره حلو جلسات متنوعه ع المزرعه وع بحيره وفيه بعضها برسوم بالساعه ٦٠ وجسر ع المزرعه الأجواء رائعه,Taif,حديقة,,,1,,1,1,reviews_zenodo,,https://zenodo.org/records/16924532,static,,2026-09-13T06:19:18.696424+00:00,False
reviews_00283,مزرعة الريف,,ماشاء الله ماتوقعتها كذا جميله وممتعه واتمنى بعد كل سنه نشوف شي جديد متنوعه حيل والزرع فيه مريح وممتع المكان ونظافه ممتازه والعاملين كثير ومتعاونين 👍🏻✨ متوفر فيها مطعم كافيهات وجلسات بكل مكان ...,Taif,حديقة,,1,1,1,1,1,reviews_zenodo,,https://zenodo.org/records/16924532,static,,2026-09-13T06:19:18.696424+00:00,False
reviews_00284,مزرعة الريف,,مزرعة الريف تقع على طريق الشفا بمدينة الطائف خلف منتزه الحدبان . المزرعة جميلة برسوم دخول 20 ريال لعائلة مؤلفة من 5 أشخاص تتوفر كافيه صغيرة بمكان مرتفع يحتوي على جلسات مغلقة و مفتوحة ولكن محدودة ويتوفر بجانبها شلال صغير وكذلك بحيرة صغيرة,Taif,حديقة,,,1,,1,,reviews_zenodo,,https://zenodo.org/records/16924532,static,,2026-09-13T06:19:18.696424+00:00,False
reviews_00285,مزرعة الريف,,زيارة جميلة للمكان ومناسب للعوائل سعر الدخول معقول. اما من ناحية الفعاليات الأسعار مبالغ فيه شوي. مزدحم جدا بإجازة الصيف في الفترة المسائية,Taif,حديقة,0,,,,1,0,reviews_zenodo,,https://zenodo.org/records/16924532,static,,2026-09-13T06:19:18.696424+00:00,False
reviews_00286,مزرعة الريف,,رائعة بما تعنيه الكلمة وجهة عائلية ممتعة ، التنسيق والتخطيط فيها رائع فيها عدة مناطق كلها تحتوي جلسات متنوعة وكافيهات,Taif,حديقة,,,1,,1,1,reviews_zenodo,,https://zenodo.org/records/16924532,static,,2026-09-13T06:19:18.696424+00:00,False
reviews_00287,مزرعة الريف,,كل شي فيها يجنن حقيقي مهتمين بكل صغيره وكبيره للمكان مهتمين ب ابسط ابسط التفاصيل من نظافه واهتمام .. ال جلسات لكل الرغبات شعبيه وحديثه وطاولات وجلسات ارضيه .. ...,Taif,حديقة,,1,1,,1,1,reviews_zenodo,,https://zenodo.org/records/16924532,static,,2026-09-13T06:19:18.696424+00:00,False
reviews_00288,مزرعة الريف,,نجمتين فقط عشان المكان فعلا أنيق وجميل كمنظر وفرجة لكنه سيء جدا جدا كإدارة، ولن أوصي بالمكان ولن أكرر الزيارة حتى تتغير طريقة إدارتهم. ...,Taif,حديقة,,,,-1,1,0,reviews_zenodo,,https://zenodo.org/records/16924532,static,,2026-09-13T06:19:18.696424+00:00,False
reviews_00289,مزرعة الريف,,مررة حبييت المكان😍جلسات متنوعة و أجواء جميلة وفيه جزء من المنتزه فيه حيوانات و طيور..وفي جهة باقي تحت الإنشاء. بس اتمنى يهتموا بنظافة الحمامات وعددها لتخدم المنتزه كامل ف عدة جهات ، و يوفروا مصلى,Taif,حديقة,,-1,0,,1,,reviews_zenodo,,https://zenodo.org/records/16924532,static,,2026-09-13T06:19:18.696424+00:00,False
reviews_00290,مزرعة الريف,,منطقة جميلة لجلسات العائلات في قلب الطبيعة للاستمتاع بالجلسة في قلب الجبل كما يوجد فيها مزرعة مصغرة لبعض الحيونات يمكن للأولاد الاستمتاع بالدخول عليها برسوم كما يوجد فيها العاب هوائية مثل الدراجة الهوائية والجسر المعلق كذلك برسوم,Taif,حديقة,,,1,,1,1,reviews_zenodo,,https://zenodo.org/records/16924532,static,,2026-09-13T06:19:18.696424+00:00,False
reviews_00291,مزرعة الريف,,المكان جميل ومرتب في ملاهي وكافيهات ومنتجات الورد الطائفي وجلسات متنوعه وحديقة عصافير واكثر شي اعجبني جميع الطرق مسهله لاستخدام العربات والكراسي المتحركه ، بالنسبه للفراشات مغلقة وايضا الفراوله مغلقه ...,Taif,حديقة,,,1,,1,1,reviews_zenodo,,https://zenodo.org/records/16924532,static,,2026-09-13T06:19:18.696424+00:00,False
reviews_00292,مزرعة الريف,,الصراحه المكان جدا حلو وعائلي واهم شي بدون رسوم دخول جدا رائع وواسع ومهتمين جدا اعجبني تنظيم الجلسات وعددها كثير ماشاءالله رحت بالصباح وكان الجو حلو واستمتعت جدا الحمدلله وطلبنا فطور وخدمتهم جدا ممتازه وسريعه الله يبارك لهم,Taif,حديقة,1,,1,1,1,1,reviews_zenodo,,https://zenodo.org/records/16924532,static,,2026-09-13T06:19:18.696424+00:00,False
reviews_00293,مزرعة الريف,,جميلة المزرعة 🍃 ومناسب للعوائل والاطفال ومتنوع الفعاليات يوجد كوفي ومطعم والعاب للاطفال والكبار ...,Taif,حديقة,,,1,,1,,reviews_zenodo,,https://zenodo.org/records/16924532,static,,2026-09-13T06:19:18.696424+00:00,False
reviews_00294,مزرعة الريف,,مكان جميل جدا وهادئ رسوم دخول العائلة ٢٠ ريال حديقة الحيوان لها رسوم غير عن رسوم الدخول مااعرف كم لاني مادخلت المكان جدا جميل وواضح الاهتمام فيه بشكل كبير,Taif,حديقة,0,,1,,1,1,reviews_zenodo,,https://zenodo.org/records/16924532,static,,2026-09-13T06:19:18.696424+00:00,False
reviews_00295,مزرعة الريف,,لاانصح ب زيارة المكان في الوقت الحالي لان فيها تعديلات وأعمال كثيره أتوقع ان أصحابها يرغبون في تحسين وضعها للأفضل الدخول ٢٠ ...,Taif,حديقة,,,,,-1,-1,reviews_zenodo,,https://zenodo.org/records/16924532,static,,2026-09-13T06:19:18.696424+00:00,False
reviews_00296,مزرعة الريف,,مكان جميل يشكرون القائمون عليه متوافر فيه لعبة الزبلاين والجسر وجلسات مرتبة كوفي غابة للطيور بتذاكر بشكل عام جميلة واستمعتنا 👍 ...,Taif,حديقة,,,1,,1,1,reviews_zenodo,,https://zenodo.org/records/16924532,static,,2026-09-13T06:19:18.696424+00:00,False
reviews_00297,مزرعة الريف,,بصراحه زياره كانت رائعة رحنا الصباح الفطور جميل بس فيه سلبيات بسيطه الحمام يحتاج له تنظيف والماطور فجاه اشتغل وصار ازعاج واحنا نفطر المفروض يكون بعيد كنا نبي هدوء مع الجلسه وخرب علينا الصوت,Taif,حديقة,,-1,0,,1,0,reviews_zenodo,,https://zenodo.org/records/16924532,static,,2026-09-13T06:19:18.696424+00:00,False
reviews_00298,مزرعة الريف,,انا دخلتو قبل كم سنه قبل التغير بس ماشاءالله جميل وفي كل شي كافيهات وبسطات ومحمية طيور ورا ح يفكو محمية فراوله,Taif,حديقة,,,1,,1,1,reviews_zenodo,,https://zenodo.org/records/16924532,static,,2026-09-13T06:19:18.696424+00:00,False
reviews_00299,مزرعة الريف,,تجنن من اجمل الاماكن في العالم المكان واسع ونظيف والمناظر خلابة غابة الطيور خياااال والجسر المعلق والجلسات كل شيء ينطق جمالا وروعة,Taif,حديقة,,1,1,,1,1,reviews_zenodo,,https://zenodo.org/records/16924532,static,,2026-09-13T06:19:18.696424+00:00,False
reviews_00300,مزرعة الريف,,مزرعة الريف الشفا راايقه وجميله رحتها وكان فيها جزء كبير اصلاحات وتطوير دخول العائلة ب٢٠ بس من رأيي بما ان بالداخل كل قسم له رسوم دخول فماله داعي رسوم الدخول الاولى عموما المزرعه تجنن ماشاء الله ومتحمسه ازورها بعد التطوير دخلت حديقة الطيور ماشاء الله رووعه طيور منوعه اجملها الببغاء المتكلم ويعطوكم اكل تأكلون الطيور مكان ممتع,Taif,حديقة,-1,,1,,1,1,reviews_zenodo,,https://zenodo.org/records/16924532,static,,2026-09-13T06:19:18.696424+00:00,False
reviews_00301,مزرعة الريف,,جميله ولكن استغلال عيني عينك كل فعاليه بفلوس والدخول بفلوس,Taif,حديقة,-1,,,,1,,reviews_zenodo,,https://zenodo.org/records/16924532,static,,2026-09-13T06:19:18.696424+00:00,False
reviews_00302,مزرعة الريف,,ممتازه جدا اجواء حلوه فيها وأسعار مناسبة جدا وزيارة ممتعة لي ولأبنائي استمتعنا بها كثيرا وخاصة جولة مع الحيوانات وطيور الببغاء تجربة رائعة كذلك الجسر المعلق جميل ننصحكم بزيارتها,Taif,حديقة,,,1,,1,1,reviews_zenodo,,https://zenodo.org/records/16924532,static,,2026-09-13T06:19:18.696424+00:00,False
reviews_00303,مزرعة الريف,,مكان جميل للنزهه تم انشائه حديثا وسط مزرعه لم يكتمل بصفه كامله ولكن اتوقع مع بداية الصيف سيكون مكتمل وخاصة الكافيه العلوي المطل على المزرعه,Taif,حديقة,,,0,,1,0,reviews_zenodo,,https://zenodo.org/records/16924532,static,,2026-09-13T06:19:18.696424+00:00,False
reviews_00304,مزرعة الريف,,انصصححح فيه افضل مكان بالطايف رحنا له بشهر سبتمبر توفقنا الحمدلله بالوقت المكان فيه سكن اسعاره مناسبه جدا وحديقة تبع السكن,Taif,حديقة,1,,,,1,1,reviews_zenodo,,https://zenodo.org/records/16924532,static,,2026-09-13T06:19:18.696424+00:00,False
reviews_00305,مزرعة الريف,,تذكرة الدخول ٢٠ ريال للعائلة موقع ممتاز جدا ويستحق الزيارة و فيها جلسات و مطاعم بوليفارد القمر و كوفي ٨٨ ممتاز جدا وفيها الجسر المعلق,Taif,حديقة,,,1,,1,1,reviews_zenodo,,https://zenodo.org/records/16924532,static,,2026-09-13T06:19:18.696424+00:00,False
reviews_00306,مزرعة الريف,,ماقصروا الي عقبوا بتفاصيل شاملة وكاملة وصور، فقط اضيف أنه المكان الجميل ده وعلى غير العادة يفضل زيارته في جو صحو مو غيم وبالنهار عشن تستمعوا بكل لحظة وفي كل ركن، التذاكر سعرها متوسط ومعقول الاكشاك والمشروبات متوفرة، المكان متعوب عليه والتعب ده اثمر أننا نقيمه تقييم عالي مع الشكر... لا تتردوا في الزيارة أبدا,Taif,حديقة,0,,,,1,1,reviews_zenodo,,https://zenodo.org/records/16924532,static,,2026-09-13T06:19:18.696424+00:00,False
reviews_00307,مزرعة الريف,,المكان حلو ويستاهل حق تمشي وتصوير والدخول كان سعره حلو ب 20 يشكر صاحب المكان على هذا الجهد,Taif,حديقة,,,,,1,1,reviews_zenodo,,https://zenodo.org/records/16924532,static,,2026-09-13T06:19:18.696424+00:00,False
reviews_00308,مزرعة الريف,,ماشاء اللہ .. تبارك الرحمن .. جمال و اجواء و خدمات كل شيء لاقوة الا بالله متنفس رائع واسعار الدخول و الخدمات معقوله بارك الله في القائمين عليها المكان مزدحم لم استطع التصوير .,Taif,حديقة,0,,,1,1,1,reviews_zenodo,,https://zenodo.org/records/16924532,static,,2026-09-13T06:19:18.696424+00:00,False
reviews_00309,مزرعة الريف,,مزرعة الريف من مسماها مستوحى من القرى السياحية المنتشرة في كثير من الدول ذات الأسعار المعقولة والتي نخصص لها يوما في سفرياتنا خارج المملكة والان نستطيع في اي وقت الذهاب والعودة دون تكلفة باهظة فقد سبقني كل من زار بذكرالإيجابيات والسلبيات ...,Taif,حديقة,1,,,,1,1,reviews_zenodo,,https://zenodo.org/records/16924532,static,,2026-09-13T06:19:18.696424+00:00,False
reviews_00310,مزرعة الريف,,مزرعه جميلة جدا خاصة كوفى 88 جلساته جميله وتعطى جو من الاسترخاء انصح بها خاصة للعوائل يعيبها عدم وجود مواقف,Taif,حديقة,,,0,,1,0,reviews_zenodo,,https://zenodo.org/records/16924532,static,,2026-09-13T06:19:18.696424+00:00,False
reviews_00311,مزرعة الريف,,منتزه جميل جدا وعائلي خلف ألعاب الحدبان على طريق الشفا.. به حديقة طيور صغيرة وفراشات. وممشى معلق و مسار دراجة معلق أيضا و خيول وحديقة فراولة وكافيه وجلسات جميلة.. مناسب للعوائل والأطفال,Taif,حديقة,,,1,,1,1,reviews_zenodo,,https://zenodo.org/records/16924532,static,,2026-09-13T06:19:18.696424+00:00,False
reviews_00312,مزرعة الريف,,ترتيب نظافة اطلاله يوجد بها جلسات كوفي متعدده بها جسر معلق جميييل واسطبل خيول تعيشون أجواء كامله وفيها مكان لطيور متنوعه وكذالك فراشات متنوعه شوفو الصور واحكمو الدخول بسعر رمزي يشكرووون من القلب على كل شيء,Taif,حديقة,1,1,1,,1,1,reviews_zenodo,,https://zenodo.org/records/16924532,static,,2026-09-13T06:19:18.696424+00:00,False
reviews_00313,مزرعة الريف,,مزرعه الريف جلساتهم حلوه ومناسب للشتاء اكثر بس مافيه تنظيم عشوائي حسيت المكان متاهه اكثر من انه مزرعه ينقصه اهتمام واضاءه ولوحات,Taif,حديقة,,,0,,1,1,reviews_zenodo,,https://zenodo.org/records/16924532,static,,2026-09-13T06:19:18.696424+00:00,False
reviews_00314,مزرعة الريف,,مكان جميل فيه فعاليات منوعة مزرعة فراولة الدخول ٢٥ ريال تقطف الفراولة بنفسك ودخول المنتزة رسوم ٢٠ ريال للجميع يوجد ممشى على الجسر زجاج وخشب ودراجة,Taif,حديقة,1,,1,,1,1,reviews_zenodo,,https://zenodo.org/records/16924532,static,,2026-09-13T06:19:18.696424+00:00,False
reviews_00315,مزرعة الريف,,المزرعة جمييل ورايقة بشكل ما تتوقعونه وتستاهل العنوه للأمانة طبعا الدخول للعوائل يعني انت وزوجتك ب 20ریال أما اذا عزاب للشخص 20ریال و دخول محمية الطيور للشخص ب 10ریال و الجسر المعلق للشخص ب 25ریال وركوب الخيل ياخذ على كل دورتين 10ریال. للأمانة المزرعة جمييل مرة بس شوي مبالغين في اسعارهم وبس.,Taif,حديقة,-1,,1,,1,,reviews_zenodo,,https://zenodo.org/records/16924532,static,,2026-09-13T06:19:18.696424+00:00,False
reviews_00316,مزرعة الريف,,مكان جميل جدا انصح بزيارته . الدخول 20 ريال للعائلة . يوجد بداخله اكشاك شاي وايسكريم وبطاطس و مقهى مصلى دورات مياه نظيفه . ...,Taif,حديقة,1,1,1,,1,,reviews_zenodo,,https://zenodo.org/records/16924532,static,,2026-09-13T06:19:18.696424+00:00,False
reviews_00317,مزرعة الريف,,مكان جميل جدا ووجبة الافطار مميزة المكان نظيف والخدمة ممتازة,Taif,حديقة,,1,,1,1,,reviews_zenodo,,https://zenodo.org/records/16924532,static,,2026-09-13T06:19:18.696424+00:00,False
reviews_00318,مزرعة الريف,,مكان جدا جميل ورائع ورايق بمعنى الكلمه حبيته بصراحه ويستحق الزياره مره اخرى جلساته كثيره ومنوعه ...,Taif,حديقة,,,1,,1,1,reviews_zenodo,,https://zenodo.org/records/16924532,static,,2026-09-13T06:19:18.696424+00:00,False
reviews_00319,مزرعة الريف,,مزرعة جميلة ذات مساحات واسعة ومناطق متنوعة ومختلفة ويوجد بداخلها عدة حدائق صغيرة كحديقة الطيور وحديقة الفراشات وحديقة الفراولة ويمر من فوقها جسر معلق بشكل جميل ويطل على جميع هذه الاماكن كوفي مرتب وجميل ومازال العمل قائم على توسعة المشروع وإضافة مناطق جديدة ....مكان يستحق الزيارة ...,Taif,حديقة,,,1,,1,1,reviews_zenodo,,https://zenodo.org/records/16924532,static,,2026-09-13T06:19:18.696424+00:00,False
reviews_00320,مزرعة الريف,,للامانه المكان جميل جدا في مزرعة الريف لكن يعيبه رسوم الدخول ورسوم للجلسه على حسب الساعه ...,Taif,حديقة,-1,,,,1,0,reviews_zenodo,,https://zenodo.org/records/16924532,static,,2026-09-13T06:19:18.696424+00:00,False
reviews_00321,مزرعة الريف,,دخول العائلة ٢٠ريال جلسات متنوعة المجانية واخرى بالساعة ٥٠ريال مليء بالسلال ولكن تحتاج لنظافة ممتلئة بالمزروعات الورد والرمان والريحان جدا جميل عدة نوافير وكافيه واحد ومطعم في المدخل لابد أن تذهب الى الكافيه للطلبية وتعطيه رقم طاولتك ...,Taif,حديقة,,-1,,,1,0,reviews_zenodo,,https://zenodo.org/records/16924532,static,,2026-09-13T06:19:18.696424+00:00,False
reviews_00322,مزرعة الريف,,كل شي كان جميل بإستثناء رسوم الدخول 20 ريال للعائله من 5 اشخاص .. صراحه ما اشوف فيه اي مقابل لهذه الرسوم لان فيه رسوم اخرى مقابل الانشطه الداخليه,Taif,حديقة,-1,,,,1,0,reviews_zenodo,,https://zenodo.org/records/16924532,static,,2026-09-13T06:19:18.696424+00:00,False
reviews_00323,مزرعة الريف,,رحت له قبل يومين صراحة مرتب والمكان يفتح النفس دفعونا فلوس حق الدخول والجلسة (ما عندي علم اذا كل الجلسات بفلوس) لكن الكوفي مخيب للآمال كنا متحمسين له غير غلاء اسعاره الفرنش توست طعمه عجين والملة غير مضبوطة بس الايس دريب كويس👍🏻 ...,Taif,حديقة,-1,,,,1,0,reviews_zenodo,,https://zenodo.org/records/16924532,static,,2026-09-13T06:19:18.696424+00:00,False
reviews_00324,مزرعة الريف,,الدخول برسوم . داخل الحديقة العاب و حديقة حيوانات و طيور . برسوم أخرى الحديقة ٣٠ریال للشخص . الكافيهات و الالعاب وأي شي تطلبه سعره‍ مرتفع . بشكل عام الحديقة جميلة ولكن اسعارهم مبالغ فيها . والمواقف مزدحمه والتنظيم للمواقف سيء بشكل عام .,Taif,حديقة,-1,,-1,,1,0,reviews_zenodo,,https://zenodo.org/records/16924532,static,,2026-09-13T06:19:18.696424+00:00,False
reviews_00325,مزرعة الريف,,كان عادي جدا ومزرعة الفراولة مقفله بس الحلوو موجود فوق لعبة ومحمية طييور وكان جدا مزدحم المكان ماقدرت اطلب قهوه من الزحمه والطابور,Taif,حديقة,,,0,,0,-1,reviews_zenodo,,https://zenodo.org/records/16924532,static,,2026-09-13T06:19:18.696424+00:00,False
reviews_00326,مزرعة الريف,,المكان جميل ومميز وبه جلسات منوعة منها مغلقه على اطلالة النافورة وتؤجر بقية ٦٠ريال الساعة الواحدة شاملة القهوة ومنها مكشوفة وكذلك جلسات خارجية ويوجد بها العديد من الكشكات من كافتيريا و كافيه ومحل العاب,Taif,حديقة,,,1,,1,1,reviews_zenodo,,https://zenodo.org/records/16924532,static,,2026-09-13T06:19:18.696424+00:00,False
reviews_00327,مزرعة الريف,,المكان جميل وفيه تنوع .. يعيبه قلة المصليات ودورات المياه اعزكم الله وايضا انقطاع المياه فيها ...,Taif,حديقة,,,-1,,1,0,reviews_zenodo,,https://zenodo.org/records/16924532,static,,2026-09-13T06:19:18.696424+00:00,False
reviews_00328,مزرعة الريف,,المزرعة جميلة جدا وتغيرت كثير للأجمل بنا على زيارة وتقييم سابق لي وقت الزيارة كان الصباح مع تناول الأفطار فيها دخلت من البوابة اللي عندها سيارة قديمة وبدون رسوم ، اما تقييمي للمكان جميل جدا وماتمل منه مستغلين كل شبر فيها فيها جلسات ...,Taif,حديقة,,,1,,1,1,reviews_zenodo,,https://zenodo.org/records/16924532,static,,2026-09-13T06:19:18.696424+00:00,False
reviews_00329,مزرعة الريف,,رسوم الدخول مرتفعه . أسعار الألعاب مرتفع . أسعار الطلبات مرتفع . ...,Taif,حديقة,-1,,,,,-1,reviews_zenodo,,https://zenodo.org/records/16924532,static,,2026-09-13T06:19:18.696424+00:00,False
reviews_00330,مزرعة الريف,,الصراحه انا مادخلت المكان.. لانه عبال ماوصلنا كانت مغلقه 😤 نفسي اعرف حنا في صيفيه والمكان بعيد ويعتبر منتزه.. ويقفل الساعه ٩م سلااامات مستحيل اعيد التجربه صراحه انقهرت لين انفجرت ...,Taif,حديقة,,,,-1,,-1,reviews_zenodo,,https://zenodo.org/records/16924532,static,,2026-09-13T06:19:18.696424+00:00,False
reviews_00331,مزرعة الريف,,ممتازة من ناحية الجو والخدمات النظافة والجلسات كانت روعه العناية في الاشجار الدخول برسوم ٢٠ ريال للعائلة اسعار الكشكات الداخلية تحتاج مراجعه المكان مزدحم جدا خصوصا في اجازة نهاية الاسبوع,Taif,حديقة,0,1,,,1,0,reviews_zenodo,,https://zenodo.org/records/16924532,static,,2026-09-13T06:19:18.696424+00:00,False
reviews_00332,مزرعة الريف,,مكان ممتاز ومميز الدخول لجميع افراد العائله بتذكره واحده وسعرها ٢٠ ريال جربت المشي ع الجسر الزجاجي المعلق كانت تجربه جميله سعر التذكره ٢٥ سواء للخشبي او الزجاجي نفس السعر ويوجد الدراجه الهوائيه المعلقه سعرها للشخص ٤٠ ريال وللشخصين ٦٠ ريال والجلوس في المنتزه ممتع وجميل ومتوفر داخل المنتزه كافيهات وكشكات لبيع المشاوي والشاورما والشاي,Taif,حديقة,1,,1,,1,1,reviews_zenodo,,https://zenodo.org/records/16924532,static,,2026-09-13T06:19:18.696424+00:00,False
reviews_00333,مزرعة الريف,,تجربتي لزيارة المكان. من ناحية الطبيعة والديكورات والترتيب ممتاز. انتظرت الفطور ٥٠ دقيقة وجاء بدون سفرة وانتظرت السفرة ربع ساعة. ...,Taif,حديقة,,,,-1,1,0,reviews_zenodo,,https://zenodo.org/records/16924532,static,,2026-09-13T06:19:18.696424+00:00,False
reviews_00334,مزرعة الريف,,المكان جميل ومتنفس رائع ونظيف وجلسات متنوعة وفعاليات متنوعة كذلك وصاحبه محترم الله يبارك له,Taif,حديقة,,1,1,,1,1,reviews_zenodo,,https://zenodo.org/records/16924532,static,,2026-09-13T06:19:18.696424+00:00,False
reviews_00335,مزرعة الريف,,المزرعه رهيبه من جميع النواحي دخول العائله ٢٠ ريال يوجد داخل كافيه مطل وايضا يوصل للجلسات تحت الي يطلب منهم ويوجد كوشكات ايسكريم وفواكه وبطاطس مقلي وبليلا بشكل عام المزرعه رهيبه فيها جسر معلق وخيول ...,Taif,حديقة,1,,1,,1,1,reviews_zenodo,,https://zenodo.org/records/16924532,static,,2026-09-13T06:19:18.696424+00:00,False
reviews_00336,مزرعة الريف,,المكان جميل لقضاء وقت مع العائلة .. الدخول ب ٢٠ ريال للعائلة .. يوجد مواقف سيارات بدون تكلفة وجسر معلق وحديقة طيور وفراشات والدخول عليه تكلفه اضافية .. يوجد كافيهات والعاب اطفال وركوب خيل .. ومصلى ودورات مياه.,Taif,حديقة,1,,1,,1,1,reviews_zenodo,,https://zenodo.org/records/16924532,static,,2026-09-13T06:19:18.696424+00:00,False
reviews_00337,مزرعة الريف,,المكان يستحق التجربه الدخول للعائله ٢٠ ريال للكل عده مقاهي داخله ومنطقه العاب واسطبل وفعاليات للاطفال والكبار بداخله حديقه الفراوله والفراشات و طيور ...,Taif,حديقة,,,1,,1,1,reviews_zenodo,,https://zenodo.org/records/16924532,static,,2026-09-13T06:19:18.696424+00:00,False
reviews_00338,مزرعة الريف,,المكان جدا رائع ونظيف ويستحق الزياره .. دخلنا 2 ونص يوم الجمعه كان مفتوح.. الدخول للعيله ب 20 ريال ..,Taif,حديقة,1,1,,,,1,reviews_zenodo,,https://zenodo.org/records/16924532,static,,2026-09-13T06:19:18.696424+00:00,False
reviews_00339,مزرعة الريف,,تجربه روعه جدا والمكان روعه الكافي يحتاج باريستا جيدين واضح الخبره قليله,Taif,حديقة,,,,-1,1,0,reviews_zenodo,,https://zenodo.org/records/16924532,static,,2026-09-13T06:19:18.696424+00:00,False
reviews_00340,مزرعة الريف,,الموقع ممتاز ،الجلسات روعة لكن !! الخدمة صفر ...,Taif,حديقة,,,,-1,1,0,reviews_zenodo,,https://zenodo.org/records/16924532,static,,2026-09-13T06:19:18.696424+00:00,False
reviews_00341,مزرعة الريف,,من أجمل الاماكن بالشفا حاليا ولكن ما حبيت استغلال الزوار يعني الجلسات ب30 ريال للساعه ليييييه تأخذ 20 للدخول يعني الدخول بفلوس والجلوس بفلوس والعاب الاطفال بفلوس !!!! الجلسات اللي عند الكافي مجانيه ولكن لازم تطلب من الكافي,Taif,حديقة,-1,,,,1,0,reviews_zenodo,,https://zenodo.org/records/16924532,static,,2026-09-13T06:19:18.696424+00:00,False
reviews_00342,مزرعة الريف,,من أجمل الأماكن اللي زرتها المكان مرتب جدا ويفتح النفس وطريقة تنظيم المكان ملفته,Taif,حديقة,,,,,1,1,reviews_zenodo,,https://zenodo.org/records/16924532,static,,2026-09-13T06:19:18.696424+00:00,False
reviews_00343,مزرعة الريف,,ما شاء الله المكان غاية في الجمال .. حديقة فراولة جميلة ولكن الدخول ب ٣٥ للشخص( غالي الحقيقة ) وتوجد حديقة طيور جميلة وكافيهات وكافتريات وجسر خشبي تعبر عليه من طرف لاخر ...,Taif,حديقة,-1,,1,,1,0,reviews_zenodo,,https://zenodo.org/records/16924532,static,,2026-09-13T06:19:18.696424+00:00,False
reviews_00344,مزرعة الريف,,منتجع جميل جدا وفيه تنوع في الجلسات شغل مرتب ونظيف يوجد فيه كافيهات ومطعم وجلسات مجانيه مفتوحه وجلسات بمقابل ومزرعة فراولة ومكان للخيل وجسر معلق وجلسات في وسط المزرعه ونوافير وألعاب أطفال الحقيقة من أجمل الأماكن اللي زرتها في الطائف ...,Taif,حديقة,,1,1,,1,1,reviews_zenodo,,https://zenodo.org/records/16924532,static,,2026-09-13T06:19:18.696424+00:00,False
reviews_00345,مزرعة الريف,,المكان جميل ويرد الروح فيه كافيهات اتمنى يكثرو مطاعم اقترح مطعم مشويات واضافة ميني ماركت في المكان واضافة مكان للقطط الاليفه,Taif,حديقة,,,0,,1,1,reviews_zenodo,,https://zenodo.org/records/16924532,static,,2026-09-13T06:19:18.696424+00:00,False
reviews_00346,مزرعة الريف,,مزرعة مهيئة بطريقة جميلة في شكل منتجع ،، تتوفر المواقف ،، يوجد رسوم دخول ٢٠ ريال للاسرة ،،، تتوفر جلسات مجانية وجلسات اخرى مدفوعة بسعر ١٠٠ ريال لل٣ ساعات تتوفر كافيهات والعاب هوائية للاطفال حديقة طيور مزرعة فراولة يتوفر مسار للzip line ...,Taif,حديقة,1,,1,,1,1,reviews_zenodo,,https://zenodo.org/records/16924532,static,,2026-09-13T06:19:18.696424+00:00,False
reviews_00347,مزرعة الريف,,من الخيارات الموفقة للتنزه مع العائلة وانك تشوف شي مختلف ، رسوم الدخول رمزية جدا خمسة ريال للشخص ، جلسات مريحة ومتنوعه وماتمل منه 🤍 ...,Taif,حديقة,1,,1,,1,1,reviews_zenodo,,https://zenodo.org/records/16924532,static,,2026-09-13T06:19:18.696424+00:00,False
reviews_00348,مزرعة الريف,,المزرعة جميلة ومتكاملة وممتعه وفيها شراحه ماشاءالله وتستحق الزيارة .. لكن الحقيقة المزارع والأماكن بشكل عام بالطايف تحتاج تنظيم أكثر مثلا تكون بنظام الحجز المجاني أو عالأقل اللي عند الباب يعلمونك أن المكان اكتفى ويكتفون بعدد معين عشان ...,Taif,حديقة,,,,-1,1,0,reviews_zenodo,,https://zenodo.org/records/16924532,static,,2026-09-13T06:19:18.696424+00:00,False
reviews_00349,مزرعة الريف,,المان جمييل ماشاءالله تبارك الله وشرح وواسع ومتنوع مناسب جدا للعائلات يتوفر جلسات برسوم وجلسات مجانية والدخول برسوم للعائلة لكن انا رحت الفجر وكان الدخول والجلوس كلها مجاني👍🏻 ...,Taif,حديقة,1,,,,1,1,reviews_zenodo,,https://zenodo.org/records/16924532,static,,2026-09-13T06:19:18.696424+00:00,False
reviews_00350,مزرعة الريف,,المكان مايستحق الزيارة ابدا الفطور اخذ ساعه عشان يجهزونه ومو لذيذ ابدا واسعارهم مرتفعه,Taif,حديقة,-1,,,-1,-1,-1,reviews_zenodo,,https://zenodo.org/records/16924532,static,,2026-09-13T06:19:18.696424+00:00,False
reviews_00351,مزرعة الريف,,رحتها ليل عجبتني مره لانها كبيره و خيارات الجلسات كثيره سعر الدخول للعايله كامله 20 ريال بس في جلسات مغلقه و كنبات و مريحه عليها رسوم اضافيه ...,Taif,حديقة,,,1,,1,1,reviews_zenodo,,https://zenodo.org/records/16924532,static,,2026-09-13T06:19:18.696424+00:00,False
reviews_00352,مزرعة الريف,,جميله جدا جدا انبسطنا فيها رغم الازدحام الشديد الدخول كان للعائله ب٢٠ ريال فيها مقاهي وجلسات جدا كثيره ومنوعه منها ماهو مجاني وبعضها بمبالغ حسب الساعه يوجد محل للفراشات والطيور والجسر المعلق كلها باسعار اعتبرها معقوله ماعدا مزرعه الفراوله كان السعر كثير مقابل الفراوله المقطوفه المكان يستحق التجربه والدعم ومزيد من التقدم 🤙🏻 ...,Taif,حديقة,0,,1,,1,1,reviews_zenodo,,https://zenodo.org/records/16924532,static,,2026-09-13T06:19:18.696424+00:00,False
reviews_00353,مزرعة الريف,,مكان رائع ومشرف وفيه تنوع ذهبت العصر ومكثت حتى العاشرة ...,Taif,حديقة,,,,,1,1,reviews_zenodo,,https://zenodo.org/records/16924532,static,,2026-09-13T06:19:18.696424+00:00,False
reviews_00354,مزرعة الريف,,المكان جميل وممتع بس دورات المياه اجلكم الله تحتاج عامل واقف عندها ينظفها بعد كل شخص لانها ليست نظيفه,Taif,حديقة,,-1,,,1,0,reviews_zenodo,,https://zenodo.org/records/16924532,static,,2026-09-13T06:19:18.696424+00:00,False
reviews_00355,مزرعة الريف,,ممتاز جدا ، كبير ومتسع ونظافة أول بأول ، وكافيه ٨٨ ممتاز الكيك والقهوة صراحة جميل جدا وأوصي من يأتي الطائف يزوره . في الليل المنظر جميل والجو أجمل .,Taif,حديقة,,1,1,,1,1,reviews_zenodo,,https://zenodo.org/records/16924532,static,,2026-09-13T06:19:18.696424+00:00,False
reviews_00356,مزرعة الريف,,مكان جميل قمت بزيارة سابقا قبل سنوات كان يوفر افطار ويوجد فقط حديقة انعام وقمت بزيارته هذي السنه ووجدت تغير كبير وعمل جميل واضافات رائعه واصبح من أجمل الاماكن التي انصح بزيارتها للقادمين لمدينة الطائف والشفا,Taif,حديقة,,,1,,1,1,reviews_zenodo,,https://zenodo.org/records/16924532,static,,2026-09-13T06:19:18.696424+00:00,False
reviews_00357,مزرعة الريف,,مكان يستحق الزيارة اتمنى من المالك تطوير المكان بشكل مستمر و استثمار الاراضي المجاورة و عمل اضافات و لو اهتم اتوقع بيكون افضل منتجع بالشفا ...,Taif,حديقة,,,,,1,1,reviews_zenodo,,https://zenodo.org/records/16924532,static,,2026-09-13T06:19:18.696424+00:00,False
reviews_00358,مزرعة الريف,,منتزة جميل يحتوي على مقاهي وجلسات جميلة وألعاب اطفال واقفات كبيرة مخصصة للطيور والفراشات,Taif,حديقة,,,1,,1,,reviews_zenodo,,https://zenodo.org/records/16924532,static,,2026-09-13T06:19:18.696424+00:00,False
reviews_00359,مزرعة الريف,,المكان جميل للأطفال، لكن عيبه تدفع عند البوابة، واذا وصلت للجسر المعلق تروح للكشك وتدفع، واذا بتدخل حديقة الطيور، ابحث عن مكان التذاكر وادفع، لو دفعوني من بدري بدل الهجولة. وطبعا الأسعار تعتبر مرتفعة.,Taif,حديقة,-1,,,,1,0,reviews_zenodo,,https://zenodo.org/records/16924532,static,,2026-09-13T06:19:18.696424+00:00,False
reviews_00360,مزرعة الريف,,مكان رائع وجميل واجوائه خرافيه انصح به لأصحاب السياحه الداخليه دخول العائله ٢٠ ريال يوجد كافيهات ومناظر جميله وجسر معلق وقفص الفراشات وقفص الطيور,Taif,حديقة,1,,1,,1,1,reviews_zenodo,,https://zenodo.org/records/16924532,static,,2026-09-13T06:19:18.696424+00:00,False
reviews_00361,مزرعة الريف,,المكان حلو وشرح ولكن المبالغه بالاسعار تخليك ماتفكر ترجع له مره ثانية اولا ياليت تلغون دخوليه العايلة ب٢٠ ريال لان الجلسات بمبلغ ! ثانيا جميع ما في الحديقة غالي من المشروبات الى الحلا ثالثا مستوى نظافه الحمامات 👎🏻 اتمنى اجي مره ثانيه باسعار معقولة ...,Taif,حديقة,-1,-1,,,1,0,reviews_zenodo,,https://zenodo.org/records/16924532,static,,2026-09-13T06:19:18.696424+00:00,False
reviews_00362,مزرعة الريف,,المكان جميل ويفتح النفس والجو كان خيال والمكان فيه كل شي الدخول كان بعشرين والجلسات لها سعر غير والجسر المعلق يجنن تجربه ممتعه والعربه واخذنا شاي جمر وذره وصراحه كان يوم جميل جداا,Taif,حديقة,,,1,,1,1,reviews_zenodo,,https://zenodo.org/records/16924532,static,,2026-09-13T06:19:18.696424+00:00,False
reviews_00363,مزرعة الريف,,الدخول ب٢٠ ريال للعائلة المكان جميل ويستحق الزيارة مزرعة الفراولة الدخول ب٢٥,Taif,حديقة,1,,1,,1,1,reviews_zenodo,,https://zenodo.org/records/16924532,static,,2026-09-13T06:19:18.696424+00:00,False
reviews_00364,مزرعة الريف,,المكان جميل جدا انصح فيه وممتع الطبيعه في جميله خاصة الورد دوالاشجار,Taif,حديقة,,,,,1,1,reviews_zenodo,,https://zenodo.org/records/16924532,static,,2026-09-13T06:19:18.696424+00:00,False
reviews_00365,مزرعة الريف,,جميلة ورايقة جدا، الدخول لمزرعة الريف للعائلة ب20 ريال، يوجد جلسات مع الطلب وجلسات برسوم. ...,Taif,حديقة,0,,,,1,1,reviews_zenodo,,https://zenodo.org/records/16924532,static,,2026-09-13T06:19:18.696424+00:00,False
reviews_00366,مزرعة الريف,,مكان جميل يشرح الصدر الجميع متعاون جلسات وانشطة متنوعة كنت اتمنى اعطيهم ٥ نجمات لاكن في غلى داخل المنتزه مثل الكافي والشاهي وحق الاسهم واشكر الاخ زين السوداني على الاستقبال والبشاشه والتعاون ونتمى لهم التقدم ويكونون رقم ١ في الطائف,Taif,حديقة,-1,,1,1,1,0,reviews_zenodo,,https://zenodo.org/records/16924532,static,,2026-09-13T06:19:18.696424+00:00,False
reviews_00367,مزرعة الريف,,المكان هادئ ورائع لاكن يمنعون دخول الشاهي،والقهوه والجلوس بالأرض ويستاهل المكان للي،يبي،يدفع حق جلوس واكل وشرب,Taif,حديقة,,,,,1,0,reviews_zenodo,,https://zenodo.org/records/16924532,static,,2026-09-13T06:19:18.696424+00:00,False
reviews_00368,مزرعة الريف,,المكان جميل جدا الدخول ٢٠ ريال واغلب الجلسات برسوم ٦٠ ريال وجلسات قليله فقط مجانية ...,Taif,حديقة,0,,,,1,0,reviews_zenodo,,https://zenodo.org/records/16924532,static,,2026-09-13T06:19:18.696424+00:00,False
reviews_00369,مزرعة الريف,,روعه الله لايحرمنا شفانا ومنتزهنا المتجدد دائما وطبيعه خلابه وجو جميل ومزرعه رحبه من جمالها من ٥ العصر ل ١١ باليل ولاتنمل ولو م بيقفلو م خرجت,Taif,حديقة,,,,,1,,reviews_zenodo,,https://zenodo.org/records/16924532,static,,2026-09-13T06:19:18.696424+00:00,False
reviews_00370,مزرعة الريف,,المكان جميل وممتع جدا اعجبنى كبر مساحته وترتيبه صراحه لايمل منه انصح بزيارته وبذات فى وسط الاسبوع تجنب للزحمه,Taif,حديقة,,,,,1,1,reviews_zenodo,,https://zenodo.org/records/16924532,static,,2026-09-13T06:19:18.696424+00:00,False
reviews_00371,مزرعة الريف,,مزرعة جميلة . رسوم الدخول ب ٢٥ ريال للاسرة وجوا فيه جلسات وفعاليات ومطاعم وعندهم الجسر المعلق وحديقة للطيور وحديقة للفراشات ...,Taif,حديقة,,,1,,1,1,reviews_zenodo,,https://zenodo.org/records/16924532,static,,2026-09-13T06:19:18.696424+00:00,False
reviews_00372,مزرعة الريف,,المكان جميل ولكن جميع الفعاليات والجلسات بالداخل برسوم وهذا اللي حاصل باغلب الاماكن المشابهه له بالطايف استغلال واضح,Taif,حديقة,-1,,,,1,-1,reviews_zenodo,,https://zenodo.org/records/16924532,static,,2026-09-13T06:19:18.696424+00:00,False
reviews_00373,مزرعة الريف,,المكان جدددددا جميييييل وممتع لاااازم الي يجي الطايف يروحه لايفوتكم بس الي عندهم اطفال صغار ينتبهوا لازم احد كبير معاهم لان فيه دخلات وارتفاعات يعني ...,Taif,حديقة,,,,,1,1,reviews_zenodo,,https://zenodo.org/records/16924532,static,,2026-09-13T06:19:18.696424+00:00,False
reviews_00374,مزرعة الريف,,تجربه حلوه ومكان جميل تعاملهم حلو بس مشكلتها بالحمامات اتمنى انه تكون عددها اكبر وانظف بس غير كذا حلوه وتستحق الزيارة ان شاء الله نزورها كل ما نروح الطائف ✨,Taif,حديقة,,-1,0,,1,0,reviews_zenodo,,https://zenodo.org/records/16924532,static,,2026-09-13T06:19:18.696424+00:00,False
reviews_00375,مزرعة الريف,,حديقة الريف مره جميله وكل شي فيها روعه من مناظروجلسات وكفي وملاهي صراحه ابداع ماقصرو في تصميمها 🌺🌺🌺 ...,Taif,حديقة,,,1,,1,1,reviews_zenodo,,https://zenodo.org/records/16924532,static,,2026-09-13T06:19:18.696424+00:00,False
reviews_00376,مزرعة الريف,,تجربه رائع ومميزه ولكن الدخوله برسوم وهذا ما احببته بصراحه وبعض الجلسات برسوم وهذا عدم تقيمي بالشكل كامل قهوتهم رائعه مصمم الديكورات خطير جدا,Taif,حديقة,-1,,1,,1,1,reviews_zenodo,,https://zenodo.org/records/16924532,static,,2026-09-13T06:19:18.696424+00:00,False
reviews_00377,مزرعة الريف,,المكان جمييييل وشرح للناس اللي تحب حياة الريف والطبيعه 👌🏻😍 ، مفتوحه علكها على بعض الريف والارياف وحديقة الطيور وحديقة الفراوله ، الدخول للفراوله 20 ريال مع بوكس فراوله بالككاو ، والقطف له سعر ثاني اتوقع 30 ريال 👍 ...,Taif,حديقة,1,,1,,1,1,reviews_zenodo,,https://zenodo.org/records/16924532,static,,2026-09-13T06:19:18.696424+00:00,False
reviews_00378,مزرعة الريف,,مكان جميل كل متطلبات العائلة موجودة فالمكان ياخذون رسوم 20 عالدخول طلعت جلست عند المطاعم فوق موقف شخصين يمنعون حتى الشاهي ومشتريه من عندهم تصرف صراحة غير جيد تنظيميا مع العلم طلبت من المطاعم,Taif,حديقة,,,,-1,1,0,reviews_zenodo,,https://zenodo.org/records/16924532,static,,2026-09-13T06:19:18.696424+00:00,False
reviews_00379,مزرعة الريف,,رحت لها اليوم بدري عشان معروف دايم زحمة(تفتح من٦-١٠ص)ومن(٢:٣٠-١٢م) زي ماقالو دخول العائلة ٢٠ بعض الجلسات بفلوس وبعضها لا ..اخذنا ف جلسة الكوخ ساعتين ب٦٠ ريال مع الضيافة (بدون الحلا) حلوو حبيتها مناظر طبيعية وخلابة فيها فعاليات كثيرة وملاهي اطفال ومطعم مشويات ومقهى وفود ترك وسلامتكم.,Taif,حديقة,1,,1,,1,1,reviews_zenodo,,https://zenodo.org/records/16924532,static,,2026-09-13T06:19:18.696424+00:00,False
reviews_00380,مزرعة الريف,,مكان مناسب للتنزة بالعائلة في وسط الأجواء الجميلة والممرات الخضراء ، فيها أماكن جلوس ومشروبات ساخنة وباردة ، يحتاج فقط توسعة للشارع المؤدي للمزرعة كذلك توسعة المواقف خاصة في أوقات الأجازات .,Taif,حديقة,,,0,,1,0,reviews_zenodo,,https://zenodo.org/records/16924532,static,,2026-09-13T06:19:18.696424+00:00,False
reviews_00381,مزرعة الريف,,المكان جميييل جمييل جميييل لمحبين الطبيعة ما شاء الله الموظفين كثير وكلهم يشتغلوا مع ذلك أسةاءني منظر دورة المياه أكرمكم الله قذرة قذرة بكل ما تعنيه الكلمة المكان يحتاج تركيز على النظافة خصوصا انها جلسات مفتوحة,Taif,حديقة,,-1,,1,1,0,reviews_zenodo,,https://zenodo.org/records/16924532,static,,2026-09-13T06:19:18.696424+00:00,False
reviews_00382,مزرعة الريف,,- الدخول للارياف العائلة كاملة ب 20 ريال - المكان مرررة حلووو وشررح والافضل تروحون له الصباح تفاديا للزحمات - فيه جلسات حلوة تطل على البحيرة الساعتين مع القهوة ب60 ريال ...,Taif,حديقة,,,,,1,1,reviews_zenodo,,https://zenodo.org/records/16924532,static,,2026-09-13T06:19:18.696424+00:00,False
reviews_00383,مزرعة الريف,,المكان كبيييير مرا وفيه كل شي جمممميل ماينمل منه ابدا رحت له 6 مرات والمكان يطورنه اكثر ماشاء الله مزرعه تهبل الله يبارك لهم فيها مطعم وكوفي والجلسان انواع واشكال وحصان وراميه بسهم والعاب اطفال ايس كريم وبطاطس,Taif,حديقة,,,1,,1,1,reviews_zenodo,,https://zenodo.org/records/16924532,static,,2026-09-13T06:19:18.696424+00:00,False
reviews_00384,مزرعة الريف,,رهيب بس باقي في اشياء ماكتملت بس المكان كان رايق وجميل مع الامطار والغيوم 😍 ...,Taif,حديقة,,,0,,1,1,reviews_zenodo,,https://zenodo.org/records/16924532,static,,2026-09-13T06:19:18.696424+00:00,False
reviews_00385,مزرعة الريف,,زيارتي لمزرعة الريف قبل فتره ، تجنن وفيه مهرجان للاطفال ومواصلات كثير وبرضو المشي ع الجسر لكن اخذ وقت من الزحمه تقريبا ساعتين وانا واقفه استنى دوري . بصراحه الي يزعل الدخول بفلوس اذا كان الجلسات كلها بفلوس هذا اللي يزعل مره .,Taif,حديقة,-1,,1,,1,0,reviews_zenodo,,https://zenodo.org/records/16924532,static,,2026-09-13T06:19:18.696424+00:00,False
reviews_00386,مزرعة الريف,,المكان ولا غلطه بصراحه الفكره حلوهه جدا وسعر الزخول ٢٠ ريال للعيله كلها واسعار الكافيه يعتبر حلو مرا الفيديو يشرح لكم قد ايش المكان لطيف ورايق وحلو,Taif,حديقة,1,,,,1,1,reviews_zenodo,,https://zenodo.org/records/16924532,static,,2026-09-13T06:19:18.696424+00:00,False
reviews_00387,مزرعة الريف,,الحديقة صغيرة لكنها رائعة جدا فيها تنوع جلسات ومقاهي وفعاليات كانت الأجواء وقت حضوري من أجمل مايكون واكبت هطول الأمطار كانت جميله ورائعة ...,Taif,حديقة,,,1,,1,1,reviews_zenodo,,https://zenodo.org/records/16924532,static,,2026-09-13T06:19:18.696424+00:00,False
reviews_00388,مزرعة الريف,,المكان جميل بس عيبه صغير والجلسات محدوده على عدد الاقبال عندهم الدخول برسوم لشخص 10 ريال والجلسات الكبيره برسوم والعاديه لازم طلب ممنوع دخول الاكل او الشرب المزرعه تحتوي على انشطه وكوفي ومطعم مكان العاب وحمامات وكل شي المكان جميل,Taif,حديقة,,,1,,1,1,reviews_zenodo,,https://zenodo.org/records/16924532,static,,2026-09-13T06:19:18.696424+00:00,False
reviews_00389,مزرعة الريف,,المكان رائع جميل ومرتب و تظيف ولكن احسست ببعض الاستغلال لان الدخول برسوم العائلة ب٢٠ غير ان الجلسات المغلقه ب٦٠ هناك جلسات مجاتيه يشترط فيها الطلب للحلوس ولابد من الطلب من الكافيه الموجود في المنتجع يمنع دخول الاطعمه والمشروبات,Taif,حديقة,-1,1,,,1,0,reviews_zenodo,,https://zenodo.org/records/16924532,static,,2026-09-13T06:19:18.696424+00:00,False
reviews_00390,مزرعة الريف,,المكان جدا جميل وممتع والديكورات مره حلوه ولكن المشكلة هي اسعارهم الغالية في الاكل او الشرب والجلسات الي تكون برسوم وكان في اصوات مزعجة بسبب الصيانة الي يسوونها ..,Taif,حديقة,-1,,,,1,-1,reviews_zenodo,,https://zenodo.org/records/16924532,static,,2026-09-13T06:19:18.696424+00:00,False
reviews_00391,مزرعة الريف,,جمييلله ججدا ... طبعا الدخول للعائله كامله ب 20 بس . وفي مكان طيور وفي حديقه الفراوله وفي فعاليات الجسر المعلق والدراجه .. جدا جمييلله وابدعو الصراحه🙏🏼 ...,Taif,حديقة,,,1,,1,1,reviews_zenodo,,https://zenodo.org/records/16924532,static,,2026-09-13T06:19:18.696424+00:00,False
reviews_00392,مزرعة الريف,,المكان مره جميل جميل خيارات الجلسات متنوعه وتتوفر جلسات تتميز بالخصوصية زرته صباح الجمعه ماكان فيه رسوم دخول,Taif,حديقة,1,,1,,1,1,reviews_zenodo,,https://zenodo.org/records/16924532,static,,2026-09-13T06:19:18.696424+00:00,False
reviews_00393,مزرعة الريف,,المكان جميل جدآ الدخول ب ٢٠ ريال للعائله كامله فيه جلسات حلوه عموما المكان رايق 👌 ...,Taif,حديقة,0,,,,1,1,reviews_zenodo,,https://zenodo.org/records/16924532,static,,2026-09-13T06:19:18.696424+00:00,False
reviews_00394,مزرعة الريف,,تدفع تذكره دخول للمكان .. بعدين كل شيء جوه بتذكره .. طيب تقص تذكرة الغابه وتدخل .. ...,Taif,حديقة,-1,,,,,-1,reviews_zenodo,,https://zenodo.org/records/16924532,static,,2026-09-13T06:19:18.696424+00:00,False
reviews_00395,مزرعة الريف,,مكان جميل ومميز لكن دورات المياه تحتاج إلى نظافه والدرجات تزعج الماره لأنها ليس لها مكن مخصص,Taif,حديقة,,-1,,,1,0,reviews_zenodo,,https://zenodo.org/records/16924532,static,,2026-09-13T06:19:18.696424+00:00,False
reviews_00396,مزرعة الريف,,المكان حلوو ومن اجمل الاماكن الي تزورنها بالطائف فيه فود ترك وكافيهات والعاب للكبار والصغار بس سلبيته الزحمه ، ماتلقون محل تجلسون فيه,Taif,حديقة,,,1,,1,0,reviews_zenodo,,https://zenodo.org/records/16924532,static,,2026-09-13T06:19:18.696424+00:00,False
reviews_00397,مزرعة الريف,,المزرعه مره جميله ومتكامله فيها حديقه فراوله وفيها كوفي وجسر اللي يمشون عليه زي حق الباحه فيها جلسات جميله والعاب اطفال المكان جميل جدا مستغل الطبيعه بشكل جميل تستحق الزياره الله يبارك لصاحبها,Taif,حديقة,,,1,,,1,reviews_zenodo,,https://zenodo.org/records/16924532,static,,2026-09-13T06:19:18.696424+00:00,False
reviews_00398,مزرعة الريف,,مزرعة الريف او ارياف الشفا هي نفس المكان الفعاليات جدا رائعة ...,Taif,حديقة,,,1,,,1,reviews_zenodo,,https://zenodo.org/records/16924532,static,,2026-09-13T06:19:18.696424+00:00,False
reviews_00399,مزرعة الريف,,رسوم الدخول خمس اشخاص ب ٢٠ ريال ،، المكان جميل لكن مزدحم جدا ،، ولا يوجد تنظيم,Taif,حديقة,,,,,1,-1,reviews_zenodo,,https://zenodo.org/records/16924532,static,,2026-09-13T06:19:18.696424+00:00,False
reviews_00400,مزرعة الريف,,زرت المكان الخميس ٢١ سبتمبر٢٠٢٣ المزرعه ريفية جميلة عشت جو المزارع فيها كل الخدمات مرتبة ونظيفة وفيها جلسات متنوعة وكافي ومأكولات ومشروبات تفتح فترتين الصباح من ٦ الى ١٠ والمساء من ٣,Taif,حديقة,,1,1,,1,1,reviews_zenodo,,https://zenodo.org/records/16924532,static,,2026-09-13T06:19:18.696424+00:00,False
reviews_00401,مزرعة الريف,,مكان رائع وجميل الدخول برسوم يوجد فيه مطعم وكفي وكشكات وجلسات رايقه جدا يستاهل الزياره,Taif,حديقة,0,,,,1,1,reviews_zenodo,,https://zenodo.org/records/16924532,static,,2026-09-13T06:19:18.696424+00:00,False
reviews_00402,مزرعة الريف,,زرت المكان في فترة الصباح خيااااالي جدا الفطور ماعليه لكن الكبدة مجمدة مانصح فيها والشاي وصلني بارد وماش وطلبته فوق ٥ مرات مناديل ولا جاب لي رغم اني وصيته وقت الطلب ولازم تطلبون منهم سفره لان مايجي مع ...,Taif,حديقة,,,0,-1,1,0,reviews_zenodo,,https://zenodo.org/records/16924532,static,,2026-09-13T06:19:18.696424+00:00,False
reviews_00403,مزرعة الريف,,المكان جمييل و نظيييف و يستحق الزياره و الموظفين بشوشين و محترمين جدا السلبيه الوحيده مافي مواقف سيارات ولكن يستحق الزياره مرتين و ثلاث وتناسب العوايل و الاطفال جدا,Taif,حديقة,,1,-1,1,1,1,reviews_zenodo,,https://zenodo.org/records/16924532,static,,2026-09-13T06:19:18.696424+00:00,False
reviews_00404,مزرعة الريف,,مقهى وملاهي وجلسات و هواء عليل,Taif,حديقة,,,1,,,1,reviews_zenodo,,https://zenodo.org/records/16924532,static,,2026-09-13T06:19:18.696424+00:00,False
reviews_00405,مزرعة الريف,,مكان جميل جدا للتنزة و يتوفر فيه الكثير من الجلسات المتنوعة يوجد ألعاب أطفال ، الجسر المعلق تجربة رائعة يوجد كفيات و أكلات خفيفة و يعتبر المكان مزرعة تشرح الصدر ، يعيبه الضيق و الازدحام وقت المواسم .,Taif,حديقة,,,1,,1,0,reviews_zenodo,,https://zenodo.org/records/16924532,static,,2026-09-13T06:19:18.696424+00:00,False
reviews_00406,مزرعة الريف,,المكان اكثر من رائع والخدمة ممتازه والاسعار عاديه استغرب من الي يقولون الاسعار غاليه والخدمة مو حلوه بس عيبها المواقف مانلقى ونطر نوقف بعيد ونروح مشي وعلى فكرة ترى ممنوع الدخول باي شي ادخل واحجز جلسه واطلب الي تبي🤍🍃. جيتها اليوم وزحمممىمه مره الي يبى جلسات يجي بدري ...,Taif,حديقة,0,,,-1,1,-1,reviews_zenodo,,https://zenodo.org/records/16924532,static,,2026-09-13T06:19:18.696424+00:00,False
reviews_00407,مزرعة الريف,,سيء ! رايحين عشان مربط الخيل قديم و مهجور اغلب الخيول تعبانة مافيها حيل و يجبرك تدفع دخولية ٢٠ ريال عشان المزرعة والاسعار داخل فلكية ايس كريم الي بريالين ب ١٠ ! ...,Taif,حديقة,-1,,-1,,,-1,reviews_zenodo,,https://zenodo.org/records/16924532,static,,2026-09-13T06:19:18.696424+00:00,False
reviews_00408,مزرعة الريف,,المكان مره حلو ونفه ويستحق الزياره عيبه الوحيد الزحمه في مطعم ومقهى عندهم قهوة عربي وفيه العاب للاطفال نطيطات,Taif,حديقة,,,1,,1,0,reviews_zenodo,,https://zenodo.org/records/16924532,static,,2026-09-13T06:19:18.696424+00:00,False
reviews_00409,مزرعة الريف,,مكان جميل وكل ماله يطور ويكبر المزرعه مشاءالله العام زرتها تغيرت مره وزادت (مزرعه للفراوله الدخول بفلوس فيها )وفيه ركوب خيل و سكوتر وفيه كوفي و جلسات تتفاوت اسعارها / دخول المزرعه للعائله كامله ب 20,Taif,حديقة,0,,1,,1,1,reviews_zenodo,,https://zenodo.org/records/16924532,static,,2026-09-13T06:19:18.696424+00:00,False
reviews_00410,مزرعة الريف,,ماشاءالله مكان جميل والاسعار معقولة و الجلسات متنوعة عندهم الدخول ٢٠ ريال حق كل عائلة,Taif,حديقة,0,,1,,1,1,reviews_zenodo,,https://zenodo.org/records/16924532,static,,2026-09-13T06:19:18.696424+00:00,False
reviews_00411,مزرعة الريف,,مكان سياحي جميل وممتع وتحسن كثيرا عن بدايه افتتاحه فيه جلسات مجانيه وفيه جلسات برسوم فيه كافيهات ومطاعم .,Taif,حديقة,1,,1,,1,1,reviews_zenodo,,https://zenodo.org/records/16924532,static,,2026-09-13T06:19:18.696424+00:00,False
reviews_00412,مزرعة الريف,,مزرعه جميله جدا وغير مكتمله باقي يشتغلون فيها والدخول ب ٢٠ ريال للعائله ومفتوحه على فترتين صباحيه ومسائيه يوجد جلسات متنوعه وجميله وكذلك كوفي والعاب هوائيه للأطفال وخيول ودرجات ولكن ياليت يراعون الزوار في أسعار الجلسات جدا مبالغ فيها ٦٠ ريال للجلسه مهما كان وقتك اللي بتقضيه فيها ومعها ياقهوه أو شاي تختار واحد منهم !!,Taif,حديقة,-1,,,,1,0,reviews_zenodo,,https://zenodo.org/records/16924532,static,,2026-09-13T06:19:18.696424+00:00,False
reviews_00413,مزرعة الريف,,مرتب جدا .. تنظيم جيد .. جميل وفيه فعاليات والاسعار جيدة ... العيب ... الكوفيهات خياراتها محدودة وكذلك المطعم,Taif,حديقة,0,,0,,1,0,reviews_zenodo,,https://zenodo.org/records/16924532,static,,2026-09-13T06:19:18.696424+00:00,False
reviews_00414,مزرعة الريف,,ممتازه فيها تنوع جلسات وكذلك قفص الطيور جميل وانت تعيش مع الطيور الكفي والمطعم لم تتم تجربته الجسر المعلق جميل,Taif,حديقة,,,1,,1,1,reviews_zenodo,,https://zenodo.org/records/16924532,static,,2026-09-13T06:19:18.696424+00:00,False
reviews_00415,مزرعة الريف,,خيال..طبيعة ساحرة ومنتزهات روووعة . وكالعادة ...غلاء الاسعار في كل الخدمات يكدر هذا الجمال .,Taif,حديقة,-1,,,,1,0,reviews_zenodo,,https://zenodo.org/records/16924532,static,,2026-09-13T06:19:18.696424+00:00,False
reviews_00416,مزرعة الريف,,ماشاء الله الجلسات مره حلوه والمكان منظم وعندهم المطعم ماشاء الله اكله طيب انصح بزيارته,Taif,حديقة,,,1,,1,1,reviews_zenodo,,https://zenodo.org/records/16924532,static,,2026-09-13T06:19:18.696424+00:00,False
reviews_00417,مزرعة الريف,,مكان جميل و متنوع الجلسات و دايم زحمه الجلسات الساعه ٣٠ و دلت القهوة ٣٠ فيه كوفي قهوة ولاكن غير مختص,Taif,حديقة,,,0,,1,0,reviews_zenodo,,https://zenodo.org/records/16924532,static,,2026-09-13T06:19:18.696424+00:00,False
reviews_00418,مزرعة الريف,,المكان يجنننن رايق رايق رايق لابعد الحدود وحلاته في النهار الجلسات متنوعه وبأفكار جميله,Taif,حديقة,,,1,,1,1,reviews_zenodo,,https://zenodo.org/records/16924532,static,,2026-09-13T06:19:18.696424+00:00,False
reviews_00419,مزرعة الريف,,جيده لابأس بها ولاكن لكبار السن صعب لانها تحتوي على نزول وطلوع وممرات ضيقه...,Taif,حديقة,,,,,0,0,reviews_zenodo,,https://zenodo.org/records/16924532,static,,2026-09-13T06:19:18.696424+00:00,False
reviews_00420,مزرعة الريف,,التمر ناشف والقهوة قليل مره. وكل شيء بفلوس واسعار مرتفعه. الجلسة ساعتين ب٦٠ اقول ابي ساعة يقول لا.,Taif,حديقة,-1,,-1,,,-1,reviews_zenodo,,https://zenodo.org/records/16924532,static,,2026-09-13T06:19:18.696424+00:00,False
reviews_00421,مزرعة الريف,,يا جماعه الصور تخدع ومن ضمنها الصور اللي صورتها😄،الدخول برسوم ووالله ما يستاهل ابدا العايله ب٢٠ ريال تدخل وتنصدم ان فيه ترميم ولا يقولون لك ،ومصلى للرجال مافيه ، المكان ما اعجبني ابدا في خيارات اجمل بكثير بالشفا ،دخلت تمشيت شوي وطلعت ولا فكرت اجلس او اطلب قهوه ...,Taif,حديقة,-1,,-1,,-1,-1,reviews_zenodo,,https://zenodo.org/records/16924532,static,,2026-09-13T06:19:18.696424+00:00,False
reviews_00422,مزرعة الريف,,زرتها انا وعائلتي ثالث العيد كانت اجمل مماتوقعت رائحة الورد معبيه الجو صوت العصافير يعطي استرخاء فيها حديقة مغلقه طيور ب١٠ريال لشخص واسطبل برسوم جلسات متنوعه في كل زاويه مع اعطاء الخصوصيه الاكل شعبي طلبت مقلقل ٣ صحون وخبز مله بالعسل وشاهي سعر الاكل مرتفع نوعا ما وقلت الخيارات ولاكن بالاجمال مكان يستحق الزياره اهنئ صاحبه الله يبارك له,Taif,حديقة,-1,,1,,1,1,reviews_zenodo,,https://zenodo.org/records/16924532,static,,2026-09-13T06:19:18.696424+00:00,False
reviews_00423,مزرعة الريف,,مزرعة جدا جميلة فيها امكان كثيرة والكوفي والألعاب الخيل والنوافير الشلالات المكان واسع وفي جلسات خاصة وعامة والجسر المعلق جميل جدا,Taif,حديقة,,,1,,1,1,reviews_zenodo,,https://zenodo.org/records/16924532,static,,2026-09-13T06:19:18.696424+00:00,False
reviews_00424,مزرعة الريف,,مزرعة تستحق الزيارة خصوصا بعد العصر حتى تقدر تزور كل الأماكن مثل اسطبل الخيل دخلت الصباح مجاني الدخول وفيه فطور اربع نجوم بسبب فتح بعض الأماكن وهي تحت الاصلاحات او الإنشاء وهذا خطر على الصغار,Taif,حديقة,1,,0,,1,0,reviews_zenodo,,https://zenodo.org/records/16924532,static,,2026-09-13T06:19:18.696424+00:00,False
reviews_00425,مزرعة الريف,,الصراحه المكان رائع لكن عندي كذا ملاحظه اولا الدخول ب ٢٠ ريال لماذا وانا بطلب من المقهى يعني كذا ادفع دخول وادفع قهوى وادفع في الجسر وادفع في الغابه يعني ياليت الدخول من غير رسوم لان كل شي جوه عليه رسوم وشكرا,Taif,حديقة,-1,,,,1,1,reviews_zenodo,,https://zenodo.org/records/16924532,static,,2026-09-13T06:19:18.696424+00:00,False
reviews_00426,مزرعة الريف,,مكان رووووعه مرتب وفيه خيارات متعدده من الآخر انصح بزيارته وراح أكرر الزياره ان شاء الله تعالى..,Taif,حديقة,,,,,1,1,reviews_zenodo,,https://zenodo.org/records/16924532,static,,2026-09-13T06:19:18.696424+00:00,False
reviews_00427,مزرعة الريف,,للامانة المكان جميل ولكن يعيبة كثرة المدفوعات الدخول تدفع ...,Taif,حديقة,-1,,,,1,0,reviews_zenodo,,https://zenodo.org/records/16924532,static,,2026-09-13T06:19:18.696424+00:00,False
reviews_00428,مزرعة الريف,,المزرعه ممتازه جدا وموفره جميع الخدمات والمرافق مكتمله من جميع النواحي ولكن ارجوا إعادة النظر في اسعار الجلسات والخدمات وشكرا لكم شي رائع,Taif,حديقة,-1,,1,,1,0,reviews_zenodo,,https://zenodo.org/records/16924532,static,,2026-09-13T06:19:18.696424+00:00,False
reviews_00429,مزرعة الريف,,المزرعه جميله للعائله الدخول بفلوس للعائله كامله ٢٠ يوجد جلسات الساعه ب٣٠ فيها العاب متنوعه وكل لعبه سعرها منفصل حبيت الجسر المعلق سعر الشخص٢٥,Taif,حديقة,0,,1,,1,1,reviews_zenodo,,https://zenodo.org/records/16924532,static,,2026-09-13T06:19:18.696424+00:00,False
reviews_00430,مزرعة الريف,,تجربة ممتعة المكان كل سنة في تطور للأفضل اعرفه منذ بداياته الله يبارك لصاحبه ...,Taif,حديقة,,,,,1,1,reviews_zenodo,,https://zenodo.org/records/16924532,static,,2026-09-13T06:19:18.696424+00:00,False
reviews_00431,مزرعة الريف,,المكان جميل جدا وانصح فيه ملاحظة بسيطة وش يمنع صاحب المزرعه مايوفر شوكلت بلجيكي!! غاليه عليه مثلا .. وش حدك للنوتلا .! حاول ترتقي بالاصناف والحلا,Taif,حديقة,,,0,,1,1,reviews_zenodo,,https://zenodo.org/records/16924532,static,,2026-09-13T06:19:18.696424+00:00,False
reviews_00432,مزرعة الريف,,مكان رائع وفي افكار جديده ولكن لم يكتمل بعد وينقصه الاعتناء بدورات المياة والمصلى وهذا اهم شيء بالنسبة لي في اي منتزه,Taif,حديقة,,,-1,,1,1,reviews_zenodo,,https://zenodo.org/records/16924532,static,,2026-09-13T06:19:18.696424+00:00,False
reviews_00433,مزرعة الريف,,من أروع الأماكن في الشفا متنوع في الجلسات الزياره كانت في وسط الأسبوع الدخول ب٢٠ ريال للعائلة,Taif,حديقة,,,1,,1,1,reviews_zenodo,,https://zenodo.org/records/16924532,static,,2026-09-13T06:19:18.696424+00:00,False
reviews_00434,مزرعة الريف,,مزعة الريف جميله جدا فيها كافيهات وجلسات وخيل ونعام وألعاب اطفال انصح فيها بشده خصوصا للعوائل,Taif,حديقة,,,1,,1,1,reviews_zenodo,,https://zenodo.org/records/16924532,static,,2026-09-13T06:19:18.696424+00:00,False
reviews_00435,مزرعة الريف,,روعه ما شاء الله لو في شي اكثر من الخمسه نجوم نعطيهم يستاهلو اكثر,Taif,حديقة,,,,,1,1,reviews_zenodo,,https://zenodo.org/records/16924532,static,,2026-09-13T06:19:18.696424+00:00,False
reviews_00436,مزرعة الريف,,المكان جميل وكل شي حلو الا عند دورات المياه جدا سيئه. والمصلى فرشتين برا ع مرتفع، المفترص اول الاهتمام يكون بالمصلى ودورة المياه,Taif,حديقة,,,-1,,1,1,reviews_zenodo,,https://zenodo.org/records/16924532,static,,2026-09-13T06:19:18.696424+00:00,False
reviews_00437,مزرعة الريف,,مزرعه اكثر من رائعه حقيقي جميله واجواء جميله مهتمين بكل زاويه في المزرعه انصح بشده زيارة المزرعه,Taif,حديقة,,,,,1,1,reviews_zenodo,,https://zenodo.org/records/16924532,static,,2026-09-13T06:19:18.696424+00:00,False
reviews_00438,مزرعة الريف,,ماشاء الله مميز ومنوع وجميل اتمنى الكل يزوره جمييييل جدا باجواءه,Taif,حديقة,,,,,1,1,reviews_zenodo,,https://zenodo.org/records/16924532,static,,2026-09-13T06:19:18.696424+00:00,False
reviews_00439,مزرعة الريف,,المكان جميل كبير مناسب لكل الاعمار يحتاج نوفير المزيد من الحمامات ونظافتها,Taif,حديقة,,-1,-1,,1,0,reviews_zenodo,,https://zenodo.org/records/16924532,static,,2026-09-13T06:19:18.696424+00:00,False
reviews_00440,مزرعة الريف,,زرت هذي المزرعة قبل سنتين او ٣ اطورت ماشاء الله بشكل جميل جدا استمرووا ...,Taif,حديقة,,,,,1,1,reviews_zenodo,,https://zenodo.org/records/16924532,static,,2026-09-13T06:19:18.696424+00:00,False
reviews_00441,مزرعة الريف,,مزرعة ممتازة ومتنفس ممتاز . مكان جميل ويتم قضاء اليوم كاملا فيه,Taif,حديقة,,,,,1,1,reviews_zenodo,,https://zenodo.org/records/16924532,static,,2026-09-13T06:19:18.696424+00:00,False
reviews_00442,مزرعة الريف,,المكان جميل و الجلسات المغلقه برسوم ٦٠ ريال الوقت مفتوح ولكن تفتقر بعض الجلسات لفيش كهرباء لشحن الجوال ودورات المياه رغم انك تدفع رسوم دخول ٢٠ ريال للعائله الا انها غير نظيفه ارجو الاهتمام بنظافتها رغم توفر الكثير من العمال ورسوم الالعاب ٢٥ ريال للشخص,Taif,حديقة,0,-1,,-1,1,0,reviews_zenodo,,https://zenodo.org/records/16924532,static,,2026-09-13T06:19:18.696424+00:00,False
reviews_00443,مزرعة الريف,,مكان جميل ولكن تنقصه نظافة دورات المياه وياليت يكون مفتوح ٢٤ساعه الناس تنتظر بالساعات عشان تفتحونه,Taif,حديقة,,-1,,,1,0,reviews_zenodo,,https://zenodo.org/records/16924532,static,,2026-09-13T06:19:18.696424+00:00,False
reviews_00444,مزرعة الريف,,ماشاء الله تبارك الله المكان رائع بكل معنا الكلمة تنظيم ونظافة 🌹شكرا ...,Taif,حديقة,,1,,,1,1,reviews_zenodo,,https://zenodo.org/records/16924532,static,,2026-09-13T06:19:18.696424+00:00,False
reviews_00445,مزرعة الريف,,ما شاء الله تبارك الله مكان جميل و راقي ،، يوجد كافيه و مطعم و جلسات يستاهل خم5 س نجوم مكان هادئ و جو لطيف كمان يوجد دورات مياه ( الله يكرمكم ) ...,Taif,حديقة,,,1,,1,1,reviews_zenodo,,https://zenodo.org/records/16924532,static,,2026-09-13T06:19:18.696424+00:00,False
reviews_00446,مزرعة الريف,,جميييييل جدا انبسطنا بالجسر والطيور بس صراحه الاطفال سببو رعب للطيور يطردوها مسكينه ليت فيه امن يمنعهم والكافيهات حلوه والسيء فقط مدخله صعب زحمه سيارات وزحمه ناس ماشاء الله,Taif,حديقة,,,0,,1,0,reviews_zenodo,,https://zenodo.org/records/16924532,static,,2026-09-13T06:19:18.696424+00:00,False
reviews_00447,مزرعة الريف,,المكان جميل لكن مع الزحمة وعدم التنظيم ماتشوف شي مزرعة الريف دخولها ٢٠للعائلة داخلها مزرعة فراولة الدخول ب ٢٥ للكبار مع علبه فراولة بدون قطف على كلامها بعد يومين حيكون فيه ، فيه جلسات ب٥٠ يوجد كمان اسطبل ...,Taif,حديقة,,,,-1,1,0,reviews_zenodo,,https://zenodo.org/records/16924532,static,,2026-09-13T06:19:18.696424+00:00,False
reviews_00448,مزرعة الريف,,مكان جميل ونظيف والجلسات مريحه زيارتي لها انا والعائلة مررره حلوه,Taif,حديقة,,1,,,1,1,reviews_zenodo,,https://zenodo.org/records/16924532,static,,2026-09-13T06:19:18.696424+00:00,False
reviews_00449,مزرعة الريف,,المكان جميل جدا ومرتب ومهتمين بكل التفصيل ولكن مع كبر المكان لايوجد إلى دورة مياه واحده فقط ولا يوجد مصلي,Taif,حديقة,,,-1,,1,0,reviews_zenodo,,https://zenodo.org/records/16924532,static,,2026-09-13T06:19:18.696424+00:00,False
reviews_00450,مزرعة الريف,,مكان جميل ووجه سياحة راقيه فيها تجارب كثيره وممتعه للكبار والصغاردخول العائلة بي ٢٠ ريال منها ركوب الخيل لفتين داخل المضمار بي ١٠ ريال و المشي على الجسر المعلق الشخص بي ٢٥ ريال للكبار والصغار الأطفال اقل من ٨ سنوات ما يركب الا اذا تجاوز ...,Taif,حديقة,1,,1,,1,1,reviews_zenodo,,https://zenodo.org/records/16924532,static,,2026-09-13T06:19:18.696424+00:00,False
reviews_00451,مزرعة الريف,,المكان جميل جميل جميل اتعب ونا اقول جمييل كل شي حلو فيه الاجواء والجلسات بس خساره وقتها صيانه لحديقه الطيور م شفناها بس راح نرجع مرا ثانيه 💜💜 ...,Taif,حديقة,,,0,,1,0,reviews_zenodo,,https://zenodo.org/records/16924532,static,,2026-09-13T06:19:18.696424+00:00,False
reviews_00452,مزرعة الريف,,مزرعههه روعههه جدااا وهادي واسعار دخول سياره ب 20 ريال وسعرهم حلووو ومناسب ع جمال المزرعه الله يوفقهم,Taif,حديقة,1,,,,1,1,reviews_zenodo,,https://zenodo.org/records/16924532,static,,2026-09-13T06:19:18.696424+00:00,False
reviews_00453,مزرعة الريف,,بصراحة المكان جميل والمنظر ولا اروع ولكن الموظفين سيئين بشكل لا يتصور اسلوبهم غير احترافي وتحس كانك في بوفية مب في مكان محترم,Taif,حديقة,,,,-1,1,0,reviews_zenodo,,https://zenodo.org/records/16924532,static,,2026-09-13T06:19:18.696424+00:00,False
reviews_00454,مزرعة الريف,,جميله جدا ولكن الجلسات سعرها مبالغ فيه,Taif,حديقة,-1,,,,1,0,reviews_zenodo,,https://zenodo.org/records/16924532,static,,2026-09-13T06:19:18.696424+00:00,False
reviews_00455,مزرعة الريف,,المكان يجنن بزوره تاني ان شاء الله الدخول للعائلة ب20 وطيور ب10 للشخص,Taif,حديقة,1,,,,1,1,reviews_zenodo,,https://zenodo.org/records/16924532,static,,2026-09-13T06:19:18.696424+00:00,False
reviews_00456,مزرعة الريف,,مكان مرتب وجميل يستحق الزيارة ويوجد مزرعه للفراولة في الموقع ومحمية طيور وجسر معلق واسطبل للخيول وجلسات مرتبه وجميله داخل المزرعه مجانيه,Taif,حديقة,1,,1,,1,1,reviews_zenodo,,https://zenodo.org/records/16924532,static,,2026-09-13T06:19:18.696424+00:00,False
reviews_00457,مزرعة الريف,,رائعه عوائل تنفع بالشتاء لها عده جلسات ومناظر جميله مرا حبيت,Taif,حديقة,,,,,1,1,reviews_zenodo,,https://zenodo.org/records/16924532,static,,2026-09-13T06:19:18.696424+00:00,False
reviews_00458,مزرعة الريف,,مكان مره جميل وينبسطو فيه الاطفال بس ناقصة مطاعم وكافيهات 😍♥️♥️♥️ ...,Taif,حديقة,,,-1,,1,1,reviews_zenodo,,https://zenodo.org/records/16924532,static,,2026-09-13T06:19:18.696424+00:00,False
reviews_00459,مزرعة الريف,,جو ها طيب الا كل جيد. الجلسات عليها فلوس. فيها مقها قهوة سعودية وسبرسو وغيرها من القهاوي وجلست المقها طيبه. وتحتاج زيادة مثل دورة المياه المسجد.,Taif,حديقة,,,0,,1,1,reviews_zenodo,,https://zenodo.org/records/16924532,static,,2026-09-13T06:19:18.696424+00:00,False
reviews_00460,مزرعة الريف,,مكان جميل انصح به للعائلات ولكن اسعار الجلسات غاليه نرجوا النظر في هذي الملاحظة وشكرا,Taif,حديقة,-1,,,,1,1,reviews_zenodo,,https://zenodo.org/records/16924532,static,,2026-09-13T06:19:18.696424+00:00,False
reviews_00461,مزرعة الريف,,مكان جميل جدا وواسع وتنوع في التصميم وبه الجسر المعلق,Taif,حديقة,,,1,,,1,reviews_zenodo,,https://zenodo.org/records/16924532,static,,2026-09-13T06:19:18.696424+00:00,False
reviews_00462,مزرعة الريف,,مرره حلوه وتجنن وتصلح في النهار وفيها جسر معلق للمشي وكمان فيعا خيل وكافيهات ..والدخول برسوم..,Taif,حديقة,0,,1,,1,1,reviews_zenodo,,https://zenodo.org/records/16924532,static,,2026-09-13T06:19:18.696424+00:00,False
reviews_00463,مزرعة الريف,,بكيفهم احيان يدخلو اكل وناس لا. الدخول ب ٢٠ ريال للعيله لكن جوا انتو وحظكم تلاقو جلسات او لا. الحمامات جدا سيئة ومره المواقف قليله وفي الليل في كلاب كمان,Taif,حديقة,,,-1,-1,,-1,reviews_zenodo,,https://zenodo.org/records/16924532,static,,2026-09-13T06:19:18.696424+00:00,False
reviews_00464,مزرعة الريف,,المكان جدا نظيف ومرتب وتقريبا جميع الخدمات متوفرة ، يحتاح فقط لمواقف وخاصة لكبار السن,Taif,حديقة,,1,0,,1,1,reviews_zenodo,,https://zenodo.org/records/16924532,static,,2026-09-13T06:19:18.696424+00:00,False
reviews_00465,مزرعة الريف,,مكان يشرح الصدر وفيه جلسات منوعه ومناسب للاطفال,Taif,حديقة,,,1,,1,1,reviews_zenodo,,https://zenodo.org/records/16924532,static,,2026-09-13T06:19:18.696424+00:00,False
reviews_00466,مزرعة الريف,,المكان حلو جدا والجلسات غاليه جدا فطلبت الجلسه ب١٠٠ لان معها قهوه عربي و الطلب يتاخر شوي مع العلم اتمنى ياداره تكون حاده فجلسنا جلسه استنينا يجينا المسؤل غير احتا رحتا له مع العلم لا توجد زحمه...,Taif,حديقة,-1,,,-1,1,-1,reviews_zenodo,,https://zenodo.org/records/16924532,static,,2026-09-13T06:19:18.696424+00:00,False
reviews_00467,مزرعة الريف,,مكان ممتع صراحة الله يبارك لراعي المنتجع مستغل كل مساحه فيه محل حلو فيه كفيهات وجسر معلق ودراجة معلقه و حديقة طيور والعاب اطفال الجو مكلف كان الايام ذي رغم حرارة الجو والله الليل ما ينففع الا لبسك ثقيل وحاول توصل له على العصر,Taif,حديقة,,,1,,1,1,reviews_zenodo,,https://zenodo.org/records/16924532,static,,2026-09-13T06:19:18.696424+00:00,False
reviews_00468,مزرعة الريف,,مكان خرافي ورائع،،، واسعار معقولة الاكل ف المطعم السوري خيااال♥️♥️♥️,Taif,حديقة,0,,1,,1,1,reviews_zenodo,,https://zenodo.org/records/16924532,static,,2026-09-13T06:19:18.696424+00:00,False
reviews_00469,مزرعة الريف,,اجمل مكان سياحي فالطايف صباحك في هذي هذي المزرعه يضيف لسعادتك سعاده اشكر القائمين عليها والملاك,Taif,حديقة,,,,,1,1,reviews_zenodo,,https://zenodo.org/records/16924532,static,,2026-09-13T06:19:18.696424+00:00,False
reviews_00470,مزرعة الريف,,جميلة جدا ومهتمين بأدق التفاصيل نظيفة ولا يوجد حشرات ابدا الحمامات يلزمها عناية,Taif,حديقة,,1,0,,1,1,reviews_zenodo,,https://zenodo.org/records/16924532,static,,2026-09-13T06:19:18.696424+00:00,False
reviews_00471,مزرعة الريف,,مرررره حبيت المكان يستحق الزيارة جدددد جلسات منوعة وكوفي واسطبل خيول والعاب اطفال فيه جسر معلق للاسف زحمة البعض واقف ينتظر ٣ ساعات وما جاء دورهم 🥺 بس المكان مرررررررره جميييييل ...,Taif,حديقة,,,1,,1,0,reviews_zenodo,,https://zenodo.org/records/16924532,static,,2026-09-13T06:19:18.696424+00:00,False
reviews_00472,مزرعة الريف,,دخول بفلوس ومقسمينه قسمين بالداخل والدخول بفلوس شوي ويخلون المشي بفلوس المكان من داخل عادي جدا ...,Taif,حديقة,-1,,,,0,0,reviews_zenodo,,https://zenodo.org/records/16924532,static,,2026-09-13T06:19:18.696424+00:00,False
reviews_00473,مزرعة الريف,,المزرعه جميله في تنوع في الجلسات الجسر المعلق ممتع جربوه واسعاره مناسبه المكان نظيف ويتطور بشكل جميل ...,Taif,حديقة,1,1,1,,1,1,reviews_zenodo,,https://zenodo.org/records/16924532,static,,2026-09-13T06:19:18.696424+00:00,False
reviews_00474,مزرعة الريف,,اجوائها جميله جدا فيها الجسر المعلق ومربط خيل وترفيه متنوع اجواء جدا حلوووووووووه تستاهل الزياره,Taif,حديقة,,,1,,1,1,reviews_zenodo,,https://zenodo.org/records/16924532,static,,2026-09-13T06:19:18.696424+00:00,False
reviews_00475,مزرعة الريف,,المكان جميل جدا ...يبغاله شويه كوشكات ومطعم ويطلع رووووعه,Taif,حديقة,,,-1,,1,1,reviews_zenodo,,https://zenodo.org/records/16924532,static,,2026-09-13T06:19:18.696424+00:00,False
reviews_00476,مزرعة الريف,,منتزه جميل به مرافق والعاب ممتعه والباقي تحت التجهيز ومطعم مشويات جيد ومقاهي متعدده,Taif,حديقة,,,1,,1,1,reviews_zenodo,,https://zenodo.org/records/16924532,static,,2026-09-13T06:19:18.696424+00:00,False
reviews_00477,مزرعة الريف,,مكان رائع وجميل للغاية اشكر القائمين عليه متنوع وجلسات كثيره بس الافضل زيارتها قلل المغرب بساعة حتى يكون الجو جميل ورائق قبل يكون شمس وحر,Taif,حديقة,,,1,,1,1,reviews_zenodo,,https://zenodo.org/records/16924532,static,,2026-09-13T06:19:18.696424+00:00,False
reviews_00478,مزرعة الريف,,المكان جميل والأجمل الجو اليوم كان جميل المزرعة متنوعة من حيث الطبيعه ومعرض الورد الطائفي فيها منتجاته جميله وأسعارهم معقوله انصح بزيارة المزرعة مع العائلة مربط الخيل جميل .,Taif,حديقة,1,,1,,1,1,reviews_zenodo,,https://zenodo.org/records/16924532,static,,2026-09-13T06:19:18.696424+00:00,False
reviews_00479,مزرعة الريف,,ياليت يكون فيه اهتمام بوجود مصلى نظيف وليس سجاد متسخ يتم وضعه في مكان بعيد ويقال مصلى ومن ناحيه المزرعه رائعه وفكره جميله,Taif,حديقة,,-1,-1,,1,0,reviews_zenodo,,https://zenodo.org/records/16924532,static,,2026-09-13T06:19:18.696424+00:00,False
reviews_00480,مزرعة الريف,,المزرعه جميله وكبيره وتفتح النفس الجلسات نظيفه وخبز المله يجنن بس الفول والشكشوكه اقل من عادي ممكن ازوره مره ثاني بس بدون فطور,Taif,حديقة,,1,1,,1,0,reviews_zenodo,,https://zenodo.org/records/16924532,static,,2026-09-13T06:19:18.696424+00:00,False
reviews_00481,مزرعة الريف,,مكان جدا جميل انصح فيه للعوائل وبقوة يحتاج توقر مطاعم,Taif,حديقة,,,-1,,1,0,reviews_zenodo,,https://zenodo.org/records/16924532,static,,2026-09-13T06:19:18.696424+00:00,False
reviews_00482,مزرعة الريف,,المكان جميل بس المطاعم قليله ومطعم واحد شفته الشاورما مبالغ في السعر وغير ان اللحمه حبتين في خبز كامل والطعم مش ولابد مو طعم شاورما ابد بس الباقي كلو تمام,Taif,حديقة,-1,,-1,,1,0,reviews_zenodo,,https://zenodo.org/records/16924532,static,,2026-09-13T06:19:18.696424+00:00,False
reviews_00483,مزرعة الريف,,ماشاء الله تبارك الله اقف وقفة اجلال واحترام لصاحب هذا الجمال صراحة منبهر من الجمال والترتيب والطبيعة وتصميم المزرعة الخرافي ...,Taif,حديقة,,,,,1,1,reviews_zenodo,,https://zenodo.org/records/16924532,static,,2026-09-13T06:19:18.696424+00:00,False
reviews_00484,مزرعة الريف,,مزرعه الدخول للعائله ب ٢٠ ريال الموقف برا صعبه شوي لان الطريق ضيق المزرعه جميله ويوجد بها مقهى ومحل بيع عطور وبخور ...,Taif,حديقة,,,1,,1,0,reviews_zenodo,,https://zenodo.org/records/16924532,static,,2026-09-13T06:19:18.696424+00:00,False
reviews_00485,مزرعة الريف,,مزرعة جميله وشاملة جلسات ومقاهي ومطاعم ولاكن زحمه والجلسات مليئه,Taif,حديقة,,,1,,1,0,reviews_zenodo,,https://zenodo.org/records/16924532,static,,2026-09-13T06:19:18.696424+00:00,False
reviews_00486,مزرعة الريف,,المكان مره جميل و واسع و فيه اكثر من كوفي و العاب .. يستحق الزياره مره ثانيه,Taif,حديقة,,,1,,1,1,reviews_zenodo,,https://zenodo.org/records/16924532,static,,2026-09-13T06:19:18.696424+00:00,False
reviews_00487,مزرعة الريف,,موقع رائع وخاصه للعوائل لوجود جميع الخدمات,Taif,حديقة,,,1,,1,1,reviews_zenodo,,https://zenodo.org/records/16924532,static,,2026-09-13T06:19:18.696424+00:00,False
reviews_00488,مزرعة الريف,,المكان جميل لكن للاسف دفعنا رسوم دخول ٢٠ ريال للعائلة ودخلنا لقينا المكان تقريبا تحت الصيانه اللي شغال فيه الكافي و الطيور فقط,Taif,حديقة,,,-1,,1,0,reviews_zenodo,,https://zenodo.org/records/16924532,static,,2026-09-13T06:19:18.696424+00:00,False
reviews_00489,مزرعة الريف,,جميله جدا وتوجد مزرعتين بجوار بعض ومدخلها واحد مزرعة الريف ومزرعة ارياف ويوجد مزرعة فراوله والجلسات متوفره بكثره وفي اماكن متفرقه رسوم دخول الغابة 30 للشخص تحت 3 سنين مجانا ورسوم الجسر المعلق 25 للشخص ورسوم الدخول 25 لكامل العائله,Taif,حديقة,0,,1,,1,1,reviews_zenodo,,https://zenodo.org/records/16924532,static,,2026-09-13T06:19:18.696424+00:00,False
reviews_00490,مزرعة الريف,,منتزه جميل من العاب وجلسات وكوفيهات وبحيره جميله وورود وممشى ويوجد فيها مزرعة فراولة,Taif,حديقة,,,1,,1,1,reviews_zenodo,,https://zenodo.org/records/16924532,static,,2026-09-13T06:19:18.696424+00:00,False
reviews_00491,مزرعة الريف,,رائع جدا واعجبني اكثر انه مافيه موسيقى,Taif,حديقة,,,1,,1,1,reviews_zenodo,,https://zenodo.org/records/16924532,static,,2026-09-13T06:19:18.696424+00:00,False
reviews_00492,مزرعة الريف,,مره جميله المزرعه وجلساته حلوه والمتظر هناك يرد الروح,Taif,حديقة,,,,,1,1,reviews_zenodo,,https://zenodo.org/records/16924532,static,,2026-09-13T06:19:18.696424+00:00,False
reviews_00493,مزرعة الريف,,المكان جدا جميل . مريح نفسيا . الكابيتشينو ولا احلى . يوجد خيول,Taif,حديقة,,,1,,1,1,reviews_zenodo,,https://zenodo.org/records/16924532,static,,2026-09-13T06:19:18.696424+00:00,False
reviews_00494,مزرعة الريف,,المزرعة تفووووووز والدخول للعائلة ب٢٠ ريال المكان بالليل فخم ومع الامطار يطلع شيء ثاااااااني ❤️‍🔥 ...,Taif,حديقة,1,,,,1,1,reviews_zenodo,,https://zenodo.org/records/16924532,static,,2026-09-13T06:19:18.696424+00:00,False
reviews_00495,مزرعة الريف,,يحتاج إلى العناية بحديقة الطيور أكثر وتوفير مواقف سيارات أكثر. و إيجاد نجيلة زراعية. ومصلى مجهز.,Taif,حديقة,,,-1,,,-1,reviews_zenodo,,https://zenodo.org/records/16924532,static,,2026-09-13T06:19:18.696424+00:00,False
reviews_00496,مزرعة الريف,,حلوة و مناسبة لكل الاعمار بس عندي ملاحظة حديقة الحيوان لا انصه بها غالية ولا يوجد بها حيوانات وسعرها غالي,Taif,حديقة,-1,,,,1,0,reviews_zenodo,,https://zenodo.org/records/16924532,static,,2026-09-13T06:19:18.696424+00:00,False
reviews_00497,مزرعة الريف,,مكان رائع وجميل وانصح الكل بزيارته,Taif,حديقة,,,,,1,1,reviews_zenodo,,https://zenodo.org/records/16924532,static,,2026-09-13T06:19:18.696424+00:00,False
reviews_00498,مزرعة الريف,,المكان جميل تنقصه مواقف سيارات,Taif,حديقة,,,-1,,1,0,reviews_zenodo,,https://zenodo.org/records/16924532,static,,2026-09-13T06:19:18.696424+00:00,False
reviews_00499,مزرعة الريف,,المكان رائع ومناسب للعوائل,Taif,حديقة,,,,,1,1,reviews_zenodo,,https://zenodo.org/records/16924532,static,,2026-09-13T06:19:18.696424+00:00,False
reviews_00500,مزرعة الريف,,مكان رائع للتنزه ويوجد فيها مطعم وكفي وجلسات جميله وجسر معلق,Taif,حديقة,,,1,,1,1,reviews_zenodo,,https://zenodo.org/records/16924532,static,,2026-09-13T06:19:18.696424+00:00,False
reviews_00501,مزرعة الريف,,جميل مكان رايق صوت العصافير والمقهى جميل قهوتهم وحلاهم,Taif,حديقة,,,1,,1,1,reviews_zenodo,,https://zenodo.org/records/16924532,static,,2026-09-13T06:19:18.696424+00:00,False
reviews_00502,مزرعة الريف,,حلو والجو جميل لاكن مبالغ في سعر الجلسات والمصلى صغير,Taif,حديقة,-1,,-1,,1,0,reviews_zenodo,,https://zenodo.org/records/16924532,static,,2026-09-13T06:19:18.696424+00:00,False
reviews_00503,مزرعة الريف,,المنتزه جميل ونظيف ، الدخول برسوم وممنوع دخول المأكولات والمشروبات ، من رأيي مايناسب كبار السن لان الطرق وعره شوي ويعيبه عدم وجود لوحات ارشاديه ، طلعت لتجربة لعبة المشي على الجسر المعلق ولما وصلت قالوا التذاكر من تحت طبعا كنسلت الفكره لان ...,Taif,حديقة,,1,-1,,1,-1,reviews_zenodo,,https://zenodo.org/records/16924532,static,,2026-09-13T06:19:18.696424+00:00,False
reviews_00504,مزرعة الريف,,حلو كأنه متاهه و فيه مكان طيور حبيت هذي الفقره و كنت بروح لمكان الفراشات بس كان مسكر ، جميل المكان و ينفع للعائله على العصريه,Taif,حديقة,,,1,,1,1,reviews_zenodo,,https://zenodo.org/records/16924532,static,,2026-09-13T06:19:18.696424+00:00,False
reviews_00505,مزرعة الريف,,المزرعه جميله جدا ومناسبه لكل الفئات العمريه ممتعه ومرتبه فيها كافيهات وجلسات خارجيه والعاب للأطفال ودخول العوائل ب20 ريال فقط,Taif,حديقة,1,,1,,1,1,reviews_zenodo,,https://zenodo.org/records/16924532,static,,2026-09-13T06:19:18.696424+00:00,False
reviews_00506,مزرعة الريف,,المكان روعه. فيه مشكلتين. الاوله المواقف وهذي بسيطة. الثانيه. فيه دفع فلوس واشياء غريبه. يعني مثلا انت تدفع رسوم دخول. بعدين اذا ابتجلس جوه الساعه ب 50. واذا خلصت الساعه جاك يبغى فلوس. طريقتهم في التعامل شوي بدائية طبعا اتكلم عن العمال ...,Taif,حديقة,-1,,0,-1,1,0,reviews_zenodo,,https://zenodo.org/records/16924532,static,,2026-09-13T06:19:18.696424+00:00,False
reviews_00507,مزرعة الريف,,المكان جميل لكن لاسف دورات مياة سيئة جدا جدا مافي عاملات تهتم فيها ولاتوجد موية فيها,Taif,حديقة,,,-1,-1,1,0,reviews_zenodo,,https://zenodo.org/records/16924532,static,,2026-09-13T06:19:18.696424+00:00,False
reviews_00508,مزرعة الريف,,المكان جميل ويبدو اكثر من مزرعة الدخول الاساسي ب ٢٠ مافي تنظيم ولا في اماكن تكفي جلست نصف ساعه انتظر كرسي وانا وحظك لو صادفت احد طالع حتى الجلسات مايمديك تدخل الا لقيت قبلك احد يركض من التكدس ...,Taif,حديقة,,,-1,,1,-1,reviews_zenodo,,https://zenodo.org/records/16924532,static,,2026-09-13T06:19:18.696424+00:00,False
reviews_00509,مزرعة الريف,,رائعة لكن زحمة كثيرة وارتفاع في الاسعاؤ,Taif,حديقة,-1,,,,-1,0,reviews_zenodo,,https://zenodo.org/records/16924532,static,,2026-09-13T06:19:18.696424+00:00,False
reviews_00510,مزرعة الريف,,ممتازة جدا ورائعة... اتمنى تطوير المصلى - السماح بدخول القهوة ولوازمها حتى لو كانت برسوم,Taif,حديقة,,,-1,,1,0,reviews_zenodo,,https://zenodo.org/records/16924532,static,,2026-09-13T06:19:18.696424+00:00,False
reviews_00511,مزرعة الريف,,المزرعه جميله لكن نظام الجباية على كل شيء منفر ، الدخول تدفع الجلسات تدفع الالعاب تدفع اضافة الى ان الاسعار مبالغ فيها جدا,Taif,حديقة,-1,,,,1,1,reviews_zenodo,,https://zenodo.org/records/16924532,static,,2026-09-13T06:19:18.696424+00:00,False
reviews_00512,مزرعة الريف,,منتجع جيد جدا ويفتقر للفعاليات والاسعار عالية,Taif,حديقة,-1,,-1,,0,-1,reviews_zenodo,,https://zenodo.org/records/16924532,static,,2026-09-13T06:19:18.696424+00:00,False
reviews_00513,مزرعة الريف,,مكان جدا راقي. وحلو ويستاهل الزيارة,Taif,حديقة,,,,,1,1,reviews_zenodo,,https://zenodo.org/records/16924532,static,,2026-09-13T06:19:18.696424+00:00,False
reviews_00514,مزرعة الريف,,موقع جميل جدا مزرعه بها عدة مقاهي وجلسات وجسر معلق للمشاه ... يستحق الزياره,Taif,حديقة,,,1,,1,1,reviews_zenodo,,https://zenodo.org/records/16924532,static,,2026-09-13T06:19:18.696424+00:00,False
reviews_00515,مزرعة الريف,,جميله جدا بس خساره الفعاليات كلها بعد الساعه ٢ وانا جيتها الصباح,Taif,حديقة,,,,,1,0,reviews_zenodo,,https://zenodo.org/records/16924532,static,,2026-09-13T06:19:18.696424+00:00,False
reviews_00516,مزرعة الريف,,جميلة بس مزدحمة بالحيل كل شي مليان مالك موطى ، ياليت يكون فيه حجوزات عبر موقع و وضع حد لعدد الزوار لتسهيل التنظيم من ناحية الجلسات وغيره,Taif,حديقة,,,,,1,-1,reviews_zenodo,,https://zenodo.org/records/16924532,static,,2026-09-13T06:19:18.696424+00:00,False
reviews_00517,مزرعة الريف,,جميلة وحلوة ونظيفة والمكان جدا حلو بس مشكلة الحمامات العامة مو نظيفة,Taif,حديقة,,0,,,1,0,reviews_zenodo,,https://zenodo.org/records/16924532,static,,2026-09-13T06:19:18.696424+00:00,False
reviews_00518,مزرعة الريف,,مكان فسيح متنوع الامكانات اخضر ومبهج للنفس ونظيف ويحوي كل فن,Taif,حديقة,,1,,,1,1,reviews_zenodo,,https://zenodo.org/records/16924532,static,,2026-09-13T06:19:18.696424+00:00,False
reviews_00519,مزرعة الريف,,المكان يجنن مره حلو بس يزعل انو اغلب النشاطات كانت مو موجودة بس لسا المكان يستحق الزيارة,Taif,حديقة,,,-1,,1,1,reviews_zenodo,,https://zenodo.org/records/16924532,static,,2026-09-13T06:19:18.696424+00:00,False
reviews_00520,مزرعة الريف,,القعدات حلوه بس الخدمه سيئة جدا من مطعمهم الاسعار غاليه ولافي احد يعبرك ويتأخرون,Taif,حديقة,-1,,,-1,1,0,reviews_zenodo,,https://zenodo.org/records/16924532,static,,2026-09-13T06:19:18.696424+00:00,False
reviews_00521,مزرعة الريف,,مزرعة جميلة جدا فيها كافيهات بالاسفل والعاب مجانيه للاطفال الدخول ب ٢٠ للعائلة وفيه خيول بالاعلى,Taif,حديقة,1,,1,,1,1,reviews_zenodo,,https://zenodo.org/records/16924532,static,,2026-09-13T06:19:18.696424+00:00,False
reviews_00522,مزرعة الريف,,اسعار الجلسات ١٠٠ ريال ساعتين فقط كثير بالنسبه لي ولا اقيس على الاخرين,Taif,حديقة,-1,,,,,-1,reviews_zenodo,,https://zenodo.org/records/16924532,static,,2026-09-13T06:19:18.696424+00:00,False
reviews_00523,مزرعة الريف,,المكان جميل جدا أسعار الكفايه غاليه الالعاب غاليه نرجو مراعاة الاسعار,Taif,حديقة,-1,,,,,-1,reviews_zenodo,,https://zenodo.org/records/16924532,static,,2026-09-13T06:19:18.696424+00:00,False
reviews_00524,مزرعة الريف,,مكان رائع وجميل، فيه جميع الأنشطة والأماكن الترفيهية. من أفضل الأماكن السياحية في الطائف أنصح فيه وبقوة.,Taif,حديقة,,,1,,1,1,reviews_zenodo,,https://zenodo.org/records/16924532,static,,2026-09-13T06:19:18.696424+00:00,False
reviews_00525,مزرعة الريف,,المكان حلو ومرتب ومتعوب عليه صراحة لاكن فيه ملاحظات ، اول شي رسوم الدخول ٥ اشخاص ب ٢٠ اكثر يدفعك ٣٠ ريال وتدخل تنصدم مافيه مكان تجلس فيه كلها فل وحاط جلسات برسوم يعني فوق انك دافع ٣٠ يدفعونك ٦٠ عشان جلسه مو معقول !! والي يقهر القى ناس ...,Taif,حديقة,-1,,-1,,1,-1,reviews_zenodo,,https://zenodo.org/records/16924532,static,,2026-09-13T06:19:18.696424+00:00,False
reviews_00526,مزرعة الريف,,الله يعطيكم العافية جدا جميلة للعائلات يا ليت يتم مراجعه اسعار العاب الأطفال غاليه جدا,Taif,حديقة,-1,,,,1,-1,reviews_zenodo,,https://zenodo.org/records/16924532,static,,2026-09-13T06:19:18.696424+00:00,False
reviews_00527,مزرعة الريف,,سيء بمعنى الكلمه، لا فيه ارشادات لموضوع الاسعار، يخلونك تدفع بره على كل سيارة ٢٠ ريال، وفي الداخل فيه حديقة طيور وجسر معلق وممشى زجاجي واشياء كثيره، بس كل شي بتجي تدخله تدفع عليه على الشخص ٢٥ ريال للشخصين ٤٥ ريال، وممنوع دخول الاطعمه ...,Taif,حديقة,-1,,,,,-1,reviews_zenodo,,https://zenodo.org/records/16924532,static,,2026-09-13T06:19:18.696424+00:00,False
reviews_00528,مزرعة الريف,,يتوفر فيه جلسات وطيور ومطل وجسر معلق وورد طائفي وقهوه وأسماك بأنواع واشكال كثيره,Taif,حديقة,,,1,,,1,reviews_zenodo,,https://zenodo.org/records/16924532,static,,2026-09-13T06:19:18.696424+00:00,False
reviews_00529,مزرعة الريف,,اتمنى منكم أن تفصلوا الحمام عن باقي الطيور.... وياليت تهتموا في الطيور اكثر ونظافة الاقفاص وهي تجربه جدا جيده بالنسبه لي,Taif,حديقة,,,0,,,0,reviews_zenodo,,https://zenodo.org/records/16924532,static,,2026-09-13T06:19:18.696424+00:00,False
reviews_00530,مزرعة الريف,,مكان جميل في أحضان الطبيعة لكن يحتاج المزيد من الاهتمام واستكمال التجهيزات,Taif,حديقة,,,0,,1,0,reviews_zenodo,,https://zenodo.org/records/16924532,static,,2026-09-13T06:19:18.696424+00:00,False
reviews_00531,مزرعة الريف,,مكان جميل ورائع ذهبت إليه عدة مرات ، ولكن آخر زيارتي لهذا المكان كان سيئا بعض الشيء ، قابلت بعض من لهم منصب كبير في المزرعة أسلوبهم سيء في الكلام ، واكتشفت انهم يأخذون مبلغا للدخول علما بأنني أعرف الدخول مجانا خلال زياراتي السابقة، واكتشفت ...,Taif,حديقة,-1,,,-1,,-1,reviews_zenodo,,https://zenodo.org/records/16924532,static,,2026-09-13T06:19:18.696424+00:00,False
reviews_00532,مزرعة الريف,,ممتاز جدا واكثر من رائع ولازلنا ننتضر منهم الاروع انشاء الله,Taif,حديقة,,,,,1,1,reviews_zenodo,,https://zenodo.org/records/16924532,static,,2026-09-13T06:19:18.696424+00:00,False
reviews_00533,مزرعة الريف,,حلوه جدا ونظيفه مرتبه وحلوه للاطفال مررره,Taif,حديقة,,1,,,1,1,reviews_zenodo,,https://zenodo.org/records/16924532,static,,2026-09-13T06:19:18.696424+00:00,False
reviews_00534,مزرعة الريف,,مكان جميل يستحق الزيارة مرة واحدة فقط,Taif,حديقة,,,,,1,1,reviews_zenodo,,https://zenodo.org/records/16924532,static,,2026-09-13T06:19:18.696424+00:00,False
reviews_00535,مزرعة الريف,,للاسف تعامل موظفي البوابة سوقي وغير احترافي,Taif,حديقة,,,,-1,,-1,reviews_zenodo,,https://zenodo.org/records/16924532,static,,2026-09-13T06:19:18.696424+00:00,False
reviews_00536,مزرعة الريف,,حلوه بس اهم شي روحو والجو حلو,Taif,حديقة,,,,,1,1,reviews_zenodo,,https://zenodo.org/records/16924532,static,,2026-09-13T06:19:18.696424+00:00,False
reviews_00537,مزرعة الريف,,مكان جميل وجلسات حلوة والدخول للعائلة 20 يعتبر دخول رمزي. لكن الصراحة طاقم العمل من اسوء مارأت عيني كل واحد يرميك ع الثاني ...,Taif,حديقة,1,,,-1,,-1,reviews_zenodo,,https://zenodo.org/records/16924532,static,,2026-09-13T06:19:18.696424+00:00,False
reviews_00538,مزرعة الريف,,مكان ريفي جميل ويحتاج زياده مواقف السيارات,Taif,حديقة,,,-1,,1,0,reviews_zenodo,,https://zenodo.org/records/16924532,static,,2026-09-13T06:19:18.696424+00:00,False
reviews_00539,مزرعة الريف,,جميله جدا ونظيفه وانصح بزيارتها,Taif,حديقة,,1,,,1,1,reviews_zenodo,,https://zenodo.org/records/16924532,static,,2026-09-13T06:19:18.696424+00:00,False
reviews_00540,مزرعة الريف,,جميلة ولكن تعامل الشخص اللذي على البوابة تعامله سيئ جدآ جدآ تجربة لاتعاد بسبب الشخص كان يوم السبت الماضي وقت صلاة العصر الشب لابس توب وشماغ لو ذقن كان معاه شي اسمر وقلتلو بوقتها الشب يلي معاك تعاملو سيء جدا,Taif,حديقة,,,,-1,1,-1,reviews_zenodo,,https://zenodo.org/records/16924532,static,,2026-09-13T06:19:18.696424+00:00,False
reviews_00541,مزرعة الريف,,سيئ للغايه ويحسبون تذكرتين على العائله الوحده والجلسات الداخليه بفلوس من غير الطلب ومبالغ في الاسعاار👎🏻👎🏻 . ...,Taif,حديقة,-1,,,,,-1,reviews_zenodo,,https://zenodo.org/records/16924532,static,,2026-09-13T06:19:18.696424+00:00,False
reviews_00542,مزرعة الريف,,مزرعة جميله تستحق الزياره عائليه فيها العاب اطفال وخيول وكافيه رسن وبوثات اكل ومشروبات منوعه وقريبا الجسر المعلق ومحمية الطيور والفراشات 😍 ...,Taif,حديقة,,,1,,1,1,reviews_zenodo,,https://zenodo.org/records/16924532,static,,2026-09-13T06:19:18.696424+00:00,False
reviews_00543,مزرعة الريف,,مكان ممتاز دخول ب ٢٠ ریال,Taif,حديقة,1,,,,1,1,reviews_zenodo,,https://zenodo.org/records/16924532,static,,2026-09-13T06:19:18.696424+00:00,False
reviews_00544,مزرعة الريف,,منتزه رائع منظم جدا من تقدم الى تقدم افضل ان شاء الله يستاهل الزياره كواجهه سياحيه مشرفه شكرا على التنظيم نتطلع للافضل دوم,Taif,حديقة,,,,,1,1,reviews_zenodo,,https://zenodo.org/records/16924532,static,,2026-09-13T06:19:18.696424+00:00,False
reviews_00545,مزرعة الريف,,المكان اعجبني مرتب ونظيف ويفتح النفس ومنظمين الطيور محترمين برضو ماشاءالله بس الشي الوحيد اللي كان سي هو قسم مزرعة الفراوله ما ادري تابع لكم او لا بس صراحه اسلوب موظف الاستقبال سيء جدا ولا يوضح المعلومات كامله قال لي كلام ولمن دفعت الدخول ...,Taif,حديقة,,1,,0,1,0,reviews_zenodo,,https://zenodo.org/records/16924532,static,,2026-09-13T06:19:18.696424+00:00,False
reviews_00546,مزرعة الريف,,ماادري وش اقول لاكن المزرعه تعتبر صغيره وصلت اليوم ودفعت ٢٠ ريال للعائله ولما دخلت ادور جلسات برسوم لقيتها كلها فل والجلسات المجانيه فل ومن سياسة المالك للمزرعه الي مزعجنا فيها عدم دخول الماكولات والمشروبات والفرشه وانا ماجبت اي شي من هاذي ...,Taif,حديقة,,,-1,,-1,-1,reviews_zenodo,,https://zenodo.org/records/16924532,static,,2026-09-13T06:19:18.696424+00:00,False
reviews_00547,مزرعة الريف,,المكان جميل لكن كمية الجشع اللي عندهم تخلي الواحد يتردد في زيارة المكان للاسف,Taif,حديقة,-1,,,,1,-1,reviews_zenodo,,https://zenodo.org/records/16924532,static,,2026-09-13T06:19:18.696424+00:00,False
reviews_00548,مزرعة الريف,,مكان كامل متكامل والكامل الله فيه كل شي حرفيا انا رحت لكوفي 88 الصراحه ممتازه قهوتهم وفيه فوق زي المنتجع جلسات بين الاشجار وفيه قهوه وفيه بعد تمشي شوي قدام فيه جسر وتحتك كله اشجار وجلسات تقدر تروح تجلس ...,Taif,حديقة,,,1,,1,1,reviews_zenodo,,https://zenodo.org/records/16924532,static,,2026-09-13T06:19:18.696424+00:00,False
reviews_00549,مزرعة الريف,,الموقع صيانه جيت وتعنيت له وبالاخير يدفعوك ٢٠ على الفاضي اخذت لفه وطلعت كل الاماكن مقفله وعليها عمال مافي غير زاويه بسيطه فيها كوفي,Taif,حديقة,-1,,-1,,-1,-1,reviews_zenodo,,https://zenodo.org/records/16924532,static,,2026-09-13T06:19:18.696424+00:00,False
reviews_00550,مزرعة الريف,,لا يتوفر مواقف سيارات تكفي للزوار,Taif,حديقة,,,-1,,,-1,reviews_zenodo,,https://zenodo.org/records/16924532,static,,2026-09-13T06:19:18.696424+00:00,False
reviews_00551,مزرعة الريف,,المكان جميل لكن رسوم الدخول بمبلغ ٢٠ ريال فقط للدخول مع البوابة وبعدها اذا تبغى تدخل لاي مكان ثاني مثل مزرعة الفراوله او الممشى او قفص الطيور والفراشات فلازم تدفع رسوم غير اللي في الدخول يحسسونك انك بتشوف شي اول مره في الكون تشوفه وكلها على بعضها افكار مكرره لاغلب المنتجعات في الطائف😂 ...,Taif,حديقة,-1,,,,-1,-1,reviews_zenodo,,https://zenodo.org/records/16924532,static,,2026-09-13T06:19:18.696424+00:00,False
reviews_00552,مزرعة الريف,,حلو انو في مزرعة حيوانات ولكن التكتات غالية,Taif,حديقة,-1,,1,,1,0,reviews_zenodo,,https://zenodo.org/records/16924532,static,,2026-09-13T06:19:18.696424+00:00,False
reviews_00553,مزرعة الريف,,المكان جميل جدا وتعبانين عليه لكننننن دورة المياه سيئه جدا النظافه صفر يعني دفعنا ٢٠دخول ومبلغ يعتبر معقول لكن القى خدمات متكامله,Taif,حديقة,0,-1,-1,,1,-1,reviews_zenodo,,https://zenodo.org/records/16924532,static,,2026-09-13T06:19:18.696424+00:00,False
reviews_00554,مزرعة الريف,,سريعين في خدمه مكان جميلة اشكر الموظف ناصر,Taif,حديقة,,,,1,,1,reviews_zenodo,,https://zenodo.org/records/16924532,static,,2026-09-13T06:19:18.696424+00:00,False
reviews_00555,مزرعة الريف,,المفروض يكون بدون رسوم دخول لان النشاطات الداخليه كلها برسوم,Taif,حديقة,-1,,,,,-1,reviews_zenodo,,https://zenodo.org/records/16924532,static,,2026-09-13T06:19:18.696424+00:00,False
reviews_00556,مزرعة الريف,,اسعار منتجات الورد مبالغ فيها، العطارين يبيعوها بي نص السعر في جده.,Taif,حديقة,-1,,,,,-1,reviews_zenodo,,https://zenodo.org/records/16924532,static,,2026-09-13T06:19:18.696424+00:00,False
reviews_00557,مزرعة الريف,,السلام عليكم ورحمة الله لا انصح بالذهاب لها - ولا للمزرعة اللي قبلها لانهم مفتوحين على بعض ونفس السياسة - لانك بتضرب مشوار على الفاضي . مزرعة للامانة مرتبة لكنها صغيرة جدا وبعدين تدخل ...,Taif,حديقة,,,,,-1,-1,reviews_zenodo,,https://zenodo.org/records/16924532,static,,2026-09-13T06:19:18.696424+00:00,False
reviews_00558,مزرعة الريف,,الزيارة في عيد الاضحى كان المكان مزدحم جدا ممكن تكون هذي السلبية الوحيدة ..لكن الاجواء ممتازة والمناظر البصرية للمكان ممتازة والنظافة الف 👌🏼مع وجود منظمين متفهمبن عموما شاكرين لهم اهتمامهم باختيار افضل الوسائل لخدمة زوارهم ليخرجو بصوة انطباعية جيدة ورائعة 👍🏻 ...,Taif,حديقة,,1,,1,1,0,reviews_zenodo,,https://zenodo.org/records/16924532,static,,2026-09-13T06:19:18.696424+00:00,False
reviews_00559,مزرعة الريف,,مكان جمييل ويستاهل الزياره,Taif,حديقة,,,,,1,1,reviews_zenodo,,https://zenodo.org/records/16924532,static,,2026-09-13T06:19:18.696424+00:00,False
reviews_00560,مزرعة الريف,,المكان مناسب للتصوير فقط ، وللاسرة بدون اطفال ، اسعار مبالغ فيها ، لا يوجد مكان للصلاه ما ادري كيف مسموح يفتح متنزه مغلق بدون مصلى، حمامات سيئه ، الدخول رخيص ب ٢٠ ريال مصيده للدخول ، تدفع ٦٠ ريال للجلوس وكل شيء سعره مبالغ فيه ، لا انصح بزيارة المكان للعوائل باطفال ، ينفع للمراهقين والعرسان للتصوير,Taif,حديقة,-1,,-1,,-1,-1,reviews_zenodo,,https://zenodo.org/records/16924532,static,,2026-09-13T06:19:18.696424+00:00,False
reviews_00561,مزرعة الريف,,جدا التعامل سيء لا يمكن ان تدخل الكوفي ورالموضفين جدا سيء لا انصح اي احد بدخول عليك الانتضار ربع ساعه في الطوابير,Taif,حديقة,,,,-1,,-1,reviews_zenodo,,https://zenodo.org/records/16924532,static,,2026-09-13T06:19:18.696424+00:00,False
reviews_00562,مزرعة الريف,,المكان جيد ولكن الدخول بفلوس والجلوس بفلوس واللعب بفلوس يعني تطلع من المكان وانت دافع مبلغ وقدره 😂 غير الزحمة المهولة في المكان ماشاء الله تبارك الرحمن الله يبارك لاصحابه واماكن الجلوس غير كافيه للجميع لازم تمسك سرى وتنتظر ...,Taif,حديقة,-1,,-1,,1,-1,reviews_zenodo,,https://zenodo.org/records/16924532,static,,2026-09-13T06:19:18.696424+00:00,False
reviews_00563,مزرعة الريف,,السلام عليكم - المكان جدا جدا رائع و ونظيف فعلا الواحد يجلس بين الطبيعه 💚 ٢ - سعر الدخول ب ٢٠ ريال للعيله جدا جدا مناسب اتمنى يستمر بدا السعر وما يتغير 🙏 ...,Taif,حديقة,1,1,,,1,1,reviews_zenodo,,https://zenodo.org/records/16924532,static,,2026-09-13T06:19:18.696424+00:00,False
reviews_00564,مزرعة الريف,,مكان جميل ومعتنى فيه بشكل واضح ماشاء الله والطريق تدخل من عند الحدبان ينزلك للوادي حلو بس الافضل تروح من بدري عشان ماتقابل الزحمه انا وصلت الساعه ٦المساء وكان زحمممه مرا والمواقف قليله جدا لكن بالنسبه للمزرعة كبيرة ومتنوعه فيها مزرعة ...,Taif,حديقة,,,0,,1,1,reviews_zenodo,,https://zenodo.org/records/16924532,static,,2026-09-13T06:19:18.696424+00:00,False
reviews_00565,مزرعة الريف,,والله كانت فيه تعليقات تذم و تخوف ...بس قررت اشوف بعيني واحكم صراحه إبداع واستغلال للمساحات بطريقة ذكية وجلسات حلوه ومرتبه مساحات خضراء و ...,Taif,حديقة,,,1,,1,1,reviews_zenodo,,https://zenodo.org/records/16924532,static,,2026-09-13T06:19:18.696424+00:00,False
reviews_00566,مزرعة الريف,,مكان جميل وفي وسط الطبيعه ومرتب,Taif,حديقة,,,,,1,1,reviews_zenodo,,https://zenodo.org/records/16924532,static,,2026-09-13T06:19:18.696424+00:00,False
reviews_00567,مزرعة الريف,,المزرعة تبدو جميلة ولكن من سوء حظي عند زيارتي لها كان هناك الكثير من اعمال التجديد والانشاءات سعر تذكرة السير على الجسر المعلق او الدراجة المعلقة مبالغ به جدا ...,Taif,حديقة,-1,,-1,,1,-1,reviews_zenodo,,https://zenodo.org/records/16924532,static,,2026-09-13T06:19:18.696424+00:00,False
reviews_00568,مزرعة الريف,,المكان حلو ولكن غير صالح لي كبار سن أحس متعب عليهم بس بشكل عام المكان رايق وهادي وفيه مطعم ولكن مو متنوع الاصناف مره,Taif,حديقة,,,0,,1,0,reviews_zenodo,,https://zenodo.org/records/16924532,static,,2026-09-13T06:19:18.696424+00:00,False
reviews_00569,مزرعة الريف,,المزرعة روعة والكوفي جميل سواء اللي فوق او اللي بين أحضان الطبيعة وعلى هذا الاساس قيمت نجمتين اما اللي ماعجبني المبالغة جدا في اكشاك مهرجان مزرعة الريف. بطاطس كريسبي ب١٠ ريال تقريبا ٥ قطع خيرررر؟ اللقيمات اصغر صحن ب٢٠. البليلة ب١٠. اتمنى مراجعة الاسعار,Taif,حديقة,-1,,,,1,0,reviews_zenodo,,https://zenodo.org/records/16924532,static,,2026-09-13T06:19:18.696424+00:00,False
reviews_00570,مزرعة الريف,,كل شي فيها جميل الهدوء الطيور الجو,Taif,حديقة,,,,,1,1,reviews_zenodo,,https://zenodo.org/records/16924532,static,,2026-09-13T06:19:18.696424+00:00,False
reviews_00571,مزرعة الريف,,مكان جميل ، بس يعيبه الزحمة الشديدة 💔💔ووضع حفلات التخرج والموسيقى والازعاج بكل مكان لو مخصصين مكان خاص فيهم يكون افضل بدال مايزعجون الكل يعني جايين مسافة١٠٠ كيلو عشان ننبسط ونبغى الهدوء وانزعجنا وطلعنا حتى بعد دفع مبلغ الجلسة٦٠ ريال ماجلسنا ولانص ساعة ...,Taif,حديقة,,,,,1,-1,reviews_zenodo,,https://zenodo.org/records/16924532,static,,2026-09-13T06:19:18.696424+00:00,False
reviews_00572,مزرعة الريف,,الموقع جميل والمالك مهتم بها لكن الافضل بدون رسوم دخول لأنه الدخل يكون من المحلات الموجودة مثل بعض الأماكن الموجودة في الطائف والهدا والشفا لأنه الزوار طبيعي انهم يشترو من المحلات الموجودة ، الكشك الصغير اللي يبيع ايسكريم وفشار اسعاره غالية (الايسكريم سايح والفشار محروق ويابس),Taif,حديقة,-1,,,,1,0,reviews_zenodo,,https://zenodo.org/records/16924532,static,,2026-09-13T06:19:18.696424+00:00,False
reviews_00573,مزرعة الريف,,الدخول ب 20 للعائلة ، المواقف قليله وهذا تقريبا العيب الوحيد .. الاسعار في الكوفي معقولة جدا اسبريسو 10 ريال كيكة الزعفران 18 ريال ، الماء ...,Taif,حديقة,1,,-1,,1,1,reviews_zenodo,,https://zenodo.org/records/16924532,static,,2026-09-13T06:19:18.696424+00:00,False
reviews_00574,مزرعة الريف,,لانمانع من دفع رسوم دخول ورسوم جلسة ٦٠ ريال لمدة ساعتين لاكن بالمقابل لابد تكون الجلسة نظيفة ومرتبه وفرشها نظيف لاكن ادفع جلسة واجد فيها بقايا طعام وفرش متهالك وخلاف ذلك يطلبون منك تسدد رسوم الجلسة بنفسك تطلع للكفي مالمفروض يخدمني بمكاني ...,Taif,حديقة,0,-1,,-1,,-1,reviews_zenodo,,https://zenodo.org/records/16924532,static,,2026-09-13T06:19:18.696424+00:00,False
reviews_00575,مزرعة الريف,,جميل .. لاتوجد موسيقى وترتيب جيد عدا أن أماكن الصلاة غير مهيئة بشكل مناسب والأسعار لابأس بها,Taif,حديقة,0,,-1,,1,,reviews_zenodo,,https://zenodo.org/records/16924532,static,,2026-09-13T06:19:18.696424+00:00,False
reviews_00576,مزرعة الريف,,مكان جميييييييييل جدا جدا جلسات رائعه تشجير جميل خدمات وفود ترك كثيره العيب الوحيد رفضو دخول القهوة معنا ومع ذلك اعطونا قهوة دلة مجانيه مع الجلسه وقهوتهم 👍🏻 ...,Taif,حديقة,,,1,,1,1,reviews_zenodo,,https://zenodo.org/records/16924532,static,,2026-09-13T06:19:18.696424+00:00,False
reviews_00577,مزرعة الريف,,مكان رائع جدا جدا لكن زحمه نسال الله السلامه للاسف الشديد لايوجد عندنا متنفس ومتسع للأعداد الكبيرة من المتنزهين نتمنى ان نشوف في القريب العاجل أماكن اخرى عموما شكرا للقائمين على هذي المزرعة ونتمنى منهم وضع خطه جيده للدخول والخروج سواء مدخل المزرعة اى مدخل السيارات,Taif,حديقة,,,-1,-1,1,0,reviews_zenodo,,https://zenodo.org/records/16924532,static,,2026-09-13T06:19:18.696424+00:00,False
reviews_00578,مزرعة الريف,,المكان جميل ورايق ويستاهل خمسة نجوم ولكن المطعم والمقهى خدمتهم سيئة جدا واسعارهم مبالغ فيها نجمة وحدة وتخب عليهم بعد ياخذون عليك رسوم 60 ريال جلسة والجلسات كلمة معفنة تعتبر مدح في حقها,Taif,حديقة,-1,,-1,-1,1,0,reviews_zenodo,,https://zenodo.org/records/16924532,static,,2026-09-13T06:19:18.696424+00:00,False
reviews_00579,مزرعة الريف,,منذ أسبوع زرت المكان كان جد جميل الأسعار متوسطة المكان فيه بعض النشاطات الجميلة للأطفال وللجمعات العائلية,Taif,حديقة,0,,1,,1,,reviews_zenodo,,https://zenodo.org/records/16924532,static,,2026-09-13T06:19:18.696424+00:00,False
reviews_00580,مزرعة الريف,,المكان رائعععع ومتكلفين بالمكان والطبيعه خلابه ولكن مشكلته الاكل سيءءء الكباب جرجير بصل صوص ولاشيء الدجاج والعيش البرقر فيه زفره البطاطس زيت ولما اكلم العامل مسوي مايفهم لاعربي ولا انقليزي اقول له نظف الطاوله طنشني يوسفني لازم يشتغلون على الموظفين وجيبو طباخ افضل الاكل للاسف خرب روعه المكان,Taif,حديقة,,,-1,-1,1,-1,reviews_zenodo,,https://zenodo.org/records/16924532,static,,2026-09-13T06:19:18.696424+00:00,False
reviews_00581,مزرعة الريف,,"من أكثر الأماكن الجميلة والتي تستحق الزيارة بالطائف, ولازم تكون من ضمن وجهاتكم والفطور فيها جميل وحلو لو تجون بدري بترتاحون بإختيار الجلسه اللي تناسب ذوقكم👌🏻👌🏻. ...",Taif,حديقة,,,1,,1,1,reviews_zenodo,,https://zenodo.org/records/16924532,static,,2026-09-13T06:19:18.696424+00:00,False
reviews_00582,مزرعة الريف,,المكان جميل وفيه ترفية لجميع العائلة الا ان اسعار الجلسات ومايقدم مبالغ فيها قليلا,Taif,حديقة,-1,,,,1,1,reviews_zenodo,,https://zenodo.org/records/16924532,static,,2026-09-13T06:19:18.696424+00:00,False
reviews_00583,مزرعة الريف,,مزرعة في قلب الطبيعة الدخول مجانية في الفترة الصباحية حتى العاشرة والفترة المسائية الدخول ٢٠ ريال لجميع الافراد كانت تجربة جميلة وتم تجربة الجسر المعلق والإستمتاع بالمكان.,Taif,حديقة,,,1,,1,1,reviews_zenodo,,https://zenodo.org/records/16924532,static,,2026-09-13T06:19:18.696424+00:00,False
reviews_00584,مزرعة الريف,,المكان مره جميل وتستاهل التجربة صراحه من احلا الاماكن الي رحتلك بالليل تكون اجمل واجمل خصوصا للعائلة,Taif,حديقة,,,,,1,1,reviews_zenodo,,https://zenodo.org/records/16924532,static,,2026-09-13T06:19:18.696424+00:00,False
reviews_00585,مزرعة الريف,,رائعه رائعه جدا حسيت نفسي كأني في أحد ساحات قصور الأندلس فن في كل زاوية... لكن للأسف مطعم الافطار سيئ جدا ومستوى الأكل بدائي أتمنى تسليمه لشركة مشغله جيدة أو احضار شيف رائع ومبتكر ..,Taif,حديقة,,,-1,,1,1,reviews_zenodo,,https://zenodo.org/records/16924532,static,,2026-09-13T06:19:18.696424+00:00,False
reviews_00586,مزرعة الريف,,ززحمه ويصدع بالراس والدخول للعائلة 20وما فيه مكان ما يستحق الزياره يعني اذا ودك تجيه تعال شفه واطلع على طول لا تخليه ىجهتك ليوم كامل ما يستاهل,Taif,حديقة,-1,,,,-1,-1,reviews_zenodo,,https://zenodo.org/records/16924532,static,,2026-09-13T06:19:18.696424+00:00,False
reviews_00587,مزرعة الزيتونة,,من اسوى التجارب فتحت ٦ ولا هم فاتحين شي لا الخيل ولا المشاتل الا مشتل الفراوله ويابس والمتجر يفشل ودفعنا حق القولف وجلسنا ننتظر عشان نركب ١٠ دقايق وتعامله سي وسواقته اسوى وفي الرجعه ننتظره ربع ساعه لو في زباين بقول زحمه بس محد فيه غير ريحة الحيواناتتتتت شي مقرف الشي الوحيد الي( عجبني المسجد الاثري ) فقط الباقي صفررررررر لا نظافه ولا تعامل موظفين والسعر مبالغ فيه ٢٠ للشخص لا يخدعكم التيك توك وقسم كله كذب وفلاتر ولمن اشتكت قال موظف الاستقبال انتي جايه في شهر مو جيد؟؟ طيب رخصو سعر التذكره غير الفطور الي ١٠٠ لو اشتري من برا مايكلفني ٤٥,Al Bahah,حديقة,-1,-1,-1,-1,-1,-1,reviews_zenodo,,https://zenodo.org/records/16924532,static,,2026-09-13T06:19:18.696424+00:00,False
reviews_00588,مزرعة الزيتونة,,مافيها اي شي يحمس جدا عاديه واقل من عاديه اعطونا ورقه تعريفيه بالمكان مافي منها الا منطقة الطيور فقط باقي المناطق جدا جدا عادي وغير مجهزه دفعت ١٦٠ ريال مع عائلتي للدخول ما تستاهل ابدا .. لا يوجد مواقف في المكان,Al Bahah,حديقة,-1,,-1,,-1,-1,reviews_zenodo,,https://zenodo.org/records/16924532,static,,2026-09-13T06:19:18.696424+00:00,False
reviews_00589,مزرعة الزيتونة,,المكان جدا جدا لا يستحق الزياره والدفع ٣٠ ريال لشخص لدخول الفطور لا يستحق مبلغ ١٠٠ ريال الحمد الله على النعمه تجربه جدا سئيه,Al Bahah,حديقة,-1,,,,-1,-1,reviews_zenodo,,https://zenodo.org/records/16924532,static,,2026-09-13T06:19:18.696424+00:00,False
reviews_00590,مزرعة الزيتونة,,مزرعه حلوه وممتازه ومالكها شخص محترم ومحتهد لكن البلا من الموظفين موظفي المطعم والاستقبال كشرين وغير لبقين تجي تسأله سؤال بكل ادب على طول يرفع صوته عليك كنه بيضارب يخلي كل الموجودين يطالعون فيك ويحسسك فعلا انك مسوي جرم كبير خير ان شاء الله اول وآخر زيارة ولاانصح بزيارتها بهذا الشكل الا اذا حسنوا خدمة استقبال الجمهور يا اخي مالك المزرعه صلح للموظفين دورات في التعامل مع الجمهور قبل الالتحاق بالعمل عندك انت تقدم خدمة جميله للسائح هذي صناعه ولابد من المحافظة على الزبون وياكثر المزارع اللي زرتها يستقبلونك من عند الباب ويرحبون فيك وتأخذ مكانك الطبيعي من غير صراخ ولا قلة احترام لكن المزرعه ذي وضعها غريب,Al Bahah,حديقة,,,,-1,1,-1,reviews_zenodo,,https://zenodo.org/records/16924532,static,,2026-09-13T06:19:18.696424+00:00,False
reviews_00591,مزرعة الزيتونة,,الله يجعل مادفعناه صدقة عنا وعن اولادنا .. المكان عادي جداااااا فما رأيته ليس له علاقة بماهو مكتوب .. محمية فراولة .. لايوجد فراولة مزرعة اسماك.. لايوجد اسماك معصرة زيتون .. لايوجد زيتون ولاشفنا زيت ينعصر جلسات رائحتها غير مقبولة وغير مرتبة ونظيفة مواقع فيها حيوانات حصان خروف ارنب وعادية جداااا المطعم والفطور السعر مبالغ فيه على فول وخبز وجبن وبيض والموقع غيرررر منظم بصفة عامة .. منتزه الزيتونة يحتاج تأهيل وترتيب ونظافة وتظليل لمواقع متعددة التذاكر غالية الشخص الواحد ٢٠ ريال الموقع الوحيد اللي عجب الاطفال هو الطيور ومع ذلك الشخص ب ١٠ والعامل يحط بيدك حبوب قليللللللة جدا لتطعم الطيور مرة واحدة رائحة الحيوانات سيئة جدا ومالية المكان واضح لايوجد نظافة دورية لها ولا للمكان اللي هي فيه .. دورات المياة سيئة للغاية ضيقة ومتسخة ..دخول ب ٢٠ للشخص على الاقل يجد دورات مياه نظيفة.. تجربة غير مرضية في هذا المنتزه ..فهو لايرتقي لما يدفع من أجله واذا كان كل شي بالداخل يدفع عليه لماذا يوجد تذاكر دخول؟؟؟,Al Bahah,حديقة,-1,-1,-1,,-1,-1,reviews_zenodo,,https://zenodo.org/records/16924532,static,,2026-09-13T06:19:18.696424+00:00,False
reviews_00592,مزرعة الزيتونة,,السياحه في الباحه الى الان مستواها سيء. بالذات هذه الحديقة ، اولا مسمينها مزرعة الزيتون والزيتون ماتعرف وينه اصلا وكل الاشجار ميته . لما وصلنا للاسماك حصلناها ميته بسبب البويه المدهنة في محيط المسبح ! محزن جدا المنظر والاولاد بدل ما ينبسطوا زعلوا مره ع اشكال الاسماك الميته . حتى العصافير والمحميات كلها قليلة جدا وميته . المفروض يكون الاهتمام بالمزرعة افضل بكثير لان كثيرين سياح بيجوا الباحه عشان جوها ويبغوا يحضروا اي اكتيفيتيز . ع الاقل مزرعة الفراولة في الطايف افضل بكثيير منها .,Al Bahah,حديقة,,,-1,,-1,-1,reviews_zenodo,,https://zenodo.org/records/16924532,static,,2026-09-13T06:19:18.696424+00:00,False
reviews_00593,مزرعة الزيتونة,,وصلنا على اذان المغرب واحنا صايمين والتنظيم من اسوأ ما يكون! البنات الي عند الباب مايدرون عن شي نسألهم عن الغولف يقولون جايين جايين وتأخر علينا اكثر من ١٠ دقايق واحنا معانا كبار سن وصايمين والغولف بس واحد يروح ويرجع ويوم وصل يقول صايمين! طيب الناس الزوار فيه كبار سن مايقدرون على الطلوع ويوم طلبنا منه يوصلنا للكهف وصلنا لمكان وقال انزلو كملو مشي,Al Bahah,حديقة,,,,-1,,-1,reviews_zenodo,,https://zenodo.org/records/16924532,static,,2026-09-13T06:19:18.696424+00:00,False
reviews_00594,مزرعة الزيتونة,,اقسم بالله انها مضحكة على الناس لا اكثر . أولا كل شي فيها ناشف مافيها أي مناظر طبيعية (مناظر لا تسر الناظرين) ثانيا حوض السمك مطحلب! ما استمتعنا ولا بأي شيء على اي أساس الدخول بفلوس والعصافير بفلوس وسيارة القولف بفلوس! وهم مو مهتمين فيها أبدا؟ كل شي فيها مغبر والحيوانات ينعدون على الأصابع الصراحة استغلال / انخدعنا فيها مره التقييم صفر صفر صفر .,Al Bahah,حديقة,-1,-1,-1,,-1,-1,reviews_zenodo,,https://zenodo.org/records/16924532,static,,2026-09-13T06:19:18.696424+00:00,False
reviews_00595,مزرعة الزيتونة,,الدخول ل٧ اشخاص ٢١٠ شامل الطيور وسيارة القولف تاخذك مشوار خمس دقايق الفطور ب١٠٠ ثابت النوع والكمية سواء لشخص والا ل٧ الفول كله زيت والمربى لذيذة جدا لكن الكميات قليلة للاسف السمك لو يشيلونه افضل الريحة سيئة والمويا وسخة والسمك قليل لا منظر ولا ريحة الطيور الدخول ب١٠ ويحط لك اكل مرة وحدة بس وقليل مرة ١٠ دقايق فقط وتطلع يمكن هذا افضل شيء بالمزرعة كلها لكن تنظيمهم يكرهك بالمكان المزرعة كبيرة ما شاء الله وفيها حاجات كثير لكن شخصيا ما استمتعت فيها الا عند الطيور رغم الوقت القصير,Al Bahah,حديقة,,-1,0,0,1,0,reviews_zenodo,,https://zenodo.org/records/16924532,static,,2026-09-13T06:19:18.696424+00:00,False
reviews_00596,مزرعة الزيتونة,,اسعار مبالغ فيها. دفعت حق التذكره العاديه الي ب ٢٠ من ضمنها دخول الاسماك حوض السمك تم منعي من دخوله و حنا عائله و فيه عوائل ثانيه دخلت التذاكر نوعين النرع الافضل الشخص ب ٣٠ ريال تتضمن الجلسه و الطيور مع اطعام الطيور اما التذكره الثانيه ب ٢٠ نفس ام ٣٠ ماعدا دخول الطيور يعني ام ٢٠ زي ام ٣٠ بس ام ٣٠ تدخل ل الطيور ١٠ دقايق اما ام ٢٠ ما تدخل ل الطيور الفطور ب ١٠٠ ل ٥ اشخاص و ما اعجبني فطورهم مهوب زيت,Al Bahah,حديقة,-1,,0,,,0,reviews_zenodo,,https://zenodo.org/records/16924532,static,,2026-09-13T06:19:18.696424+00:00,False
reviews_00597,مزرعة الزيتونة,,تجربه سيئه ولا على قد المدح وخسارة فلوس لو كنتو عيله كبيره ما كملنا فيها سااعه وسيارة القولف تطلعكم لنص الطلعه وتكملو الباقي مشي وتنزلكم لما تخلصو بس ما تاخذك جوله ع المكان حتطلعو طلعات ع رجلكم تهد الحيل بكل امانه احلى قسم بالنسبه للأطفال ( قسم الحيوانات ) فقط لا غيررر ياليت يطوروها احسن من كداا,Al Bahah,حديقة,-1,,0,,0,-1,reviews_zenodo,,https://zenodo.org/records/16924532,static,,2026-09-13T06:19:18.696424+00:00,False
reviews_00598,مزرعة الزيتونة,,دخول المزرعه الشخص ب20 ومع الطيور ب30 وسيارة الجولف ب10 ركوب الخيل الكبير ب20 والصغير ب10 العاب الاطفال الطفل ب10 والمزرعه مافيها شي يسوى الصدق لو يطورونها افضل ولو انها تستاهل بدفع دبل المبلغ عادي بس خسارة فلوس على الفاضي,Al Bahah,حديقة,-1,,-1,,-1,-1,reviews_zenodo,,https://zenodo.org/records/16924532,static,,2026-09-13T06:19:18.696424+00:00,False
reviews_00599,مزرعة الزيتونة,,احذرو احذرو احذرو ليس لديهم مصداقية. بعد ان اتجاهي لهم 15كيلومتر والعودة مثلها. الدخول حسب ماذكرفي الموقع السياره 20ريال،ولكن عند الوصول موظفه الاستقبال ذكرت لايسمح بدخول السياره والوقوف بالخارج. ورسوم الدخول على الشخص الواحد 20عدي الأطفال دون 3سنوات وعند مشاهدة الطيور اضافه 10ريال وعربة الغلف 15ريال.خلاف الإفطار. بمعنى من لديه 5اشخاص رسوم الدخول 150ريال.اضطررت بالرجوع. الموقع لايستحق هذه الرسوم,Al Bahah,حديقة,-1,,,,-1,-1,reviews_zenodo,,https://zenodo.org/records/16924532,static,,2026-09-13T06:19:18.696424+00:00,False
reviews_00600,مزرعة الزيتونة,,زرت المزرعه مع العائله في الصباح الاجواء كانت رائعه الصباح والفطور كان حلو لكن الاسعار مرتفعه اسعار تذاكر الدخول مرتفعه مافيه اهتمام كبير بالمكان رايحة الحيوانات ماليه المكان اغلب الجلسات يحتاج لها تنظيف وترتيب كلها غبار ياليت فيه جلسات تحت اشجار الزيتون,Al Bahah,حديقة,-1,-1,,,1,0,reviews_zenodo,,https://zenodo.org/records/16924532,static,,2026-09-13T06:19:18.696424+00:00,False
reviews_00601,مزرعة الزيتونة,,مرحبابكم 👋 اول زيارة للمزرعة طبعا مزرعة كبيرة من شجر الزيتون وطبعا متعددة الأقسام المهم تدخل المزرعة رسوم الدخول 20 ريال الأطفال اقل من سنتين مجانا رسوم ركوب القولف ذهاب وعودة 10 ريال جميع الفعاليات والفطور تدفع عند الاستقبال مافي غرف مكيفة الشيء الي يقهر انا دافع رسوم دخول عطني من الفعاليات شيء واحد عالأقل استفيد منها يعني تجبرني ادفع والمرافق ماقدر استفيد منها غير اشوف شجر والباقي برسوم وياليت انها تستاهل حتى الأطفال حيطلعوا متضايقين من الي حيشوفوه الجلسات والكراسي متهالكة ماتنفع للعوائل الكبيرة المهم دفعنا ١٠٠ ريال للفطور ٥ اشخاص الخدمة ذاتية تستلم طلبك بنفسك الفطور شيء مخجل ان يتقدم لأي سايح بهذي القيمة والطريقة ( فول معلب ، حبتين بيض مسلوق ، صحنين شكشوكة ، صحن جبنة فيتا مع فلفل ، صحن مربى ، حمص ، زيتون ، ثلاجة شاهي ، خبز ميفا الحبة ب ٢ ريال ) يعني اذا انت جوعان افطر برى وتعال المهم نجي عند الفعاليات طبعا تدخل في قفص طيور وتجلس ١٠ دقايق بس تدفع ١٠ ريال تقطف فراولة حتدفع على حسب مقاس العلبة تركب خيل حتدفع برضوا في مسجد اثري جميل كويس ماخلوه برسوم اي مكان سياحي مثل كذا تتوقع من الرسوم هذي حشوف تطوير و حاجة مختلفة وحتنبهر منها لكن للاسف الواضح ماعندهم اي ابجديات السياحة اصلا واضح ماوصلهم الابديت الجديد ودام عندنا مثل هذي العينات والطريقة هذي في الخدمات السيئة على السياحة السلام ياجماعة حتى مقهى وجلسات داخلية مغلقة وتكون مطلة مافي المكان عبارة عن المجهول ابحث واستكشف بنفسك مافي مسارات توضح الطريق المكان يحتاج للاهتمام والتطوير حتى يوصل بمستوى راقي ماراااح اكرر الزيارة ابدا,Al Bahah,حديقة,-1,,,,0,-1,reviews_zenodo,,https://zenodo.org/records/16924532,static,,2026-09-13T06:19:18.696424+00:00,False
reviews_00602,مزرعة الزيتونة,,نصيحة مجرب لاتستحق الزيارة ، وحيوانات روائح كريهة وذباب منتشر ولاتغركم الصور والفديوهات لا فعاليات ودخول ٢٠ ريال للشخص على لاشيء للأسف,Al Bahah,حديقة,-1,-1,,,-1,-1,reviews_zenodo,,https://zenodo.org/records/16924532,static,,2026-09-13T06:19:18.696424+00:00,False
reviews_00603,مزرعة الزيتونة,,المكان مو مرتب يبغى له تنظيم وتنظيف اكثر..الفطور ماعجبنا نهائي وسعره مبالغ فيه..الفراوله مقفله والتوت قال مرشوش سم...المكان اللي انبسطنا فيه الطيور فقط .,Al Bahah,حديقة,-1,-1,0,,-1,-1,reviews_zenodo,,https://zenodo.org/records/16924532,static,,2026-09-13T06:19:18.696424+00:00,False
reviews_00604,مزرعة الزيتونة,,المكان مايستحق الزيارة تدخل على كل فرد ٣٠ ريال ومافيه الا طيور وشجر زيتون وسمك واي شي تبغى تشوفه برسوم غير عن رسوم الدخول حتى السيارات اللي توصلك لفوق ب ١٠ وعندهم خيول طبعا الخيل الكبير بتذكره والصغير بتذكرة مختلفة يعني استغلاااااال يعني المفروض الدخول ع الاقل مجاني دام كل شي بتذاكر وماتخيلت نفسي ازور المكان عشان طيور والا سمك في بركة حتى مخضرة الموية والله نسيت اصوره لانه مااعجبني مكان السمك ترا اللي فالصور مالقيناه لا صالة العاب ولا كرات مائية ولا ارانب ولا حيوانات غير السمك والطيور وفيه جلسات ومكان يبيع قهوة اتوقع مادخلناه وطلعنا ليييين فوق نبغى نشوف الكهف طلع مقفل وطالعت فيه من وراء القزاز طلع جلسات كراسي وطاولات وانا متحمسة للكهف 😅 ع العموم تفرجوا فالصور ولا تخسروا نفوسكم والله بس خسارة وزيادة رحنا في وقت حار 😩,Al Bahah,حديقة,-1,,-1,,-1,-1,reviews_zenodo,,https://zenodo.org/records/16924532,static,,2026-09-13T06:19:18.696424+00:00,False
reviews_00605,مزرعة الزيتونة,,150 ريال رسوم الدخول اللي جاي من بعيد ينتبه ولا يستحق للأمانة سعره,Al Bahah,حديقة,-1,,,,-1,-1,reviews_zenodo,,https://zenodo.org/records/16924532,static,,2026-09-13T06:19:18.696424+00:00,False
reviews_00606,مزرعة الزيتونة,,ندفع تذكرة الدخول مقابل ماذا؟ يعني أسره من ٥ اشخاص ١٠٠ ريال!! هذا دخول فقط الطيور ١٠ والقولف ١٠ والفاروله٢٠ وامش وادفع غير الزحمه والفوضى,Al Bahah,حديقة,-1,,,,-1,-1,reviews_zenodo,,https://zenodo.org/records/16924532,static,,2026-09-13T06:19:18.696424+00:00,False
reviews_00607,مزرعة الزيتونة,,اول شي مجهود جبار يشكرون عليه ومكان جميل لكن الدخول غالي الاستقبال وتنظيم القولف ممتاز مافي لا فراولة ولا توت اجمل فقره اطعام الطيور كانت زيارتي في اوقست,Al Bahah,حديقة,-1,,,1,0,0,reviews_zenodo,,https://zenodo.org/records/16924532,static,,2026-09-13T06:19:18.696424+00:00,False
reviews_00608,مزرعة الزيتونة,,انغشيت فيها صراحه لا يوجد متعه ابدا ابدا دفعت ١٦٠ريال كأني رميتها ف النار والله لا اقسام زي الناس والحيوانات ماهي إلا حصانين و وغنمتين وحسيل ومزرعة الفراوله فاضيه متكسره يعني ١٦٠ بدون حتى ريال مويه انا اشوف انه استغلال صراحه و حديقة الطيور سئلة العامل هل هي كبيره وفيها طيور كثير قال لي ايوه و يوم شفتها انصدمت حتى الحب يحط لك في يدك شوية كنك تشحذ لا انص بها ابدا ابدا ابدا,Al Bahah,حديقة,-1,,-1,,-1,-1,reviews_zenodo,,https://zenodo.org/records/16924532,static,,2026-09-13T06:19:18.696424+00:00,False
reviews_00609,مزرعة الزيتونة,,كان عندي توقع انه بشوف شي واو الدخول مع القولف ( السيارة اللي تنقلك ) ب30ریال للشخص من عمر 3 سنين يحسبون عليه دخلنا عادي وطلعنا أول شي صدمني في الأسماك يالله تنشاف المويه مطحلبه ولونها غامق طلعنا كهف الزيتونه قالو مقفل بس الجلوس برا مسموح وفي كشك مقهى لكن كان الجو مغيم وفيه رعد فماناسب الوضع نجلس نزلنا زعلانين بصراحة في صعوبة في التنقل ولافي اي تسهيلات للي معاه عربة أطفال في مكان مخصص للطيور الدخول له باضافة مبلغ احنا من المعاناة مع عربة الأطفال ومن الصدمة الأولى في حوض السمك قررنا نخرج لانو مافي اي تميز في حصان ابيض وثاني بني صغير تحت يمين بوابة الدخول بصراحة انخدعنا بالتقييمات المبالغ فيها أتمنى يكون في اهتمام بالزوار ووضع شي يليق فينا كبشر احنا ندفع عادي بس على شي يستاهل مو اشجار جافه وحوض اسماك مطحلب,Al Bahah,حديقة,-1,-1,-1,,-1,-1,reviews_zenodo,,https://zenodo.org/records/16924532,static,,2026-09-13T06:19:18.696424+00:00,False
reviews_00610,مزرعة الزيتونة,,صراحة كنا نتوقعها افضل من كذا مكان غير مضلل اذا كان تبغى تمشي على رجلك وثلاجات الشاهي قذرة ومكان الجلوس غير نظيف فيه تشوه بصري ..,Al Bahah,حديقة,,-1,,,-1,-1,reviews_zenodo,,https://zenodo.org/records/16924532,static,,2026-09-13T06:19:18.696424+00:00,False
reviews_00611,مزرعة الزيتونة,,المكان جدا جميل والعاملين قمه في الروعه بس اهتموا في النظافه وماء الحيوانات نضفوه كل صباح وأنصح بزياره جد المكان يستاهل,Al Bahah,حديقة,,-1,,1,1,1,reviews_zenodo,,https://zenodo.org/records/16924532,static,,2026-09-13T06:19:18.696424+00:00,False
reviews_00612,مزرعة الزيتونة,,لا احد يزورها خسارة على الفاضي لا لوحات ارشادية واضحة ولا اشخاص يشرحون وش عمل الآلات تدفع وتمشي في المزرعة وانت معك اليوتيوب عشان تبحث عن شروحات,Al Bahah,حديقة,-1,,,-1,-1,-1,reviews_zenodo,,https://zenodo.org/records/16924532,static,,2026-09-13T06:19:18.696424+00:00,False
reviews_00613,مزرعة الزيتونة,,المكان جميل وواسع استأجرنا ليلة ف اكواخ الزيتون الكوخ جميل بس مافيه اهتمام والشي اللي يزعل ان مافيها خصوصيه ابدا كل شوي واحد يمر من عند الكوخ وبعضهم يفتح الباب عليك اتصلنا على الاداره كذا مره ولا فيه رد 🥲💔 ...,Al Bahah,حديقة,,,,-1,1,0,reviews_zenodo,,https://zenodo.org/records/16924532,static,,2026-09-13T06:19:18.696424+00:00,False
reviews_00614,مزرعة الزيتونة,,نجمة كثيرة في حقة صراحة ، لاتعامل الي عند البوابه حلو ولا الي فالاستقبال اكثررر شي عجبي تعامل سايقين القولف والباقي تمنيت اني ماجيب، اول شي دخول ب٢٠ والطيور ١٠ ، ابغا افهم على ايش الدخول ب٢٠ ولاشي يستاهل ، اذا كل شي بفلوس ليش الدخول ب٢٠ ، ما اقول الى خسارة ال١٨٠ الي دفعتها انا وعائلتي .,Al Bahah,حديقة,-1,,,0,-1,-1,reviews_zenodo,,https://zenodo.org/records/16924532,static,,2026-09-13T06:19:18.696424+00:00,False
reviews_00615,مزرعة الزيتونة,,اول دخول 20ريال لشخص ولايوجد شي يستحق الزياره عليه بس جيت عندهم ودفعت ١٤٠ريال ولاطولت خسارة فيه ريال واحد لاسف,Al Bahah,حديقة,-1,,,,-1,-1,reviews_zenodo,,https://zenodo.org/records/16924532,static,,2026-09-13T06:19:18.696424+00:00,False
reviews_00616,مزرعة الزيتونة,,مكان عادي جدا وبسيط وفطور بسيط ورسوم عايله ٥ اشخاص وطفل ب ٢٩٠ كثير جدااا,Al Bahah,حديقة,-1,,,,0,0,reviews_zenodo,,https://zenodo.org/records/16924532,static,,2026-09-13T06:19:18.696424+00:00,False
reviews_00617,مزرعة الزيتونة,,ابدا ماانصح فيها احنا ٨ اشخاص دفعنا ١٦٠ ريال دخول و١٠ ريال زياده عشان سياره الجولف ومافيها شي لو بدخل للطيور ادفع زياده حتى العاب الاطفال بفلوس,Al Bahah,حديقة,-1,,,,-1,-1,reviews_zenodo,,https://zenodo.org/records/16924532,static,,2026-09-13T06:19:18.696424+00:00,False
reviews_00618,مزرعة الزيتونة,,انتبهو يا اهل العوايل المسافات متباعدة ولا فيه إلا توصيلة في البداية للمطعم وبعدها بيجيك شد عضلي من الطلوع والنزول ...,Al Bahah,حديقة,,,,-1,,-1,reviews_zenodo,,https://zenodo.org/records/16924532,static,,2026-09-13T06:19:18.696424+00:00,False
reviews_00619,مزرعة الزيتونة,,الدخول للشخص الواحد ٢٠ صعب للي عائلته كبيره مفروض للسياره الواحده كل شيء برسوم حوض السمك + الخيول + الطيور الى آخره لو اننا تجار كل شيء بالمزرعه برسوم ماتدري على ايش دفعت ٢٠ اذا بتدفع على كل شيء ...,Al Bahah,حديقة,-1,,,,,-1,reviews_zenodo,,https://zenodo.org/records/16924532,static,,2026-09-13T06:19:18.696424+00:00,False
reviews_00620,مزرعة الزيتونة,,الحقيقة كانت زيارة مخيبه للامال واقل من المتوقع دخلنا صباح الجمعه للفطور مع خدمة توصيل لموقع الافطار بمبلغ ١٢٠ ريال . ٧٠ فطور ٤٠ دخول للمزرعه و ١٠ ريال نقل. لايهم المبلغ لو كان الافطار يستحق لكن الافطار كان فقير جدا .. اطباق صغيره جدا ...,Al Bahah,حديقة,-1,,,,-1,-1,reviews_zenodo,,https://zenodo.org/records/16924532,static,,2026-09-13T06:19:18.696424+00:00,False
reviews_00621,مزرعة الزيتونة,,تجربة جديدة لنا في الباحة للفطور في المزرعة (مكتوب سعر الافطار ٤٥ ريال في وسائل التواصل وفي الواقع١٠٠ريال )عند الدخول رسوم ٢٠ ريال للشخص بالاضافة ١٠ريال لسيارة الغولف ولن تتكرر الزيارة وبهذا الشكل لاتدعم السياحة,Al Bahah,حديقة,-1,,,,,-1,reviews_zenodo,,https://zenodo.org/records/16924532,static,,2026-09-13T06:19:18.696424+00:00,False
reviews_00622,مزرعة الزيتونة,,جيد ولاكن ينقصه بعض الخدمات للزوار وبخصوص مبلغ الدخول مبالغ في ٢٠ریال للفرد ولاكن لايوجد شي يستاهل المبلغ المدفوع للدخول ولاكن اشكر كل من عبدالله الغامدي وحسن الغامدي سائقين سيارة القولف على حسن التعاون,Al Bahah,حديقة,-1,,-1,1,0,0,reviews_zenodo,,https://zenodo.org/records/16924532,static,,2026-09-13T06:19:18.696424+00:00,False
reviews_00623,مزرعة الزيتونة,,اسعار الدخول مبالغ فيه الشخص 20 ريال المكان فوق الجبل ويحتاج نقل العربه 10 ريال المفروض اخذة رسوم على الدخول ماتاخذ رسوم على الدخول للطيور والفطور عادي جدا وسعره غالي 100 ريال زيتون وزعتر 3حبات بيض مسلوق,Al Bahah,حديقة,-1,,,,-1,-1,reviews_zenodo,,https://zenodo.org/records/16924532,static,,2026-09-13T06:19:18.696424+00:00,False
reviews_00624,مزرعة الزيتونة,,مزرعة الزيتونه مقلب كبير جدا يقولو في اسماك وهي لما تجي تشوفها جدا وسخه وسيئه وغير نظيفه حتي حديقة الطيور الطيور الكبيره محبوسه بالقفص وتاكلها من خارج القفص حتي الكفيهات جدا سيئه اقسم بالله تجربه سيئه جدا وانصح من يفكر يجيها يبطل عشان مهي ...,Al Bahah,حديقة,,-1,-1,,-1,-1,reviews_zenodo,,https://zenodo.org/records/16924532,static,,2026-09-13T06:19:18.696424+00:00,False
reviews_00625,مزرعة الزيتونة,,المكان رائع بس الخدمات سيئه وغير متوفره اغلبها لا تعمل ومغلقه,Al Bahah,حديقة,,,-1,,1,0,reviews_zenodo,,https://zenodo.org/records/16924532,static,,2026-09-13T06:19:18.696424+00:00,False
reviews_00626,مزرعة الزيتونة,,لا يوجد جلسات مجهزة و الكراسي والطاولات وصخه المسافات بين الأماكن بعيده جدا غير مناسبة للعوائل,Al Bahah,حديقة,,-1,-1,,,-1,reviews_zenodo,,https://zenodo.org/records/16924532,static,,2026-09-13T06:19:18.696424+00:00,False
reviews_00627,مزرعة الزيتونة,,للأسف متستاهل الزياره وكنا عائلتين ٦اشخاص بالغين والباقي اطفال اخذو عليهم دخول وحاسبنا٣٠٠ولاتستاهل ولاشي فيها يلفت الانتباه حتى الفطور جينا بنطلب للأمانه شفنا قدامنا عائله ونصحتنا تقول ميستحق شوفيني اكل خبزه وحده وتعبو الصغار نبي لو بقاله ...,Al Bahah,حديقة,-1,,,,-1,-1,reviews_zenodo,,https://zenodo.org/records/16924532,static,,2026-09-13T06:19:18.696424+00:00,False
reviews_00628,مزرعة الزيتونة,,المكان حلو ومرتب ونظيف وممتع صراحه لكن الاسعار جدا مبالغ فيها دخول الشخص ب٢٠ والطيور ١٠ دفعت ل٧ اشخاص ٢٣٠ طيور ودخول المزرعه بصراحه غاليه ومافيها شي يسوى المبلغ والي قهرني لما جيت الطيور الي جيت مخصوص عشان الاطفال ينبسطون فيها لقيت مافيه ...,Al Bahah,حديقة,-1,1,0,,1,0,reviews_zenodo,,https://zenodo.org/records/16924532,static,,2026-09-13T06:19:18.696424+00:00,False
reviews_00629,مزرعة الزيتونة,,المكان عادي جدا والتذاكر غاليه مقابل جودة المكان عايلة ست أشخاص تذكرة أطفال ب ١١٠ وجلسنا تقريبا نصف ساعه,Al Bahah,حديقة,-1,,,,0,-1,reviews_zenodo,,https://zenodo.org/records/16924532,static,,2026-09-13T06:19:18.696424+00:00,False
reviews_00630,مزرعة الزيتونة,,لا يستحق الزياره دخلت وكان اكثر مرافق المزرعة مغلق بالأخص المطعم السعر مرتفع وكذالك لايراعون وقت الطلب غير الأخطاء في الطلبات,Al Bahah,حديقة,-1,,-1,-1,-1,-1,reviews_zenodo,,https://zenodo.org/records/16924532,static,,2026-09-13T06:19:18.696424+00:00,False
reviews_00631,مزرعة الزيتونة,,المكان جميل بس بعد انتظار ساعه الا ربع من طلب الفطور قالو مافي مربى والفطور غالي بي ١٠٠ ريال,Al Bahah,حديقة,-1,,,-1,1,0,reviews_zenodo,,https://zenodo.org/records/16924532,static,,2026-09-13T06:19:18.696424+00:00,False
reviews_00632,مزرعة الزيتونة,,سيئه جدا جدا جدا لو في أقل من الصفر كان حطيت ودفعنا حق السياره ومافي احد يشل والفرواله مافي حتى نور مافي ومافيه حيوانات متعرف عليها و الطيور كانت مقفله حوض سمك ظمله مانشوف شي حتى ومو هم صارحين معك سيئه جدا,Al Bahah,حديقة,,,-1,,-1,-1,reviews_zenodo,,https://zenodo.org/records/16924532,static,,2026-09-13T06:19:18.696424+00:00,False
reviews_00633,مزرعة الزيتونة,,لو فيه اقل من نجمه كان اعطيتها صراحه تندمت على زيارتي لها الصور غير الواقع و مبالغ مرتفعه على لا شي والله لو جلست فوق الرصيف انه امتع وأحلى من هذه المزرعه استغلال ولا انصح بها ابدا ابدا ابدا,Al Bahah,حديقة,-1,,,,-1,-1,reviews_zenodo,,https://zenodo.org/records/16924532,static,,2026-09-13T06:19:18.696424+00:00,False
reviews_00634,مزرعة الزيتونة,,اسعارهم مبالغ فيها نار الدخول فقط ب٣٠ريال والفعاليات غاليه لا انصح احد بزيارتها,Al Bahah,حديقة,-1,,,,-1,-1,reviews_zenodo,,https://zenodo.org/records/16924532,static,,2026-09-13T06:19:18.696424+00:00,False
reviews_00635,مزرعة الزيتونة,,لا يستحق الزياره أبدا و إستغلال مادي بحت ادفع ادفع ادفع جشع لا حدود له .. يجب تدخل وزارة السياحه لإيقاف هذا الجشع,Al Bahah,حديقة,-1,,,,-1,-1,reviews_zenodo,,https://zenodo.org/records/16924532,static,,2026-09-13T06:19:18.696424+00:00,False
reviews_00636,مزرعة الزيتونة,,تجربه سيئه وكلها دفع فلوس الاغلب لا يوجد شي مجاني او متاح بعد دفع رسوم الدخول ايضا متعبه والصعود للمناطق داخل المزرعه صعب جدا اتمنى اعاده النظر في دفع المبالغ في باقي الاقسام,Al Bahah,حديقة,-1,,,,-1,-1,reviews_zenodo,,https://zenodo.org/records/16924532,static,,2026-09-13T06:19:18.696424+00:00,False
reviews_00637,مزرعة الزيتونة,,للأسف تجربة سيئة جدا طلبت من مشاوي في المزرعة وجلسنا في طاولة ومعي طفل رضيع وفجأة سووا استعراض على اطباق وولعوا فيها النار جنب الطفل و بتهور واستهتار يرش على النار مادة تزيد الاشتعال والله اني بعيد عنهم ووصل لي سموم النار ما استطعنا نكمل عشنا ومشينا من الفجعة حسبنا الله ونعم الوكيل,Al Bahah,حديقة,,,,-1,,-1,reviews_zenodo,,https://zenodo.org/records/16924532,static,,2026-09-13T06:19:18.696424+00:00,False
reviews_00638,مزرعة الزيتونة,,لا يستحق الزياره ابدا المكان مغبر ولا فيه شي السمك مويته وصخه مانشوفه ...,Al Bahah,حديقة,,-1,,,-1,-1,reviews_zenodo,,https://zenodo.org/records/16924532,static,,2026-09-13T06:19:18.696424+00:00,False
reviews_00639,مزرعة الزيتونة,,تجربة سيئة .. بالرغم من أن المكان واسع وجيد .. التجربة سياحيا بدائية المطعم شغل هواة وليس مختصين ، ادارة المكان سيئة وادارة الوقت اسوأ .. كل الموجودين من الزبائن في حالة سخط ، انتظرنا الفطور اربعين دقيقة .. بالرغم من وجود حجز مسبق .. ضعف ...,Al Bahah,حديقة,,,,-1,1,-1,reviews_zenodo,,https://zenodo.org/records/16924532,static,,2026-09-13T06:19:18.696424+00:00,False
reviews_00640,مزرعة الزيتونة,,المكان نظيف فقط اما باقي المرافق مافي شي يذكر حوض الاسماك مغلق ممكن بسبب الصيانه مكان الطيور فقط ١٠ دقايق وتطعم ثم تخرج الالعاب ١٥ ريال هذي افضل حاجة اترك اطفالك وتجول على راحتك الحصان ٧ لفات ب تقريبا ٢٠ ريال بالنسبة لي مكان عادي جدا مجموع ٤ اشخاص مع طفل ١٦٥ ريال فقط,Al Bahah,حديقة,,1,-1,,0,0,reviews_zenodo,,https://zenodo.org/records/16924532,static,,2026-09-13T06:19:18.696424+00:00,False
reviews_00641,مزرعة الزيتونة,,صراحه الفطور اقل من عادي والطاولات لم تمسح بعد الزبون القطط تنط على الطاولات,Al Bahah,حديقة,,-1,,,,-1,reviews_zenodo,,https://zenodo.org/records/16924532,static,,2026-09-13T06:19:18.696424+00:00,False
reviews_00642,مزرعة الزيتونة,,بصراحه لا انصح بزيارتها النظافة غير جيده والرسوم مبالغ فيها وبدون اي حافز,Al Bahah,حديقة,-1,-1,,,,-1,reviews_zenodo,,https://zenodo.org/records/16924532,static,,2026-09-13T06:19:18.696424+00:00,False
reviews_00643,مزرعة الزيتونة,,فاشله رحت لها المغرب كل شي مقفل والحيوانات ياربي لك الحمد دجاج وبط وعنز وجميع انواع الوبر وكم خيل وحوض السمك مظلم ماتشوف شيء والطيور مافي في الليل والكافي فاشل وغالي على الفاضي والفراوله مافي وندفع حق التوصيل ومافي احد يطالع فيك غير مصري الله يرضى عليه التجربه اخر مرررره,Al Bahah,حديقة,-1,,-1,0,-1,-1,reviews_zenodo,,https://zenodo.org/records/16924532,static,,2026-09-13T06:19:18.696424+00:00,False
reviews_00644,مزرعة الزيتونة,,مزرعه بسيطه الهدف عندهم مادي بحت دخول الشخص 20 ريال ...,Al Bahah,حديقة,-1,,,,0,,reviews_zenodo,,https://zenodo.org/records/16924532,static,,2026-09-13T06:19:18.696424+00:00,False
reviews_00645,مزرعة الزيتونة,,كلهم يمدحونها بس السعر معليش وش ٢٠ ريال حيوانات مافيها كثير جايبين حيوانات عاديه و مزرعة الفراوله مب ساقينها مويه معندهم الا خبز و زيتون ومدري وش ...,Al Bahah,حديقة,-1,,-1,,,-1,reviews_zenodo,,https://zenodo.org/records/16924532,static,,2026-09-13T06:19:18.696424+00:00,False
reviews_00646,مزرعة الزيتونة,,مزرعة الزيتون جدا مافيها شي يستحق المجيئ غير الخيل مزرعة الفراوله مافيها فراوله وحوض السمك لونه اخضر ووسخ جدا والاشجار مافيها زيتون وسعر الفطور جدا غالي بنسبه الى شخصين وكل البيبان مقفله حتى الكهف,Al Bahah,حديقة,-1,-1,0,,-1,-1,reviews_zenodo,,https://zenodo.org/records/16924532,static,,2026-09-13T06:19:18.696424+00:00,False
reviews_00647,مزرعة الزيتونة,,الدخول ب ٣٠ وحرام فيها نص ريال وريحتها خايسه و الخيول غير نظيفه و جيت واسماك الحوض الثاني ميته وما فيها شي,Al Bahah,حديقة,-1,-1,-1,,-1,-1,reviews_zenodo,,https://zenodo.org/records/16924532,static,,2026-09-13T06:19:18.696424+00:00,False
reviews_00648,مزرعة الزيتونة,,مكان عاااااادي (( استراحه كل مرفق فيها بمقابل غير ذكرة الدخول المبالغ فيها )) دخول الشخص ٢٠ ريال عشان تمشي على رجليك ومافيه زيتون مو موسمه على كلامهم,Al Bahah,حديقة,-1,,,,-1,-1,reviews_zenodo,,https://zenodo.org/records/16924532,static,,2026-09-13T06:19:18.696424+00:00,False
reviews_00649,مزرعة الزيتونة,,النجمة علشان التقييم فقط الاستقبال تعاملها سيء جدا وتحس مالها نفس تشتغل يا بنت الحلال ان كان مالك نفس تتعاملين مع الزباين لا تشتغلين واقعدي في بيتكم 🙏 ...,Al Bahah,حديقة,,,,-1,,-1,reviews_zenodo,,https://zenodo.org/records/16924532,static,,2026-09-13T06:19:18.696424+00:00,False
reviews_00650,مزرعة الزيتونة,,اتمنى من الادارة اعتماد آلية ثابتة في الاسعار ،قبل زيارتي لكم ، زاركم صديقي بعائلته وكان السعر مختلف!!!,Al Bahah,حديقة,-1,,,,,-1,reviews_zenodo,,https://zenodo.org/records/16924532,static,,2026-09-13T06:19:18.696424+00:00,False
reviews_00651,مزرعة الزيتونة,,المكان جميل ولاكن الخدمة كانت سيئة جدا المطعم جيد ولاكن فيه نواقص المشرف كان تعامله سيء👎🏽👎🏽👎🏽👎🏽👎🏽 ...,Al Bahah,حديقة,,,-1,-1,1,-1,reviews_zenodo,,https://zenodo.org/records/16924532,static,,2026-09-13T06:19:18.696424+00:00,False
reviews_00652,مزرعة الزيتونة,,المكان لايستاهل هذه القيمه سيارات النقل (الجولف) قليله الفراوله قليله جدا وحجمها صغير ...,Al Bahah,حديقة,-1,,,,-1,-1,reviews_zenodo,,https://zenodo.org/records/16924532,static,,2026-09-13T06:19:18.696424+00:00,False
reviews_00653,مزرعة الزيتونة,,بصراحه المكان باقي عليه شوي ويصيز خرابه لا شفت فراوله ولا توت ولا سمك والفطور ب100 نواشف الخيول 3 ومقفلين عليها الطيور برسوم يعني تجي تمشي ع الفاضي,Al Bahah,حديقة,-1,,-1,,-1,-1,reviews_zenodo,,https://zenodo.org/records/16924532,static,,2026-09-13T06:19:18.696424+00:00,False
reviews_00654,مزرعة الزيتونة,,سيئه للغايه لاتوجد جلسات ودخول السيارات وسيارات القولف خطيره على الاطفال لكثرت ترددها,Al Bahah,حديقة,,,-1,,-1,-1,reviews_zenodo,,https://zenodo.org/records/16924532,static,,2026-09-13T06:19:18.696424+00:00,False
reviews_00655,مزرعة الزيتونة,,اقل من عادي مزرعه فيها كميه روايح غير طبيعي ودواجن واسماك حرااااااااااام حتى تدفع ريال لا يوجد فيها شي,Al Bahah,حديقة,-1,-1,,,-1,-1,reviews_zenodo,,https://zenodo.org/records/16924532,static,,2026-09-13T06:19:18.696424+00:00,False
reviews_00656,مزرعة الزيتونة,,دخول غالي ولا فيهاء اي شي يسواء حسايف المشوار والدخوليه,Al Bahah,حديقة,-1,,,,-1,-1,reviews_zenodo,,https://zenodo.org/records/16924532,static,,2026-09-13T06:19:18.696424+00:00,False
reviews_00657,مزرعة الزيتونة,,مكان عادي جدا وسعر تذاكر 🎫 غالي مايستاهل ومافيه اي شي في المزرعة نصيحه محب لاتضيع وقتك ومالك بشي مايسوي ابحث عن خيار اخر ...,Al Bahah,حديقة,-1,,,,-1,-1,reviews_zenodo,,https://zenodo.org/records/16924532,static,,2026-09-13T06:19:18.696424+00:00,False
reviews_00658,مزرعة الزيتونة,,تنظيم سيء اخلاق سيئة فوضى ويدفدفون بعض عشان سيارات القولف وصياح وهماجه المكان حلو بس التنظيم والمنظمين من اسوء مايكون والنجمة ك,Al Bahah,حديقة,,,,-1,1,0,reviews_zenodo,,https://zenodo.org/records/16924532,static,,2026-09-13T06:19:18.696424+00:00,False
reviews_00659,مزرعة الزيتونة,,ما يستاهل العناء تخسر عشان تتمشى بين شجر وشوارع يعني مافيه شي يستاهل واستغلال في كل شي بدون مقابل ...,Al Bahah,حديقة,-1,,,,-1,-1,reviews_zenodo,,https://zenodo.org/records/16924532,static,,2026-09-13T06:19:18.696424+00:00,False
reviews_00660,مزرعة الزيتونة,,المكان لايستحق العناء أقل من عادي والاسعار جدا مبالغ فيها,Al Bahah,حديقة,-1,,,,-1,-1,reviews_zenodo,,https://zenodo.org/records/16924532,static,,2026-09-13T06:19:18.696424+00:00,False
reviews_00661,مزرعة الزيتونة,,المكان مايسوى والله + استغلال جدا .. المدح لها مبالغ على ولا شي👎🏻 ...,Al Bahah,حديقة,-1,,,,-1,-1,reviews_zenodo,,https://zenodo.org/records/16924532,static,,2026-09-13T06:19:18.696424+00:00,False
reviews_00662,مزرعة الزيتونة,,جميله لكن السعر مبالغ ومتعبه وايد تمشي وشكرا,Al Bahah,حديقة,-1,,,,1,0,reviews_zenodo,,https://zenodo.org/records/16924532,static,,2026-09-13T06:19:18.696424+00:00,False
reviews_00663,مزرعة الزيتونة,,لو فيه اقل من نجمة حطيتها المكان سيء جدا ولا انصح ب زيارته,Al Bahah,حديقة,,,,,-1,-1,reviews_zenodo,,https://zenodo.org/records/16924532,static,,2026-09-13T06:19:18.696424+00:00,False
reviews_00664,مزرعة الزيتونة,,اسعار مبالغة وحوض الاسماك وصخ وماتنشاف والمشروبات في الكفي غاليه وفالاخير سفن وريحة نكهة ولا يمكن قطف الزيتون ومزرعة الفراولة ميته,Al Bahah,حديقة,-1,-1,-1,,-1,-1,reviews_zenodo,,https://zenodo.org/records/16924532,static,,2026-09-13T06:19:18.696424+00:00,False
reviews_00665,مزرعة الزيتونة,,ما انصح تجربه سيئة جدا لا يوجد فيها شي يذكر,Al Bahah,حديقة,,,,,-1,-1,reviews_zenodo,,https://zenodo.org/records/16924532,static,,2026-09-13T06:19:18.696424+00:00,False
reviews_00666,مزرعة الزيتونة,,استغلاااااااااااااااااال فطور عادي البوكس ب ١٠٠ طبق الشكشوكة مكرر في البوكس يعني النوع ب ١٤ ريال تقريبا .. العربه بمقابل حديقة الطيور .. لا يوجد جلسات رغم كثرت الاشجار ولكن سوء تنظيم .. ...,Al Bahah,حديقة,-1,,-1,,,-1,reviews_zenodo,,https://zenodo.org/records/16924532,static,,2026-09-13T06:19:18.696424+00:00,False
reviews_00667,مزرعة الزيتونة,,غير منظم. اسعار غاليه جلسات متهالكه تجربه سيئه لايمكن ان اكررها,Al Bahah,حديقة,-1,,-1,,,-1,reviews_zenodo,,https://zenodo.org/records/16924532,static,,2026-09-13T06:19:18.696424+00:00,False
reviews_00668,مزرعة الزيتونة,,للاسف الكلام عنها اعطاها اكبر من حجمها التزاكر ٣٠ ريال للفرد كثير لانه اي شي زكر في الاعلان يختلف عن الموجود في الطبيعة ...,Al Bahah,حديقة,-1,,,,-1,-1,reviews_zenodo,,https://zenodo.org/records/16924532,static,,2026-09-13T06:19:18.696424+00:00,False
reviews_00669,مزرعة الزيتونة,,المكان جميل ولكن كان استغلال مادي بدون اي خدمه بدون اي شروحات بدون اي فاده القولف ب ١٠ وينزلك جنب الكفي الي مافيه احد وحوض الاسماك الي اصلا ثلاث احواض ولا ...,Al Bahah,حديقة,-1,,,-1,-1,-1,reviews_zenodo,,https://zenodo.org/records/16924532,static,,2026-09-13T06:19:18.696424+00:00,False
reviews_00670,مزرعة الزيتونة,,للاسف الاستقبال سيء وانتظار القولف كار يطول كثير دون اي مبالاه,Al Bahah,حديقة,,,,-1,,-1,reviews_zenodo,,https://zenodo.org/records/16924532,static,,2026-09-13T06:19:18.696424+00:00,False
reviews_00671,مزرعة الزيتونة,,والله لازم يحطون الدخول مجانا أو على الأقل الواحد الكبير ب ١٠ والصغير ببلاش أو خمسه لان فيه ناس ما عندها مقدره تدفع هذي الفلوس هذا غير ركوب الخيل والأشياء الثانيه,Al Bahah,حديقة,-1,,,,,-1,reviews_zenodo,,https://zenodo.org/records/16924532,static,,2026-09-13T06:19:18.696424+00:00,False
reviews_00672,مزرعة الزيتونة,,كانت تجربة سيئة .. مو على السمعه والمدح اللي عليها .. الدخول كان ب٢٠ لكل شخص حتى الاطفال وكل شيء في الداخل برسوم . دخلت قسم الاسماك وكان مهمل وفيه اسماك ميته وكل اللي فيه ٣ احواض وواحد منها فارغ . ...,Al Bahah,حديقة,-1,,-1,,-1,-1,reviews_zenodo,,https://zenodo.org/records/16924532,static,,2026-09-13T06:19:18.696424+00:00,False
reviews_00673,مزرعة الزيتونة,,للاسف ندمت على التوجهه لها ماكانت بالمدح اللي سمعناه وتعنينا لاجله ...,Al Bahah,حديقة,,,,,-1,-1,reviews_zenodo,,https://zenodo.org/records/16924532,static,,2026-09-13T06:19:18.696424+00:00,False
reviews_00674,مزرعة الزيتونة,,سيئه الى ابعد حدود انصح عدم زيارت الموقع وةلتذاكر غاليه على موقع خالي من الخدمات من كوفي ومطاعم وترفيه للاطفال مكان عديم الفايده,Al Bahah,حديقة,-1,,-1,,-1,-1,reviews_zenodo,,https://zenodo.org/records/16924532,static,,2026-09-13T06:19:18.696424+00:00,False
reviews_00675,مزرعة الزيتونة,,وصلت لحدالمزرعة ومع الاسف رجعت وذلك بسبب ارتفاع في سعرالتذاكر,Al Bahah,حديقة,-1,,,,,-1,reviews_zenodo,,https://zenodo.org/records/16924532,static,,2026-09-13T06:19:18.696424+00:00,False
reviews_00676,مزرعة الزيتونة,,قمت اليوم بزيارة للمزرعةوكانت زيارة مخيبة لعدم مصداقية المسؤول عن المزرعة في توضيح المرافق والفعاليات التي تقدم للزائر الذي دفع مبلغ للمشاهدة والاستمتاع وقضاء الوقت حيث أن مزرعة الفراولة مقفلة والمعصرة لاتعمل والعاب الاطفال مغلقة فقط المقصد ...,Al Bahah,حديقة,,,-1,,-1,-1,reviews_zenodo,,https://zenodo.org/records/16924532,static,,2026-09-13T06:19:18.696424+00:00,False
reviews_00677,مزرعة الزيتونة,,للأمانه ما تستاهل الرسوم الي تدفعها وفوق كذا بعد ما تدخل لازم تدفع رسوم اذا تبي الخيل وكمان تدفع رسوم اذا تبي الفراوله وكمان الخيام برسوم يعني بختصار تدفع رسوم دخول وبعد كذا اي شى يعجبك لازم تدفع رسوم عشان تدخل 👎 ...,Al Bahah,حديقة,-1,,,,-1,-1,reviews_zenodo,,https://zenodo.org/records/16924532,static,,2026-09-13T06:19:18.696424+00:00,False
reviews_00678,مزرعة الزيتونة,,هذي هي حديقة الاستنزاف الدخول الشخص ب 20 واي شي داخل بفلوس يعني 5 اشخاص كلفتني مع وجبة الافطار 280 ريال 🤔🥺 ...,Al Bahah,حديقة,-1,,,,,-1,reviews_zenodo,,https://zenodo.org/records/16924532,static,,2026-09-13T06:19:18.696424+00:00,False
reviews_00679,مزرعة الزيتونة,,المكان يفتقد لوجود الخدمات من ماء وعصير وخلافه.... لا يوجد أي فواكه في الحديقة ولا زيتون.... لا يوجد اهتمام في المكان للاسف ...,Al Bahah,حديقة,,,-1,,-1,-1,reviews_zenodo,,https://zenodo.org/records/16924532,static,,2026-09-13T06:19:18.696424+00:00,False
reviews_00680,مزرعة الزيتونة,,كان من اسواء الاماكن اللي سكنا فيها كانت وسخه جدااا غبار ورريحة السكن فيها سيئه وكان الفراش ودوره المياة وغرفه النوم كلها شعر طلبنا صاحب المزرعه وقال طيب اللحين ارسلك عمال ورجعنا والله انها مثل ماهي ماتغير شي بس اللي حدنا عليها انه مافي ...,Al Bahah,حديقة,,-1,,-1,,-1,reviews_zenodo,,https://zenodo.org/records/16924532,static,,2026-09-13T06:19:18.696424+00:00,False
reviews_00681,مزرعة الزيتونة,,المكان جميل لكن لا اهتمام ولا تفعيل ولا شي رحنا ٧ الصباح ما استفدنا شي خساره ٦٠ ريال اللي اخذها كتذكرة دخول,Al Bahah,حديقة,,,,,-1,-1,reviews_zenodo,,https://zenodo.org/records/16924532,static,,2026-09-13T06:19:18.696424+00:00,False
reviews_00682,مزرعة الزيتونة,,للاسف توني خرجت منها الان في تاريخ ٢٠٢٣/٦/٢٥ الصباح الساعه ١٠ صباح ولم اجد اي محصول لا فروله ولا زيت الزيتون ولا التوت ...,Al Bahah,حديقة,,,-1,,-1,-1,reviews_zenodo,,https://zenodo.org/records/16924532,static,,2026-09-13T06:19:18.696424+00:00,False
reviews_00683,مزرعة الزيتونة,,تجربه سيئه لأبعد حد واستغلال فضيع لزوار المكان...خذ مني اللي تبغى بس اهتموا ف المكان بس تستغلني وما تخدمني مررره كثير الدخول ب ٢٠ للشخص كبار وصغار ...,Al Bahah,حديقة,-1,,,,-1,-1,reviews_zenodo,,https://zenodo.org/records/16924532,static,,2026-09-13T06:19:18.696424+00:00,False
reviews_00684,مزرعة الزيتونة,,يعيبها ان الفطور الزامي تاخذ البوكس ب 100 ريال سواء كنتم شخصين او 5 اشخاص و السعر جدا غالي على الفطور المقدم الاصناف اضيف على ذلك الخبز يابس تقريبا نفس الاصناف والكمية في بساتين اللوز بسعر45 ريال لكن عموما المكان جميل و فيه طيور زينه,Al Bahah,حديقة,-1,,,,1,0,reviews_zenodo,,https://zenodo.org/records/16924532,static,,2026-09-13T06:19:18.696424+00:00,False
reviews_00685,مزرعة الزيتونة,,اسعار الدخول مبالغ فيها ب٧٥ للشخص سعر وجبة فطور ل٥ اشخاص ب١٠٠ ريال هل يعقل؟؟؟ ومافي منيو تختارو بنفسكم ناكل اللي موجود؟؟؟ ...,Al Bahah,حديقة,-1,,,,,-1,reviews_zenodo,,https://zenodo.org/records/16924532,static,,2026-09-13T06:19:18.696424+00:00,False
reviews_00686,مزرعة الزيتونة,,مشروع لم يكتمل بعد ولا توجد به أي افكار جديدة للجذب. المحميات مهملة والزرع يابس. لا يوجد مرشد سياحي يشرح عن الزيتون/ المعصرة لا تعمل/ دورات المياة قذرة ولا توجد عاملة مقيمة باستمرار/ الكهف مغلق فلا يوجد مطعم أصلا/فرن متواضع جدا وبخدمات ...,Al Bahah,حديقة,,-1,-1,,-1,-1,reviews_zenodo,,https://zenodo.org/records/16924532,static,,2026-09-13T06:19:18.696424+00:00,False
reviews_00687,مزرعة الزيتونة,,تجربة سيئة والسعر مبالغ فيه جدا,Al Bahah,حديقة,-1,,,,,-1,reviews_zenodo,,https://zenodo.org/records/16924532,static,,2026-09-13T06:19:18.696424+00:00,False
reviews_00688,مزرعة الزيتونة,,شكرا لكم على استقبالكم ومكان اكثر من رائع واستمتع الجميع ونتمنى لكم التوفيق ومزيدا من التقدم,Al Bahah,حديقة,,,,,1,1,reviews_zenodo,,https://zenodo.org/records/16924532,static,,2026-09-13T06:19:18.696424+00:00,False
reviews_00689,مزرعة الزيتونة,,سيئ كل شي منتهي ومعدوم حديقة الطيور يعطيك اكل شوي حديقة الفراوله ولا شجره سليمه كلها ميته ولا يوجد فراوله مكااان سييييئ ولا يستاهل الزياره,Al Bahah,حديقة,,,-1,,-1,-1,reviews_zenodo,,https://zenodo.org/records/16924532,static,,2026-09-13T06:19:18.696424+00:00,False
reviews_00690,مزرعة الزيتونة,,اسوء مكان زرته في حياتي . اسعار مبالغ فيها عند الدخول ويقولك في اماكن عشان تدخل تدفع واماكن يقولك هذي مجانا وانا دافع عند الدخول والطيور يحط لك الاكل مرة وحدة ويقولك خلاص اطلع .,Al Bahah,حديقة,-1,,,,-1,-1,reviews_zenodo,,https://zenodo.org/records/16924532,static,,2026-09-13T06:19:18.696424+00:00,False
reviews_00691,مزرعة الزيتونة,,سيء جدا جدا صراحة المفروض هيئة السياحة تنظر لها يعني لعب فقط واستنزاف فلوس فقط مكتوب خيول وطيور واسماك ولا شي من هذا الخيول واحد فقط السمك الاحواض فاضيه وحدث ولا حرج هذيك احواض الطيور عادي جدا جدا الكافي كشك ولا في اي جلسة حلوه او تطل ع شي جميل,Al Bahah,حديقة,-1,,-1,,-1,-1,reviews_zenodo,,https://zenodo.org/records/16924532,static,,2026-09-13T06:19:18.696424+00:00,False
reviews_00692,مزرعة الزيتونة,,المكان حلو لكن صغير ويقفلون الانوار والاماكن من الساعه ٦ ما يمدي نتونس ويقفل الباب ما نطلع من المنتجع ومليان حشرات وسحليات ميته وعايشه طبعا اسلوب صاحب المكان جدا جدا سئ ما يحترم الزوار ابدا ابدا سئ وتجربه ما بتتكرر مرا ثانيه ابدا غلطه وما تنعاد,Al Bahah,حديقة,,-1,,-1,1,0,reviews_zenodo,,https://zenodo.org/records/16924532,static,,2026-09-13T06:19:18.696424+00:00,False
reviews_00693,مزرعة الزيتونة,,تجربة سىء جدا والسعر مبالغ فيه,Al Bahah,حديقة,-1,,,,,-1,reviews_zenodo,,https://zenodo.org/records/16924532,static,,2026-09-13T06:19:18.696424+00:00,False
reviews_00694,مزرعة الزيتونة,,صدمة صراحه الدخول ٢٠ ريال وكل فعالية بفلوس تبغى تدخل للطيور ب ١٠ للشخص والخيول بفلوس ونادي التنس بفلوس. حتى ما في اسماك والاحواض فارغه من الماء. والله صدمه,Al Bahah,حديقة,-1,,-1,,,-1,reviews_zenodo,,https://zenodo.org/records/16924532,static,,2026-09-13T06:19:18.696424+00:00,False
reviews_00695,مزرعة الزيتونة,,زياره سيئه جدا كل الاماكن مغلقه دفعنا رسوم الدخول على الفاضي ودفعنا توصيل بسياره الجولف ووصلنا للنص وتركنا ونزلنا على الاقدام واشتكينا للاستقبال للأسف مافيه ولا تعاون مكان لا يستحق الزيارة,Al Bahah,حديقة,-1,,,-1,-1,-1,reviews_zenodo,,https://zenodo.org/records/16924532,static,,2026-09-13T06:19:18.696424+00:00,False
reviews_00696,مزرعة الزيتونة,,الحقيقه كانت تجربه سيئه طبعا رسوم الدخول الشخص ب٢٠ ريال واذا تبغى تطلع عربات القولف ب١٠ ريال اخذتنا عربه القولف وطلع جوله قصيره مر فينا على مزرعه التوت مقفله الفراولة كذلك وبعدها مر من جنب الخيول كان خيل واحد اللي شفته وبعدها لفه على معصره ...,Al Bahah,حديقة,,,-1,,-1,-1,reviews_zenodo,,https://zenodo.org/records/16924532,static,,2026-09-13T06:19:18.696424+00:00,False
reviews_00697,مزرعة الزيتونة,,مزرعة لا تستحق الزيارة من الدخول دفعة ٢٠٠ ريال وسيارة توصل لك عند الطيور ومكان به القليل من الطيور فقط والحصان يركبه الاطفال بفلوس ولعبة السيارة بفلوس يعني مادري ليش الغلا عند الدخول ولايوجد مميزات ومكانه بعيد اكثر شي عكر صفو رحلتي,Al Bahah,حديقة,-1,,-1,,-1,-1,reviews_zenodo,,https://zenodo.org/records/16924532,static,,2026-09-13T06:19:18.696424+00:00,False
reviews_00698,مزرعة الزيتونة,,تم زيارت المزرعه اليوم الساعه العاشره وشوي ولا حصلنا احد من العمال على البوابه والمكام فاضي وطلعنا فوق ولقينا عامل قال الفطور مخلص وهم كاتبين يفتح الي الضهر قلنا قفل الباب بدال ما نطلع لين فوق او خل العامل جالس على الباب بنسبه . لاسعار ...,Al Bahah,حديقة,,,,-1,,-1,reviews_zenodo,,https://zenodo.org/records/16924532,static,,2026-09-13T06:19:18.696424+00:00,False
reviews_00699,مزرعة الزيتونة,,‏السلام عليكم ورحمة الله وبركاته أولا للأسف الزيارة كانت جدا سيئة المكان ما كان على السمع اللي سمعته ‏ثانيا تحتاج الاهتمام اكثر وطاقم العمل متكامل اهتمام بالعصافير اكثروا زيادة عدد ...,Al Bahah,حديقة,,,-1,,-1,-1,reviews_zenodo,,https://zenodo.org/records/16924532,static,,2026-09-13T06:19:18.696424+00:00,False
reviews_00700,مزرعة الزيتونة,,اتق الله ولا تستغلون الناس عائلة ٦ أشخاص وادفع ١٩٠ ریال على ايش السمك ميت والبركة كلها طحالب والطيور يعطيني اكل اقل من غطاء قارورة الماء والفراولة والتوت شجر بس مو موسم قطفها ... والله ماظلمتك لكن لا تستغفل الناس اللي اطلبه خدمة تستحق المبلغ اللي دفعته حتى نصف ساعة ماقدرت اكملها,Al Bahah,حديقة,-1,,-1,,-1,-1,reviews_zenodo,,https://zenodo.org/records/16924532,static,,2026-09-13T06:19:18.696424+00:00,False
reviews_00701,مزرعة الزيتونة,,السلام عليكم ورحمة الله وبركاته انصح الجميع بشدة ونصيحة من القلب علشان ماتندم على المشوار وتعاتب نفسك وتندب حظك بأن لا تفكر حتى تفكير فقط بالذهاب لهذا الموقع الذي لا يمت بصلة لا من قريب ولا من ...,Al Bahah,حديقة,,,,,-1,-1,reviews_zenodo,,https://zenodo.org/records/16924532,static,,2026-09-13T06:19:18.696424+00:00,False
reviews_00702,مزرعة الزيتونة,,"جيت ع التعليقات وندمت اقل من يقال عنها مزرعه مبلغ الدخول والقولف عالي جدا ولا يسوا , لو دريت انها كذا وفرت مبلغ الدخول .",Al Bahah,حديقة,-1,,,,-1,-1,reviews_zenodo,,https://zenodo.org/records/16924532,static,,2026-09-13T06:19:18.696424+00:00,False
reviews_00703,مزرعة الزيتونة,,مافيه شي ممتع للأسف السعر مبالغ فيه للدخول والأشياء المجانيه محدوده مقارنه بالمزارع اللي في الخارج ،من أسوأ التجارب اللي جربتها.,Al Bahah,حديقة,-1,,,,-1,-1,reviews_zenodo,,https://zenodo.org/records/16924532,static,,2026-09-13T06:19:18.696424+00:00,False
reviews_00704,مزرعة الزيتونة,,لو فيه أقل من نجمه عطيتهم 3اشخاص دافه 200ريال عند الدخول شامل الفطور مافيها شي يستاهل والفطور عادي فول وبيض ما انصح فيها اذا ماتم مراجعة السعر,Al Bahah,حديقة,-1,,,,-1,-1,reviews_zenodo,,https://zenodo.org/records/16924532,static,,2026-09-13T06:19:18.696424+00:00,False
reviews_00705,مزرعة الزيتونة,,حرام فيه نجمه واحده استغلال مو طبيعيالدخول 20 ريال للشخص لأن المزرعه بعيده عن الباحه وفي منطقه دافئه والزائر يقول دام اني وصلت راح ادفع المهم.. مشينا وتركنا المزرعه لهم يتهنوا فيها الله يهني سعيد بسعيده,Al Bahah,حديقة,-1,,,,,-1,reviews_zenodo,,https://zenodo.org/records/16924532,static,,2026-09-13T06:19:18.696424+00:00,False
reviews_00706,مزرعة الزيتونة,,سيئه تعتبر الدخول ب20 ريال مقابل اني اشوف عصافير فقط مده دقيقتين !! ولا يوجد اي فعاليات غيرها جميعها بمقابل مادي,Al Bahah,حديقة,-1,,,,-1,-1,reviews_zenodo,,https://zenodo.org/records/16924532,static,,2026-09-13T06:19:18.696424+00:00,False
reviews_00707,مزرعة الزيتونة,,نصيحة للي بيجي فيها وفر فلوسك في جيبك .. ندمت على كل ريال دفعته يشهدالله على ما اقول وانا مسؤول امام الله عن كلامي,Al Bahah,حديقة,-1,,,,,-1,reviews_zenodo,,https://zenodo.org/records/16924532,static,,2026-09-13T06:19:18.696424+00:00,False
reviews_00708,مزرعة الزيتونة,,تجربة سيئة جدا ولا انصح فيها المكان اشبه بمزرعة خاصة مهملة لايوجد اي اهتمام بنباتات الزينة واماكن مبعثرة ونظافة سيئة الطيور قليلة اربعة انواع يمكن اكثر نوع هو الحمام البري اللي نلقاه حتى ...,Al Bahah,حديقة,,-1,-1,,-1,-1,reviews_zenodo,,https://zenodo.org/records/16924532,static,,2026-09-13T06:19:18.696424+00:00,False
reviews_00709,مزرعة الزيتونة,,كانت تجربتي اليوم لمزرعة الزيتونة ....بكل صراحة كانت تجربة سيئة جدا ، المبلغ المدفوع أعلى بكثير مما هو موجود داخل المزرعة الحزينة الخالية من كل شي الا من بعض الطيور وقفص سمان ودجاج ، للأسف مزرعة الأسماك تحت الصيانة ، مزرعة الفراولة غير ...,Al Bahah,حديقة,-1,,-1,,-1,-1,reviews_zenodo,,https://zenodo.org/records/16924532,static,,2026-09-13T06:19:18.696424+00:00,False
reviews_00710,مزرعة الزيتونة,,عباره عن مزرعه يوجد بها عصافير و حمام وفطور صباحي اقل من عادي علبه فول وجبن وزعتر وبيض لايستحق هذا المبلغ 200 ريال 3 اشخاص كذلك الدخول للطيور لا ارى انها مناسبه,Al Bahah,حديقة,-1,,,,-1,-1,reviews_zenodo,,https://zenodo.org/records/16924532,static,,2026-09-13T06:19:18.696424+00:00,False
reviews_00711,مزرعة الزيتونة,,النجمه علشان التقييم فقط الدخول كل شخص 20 والعصافير تدفع زياده وسياره القولف كمان تدفع زياده لكل شخص المكان مايستاهل انك تدفع فيه مافي اهتمام ريحه المكان من الاحصنه مافي نظافه وحوض ...,Al Bahah,حديقة,-1,-1,,,-1,-1,reviews_zenodo,,https://zenodo.org/records/16924532,static,,2026-09-13T06:19:18.696424+00:00,False
reviews_00712,مزرعة الزيتونة,,"المكان كويس يحتاج للتعديل ملاحظتي قيمة الدخول اكثر و التعامل سيء جدا .. دخلنا ب ١٠٠ ريال ثلاث اشخاص و كان المكان الوحيد المقبول قفص الطيور .. طبعا كان الفطور مخلص وليتنا ما طلبنا عموما كانت بالنسبه لي تجربه اكثر من سيئة و اكثر شي كان مزعج ""الأسلوب السيء""",Al Bahah,حديقة,,,-1,-1,1,-1,reviews_zenodo,,https://zenodo.org/records/16924532,static,,2026-09-13T06:19:18.696424+00:00,False
reviews_00713,مزرعة الزيتونة,,جيدة لكن الفطور ب ١٠٠ ريال عبارة عن نواشف وفول فقط ، سعر مبالغ فيه جدا جدا,Al Bahah,حديقة,-1,,,,1,-1,reviews_zenodo,,https://zenodo.org/records/16924532,static,,2026-09-13T06:19:18.696424+00:00,False
reviews_00714,مزرعة الزيتونة,,سيئة قليله فيها الدخول ب٢٠ على الشخص والطيور ب١٠ وعدد الطيور قليل جدا مايعطون حب الا قليل مره اذا تبي اكل للطيور تشتري الحمام مشبك ماتشوف شي والسمك ريحته والمويه وصخه ومحمية الفراوله مقفله ومحمية التوت مافيها توت صراحة حرام مو على السمعه والاراء قيموا بإمانه,Al Bahah,حديقة,,-1,-1,,-1,-1,reviews_zenodo,,https://zenodo.org/records/16924532,static,,2026-09-13T06:19:18.696424+00:00,False
reviews_00715,مزرعة الزيتونة,,كانت لنا زيارة للمزرعة ووقع حادث لأحد الزوار اثناء ركوبه للدباب في الحقيقة الوضع محزن للغاية لايوجد لديهم إسعافات اولية ولاغرفة تمريض او إنتظار تركو المصاب على الأسفلت الحارق في الساعة العاشرة صباحا لحين وصول الإسعاف ...,Al Bahah,حديقة,,,-1,-1,,,reviews_zenodo,,https://zenodo.org/records/16924532,static,,2026-09-13T06:19:18.696424+00:00,False
reviews_00716,مزرعة الزيتونة,,تم الزياره واللي جمل المكان ابوفارس الله يعطيه الصحه والعافيه خدووووووووم جدا وجدا عفوي الله يكثر من امثاله .. منجد انسان راقي ..,Al Bahah,حديقة,,,,1,,1,reviews_zenodo,,https://zenodo.org/records/16924532,static,,2026-09-13T06:19:18.696424+00:00,False
reviews_00717,مزرعة الزيتونة,,سأقيم الزيارة بإنصاف : ١- المزرعة جيدة الله يبارك لاصحابها وهي تحتاج لمزيد من التطوير لتناسب مستوى الزوار فمستواها الحالي لا يرقى كوجهة ...,Al Bahah,حديقة,,,,,0,0,reviews_zenodo,,https://zenodo.org/records/16924532,static,,2026-09-13T06:19:18.696424+00:00,False
reviews_00718,مزرعة الزيتونة,,سمك ميت في الاحواض، ابواب المرافق مقفلة، لا يوجد دليل سياحي، صعود متعب و عربة القولف لم يوصلنا الى اعلى النقطة، الالعاب مقفلة، المطعم جودة سيئة والاسعار غالية جدا، لا انصح بزيارته.,Al Bahah,حديقة,-1,-1,,-1,-1,-1,reviews_zenodo,,https://zenodo.org/records/16924532,static,,2026-09-13T06:19:18.696424+00:00,False
reviews_00719,مزرعة الزيتونة,,حطيت نجمه عشان اعلق فقط والدخول ب ٣٠ریال ومفروض ٥ریال ع الاماكن الي فيه كأن في اماكن ، مافي الا دجاج وحمام والببغاء مافي الا بادجي وروز بنص جناح والسمك في مويه مطحلبه ماتشوف شي ومافي الا اشجار زيتون فقط دافع فوق ٣٠٠ریال واخر شي اشوف حمام ودجاج وسمك في مويه مطحلبه !!؟,Al Bahah,حديقة,-1,,-1,,-1,-1,reviews_zenodo,,https://zenodo.org/records/16924532,static,,2026-09-13T06:19:18.696424+00:00,False
reviews_00720,مزرعة الزيتونة,,شغال لهط في الداخل والخارج والطالعة والنازلة يحتاج لمراجعة الأسعار ... الديمومة أهم من المكسب السريع لمرة واحدة فقط,Al Bahah,حديقة,-1,,,,,-1,reviews_zenodo,,https://zenodo.org/records/16924532,static,,2026-09-13T06:19:18.696424+00:00,False
reviews_00721,مزرعة الزيتونة,,للأسف تجربة سيئه عبارة عن مشاهدة اشجار الزيتون وبركة ماء غير نظيفة يصعب مشاهدة السمك فيها وقفص كبير يوجد داخله مجموعة من الطيور وعدم وجود اماكن داخل المزرعة لجلوس العوائل وعدم ...,Al Bahah,حديقة,,-1,,,-1,-1,reviews_zenodo,,https://zenodo.org/records/16924532,static,,2026-09-13T06:19:18.696424+00:00,False
reviews_00722,مزرعة الزيتونة,,المكان جميل لاكن سعر الدخول مرتفع جدا ولا فيه خدمات,Al Bahah,حديقة,-1,,-1,,1,,reviews_zenodo,,https://zenodo.org/records/16924532,static,,2026-09-13T06:19:18.696424+00:00,False
reviews_00723,مزرعة الزيتونة,,المزرعه مكان هادئ ولكن يوجد بعض الأشياء التي تنقص المكان عدم النظافه والترتيب والجلسات قديمه وغير مرتبه احواض السمك المياه غير نظيفه والفطور مبالغ في السعر وكميات الإفطار قليله جدا ارجو التطوير لكي يصبح عليها إقبال هي تجربه لأول مره وليست لتكرار,Al Bahah,حديقة,-1,-1,,,1,-1,reviews_zenodo,,https://zenodo.org/records/16924532,static,,2026-09-13T06:19:18.696424+00:00,False
reviews_00724,مزرعة الزيتونة,,المزرعه كويسه لاكن يعيبها عده امور اولا اسعارهم مبالغ فيها ثانيا تفتقر من المسؤلين الذين يرشدو عن الاقسام . اسعار اقتطاف الفراوله مبالغ فيها العلبه الصغيره 35 ريال . الزيت زيتون ايضا مبالغ فيه سعر الحبه 90 ريال . في الختام المزرعه عيبها طاقم العمل الذي يفكر في استغلال السائح بدلا من كسب السياح.,Al Bahah,حديقة,-1,,,-1,1,-1,reviews_zenodo,,https://zenodo.org/records/16924532,static,,2026-09-13T06:19:18.696424+00:00,False
reviews_00725,مزرعة الزيتونة,,للأسف كانت تجربة سيئة المحميات خاوية على عروشها!! ولا فيه إهتمام ولا إحسان وفوق هذا رسوم للدخول!! ...,Al Bahah,حديقة,-1,,,,-1,-1,reviews_zenodo,,https://zenodo.org/records/16924532,static,,2026-09-13T06:19:18.696424+00:00,False
reviews_00726,مزرعة الزيتونة,,اسوء مكان في الباحة اسعار مبالغة فيها مافيه غير طيور وبس يحط لك اكل بسيط واذا تبيه يحط لك مره ثانيه يقولك مره وحدة مكااان سييء 👎 ...,Al Bahah,حديقة,-1,,,,-1,-1,reviews_zenodo,,https://zenodo.org/records/16924532,static,,2026-09-13T06:19:18.696424+00:00,False
reviews_00727,مزرعة الزيتونة,,اغلب الاشياء تحت الصيانه ومافي مصداقيه لما اخذنا التذاكر ماقالت ان فيه اماكن مغلقه تحت الصيانه على الرغم من سعر التذكره المرتفع ،،، الصور شي والواقع شي ثاني،،،، اتمنى تطويره ويكون بشكل افضل واذا فيه شي تحت الصيانه تبلغون الزوار,Al Bahah,حديقة,-1,,,,-1,-1,reviews_zenodo,,https://zenodo.org/records/16924532,static,,2026-09-13T06:19:18.696424+00:00,False
reviews_00728,مزرعة الزيتونة,,يوجود اختلاف بماء يقال في البوابه والمنيو الي تم وضعه في الموقع حقهم لانه اثنا الدخول اخذو منا قيمة الطيور وتم التحدث عن الكهف والفراوله وما ادراك من ذالك وكان الكهف مغلق حسب كلامهم انه لايوجد والطيور قليله مو نفس مايقال وعندما يتم التصوير معها يجي الموظف يمنعك والفراوله لايوجد والاسماك اخذ رسوم عليها ولاكن غير مهتمين فيها,Al Bahah,حديقة,,,-1,,-1,-1,reviews_zenodo,,https://zenodo.org/records/16924532,static,,2026-09-13T06:19:18.696424+00:00,False
reviews_00729,مزرعة الزيتونة,,مزرعة الزيتونه العقيق تجربه كانت للمره الاولئ وان شاءالله تكون الاخيره دخلت انا وزوجتي لغرض تناول وجبة الافطار. وطلبت موظفة الاستقبال مبلغ 150 ريال ...,Al Bahah,حديقة,-1,,,,,-1,reviews_zenodo,,https://zenodo.org/records/16924532,static,,2026-09-13T06:19:18.696424+00:00,False
reviews_00730,مزرعة الزيتونة,,سيئه جدا والشخص ٣٠ علشان الطيور وطيور عاديه ماشفت شي فيها اعجبني لا واغلب الاماكن مقفله ماتفتح الا بالصيفيه يعني المفروض الدخول بعشره والله عاديه واقل من عاديه ولا انصح فيها واذا مررره حابه تزورنها فزورها في الصيفيه فقط ونصيحه لاتخسر فلوسك,Al Bahah,حديقة,-1,,-1,,-1,-1,reviews_zenodo,,https://zenodo.org/records/16924532,static,,2026-09-13T06:19:18.696424+00:00,False
reviews_00731,مزرعة الزيتونة,,تعامل سئ واسعار مبالغ فيها. ولا تستحق الزيارة لعدم وجود مزايا مشجعة للزياره.,Al Bahah,حديقة,-1,,,-1,-1,-1,reviews_zenodo,,https://zenodo.org/records/16924532,static,,2026-09-13T06:19:18.696424+00:00,False
reviews_00732,مزرعة الزيتونة,,تجربة فاشلة لا توجد جلسات حلوه ودورة المياه غير نظيفة وغير مهيأة كهف الزيتون مغلق وبركة الاسماك خضراء لا يمكن مشاهدة الاسماك فيها وغير نظيفة اخذو دخول سته اشخاص مع سيارة القولف ١٩٠ ولم نجلس به غير نصف ساعة لا يوجد شي يستاهل تاخذ المشوار لها,Al Bahah,حديقة,-1,-1,-1,,-1,-1,reviews_zenodo,,https://zenodo.org/records/16924532,static,,2026-09-13T06:19:18.696424+00:00,False
reviews_00733,مزرعة الزيتونة,,💔💔 للامانه اسوء مكان ممكن تروح له في الباحه من حيث التنظيم والفطور اللي تدفع ٧٠ على كم صحن صغير ولا يجيك الا بعد ساعه او ساعتين والدخول كمان بفلوس ولا فيه شي يستاهل انك تدفع علشانه ... الحسنه الوحيده الطيور اللي تأكلها بيدك غير كذا زيرووو ...,Al Bahah,حديقة,-1,,-1,-1,-1,-1,reviews_zenodo,,https://zenodo.org/records/16924532,static,,2026-09-13T06:19:18.696424+00:00,False
reviews_00734,مزرعة الزيتونة,,لا يستحق الزيارة للأسف والاسعار مبالغ فيها,Al Bahah,حديقة,-1,,,,,-1,reviews_zenodo,,https://zenodo.org/records/16924532,static,,2026-09-13T06:19:18.696424+00:00,False
reviews_00735,مزرعة الزيتونة,,اسعار الدخول مرتفعه مزرعة الفراولة مغلقة دائما لا يوجد في المزرعة شيء يلفت الانتباه. سيئة جدا,Al Bahah,حديقة,-1,,-1,,-1,-1,reviews_zenodo,,https://zenodo.org/records/16924532,static,,2026-09-13T06:19:18.696424+00:00,False
reviews_00736,مزرعة الزيتونة,,الاسعار غاليه جدا مقابل تصميم المزرعة والخدمات المقدمه الفطور ساعة ونص ويجيك لا يوجد عماله كافيه لإنجاز في اسرع وقت مقابل سعر الفطور,Al Bahah,حديقة,-1,,,-1,,-1,reviews_zenodo,,https://zenodo.org/records/16924532,static,,2026-09-13T06:19:18.696424+00:00,False
reviews_00737,مزرعة الزيتونة,,مافيها اي شي يستحق الزياره خسارة فلوس ع الفاضي معصرة الزيتون ماهي شغاله وحوض الاسماك تحت الصيانه يعني احنا جينا نشوف ايش بالضبط بس نمشي عالفاضي,Al Bahah,حديقة,-1,,-1,,-1,-1,reviews_zenodo,,https://zenodo.org/records/16924532,static,,2026-09-13T06:19:18.696424+00:00,False
reviews_00738,مزرعة الزيتونة,,سيئه سيئه سيئه جدا الصراحه ما تستاهل ولا ريال انا زرتها اليوم ما كان في اي شي ممتع,Al Bahah,حديقة,,,,,-1,-1,reviews_zenodo,,https://zenodo.org/records/16924532,static,,2026-09-13T06:19:18.696424+00:00,False
reviews_00739,مزرعة الزيتونة,,أسوأ تجربة مرت عليه في حياتي صدق مافيه ذمه و لا ضمير مو حق قيمة الدخول,Al Bahah,حديقة,,,,,-1,-1,reviews_zenodo,,https://zenodo.org/records/16924532,static,,2026-09-13T06:19:18.696424+00:00,False
reviews_00740,مزرعة الزيتونة,,من اسواء الاماكن على وجهه الارض زيتون مرصوص على بعه البعض وتذاكر 30 على الفاضي لايوجد مايلفت الانتباه ويسعد النظر حسافه حسافه 200 ك,Al Bahah,حديقة,-1,,,,-1,-1,reviews_zenodo,,https://zenodo.org/records/16924532,static,,2026-09-13T06:19:18.696424+00:00,False
reviews_00741,مزرعة الزيتونة,,تعامل سيىء والمنتجع وصخ ومو موفرين لا مكانس ولا زبايل يبغون نكنس بيدنا تعاملهم سيىء ومافي اي احترام لزبون والله قلة حيا ولو في اقل من نجمة قيمتهم,Al Bahah,حديقة,,-1,,-1,-1,-1,reviews_zenodo,,https://zenodo.org/records/16924532,static,,2026-09-13T06:19:18.696424+00:00,False
reviews_00742,مزرعة الزيتونة,,سيئ .. دخلنا 6 اشخاص واخر شي عطونا فطور حق نفرين.. غير معمين بقسم الحيوانات سواء اسماك او عصافير,Al Bahah,حديقة,,,-1,,-1,-1,reviews_zenodo,,https://zenodo.org/records/16924532,static,,2026-09-13T06:19:18.696424+00:00,False
reviews_00743,مزرعة الزيتونة,,لاتستحق الزيارة ومبلغ الدخول مقارنة بما داخل المزرعة مبالغ فيه جدا,Al Bahah,حديقة,-1,,,,,-1,reviews_zenodo,,https://zenodo.org/records/16924532,static,,2026-09-13T06:19:18.696424+00:00,False
reviews_00744,مزرعة الزيتونة,,ماتستاهل الزياره وكل شي بفلووووس ولاتستاهل ابد عن جد ندمت واول واخر مره,Al Bahah,حديقة,-1,,,,-1,-1,reviews_zenodo,,https://zenodo.org/records/16924532,static,,2026-09-13T06:19:18.696424+00:00,False
reviews_00745,مزرعة الزيتونة,,موقع اقل من عادي جدا والدخول برسوم اذا مو قريب من السكن لا تتعنوا له,Al Bahah,حديقة,-1,,,,-1,-1,reviews_zenodo,,https://zenodo.org/records/16924532,static,,2026-09-13T06:19:18.696424+00:00,False
reviews_00746,مزرعة الزيتونة,,مكان سئ لا يستحق الزيارة استغلال مادي لابعد درجه تدفع دخوليه 30 ريال عن كل شخص ويدفعوك على العاب الاطفال وعلى ميدان الرمايه وعشان تدخل للطيور عن كل شخص 10 ريال ولا يعطيك اكل الا القليل جدا وكل شي دفع ولا كانك ...,Al Bahah,حديقة,-1,,,,-1,-1,reviews_zenodo,,https://zenodo.org/records/16924532,static,,2026-09-13T06:19:18.696424+00:00,False
reviews_00747,مزرعة الزيتونة,,لاباس فيه لكن كلها استغلال ما حبيت المكان ما راح أعيد الزيارة مره أخر,Al Bahah,حديقة,-1,,,,0,-1,reviews_zenodo,,https://zenodo.org/records/16924532,static,,2026-09-13T06:19:18.696424+00:00,False
reviews_00748,مزرعة الزيتونة,,اخس زياره جيتها في الباحه الى هي مزرعه الزيتون حتى حقين العربات يطلبون بخشيش والكفي من اسوى البن ولا يستاهل حتى نجمه,Al Bahah,حديقة,,,,-1,-1,-1,reviews_zenodo,,https://zenodo.org/records/16924532,static,,2026-09-13T06:19:18.696424+00:00,False
reviews_00749,مزرعة الزيتونة,,الاسعار مبالغ فييها والفطور ب ١٠٠ ويالله شخصيين يبكفي,Al Bahah,حديقة,-1,,,,,-1,reviews_zenodo,,https://zenodo.org/records/16924532,static,,2026-09-13T06:19:18.696424+00:00,False
reviews_00750,مزرعة الزيتونة,,للاسف المكان غير المتوقع ١-مبالغه في تسعيرة الدخول ٢-لا يوجد مرشد دليلي للمكان والتعرف على مراحل زراعه الزيتون ...,Al Bahah,حديقة,-1,,,-1,-1,-1,reviews_zenodo,,https://zenodo.org/records/16924532,static,,2026-09-13T06:19:18.696424+00:00,False
reviews_00751,مزرعة الزيتونة,,خسارة الفلوس غير الطيور مافي شي حلو والفراولة وين الفراولة كذاااب ماشي ولا حبه,Al Bahah,حديقة,-1,,-1,,,-1,reviews_zenodo,,https://zenodo.org/records/16924532,static,,2026-09-13T06:19:18.696424+00:00,False
reviews_00752,مزرعة الزيتونة,,تجربة فاشلة بجميع المقاييس، لا يوجد سياحة زراعية ولا لوحات تعريفية بأنواع النباتات، مشروع جباية أموال فقط لا غير، تذكرة الدخول ٣٥ ريال للفرد، المنتجات المعروضة للبيع مبالغ باسعارها جدا، الزيت زيتون ٤٥٠ مل ٣٥ ريال مخلل الزيتون علبة صغيرة بحجم كف اليد ٣٥ ريال !!!,Al Bahah,حديقة,-1,,,,,-1,reviews_zenodo,,https://zenodo.org/records/16924532,static,,2026-09-13T06:19:18.696424+00:00,False
reviews_00753,مزرعة الزيتونة,,سيئ جدا حسبي الله عليهم 35 ريال لشخص لايوجد اي شي يستاهل هذا المبلغ نصيحه لوجه الله اتركوها الله لايبارك له,Al Bahah,حديقة,-1,,,,,-1,reviews_zenodo,,https://zenodo.org/records/16924532,static,,2026-09-13T06:19:18.696424+00:00,False
reviews_00754,مزرعة الزيتونة,,صراحة الاسعار جدا مبالغ فيها والمكان غير منظم انا مستغرب ان البلدية سامحه بهالشيء لابد تكون فيه معايير للاماكن الترفيهية,Al Bahah,حديقة,-1,,,,-1,-1,reviews_zenodo,,https://zenodo.org/records/16924532,static,,2026-09-13T06:19:18.696424+00:00,False
reviews_00755,مزرعة الزيتونة,,يحتاج إلى زيادة المسطحات الخضراء وتخفيض تذكرة الدخول من٣٠ ريال للفرد لتكون ١٠ ريال لانه مبلغ مناسب للمعروض الذي سوف يرى,Al Bahah,حديقة,-1,,,,0,0,reviews_zenodo,,https://zenodo.org/records/16924532,static,,2026-09-13T06:19:18.696424+00:00,False
reviews_00756,مزرعة الزيتونة,,الفكره وهيه برأس صاحبها قبل التنفيذ روووعه.. بس لما فتحها وشغلها معليش صفر .. لا تستحق الزيااره :),Al Bahah,حديقة,,,,,-1,-1,reviews_zenodo,,https://zenodo.org/records/16924532,static,,2026-09-13T06:19:18.696424+00:00,False
reviews_00757,مزرعة الزيتونة,,الحديقة سيئة جدا واسعار الدخول مرتفعة جدا....,Al Bahah,حديقة,-1,,,,-1,-1,reviews_zenodo,,https://zenodo.org/records/16924532,static,,2026-09-13T06:19:18.696424+00:00,False
reviews_00758,مزرعة الزيتونة,,لا انصح بالزيارة ، مزرعه عاديه جدا وكل شي بفلوس والاسعار مبالغ فيها ، مافيها شي يلفت النظر او يستحق المشوار ،,Al Bahah,حديقة,-1,,,,-1,-1,reviews_zenodo,,https://zenodo.org/records/16924532,static,,2026-09-13T06:19:18.696424+00:00,False
reviews_00759,مزرعة الزيتونة,,احنا سواح من الشرقيه من خلال قوقل توقعنا المزرعه مثل الوصف الا انوصفت فيه لكنها جدا عاديه حالها كحال اي مزرعه استغلال في الاسعار سعر الدخول وغير حديقة الطيور واسعار الفراوله وزيت الزيتون كما تخلو من موظفين لارشادنا اتمنىالنظر في الاسعارو تنظيم المزرعه بشكل افضل,Al Bahah,حديقة,-1,,,-1,-1,-1,reviews_zenodo,,https://zenodo.org/records/16924532,static,,2026-09-13T06:19:18.696424+00:00,False
reviews_00760,مزرعة الزيتونة,,مزرعه جميله جدا ولاكن العماله سيئه التقيم 0,Al Bahah,حديقة,,,,-1,1,0,reviews_zenodo,,https://zenodo.org/records/16924532,static,,2026-09-13T06:19:18.696424+00:00,False
reviews_00761,مزرعة الزيتونة,,من افشل الاماكن اللي زرتها شيء يفشل مو مهتمين لا بمكان ولا حاطين فعاليات ولااماكن بيع مكان فاضي حرفيا بس تمشي وحيوانات حاطينها بأقفاص حالتها حالة,Al Bahah,حديقة,,,-1,,-1,-1,reviews_zenodo,,https://zenodo.org/records/16924532,static,,2026-09-13T06:19:18.696424+00:00,False
reviews_00762,مزرعة الزيتونة,,المكان مايستاهل ماأنصح اي أحد يتعناله السمك في مياه وصخه ومغثبره الشجر غير مثمر لا يوجد ضل المكان مشمس ولا مرشد سياحي التكلفه 140 وكلها كلام فاظي والله ماتستاهل التصوير غير الواقع للأسف انا انخدعت بالصور 🤨 ...,Al Bahah,حديقة,-1,-1,-1,,-1,-1,reviews_zenodo,,https://zenodo.org/records/16924532,static,,2026-09-13T06:19:18.696424+00:00,False
reviews_00763,مزرعة الزيتونة,,المزرعة سيئة جداجدا ولا انصح بزيارتها ولا تحمل من مقومات السياحة الا الاسم فقط انا فقط تأسفت على الوقت الي ضاع فيها علما اني زتها بإجازةعيد الاضحى عام ١٤٤٢,Al Bahah,حديقة,,,,,-1,-1,reviews_zenodo,,https://zenodo.org/records/16924532,static,,2026-09-13T06:19:18.696424+00:00,False
reviews_00764,مزرعة الزيتونة,,اسوء مزرعة شفتها ودخلتها في التاريخ انصح بعدم الذهاب لها حرام تدفع 20 وما تستاهل,Al Bahah,حديقة,-1,,,,-1,-1,reviews_zenodo,,https://zenodo.org/records/16924532,static,,2026-09-13T06:19:18.696424+00:00,False
reviews_00765,مزرعة الزيتونة,,الدخول غالي ب 30 الشخص الواحد ولا يوجد شي بالداخل يستاهل,Al Bahah,حديقة,-1,,,,-1,,reviews_zenodo,,https://zenodo.org/records/16924532,static,,2026-09-13T06:19:18.696424+00:00,False
reviews_00766,مزرعة الزيتونة,,الاستقبال بطيييء والفطور ل ٥٠ اشخاص ب ٨٠ ريال وتتضارب عليه والمكان الصراحه ما يحمس للزياره واول واخر مره,Al Bahah,حديقة,,,,-1,-1,-1,reviews_zenodo,,https://zenodo.org/records/16924532,static,,2026-09-13T06:19:18.696424+00:00,False
reviews_00767,مزرعة الزيتونة,,المكان سيئ للغايه على السعر المبالغ فيه للدخول والافطار ، الدخول ب ٢٠ للشخص والفطور ب ١٠٠ وما يكفي شخصين دببه,Al Bahah,حديقة,-1,,,,-1,-1,reviews_zenodo,,https://zenodo.org/records/16924532,static,,2026-09-13T06:19:18.696424+00:00,False
reviews_00768,مزرعة الزيتونة,,سيء وكل شيء برسوم وينزلك فوق ويقول اطلع للسمك مايمشي معك احد ولايدلك اللي معه شخص كبير ماتصلح له ابد متعبه ودرج +انه ينزلك ولايجيك,Al Bahah,حديقة,-1,,,-1,-1,-1,reviews_zenodo,,https://zenodo.org/records/16924532,static,,2026-09-13T06:19:18.696424+00:00,False
reviews_00769,مزرعة الزيتونة,,والله انها عاديه جدا والاسعار مبالغ فيها للامانه الله يرزقهم بس لو عطست الضاهر يقولون ب ١٠ ريال 🤣🤣 ...,Al Bahah,حديقة,-1,,,,-1,-1,reviews_zenodo,,https://zenodo.org/records/16924532,static,,2026-09-13T06:19:18.696424+00:00,False
reviews_00770,مزرعة الزيتونة,,لا انصح فيها ما تستاهل الزياره 👎 ...,Al Bahah,حديقة,,,,,-1,-1,reviews_zenodo,,https://zenodo.org/records/16924532,static,,2026-09-13T06:19:18.696424+00:00,False
reviews_00771,مزرعة الزيتونة,,لا انصح ، مافيها شي والدخول بفلوس,Al Bahah,حديقة,,,,,-1,-1,reviews_zenodo,,https://zenodo.org/records/16924532,static,,2026-09-13T06:19:18.696424+00:00,False
reviews_00772,مزرعة الزيتونة,,لا خدمات وطريق ليست معبدة ولا يوجد اهتمام بنظافة المكان وعفن ماء الأسماك ورسوم الدخول مرتفعة,Al Bahah,حديقة,-1,-1,-1,,,-1,reviews_zenodo,,https://zenodo.org/records/16924532,static,,2026-09-13T06:19:18.696424+00:00,False
reviews_00773,مزرعة الزيتونة,,تذكرة الدخول مبالغ فيها ولا يوجد سوا أشجار زيتون ولا انصح بالزياره لهذا المكان,Al Bahah,حديقة,-1,,-1,-1,-1,,reviews_zenodo,,https://zenodo.org/records/16924532,static,,2026-09-13T06:19:18.696424+00:00,False
reviews_00774,مزرعة الزيتونة,,ماني شايفه مزرعه ف الموضوع وربي خساره فيها 70 ريال دخول لشخصين. 🥀 ...,Al Bahah,حديقة,-1,,,,-1,-1,reviews_zenodo,,https://zenodo.org/records/16924532,static,,2026-09-13T06:19:18.696424+00:00,False
reviews_00775,مزرعة الزيتونة,,سعر الدخول مايستاهل على هاللفه السريعه ، الاحصنه الي جوا مكتئبه مسكينه ، اغلب الفعاليات عليها زياده فلوس ، مكان الاسماك فيه كل شي الا الاسماك 👎🏼 ...,Al Bahah,حديقة,-1,,-1,,,-1,reviews_zenodo,,https://zenodo.org/records/16924532,static,,2026-09-13T06:19:18.696424+00:00,False
reviews_00776,مزرعة الزيتونة,,لا يصلح للزيارة ، والرسوم للشخص ٣٥ ريال ؟!!!! شجر الزيتون يابس ولا يوجد فيه اي شي يستاهل المشوار,Al Bahah,حديقة,-1,,,,-1,-1,reviews_zenodo,,https://zenodo.org/records/16924532,static,,2026-09-13T06:19:18.696424+00:00,False
reviews_00777,مزرعة الزيتونة,,نصيحه لااحد يجي والله وربي يسئلني عن ذالك مافيها ولاشي حلو استغلال للمواطنين على الفاضي,Al Bahah,حديقة,-1,,,,-1,-1,reviews_zenodo,,https://zenodo.org/records/16924532,static,,2026-09-13T06:19:18.696424+00:00,False
reviews_00778,مزرعة الزيتونة,,سيء جدا مزرعه عاديه كم زرعه و٤ خيول وكم ارنب واسماك في حوض ومحمية طيور صغيرررر وكل شي بفلوس جوا 🙂🙂 ...,Al Bahah,حديقة,-1,,-1,-1,-1,,reviews_zenodo,,https://zenodo.org/records/16924532,static,,2026-09-13T06:19:18.696424+00:00,False
reviews_00779,مزرعة الزيتونة,,مكان سئ كل شي لازم تدفع فيه وانت دافع دخول,Al Bahah,حديقة,-1,,,,-1,-1,reviews_zenodo,,https://zenodo.org/records/16924532,static,,2026-09-13T06:19:18.696424+00:00,False
reviews_00780,مزرعة الزيتونة,,مزرعه جدا عاديه ماتستاهل الواحد يتعنى لها صراحه,Al Bahah,حديقة,,,,0,-1,,reviews_zenodo,,https://zenodo.org/records/16924532,static,,2026-09-13T06:19:18.696424+00:00,False
reviews_00781,مزرعة الزيتونة,,ماتسوى والله العنوه ، مافيها غير منطقة الطيور فقط والباقي مايستاهل ابد ابد,Al Bahah,حديقة,,,,,0,-1,reviews_zenodo,,https://zenodo.org/records/16924532,static,,2026-09-13T06:19:18.696424+00:00,False
reviews_00782,مزرعة الزيتونة,,للاسف مايستاهل ريال واحد يندفع فيه وسيتم رفع مطالبات باسترداد المبلغ,Al Bahah,حديقة,-1,,,,,-1,reviews_zenodo,,https://zenodo.org/records/16924532,static,,2026-09-13T06:19:18.696424+00:00,False
reviews_00783,مزرعة الزيتونة,,قسمم بالله مبالغة بالاسعار بشكل مو طبيعي وعلى كل درجة مبلغ وتذاكر استغلال تجربة سيئة جدا ومعد تتكرر انشاء الله,Al Bahah,حديقة,-1,,,,-1,-1,reviews_zenodo,,https://zenodo.org/records/16924532,static,,2026-09-13T06:19:18.696424+00:00,False
reviews_00784,مزرعة الزيتونة,,جدا سيئة و خساره فيها كل ريال و تضييع وقت,Al Bahah,حديقة,-1,,,,,-1,reviews_zenodo,,https://zenodo.org/records/16924532,static,,2026-09-13T06:19:18.696424+00:00,False
reviews_00785,مزرعة الزيتونة,,اقسم بمن احل القسم توني طالعه منها لو بيدي احط اقل من نجمه جدا سيئه وخسارة الفلوس اللي اخذوها فلوس حرام عليهم والعامل اللي عند الطيور ينافخ واسلوب وسسسخ حسبي الله عليهم لان مشوار لين عندهم وخياسسسسسسس,Al Bahah,حديقة,-1,,,-1,-1,-1,reviews_zenodo,,https://zenodo.org/records/16924532,static,,2026-09-13T06:19:18.696424+00:00,False
reviews_00786,مزرعة الزيتونة,,مكان جدا تافه ولا فيه حاجه تسوى ال 20 م انصحكم ابدا ابدا فيييييه اهربوووو,Al Bahah,حديقة,-1,,,-1,-1,,reviews_zenodo,,https://zenodo.org/records/16924532,static,,2026-09-13T06:19:18.696424+00:00,False
reviews_00787,مزرعة الزيتونة,,شامل دخول المزرعه مع الفطور ١٤٠ شخصين اتمنى مراجعة الاسعار,Al Bahah,حديقة,-1,,,,,0,reviews_zenodo,,https://zenodo.org/records/16924532,static,,2026-09-13T06:19:18.696424+00:00,False
reviews_00788,مزرعة الزيتونة,,بصراحه: الأسعار مبالغ فيها و الأجواء في المنطقة حااره,Al Bahah,حديقة,-1,,,,,-1,reviews_zenodo,,https://zenodo.org/records/16924532,static,,2026-09-13T06:19:18.696424+00:00,False
reviews_00789,مزرعة الزيتونة,,كل شيء سيء وما انصح فيها السمك ميت والطيور قليله وريحة المكان خايسة,Al Bahah,حديقة,,-1,,,-1,-1,reviews_zenodo,,https://zenodo.org/records/16924532,static,,2026-09-13T06:19:18.696424+00:00,False
reviews_00790,مزرعة الزيتونة,,مبالغة في الاسعار فطور يتأخر وغير مهتمين فيها الصدق اول مره واخر مره 👎🏻👎🏻👎🏻 ...,Al Bahah,حديقة,-1,,,-1,,-1,reviews_zenodo,,https://zenodo.org/records/16924532,static,,2026-09-13T06:19:18.696424+00:00,False
reviews_00791,مزرعة الزيتونة,,ليس بالمتوقع سيئ لا يوجد تنظيم ويحتاج الى تطوير,Al Bahah,حديقة,,,,-1,,-1,reviews_zenodo,,https://zenodo.org/records/16924532,static,,2026-09-13T06:19:18.696424+00:00,False
reviews_00792,مزرعة الزيتونة,,صراحة ندمة ندامة ما انساها جيت من جده وفتحلي مصري كبير في السن تعامله زي الزفت قفل الباب في وجيهنا ولا خلالي فرصه اسئله لييش كذا اناديه ويعطني ظهره ويمشي ما انصح احد يروح المكان ذا,Al Bahah,حديقة,,,,-1,,-1,reviews_zenodo,,https://zenodo.org/records/16924532,static,,2026-09-13T06:19:18.696424+00:00,False
reviews_00793,مزرعة الزيتونة,,سيئه جدا جدا جدا مانصح,Al Bahah,حديقة,,,,,-1,-1,reviews_zenodo,,https://zenodo.org/records/16924532,static,,2026-09-13T06:19:18.696424+00:00,False
reviews_00794,مزرعة الزيتونة,,مبالغ جدا جدا في الأسعار,Al Bahah,حديقة,-1,,,,,-1,reviews_zenodo,,https://zenodo.org/records/16924532,static,,2026-09-13T06:19:18.696424+00:00,False
reviews_00795,مزرعة الزيتونة,,سيئه جدا ورسوم ماتستاهل,Al Bahah,حديقة,-1,,,,-1,-1,reviews_zenodo,,https://zenodo.org/records/16924532,static,,2026-09-13T06:19:18.696424+00:00,False
reviews_00796,مزرعة الزيتونة,,مخيبة للآمال، تجربة لن تتكرر.,Al Bahah,حديقة,,,,,-1,-1,reviews_zenodo,,https://zenodo.org/records/16924532,static,,2026-09-13T06:19:18.696424+00:00,False
reviews_00797,مزرعة الزيتونة,,ندمان أشد الندم دخلتها ضيعت وقتي ويومي,Al Bahah,حديقة,,,,,-1,-1,reviews_zenodo,,https://zenodo.org/records/16924532,static,,2026-09-13T06:19:18.696424+00:00,False
reviews_00798,مزرعة الزيتونة,,الحديقة بصفه عامه ماشي حالها بس ينقصها الاتقان والجوده مثلا مكان الافطار غير نظيف والعماله مصريه والتنظيف مشي حالك واحواض الاسماك المياه فيها خضراء مطحلبه ماادري كيف الاسماك مازالت تعيش فيها الى الان وكمان البرك حقت البط كلها زباليل اكرمكم ...,Al Bahah,حديقة,,-1,,-1,1,0,reviews_zenodo,,https://zenodo.org/records/16924532,static,,2026-09-13T06:19:18.696424+00:00,False
reviews_00799,مزرعة الزيتونة,,فطور غالي 100 ريال صحون زيتون ولبنه وزعتر دخول غالي 25 للشخص ورسوم حديقة الطيور 10 زيادة للشخص ...,Al Bahah,حديقة,-1,,,,,-1,reviews_zenodo,,https://zenodo.org/records/16924532,static,,2026-09-13T06:19:18.696424+00:00,False
reviews_00800,مزرعة الزيتونة,,مكان جميل وهادي ونظيف الدخول ٢٠ ريال ركوب الخيل ١٠ ريال بوكس الفطور ١٠٠ ريال تقيمي له ٥/١٠ مااكرر الزياره. عادي جدآ,Al Bahah,حديقة,,1,,,1,0,reviews_zenodo,,https://zenodo.org/records/16924532,static,,2026-09-13T06:19:18.696424+00:00,False
reviews_00801,مزرعة الزيتونة,,حديقه متواضعه وحديقة الطيور تحتاج تطوير,Al Bahah,حديقة,,,-1,,0,0,reviews_zenodo,,https://zenodo.org/records/16924532,static,,2026-09-13T06:19:18.696424+00:00,False
reviews_00802,مزرعة الزيتونة,,المزرعة عادية و لا يوجد فيها شيء يميزها الفطور اقل من عادي ب١٠٠ ريال لاربعة اشخاص,Al Bahah,حديقة,,,,,0,0,reviews_zenodo,,https://zenodo.org/records/16924532,static,,2026-09-13T06:19:18.696424+00:00,False
reviews_00803,مزرعة الزيتونة,,المزرعه ما تستاهل العنوه والشقى لها صراحة تذكرة الدخول الفرد ٢٠ ريال وكنا ٦ اشخاص وتخيلوا الفطور كله ب ١٠٠ ريال والفطور مستحيل يكفي ثلاث اشخاص حتى قسم شي قليل حق معاريس دلوعين ولو شرينا فطور من برا ماوصل حتى ٥٠ ويكفي جيش 🤝🏻 عموما ماراح تتكرر الزياره للمكان وشكرا 🦦 ...,Al Bahah,حديقة,-1,,,,-1,-1,reviews_zenodo,,https://zenodo.org/records/16924532,static,,2026-09-13T06:19:18.696424+00:00,False
reviews_00804,مزرعة الزيتونة,,السلام عليكم زيارة كانت جملية لكن يعبيها بعض الامور 1- لا يتم توضيح كافة المعلومات عند الدخول المحاسب سئل كم عدد لاشخاص واذا كنا نبغى فطور او لا ؟؟ الفطور يكفي 4 الى 5 اشخاص و احنى كنا 7 اشخاص ،,Al Bahah,حديقة,,,,-1,1,0,reviews_zenodo,,https://zenodo.org/records/16924532,static,,2026-09-13T06:19:18.696424+00:00,False
reviews_00805,مزرعة الزيتونة,,لا احب التعليقات السلبيه. لكن اكره الطمع دخول ب٣٠ ريال للشخص ليه. ...,Al Bahah,حديقة,-1,,,,,-1,reviews_zenodo,,https://zenodo.org/records/16924532,static,,2026-09-13T06:19:18.696424+00:00,False
reviews_00806,مزرعة الزيتونة,,بصراحه المزرعه حلوه لتمشيه فقط اما اللي يجي عشان فطور ماانصحك ابدا اولا السعر غالي جدا مقارنه مع الفطور سعر الفطور مية ريال وكميه بسيطه ومحدود وراح انزل الفطور ثاني شي اللي مايحب زيت الزيتون اكثر الاطباق عليها زيت الزيتون يعني اذا بتجي ...,Al Bahah,حديقة,-1,,,,1,1,reviews_zenodo,,https://zenodo.org/records/16924532,static,,2026-09-13T06:19:18.696424+00:00,False
reviews_00807,مزرعة الزيتونة,,أسعار الدخول غير مناسبة لي ك عائلة ، ممكن تناسب غيري.. الدخول للشخص الواحد ٢٠ ريال أو ٣٠ ريال مع مشاهدة الطيور,Al Bahah,حديقة,-1,,,,,-1,reviews_zenodo,,https://zenodo.org/records/16924532,static,,2026-09-13T06:19:18.696424+00:00,False
reviews_00808,مزرعة الزيتونة,,فكره وجود مزرعة سياحية فكره رائعة و جاذبه للعوائل اتمنى ان تتطور لكن هذه المزرعة للأسف لا تستحق الزيارة الى الآن الشيء الإيجابي هو نظافة المكان ...,Al Bahah,حديقة,,1,,,-1,-1,reviews_zenodo,,https://zenodo.org/records/16924532,static,,2026-09-13T06:19:18.696424+00:00,False
reviews_00809,مزرعة الزيتونة,,ما ناسبني السعر شخصين في مكان عادي بدون خدمات مجانية 50ریال اي شغلة تبيها جوا بتدفع اقل شي الخدمة تشمل الضيافة,Al Bahah,حديقة,-1,,,,-1,-1,reviews_zenodo,,https://zenodo.org/records/16924532,static,,2026-09-13T06:19:18.696424+00:00,False
reviews_00810,مزرعة الزيتونة,,سلبيات دخول ب٢٠ ريال الشخص ، اشوف السعر المناسب هو ١٠ ريال. ايضا اغلب الانشطة الداخلية كان لها رسوم دخول منفصله، ...,Al Bahah,حديقة,-1,,,,,-1,reviews_zenodo,,https://zenodo.org/records/16924532,static,,2026-09-13T06:19:18.696424+00:00,False
reviews_00811,مزرعة الزيتونة,,رسوم الدخول عاليه لمكان بهذا الحجم والتنوع الموظفين محترمين وخدمتهم جيده,Al Bahah,حديقة,-1,,,1,,0,reviews_zenodo,,https://zenodo.org/records/16924532,static,,2026-09-13T06:19:18.696424+00:00,False
reviews_00812,مزرعة الزيتونة,,افضل إنسان واخلاق جميلة وبيخدم الزبائن ابو احمد كثر الله خيره,Al Bahah,حديقة,,,,1,,1,reviews_zenodo,,https://zenodo.org/records/16924532,static,,2026-09-13T06:19:18.696424+00:00,False
reviews_00813,مزرعة الزيتونة,,مان لاباس فيه يعتبر هوع من التغيير وتجربة موقع ريفي لكن الاسعار مبالغ فيها الدخول 20 ريال للشخص فقط للدخول وكل قسم تريد دخوله تدفع مقابل والافطار ب 100 ريال كميات قليه جدا كأنها عينات من المربى والجبن والزيتون والشكشوكه والزعتر بالزيت . ...,Al Bahah,حديقة,-1,,,,0,0,reviews_zenodo,,https://zenodo.org/records/16924532,static,,2026-09-13T06:19:18.696424+00:00,False
reviews_00814,مزرعة الزيتونة,,تجربة جيدة رسوم دخول الشخص ٢٠ ريال,Al Bahah,حديقة,0,,,,,0,reviews_zenodo,,https://zenodo.org/records/16924532,static,,2026-09-13T06:19:18.696424+00:00,False
reviews_00815,مزرعة الزيتونة,,المزرعة جميلة ونظيفة وتستاهل الزيارة فيها علما بأن الأفراد العاملين متعاونين جدا,Al Bahah,حديقة,,1,,1,1,1,reviews_zenodo,,https://zenodo.org/records/16924532,static,,2026-09-13T06:19:18.696424+00:00,False
reviews_00816,مزرعة الزيتونة,,المكان جميل ومتنوع الدخول ب ٢٠ ، يوجد سيارات قولف يوصلكم، فيها خيول وطيور رمي سهام ودبابات ...,Al Bahah,حديقة,1,,1,,1,1,reviews_zenodo,,https://zenodo.org/records/16924532,static,,2026-09-13T06:19:18.696424+00:00,False
reviews_00817,مزرعة الزيتونة,,جميلة ولكن غير منظم، متعب بالمشي، سألنا الاستقبال عن عربة القولف قالت تدور بك في كل شي، بالنهاية صارت فقط توديك فوق والباقي تمشينه بنفسك ط يا ليت لو حطوا بروشور تنظيم الوجهات أنظم وأرتب. ...,Al Bahah,حديقة,,,,-1,1,0,reviews_zenodo,,https://zenodo.org/records/16924532,static,,2026-09-13T06:19:18.696424+00:00,False
reviews_00818,مزرعة الزيتونة,,ممتازه وتحتاج الى تطوير اكثر وسعر الدخول يعتبر عالي بالنسبة لما بالداخل الشيء المميز عربات بالداخل ...,Al Bahah,حديقة,-1,,,,1,0,reviews_zenodo,,https://zenodo.org/records/16924532,static,,2026-09-13T06:19:18.696424+00:00,False
reviews_00819,مزرعة الزيتونة,,المكان جيد لكن يعاب عليه رسوم الدخول للشخص الواحد 20 ريال خلاف سيارة القولف 10 توصيل للأعلى والمفترض خدمة التوصيل مجانية، الفطور للأسف غالي وقليل جدا، صراحة انحرجنا مع الضيوف (صحون بلاستيك والأكل ...,Al Bahah,حديقة,-1,,,,1,0,reviews_zenodo,,https://zenodo.org/records/16924532,static,,2026-09-13T06:19:18.696424+00:00,False
reviews_00820,مزرعة الزيتونة,,المزرعه جميله والفطور حلو طازج لكن الموظفين تعاملهم استهتار ولم نستطع دخول محمية الفراوله والتوت مقفله ليش ودفعنا للدخول عشان ايش مانشوف شي !! واسعارهم مبالغ فيها اتمنى يراجعونها,Al Bahah,حديقة,-1,,,-1,1,0,reviews_zenodo,,https://zenodo.org/records/16924532,static,,2026-09-13T06:19:18.696424+00:00,False
reviews_00821,مزرعة الزيتونة,,مبلغ الدخول مبالغ فيه بالنسبة للمنتزه مافيه شي يستاهل حتى لو بلاش مايستاهل الزياره بس نشكر السواق المصري ابو فارس على روحه الحلوه,Al Bahah,حديقة,-1,,,1,-1,-1,reviews_zenodo,,https://zenodo.org/records/16924532,static,,2026-09-13T06:19:18.696424+00:00,False
reviews_00822,مزرعة الزيتونة,,قيمة التذكرة ٣٠ للشخص، قيمة الدخول على الطيور(البغبغانات) ضمن قيمة التذكرة، وممتعة للأطفال فقط، وأشجار زيتون بعدد كبير ولكن لا يوجد مته مثل احد يرشدك بطريقة الزراعة او استخراج الزيتون وغيره، انت ارشد نفسك بنفسك، وفيه بداخله فيلا خاصة مالك علاقه فيها يالزائر😅، ولا أعتقد اعيد الزيارة مرة ثانية ...,Al Bahah,حديقة,,,1,-1,1,0,reviews_zenodo,,https://zenodo.org/records/16924532,static,,2026-09-13T06:19:18.696424+00:00,False
reviews_00823,مزرعة الزيتونة,,الموقع جميل ويحتاج تطوير والخلل الواضح فيها هو ارتفاع اسعار الدخول والاسعار الداخلية مبالغ فيها ...,Al Bahah,حديقة,-1,,,,1,,reviews_zenodo,,https://zenodo.org/records/16924532,static,,2026-09-13T06:19:18.696424+00:00,False
reviews_00824,مزرعة الزيتونة,,اشجار زيتون كان عندي ملاحظات الأسعار شووويه غاليه وزعلتني واللي زعلني أكثر بصراحه دخلت حديقة الطيور اولا حتى اكل الطيور مارضي يعطي اولادي الا مره واحده وبالقطاره طيب دافع فلوس و ل اكل حيكون للطيور وما كملت ٤ دقايق قالي اطلع كنت فيها يوم ...,Al Bahah,حديقة,-1,,,,0,0,reviews_zenodo,,https://zenodo.org/records/16924532,static,,2026-09-13T06:19:18.696424+00:00,False
reviews_00825,مزرعة الزيتونة,,اغلب الي قيموا المزرعة هنود ومو شايفين خير🙂 اعتذر لكن فاشلة، بشكل عام جميلة وفيها فعاليات مالها اول من آخر ماشاءالله تبارك الرحمن لكن ما استغلوا الكنز الذهبي الي عندهم، مشكلتها مافيه مرشدين ولا موظفين غير ...,Al Bahah,حديقة,,,1,-1,1,0,reviews_zenodo,,https://zenodo.org/records/16924532,static,,2026-09-13T06:19:18.696424+00:00,False
reviews_00826,مزرعة الزيتونة,,أغلب الفعاليات مغلقة بحجة إنهاء موسم الصيف دفعنا ١٠٠ ريال دخول المزرعة ودخول قفص صغير للكناري موجود إطعام الأسماك واطعام الخيل البرسيم وهذا الشيء الوحيد اللي أعجب الأولاد بالنسبة للخيل والمعصرة والفراولة كلها مغلقة بحجة إنتهاء الموسم,Al Bahah,حديقة,,,-1,,1,-1,reviews_zenodo,,https://zenodo.org/records/16924532,static,,2026-09-13T06:19:18.696424+00:00,False
reviews_00827,مزرعة الزيتونة,,٣٠ ريال لشخص الواحد وبعدين عربه اجي تاخذك وتحطم في منطقه عاليه وبعدين يلا دور مافي لوحات ارشاديه ومكان فوضى ومافي يعني لمى يقولوا اشجار الواحد يتوقع اشجار مو شجره وحده وتقولوا ...,Al Bahah,حديقة,-1,,,-1,,-1,reviews_zenodo,,https://zenodo.org/records/16924532,static,,2026-09-13T06:19:18.696424+00:00,False
reviews_00828,مزرعة الزيتونة,,متنفس جميل لكنه غالي جدا مبالغ فى الاسعار الباحه وكل مافيها جميل الا الاسعار مبالغ فيها جنوبنا بارد ومصيف جميل لكن غالي ذوي الدخل المحدود لايمكنه الاصطياف الشقق والفنادق مبالغ فيها الفواكهه الصيفيه غالية حتى التين الشوكي وهو ينبت بدون عناء غالي,Al Bahah,حديقة,-1,,,,1,-1,reviews_zenodo,,https://zenodo.org/records/16924532,static,,2026-09-13T06:19:18.696424+00:00,False
reviews_00829,مزرعة الزيتونة,,في البدايه اشكرا العاملين استقبالهم واخلاقهم عاليه اما المزرعه ينقصها الاهتمام وعاديه جدا والفطور للاسف توقعته افضل من كذا ،,Al Bahah,حديقة,,,,1,-1,-1,reviews_zenodo,,https://zenodo.org/records/16924532,static,,2026-09-13T06:19:18.696424+00:00,False
reviews_00830,مزرعة الزيتونة,,اتمنى من المالك الاهتمام الوضع استغلال دخول الشخص ٢٠ ...,Al Bahah,حديقة,-1,,,,,-1,reviews_zenodo,,https://zenodo.org/records/16924532,static,,2026-09-13T06:19:18.696424+00:00,False
reviews_00831,مزرعة الزيتونة,,جميل جدا ينقصه التحسينات مثل حديقة الطيور ينقصة زيادة كمية الطعام للطيور و الوقت ٧دقائق لايكفي للتمتع والتعامل سيئ ،سعر الدخول٢٠ريال و ‏حديقة الطيور 10 للفرد أو للعائلة،انصح الذهاب مبكرا لتجنب الزحام,Al Bahah,حديقة,,,,-1,1,1,reviews_zenodo,,https://zenodo.org/records/16924532,static,,2026-09-13T06:19:18.696424+00:00,False
reviews_00832,مزرعة الزيتونة,,المزرعه جميلة لا كن للاسف العاملين في المزرعه تعاملهم سيئ مع الزوار خاصه العامل الي في قسم الطيور لن اكرر زيارتهم,Al Bahah,حديقة,,,,-1,1,-1,reviews_zenodo,,https://zenodo.org/records/16924532,static,,2026-09-13T06:19:18.696424+00:00,False
reviews_00833,مزرعة الزيتونة,,يوجد رسوم للدخول ولا أنصح بها للعوائل الكبيره بسبب الرسوم الجميل بها حديقه الطيور فقط,Al Bahah,حديقة,-1,,,,1,0,reviews_zenodo,,https://zenodo.org/records/16924532,static,,2026-09-13T06:19:18.696424+00:00,False
reviews_00834,مزرعة الزيتونة,,سعر الدخول مبالغ فيه علي الاشياء الموجوده فيه مافيه الي حديقه الطيور والاسماك ولا يوجد شي اخر,Al Bahah,حديقة,-1,,-1,,,-1,reviews_zenodo,,https://zenodo.org/records/16924532,static,,2026-09-13T06:19:18.696424+00:00,False
reviews_00835,مزرعة الزيتونة,,سعر التذاكر مرتفعة جدا ولا انصح بزيارتها صراحة وجهة نظر. ولاتحمل العنوه من واقع تجربه.,Al Bahah,حديقة,-1,,,,-1,-1,reviews_zenodo,,https://zenodo.org/records/16924532,static,,2026-09-13T06:19:18.696424+00:00,False
reviews_00836,مزرعة الزيتونة,,عادية ورسم الدخول 20 ريال يعتبر غالي بالنسبة لها المفروض 5 ريال,Al Bahah,حديقة,-1,,,,-1,-1,reviews_zenodo,,https://zenodo.org/records/16924532,static,,2026-09-13T06:19:18.696424+00:00,False
reviews_00837,مزرعة الزيتونة,,مافيها شي فقط الطيور ودبابات والفطور جدا عادي,Al Bahah,حديقة,,,,,-1,-1,reviews_zenodo,,https://zenodo.org/records/16924532,static,,2026-09-13T06:19:18.696424+00:00,False
reviews_00838,مزرعة الزيتونة,,مافيها شي يذكر بصراحة حرام الاستغلال في الناس اللي دفعناه ما يستاهل اللي شفناه المكان الوحيد اللي جذب الأطفال قفص الطيور فقط والخيول وميدان الرماية الباقي كله عادي ويحتاج كل الدوران هذا كله,Al Bahah,حديقة,-1,,-1,,-1,-1,reviews_zenodo,,https://zenodo.org/records/16924532,static,,2026-09-13T06:19:18.696424+00:00,False
reviews_00839,مزرعة الزيتونة,,تجربه اقل من العاديه ولايوجد مطاعم ولايوجد منتجات زراعيه,Al Bahah,حديقة,,,-1,,,-1,reviews_zenodo,,https://zenodo.org/records/16924532,static,,2026-09-13T06:19:18.696424+00:00,False
reviews_00840,مزرعة الزيتونة,,مزرعة سياحية بدائية، لازال لديهم مسافة كبيرة حتى يكونوا مزار سياحي يقدم تجربة ممتعة,Al Bahah,حديقة,,,,,-1,-1,reviews_zenodo,,https://zenodo.org/records/16924532,static,,2026-09-13T06:19:18.696424+00:00,False
reviews_00841,مزرعة الزيتونة,,الصور غير الواقع لايوجد زيت زيتون سعر الدخول غالي وكل شيء بالداخل برسوم,Al Bahah,حديقة,-1,,,,,-1,reviews_zenodo,,https://zenodo.org/records/16924532,static,,2026-09-13T06:19:18.696424+00:00,False
reviews_00842,مزرعة الزيتونة,,فكرة المشروع جدا جميله لكن ينقصه الكثير من الاهتمام .... من ناحية الاكل الجلسات المرافق,Al Bahah,حديقة,,,-1,,1,0,reviews_zenodo,,https://zenodo.org/records/16924532,static,,2026-09-13T06:19:18.696424+00:00,False
reviews_00843,مزرعة الزيتونة,,روعه المكان وسيع وجميل,Al Bahah,حديقة,,,,,1,1,reviews_zenodo,,https://zenodo.org/records/16924532,static,,2026-09-13T06:19:18.696424+00:00,False
reviews_00844,مزرعة الزيتونة,,مبالغ الاسعار وعاديه جدا,Al Bahah,حديقة,-1,,,,0,0,reviews_zenodo,,https://zenodo.org/records/16924532,static,,2026-09-13T06:19:18.696424+00:00,False
reviews_00845,مزرعة الزيتونة,,لاباس بها اعجبني مكان الطيور فقط,Al Bahah,حديقة,,,,,0,0,reviews_zenodo,,https://zenodo.org/records/16924532,static,,2026-09-13T06:19:18.696424+00:00,False
reviews_00846,مزرعة الزيتونة,,المزرعة جميلة ومكان سياحي جيد فيها مكان للفطور واتوقع يقدمون غداء وعشاء فيه سيارات قولف تنقل الزوار بعشرة ريال للعايلة وفيها جزء للطيور وحيونات اخرى ومتجر تحتاج تطوير كثير مثل تغير طاولات وكراسي الجلسات لانها قديمة جدا وتوسيع اقفاص الحيونات ...,Al Bahah,حديقة,,,0,,1,0,reviews_zenodo,,https://zenodo.org/records/16924532,static,,2026-09-13T06:19:18.696424+00:00,False
reviews_00847,مزرعة الزيتونة,,جميل ويجنن بس الفطور مو مره كويس يعني اقل من عادي حتى السعر 100 !!!!! مررره مبالغ فيه ومايستاهل هالمبلغ,Al Bahah,حديقة,-1,,-1,,1,0,reviews_zenodo,,https://zenodo.org/records/16924532,static,,2026-09-13T06:19:18.696424+00:00,False
reviews_00848,مزرعة الزيتونة,,المكان جميل يفضل زيارته بالأجواء البارده جيناه وكانت الشمس قويه م قدرنا نستمتع الاسعار مرتفعه وجدا يعني احنا اثنين وطفل مع ركوب الخيل ٧٠ ريال تقريبا دخول الشخص ٢٠ ریال ...,Al Bahah,حديقة,-1,,,,1,0,reviews_zenodo,,https://zenodo.org/records/16924532,static,,2026-09-13T06:19:18.696424+00:00,False
reviews_00849,مزرعة الزيتونة,,لا يوجد اهتمام مستمر - وضوح الاوساخ والاتربه والمخلفات بدون وجود عمالة للتنظيف - واضح الاهمال - مزرعة الفرولة ليست بموسمها ولا يوجد بها ثمار - الدخول بعشرين ريال - عشره ريال اضافيه لدخول حديقة الطيور وتعتبر ممتازه - يوجد حيوانات بسيطه ( ...,Al Bahah,حديقة,,-1,,,-1,-1,reviews_zenodo,,https://zenodo.org/records/16924532,static,,2026-09-13T06:19:18.696424+00:00,False
reviews_00850,مزرعة الزيتونة,,تستحق. الزيارة ،، تم زيارتها صباحآ وقت الإفطار شامل الدخول وزيارة الطيور لعائلة بمبلغ. جدآ ممتاز ،، الإفطار لذيذ ومتنوع. مع. الخبر والماء. والشاي ... زيارة حديقة الطيور ولكنها صغيرة. ولاتوجد بها طيور كثيرة مدينة الألعاب تصلح في الجو المعتدل وملعب البادل والأسماك ،،، تجربة ممتازه ،، تحتاج دورات المياة للمتابعة والتنظيف,Al Bahah,حديقة,1,-1,0,,1,1,reviews_zenodo,,https://zenodo.org/records/16924532,static,,2026-09-13T06:19:18.696424+00:00,False
reviews_00851,مزرعة الزيتونة,,كل شيء ممتاز ما شاء الله لكن الاسعار ليست متكافأة مع المزرعة ، الشخص ب٣٠ ريال فيها مبالغة لأن أغلب الاشياء اللي داخل بمبلغ وقدره غير ال٣٠ ريال !!! كذلك القهوة اللي عند الكهف ممكن تقول عنها اي شيء الا مسمى القهوة . وفيهم بطء شديد في استقبال الطلبات ..,Al Bahah,حديقة,-1,,,-1,1,0,reviews_zenodo,,https://zenodo.org/records/16924532,static,,2026-09-13T06:19:18.696424+00:00,False
reviews_00852,مزرعة الزيتونة,,المكان يعتبر جيد ولطيف، فطورهم كان لذيذ جدا خصوصا الجبنة والمربى، وأكثر شيء أعجبني داخل المزرعة هو مسجد الوالدين، المبنى تحفة ذهبية✨ علما بأن الدخول كانت رسوم ب20 ريال للشخص البالغ، والأطفال لا أعلم صراحة لأنه ماكان معانا أطفال (:,Al Bahah,حديقة,,,1,,1,1,reviews_zenodo,,https://zenodo.org/records/16924532,static,,2026-09-13T06:19:18.696424+00:00,False
reviews_00853,مزرعة الزيتونة,,المكان جيد حنا اربع اشخاص كلفتنا ١٢٠ ريال دخوليه مع الاسماك مع شوفت الطيور مع عربة الغولف الاسماك يبغلاها اهتمام المويه غير صافيه ويوجد نوع واحد من الاسماك والدجاج والسمان مقفله عليه اكثر ماعجبني الطيور والمسجد الاثري والاكل الشعبي والخيول الباقي عادي وبالتوفيق,Al Bahah,حديقة,,,0,,1,0,reviews_zenodo,,https://zenodo.org/records/16924532,static,,2026-09-13T06:19:18.696424+00:00,False
reviews_00854,مزرعة الزيتونة,,المكان جميل ووجبه الافطار جدا ممتازه ولكن المشكله في الترتيب واسعار الدخول جدا غالي غالي ترى ماعندنا مشكله ندفع ولكن عطني مقابل اللي دفعته وتمنى مراجعه اسعار الدخول مو معقوله هالسعر,Al Bahah,حديقة,-1,,,,1,1,reviews_zenodo,,https://zenodo.org/records/16924532,static,,2026-09-13T06:19:18.696424+00:00,False
reviews_00855,مزرعة الزيتونة,,مزرعه جميله وكبيره ويوجد فيها فلل للسكن ومطعم وكوفي ولكن تحتاج للمزيد من التنظيم والإهتمام وتخفيض للأسعار مراعاة للزوار فالدخول ب ٢٠ ريال للشخص المفروض يشمل لكل شي بالداخل ولكن للأسف لايشمل اذا تبي تتنقل بالعربه تدفع ١٠ ريال وكذلك محمية ...,Al Bahah,حديقة,-1,,1,,1,1,reviews_zenodo,,https://zenodo.org/records/16924532,static,,2026-09-13T06:19:18.696424+00:00,False
reviews_00856,مزرعة الزيتونة,,وصلنا تقريبا على الساعه 8 ونص الموظفه اللي عند الباب تقهر ماعطتنا تفاصيل انه احتمال اغلب الحاجات مغلقه خلتنا نقص تذكره حسبت بنتي عمرها 5 سنوات مافي شي مفتوح واذا سألنا الموظفين قالوا مقفل .. او مافيه توجيه منهم واضح تعبانين الساعه 9 ونص بالضبط طفوا حتى اللمبات علينا .. وبالنهاية ممكن افضل بكثير بالنهار من بعد المغرب احس ماتسوى خلاص,Al Bahah,حديقة,,,-1,-1,-1,-1,reviews_zenodo,,https://zenodo.org/records/16924532,static,,2026-09-13T06:19:18.696424+00:00,False
reviews_00857,مزرعة الزيتونة,,جميله وتحتاج تطوير اكثر,Al Bahah,حديقة,,,,,1,0,reviews_zenodo,,https://zenodo.org/records/16924532,static,,2026-09-13T06:19:18.696424+00:00,False
reviews_00858,مزرعة الزيتونة,,المزرعة ممتازة فيها مرافق متعددة و تستحق الزيارة,Al Bahah,حديقة,,,1,,1,1,reviews_zenodo,,https://zenodo.org/records/16924532,static,,2026-09-13T06:19:18.696424+00:00,False
reviews_00859,مزرعة الزيتونة,,يعني الجو حلو ومعاك وقت وفلوس زيادة و(مقرر )انك تضيعهم وتنبسط .. تروحلهم.. زيارتنا العصر.. دخلنا اول الناس.. مافي ارشاد مااحد يوجهك او يقولك مثلا ترى مافيه قطف فراولة ترى مافيه عرض كيف استخلاص زيت الزيتون .. نقعد نمشي كذا بالبركة بعد ...,Al Bahah,حديقة,,,,-1,1,0,reviews_zenodo,,https://zenodo.org/records/16924532,static,,2026-09-13T06:19:18.696424+00:00,False
reviews_00860,مزرعة الزيتونة,,جيدة كتغيير جو وقت الزيارة ٧:٠٠ ص يوجد بها اماكن تناسب فئات مختلفه ملاعب و منطقة العاب للاطفال ...,Al Bahah,حديقة,,,1,,1,0,reviews_zenodo,,https://zenodo.org/records/16924532,static,,2026-09-13T06:19:18.696424+00:00,False
reviews_00861,مزرعة الزيتونة,,جميله من كل النواحي فقط المطعم و الكوفي جدا فاشله الكوفي مافي الآت مخصصه للقهوه ...,Al Bahah,حديقة,,,-1,,1,1,reviews_zenodo,,https://zenodo.org/records/16924532,static,,2026-09-13T06:19:18.696424+00:00,False
reviews_00862,مزرعة الزيتونة,,مزرعة الزيتون 🫒 لطيفة لو الاجواء مغيمة ، اكثر شيء عجبني الفطور أغلبه من منتجات المزرعة نفسها 👌🏾😍الموظفين بشوشين ومضيافين 🙏🏾 .. للاسف ماقدرنا ندخل معصرة الزيتون لان مو موسمه، غير كذا منطقة قطف الفراولة والتوت كان مافيها فواكة كفاية للقطف 🥲 واحواض الاسماك مو مجهزة لاطعام السمك نفسه .. ...,Al Bahah,حديقة,,,-1,1,1,1,reviews_zenodo,,https://zenodo.org/records/16924532,static,,2026-09-13T06:19:18.696424+00:00,False
reviews_00863,مزرعة الزيتونة,,جميل المكان ومرتب بس فيه استغلال واضح الدخول ب ٣٠ للشخص العربه توصلك ب ١٠ الفعاليات جوه بفلوس ...,Al Bahah,حديقة,-1,,,,1,1,reviews_zenodo,,https://zenodo.org/records/16924532,static,,2026-09-13T06:19:18.696424+00:00,False
reviews_00864,مزرعة الزيتونة,,الدخول بفلوس تركب السياره بفلوس تشوف محميه الطيور بفلوس 🤣، المكان مرتب وانيق وفيه كراسي وطاولات ودورات مياه بس العيب الي فيه م فيه مطاعم او كوفي بس ركن يبيع خبز وشاي بالنسه لي تجربه جميله وانبسطنا ...,Al Bahah,حديقة,0,,-1,,1,1,reviews_zenodo,,https://zenodo.org/records/16924532,static,,2026-09-13T06:19:18.696424+00:00,False
reviews_00865,مزرعة الزيتونة,,المكان حلو ومرتب عجبني اول شجرة زيتون لوالد راعي المزرعه وكل شجره له تاريخ زراعته لكن تنقصه جذب الزوار مثل تجربه الزيتون او اهداء بعض العينات من زيت الزيتون... حديقه الطيور والخيل أجمل مافي المكان,Al Bahah,حديقة,,,1,,1,0,reviews_zenodo,,https://zenodo.org/records/16924532,static,,2026-09-13T06:19:18.696424+00:00,False
reviews_00866,مزرعة الزيتونة,,زرته مرتين ممتاز بس الطريق داخل المزرعه الممارات صعبه لمن لديه كبير سن او ذوي الاحتياجات الخاصه ارضيه غير مناسبه ومكان الطيور دخوله صعب للكرسي المتحرك,Al Bahah,حديقة,,,-1,,1,-1,reviews_zenodo,,https://zenodo.org/records/16924532,static,,2026-09-13T06:19:18.696424+00:00,False
reviews_00867,مزرعة الزيتونة,,المكان مرتب ونظيف وترفيهي يعيبه بعده عن المدينة ووجود روائح صرف صحي,Al Bahah,حديقة,,1,,,1,0,reviews_zenodo,,https://zenodo.org/records/16924532,static,,2026-09-13T06:19:18.696424+00:00,False
reviews_00868,مزرعة الزيتونة,,لابد اعادة النظر في الاسعار حتى تكون بيئة جاذبة ...,Al Bahah,حديقة,-1,,,,1,,reviews_zenodo,,https://zenodo.org/records/16924532,static,,2026-09-13T06:19:18.696424+00:00,False
reviews_00869,مزرعة الزيتونة,,مكان يحتاج له اجواء حلوة طلعتنا له كانت للافطار والشمس حاااررة افطار العائلة ب 100 بصراحة راهي ويكفي الجلسات مثل الاعشاش بعد ماتعبنا لقينا جلسة الدخول اتوقع النفر ب 10منها دخول عند الطيور يعطونكم نقطة اكل في يدك مايمديك ترفع ...,Al Bahah,حديقة,,,,,1,-1,reviews_zenodo,,https://zenodo.org/records/16924532,static,,2026-09-13T06:19:18.696424+00:00,False
reviews_00870,مزرعة الزيتونة,,المكان حلو حقيقة والعاملين بشوشين لكن الاسعار غير منطقية أبدا والاستغلال زي السلام عليكم ...,Al Bahah,حديقة,-1,,,1,1,0,reviews_zenodo,,https://zenodo.org/records/16924532,static,,2026-09-13T06:19:18.696424+00:00,False
reviews_00871,مزرعة الزيتونة,,جميلة نوعا ما لكن الاسعار عاليه الدخول للشخص ب ٢٠ ريال و اقل من ٣ سنوات مجاننا ...,Al Bahah,حديقة,-1,,,,1,1,reviews_zenodo,,https://zenodo.org/records/16924532,static,,2026-09-13T06:19:18.696424+00:00,False
reviews_00872,مزرعة الزيتونة,,زياره ممتعة وراح اكررها باذن الله والخدمة رائعه جدا اشكر الشباب محمد وعبدالله ال جارالله ماقصروا معانا جزيل الشكر 🙏🏻 ...,Al Bahah,حديقة,,,,1,1,1,reviews_zenodo,,https://zenodo.org/records/16924532,static,,2026-09-13T06:19:18.696424+00:00,False
reviews_00873,مزرعة الزيتونة,,مكان جيد للمشي وتغيير الجو .. الدخول برسوم و كل نشاط يحتاج تذكره .. يحتاج لاهتمام اكثر لا يوجد مطاعم ولا يوجد كافيهات فقط اجتهادات من اصحاب المكان اللي يحرجونك بكرمهم و طيبتهم .. اتمنى استغلال المكان بشكل افضل,Al Bahah,حديقة,,,-1,,1,1,reviews_zenodo,,https://zenodo.org/records/16924532,static,,2026-09-13T06:19:18.696424+00:00,False
reviews_00874,مزرعة الزيتونة,,المزرعة كبيرة و واسعه ، يوجد بها قفص كبير للطيور برسوم ٢٠ ريال تدفع عند البوابه ، وعند الدخول عندك خيارين اما تركب سيارة قولف للتنزه في المزرعه برسوم في مدة اقصاها ١٠ دق تقريبا يعرفك فيها على المزرعه واقسامها ويريك بعض منتجاتها او تمشي ...,Al Bahah,حديقة,,,,,1,0,reviews_zenodo,,https://zenodo.org/records/16924532,static,,2026-09-13T06:19:18.696424+00:00,False
reviews_00875,مزرعة الزيتونة,,مكان جميل ولكن كان الرسوم غاليه وكمان المكان ملخبط وخاصه إذا كنت تمشي أنا أعطية ٦٥٪؜,Al Bahah,حديقة,-1,,,,0,0,reviews_zenodo,,https://zenodo.org/records/16924532,static,,2026-09-13T06:19:18.696424+00:00,False
reviews_00876,مزرعة الزيتونة,,مكان جميل وخاصتا امكانية قيامي بقطف الفراوله بنفسي فهي تجربه يستمتع بها الكبار رالاطفال وكذلك قفص الطيور تجربه رائعه ايضا وقيامنا بتأكيل الطيور بانفسنا وحوض الاسماك وتجربة صيد الاسماك والموقع يعتبر على مستوى الباحه مكان جميل وتجربه تستحق الزياره والرسوم كموقع سياحي تعتبر مقبوله,Al Bahah,حديقة,0,,1,,1,1,reviews_zenodo,,https://zenodo.org/records/16924532,static,,2026-09-13T06:19:18.696424+00:00,False
reviews_00877,مزرعة الزيتونة,,لا بأس يبغالها وقت علشان تتعدل اكثر وعمال اكثر يساعدون ويوجهون الكهف باقي فاضي يبغالها اهتمام من ناحية مزرعة الفراوله وغيره حديقة الطيور حلوه,Al Bahah,حديقة,,,,-1,0,0,reviews_zenodo,,https://zenodo.org/records/16924532,static,,2026-09-13T06:19:18.696424+00:00,False
reviews_00878,مزرعة الزيتونة,,المزرعه كبيره جدا ماشاءالله ولكن تفتقد للكثير من الاهتمام تحتاج ل لوح ارشاديه كبيره وتحتاج ل عاملين ، هناك رسوم على الدخول وسيارة القولف والعصافير والخيل ، اجمل شي العصافير وباقي المزرعه خذوها رياضه .,Al Bahah,حديقة,,,,-1,1,1,reviews_zenodo,,https://zenodo.org/records/16924532,static,,2026-09-13T06:19:18.696424+00:00,False
reviews_00879,مزرعة الزيتونة,,تجربة رائعة والمكان جميل ولكن يحتاج الى إهمام اكثر الرسوم مرتفعة خاصة ان هناك رسوم للدخول ورسوم اخرى اضافية على حديقة الطيور والعاب المسبح,Al Bahah,حديقة,-1,,,,1,1,reviews_zenodo,,https://zenodo.org/records/16924532,static,,2026-09-13T06:19:18.696424+00:00,False
reviews_00880,مزرعة الزيتونة,,يحتاج لها المزيد من العمل وان شاء الله القائمين عليها في طريقهم الى الافضل ، ولكن تجربة لن تندم عليها خصوصا اذا كان الجو جميل وغير مشمس راح تستمتع اكثر,Al Bahah,حديقة,,,,,0,1,reviews_zenodo,,https://zenodo.org/records/16924532,static,,2026-09-13T06:19:18.696424+00:00,False
reviews_00881,مزرعة الزيتونة,,المزرعة حلوه ولكن مبالغ في الاسعار و تحتاج صيانه أكثر واضح تنهجر اوقات طويلة,Al Bahah,حديقة,-1,,,,1,0,reviews_zenodo,,https://zenodo.org/records/16924532,static,,2026-09-13T06:19:18.696424+00:00,False
reviews_00882,مزرعة الزيتونة,,تستحق الزيارة خصوصا الاطفال لكن لابد من مراجعة عادلة لرسوم وخدمات المزرعة، زرتها اليوم مع عائلتي 8 أفراد دخول وافطار متوضع جدا وكافي 500 ريال في اقل من ساعتين .,Al Bahah,حديقة,-1,,,,1,1,reviews_zenodo,,https://zenodo.org/records/16924532,static,,2026-09-13T06:19:18.696424+00:00,False
reviews_00883,مزرعة الزيتونة,,اليوم كنت افطر في مزرعة الزيتونة كانت تجربه رائعة وحلوه بس يلزمها نظافه من مقدم الفطور ثلاجة الشاهي جدا وسخه ومافي احد ينظف مكان الفطور للذين سبق وفطرو ولما يكون في باقي شاهي بالاكواب يقوم مقدم الفطور بسكب الشاهي في حوض الزرع بطريقه عشوائية غير لأيق بالمكان ارجو الاهتمام بالمكان لان فكرة المشروع جدا حلوه ولكم فائق إحترامي,Al Bahah,حديقة,,-1,,-1,1,0,reviews_zenodo,,https://zenodo.org/records/16924532,static,,2026-09-13T06:19:18.696424+00:00,False
reviews_00884,مزرعة الزيتونة,,اولا رسوم الدخول مبالغ فيه ٣٠ ريال للشخص والاطفال عليهم رسوم دخول برضو ٣٠ ريال وفيها مطعم واحد يبيع نواشف وخبز والله ياصحن النواشف فيه قطعه جبنة الطيب وشوي مربا وشوي زيتون ب١٥ ريال يعني فيه جشع واستغلال من ناحية الاسعار وانصح بعدم زيارتها ...,Al Bahah,حديقة,-1,,,,,-1,reviews_zenodo,,https://zenodo.org/records/16924532,static,,2026-09-13T06:19:18.696424+00:00,False
reviews_00885,مزرعة الزيتونة,,فطور صباحي جميل و رايق، استمتعنا بتجربة إطعام الطيور، لكن بالنسبة للنباتات كانت أغلب المحميات مهملة، النعناع و الفراولة و شتلات الزيتون كلها ميتة، أتوقع السبب ان وقت زيارتنا كان في سبتمبر بعد انتهاء موسم الصيف حيث قلت العناية بالأشجار.,Al Bahah,حديقة,,,0,,1,0,reviews_zenodo,,https://zenodo.org/records/16924532,static,,2026-09-13T06:19:18.696424+00:00,False
reviews_00886,مزرعة الزيتونة,,المكان حلو بس ينقصة التنظيم (بالذات وقت تنقل العربات) و التعريف بالاماكن و وجودها. للأسف حجزنا الفطور قبل بيوم و اكدنا عليهم قبل ساعه من الوصول للمزرعه، ولكن يوم وصلنا قالوا انه ما يتعاملون مع الحجز والفطور يتقدم للي يجي اول !!!,Al Bahah,حديقة,,,,-1,1,-1,reviews_zenodo,,https://zenodo.org/records/16924532,static,,2026-09-13T06:19:18.696424+00:00,False
reviews_00887,مزرعة الزيتونة,,"المكان جميل جدا ووممتع ولاكن عيبه"" استغلال الزوار وكل شي مدفوع من الدخول الى المرافق مثل الطيور والخيل اذا بدفع للمرافق ليه ادفع عند دخولي المفروض تكون رسوم الدخول رمزيه او جعلها شامله للكل",Al Bahah,حديقة,-1,,,,1,0,reviews_zenodo,,https://zenodo.org/records/16924532,static,,2026-09-13T06:19:18.696424+00:00,False
reviews_00888,مزرعة الزيتونة,,كنت اتمنى ان يكون الموقع افضل مما وجدته عليه الشخص ب30 ريال + 10 ريال للعربة تقوم بتوصيلك اعلى المزرعه لا يوجد اي شي يشد انتتباه العائله والاطفال فقط قسم الطيور وبها عدد قليل من البادجي و الروز التي تطير لك وتقوم باكل الحبوب الي يصرفها لك ...,Al Bahah,حديقة,,,-1,,-1,-1,reviews_zenodo,,https://zenodo.org/records/16924532,static,,2026-09-13T06:19:18.696424+00:00,False
reviews_00889,مزرعة الزيتونة,,المزرعة جيدة خصوصا وقت الغيوم . الإفطار مميز جدا . اسعارهم مرتفعة قليلا . كان من الأفضل إلغاء رسوم الدخول و سيارة الجولف .,Al Bahah,حديقة,-1,,,,1,0,reviews_zenodo,,https://zenodo.org/records/16924532,static,,2026-09-13T06:19:18.696424+00:00,False
reviews_00890,مزرعة الزيتونة,,#جميلة ولكن تحتاج طرح افكار والتجديد . #المطعم لعمل الفطور يتأخر كثير الناس تتذمر يجب من التوسعة او عمل مطعم في جهه أخرى من المزرعة . ...,Al Bahah,حديقة,,,,-1,1,,reviews_zenodo,,https://zenodo.org/records/16924532,static,,2026-09-13T06:19:18.696424+00:00,False
reviews_00891,مزرعة الزيتونة,,يحتاج للاهتمام اكثر قسم الطيور يحتاج اهتمام قسم الفراوله للاسف غير جيد ليت يستفيدوا من تجربة منتزه الفراوله في منطقة الهدى ...,Al Bahah,حديقة,,,-1,,,-1,reviews_zenodo,,https://zenodo.org/records/16924532,static,,2026-09-13T06:19:18.696424+00:00,False
reviews_00892,مزرعة الزيتونة,,المزرعه جميله وتنظيمهم جميل وفعالياتها ممتعه اخلاق الموظفين فيها رائعهههه ...,Al Bahah,حديقة,,,1,1,1,,reviews_zenodo,,https://zenodo.org/records/16924532,static,,2026-09-13T06:19:18.696424+00:00,False
reviews_00893,مزرعة الزيتونة,,تجربه حلوه بس تصلح لعوائل اكثر من ٤ اشخاص الاسعار شويه مرتفعه,Al Bahah,حديقة,-1,,,,,1,reviews_zenodo,,https://zenodo.org/records/16924532,static,,2026-09-13T06:19:18.696424+00:00,False
reviews_00894,مزرعة الزيتونة,,المكان جميل ماشاءالله ، شكر خاص للأخ أبو فارس شخص متعاون و يعمل بأمانه .👍 ...,Al Bahah,حديقة,,,,1,1,1,reviews_zenodo,,https://zenodo.org/records/16924532,static,,2026-09-13T06:19:18.696424+00:00,False
reviews_00895,مزرعة الزيتونة,,الأسعار مرتفعة.. الدخول للشخص الأكبر من ٣ سنوات ب٢٠ ريال والفطور مع عربة القولف ١٦٠ ريال,Al Bahah,حديقة,-1,,,,,-1,reviews_zenodo,,https://zenodo.org/records/16924532,static,,2026-09-13T06:19:18.696424+00:00,False
reviews_00896,مزرعة الزيتونة,,المكان حلو للاسف مكان موسم فرواله ولا في غزالان زي ماقالو مافي مرشد معنا ينزلونك. انت روح دور كان في امير ماقدرنا ناخذ رحتنا حتي محل الطيور ماجالسنا ١٠ دقايق ولي يحط لك اكل طيور مره وحده ؟؟ للاسف,Al Bahah,حديقة,,,,-1,1,-1,reviews_zenodo,,https://zenodo.org/records/16924532,static,,2026-09-13T06:19:18.696424+00:00,False
reviews_00897,مزرعة الزيتونة,,تجربه جيدة لكنها بعيدة والدخول بمقابل مالي ركوب السيارة للتوصيل لداخل المزرعه بمقابل مالي وكذالك ركوب الخيل لا يوجد فراوله ولا معصرة الشي المميز أشجار الزيتون المثمرة,Al Bahah,حديقة,,,0,,,0,reviews_zenodo,,https://zenodo.org/records/16924532,static,,2026-09-13T06:19:18.696424+00:00,False
reviews_00898,مزرعة الزيتونة,,أجمل مافيه حديقة الطيور .. افطارهم لذيذ خاصة وانه عضوي,Al Bahah,حديقة,,,1,,,1,reviews_zenodo,,https://zenodo.org/records/16924532,static,,2026-09-13T06:19:18.696424+00:00,False
reviews_00899,مزرعة الزيتونة,,تجربة جيدة لا تستحق التكرار 50 ريال للشخص تشمل الدخول وسيارة القولف وحديقة الطيور والافطار انا وعائلتي اربعة اشخاص وطفل الافطار لايكفي ...,Al Bahah,حديقة,,,,,1,0,reviews_zenodo,,https://zenodo.org/records/16924532,static,,2026-09-13T06:19:18.696424+00:00,False
reviews_00900,مزرعة الزيتونة,,المكان جدا صغير وغير منظم ولا نظيف بصراحة بالنسبة لي مايستاهل الزيارة الشيء الوحيد الحلو مكان العصافير والسعر مبالغ فيه جدا للمكان,Al Bahah,حديقة,-1,-1,,-1,-1,-1,reviews_zenodo,,https://zenodo.org/records/16924532,static,,2026-09-13T06:19:18.696424+00:00,False
reviews_00901,مزرعة الزيتونة,,المكان جميل لكن يحتاج المزيد من الفعاليات فقط حديقة الطيور والمطعم كانت جميلة الباقي كان سيء حوض الاسماك الماء غامق لم نشاهد الاسماك المسرح في الاعلى فارغ نتمى استغلال المساحة لفعاليات جاذبه تغذية الدجاج كانت بطريقة سيئة في صحون الاكل ...,Al Bahah,حديقة,,,0,,1,0,reviews_zenodo,,https://zenodo.org/records/16924532,static,,2026-09-13T06:19:18.696424+00:00,False
reviews_00902,مزرعة الزيتونة,,نزل مستواهم من ناحية النظافة محمية الفراولة ليس فيها انتاج للفراولة وليس هناك اي عناية بها المبلغ مبالغ فيه سعر دخول الاطفال نفس سعر الكبار,Al Bahah,حديقة,-1,-1,,,,-1,reviews_zenodo,,https://zenodo.org/records/16924532,static,,2026-09-13T06:19:18.696424+00:00,False
reviews_00903,مزرعة الزيتونة,,‏ممتاز جدا ‏والفطور لذيذ ‏والأكل طازة من المزرعة ‏والموظفين ‏جدا محترمين ‏والمكان رائع انصح بزيارة له,Al Bahah,حديقة,,,,1,1,1,reviews_zenodo,,https://zenodo.org/records/16924532,static,,2026-09-13T06:19:18.696424+00:00,False
reviews_00904,مزرعة الزيتونة,,متعبه في المشي وغير مرتبه ولاتستاهل ...,Al Bahah,حديقة,,,,,-1,-1,reviews_zenodo,,https://zenodo.org/records/16924532,static,,2026-09-13T06:19:18.696424+00:00,False
reviews_00905,مزرعة الزيتونة,,مكان جميل ومرتب,Al Bahah,حديقة,,,,,1,1,reviews_zenodo,,https://zenodo.org/records/16924532,static,,2026-09-13T06:19:18.696424+00:00,False
reviews_00906,مزرعة الزيتونة,,بدايات السياحة الزراعية في المنطقة وحتى نزيد من الرقي المكان يجب علينا تقيمه على الأقل ومع أنه من اجمل المزارع تنظيم في المنطقة وهذي حقيقة ليست دعايه الا اننا نأمل في الرقي أكثر,Al Bahah,حديقة,,,,,1,1,reviews_zenodo,,https://zenodo.org/records/16924532,static,,2026-09-13T06:19:18.696424+00:00,False
reviews_00907,مزرعة الزيتونة,,الموقع ممتاز النظافه تحتاج الى اهتمام اكبر لبس وزي العاملين غير موحد ولايوجد بطاقه تدل على انه يعمل في المزرعه الابتسامه مفقوده في العاملين نتمنى زيادة الاهتمام. وجودة الزيت والمنتجات الاخرى,Al Bahah,حديقة,,0,,-1,1,,reviews_zenodo,,https://zenodo.org/records/16924532,static,,2026-09-13T06:19:18.696424+00:00,False
reviews_00908,مزرعة الزيتونة,,المكان رائع جدا لكن تحتاج رعايه واهتمام اكثر وتطور فعليات اكثر,Al Bahah,حديقة,,,-1,,1,0,reviews_zenodo,,https://zenodo.org/records/16924532,static,,2026-09-13T06:19:18.696424+00:00,False
reviews_00909,مزرعة الزيتونة,,المكان جميل ولكن غير مكتمل يحتاج تنظيم افضل للفطور والاماكن,Al Bahah,حديقة,,,,-1,1,,reviews_zenodo,,https://zenodo.org/records/16924532,static,,2026-09-13T06:19:18.696424+00:00,False
reviews_00910,مزرعة الزيتونة,,جميله لو يزودون الجلسات ويهتمون اكثر,Al Bahah,حديقة,,,-1,,1,,reviews_zenodo,,https://zenodo.org/records/16924532,static,,2026-09-13T06:19:18.696424+00:00,False
reviews_00911,مزرعة الزيتونة,,جميل المكان وكبير وشرح اعجبني كثير وخاصة الفعاليات,Al Bahah,حديقة,,,1,,1,1,reviews_zenodo,,https://zenodo.org/records/16924532,static,,2026-09-13T06:19:18.696424+00:00,False
reviews_00912,مزرعة الزيتونة,,جميل المكان لاباس به لكن بحاجه لعناية اكثر واهتمام,Al Bahah,حديقة,,,,,0,0,reviews_zenodo,,https://zenodo.org/records/16924532,static,,2026-09-13T06:19:18.696424+00:00,False
reviews_00913,مزرعة الزيتونة,,عاديه بسيطه... فيها أفكار جديدة لكن تحتاج تطوير كبير.... مااعتقد أكرر الزيارة,Al Bahah,حديقة,,,,,0,-1,reviews_zenodo,,https://zenodo.org/records/16924532,static,,2026-09-13T06:19:18.696424+00:00,False
reviews_00914,مزرعة الزيتونة,,ياليت يطورنوها ويضعون مقاهي ومطعم للغداء والعشاء,Al Bahah,حديقة,,,-1,,0,,reviews_zenodo,,https://zenodo.org/records/16924532,static,,2026-09-13T06:19:18.696424+00:00,False
reviews_00915,مزرعة الزيتونة,,حلوه رحتها الدخول ب٣٠ للشخص,Al Bahah,حديقة,0,,,,1,,reviews_zenodo,,https://zenodo.org/records/16924532,static,,2026-09-13T06:19:18.696424+00:00,False
reviews_00916,مزرعة الزيتونة,,ممتازه وانصح بزيارتها ولكن تحتاج بعض الترتيب والنظافة والاهتمام,Al Bahah,حديقة,,-1,,,1,1,reviews_zenodo,,https://zenodo.org/records/16924532,static,,2026-09-13T06:19:18.696424+00:00,False
reviews_00917,مزرعة الزيتونة,,غاليه جدا وكل شي بفلوس وبعيده الدخويله بفلوس والقطف بفلوس العربه اللي تمشيني بفلوس كثير,Al Bahah,حديقة,-1,,,,,-1,reviews_zenodo,,https://zenodo.org/records/16924532,static,,2026-09-13T06:19:18.696424+00:00,False
reviews_00918,مزرعة الزيتونة,,لايوجد مرشد وناقص تنظيم والمنحل خطر على الأطفال والأسعار مبالغ فيها,Al Bahah,حديقة,-1,,,-1,,-1,reviews_zenodo,,https://zenodo.org/records/16924532,static,,2026-09-13T06:19:18.696424+00:00,False
reviews_00919,مزرعة الزيتونة,,ممتاز لكن اسعار التذاكر عالية,Al Bahah,حديقة,-1,,,,1,,reviews_zenodo,,https://zenodo.org/records/16924532,static,,2026-09-13T06:19:18.696424+00:00,False
reviews_00920,مزرعة الزيتونة,,جيده ولكن الرسوم غاليه ولا يوجد لمبات في الليل,Al Bahah,حديقة,-1,,-1,,1,,reviews_zenodo,,https://zenodo.org/records/16924532,static,,2026-09-13T06:19:18.696424+00:00,False
reviews_00921,مزرعة الزيتونة,,غالي ولا حق المشوار انك تروح له,Al Bahah,حديقة,-1,,,,,-1,reviews_zenodo,,https://zenodo.org/records/16924532,static,,2026-09-13T06:19:18.696424+00:00,False
reviews_00922,مزرعة الزيتونة,,جميل بس أسعار شويه غالية,Al Bahah,حديقة,-1,,,,1,,reviews_zenodo,,https://zenodo.org/records/16924532,static,,2026-09-13T06:19:18.696424+00:00,False
reviews_00923,مزرعة الزيتونة,,مافيه شي جديد ممكن اذا مهرجان ممكن يكون افظل,Al Bahah,حديقة,,,,,-1,-1,reviews_zenodo,,https://zenodo.org/records/16924532,static,,2026-09-13T06:19:18.696424+00:00,False
reviews_00924,مزرعة الزيتونة,,غير منسق ليس فيه اهتمام بالزرع واغلبه ناشف,Al Bahah,حديقة,,,-1,,-1,,reviews_zenodo,,https://zenodo.org/records/16924532,static,,2026-09-13T06:19:18.696424+00:00,False
reviews_00925,مزرعة الزيتونة,,والله مكان رهيب تجربه مره حلوه انصح اي احد يروح لان والله اجواء ريفيه حلوه,Al Bahah,حديقة,,1,,,1,1,reviews_zenodo,,https://zenodo.org/records/16924532,static,,2026-09-13T06:19:18.696424+00:00,False
reviews_00926,مزرعة الزيتونة,,المزرعه ومرتبه وتستحق الزياره وزادها جمالا تعامل الابن محمد الجارالله ببشاشته وأخلاقه العاليه وتعامله الراقي,Al Bahah,حديقة,,,,1,1,,reviews_zenodo,,https://zenodo.org/records/16924532,static,,2026-09-13T06:19:18.696424+00:00,False
reviews_00927,مزرعة الزيتونة,,صراحه تجربه جميله جدا جدا واشكر المنظم عبدالله غانم علئ سواقته الجميله وشخصيتة اللطيفه,Al Bahah,حديقة,,,,1,,1,reviews_zenodo,,https://zenodo.org/records/16924532,static,,2026-09-13T06:19:18.696424+00:00,False
reviews_00928,مزرعة الزيتونة,,"المزرعه جميله جدا وممتعه للكبار والصغار، والمنظمين "" محمد وعبدالله ال جارالله "" مبدعين ما قصرو ف الخدمه والإرشاد وكل شيء",Al Bahah,حديقة,,,,1,1,1,reviews_zenodo,,https://zenodo.org/records/16924532,static,,2026-09-13T06:19:18.696424+00:00,False
reviews_00929,مزرعة الزيتونة,,جيتها قبل فتره صراحه اندهشت بالمكان والطيور والاحصصنه ماشاءالله تبارك الله كل ششيء جممميييل ويفتحح النفسس وكل الشكر لمدرب الاحصنه ابو فارس لحسن تعاونه معانا 🫶🏻 ...,Al Bahah,حديقة,,,1,1,1,1,reviews_zenodo,,https://zenodo.org/records/16924532,static,,2026-09-13T06:19:18.696424+00:00,False
reviews_00930,مزرعة الزيتونة,,المزرعه اكثر من رائعه وتعاملهم راقي جدا وبالأخص محمد الجارالله محترم جدا وخلوق,Al Bahah,حديقة,,,,1,1,1,reviews_zenodo,,https://zenodo.org/records/16924532,static,,2026-09-13T06:19:18.696424+00:00,False
reviews_00931,مزرعة الزيتونة,,المزرعه جميله جدا واشكر الاخ عبدالله الجارالله الشاب المتميز على الافاده بالمزرعه والشرح,Al Bahah,حديقة,,,,1,1,,reviews_zenodo,,https://zenodo.org/records/16924532,static,,2026-09-13T06:19:18.696424+00:00,False
reviews_00932,مزرعة الزيتونة,,المزرعه جدا جميله ولكن في ملاحظه بسيطه لو تم استبدال مكان المطعم يكون الكوفي ومكان قهوة الكهف المطعم يكون افضل,Al Bahah,حديقة,,,,,1,1,reviews_zenodo,,https://zenodo.org/records/16924532,static,,2026-09-13T06:19:18.696424+00:00,False
reviews_00933,مزرعة الزيتونة,,منتج سياحي اكثر منه مزرعه مكان رائع للتنزه والتسوق منتجات الزيتون حديقة طيور جلسات واطلاله وأكثر,Al Bahah,حديقة,,,1,,1,,reviews_zenodo,,https://zenodo.org/records/16924532,static,,2026-09-13T06:19:18.696424+00:00,False
reviews_00934,مزرعة الزيتونة,,موظفة الاستقبال محترمة جدا وتعاملها راقي 💗💗 مكان جميل جدا يستحق التجربة ...,Al Bahah,حديقة,,,,1,,1,reviews_zenodo,,https://zenodo.org/records/16924532,static,,2026-09-13T06:19:18.696424+00:00,False
reviews_00935,مزرعة الزيتونة,,المزرعه جميله وتستاهل الزيارة وشكر خاصه لسائق القولف هتان احرجنا ب اخلاقه مشاءالله ونعم التربيه ❤️❤️,Al Bahah,حديقة,,,,1,1,1,reviews_zenodo,,https://zenodo.org/records/16924532,static,,2026-09-13T06:19:18.696424+00:00,False
reviews_00936,مزرعة الزيتونة,,ماشاء الله للمرة الثانية ازورهم قمة في الاخلاق والاحترام من صاحب المزرعة واولادة واقاربة المتواجدين في المزرعة وكذالك صاحب المطعم انصح وبشدة زيارةالمزرعة الله يبارك لهم,Al Bahah,حديقة,,,,1,1,,reviews_zenodo,,https://zenodo.org/records/16924532,static,,2026-09-13T06:19:18.696424+00:00,False
reviews_00937,مزرعة الزيتونة,,من أجمل المزارع في المنطقه والتعامل فوق الخيال سائق القولف متعاون لاابعد درجه الف شكر,Al Bahah,حديقة,,,,1,1,,reviews_zenodo,,https://zenodo.org/records/16924532,static,,2026-09-13T06:19:18.696424+00:00,False
reviews_00938,مزرعة الزيتونة,,كانت زيارة مثرية فريدة اعتقد واجه القائمين عليها كثير من التحديات التي لم تثنيهم عن اخراجها بالشكل الجميل كذلك المنتجات ذات جودة عالية والاجمل زراعة نباتات مثمرة من غير هذه البيئة,Al Bahah,حديقة,,,,1,1,,reviews_zenodo,,https://zenodo.org/records/16924532,static,,2026-09-13T06:19:18.696424+00:00,False
reviews_00939,مزرعة الزيتونة,,جميل جدا الله يبارك لهم في هالمزرعة,Al Bahah,حديقة,,,,,1,1,reviews_zenodo,,https://zenodo.org/records/16924532,static,,2026-09-13T06:19:18.696424+00:00,False
reviews_00940,مزرعة الزيتونة,,المزرعة كبيرة جدا و فيها انشطة للأطفال و لعب و جلسات و مقهى . بالإضافة إلى الحيوانات و اطعامها فيه متعه كبيره للأطفال,Al Bahah,حديقة,,,1,,1,,reviews_zenodo,,https://zenodo.org/records/16924532,static,,2026-09-13T06:19:18.696424+00:00,False
reviews_00941,مزرعة الزيتونة,,اشكر الاخ عبدالله سعد على حسن التعامل والخدمة الرائعة وكذلك الشاب الخلوق محمد ال جارالله يعطيهم العافيه على جهودهم 🙏🏻💙 ...,Al Bahah,حديقة,,,,1,,1,reviews_zenodo,,https://zenodo.org/records/16924532,static,,2026-09-13T06:19:18.696424+00:00,False
reviews_00942,مزرعة الزيتونة,,يستحق الزيارة فيه كثير من الفعاليات المناسبه للعائله,Al Bahah,حديقة,,,1,,,1,reviews_zenodo,,https://zenodo.org/records/16924532,static,,2026-09-13T06:19:18.696424+00:00,False
reviews_00943,مزرعة الزيتونة,,المزرعة ما شاء الله جدا ممتازة تستحق الزيارة والسياحه انصح بها,Al Bahah,حديقة,,,,,1,1,reviews_zenodo,,https://zenodo.org/records/16924532,static,,2026-09-13T06:19:18.696424+00:00,False
reviews_00944,مزرعة الزيتونة,,المكان جمييييل ويستاهل الزياره واشكر المنظم عبدالله سعد على التعامل الطيب و الرحب,Al Bahah,حديقة,,,,1,1,1,reviews_zenodo,,https://zenodo.org/records/16924532,static,,2026-09-13T06:19:18.696424+00:00,False
reviews_00945,مزرعة الزيتونة,,المزرعه ممتازه وحلوه وتستحق الزياره وزادها جمالا تعامل الابن محمد سعيد الجارالله اسال الله له التوفيق,Al Bahah,حديقة,,,,1,1,1,reviews_zenodo,,https://zenodo.org/records/16924532,static,,2026-09-13T06:19:18.696424+00:00,False
reviews_00946,مزرعة الزيتونة,,الموظف عبدالله غانم ممتاز فالتعامل جدا و اسلوبه راقي و شكرا لكم على حسن التعامل,Al Bahah,حديقة,,,,1,,1,reviews_zenodo,,https://zenodo.org/records/16924532,static,,2026-09-13T06:19:18.696424+00:00,False
reviews_00947,مزرعة الزيتونة,,المكان جميل جدا و اشكر عبدالله غانم على حسن الاستقبال,Al Bahah,حديقة,,,,1,1,,reviews_zenodo,,https://zenodo.org/records/16924532,static,,2026-09-13T06:19:18.696424+00:00,False
reviews_00948,مزرعة الزيتونة,,المكان جدا رائع واشكر المشرف عبدالله غانم على حسن التعامل,Al Bahah,حديقة,,,,1,1,,reviews_zenodo,,https://zenodo.org/records/16924532,static,,2026-09-13T06:19:18.696424+00:00,False
reviews_00949,مزرعة الزيتونة,,سايس الخيل قمة فالأخلاق السيد ابو فارس فرفوش مع الأطفال و صاحب قلب طيب الله يوفقه وين ما كان الصراحه هو مكسب للمزرعه👏👏👏 ...,Al Bahah,حديقة,,,,1,1,1,reviews_zenodo,,https://zenodo.org/records/16924532,static,,2026-09-13T06:19:18.696424+00:00,False
reviews_00950,مزرعة الزيتونة,,مزرعة سياحيه متكامله و خدمه ممتازه و يخص بالذكر المختص في الأحصنه ابو فارس لأخلاقه و دماثة اخلاقه مع الاطفال.,Al Bahah,حديقة,,,,1,1,1,reviews_zenodo,,https://zenodo.org/records/16924532,static,,2026-09-13T06:19:18.696424+00:00,False
reviews_00951,مزرعة الزيتونة,,مره رهيبة صراحة تستحق الدعم انصحكم فيها ماشاءالله تبارك الله انشاء نجيها مره ثانية,Al Bahah,حديقة,,,,,1,1,reviews_zenodo,,https://zenodo.org/records/16924532,static,,2026-09-13T06:19:18.696424+00:00,False
reviews_00952,مزرعة الزيتونة,,بصراحه المكان فخم والي محلي حق الخيول(ابوفارس❤️❤️),Al Bahah,حديقة,,,,1,1,1,reviews_zenodo,,https://zenodo.org/records/16924532,static,,2026-09-13T06:19:18.696424+00:00,False
reviews_00953,مزرعة الزيتونة,,اشكر محمد الجارالله ع الاخلاق والتفاعل مع الزوار ماشاءالله المزرعه تطورت وصارت احسن بكثيير,Al Bahah,حديقة,,,,1,1,1,reviews_zenodo,,https://zenodo.org/records/16924532,static,,2026-09-13T06:19:18.696424+00:00,False
reviews_00954,مزرعة الزيتونة,,مكان جميل يمكن قضاء بعض الوقت فيه مع العائله وزيارة حديقة الطيور والاستمتاع بالمواقع الاخرى,Al Bahah,حديقة,,,1,,1,1,reviews_zenodo,,https://zenodo.org/records/16924532,static,,2026-09-13T06:19:18.696424+00:00,False
reviews_00955,مزرعة الزيتونة,,مزرعه جميله جدا تستحق الزياره,Al Bahah,حديقة,,,,,1,1,reviews_zenodo,,https://zenodo.org/records/16924532,static,,2026-09-13T06:19:18.696424+00:00,False
reviews_00956,مزرعة الزيتونة,,المزرعة جميلة وتستاهل الزيارة وتعامل الموظفين اكثر من رائع وخاصة موظف الرماية,Al Bahah,حديقة,,,,1,1,1,reviews_zenodo,,https://zenodo.org/records/16924532,static,,2026-09-13T06:19:18.696424+00:00,False
reviews_00957,مزرعة الزيتونة,,اي احد موجود بالباحة لازم يزورها مكان جميل متعوب عليه يستحق الزيارة نظافة وتنظيم وترتيب,Al Bahah,حديقة,,1,,1,1,1,reviews_zenodo,,https://zenodo.org/records/16924532,static,,2026-09-13T06:19:18.696424+00:00,False
reviews_00958,مزرعة الزيتونة,,ماشاء الله تعامل راقي وفطور فخم وأيضا خدمة سيارات جولف . أبو فارس شكرا جزيلا على احلى جولة .,Al Bahah,حديقة,,,1,1,1,1,reviews_zenodo,,https://zenodo.org/records/16924532,static,,2026-09-13T06:19:18.696424+00:00,False
reviews_00959,مزرعة الزيتونة,,مكان يفتح النفس يوجد كثير من جلسات عوايل وشكر,Al Bahah,حديقة,,,1,,1,1,reviews_zenodo,,https://zenodo.org/records/16924532,static,,2026-09-13T06:19:18.696424+00:00,False
reviews_00960,مزرعة الزيتونة,,زرت المزرعة مرا استمعت واشكر الشباب الموجودين ساعدونا كثير بالاخص محمد وعبدالله ال جارالله الله يوفقهم 👏🏻⭐️ ...,Al Bahah,حديقة,,,,1,1,1,reviews_zenodo,,https://zenodo.org/records/16924532,static,,2026-09-13T06:19:18.696424+00:00,False
reviews_00961,مزرعة الزيتونة,,اشكر محمد وعبدالله الجارالله محترمين ومتفانين في شغلهم الله يوفقهم والمزرعه تستحق الزياره,Al Bahah,حديقة,,,,1,1,1,reviews_zenodo,,https://zenodo.org/records/16924532,static,,2026-09-13T06:19:18.696424+00:00,False
reviews_00962,مزرعة الزيتونة,,تجربة عائلية متنوعه وممتعه,Al Bahah,حديقة,,,,,1,1,reviews_zenodo,,https://zenodo.org/records/16924532,static,,2026-09-13T06:19:18.696424+00:00,False
reviews_00963,مزرعة الزيتونة,,مزرعة مرتبة وفيها خيول ودبابات وطيور وابقار واغنام ومعصرة زيتون وجلسات ومزارع اسماك وبط,Al Bahah,حديقة,,,1,,1,,reviews_zenodo,,https://zenodo.org/records/16924532,static,,2026-09-13T06:19:18.696424+00:00,False
reviews_00964,مزرعة الزيتونة,,المزرعه جميله وتستحق الزياره واشكر المشرف رقم ٦ مشرف محمد جارالله,Al Bahah,حديقة,,,,1,1,,reviews_zenodo,,https://zenodo.org/records/16924532,static,,2026-09-13T06:19:18.696424+00:00,False
reviews_00965,مزرعة الزيتونة,,تجربة ممتعه جدا ومكان مره حلو انصح بزيارته,Al Bahah,حديقة,,,,,1,1,reviews_zenodo,,https://zenodo.org/records/16924532,static,,2026-09-13T06:19:18.696424+00:00,False
reviews_00966,مزرعة الزيتونة,,ما شاء الله مكان ولا اروع و راعي الاحصنه ( ابوفارس ) تعامله حلو❤️.,Al Bahah,حديقة,,,,1,1,1,reviews_zenodo,,https://zenodo.org/records/16924532,static,,2026-09-13T06:19:18.696424+00:00,False
reviews_00967,مزرعة الزيتونة,,المكان جدا رائع فوق الخيال,Al Bahah,حديقة,,,,,1,1,reviews_zenodo,,https://zenodo.org/records/16924532,static,,2026-09-13T06:19:18.696424+00:00,False
reviews_00968,مزرعة الزيتونة,,"المكان مرة واو ويهبل مرة والموظفين السعوديين يجننون وتعاملهم رهيب ومرتب جدا , خصوصا الموظفة فجر مررررة تعاملها رهيب تعاملها يزين المكان تفتح النفس وبشوشه الله يسعدها يارب🤍 ...",Al Bahah,حديقة,,,,1,1,,reviews_zenodo,,https://zenodo.org/records/16924532,static,,2026-09-13T06:19:18.696424+00:00,False
reviews_00969,مزرعة الزيتونة,,لقد زرت مزرعة الزيتونه بالباحه في تايخ 14/8/2023 وكانت زياره رائعه ومميزه . استمتعنا بحديقة الطيور واطعامها كذلك زيارة كهف الزيتونه كانت الجلسات رائعه ورايقه ايضا يوجد فيها خدمة التنقل بسيارات القولف للزوار . نشكر صاحب المزرعه على التنظيم والترتيب صراحه جهد يشكر عليه.,Al Bahah,حديقة,,,1,1,1,1,reviews_zenodo,,https://zenodo.org/records/16924532,static,,2026-09-13T06:19:18.696424+00:00,False
reviews_00970,مزرعة الزيتونة,,يستحق الزيارة صراحة، الفطور جدا لذيذ,Al Bahah,حديقة,,,,,1,1,reviews_zenodo,,https://zenodo.org/records/16924532,static,,2026-09-13T06:19:18.696424+00:00,False
reviews_00971,مزرعة الزيتونة,,مكان جميل وخدماتهم جميله واشكر الموظف عبدالله الغانم 🫱🏻‍🫲🏼❤️ ...,Al Bahah,حديقة,,,,1,1,,reviews_zenodo,,https://zenodo.org/records/16924532,static,,2026-09-13T06:19:18.696424+00:00,False
reviews_00972,مزرعة الزيتونة,,افضل مكان سياحي ونشكر الموظف هاني كان ممتاز معنى,Al Bahah,حديقة,,,,1,1,,reviews_zenodo,,https://zenodo.org/records/16924532,static,,2026-09-13T06:19:18.696424+00:00,False
reviews_00973,مزرعة الزيتونة,,من افضل الاماكن السياحه واشكر الاخ سعد عبدالله اللي وصلني وعطاني نبذه عن المكان,Al Bahah,حديقة,,,,1,1,,reviews_zenodo,,https://zenodo.org/records/16924532,static,,2026-09-13T06:19:18.696424+00:00,False
reviews_00974,مزرعة الزيتونة,,جميله وممتعه وتستحق الزياره مره اخرى موفقين,Al Bahah,حديقة,,,,,1,1,reviews_zenodo,,https://zenodo.org/records/16924532,static,,2026-09-13T06:19:18.696424+00:00,False
reviews_00975,مزرعة الزيتونة,,يشكر صاحب هذه المزرعه على اهتمام وتنسيقه بس لازم يهتم في اصحاب الهمم,Al Bahah,حديقة,,,1,,1,,reviews_zenodo,,https://zenodo.org/records/16924532,static,,2026-09-13T06:19:18.696424+00:00,False
reviews_00976,مزرعة الزيتونة,,مزرعه رائعه جدا وأخص بالشكر الاستاذ محمد,Al Bahah,حديقة,,,,1,1,,reviews_zenodo,,https://zenodo.org/records/16924532,static,,2026-09-13T06:19:18.696424+00:00,False
reviews_00977,مزرعة الزيتونة,,ماشاء الله تبارك الله قمة في الذوق و التعامل ماشاء الله تبارك الله والمكان شرح جميل جدا جدا ماشاء الله,Al Bahah,حديقة,,,,1,1,1,reviews_zenodo,,https://zenodo.org/records/16924532,static,,2026-09-13T06:19:18.696424+00:00,False
reviews_00978,مزرعة الزيتونة,,المكان جميل وعبدالله الغانم اخلاق وسواقته رهيبه وفنانه,Al Bahah,حديقة,,,,1,1,,reviews_zenodo,,https://zenodo.org/records/16924532,static,,2026-09-13T06:19:18.696424+00:00,False
reviews_00979,مزرعة الزيتونة,,جميله جميله جميله جدا تبارك الرحمن ♥️واضححح الاهتمام فيها,Al Bahah,حديقة,,,,,1,1,reviews_zenodo,,https://zenodo.org/records/16924532,static,,2026-09-13T06:19:18.696424+00:00,False
reviews_00980,مزرعة الزيتونة,,المكان جميل جدا ♥️😍 ونشكر الاخ عبدالله سعد ...,Al Bahah,حديقة,,,,1,1,,reviews_zenodo,,https://zenodo.org/records/16924532,static,,2026-09-13T06:19:18.696424+00:00,False
reviews_00981,مزرعة الزيتونة,,المكان فاق توقعاتي بصراحة، ماتوقعت استمتع قد كذا كل شيء كان مرتب وجميل وواضح الاهتمام بجميع التفاصيل😍، رحنا الصباح بدري الساعة ٦ تماما اول ما فتحت، الدخول للشخص ب ٢٠ ريال والفطور ب ١٠٠ ريال عبارة عن ٧ اطباق كل الاطباق لذيييذة بالذات ...,Al Bahah,حديقة,1,,,,1,,reviews_zenodo,,https://zenodo.org/records/16924532,static,,2026-09-13T06:19:18.696424+00:00,False
reviews_00982,مزرعة الزيتونة,,تجربتي اليوم ماكانت راح تكون بهذا الجمال لو ماكان المشرف أحمد معانا الله يعطيه العافية ماقصر ابد,Al Bahah,حديقة,,,,1,1,1,reviews_zenodo,,https://zenodo.org/records/16924532,static,,2026-09-13T06:19:18.696424+00:00,False
reviews_00983,مزرعة الزيتونة,,مزرعة جميلة جدا واشكر المنظم عبدالله سعد على حسن التعامل والخلق,Al Bahah,حديقة,,,,1,1,,reviews_zenodo,,https://zenodo.org/records/16924532,static,,2026-09-13T06:19:18.696424+00:00,False
reviews_00984,مزرعة الزيتونة,,ما شاء الله المكان رايق والموظفين عسل خصوصا عبدالله,Al Bahah,حديقة,,,,1,1,,reviews_zenodo,,https://zenodo.org/records/16924532,static,,2026-09-13T06:19:18.696424+00:00,False
reviews_00985,مزرعة الزيتونة,,مرا المكان حلو و ان شاء الله ما تكون آخر مرا 👌🏼 ...,Al Bahah,حديقة,,,,,1,1,reviews_zenodo,,https://zenodo.org/records/16924532,static,,2026-09-13T06:19:18.696424+00:00,False
reviews_00986,مزرعة الزيتونة,,المزرعة ١٠ على ١٠ ، ماشاءالله ترتيب و نظافه على مستوى عالي,Al Bahah,حديقة,,1,,,1,,reviews_zenodo,,https://zenodo.org/records/16924532,static,,2026-09-13T06:19:18.696424+00:00,False
reviews_00987,مزرعة الزيتونة,,مكان يستحق الزياره اشكر الموظفين الشاب عبدالله الغامدي والشاب محمد الغامدي على حسن التعامل,Al Bahah,حديقة,,,,1,1,1,reviews_zenodo,,https://zenodo.org/records/16924532,static,,2026-09-13T06:19:18.696424+00:00,False
reviews_00988,مزرعة الزيتونة,,من اجمل المزارات السياحية في منطقة الباحة . إدارة المزرعة مهتمة في أدق التفاصيل . خيارات متنوعة لأكثر من 14 نشاط . ...,Al Bahah,حديقة,,,1,,1,1,reviews_zenodo,,https://zenodo.org/records/16924532,static,,2026-09-13T06:19:18.696424+00:00,False
reviews_00989,مزرعة الزيتونة,,المكان حلو مره والتقيم 10من10 انصح الزياره,Al Bahah,حديقة,,,,,1,1,reviews_zenodo,,https://zenodo.org/records/16924532,static,,2026-09-13T06:19:18.696424+00:00,False
reviews_00990,مزرعة الزيتونة,,اشكر المنظم محمد ال جار الله على حسن التعامل والمنطوق وتجربه جميله جدا.,Al Bahah,حديقة,,,,1,,1,reviews_zenodo,,https://zenodo.org/records/16924532,static,,2026-09-13T06:19:18.696424+00:00,False
reviews_00991,مزرعة الزيتونة,,من أشهر وأميز الأماكن السياحية في الباحة .. ما شاء الله تبارك الله المزرعة في تطور مستمر، أتمنى لهم التوفيق والمزيد من النجاح.. والعاملين جميعهم متعاونين وتعاملهم جدا راقي شكرا لهم وشكرا لأبو فارس سائق القولف .. أتمنى زيادة انتاج ومنتجات ...,Al Bahah,حديقة,,,,1,1,1,reviews_zenodo,,https://zenodo.org/records/16924532,static,,2026-09-13T06:19:18.696424+00:00,False
reviews_00992,مزرعة الزيتونة,,مزرعه جميله جدا ومرتبه وتستحق الزيارة,Al Bahah,حديقة,,,,,1,1,reviews_zenodo,,https://zenodo.org/records/16924532,static,,2026-09-13T06:19:18.696424+00:00,False
reviews_00993,مزرعة الزيتونة,,مشاء الله تبارك الله ربي يبارك لصاحبها مزرعة في قمة الترتيب والنظافة والعناية تستاهل المشوار لها تعامل جميع الموظفين رائع وبالذات ابو فارس.. ظلو اطفالي يرددو كلامه حاحه وتفاحه كثير انبسطو اطفالي بالطيور والالعاب.. والشكر لجميع القائمين عليها..,Al Bahah,حديقة,,1,1,1,1,1,reviews_zenodo,,https://zenodo.org/records/16924532,static,,2026-09-13T06:19:18.696424+00:00,False
reviews_00994,مزرعة الزيتونة,,الشباب الموجودين يعطيهم العافيه عبدالله سعد ومحمد ال جارالله خدومين ويساعدون الكل 👏🏻⭐️ ...,Al Bahah,حديقة,,,,1,,1,reviews_zenodo,,https://zenodo.org/records/16924532,static,,2026-09-13T06:19:18.696424+00:00,False
reviews_00995,مزرعة المربد,,المزرعة تستحق الزياره يمكن رحت لها ثلاث مرات ورا بعض جميييله مره وراحه نفسيه خصوصا انه مافيها موسيقى اهنيهم الله يطرح لصاحبها البركه كانت زيارتي بالصيف بس ماشاء الله التكييف بكل مكان مع الرذاذ ... الدخول مجانا ممنوع دخول القهوه والشاي .. ...,Madinah,حديقة,,,,,1,1,reviews_zenodo,,https://zenodo.org/records/16924532,static,,2026-09-13T06:19:18.696424+00:00,False
reviews_00996,مزرعة المربد,,تقييمي للمكان يستحق أكثر من خمس نجوم .. من أروع الأماكن في المدينة المنورة التي تستحق الزيارة وقضاء وقت جميل مع العائلة والأطفال في أجواء خيالية مع ان وقت زيارتي كانت في الصيف الا أن المكان جميل جدا بفضل الرذاذ وتنسيق المكان المتعوب عليه ...,Madinah,حديقة,,,,,1,1,reviews_zenodo,,https://zenodo.org/records/16924532,static,,2026-09-13T06:19:18.696424+00:00,False
reviews_00997,مزرعة المربد,,من اجمل الاماكن الطبيعية بالمدينة 🤩👏 واتمنى لو فيه مزارع بهالمستوى داخل المدينة ...,Madinah,حديقة,,,,,1,1,reviews_zenodo,,https://zenodo.org/records/16924532,static,,2026-09-13T06:19:18.696424+00:00,False
reviews_00998,مزرعة المربد,,صراحة الموقع جميل ومرتب ونظيف ولكن يعبيه المبالغه بالأسعار جدا مرتفعه بيت الارانب وحديقة الطيور عشان عيالي يدخلون لازم ادخل معاهم 100 ريال تكلفة ...,Madinah,حديقة,-1,1,,,1,,reviews_zenodo,,https://zenodo.org/records/16924532,static,,2026-09-13T06:19:18.696424+00:00,False
reviews_00999,مزرعة المربد,,المكان جميل جدا ويجيب الراحه وموجود رشاشات مويه عشان تخفف من حرارة الجو، مليان كافيهات ومطاعم ماتتعبوا وانتم تدوروا شي يعجبكم ، شاي ناي الذ شاي ذقته بحياتي والبنت مرا عسل واخلاق الله يعطيها العافيه,Madinah,حديقة,,,1,1,1,,reviews_zenodo,,https://zenodo.org/records/16924532,static,,2026-09-13T06:19:18.696424+00:00,False
reviews_01000,مزرعة المربد,,المكان جميل مافي شي مميز لاكن ممكن تقضي فيه وقت العاب الاطفال ضعيفه جدا يوجد منطقه الارانب مفكره جميله لاكن الموظفين المسؤولين عنها وخاصه الي بداخل تعامل جدا سيئ المشكله تعاملهم مع اطفال ومحاميه الطيور العكس المنصفين جدا بشوشين وخاصه ...,Madinah,حديقة,,,,-1,1,,reviews_zenodo,,https://zenodo.org/records/16924532,static,,2026-09-13T06:19:18.696424+00:00,False
reviews_01001,مزرعة المربد,,مكان جميل ومميز ومرتب ،، من أجمل المزارع في المنطقة انصح بزيارته ،، ...,Madinah,حديقة,,,,,1,1,reviews_zenodo,,https://zenodo.org/records/16924532,static,,2026-09-13T06:19:18.696424+00:00,False
reviews_01002,مزرعة المربد,,زبمكان جميل جدا ونظيف وفيه من القدامه والحداثه متيمتع البصر والنفس تنوع المطاعم جدا جميل ورائع وايضا اماكن العاي الاطفال بعيده عن الجلسات اعطى شعور بالراحه والهدوء,Madinah,حديقة,,1,1,,1,1,reviews_zenodo,,https://zenodo.org/records/16924532,static,,2026-09-13T06:19:18.696424+00:00,False
reviews_01003,مزرعة المربد,,المكان جميل. وراااااايق ومرتب وفيه مقاهي و مطاعم وجلسات جميلة جدا,Madinah,حديقة,,,1,,1,,reviews_zenodo,,https://zenodo.org/records/16924532,static,,2026-09-13T06:19:18.696424+00:00,False
reviews_01004,مزرعة المربد,,تجربة لا بأس بها الموقع عبارة عن مجموعة خدمات من مطاعم و جلسات و ايسكريم و حديقة طيور وألعاب أطفال و غيرها من الخدمات الدخول مجانا لكن بالداخل كل خدمة بقيمتها,Madinah,حديقة,,,1,,,0,reviews_zenodo,,https://zenodo.org/records/16924532,static,,2026-09-13T06:19:18.696424+00:00,False
reviews_01005,مزرعة المربد,,تجربة جديدة ومكان جميل وخيارات متعددة من كافيهات ومطاعم ومحميات متعددة وفعاليات عديدة من الالعاب والدخول مجانا بس في الاجواء الحارة غير مناسبة تحتاج تهوية والجلسات تحتاج تكييف,Madinah,حديقة,,,1,,1,0,reviews_zenodo,,https://zenodo.org/records/16924532,static,,2026-09-13T06:19:18.696424+00:00,False
reviews_01006,مزرعة المربد,,المزرعة ممتاز ونظيفها يوجد فيها مطاعم وكافيهات معروفة كشكات العاب الاطفال محمية طيور كان اليوم زحمه تكون بدري موجود عشان تحجز في اي مطعم افطار في رمضان الاسعار في بعض المطاعم معقوله في. مطعم ريف المكان ممتاز بصراحه الإفطار كل شئ عندهم طازج,Madinah,حديقة,,1,1,,1,1,reviews_zenodo,,https://zenodo.org/records/16924532,static,,2026-09-13T06:19:18.696424+00:00,False
reviews_01007,مزرعة المربد,,جميييييل ومنظم وينفع للعائلات منتزه كبير وراقي فيه العديد من الكشكات الصغيره للاكل والمشروبات ومطعم وكافيهات بمساحات كبيره للجلوس..,Madinah,حديقة,,,1,,1,,reviews_zenodo,,https://zenodo.org/records/16924532,static,,2026-09-13T06:19:18.696424+00:00,False
reviews_01008,مزرعة المربد,,بصراحة أهنيهم على النظافة والترتيب والأجواء الجميلة الجو براد وتنوع من المطاعم والكفيهات والعاب اطفال واستقبال جميل بصراحة اي واحد يزور المدينة يفضل يزورهم,Madinah,حديقة,,1,1,,1,1,reviews_zenodo,,https://zenodo.org/records/16924532,static,,2026-09-13T06:19:18.696424+00:00,False
reviews_01009,مزرعة المربد,,مكان جدا جميل وسياحي بالمدينه المنوره يوجد مقاهي ومطاعم ومنطقة العاب وكشكات محلات,Madinah,حديقة,,,1,,1,,reviews_zenodo,,https://zenodo.org/records/16924532,static,,2026-09-13T06:19:18.696424+00:00,False
reviews_01010,مزرعة المربد,,احب هدا المكان جدا لانه جميل وفيه خيارات متعدده وكل مره ازوره الاقي شي جديد ياريت يفتح الصبح ويعملو فطور حيكون رايق وجميل,Madinah,حديقة,,,1,,1,1,reviews_zenodo,,https://zenodo.org/records/16924532,static,,2026-09-13T06:19:18.696424+00:00,False
reviews_01011,مزرعة المربد,,زرت مزرعة المربد بالمدينه المنوره من افضل المنتزهات التي شاهدت ماشاءالله تبارك الله ربي يبارك لصاحبها انصح الجميع بزيارة مزرعة المربد حيث جميع ما تحتاجه تجده من كوفيهات ومطاعم وجلسات رائعه ١٠/١٠ احترامي وتقديري .,Madinah,حديقة,,,1,,1,1,reviews_zenodo,,https://zenodo.org/records/16924532,static,,2026-09-13T06:19:18.696424+00:00,False
reviews_01012,مزرعة المربد,,الصراحه مررره تهبل وحلوة اجوائها تجننن💕💕 حبيت تعدد الكوفيهات والجسر فكرتة مره حلوه وعندهم كشكات اكل مرره تهبل واكلها حلو ...,Madinah,حديقة,,,1,,1,,reviews_zenodo,,https://zenodo.org/records/16924532,static,,2026-09-13T06:19:18.696424+00:00,False
reviews_01013,مزرعة المربد,,ماشاءالله مزرعة جميلة فيها جلسات رايقة و كوفيات وفيها قسم ملاهي اطفال.. الصراحة مكان متكامل👍🏻 أخذنا قهوة و فرنش توست وكيكة تمر وآيسكربم وشاي مديني ..من كوفي ( عجوتك) لذيذات ...,Madinah,حديقة,,,1,,1,,reviews_zenodo,,https://zenodo.org/records/16924532,static,,2026-09-13T06:19:18.696424+00:00,False
reviews_01014,مزرعة المربد,,مكان سياحي جميل وهادىء ينفع للشباب والعائلات جربت محل عطرة جدا ممييز انصح بشرب الشاي عندهم والحلا,Madinah,حديقة,,,1,,1,,reviews_zenodo,,https://zenodo.org/records/16924532,static,,2026-09-13T06:19:18.696424+00:00,False
reviews_01015,مزرعة المربد,,المكان جدا جميل ونظيف ومرتب فيه عدة مطاعم وكوفيهات وجلسات رايقه وتجنن ومتوفر دورات مياه ومتوفر مكان لالعاب الاطفال وايضا محميه طيور ب15الشخص ومحميه ارانب ب5اتوقع انصحكم فيه 👍🏻 ...,Madinah,حديقة,,1,1,,1,1,reviews_zenodo,,https://zenodo.org/records/16924532,static,,2026-09-13T06:19:18.696424+00:00,False
reviews_01016,مزرعة المربد,,تجربة جميلة ومميزة، فالمزرعة تحتوي على أركان متنوعة ومختلفة وتناسب جميع الأذواق، سواءا مطاعم أو كوفيهات أو محمية طيور وغيرها,Madinah,حديقة,,,1,,1,1,reviews_zenodo,,https://zenodo.org/records/16924532,static,,2026-09-13T06:19:18.696424+00:00,False
reviews_01017,مزرعة المربد,,مزرعه جميله جدا متكامله هدوء جميل من اجمل مزارع المدينه فيها مطاعم فخمه وعجوتك انصح بتجربته شيء جميل جدا خدمات عاليه ونظيفه جدا حديقة طيور جميله .,Madinah,حديقة,,1,1,,1,1,reviews_zenodo,,https://zenodo.org/records/16924532,static,,2026-09-13T06:19:18.696424+00:00,False
reviews_01018,مزرعة المربد,,مكان جميل ورايق ، مناسب لقضاء أوقات ممتعة مع العائلة، جربت آيسكريم عجوتك نكهة مميزة وتعامل طيب من الموظفين وتحديدا محمد فشكرا له. ويوجد مطاعم أخرى في المكان.,Madinah,حديقة,,,1,1,1,,reviews_zenodo,,https://zenodo.org/records/16924532,static,,2026-09-13T06:19:18.696424+00:00,False
reviews_01019,مزرعة المربد,,المكان رااااائع وياخذ العقل فيها كوفيهات ومطاعم وشررح واسعارهم حلوه وجلساتهم تفتح النفس اذا دخلت ماودك تطلع,Madinah,حديقة,1,,,,1,1,reviews_zenodo,,https://zenodo.org/records/16924532,static,,2026-09-13T06:19:18.696424+00:00,False
reviews_01020,مزرعة المربد,,المكان جميل و ممتع يعتبر متوسط الحجم ، الدخول مجاني ، فيه ترفيه للكبار وللصغار وتعتبر رخيصة ، فيه محمية طيور و أرانب و ممر لمطر صناعي بتذاكر رخيصة ايضا . يوجد عدة مقاهي بالحجز بعضها عن تطبيق My table وبعضها عند الوصول ، عدا عطره عن ...,Madinah,حديقة,1,,1,,1,,reviews_zenodo,,https://zenodo.org/records/16924532,static,,2026-09-13T06:19:18.696424+00:00,False
reviews_01021,مزرعة المربد,,المكان جميل جدا ويستاهل الزيارة والتكرار ( روقان ) عبارة عن العاب اطفال وكشكات ( ومطاعم وكوفيهات معروفة ),Madinah,حديقة,,,1,,1,1,reviews_zenodo,,https://zenodo.org/records/16924532,static,,2026-09-13T06:19:18.696424+00:00,False
reviews_01022,مزرعة المربد,,من اجمل وافضل وارتب المزارع الي دخلتها تجربه ممتعه صراحه. متوفر مطاعم ومقاهي ومحمية طيور و ارانب والعاب كهربائيه وجسر معلق . جمميله ومرتبه ومنظمه بشكل ممتاز جدا 👌. انصح في زيارتها والدخول مجانا والاسعار جيده. ...,Madinah,حديقة,1,,1,,1,1,reviews_zenodo,,https://zenodo.org/records/16924532,static,,2026-09-13T06:19:18.696424+00:00,False
reviews_01023,مزرعة المربد,,مزرعه كبيره وبداخلها كافيهات ومطاعم مثل رو وسرايا ورد يتم حجز المطاعم والكافيهات من خلال ماي تيبل جميله جدا واجواءها رائعه,Madinah,حديقة,,,1,,1,,reviews_zenodo,,https://zenodo.org/records/16924532,static,,2026-09-13T06:19:18.696424+00:00,False
reviews_01024,مزرعة المربد,,مكان جميل للعوائل والجلسات الهادئه مكان مفعم بالحياه والبساطه والطبيعه واصوات العصافير,Madinah,حديقة,,,1,,1,,reviews_zenodo,,https://zenodo.org/records/16924532,static,,2026-09-13T06:19:18.696424+00:00,False
reviews_01025,مزرعة المربد,,مزرعة كبيرة فيها ممرات وكوفيهات متنوعه منظر جميل في النهار والليل حجزنا من تطبيق ماي تيبل هادئة متكامله ممتعه للاطفال والكبار ماتمل من الحلسة مع الجو الحلو الدخول مجاني لكن الطلب برسوم,Madinah,حديقة,,,1,,1,1,reviews_zenodo,,https://zenodo.org/records/16924532,static,,2026-09-13T06:19:18.696424+00:00,False
reviews_01026,مزرعة المربد,,تجربة رائعة وتستحق الزياره يوجد بها العديد من المطاعم والكوفيهات ومحلات بسيطه فيها جسر معلق -محمية طيور بسيطه وممتعه للأطفال,Madinah,حديقة,,,1,,1,1,reviews_zenodo,,https://zenodo.org/records/16924532,static,,2026-09-13T06:19:18.696424+00:00,False
reviews_01027,مزرعة المربد,,المكان جمممميييل ججدا وفيه كوفيهات متنوعه واماكن العاب للاطفال وكذا محل تسوق ممتع يستحق الزيارة 👍🏻 ...,Madinah,حديقة,,,1,,1,1,reviews_zenodo,,https://zenodo.org/records/16924532,static,,2026-09-13T06:19:18.696424+00:00,False
reviews_01028,مزرعة المربد,,جمال وابداع وصفاء ذهني جربت عندهم شاي عطره رايق وشاي مديني وشاي حساوي جميل شاي عطره غريب ومميز يستاهل الزيارة,Madinah,حديقة,,,,,1,1,reviews_zenodo,,https://zenodo.org/records/16924532,static,,2026-09-13T06:19:18.696424+00:00,False
reviews_01029,مزرعة المربد,,المربد متنفس جميل لأهل المدينة المنورة وقاصديها يتمتع بكثير من المساحات الجميلة يستحق الزيارة وتكرارها لتغطية جميع الاونجات الموجودة يقدم كثير من المأكولات والمشروبات الباردة والساخنة والمشويات .. ...,Madinah,حديقة,,,1,,1,,reviews_zenodo,,https://zenodo.org/records/16924532,static,,2026-09-13T06:19:18.696424+00:00,False
reviews_01030,مزرعة المربد,,مرة حلو المكان ينفع عوائل وينفع أفراد في العاب أطفال وخيارات مختلفة من المقاهي والمطاعم وأحلى شي فيه محمية الطيور والأرانب وفي كمان مكان الرماية وRaw كافيه بس زحمة مووت وبالحجز من تطبيق mytable المهم المكان ترند شتاء 2023وفي فطور الصباح مطعم ابو أسيد,Madinah,حديقة,,,1,,1,,reviews_zenodo,,https://zenodo.org/records/16924532,static,,2026-09-13T06:19:18.696424+00:00,False
reviews_01031,مزرعة المربد,,مكان عائلي جميل ومريح لقضاء وقت ممتع مع العائلة مطعم سرايا ورد جلسات حلوه واكل جيد وخدمه ممتازه خصوصا من الاخ احمد عبدالعزيز. شكرا لكم.,Madinah,حديقة,,,1,1,1,,reviews_zenodo,,https://zenodo.org/records/16924532,static,,2026-09-13T06:19:18.696424+00:00,False
reviews_01032,مزرعة المربد,,المكان جميل والخدمه ممتازه بس الاسعار جدا غاليه,Madinah,حديقة,-1,,,1,1,,reviews_zenodo,,https://zenodo.org/records/16924532,static,,2026-09-13T06:19:18.696424+00:00,False
reviews_01033,مزرعة المربد,,المكان جدا جميل ورايق وهدوء وكل الخدمات متوفره الشيء السلبي فقط هو رائحة دورات المياه سيئة جدا,Madinah,حديقة,,-1,1,,1,,reviews_zenodo,,https://zenodo.org/records/16924532,static,,2026-09-13T06:19:18.696424+00:00,False
reviews_01034,مزرعة المربد,,المكان جميل ورايق الزرع والاشجار والشلالات وجداول الماء بكل مكان في كافيهات ومحلات والعاب اطفال والدخول مجاني ✨👌 ...,Madinah,حديقة,1,,1,,1,,reviews_zenodo,,https://zenodo.org/records/16924532,static,,2026-09-13T06:19:18.696424+00:00,False
reviews_01035,مزرعة المربد,,مكان جميل جلسات واماكن للمشي بين اشجار النخيل والاضاءة وبخات الرذاذ وتميز بوجود العديد من المطاعم واماكن القهوه والشاي والوجبات السريعه والعديد من الفعاليات للكبار والصغار,Madinah,حديقة,,,1,,1,,reviews_zenodo,,https://zenodo.org/records/16924532,static,,2026-09-13T06:19:18.696424+00:00,False
reviews_01036,مزرعة المربد,,الجمال يتجسد بالخضرة ، و التنوع في الكافيهات و المطاعم .. و يناسب كل الفئات و كل الاعمار .. وخاصة بالاجواء البارده او المعتدله ... الا اذا وفرت اجهزة تبريد .. ومكان جيد للزوار من خارج المدينة المنورة,Madinah,حديقة,,,1,,1,,reviews_zenodo,,https://zenodo.org/records/16924532,static,,2026-09-13T06:19:18.696424+00:00,False
reviews_01037,مزرعة المربد,,مكان عبارة عن مزرعة داخلها كافيهات ومطاعم ومتاجر وحديقة طيور وحديقة ارانب والعاب اطفال وهي مناسبة جدا خاصة للاطفال والعوائل ومواقف السيارات متاحة بالمجان ويوجد تبريد للمكان من خلال الرذاذ ... المكان مناسب ليلا ونهارا وجزاهم الله خيرا على عدم وجود أي صوت للموسيقى طوال الوقت والدخول فيها مجانا,Madinah,حديقة,1,,1,,1,1,reviews_zenodo,,https://zenodo.org/records/16924532,static,,2026-09-13T06:19:18.696424+00:00,False
reviews_01038,مزرعة المربد,,مكان جميل وهادي بين النخيل ووسط المزرعه تتنوع الكوفيات والمطاعم يوجد ساحه فيها بعض المحلات والألعاب الترفيهيه وحديقة حيوانات,Madinah,حديقة,,,1,,1,,reviews_zenodo,,https://zenodo.org/records/16924532,static,,2026-09-13T06:19:18.696424+00:00,False
reviews_01039,مزرعة المربد,,المزرعه حلوووه كبدايه لها ومرتبه مازال الشغل مستمر فيها تضم عدة كفيهات واجمل واحلى كوفي فيها كوفي عطره هذا لكوفي حلو وغالي ومرتب وسريعين في الخدمه قهوتهم لايعلى عليها القهوه العربيه السعوديه الطعمه مررره وحلاهم بعد وقطايرهم طعمه وخاصة ...,Madinah,حديقة,,,1,1,1,,reviews_zenodo,,https://zenodo.org/records/16924532,static,,2026-09-13T06:19:18.696424+00:00,False
reviews_01040,مزرعة المربد,,ماشاء الله تبارك الله مكان جميل ومرتب ونظيف يستحق الزياره ومكان مناسب للعائله ومتكامل مقاهي ومطاعم فقط ملاحظه على دورة المياه تحتاج توسعه,Madinah,حديقة,,1,0,,1,1,reviews_zenodo,,https://zenodo.org/records/16924532,static,,2026-09-13T06:19:18.696424+00:00,False
reviews_01041,مزرعة المربد,,من أجمل مازرت ومن أروع مارأت عيناي اكبر ميزه وهي عدم تشغيل الموسيقى واقدم لهم كل الاحترام على ذلك 🌷 ، مرتبة ونظيفة ومنوعة✨️! كل الشكر والتقدير للمالك. ...,Madinah,حديقة,,1,,,1,1,reviews_zenodo,,https://zenodo.org/records/16924532,static,,2026-09-13T06:19:18.696424+00:00,False
reviews_01042,مزرعة المربد,,المكان جميييل وخيارات متنوعة من الكافيات والمطاعم والمكان معتنى به بصورة ابداعية,Madinah,حديقة,,,1,,1,,reviews_zenodo,,https://zenodo.org/records/16924532,static,,2026-09-13T06:19:18.696424+00:00,False
reviews_01043,مزرعة المربد,,ما شاء الله تبارك الله .. الله يبارك لهم بحلالهم مزرعه متنوعه من الكفيات والجلسات .. مناسبه جدا للعوائل والاطفال .. كذلك يوجد ألعاب اطفال .. تستحق الزياره,Madinah,حديقة,,,1,,1,1,reviews_zenodo,,https://zenodo.org/records/16924532,static,,2026-09-13T06:19:18.696424+00:00,False
reviews_01044,مزرعة المربد,,مكان صغير لطيف يحتوي على عدة مطاعم وفعاليات للصغار,Madinah,حديقة,,,1,,1,,reviews_zenodo,,https://zenodo.org/records/16924532,static,,2026-09-13T06:19:18.696424+00:00,False
reviews_01045,مزرعة المربد,,جميلة وفيها مقاهي ومطاعم آنيقة تستحق الزيارة,Madinah,حديقة,,,1,,1,1,reviews_zenodo,,https://zenodo.org/records/16924532,static,,2026-09-13T06:19:18.696424+00:00,False
reviews_01046,مزرعة المربد,,المزرعة جميلة جدا ، فيها عدة كافيهات ومطعم ابو اسيد وبستان عطرة وعجوة والعاب اطفال ومحمية طبور وجلسات جميلة تحت اسجار النخيل ، توجد كشكات لبيع الوجبات الخفيفة والمشروبات ، الدخول مجانى لكن الكافيهات اغلبها تحتاج حجز لان زحام شديد ( يسمح بالجلوس بالكافى مدة ساعة )من مميزات المكان مافى موسيقى ، المكان نظيف مافى ناموس او ذباب .,Madinah,حديقة,,1,1,,1,1,reviews_zenodo,,https://zenodo.org/records/16924532,static,,2026-09-13T06:19:18.696424+00:00,False
reviews_01047,مزرعة المربد,,احلا شي انو صارت تفتح بالصباح رايق ومافي مره زحمه جربت عطره وريف ابو اسيد وعجوتك التجربه جميييله والدخول مجانا بالييل قالولي لازم حجز عشان الزحمه بس الصباح رحت بدون حجز🤍 ...,Madinah,حديقة,1,,,,1,,reviews_zenodo,,https://zenodo.org/records/16924532,static,,2026-09-13T06:19:18.696424+00:00,False
reviews_01048,مزرعة المربد,,مكان جميل وسط النخيل يستحق الزيارة ..يتوفر فيه مقهى عطرة وريف أبو أسيد و عجوتك و غيرها من المطاعم والمقاهي,Madinah,حديقة,,,1,,1,1,reviews_zenodo,,https://zenodo.org/records/16924532,static,,2026-09-13T06:19:18.696424+00:00,False
reviews_01049,مزرعة المربد,,المكان جميل و رشاشات الماء قوية و بكل مكان لكن يعيبه بعض الاسعار الغالية لاصحاب المحلات عن اسعارهم المعتادة في الخارج ، نصيحة لمربي الارانب في الحديقة ، حاول تجتهد اكثر من محاولتك لكسب الفلوس ، يعني ادخل انا وطفلي يعطوني سله فيها قشرتين جزر ...,Madinah,حديقة,-1,,,,1,1,reviews_zenodo,,https://zenodo.org/records/16924532,static,,2026-09-13T06:19:18.696424+00:00,False
reviews_01050,مزرعة المربد,,تستحق الزياره مرا روعه ومكيفه واجوائها تاخذ العقل,Madinah,حديقة,,,,,1,1,reviews_zenodo,,https://zenodo.org/records/16924532,static,,2026-09-13T06:19:18.696424+00:00,False
reviews_01051,مزرعة المربد,,مميزه تجربة ناجحة ملاحظة اسعار مبالغ فيها اتمنا تدخل وتحدد الاسعار لتكون في متناول الجميع وشكرا👌 ...,Madinah,حديقة,-1,,,,1,1,reviews_zenodo,,https://zenodo.org/records/16924532,static,,2026-09-13T06:19:18.696424+00:00,False
reviews_01052,مزرعة المربد,,‏تجربة جميلة جدا جدا جدا تناولنا الشاهي في عطرة وكان لذيذ لأبعد درجة درجة الخدمات والأجواء جميلة جدا مناسب للعائلة تجربة مميزة,Madinah,حديقة,,,,1,1,1,reviews_zenodo,,https://zenodo.org/records/16924532,static,,2026-09-13T06:19:18.696424+00:00,False
reviews_01053,مزرعة المربد,,المكان جدا رائع وهادي يستاهل الزيارة انصح فيه وبقوة,Madinah,حديقة,,,,,1,1,reviews_zenodo,,https://zenodo.org/records/16924532,static,,2026-09-13T06:19:18.696424+00:00,False
reviews_01054,مزرعة المربد,,مزرعه هاديه وجميله جدا ومريحه تنفع للعوائل والاطفال الخيارات كثيره وتوفر اماكن كثيير للاستقبال والجلوس فيها فعاليات جميله اوقات المواسم اذا رحت مره اكيد بتكرر الزياره,Madinah,حديقة,,,1,,1,1,reviews_zenodo,,https://zenodo.org/records/16924532,static,,2026-09-13T06:19:18.696424+00:00,False
reviews_01055,مزرعة المربد,,دخلناها وقت متأخر ، جميلة المزرعه ، الرذاذ مبرد علينا بس كثير ، الاسعار مرتفعه ، اقترح يوفروا كاسات للقهوه بدل الدله,Madinah,حديقة,-1,,,,1,1,reviews_zenodo,,https://zenodo.org/records/16924532,static,,2026-09-13T06:19:18.696424+00:00,False
reviews_01056,مزرعة المربد,,من اجمل الاماكن الجديدة والمميزة بالمدينة مكان وموقع ممتاز داخل المدينة فكررة رائعة واستمتاع باجواء المدينة داخل المزرعة🌷 ...,Madinah,حديقة,,,,,1,1,reviews_zenodo,,https://zenodo.org/records/16924532,static,,2026-09-13T06:19:18.696424+00:00,False
reviews_01057,مزرعة المربد,,موقع رايق يستاهل الزياره فيه جلسات عطره مره ممتازه,Madinah,حديقة,,,,,1,1,reviews_zenodo,,https://zenodo.org/records/16924532,static,,2026-09-13T06:19:18.696424+00:00,False
reviews_01058,مزرعة المربد,,كانت زياره جيدة فيها شوي من المتعه الدخول كان مجاني في عدة اقسام الزراعه والطيور والالعاب ويضا كانت فيه ركنات كثيره اكلات وقهاوي رسوم دخول محمية الطيور ١٥ ريال للشخص ماكانت فيه طيور من انواع كثيره لكن استمتعنا,Madinah,حديقة,,,1,,0,0,reviews_zenodo,,https://zenodo.org/records/16924532,static,,2026-09-13T06:19:18.696424+00:00,False
reviews_01059,مزرعة المربد,,المكان جدا جميل و لطيف رايق جدا انبسطنا فيه انا و زوجي والاكل لذيذ 👍🏻💘💘 ...,Madinah,حديقة,,,,,1,1,reviews_zenodo,,https://zenodo.org/records/16924532,static,,2026-09-13T06:19:18.696424+00:00,False
reviews_01060,مزرعة المربد,,باختصار مكان يفتح النفس وكافيهات جميلة وفيها فعاليات خفيفة زي محمية الطيور والرماية,Madinah,حديقة,,,1,,1,,reviews_zenodo,,https://zenodo.org/records/16924532,static,,2026-09-13T06:19:18.696424+00:00,False
reviews_01061,مزرعة المربد,,بصراحة المزرعة اجمل مما توقعت ، والدخول كان بلا رسوم.. فيها تنوع مابين المطاعم والكافيهات .. والطابع الريفي فيها جميل جدا.. مع ان الجو كان حااار لكن رذاذ الماء والمراوح ومكيفات بعض الكافيهات جعلت الجو لطيف وجميل .. تستحق الزيارة,Madinah,حديقة,,,1,,1,,reviews_zenodo,,https://zenodo.org/records/16924532,static,,2026-09-13T06:19:18.696424+00:00,False
reviews_01062,مزرعة المربد,,جميل المكان جدا والتنزه فيه جميل يستحق التجربة,Madinah,حديقة,,,,,1,1,reviews_zenodo,,https://zenodo.org/records/16924532,static,,2026-09-13T06:19:18.696424+00:00,False
reviews_01063,مزرعة المربد,,للاسف انو الفكره جميله ف التنفيذ لكن سيئه للغايه ف الخدمه واستيعاب الناس فمثلا ف مقهي عطره خدمه بطيئه وتكاد معدومه جلسنا قرابه الساعه عشان احد ياخذ الطلب او يعبرنا ...,Madinah,حديقة,,,,-1,1,,reviews_zenodo,,https://zenodo.org/records/16924532,static,,2026-09-13T06:19:18.696424+00:00,False
reviews_01064,مزرعة المربد,,المكان حلو للعائلة والاصحاب في مطاعم حلوة ومتنوعة وجلسات مختلفة والعاب للاطفال ومكان فيه ارانب,Madinah,حديقة,,,1,,1,,reviews_zenodo,,https://zenodo.org/records/16924532,static,,2026-09-13T06:19:18.696424+00:00,False
reviews_01065,مزرعة المربد,,المكان جميل خاصه وقت المغرب فيه مجموعة كوفيات و فيه محمية طيور و ارانب و بعض الالعاب و المحلات الصغيره,Madinah,حديقة,,,1,,1,,reviews_zenodo,,https://zenodo.org/records/16924532,static,,2026-09-13T06:19:18.696424+00:00,False
reviews_01066,مزرعة المربد,,المكان جميل و كبيير فيه كذا كوفي و كذا مطعم ف وسط الاسبوع يكون رايق و م فيه زحمه مكان يستحق الزياره,Madinah,حديقة,,,1,,1,1,reviews_zenodo,,https://zenodo.org/records/16924532,static,,2026-09-13T06:19:18.696424+00:00,False
reviews_01067,مزرعة المربد,,مكان جميل ومميز ومتنوع من مطاعم وكافيهات يستاهل التجربة,Madinah,حديقة,,,1,,1,1,reviews_zenodo,,https://zenodo.org/records/16924532,static,,2026-09-13T06:19:18.696424+00:00,False
reviews_01068,مزرعة المربد,,المزرعه تجنننن وانصح فيها بالشتاء اكثر من الصيف وكوفي row من أجمل الموجودين,Madinah,حديقة,,,1,,1,1,reviews_zenodo,,https://zenodo.org/records/16924532,static,,2026-09-13T06:19:18.696424+00:00,False
reviews_01069,مزرعة المربد,,من افضل الأجواء اللي تروووووق فيها خيال في الليل انصح بزيارته دائما,Madinah,حديقة,,,,,1,1,reviews_zenodo,,https://zenodo.org/records/16924532,static,,2026-09-13T06:19:18.696424+00:00,False
reviews_01070,مزرعة المربد,,جميلة وهادئة والدخول مجاني ولكن الاسعار للمأكولات والالعاب مرتفعة,Madinah,حديقة,-1,,,,1,,reviews_zenodo,,https://zenodo.org/records/16924532,static,,2026-09-13T06:19:18.696424+00:00,False
reviews_01071,مزرعة المربد,,ما شاء الله تبارك الله مكان يجمع بين جمال الطبيعة وتنوع الخدمات لا يفوتكم,Madinah,حديقة,,,1,,1,,reviews_zenodo,,https://zenodo.org/records/16924532,static,,2026-09-13T06:19:18.696424+00:00,False
reviews_01072,مزرعة المربد,,المكان روعه يستحق الزياره وبقوه. عباره مجموعه متنوعه من كافيهات ومكان فطور وشاهي,Madinah,حديقة,,,1,,1,1,reviews_zenodo,,https://zenodo.org/records/16924532,static,,2026-09-13T06:19:18.696424+00:00,False
reviews_01073,مزرعة المربد,,المكان رااااااائع جدا.. كان جدا مزدحم ماشاءالله يستاهل الزياره 👍🏻👍🏻👍🏻👍🏻⭐️⭐️⭐️⭐️⭐️ ...,Madinah,حديقة,,,,,1,1,reviews_zenodo,,https://zenodo.org/records/16924532,static,,2026-09-13T06:19:18.696424+00:00,False
reviews_01074,مزرعة المربد,,زياره موفقه دخلنا ريف المكنان ب المربد وكانت زياره جميله نظافه والخدمه جدا ممتازة وشباب ماعليهم الكلام🤍 ...,Madinah,حديقة,,1,,1,1,1,reviews_zenodo,,https://zenodo.org/records/16924532,static,,2026-09-13T06:19:18.696424+00:00,False
reviews_01075,مزرعة المربد,,مكان جميل عبارة عن مزرعه وبها محلات كوفي وحلسات والعاب اطفال ومطعم ابو اسيد وعطره وغيرها والدخول حاليا مجانا ومحمية الطيور وارانب,Madinah,حديقة,,,1,,1,,reviews_zenodo,,https://zenodo.org/records/16924532,static,,2026-09-13T06:19:18.696424+00:00,False
reviews_01076,مزرعة المربد,,جميله جدا جدا وتستحق الزياره ونتمنى أن يتم استغلال باقي المزارع لاستقبال الزائرين وتوفير جلسات واماكن بيع الطعام والشاي والقهوه وخاصه في أوقات الشتاء حيث تكون الأجواء ممتازه ومناسبه للأماكن المفتوحه ونشكر القائمين والمستثمرين على مايقدمونه من خدمات وتهيئة المكان للجلوس والاستمتاع,Madinah,حديقة,,,1,,1,1,reviews_zenodo,,https://zenodo.org/records/16924532,static,,2026-09-13T06:19:18.696424+00:00,False
reviews_01077,مزرعة المربد,,المزرعة جدا جميلة والدخول مجاني وفيها عدد من الكوفيهات وجلسات وألعاب أطفال ومحمية طيور وبيت الأرانب,Madinah,حديقة,,,1,,1,,reviews_zenodo,,https://zenodo.org/records/16924532,static,,2026-09-13T06:19:18.696424+00:00,False
reviews_01078,مزرعة المربد,,مكان اكثر من رائع في الجو الجميل لا ميل ،رو ، ريف ابو اسيد ،عطرة واكثر ومزرعة طيور ممتعة,Madinah,حديقة,,,1,,1,,reviews_zenodo,,https://zenodo.org/records/16924532,static,,2026-09-13T06:19:18.696424+00:00,False
reviews_01079,مزرعة المربد,,جدا ممتاز والله يوفق القائمين عليه واتمنئ الاستمرار علئ دلك بدون موسيقى ومعسلات رائع للامام,Madinah,حديقة,,,,,1,1,reviews_zenodo,,https://zenodo.org/records/16924532,static,,2026-09-13T06:19:18.696424+00:00,False
reviews_01080,مزرعة المربد,,ماشاء الله تبارك الله. روعه نظيفه والفطور جو غير,Madinah,حديقة,,1,,,1,,reviews_zenodo,,https://zenodo.org/records/16924532,static,,2026-09-13T06:19:18.696424+00:00,False
reviews_01081,مزرعة المربد,,رووووووعة 😍😍😍😍😍😍 نضافة وترتيب يجنن بس الأكل للأمانة لسة ما جربته 😬😬😬🩷 ...,Madinah,حديقة,,1,,,1,,reviews_zenodo,,https://zenodo.org/records/16924532,static,,2026-09-13T06:19:18.696424+00:00,False
reviews_01082,مزرعة المربد,,المكان جميل جدا وينفع للعوائل واللمه الحلوه 👍 ...,Madinah,حديقة,,,,,1,1,reviews_zenodo,,https://zenodo.org/records/16924532,static,,2026-09-13T06:19:18.696424+00:00,False
reviews_01083,مزرعة المربد,,مكان هادئ وجميل ، أنصح بزيارته خصوصا العوائل,Madinah,حديقة,,,,,1,1,reviews_zenodo,,https://zenodo.org/records/16924532,static,,2026-09-13T06:19:18.696424+00:00,False
reviews_01084,مزرعة المربد,,المزرعة جميلة جدا وقت الزيارة كان الصباح ، مافي الا ابو أسيد مرتبة وجميلة وباقي لها شغل وتكون اجمل مكان في المدينة 👍🏼 ...,Madinah,حديقة,,,,,1,1,reviews_zenodo,,https://zenodo.org/records/16924532,static,,2026-09-13T06:19:18.696424+00:00,False
reviews_01085,مزرعة المربد,,المكان جميل وروعه ويستحق الزياره لكن الخدمه بطيئة جدا جدا جدا ارجوا تحسين وضع الخدمه عدا ذلك الاكل و المكان فوق الممتاز,Madinah,حديقة,,,,-1,1,1,reviews_zenodo,,https://zenodo.org/records/16924532,static,,2026-09-13T06:19:18.696424+00:00,False
reviews_01086,مزرعة المربد,,رسوم الدخول للشخص 5 ريال ودخلت داخل ، الترتيب كويس نوعا ما ولكن لا يوجد جلسات او كراسي المشكلة اللي معه كبار سن ، لا يستحق الزيارة .,Madinah,حديقة,,,-1,,-1,-1,reviews_zenodo,,https://zenodo.org/records/16924532,static,,2026-09-13T06:19:18.696424+00:00,False
reviews_01087,مزرعة المربد,,مزرعه جميله جدا وخاصه في ليالي الشتاء يتواجد بالداخل نخيل ومناظر حلوه وكشكات لبيع الاكل والمشروبات البارده والساخنه ...,Madinah,حديقة,,,1,,1,,reviews_zenodo,,https://zenodo.org/records/16924532,static,,2026-09-13T06:19:18.696424+00:00,False
reviews_01088,مزرعة المربد,,اول مره اجيها وصراحه عجبتني. وماندمت .. فيها جلسات كثيره وبعضها فيها تكييف ومطاعم وكافيهات .. وكثير من النخل والزرع وأصوات المويه. تحسي براحه فيها. وفيها ألعاب للأطفال. ...,Madinah,حديقة,,,1,,1,1,reviews_zenodo,,https://zenodo.org/records/16924532,static,,2026-09-13T06:19:18.696424+00:00,False
reviews_01089,مزرعة المربد,,مكان جميل ورايق وخيارات متنوعة من المطاعم والمقاهي المختلفة,Madinah,حديقة,,,1,,1,1,reviews_zenodo,,https://zenodo.org/records/16924532,static,,2026-09-13T06:19:18.696424+00:00,False
reviews_01090,مزرعة المربد,,انصحكم فيها ماشاءالله المكان رايق بس الدخول ب 5 ريال للشخص وجوا في المقاهي بعضها الدخول برسوم كمان عشان تقعد وتطلب وفي العاب للاطفال عموما الاجواء جمييله,Madinah,حديقة,,,1,,1,,reviews_zenodo,,https://zenodo.org/records/16924532,static,,2026-09-13T06:19:18.696424+00:00,False
reviews_01091,مزرعة المربد,,الصراحة المزرعة مميزة واللي زاد في تميزها وجماليتها كافي عطره ، جميل ومنظم وأسعارهم مناسبة والقهوة السعودية والشاي المديني ولا أروع مشاء الله تبارك الرحمن 10/10 ...,Madinah,حديقة,1,,1,,1,,reviews_zenodo,,https://zenodo.org/records/16924532,static,,2026-09-13T06:19:18.696424+00:00,False
reviews_01092,مزرعة المربد,,المكان رااائع والاجواء جميلة للتمشية يوجد رذاذ في كل مكان ومكيفات الكوفيهات فيه متعددة ولذيذة فيه مكان العاب اطفال صغير وبعض كشكات الاكل ومكان للارانب و الطيور وبعض المحلات الصغيرة للاهداء والتذكارات ...,Madinah,حديقة,,,1,,1,,reviews_zenodo,,https://zenodo.org/records/16924532,static,,2026-09-13T06:19:18.696424+00:00,False
reviews_01093,مزرعة المربد,,مكان حلو و جميل لكن هناك تأخير فوق المعقول والطبيعي في السرا حتى تاصل كاشير ومن ثم حجز طاوله وتحصل زبون قدامك واحراجات غير هذا حلو,Madinah,حديقة,,,,-1,1,,reviews_zenodo,,https://zenodo.org/records/16924532,static,,2026-09-13T06:19:18.696424+00:00,False
reviews_01094,هوي ووك,,المكان جميل وممتع يضم منطقة آسيا وتركيا والهند والمدينة وغيرها يحتوي على منتجات بعض الدول ومطاعم وكوفيهات وجلسات وعروض على المسرح الجو في الليل لطيف والحجز من الموقع أقل من شباك التذاكر. ...,Madinah,منتزه,,,1,,1,,reviews_zenodo,,https://zenodo.org/records/16924532,static,,2026-09-13T06:19:18.696424+00:00,False
reviews_01095,هوي ووك,,ماشاء الله مهرجان كبير ومتعوب عليه ومجهود مقدم لي اهل المدينه والزوار يوجد عروض راقصة ومسابقات وجوائز والمهرجان مقسم القسم الخليجي يوجد فيه جلابيات مصريه وداخليات قطن و فناجين مصرية وتحف مصرية وثلاجات قهوة وشاهي وبهارات والقسم التركي ...,Madinah,منتزه,,,1,,1,,reviews_zenodo,,https://zenodo.org/records/16924532,static,,2026-09-13T06:19:18.696424+00:00,False
reviews_01096,هوي ووك,,مكان لا باس فيه ولكن سلبياته اكثر من ايجابياته الدخول ب 15 للفرد فيه غموض في اسعار الالعاب الاطفال والكبار ...,Madinah,منتزه,0,,,,0,,reviews_zenodo,,https://zenodo.org/records/16924532,static,,2026-09-13T06:19:18.696424+00:00,False
reviews_01097,هوي ووك,,لا تسمعو للتعليقات السلبية المكان يجنن يجنننننننننن عمري ما انبسطت كدا 😅♥️♥️ الحمدلله كان في نسمة هواء خفيفة ف ماحسينا بالحر 🤍 ...,Madinah,منتزه,,,,,1,1,reviews_zenodo,,https://zenodo.org/records/16924532,static,,2026-09-13T06:19:18.696424+00:00,False
reviews_01098,هوي ووك,,وربي المكان تعباااااان ولا يرقى ولا يتماشى مع التحسينات والتسابق الحاصل في مجال الترفيه مواقف السيارات في غاية السوء ...,Madinah,منتزه,,,-1,,-1,,reviews_zenodo,,https://zenodo.org/records/16924532,static,,2026-09-13T06:19:18.696424+00:00,False
reviews_01099,هوي ووك,,امس كنت فيه انا وعائلتي وكان المكان مره جميل من ناحية العروض والمسابقات وفزت بالمسابقات فعلا المدينه تحتاج اماكن مثل كذا انبسطت واطفالي انبسطو بالالعاب ودخلنا بيت الرعب كانت تجربه جميلة الشخص ب٢٥ للرعب ...,Madinah,منتزه,,,1,,1,1,reviews_zenodo,,https://zenodo.org/records/16924532,static,,2026-09-13T06:19:18.696424+00:00,False
reviews_01100,هوي ووك,,المكان حلو وماندمت اني روحت لكن للأسف اغلب البوثات مقفله في كل منطقة ٤ ل ٥ بوثات ومو كلها تمد صله للدولة يعني الخليج ٣ عطورات و ٢ ملابس مصرية و٢ أفريقي من الاخر مالهم بالخليجي ...,Madinah,منتزه,,,-1,,1,1,reviews_zenodo,,https://zenodo.org/records/16924532,static,,2026-09-13T06:19:18.696424+00:00,False
reviews_01101,هوي ووك,,مكان ممتاز لقضاء وقت ممتع لك وللاطفال هوى المدينه انصح تشتري التذاكر من تطبيق outlines ارخص المكان يفتح من 8 مساء الى 3 الفجر فيه قريه عالميه اسيا والهند وتركيا وفي مناطق العاب الالعاب تتراوح اسعارها بين 15 و 20 و 25 كرت ب 5 ريال وتشحن مبلغ للالعاب وفيه كم مطعم وكافيهات,Madinah,منتزه,,,1,,1,,reviews_zenodo,,https://zenodo.org/records/16924532,static,,2026-09-13T06:19:18.696424+00:00,False
reviews_01102,هوي ووك,,المكان ممتع جدا جدا جدا للناس الي تحب السعادة✨💕 سوينا الحجز عن طريق الابلكيشن .. حملناه وسددنا اون لاين ويكند للشخص 15 ريال التذكرة... اما وسط الاسبوع 10 ريال للشخص ...,Madinah,منتزه,,,,,1,1,reviews_zenodo,,https://zenodo.org/records/16924532,static,,2026-09-13T06:19:18.696424+00:00,False
reviews_01103,هوي ووك,,رااااائع راااااائع يستحق الزياره ولكن تنويه بسيط لإدارة هوى ياليت لو يكون في كشك ثاني لتذاكر الالعاب .. * تجربتي * ...,Madinah,منتزه,,,,,1,1,reviews_zenodo,,https://zenodo.org/records/16924532,static,,2026-09-13T06:19:18.696424+00:00,False
reviews_01104,هوي ووك,,قسم الخليج لايمثل الخليج باي شكل من الأشكال كلها منتجات مصريه وبهارات ومخللات سوريه مع كامل الاحترام والتقدير وجلبيات مع انه فيه متعه لاكن مافيه حقيقة البلد والمنطقة ...,Madinah,منتزه,,,-1,,1,,reviews_zenodo,,https://zenodo.org/records/16924532,static,,2026-09-13T06:19:18.696424+00:00,False
reviews_01105,هوي ووك,,فعالية تفشل حقيقة .. مسويين أقسام مالها دخل بالدول والقارات وجواها محلات ماشيه بالبركة العاب للاعمار من 6 الى 18 ومسرح فعاليات والعاب وهذه كلها مستهلكة في فعاليات ...,Madinah,منتزه,,,-1,,-1,,reviews_zenodo,,https://zenodo.org/records/16924532,static,,2026-09-13T06:19:18.696424+00:00,False
reviews_01106,هوي ووك,,ممتاز ومخدم انصح فيه للعائلات دخول الكبار ٢٠ ريال والصغار مجانا الالعاب الكهربائية تتراوح من ٢٥ ريال الى ١٥ ريال للتذكرة ...,Madinah,منتزه,1,,,,1,,reviews_zenodo,,https://zenodo.org/records/16924532,static,,2026-09-13T06:19:18.696424+00:00,False
reviews_01107,هوي ووك,,المكان جدا جميل مناسب لجميع فئات المجتمع خصوصا الأطفال كل شي ممتاز المطاعم والكافيهات والألعاب الترفيهية ...,Madinah,منتزه,,,1,,1,,reviews_zenodo,,https://zenodo.org/records/16924532,static,,2026-09-13T06:19:18.696424+00:00,False
reviews_01108,هوي ووك,,شكرا لكل الجهود المبذولة كل شيء جميل الاستقبال والمكان والترفيه الله يعطيكم العافية. لكن واجهتنا مشكلة في مطعم فيروز الشام الله يهديهم سوء النظافة خاصة قسم العصير عدم ارتداء القفازات وتقطيع الفواكه بشكل عشوائي عالمغسلة ومن ثم وضعهابالخلاط ...,Madinah,منتزه,,-1,1,1,,,reviews_zenodo,,https://zenodo.org/records/16924532,static,,2026-09-13T06:19:18.696424+00:00,False
reviews_01109,هوي ووك,,المكان يستحق الزيارة، ويوجد العديد من العروض الجميلة والمستمرة في كل نصف ساعة، ايضا اتمنى لهم الاستمرار والتحسن في المواسم القادمة. ...,Madinah,منتزه,,,1,,1,1,reviews_zenodo,,https://zenodo.org/records/16924532,static,,2026-09-13T06:19:18.696424+00:00,False
reviews_01110,هوي ووك,,مكان جميل لقضاء اجازة نهاية الاسبوع يحتاج الكثير من الفعاليات لكي يحظى بقبول أكثر حيث حلاوة اي فعالية زحمته.,Madinah,منتزه,,,-1,,1,,reviews_zenodo,,https://zenodo.org/records/16924532,static,,2026-09-13T06:19:18.696424+00:00,False
reviews_01111,هوي ووك,,المكان جمييل وفيه حياة وبهجة لكن العيب انهم لم يسمحو بدخول المشروبات يعني قهوة ليه ممنوعة !! ثاني شي حرر ومكان مفتوح حطو رذاذ على الأقل شي يبرد المكان +اسعار التذاكر حقت العاب الاطفال ٢٥ و١٥ لييه😀 ليت الألعاب تستاهل لا زي العاب المهرجانات المتهالكة ...,Madinah,منتزه,-1,,,,1,0,reviews_zenodo,,https://zenodo.org/records/16924532,static,,2026-09-13T06:19:18.696424+00:00,False
reviews_01112,هوي ووك,,الموقع جيد يحتاج لأجهزه رذاذ او تبريد أسعار الدخول مرتفعه نوعا ما نتطلع لتطوير افضل مما هو عليه يستحق التجربه,Madinah,منتزه,-1,,,,0,1,reviews_zenodo,,https://zenodo.org/records/16924532,static,,2026-09-13T06:19:18.696424+00:00,False
reviews_01113,هوي ووك,,المكان جميل وشيء جديد بالمدينة 👍...لكن نتمنى عند عودته المرة القادمه تتم مراعاة الصحة بمواعيد الفتح وايضا مراعاة اسعار الألعاب 🙏 ...,Madinah,منتزه,0,,,,1,,reviews_zenodo,,https://zenodo.org/records/16924532,static,,2026-09-13T06:19:18.696424+00:00,False
reviews_01114,هوي ووك,,ندمت اني ما زرته الا قبل يقفل بسبب التعليقات السلبية ، انبسطنا بالألعاب كبار وصغار وفي عروض مسرحية وركن اسيا خيال الملابس ونعومتها والكريمات والأعشاب الطبيعية جربنا بالركن الهند باني بوري لذيذذ جدا ويسوي حفلة بفمك 🎉 ارفقت حساباتهم تحت 👇 ...,Madinah,منتزه,,,,,1,1,reviews_zenodo,,https://zenodo.org/records/16924532,static,,2026-09-13T06:19:18.696424+00:00,False
reviews_01115,هوي ووك,,الصراحه كلام الناس طلم المكان ومرا بالغو بالإساءة المكان مرا مرا مرا حلو وممتع يناسب جميع الاعمار حتى كبار السن فيلو العاب بمختلف الانواع ومطاعم وكافيهات وعروض حيه ...,Madinah,منتزه,,,1,,1,,reviews_zenodo,,https://zenodo.org/records/16924532,static,,2026-09-13T06:19:18.696424+00:00,False
reviews_01116,هوي ووك,,افضل مكان فيك بالمدينه فيه أشياء متنوعه من العاب الى أقسام القريه العالميه وبيت الرعب والالعاب الدخول اونلاين ب ١٠ لشخص و ١٥ إذا من قسم التذاكر تذكره اللعب ب ٥٥ ألعاب كثيره للاطفال والكبار كتقيم جميل جدا ولا تسمعون للسلبين,Madinah,منتزه,,,1,,1,1,reviews_zenodo,,https://zenodo.org/records/16924532,static,,2026-09-13T06:19:18.696424+00:00,False
reviews_01117,هوي ووك,,الفكرة جميلة ومكان جميل للتنزه يوجد بعض العروض المسرحية و معارض منتجات بعض الدول ومطاعم ومقاهي وألعاب اطفال سعر تذكرة الدخول 15 ريال والاطفال 7 سنوات و اقل الدخول مجانا ...,Madinah,منتزه,,,1,,1,,reviews_zenodo,,https://zenodo.org/records/16924532,static,,2026-09-13T06:19:18.696424+00:00,False
reviews_01118,هوي ووك,,مكان جديد وكبير مناسب لجميع الأعمار فيه كوفيهات ومطاعم وجلسات عربيه للقهوى والشاي وفيه ألعاب مختلفه مكان تسوق ترفيه الجزء الثاني فيه جناح آسيا وجناح باكستان وجناح الهند وجناح تركيا وجناح الخليج ...,Madinah,منتزه,,,1,,1,,reviews_zenodo,,https://zenodo.org/records/16924532,static,,2026-09-13T06:19:18.696424+00:00,False
reviews_01119,هوي ووك,,المكان حلو و جميل في فعاليات و مطاعم و كافيهات و معسلات و الالعاب كهربائية و قسم اسيا و الخليج و تركيا و المدينة ...,Madinah,منتزه,,,1,,1,,reviews_zenodo,,https://zenodo.org/records/16924532,static,,2026-09-13T06:19:18.696424+00:00,False
reviews_01120,هوي ووك,,مكان جميل ورائع وفعاليات كثيره وحلوه وفيه بعض الأشياء الناقصه بخصوص الألعاب الاطفال فهي قليله وسعر التذكره ٥٥ اول مره وبعدين تشحنها اما وسعره الألعاب من ١٥ واكثر بصراحه مبالغ فيها غير مناسبها أسعاره الألعاب.,Madinah,منتزه,-1,,1,,1,,reviews_zenodo,,https://zenodo.org/records/16924532,static,,2026-09-13T06:19:18.696424+00:00,False
reviews_01121,هوي ووك,,يحتاج تطوير أكثر أعتقد إن الوقت كفيل بأنه يجعله أجمل ما اعرف السبب بس امكن لإن أهل المدينة مايحبو الأماكن البعيده في مدينتهم ...,Madinah,منتزه,,,,,1,0,reviews_zenodo,,https://zenodo.org/records/16924532,static,,2026-09-13T06:19:18.696424+00:00,False
reviews_01122,هوي ووك,,المكان واسع جدا والكشكات كثيره ومنوعه من اكل وملابس واكسسوارات والفعاليات حلوه,Madinah,منتزه,,,1,,1,,reviews_zenodo,,https://zenodo.org/records/16924532,static,,2026-09-13T06:19:18.696424+00:00,False
reviews_01123,هوي ووك,,المكان جميل ممتع ‏يعتبر تغيير جو لأهل المدينة,Madinah,منتزه,,,,,1,1,reviews_zenodo,,https://zenodo.org/records/16924532,static,,2026-09-13T06:19:18.696424+00:00,False
reviews_01124,هوي ووك,,المكان كبير وحلو مناسب للاطفال والكبار بس مو مناسب لذوي الهمم وعربيات الاطفال كل المحلات والكافيهات والمطاعم مافيها مكان مناسب للعربيات,Madinah,منتزه,,,,,1,-1,reviews_zenodo,,https://zenodo.org/records/16924532,static,,2026-09-13T06:19:18.696424+00:00,False
reviews_01125,هوي ووك,,الفعليات قليله واتمنى مضاعفة في التنظيم وتخفيض رسوم الدخول حيث ٢٠ ريال ل الشخص تعتبر غاليه بالنسبة للمكان وتنظيم مكان اخذ التذاكر,Madinah,منتزه,-1,,-1,,,,reviews_zenodo,,https://zenodo.org/records/16924532,static,,2026-09-13T06:19:18.696424+00:00,False
reviews_01126,هوي ووك,,جمييييل ويستحق الزياره قضينا وقت ممتع الالعاب رهيبه والكفيهات ومناطق البلدان المختلفه تجربه استثنائيه وراح نكرر الزباره فقط فيما يخص مناطق البلدان تحتاج شوي عنايه واهتمام خصوصا فيما يخص العماله الموظفه في المحلات الاسيويه,Madinah,منتزه,,,1,-1,1,1,reviews_zenodo,,https://zenodo.org/records/16924532,static,,2026-09-13T06:19:18.696424+00:00,False
reviews_01127,هوي ووك,,مكان جميل وجديد، فيه العاب اطفال متنوعة ومطاعم ومقاهي تقدم اكلات من حول العالم وتناسب الجميع.. تعامل المنظمين رائع والشكر لكل من اجتهد 👍🏻 ...,Madinah,منتزه,,,1,1,1,,reviews_zenodo,,https://zenodo.org/records/16924532,static,,2026-09-13T06:19:18.696424+00:00,False
reviews_01128,هوي ووك,,التنظيم والإشراف جدا ممتاز ⭐️ المكان حلو لاباس فيه العروض حلوه😍 في كفيهات ومطاعم معروفه👍🏻 ...,Madinah,منتزه,,,1,1,1,,reviews_zenodo,,https://zenodo.org/records/16924532,static,,2026-09-13T06:19:18.696424+00:00,False
reviews_01129,هوي ووك,,مكان جميل جدا يقع في آخر طريق علي بن ابي طالب بالمدينة المنورة به مطاعم ومقاهي وأركان لبعض الدول مثل تركيا وعمان,Madinah,منتزه,,,1,,1,,reviews_zenodo,,https://zenodo.org/records/16924532,static,,2026-09-13T06:19:18.696424+00:00,False
reviews_01130,هوي ووك,,مكان جميل خاصه لمن تكون الفعاليات مستمره مع المتئلق موسى المقدم الرائع للفعاليات والجوائز صراحه ابداع يا استاذ موسى,Madinah,منتزه,,,,1,1,,reviews_zenodo,,https://zenodo.org/records/16924532,static,,2026-09-13T06:19:18.696424+00:00,False
reviews_01131,هوي ووك,,المكان جميل للأطفال الأسعار متوسطة في جميع الأشياء الي ترغب فيها من مأكولات وكوفيات وملابس لكن يعيبه يحتاج تطوير بالنسبة لي ما يجي ١٠٪؜ من الي بدبي بحكم تجربتي بدبي فيه عيب بسيط الاغاني شغاله على طول ما ينصح به للملتزم جدا والمحافظ,Madinah,منتزه,0,,1,,1,,reviews_zenodo,,https://zenodo.org/records/16924532,static,,2026-09-13T06:19:18.696424+00:00,False
reviews_01132,هوي ووك,,رحت أمس بعد ماشفت التعليقات السلبية في كل مكان ومقارنات الناس بينه وبين ستي ووك بس حبيت أروح أشوف بنفسي، مرره عجبني المكان والفعاليات صحيح انه مو بمستوى اللي بجده بس حلوو وممتع وكل شي متوفر فيه والجو كان لطيف ابدا مافي حر..بس أتمنى هيئة ...,Madinah,منتزه,,,1,,1,,reviews_zenodo,,https://zenodo.org/records/16924532,static,,2026-09-13T06:19:18.696424+00:00,False
reviews_01133,هوي ووك,,مكان جميل ونظيف ومرتب وفيه فعاليات والمنظمين رائعين .. كافيهات ومطاعم وتسوق .. أجواء عائلية ممتازة .. مواقف سيارات 👍🏻 قريبة .. تغيير ل أهل المدينة .. اركان الدول عادية جدا ولا فيها شيء مميز . ولكن البراندات السعودية تفوز .. في آخر شيء في قسم خاص ل أهل المدينة لازم تزوره . فكرة سيارة الجولف حلوة . يستحق الزيارة أكثر من مره ...,Madinah,منتزه,,1,1,,1,1,reviews_zenodo,,https://zenodo.org/records/16924532,static,,2026-09-13T06:19:18.696424+00:00,False
reviews_01134,هوي ووك,,رائع المكان متحمسين للموسم الجاي,Madinah,منتزه,,,,,1,1,reviews_zenodo,,https://zenodo.org/records/16924532,static,,2026-09-13T06:19:18.696424+00:00,False
reviews_01135,هوي ووك,,المكان جميل ودخول التذاكر ب ١٠ريال ممتع وعائلي,Madinah,منتزه,1,,,,1,,reviews_zenodo,,https://zenodo.org/records/16924532,static,,2026-09-13T06:19:18.696424+00:00,False
reviews_01136,هوي ووك,,تجربة جميله جدا اتوقع له نجاح باهر واتمنى زفلتة المواقف الخارجيه اهل المدينة يستاهلون وشكرا هيئة الترفيه,Madinah,منتزه,,,,,1,1,reviews_zenodo,,https://zenodo.org/records/16924532,static,,2026-09-13T06:19:18.696424+00:00,False
reviews_01137,هوي ووك,,المكان بعيد لكن جميل ومرتب عيبه غير انه بعيد الموسيقى اللي ماتوقف ماله داعي تشتغل طول الوقت صداع فضيع واغاني اجنبيه وموسيقى يعني خلو وقت الفعاليات والفرق ولمن ينتهون عالاقل اقفلوها خربت جمال المكان والا الحق ينقال حلو ومرتب ومتنوع اكل قهوه العاب منتجات بس الموسيقي للاسف ازعجتنا وخربت جمال المكان 😔..التذاكر من الموقع ارخص ...,Madinah,منتزه,,,1,,1,0,reviews_zenodo,,https://zenodo.org/records/16924532,static,,2026-09-13T06:19:18.696424+00:00,False
reviews_01138,هوي ووك,,المكان ممتاز وراقي شبيه بالقرية العالمية بدبي فيه كافيهات كبيرة ومعروفة والجو كان حلو ماكان حار ابدا الاسعار ممتازه وفيه حلويات البرديسي و منتجات تركية وافريقية ومطاعم اغلب المأكولات والمشروبات لذيذة واسعارها ممتاز واكثر شي عجبني دورات ...,Madinah,منتزه,1,,1,,1,,reviews_zenodo,,https://zenodo.org/records/16924532,static,,2026-09-13T06:19:18.696424+00:00,False
reviews_01139,هوي ووك,,الصراحه هو حلو بس الموظفات مره لا يعني ابويا كبير بالسن وفيه الموظفه الي عند باب الدخول ترفع صوته عليه وتدعي عليه بصوت عالي بعدين لما مشينا شوي تتعمد ترفع صوتها مع الموظف الي معها ويستهزؤن بابويا ماحترمو عمره وأنه انسان كبير بالسن,Madinah,منتزه,,,,-1,1,,reviews_zenodo,,https://zenodo.org/records/16924532,static,,2026-09-13T06:19:18.696424+00:00,False
reviews_01140,هوي ووك,,المكان ذكرني بحديقة الملك فهد زمان. ميزته إنه كبير و منوع، ألعاب و مطاعم و كافيهات و غيرها. المناطق حقيقة ما فيها مصداقية، منطقة الخليج كلها ملابس مصرية و أغاني عبد الحليم و أم كلثوم. ما يمثلون المناطق 100% بالي فيها، و هذا شيء سيء ...,Madinah,منتزه,,,1,,1,,reviews_zenodo,,https://zenodo.org/records/16924532,static,,2026-09-13T06:19:18.696424+00:00,False
reviews_01141,هوي ووك,,المكان حلو وشرح واسع بس مشكلته بعيد بس مايتقارن بجده والرياض مبدعين اكثر استمتعنا فيه والاسعار مناسبه زي المولات وفي عروض حلوه رقص اسباني وهندي يجنن حبيته فيه مطاعم وكافيهات ومحلات ثانيه. حلو بالنسبه للترفيه في المدينه المنوره,Madinah,منتزه,1,,1,,1,,reviews_zenodo,,https://zenodo.org/records/16924532,static,,2026-09-13T06:19:18.696424+00:00,False
reviews_01142,هوي ووك,,المكان جميل للاطفال مافيه مكان للاهل يجلسوا بشكل مريح يعني فقط يلعبوا الاطفال او ياكلوا لانه فيه كم مكان للاكل والقهوة والحلا فيه بقربهم طاولات وكراسي للاكل بشكل سريع ويعتبر صاخب قليلا اذا الشخص مايتحمل الدوشة، الدخول ٢٠ والالعاب ٢٠،٢٥ وفيه عروض قليلة ، الحجز قبل الدخول والاسرع الحجز من الموقع افضل لكم عشان الانتظار والدور,Madinah,منتزه,,,0,,1,,reviews_zenodo,,https://zenodo.org/records/16924532,static,,2026-09-13T06:19:18.696424+00:00,False
reviews_01143,هوي ووك,,فكرة ممتازه وموقع جيد ولكن الاسعار دبل الدبل,Madinah,منتزه,-1,,,,1,,reviews_zenodo,,https://zenodo.org/records/16924532,static,,2026-09-13T06:19:18.696424+00:00,False
reviews_01144,هوي ووك,,المكان رائع وممتع وفيه كذا ركن من الدول ولاكنه غير مكتمل فيه أركان فاضيه والالعاب حلوة وفيه محلات للأكل والقهوة انصحكم كركديه لغاويص الحجازي الذ كركديه ذقته وفيه العاب ممتعه للأطفال والكبار ومسرح ...,Madinah,منتزه,,,,1,1,,reviews_zenodo,,https://zenodo.org/records/16924532,static,,2026-09-13T06:19:18.696424+00:00,False
reviews_01145,هوي ووك,,منطقة الرعب يعتذرون لان المنظمين غير متواجدبن وكل لحظه يقول ربع ساعه وارجعوا وانا بالانتظار لي ساعه 👍 تنظيم اقل من نجمة ،، بالنسبة للموقع بطل ولكن لم تكتمل بعض المحلات ...,Madinah,منتزه,,,,-1,1,,reviews_zenodo,,https://zenodo.org/records/16924532,static,,2026-09-13T06:19:18.696424+00:00,False
reviews_01146,هوي ووك,,مكان حلو كتير وفيه فعاليات للكبار والصغار ❤️👍🏻🤗 هلأ انتهى المهرجان ...,Madinah,منتزه,,,1,,1,,reviews_zenodo,,https://zenodo.org/records/16924532,static,,2026-09-13T06:19:18.696424+00:00,False
reviews_01147,هوي ووك,,المكان جميل ومليان حياة .. من الأماكن الي لازم تكون موجودة على طول في المدينة. فيها العاب والاكل متنوع. لا يفوتكم تذوق البمبلوني والي هو زي الدونات على الطريقة التونسية لكن ألذ وأشهد. هذا تذاكركم عن طريق التطبيق حنى تتجنبوا الزحمة عند الدخول. لسة يحتاج تطوير لكن يستاهل التشجيع,Madinah,منتزه,,,1,,1,1,reviews_zenodo,,https://zenodo.org/records/16924532,static,,2026-09-13T06:19:18.696424+00:00,False
reviews_01148,هوي ووك,,المكان جميل ولكن الأركان حقت الدول مو مكتمله وفيها نوع من التشابهه فقط ركن اسيا على ما اعتقد كان فيه اختلاف واشياء انمي والطابع حقهم ، المكان حلو في كافيهات ومطاعم متنوعه ولذيذه يوم جيت المكان كان في مهرجين وواحد يعزف عود والمكان كبير وفيه ...,Madinah,منتزه,,,1,,1,,reviews_zenodo,,https://zenodo.org/records/16924532,static,,2026-09-13T06:19:18.696424+00:00,False
reviews_01149,هوي ووك,,لا بأس به كتغير جو للأطفال والعوائل .,Madinah,منتزه,,,,,0,0,reviews_zenodo,,https://zenodo.org/records/16924532,static,,2026-09-13T06:19:18.696424+00:00,False
reviews_01150,هوي ووك,,مكان جديد على المدينه ..ويعتبر ترفيهي مميز للعوائل .. وجودوا الاطفال مبتغاهم في الالعاب من السهله الى الصعبه والمسليه .. ينقصه الرذاذ بالذات في هذه الاجواء .. وشراء التذاكر من الموقع يغنيك من الانتظار الطويل عند شباك التذاكر ..,Madinah,منتزه,,,1,,1,0,reviews_zenodo,,https://zenodo.org/records/16924532,static,,2026-09-13T06:19:18.696424+00:00,False
reviews_01151,هوي ووك,,ارجو تنظيف المواقف وانارتها والتحكم في نسبة صوت الاغاني بالداخل وخصوصا عند الايسكريم التركي واسيا .. تثقيف الموظفين بانه يكونو اكثر ايجابيه وتساهل مع الناس وبشوش انا داخل منطقه ترفيه مو منطقه حجز او محظوره يتعامل معي او معي غير بجلافه ... ...,Madinah,منتزه,,,-1,-1,,,reviews_zenodo,,https://zenodo.org/records/16924532,static,,2026-09-13T06:19:18.696424+00:00,False
reviews_01152,هوي ووك,,مكان سئ جدا . ليش صاحب المشروع افتتح المشروع وهو مو جاهز للافتتاح . الالعاب مره قديمه ومو منظمه في المكان . وعشوائيه . غير انها قديمه ومستهكله وقليله . العاملين غير مدربين جيدا للتعامل مع الزوار . بخلاف انهم قليلين ويتعاملون بوجه عابس ما ...,Madinah,منتزه,,,-1,-1,,,reviews_zenodo,,https://zenodo.org/records/16924532,static,,2026-09-13T06:19:18.696424+00:00,False
reviews_01153,هوي ووك,,اذا عندك فلوس تبغى ترميها روح هوى أقسم بالله ثم أقسم بالله ثم أقسم بالله ما يستاهل ريال ...,Madinah,منتزه,,,,,-1,-1,reviews_zenodo,,https://zenodo.org/records/16924532,static,,2026-09-13T06:19:18.696424+00:00,False
reviews_01154,هوي ووك,,جميل جدا ممتع للاطفال لكن اتمنى ان يكون الدخول مجانا لانه جميع المحلات التي ف الداخل ليست مجانا حتى يستفيد الجميع من الدخول للمكان يوجد ملاحظه الأسعار مرتفعه مثلا البطاطس الحلزون ب١٠ ريال وكورة اطفال ب١٥ مع انه ف المحلات ب٥ ريال الكورة لكن عموما المكان جميل,Madinah,منتزه,-1,,,,1,,reviews_zenodo,,https://zenodo.org/records/16924532,static,,2026-09-13T06:19:18.696424+00:00,False
reviews_01155,هوي ووك,,مكان جميل مرتب اكثر شي عجبني اهتمام المسئولين الأشراف والمنظمين والأهتمام بنظافة المكان صراحه شي يفتح النفس اما من ناحية الترفيه لابأس به وكل المحلات كوفيهات مافي مطاعم ما راح ارجع ثاني لأنه عادي جدا,Madinah,منتزه,,1,0,1,0,-1,reviews_zenodo,,https://zenodo.org/records/16924532,static,,2026-09-13T06:19:18.696424+00:00,False
reviews_01156,هوي ووك,,مكان واسع وشرح مناسب للعوائل. بس مبلغ الدخول للكبار مايستاهل خصوصا ان ممنوع تدخل شي معاك وبكدا الزاير لازم ...,Madinah,منتزه,-1,,,,1,,reviews_zenodo,,https://zenodo.org/records/16924532,static,,2026-09-13T06:19:18.696424+00:00,False
reviews_01157,هوي ووك,,المكان يحتاج تطوير الالعاب مستهليكن وفيهم اصوات يحتاجون صيانه ..المكان يحتاج تنضيف وضع صناديق قمامه لايوجد به كراسي قرب الالعاب لايوجد كراسي يعني طول وقتك واقف .جنب المهرجانات لايوجد كراسي لازم تضل واقف,Madinah,منتزه,,-1,-1,,,,reviews_zenodo,,https://zenodo.org/records/16924532,static,,2026-09-13T06:19:18.696424+00:00,False
reviews_01158,هوي ووك,,الصراحة افضل مما اتوقعت، ما يتقارن بمشاريع جدة او القرية العالمية في دبي، لكن صراحة ماهو سيئ و متعوب عليه و متنوع من كافيهات و محلات تجارية متنوعة و عطور و تحف و جلابيات و ...,Madinah,منتزه,,,1,,0,,reviews_zenodo,,https://zenodo.org/records/16924532,static,,2026-09-13T06:19:18.696424+00:00,False
reviews_01159,هوي ووك,,المكان متوسط المساحة، فيه مطاعم وكوفيهات والعاب للكبار والصغار التذكرة غالية اقل شي خمسين ريال تلعب لعبة وحدة للكبار الفريس ويل لعبة العجلة.. غالية! فيه عروض رقص!! ...,Madinah,منتزه,-1,,1,,,,reviews_zenodo,,https://zenodo.org/records/16924532,static,,2026-09-13T06:19:18.696424+00:00,False
reviews_01160,هوي ووك,,اسوأ مكان ممكن تروحون له، بعييددد جدا عن البلد ومافيه لا شوارع ولا اضاءة تمشي حدود ال ٢٠ كيلو ع الفاضي، الدخول بتذاكر وما صرحوا هالشيء بموقعهم والدخول بالاكل والفراش ممنوع ولازم تكون ع الكراسي الداخليه وعموما هي مخصصة لكل كوفي لحاله هذا وغير انه ازعاااااجج واغلب الامكان مقفله او فارغة,Madinah,منتزه,,,-1,,-1,-1,reviews_zenodo,,https://zenodo.org/records/16924532,static,,2026-09-13T06:19:18.696424+00:00,False
reviews_01161,هوي ووك,,مكان جميل مبدئيا ولكن المفروض الدخول مجاني بدون رسوم لانو بالداخل. تمشي وتدفع قهوه وشاي والعاب اسعارها غاليه نوعا ما لو معاك اكثر من طفل بيكلفك كثير,Madinah,منتزه,-1,,,,1,,reviews_zenodo,,https://zenodo.org/records/16924532,static,,2026-09-13T06:19:18.696424+00:00,False
reviews_01162,هوي ووك,,مكان جميل وممتع يحتوي العديد من المحلات والمطاعم والمقاهي المعروفه في المدينه المنوره سعر التذاكر جدا مناسب سواء تذاكر الدخول او الالعاب,Madinah,منتزه,1,,1,,1,,reviews_zenodo,,https://zenodo.org/records/16924532,static,,2026-09-13T06:19:18.696424+00:00,False
reviews_01163,هوي ووك,,فعاليات جميله وممتازه لكن تحتاج ترطيب للجو بتركيب رذاذ مياه فاز الاهل بمسابقه ورفض المشرف تسليمهم واشترط اذا استلموا الجائزه يخصم مبلغها من الاخت القائمه على اللعبه بطريقه جافه واسلوب غير حضاري بشكل عام ممتاز,Madinah,منتزه,,,,-1,1,,reviews_zenodo,,https://zenodo.org/records/16924532,static,,2026-09-13T06:19:18.696424+00:00,False
reviews_01164,هوي ووك,,المكان حلو بلمة الناس و تنوع الكافيهات فقط ، المواقف سيئة جدا يعني اللي معاه عربية احتياجات خاصة او عربية اطفال بيتعب و هو يمشي على الحصى .. ...,Madinah,منتزه,,,-1,,1,0,reviews_zenodo,,https://zenodo.org/records/16924532,static,,2026-09-13T06:19:18.696424+00:00,False
reviews_01165,هوي ووك,,مكان روعة وجميل لتمضية اليوم,Madinah,منتزه,,,,,1,1,reviews_zenodo,,https://zenodo.org/records/16924532,static,,2026-09-13T06:19:18.696424+00:00,False
reviews_01166,هوي ووك,,الجو حار وحتى رذاذ مويه غير موجود مافي كراسي للجلوس إلا عند بعض المقاهي مافي مطاعم اغلبها كوفيهات وكم محل للوجبات سريعة ...,Madinah,منتزه,,,-1,,,0,reviews_zenodo,,https://zenodo.org/records/16924532,static,,2026-09-13T06:19:18.696424+00:00,False
reviews_01167,هوي ووك,,الجو العام جميل وكل شي حلو ومرتب بس دخلت لعبة بيت الأشباح و اتفاجأت بمستوى أخلاق واحد من الموظفين اللي داخل اللعبه واحد طويل لابس لبس اللعبه طول لسانه و أتلفظ على ولدي المفروض انه بمكان ترفيهي يتعلم استقبال ردات الفعل خرب علينا مود الطلعه علشان ذا حطيت نجمة,Madinah,منتزه,,,,-1,1,0,reviews_zenodo,,https://zenodo.org/records/16924532,static,,2026-09-13T06:19:18.696424+00:00,False
reviews_01168,هوي ووك,,حطيت نجمه وحده عشان اقدر اعلق المكان بعيد ومكتوب بقوقل مفتوح ولما جينا حصلناه مقفل ويقولون الدخول الساعه 8 يعني على انه بعيد بعد موقفينا ساعتين ننتظر على حساب ايش؟ على الاقل اكتبو بقوقل مقفل وحطو وقت الدخول مو لما نجي ونتعنى على الفاضي,Madinah,منتزه,,,,,,-1,reviews_zenodo,,https://zenodo.org/records/16924532,static,,2026-09-13T06:19:18.696424+00:00,False
reviews_01169,هوي ووك,,اللي زار مهرجان الزهور في ينبع بيشوف فرق كبير وشاسع ولكن الحلقوم التركي ممتاز والايسكريم التركي ايضا اسعار المنتجات مرتفعه جدا وكونوا حذرين من المنتجات بعضهم يبيع عصير تانج ويقولك هذا ايس تي من دوله اخرى,Madinah,منتزه,-1,,,,-1,,reviews_zenodo,,https://zenodo.org/records/16924532,static,,2026-09-13T06:19:18.696424+00:00,False
reviews_01170,هوي ووك,,يستحق التجربه وتغير جو وانبسطت حمدلله🕊 وماقدرت اقاوم واشتريت ساق البامبو🦭 وان شاء الله هرجع واشتري عطر من سلطان الاردني عجبني مسك دبي وواحد تاني كمان 🕊 ...,Madinah,منتزه,,,,,1,1,reviews_zenodo,,https://zenodo.org/records/16924532,static,,2026-09-13T06:19:18.696424+00:00,False
reviews_01171,هوي ووك,,المكان مره حلو والفاليات حلوه والأسعار حلوه وكل شي فيه حلو انصح الكل يروح له,Madinah,منتزه,1,,1,,1,,reviews_zenodo,,https://zenodo.org/records/16924532,static,,2026-09-13T06:19:18.696424+00:00,False
reviews_01172,هوي ووك,,المكان بشكل عام جميل لاكن الالعاب الكهربائية تزعل قديمة والاسعار مرتفعة,Madinah,منتزه,-1,,,,1,,reviews_zenodo,,https://zenodo.org/records/16924532,static,,2026-09-13T06:19:18.696424+00:00,False
reviews_01173,هوي ووك,,المكان حلو وفيه فعاليات ولكن التنظيم شويا سيئ طابووووور عند شباك التذاكر جلست فيه فوق ٢٠ دقيقه,Madinah,منتزه,,,1,-1,1,,reviews_zenodo,,https://zenodo.org/records/16924532,static,,2026-09-13T06:19:18.696424+00:00,False
reviews_01174,هوي ووك,,لاباس بالنسبة لفعاليات المدينة بس لاتجونه الا من بعد العشاء وورى مع هالحر 🤦🏻‍♀️☀️. + اسعار الالعاب مبالغ فيها ...,Madinah,منتزه,-1,,,,1,,reviews_zenodo,,https://zenodo.org/records/16924532,static,,2026-09-13T06:19:18.696424+00:00,False
reviews_01175,هوي ووك,,جميل ومرتب وفيه عدة فعاليات العاب وتسوق وكافيهات والله يسعد الجميع,Madinah,منتزه,,,1,,1,,reviews_zenodo,,https://zenodo.org/records/16924532,static,,2026-09-13T06:19:18.696424+00:00,False
reviews_01176,هوي ووك,,جميل للعوايل ومناسب للاطفال يوجد مطاعم وكافيهات وسوق المدينة والسوق الهندي واسيا,Madinah,منتزه,,,1,,1,,reviews_zenodo,,https://zenodo.org/records/16924532,static,,2026-09-13T06:19:18.696424+00:00,False
reviews_01177,هوي ووك,,يعني لو فيه أقل من النجمة كان حطيت، خلاصة المكان يبغون ياكلونك تدخل بتذاكر غالية وممنوع تدخل معك شي حتى الفرشة ممنوعة والأسعار جوا جنونية غير إنه بعيد فيه أماكن جوا البلد أفضل بمراحل لذلك ما انصح إطلاقا والمتعني خسران,Madinah,منتزه,-1,,,,,-1,reviews_zenodo,,https://zenodo.org/records/16924532,static,,2026-09-13T06:19:18.696424+00:00,False
reviews_01178,هوي ووك,,جدا رائع من أفضل الأماكن في السعودية انصح في للجميع يوجد كل شيء فيه ايضا توجد الجميع من الثقافات للجميع,Madinah,منتزه,,,,,1,1,reviews_zenodo,,https://zenodo.org/records/16924532,static,,2026-09-13T06:19:18.696424+00:00,False
reviews_01179,هوي ووك,,زرت المكان عادي جدا مافيه اي شي مميز مشغلين اغاني غربيه ازعاج ازعاج مررره اتوقع من يزوره اول مره مراح يرجع له,Madinah,منتزه,,,,,0,-1,reviews_zenodo,,https://zenodo.org/records/16924532,static,,2026-09-13T06:19:18.696424+00:00,False
reviews_01180,هوي ووك,,ممتاز لكن أتمنى تخفيض تذكرة الدخول و التنظيم يكون أفضل في المرة القادمة,Madinah,منتزه,0,,,0,1,,reviews_zenodo,,https://zenodo.org/records/16924532,static,,2026-09-13T06:19:18.696424+00:00,False
reviews_01181,هوي ووك,,المكان سي وليت البلدية تأخذ لها لفه على المأكولات كثير منها سيء وعدد المحلات المغلقة أضعاف المحلات المفتوحة باختصار مافي شي جديد عما هو متواجد في داخل المدينة,Madinah,منتزه,,,-1,,-1,,reviews_zenodo,,https://zenodo.org/records/16924532,static,,2026-09-13T06:19:18.696424+00:00,False
reviews_01182,هوي ووك,,ما انصح فيه الاسعار غالية وكمان سعر الدخول للنفر 15 ريال... 4 انفار دفعنا 60 ريال دخول... غير المسافة من بيتنا الى المنتزه 29 كيلو وفي الاخير الاسعار غالية,Madinah,منتزه,-1,,,,,-1,reviews_zenodo,,https://zenodo.org/records/16924532,static,,2026-09-13T06:19:18.696424+00:00,False
reviews_01183,هوي ووك,,المكان جميل تقريبا كانك في ممشى قباء تماما .. محلات وبراندات وكفيهات,Madinah,منتزه,,,1,,1,,reviews_zenodo,,https://zenodo.org/records/16924532,static,,2026-09-13T06:19:18.696424+00:00,False
reviews_01184,هوي ووك,,نجمة عشان التعامل السيء وعدم وضع أوقات العمل تروح مشوار وبالآخير يفتح ٧.٣٠ مع ان الجو جميل,Madinah,منتزه,,,,-1,,-1,reviews_zenodo,,https://zenodo.org/records/16924532,static,,2026-09-13T06:19:18.696424+00:00,False
reviews_01185,هوي ووك,,مكان جميل ومميز بعيد شويه من المدينه بس يستحق الزياره,Madinah,منتزه,,,,,1,1,reviews_zenodo,,https://zenodo.org/records/16924532,static,,2026-09-13T06:19:18.696424+00:00,False
reviews_01186,هوي ووك,,أجواء ممتعه أسعار المتاجر مرتفعه بعض الشئ متنفس جميل,Madinah,منتزه,-1,,,,1,,reviews_zenodo,,https://zenodo.org/records/16924532,static,,2026-09-13T06:19:18.696424+00:00,False
reviews_01187,هوي ووك,,المكان يفتح النفس والاجواء مرحه جدا وحلوه للعوايل حبيييييت كل شي انا واولادي واتبسطنا كتير,Madinah,منتزه,,,,,1,1,reviews_zenodo,,https://zenodo.org/records/16924532,static,,2026-09-13T06:19:18.696424+00:00,False
reviews_01188,هوي ووك,,مكان عائلي مفتوح ومتنوع يلبي كافة رغبات الترفيه,Madinah,منتزه,,,,,1,1,reviews_zenodo,,https://zenodo.org/records/16924532,static,,2026-09-13T06:19:18.696424+00:00,False
reviews_01189,هوي ووك,,مكان بطل وابداع بكل ماتعنيه الكلمه واخيرا في متنفس في المدينة لازم تزوروا المكان والله جميل,Madinah,منتزه,,,,,1,1,reviews_zenodo,,https://zenodo.org/records/16924532,static,,2026-09-13T06:19:18.696424+00:00,False
reviews_01190,هوي ووك,,الموقع والتطبيق كاتب يفتح ١٢ الظهر ، وعند الحضور للموقع يقواك ٨ مساء، طبعا التذاكر تم شرائها من التطبيق,Madinah,منتزه,,,,,1,1,reviews_zenodo,,https://zenodo.org/records/16924532,static,,2026-09-13T06:19:18.696424+00:00,False
reviews_01191,هوي ووك,,المكان ما يسوى البنزيم ولا فيه شي ودفعت حق تذاكر دخول ومحد طلبها,Madinah,منتزه,,,,,-1,-1,reviews_zenodo,,https://zenodo.org/records/16924532,static,,2026-09-13T06:19:18.696424+00:00,False
reviews_01192,هوي ووك,,المستثمر ما احترم المكان فالمفروض ما نحقق له مراده من التذاكر الغالية لأن لو كل شخص زار المكان الفاشل مرة ضمنا له مئات الآلاف من الزوار,Madinah,منتزه,-1,,,,-1,,reviews_zenodo,,https://zenodo.org/records/16924532,static,,2026-09-13T06:19:18.696424+00:00,False
reviews_01193,هوي ووك,,مهرجان ذكرني بالصناعات الوطنية في المدينة المنورة قبل 20 سنه وشغلهم عشوائي ولايوجد شيء مميز من وجهة نظري لايستحق الزيارة,Madinah,منتزه,,,,,-1,-1,reviews_zenodo,,https://zenodo.org/records/16924532,static,,2026-09-13T06:19:18.696424+00:00,False
reviews_01194,هوي ووك,,جيد اغلب المحلات فاضيه والأسعار غاليه العاب الاطفال جميله وممتعه,Madinah,منتزه,-1,,0,,0,,reviews_zenodo,,https://zenodo.org/records/16924532,static,,2026-09-13T06:19:18.696424+00:00,False
reviews_01195,هوي ووك,,يستاهل الزيارة والله متعوب عليه يعطيكم العافيه ع التنظيم والترتيب بس ليت تحطو رشاشات موية عشان الحرارة وشكرا الليل الجو لطيف,Madinah,منتزه,,,,1,1,,reviews_zenodo,,https://zenodo.org/records/16924532,static,,2026-09-13T06:19:18.696424+00:00,False
reviews_01196,هوي ووك,,مستوى رديء في كل شي غير متوقع,Madinah,منتزه,,,,,-1,-1,reviews_zenodo,,https://zenodo.org/records/16924532,static,,2026-09-13T06:19:18.696424+00:00,False
reviews_01197,هوي ووك,,بصراحه المكان جميل في المدينه مو قد السمعه بس كان تغيررر في المدينه وقدام انرشالله يطور,Madinah,منتزه,,,,,1,1,reviews_zenodo,,https://zenodo.org/records/16924532,static,,2026-09-13T06:19:18.696424+00:00,False
reviews_01198,هوي ووك,,المكان جميل و ممتع لكن صار شي ازعجني جدا وهو ان الاشخاص اللي يشتغلو في بيت الرعب يطلعو بالاقنعة المرعبة و يتمشو في المنتزه ولا فكرو بوجود الاطفال رغم صغر سنهم ! ياليت ينتبهو لهذي النقطة .,Madinah,منتزه,,,,-1,1,,reviews_zenodo,,https://zenodo.org/records/16924532,static,,2026-09-13T06:19:18.696424+00:00,False
reviews_01199,هوي ووك,,جميل المكان. ولكن الاسعار مرتفعه والجو حرررر ماقدرنا نكمل ساعتين والالعاب للاطفال نوعا ما غاليه وعاديه,Madinah,منتزه,-1,,,,1,0,reviews_zenodo,,https://zenodo.org/records/16924532,static,,2026-09-13T06:19:18.696424+00:00,False
reviews_01200,هوي ووك,,بصراحة المكان جميل وونيس ويفتح النفس لا هو بعيد ولا هو قريب مسافته معقولة نظيف تماما مصلى وحمامات وكل شى ممتع الأكل الاركان المطاعم نظيفة الافضل كاش معاكم افضل المنتجات تجنن اشتروا وانبسطوا وأثنوا على المكان لأنه يستحق ...,Madinah,منتزه,,1,1,,1,1,reviews_zenodo,,https://zenodo.org/records/16924532,static,,2026-09-13T06:19:18.696424+00:00,False
reviews_01201,هوي ووك,,ممتاز بالنسبة لتعليقات الناس السيئة والمقارنة ببوليفارد الرياض غير عادلة ، المنظمين ماشاء الله في كل مكان من المواقف الى اخر نقطة في المكان ، متنوع من ناحية الأكل والمقاهي والمحلات ، كبير وواسع وأيضا يوجد قولف كارز وفيه تطبيق للتذاكر وعروض عليها ( outlines),Madinah,منتزه,,,1,1,1,,reviews_zenodo,,https://zenodo.org/records/16924532,static,,2026-09-13T06:19:18.696424+00:00,False
reviews_01202,هوي ووك,,مرا عجبني المكان والالعاب حلوه الصراحه وغير كذا غزل البنات عندهم مرا طعمممم دائما اكل عزل البنات بس هذا كان لذيذ وطعمه غير,Madinah,منتزه,,,1,,1,,reviews_zenodo,,https://zenodo.org/records/16924532,static,,2026-09-13T06:19:18.696424+00:00,False
reviews_01203,هوي ووك,,تنتظر طابور عشان تذاكر دخول ب٢٠ ريال والحو ماشاء الله حار ولاتشمل غير الدخول فقط والفعاليات ماتستاهل هالمبلغ والالعاب كمان مبالغ في اسعارها غير انه مافي الا مدخل ومخرج واحد وهذا خطاء كبير في حالةحصل مشكلة لاقدر الله,Madinah,منتزه,-1,,,,,-1,reviews_zenodo,,https://zenodo.org/records/16924532,static,,2026-09-13T06:19:18.696424+00:00,False
reviews_01204,هوي ووك,,المكان جميل وممتع و عروضهم متنوعة ويستحق التجربة.,Madinah,منتزه,,,1,,1,1,reviews_zenodo,,https://zenodo.org/records/16924532,static,,2026-09-13T06:19:18.696424+00:00,False
reviews_01205,هوي ووك,,المكان رائع والتنظيم رائع يستحق تكرار الزياره لكن يحتاج إلى نظام تبريد رذاذ خارجي في المناطق المفتوحه لتلطيف الجو أوقات الحراره,Madinah,منتزه,,,,1,1,,reviews_zenodo,,https://zenodo.org/records/16924532,static,,2026-09-13T06:19:18.696424+00:00,False
reviews_01206,هوي ووك,,المكان عند الدائري الثالث يوجد مواقف كثيره مرتبه ومنظمه ومواقف خاصه للذو الهمم وفيه منظمين الدخول للشخص عشرين والصغار ولذو الهمم من غير رسوم ...,Madinah,منتزه,,,1,,1,,reviews_zenodo,,https://zenodo.org/records/16924532,static,,2026-09-13T06:19:18.696424+00:00,False
reviews_01207,هوي ووك,,كان تجربة جميل بس لكن ما عجبني من داخل لازم يعدل يحطو أشياء أكثر ومثل العاب يزيدو أكثر من العاب وشكرا على جهودكم,Madinah,منتزه,,,-1,,1,1,reviews_zenodo,,https://zenodo.org/records/16924532,static,,2026-09-13T06:19:18.696424+00:00,False
reviews_01208,هوي ووك,,أسوء مكان ممكن تدخله في المدينة مافيه مكان تجلس فيه وارتفاع أسعار ع الفاضي طريقة الدخول سيئة تجي بعدين يشاورونك ف الالية والدفع ممنوع تدخل إي شي معك والسبب عشان تشتري من عندهم والزائر المفروض يترك له الخيار مو إجبار والمكان بعيد جدا ومتعب,Madinah,منتزه,-1,,,,-1,-1,reviews_zenodo,,https://zenodo.org/records/16924532,static,,2026-09-13T06:19:18.696424+00:00,False
reviews_01209,هوي ووك,,المكان لاباس فيه والمنظمين يناس عليهم بس في وحدا منظمه اسمها نورا بصراحه لفتني اسلوبها وتعاملها جدا راقي ومحترم وانسانه ماشاءالله بشووووووووووشه ارجع اكمل من ناحية المكان حابه اقول انو احنا اهل المدينه انظلمنا ع قولت محمد عبده كنت اظن وكنت اظن وخاب ظني ..,Madinah,منتزه,,,,1,0,0,reviews_zenodo,,https://zenodo.org/records/16924532,static,,2026-09-13T06:19:18.696424+00:00,False
reviews_01210,هوي ووك,,المكان جدا هادئ لمن رحت اعتقد بسبب الاختبارات، سعر التذكرة للشخص 20 ريال، فيه ثقافات كثير اكثر المحالات جايه من دبي والالعاب كويسة والموظفين بشوشين,Madinah,منتزه,,,,1,1,,reviews_zenodo,,https://zenodo.org/records/16924532,static,,2026-09-13T06:19:18.696424+00:00,False
reviews_01211,هوي ووك,,الصراحه جبار المكان ولكن التنظيم قي المواقف لابد إعادة النظر فيه ولولا المواقف vip ماكنت دخلت والحاجه الثانية بالنسبه للنظافة ارجوا النظر في موضوعها يحطوا مشرفين على اللر يرمي الأوساخ يتعاقب عليها ولكن بجمل عام جبار جبار مشروع قوي اتمنى لكم التوفيق والنجاح الدائم,Madinah,منتزه,,-1,-1,,1,,reviews_zenodo,,https://zenodo.org/records/16924532,static,,2026-09-13T06:19:18.696424+00:00,False
reviews_01212,هوي ووك,,لايستحق المشوار اللي قطعناه للوصول اليه اسعار خرافي وتنسيق رديء وملاهي قديمة بالية ومسافات في المشي لاشئ جديد الصناعات افضل منه توقعتان ارى قرية عالة بعني الكلمة كما يدع ن وللاسف اغلبها صناعات مصرية وماكولات اسيوية وفوق هذا تذاكر للدخول واسعار العاب الملاهيالتذكرة ٢٠ يال لماذا هذا الغلاء,Madinah,منتزه,-1,,-1,,-1,,reviews_zenodo,,https://zenodo.org/records/16924532,static,,2026-09-13T06:19:18.696424+00:00,False
reviews_01213,هوي ووك,,المكان جميل... خطوة و بداية موفقة... اعتقد المواسم القادمة تكون بوضع أفضل وتلبي الطموحات,Madinah,منتزه,,,,,1,1,reviews_zenodo,,https://zenodo.org/records/16924532,static,,2026-09-13T06:19:18.696424+00:00,False
reviews_01214,هوي ووك,,جميل جدا ويحتاج الى المزيد من التنظيم والفعاليات حتى يصبح أجمل واروع,Madinah,منتزه,,,-1,,1,,reviews_zenodo,,https://zenodo.org/records/16924532,static,,2026-09-13T06:19:18.696424+00:00,False
reviews_01215,هوي ووك,,المكان جمييل والعاملين فيه محترمين ومتعاونين وفيه تنوع فعاليات وكوفيهات ومطاعم والعاب اطفال بس مشكلته زححمه ومافي جلسات تكفي,Madinah,منتزه,,,1,1,,,reviews_zenodo,,https://zenodo.org/records/16924532,static,,2026-09-13T06:19:18.696424+00:00,False
reviews_01216,هوي ووك,,بصراحه بدايه جيده للمدينه المنوره كان مكان جميل وشامل الاختيارات العاب مطاعم مشتريات عروض انصح بزيارته,Madinah,منتزه,,,1,,1,1,reviews_zenodo,,https://zenodo.org/records/16924532,static,,2026-09-13T06:19:18.696424+00:00,False
reviews_01217,هوي ووك,,مكان جيد ولكن يحتاج الى الكثير من التطوير والتنظيم الاسعار مبالغ فيها وجودة ونظافة الاكل والمشروبات فيها تحتاج رقابة,Madinah,منتزه,-1,0,,,0,,reviews_zenodo,,https://zenodo.org/records/16924532,static,,2026-09-13T06:19:18.696424+00:00,False
reviews_01218,هوي ووك,,مكان ليس سيئ لكن الدخول لايستحق دفع مبلغ كان يكفي المبالغ الماليه التي تدفع في الداخل,Madinah,منتزه,-1,,,,0,,reviews_zenodo,,https://zenodo.org/records/16924532,static,,2026-09-13T06:19:18.696424+00:00,False
reviews_01219,هوي ووك,,واللهي رحت وانبسطت والجو جميل والمكان حلو وفيه كل شي كودو بارنيز برديسي ... يمكن ٢٠٠ كشك واتوقع لقدام بيكون امتع ف اشوف الهجوم عليه ظلم فعن رضا الناس غاية لاتدرك ..,Madinah,منتزه,,,1,,1,1,reviews_zenodo,,https://zenodo.org/records/16924532,static,,2026-09-13T06:19:18.696424+00:00,False
reviews_01220,هوي ووك,,مكان جميل ومممتع فيه اختيارات متنوعة كافيهات و مطاعم ومحلات الايس كريم والعاب .,Madinah,منتزه,,,1,,1,,reviews_zenodo,,https://zenodo.org/records/16924532,static,,2026-09-13T06:19:18.696424+00:00,False
reviews_01221,هوي ووك,,مكان رائع جديد للمدينة انصح بالتجربة,Madinah,منتزه,,,,,1,1,reviews_zenodo,,https://zenodo.org/records/16924532,static,,2026-09-13T06:19:18.696424+00:00,False
reviews_01222,هوي ووك,,المكان بعيد ورسوم الدخول كثيره للي عنده عائلة كبيره والألعاب قديمه حقة الصناعات الي بالسلام وحقة حديقة الجرف الي تقفلو المكان لزيارة مره وحده ولايتكرر الا اذا غيرو فيه او خلوه مجانا,Madinah,منتزه,-1,,-1,,-1,-1,reviews_zenodo,,https://zenodo.org/records/16924532,static,,2026-09-13T06:19:18.696424+00:00,False
reviews_01223,هوي ووك,,سيء جدا .. وانصح ان لا احد يروح له .. اسعار مبالغ فيها ولايوجد شيء يستحق الزياره,Madinah,منتزه,-1,,,,-1,-1,reviews_zenodo,,https://zenodo.org/records/16924532,static,,2026-09-13T06:19:18.696424+00:00,False
reviews_01224,هوي ووك,,المكان جميل بس اللي يعيبه الالعاب مو بكثيره وغاليه .,Madinah,منتزه,-1,,-1,,-1,,reviews_zenodo,,https://zenodo.org/records/16924532,static,,2026-09-13T06:19:18.696424+00:00,False
reviews_01225,هوي ووك,,العابه غاليه شويه وتذاكر الدخول كمان لكن المكان حلو,Madinah,منتزه,-1,,,,1,,reviews_zenodo,,https://zenodo.org/records/16924532,static,,2026-09-13T06:19:18.696424+00:00,False
reviews_01226,هوي ووك,,المكان فاضي .. رسوم الدخول عاليه .. اسعار المحلات غاليه ...حار جدا الايسكريم ب ٢٠ ريال غلبو باسكن روبنز ...,Madinah,منتزه,-1,,-1,,,,reviews_zenodo,,https://zenodo.org/records/16924532,static,,2026-09-13T06:19:18.696424+00:00,False
reviews_01227,هوي ووك,,بصراحة المكان مومرة حلو يعني مافي اهتمام والانوار خافته واغلب المحلات مقفله ماعجبني بصراحة نفسي يرتقي شوي على الاقل زي موسم جدة والرياض ...,Madinah,منتزه,,,-1,,-1,-1,reviews_zenodo,,https://zenodo.org/records/16924532,static,,2026-09-13T06:19:18.696424+00:00,False
reviews_01228,هوي ووك,,سيء جدا بسبب وجود رسوم دخول لكل شخص٫ الموقع بعيد جدا٫ الالعاب اقل من عادية ولا تستحق. باختصار هو مثل سوق الصناعات لكن برسوم.,Madinah,منتزه,,,-1,,-1,-1,reviews_zenodo,,https://zenodo.org/records/16924532,static,,2026-09-13T06:19:18.696424+00:00,False
reviews_01229,هوي ووك,,مكان جميل والجو رائع تنوع بالثقافات والمطاعم والكافيهات والفعاليات ممتاز ونتمنى التمديد,Madinah,منتزه,,,1,,1,,reviews_zenodo,,https://zenodo.org/records/16924532,static,,2026-09-13T06:19:18.696424+00:00,False
reviews_01230,هوي ووك,,جيد ولكن الالعاب اسعارها غاليه والمطاعم جدا عددها قليل ومزدحمة,Madinah,منتزه,-1,,-1,,,,reviews_zenodo,,https://zenodo.org/records/16924532,static,,2026-09-13T06:19:18.696424+00:00,False
reviews_01231,هوي ووك,,المكان نظيف وممتاز وواسع صراحه ماتوقعته كذا من التقييم اللي بقوقل الكوفيهات متنوعه وقدامها جلسات المواقف متوفره حتى مواقف الVIP سعرها ٣٥ توقعت اغلى من كذا,Madinah,منتزه,1,1,1,,1,,reviews_zenodo,,https://zenodo.org/records/16924532,static,,2026-09-13T06:19:18.696424+00:00,False
reviews_01232,هوي ووك,,المكان جديد وجميل و واسع والتذكرة للدخول السعر مناسب ...,Madinah,منتزه,1,,,,1,,reviews_zenodo,,https://zenodo.org/records/16924532,static,,2026-09-13T06:19:18.696424+00:00,False
reviews_01233,هوي ووك,,صراحة المكان مظلوم من مواقع التواصل الاجتماعي....فالواقع المكان جميل جدا و وسيع والأشياء متنوعه وحتى الموظفين أسلوب راقيييي جدا 💗 ...,Madinah,منتزه,,,,1,1,,reviews_zenodo,,https://zenodo.org/records/16924532,static,,2026-09-13T06:19:18.696424+00:00,False
reviews_01234,هوي ووك,,مكان جميل ويستحق الزيارة ويعتبر تجربة جديدة على اهل المدينة والاسعار في متناول الجميع,Madinah,منتزه,1,,,,1,1,reviews_zenodo,,https://zenodo.org/records/16924532,static,,2026-09-13T06:19:18.696424+00:00,False
reviews_01235,هوي ووك,,المكان الصراحه عادي جدا مو سيء بس اكثر شي ماعجبني بالمكان انهم مو مهتمين بالمقعدين ومافي أي مكان يقدرون يطلعون فيه يعني قسم الكوفيهات مرتفع عليهم اتمنى منهم الاهتمام بهذا الشي,Madinah,منتزه,,,-1,,0,,reviews_zenodo,,https://zenodo.org/records/16924532,static,,2026-09-13T06:19:18.696424+00:00,False
reviews_01236,هوي ووك,,مكان جميل جدا ولا ينقصه رشاشات ماء لتخفيف الحرارة وكذلك اتمني تخفيض اسعار تذاكر الأطفال لأنها غاليه جدا,Madinah,منتزه,-1,,,,1,,reviews_zenodo,,https://zenodo.org/records/16924532,static,,2026-09-13T06:19:18.696424+00:00,False
reviews_01237,هوي ووك,,مكان جميل ورايق لتتنزه للعائله والاطفال وفيه مطاعم وكوفهات وفعاليات جميله,Madinah,منتزه,,,1,,1,,reviews_zenodo,,https://zenodo.org/records/16924532,static,,2026-09-13T06:19:18.696424+00:00,False
reviews_01238,هوي ووك,,لو فيه اقل من نجمة ضربتهم بها ، المكان سئ و موسف ويفشل الاسباب ممنوع دخول القهوة والشاي وتذاكر الاعاب غالية حيل و غلاء الاسعار عموما و كمان فقير بالفعاليات اضافة للاجواء الاهبه والاغاني حكاية ثانية الصوت فل تقوله قفل الصوت اذان يطنش تقوله ...,Madinah,منتزه,-1,,-1,,-1,-1,reviews_zenodo,,https://zenodo.org/records/16924532,static,,2026-09-13T06:19:18.696424+00:00,False
reviews_01239,هوي ووك,,المكان جميل جدا و متوفر فيه كل شي خصوصا وجود حضانة للاطفال و الكافيات و المطاعم و الأسواق و الهدايا التذكارية المكان يستحق الزيارة و الإستمتاع بقضاء الوقت مع العائلة و الإصحاب ولهم زيارة أخرى بإذن الله.,Madinah,منتزه,,,1,,1,1,reviews_zenodo,,https://zenodo.org/records/16924532,static,,2026-09-13T06:19:18.696424+00:00,False
reviews_01240,هوي ووك,,الفعاليات جميلة والتنظيم رائع، لكن للأمانة الأسعار مبالغ فيها جدا,Madinah,منتزه,-1,,1,1,,,reviews_zenodo,,https://zenodo.org/records/16924532,static,,2026-09-13T06:19:18.696424+00:00,False
reviews_01241,هوي ووك,,بصراحة مثل المهرجان الي كان قدام مستشفى احد او جنب كلية البنات لا جديد بس على مساحة أكبر حسيت بملل حقه زيارة وحدة اسعار الأكل مرة غالية,Madinah,منتزه,-1,,,,-1,-1,reviews_zenodo,,https://zenodo.org/records/16924532,static,,2026-09-13T06:19:18.696424+00:00,False
reviews_01242,هوي ووك,,جيد جدا ولا بأس فيه الأسعار مناسبه ويوجد فيه مواقف السيارات والاحتياجات الخاصه المكان هادي بس الموقع جدآ بعيد وشكرا لكم جميعا ونتمنا لكم التوفيق للجميع,Madinah,منتزه,0,,1,,0,,reviews_zenodo,,https://zenodo.org/records/16924532,static,,2026-09-13T06:19:18.696424+00:00,False
reviews_01243,هوي ووك,,تجربه جميله وجديده على اهل المدينه مكان عائلي يستحق التجربه فيه مقهى ومطعم الفلك وبارنز وكافيهات عديده ومطاعم والجناح التركي والهندي وغيره👌 ...,Madinah,منتزه,,,1,,1,1,reviews_zenodo,,https://zenodo.org/records/16924532,static,,2026-09-13T06:19:18.696424+00:00,False
reviews_01244,هوي ووك,,تنضيم مميز وعروض جميله فقرات متنوعه 👍🏻الاسعار مناسبه للجميع ...,Madinah,منتزه,1,,1,,1,,reviews_zenodo,,https://zenodo.org/records/16924532,static,,2026-09-13T06:19:18.696424+00:00,False
reviews_01245,هوي ووك,,مكان جميل جدا ومتكامل من المطاعم والكفيهات ونظيف دورات المياه بكل مكان موزعه,Madinah,منتزه,,1,1,,1,,reviews_zenodo,,https://zenodo.org/records/16924532,static,,2026-09-13T06:19:18.696424+00:00,False
reviews_01246,هوي ووك,,حلو المكان بس اسعارهم غاليه جدا,Madinah,منتزه,-1,,,,1,,reviews_zenodo,,https://zenodo.org/records/16924532,static,,2026-09-13T06:19:18.696424+00:00,False
reviews_01247,هوي ووك,,رائع المكان يحتاج إلى فتح أبواب اكثر ومواقف للسيارات اكثر إضافة إلى تبريد المنطقة برذاذ الماء,Madinah,منتزه,,,-1,,1,,reviews_zenodo,,https://zenodo.org/records/16924532,static,,2026-09-13T06:19:18.696424+00:00,False
reviews_01248,هوي ووك,,المكان جدا مناسب للعوائل فيه العاب وفيه كافيهات والمكان واسع ويستاهل الزيارة,Madinah,منتزه,,,1,,1,1,reviews_zenodo,,https://zenodo.org/records/16924532,static,,2026-09-13T06:19:18.696424+00:00,False
reviews_01249,هوي ووك,,جميل جدا يا ليت يكون فيه مراجعة اسعار الالعاب,Madinah,منتزه,-1,,,,1,,reviews_zenodo,,https://zenodo.org/records/16924532,static,,2026-09-13T06:19:18.696424+00:00,False
reviews_01250,هوي ووك,,المكان جميل جدا جدا لاكن أتمنى إنخفاض الأسعار,Madinah,منتزه,-1,,,,1,,reviews_zenodo,,https://zenodo.org/records/16924532,static,,2026-09-13T06:19:18.696424+00:00,False
reviews_01251,هوي ووك,,فعاليه جميله بس لو كانت في وقت الشتاء افضل وياليت يكون فيه فعاليات اكثر,Madinah,منتزه,,,-1,,1,,reviews_zenodo,,https://zenodo.org/records/16924532,static,,2026-09-13T06:19:18.696424+00:00,False
reviews_01252,هوي ووك,,كنت اتمنى أن يكون المكان افضل من كذا وننافس بجماليته فعاليات الرياض وجدة ولكن مع الاسف وجدت تكرار لحديقة البعيجان والحكير مع شوية من مهرجان الثقافة والشعوب الي بالجامعه الاسلامية اتمنى تقديم شي افضل لسكان المدينة بالمستقبل,Madinah,منتزه,,,-1,,-1,,reviews_zenodo,,https://zenodo.org/records/16924532,static,,2026-09-13T06:19:18.696424+00:00,False
reviews_01253,هوي ووك,,للاسف مكان صاخب لابعد حد وارتفاع غريب بالاسعار من الدخول الى الالعاب والكفيهات زياره للاسف سيئه وخسارة في كل شي,Madinah,منتزه,-1,,,,-1,-1,reviews_zenodo,,https://zenodo.org/records/16924532,static,,2026-09-13T06:19:18.696424+00:00,False
reviews_01254,هوي ووك,,مخيب للتوقعات 💔مخيب للامل ابدا بعيد عن الصورة الي شفناها في التسويق له ...,Madinah,منتزه,,,,,-1,-1,reviews_zenodo,,https://zenodo.org/records/16924532,static,,2026-09-13T06:19:18.696424+00:00,False
reviews_01255,هوي ووك,,المكان جيد ولاكن يبعد كثير عن موقع البيت واسعارهم مبالغ في,Madinah,منتزه,-1,,,,0,-1,reviews_zenodo,,https://zenodo.org/records/16924532,static,,2026-09-13T06:19:18.696424+00:00,False
reviews_01256,هوي ووك,,أسعار الألعاب مبالغ فيها وسعر الدخول أيضا مايحتاج تضيفوه دام العائلة حتدفع جوا وحتى أسعار المنتجات للأسف غالية ياريت المسؤولين عن هذا المكان يراجعوا الأسعار,Madinah,منتزه,-1,,,,,-1,reviews_zenodo,,https://zenodo.org/records/16924532,static,,2026-09-13T06:19:18.696424+00:00,False
reviews_01257,هوي ووك,,الفعاليات عادية جدا و الاسعار مرتفعة بالخصوص ألعاب الاطفال. و صوت الأغاني مزعج,Madinah,منتزه,-1,,0,,,-1,reviews_zenodo,,https://zenodo.org/records/16924532,static,,2026-09-13T06:19:18.696424+00:00,False
reviews_01258,هوي ووك,,مكان ترفهي ممتاز ودخول ذوي الاحتيات منظم ومجاني جهد يشكروا عليه,Madinah,منتزه,1,,,,1,1,reviews_zenodo,,https://zenodo.org/records/16924532,static,,2026-09-13T06:19:18.696424+00:00,False
reviews_01259,هوي ووك,,جميل جدا وفعاليات متنوعه وكافيهات,Madinah,منتزه,,,1,,1,,reviews_zenodo,,https://zenodo.org/records/16924532,static,,2026-09-13T06:19:18.696424+00:00,False
reviews_01260,هوي ووك,,اسعارهم مبالغ فيها جدا ليش كذا أهل المدينة يستاهلوا كل خير شخصيا ماراح ازور هذا المكان ابد حتى يراجعوا أنفسهم في الأسعار ويرحموا الناس,Madinah,منتزه,-1,,,,,-1,reviews_zenodo,,https://zenodo.org/records/16924532,static,,2026-09-13T06:19:18.696424+00:00,False
reviews_01261,هوي ووك,,المكان سيى مره وكله واسطات نص ساعه امسك سره ومكان غالي ومافيه شي ونص المحلات مقفله مثل كودو وقوله أعطني تتذكره يجي يطنش وفيه ازعاج مره وكمان فيه المحل الكبير المربع تخيل يبيع ارقيله ومعسلات وكمان عادي تدخن وض ذا القرااف,Madinah,منتزه,-1,,,,-1,,reviews_zenodo,,https://zenodo.org/records/16924532,static,,2026-09-13T06:19:18.696424+00:00,False
reviews_01262,هوي ووك,,جميل كاول مكان من نوعه في المدينه المنوره ارجو الاهتمام في الاسواق الداخليه والعاب الاطفال,Madinah,منتزه,,,0,,1,,reviews_zenodo,,https://zenodo.org/records/16924532,static,,2026-09-13T06:19:18.696424+00:00,False
reviews_01263,هوي ووك,,محل جميل وراقي ومتكامل ونظافة ويشكروا على جهودهم بكل امانه لكن اسعار الألعاب غالية والموسيقى صاخبه ..,Madinah,منتزه,-1,1,,,1,,reviews_zenodo,,https://zenodo.org/records/16924532,static,,2026-09-13T06:19:18.696424+00:00,False
reviews_01264,هوي ووك,,حلو المكان بس الاسعار الدخول والالعاب غالي واتمنى الاسعار تكون معقوله والاماكن لسى فاضيه مكان الدول,Madinah,منتزه,-1,,,,1,,reviews_zenodo,,https://zenodo.org/records/16924532,static,,2026-09-13T06:19:18.696424+00:00,False
reviews_01265,هوي ووك,,اعجبني بكل صراحه مكان ترفيهي ممتع,Madinah,منتزه,,,,,1,1,reviews_zenodo,,https://zenodo.org/records/16924532,static,,2026-09-13T06:19:18.696424+00:00,False
reviews_01266,هوي ووك,,ندمت اني رحت كنك رايح مكان في عام ٢٠٠٠ اتوقع الي قاعدين يمدحوه في التعليقات تسويق من نفس العاملين,Madinah,منتزه,,,,,-1,-1,reviews_zenodo,,https://zenodo.org/records/16924532,static,,2026-09-13T06:19:18.696424+00:00,False
reviews_01267,هوي ووك,,والله مايستاهل ربع نجمه اسعار مره مرتفعه في الألعاب واسعار المنتجات في البسطات من غير الدخول الشخص 15 ريال,Madinah,منتزه,-1,,,,,-1,reviews_zenodo,,https://zenodo.org/records/16924532,static,,2026-09-13T06:19:18.696424+00:00,False
reviews_01268,هوي ووك,,تو طالعه منه قسم بالله اكلنا هوى كلنا نصيحه لا تروحوا ذا المكان,Madinah,منتزه,,,,,-1,-1,reviews_zenodo,,https://zenodo.org/records/16924532,static,,2026-09-13T06:19:18.696424+00:00,False
reviews_01269,هوي ووك,,الاسعار غاليه والموسيقى صوتها عالي جدا,Madinah,منتزه,-1,,,,,-1,reviews_zenodo,,https://zenodo.org/records/16924532,static,,2026-09-13T06:19:18.696424+00:00,False
reviews_01270,هوي ووك,,فاشل جدا كانها مهرجانات الحاره و لا يستاهل تدفع ٢٠ ع الدخول,Madinah,منتزه,-1,,,,-1,-1,reviews_zenodo,,https://zenodo.org/records/16924532,static,,2026-09-13T06:19:18.696424+00:00,False
reviews_01271,هوي ووك,,مكان جميييل وتغييير للامانه اتقهويت في محل اسمه فيلوتشي الكريب والبان كيك والوافل يفوووز ومشروباتهم بارده منعشه,Madinah,منتزه,,,,,1,1,reviews_zenodo,,https://zenodo.org/records/16924532,static,,2026-09-13T06:19:18.696424+00:00,False
reviews_01272,هوي ووك,,كافيهات ومطاعم عاديه جدااا ومايستحق الرسوم حتى لو مجاني ما راح اكرر التجربة,Madinah,منتزه,,,-1,,-1,-1,reviews_zenodo,,https://zenodo.org/records/16924532,static,,2026-09-13T06:19:18.696424+00:00,False
reviews_01273,هوي ووك,,يحتاج زيادة محلات وتنوع داخل المحلات ويحتاج للترتيب وزيادة الاضاءة,Madinah,منتزه,,,-1,,-1,,reviews_zenodo,,https://zenodo.org/records/16924532,static,,2026-09-13T06:19:18.696424+00:00,False
reviews_01274,هوي ووك,,تجربة فاشلة جدا سيء سيء سيء لا انصح بزيارته ابدا غير الاسعار المبالغة فيها جدا والمسافة جدا بعيدة,Madinah,منتزه,-1,,,,-1,-1,reviews_zenodo,,https://zenodo.org/records/16924532,static,,2026-09-13T06:19:18.696424+00:00,False
reviews_01275,هوي ووك,,يخوان المدينة مسؤل الترفيه سي جدا أنا مدري الين متى تتحسن المدينة ممله جدا وكيف تصير المدينة سياحية وترفيهية أنا عن نفسي ما انصح احد يجيها وخلهم يقفلون بدال ما يفضحونا,Madinah,منتزه,,,,,-1,-1,reviews_zenodo,,https://zenodo.org/records/16924532,static,,2026-09-13T06:19:18.696424+00:00,False
reviews_01276,هوي ووك,,قسم بالله ريحة صن والمكان لايطاق ابدا ولو الدخول بلاش مستحيل ادخل نهائيا ، خسارة المشوار والبنزين والمكان شبه فاضي لايغركم التصوير والاعلانات,Madinah,منتزه,,-1,,,-1,-1,reviews_zenodo,,https://zenodo.org/records/16924532,static,,2026-09-13T06:19:18.696424+00:00,False
reviews_01277,هوي ووك,,المكان مقبول والأسعار جدا مبالغ فيها,Madinah,منتزه,-1,,,,1,,reviews_zenodo,,https://zenodo.org/records/16924532,static,,2026-09-13T06:19:18.696424+00:00,False
reviews_01278,هوي ووك,,كبدايه المكان مقبول بس الرسوم مالها داعي وبعض الاشياء غاليه,Madinah,منتزه,-1,,,,1,,reviews_zenodo,,https://zenodo.org/records/16924532,static,,2026-09-13T06:19:18.696424+00:00,False
reviews_01279,هوي ووك,,مكان جميل وكبير ومتنوع أنصحكم بالزيارة,Madinah,منتزه,,,,,1,1,reviews_zenodo,,https://zenodo.org/records/16924532,static,,2026-09-13T06:19:18.696424+00:00,False
reviews_01280,هوي ووك,,استغلال اسعار،، وممنوع دخول المشروبات والقهوه، ‏مواقف السيارات غير مهيأة.,Madinah,منتزه,-1,,-1,,,,reviews_zenodo,,https://zenodo.org/records/16924532,static,,2026-09-13T06:19:18.696424+00:00,False
reviews_01281,هوي ووك,,المكان جدا عايدي كانوا معرض ما يستاهل ١٥ او ٢٠ ريال دخول,Madinah,منتزه,-1,,,,-1,,reviews_zenodo,,https://zenodo.org/records/16924532,static,,2026-09-13T06:19:18.696424+00:00,False
reviews_01282,هوي ووك,,مكان جدا سيء مافيه أي فعاليات ما انصح احد يزوره 👎🏻🛑 ...,Madinah,منتزه,,,-1,,-1,,reviews_zenodo,,https://zenodo.org/records/16924532,static,,2026-09-13T06:19:18.696424+00:00,False
reviews_01283,هوي ووك,,تجهيزات سيئة وكل المكان يحتاج عمل وبكون بجودة واحترافية,Madinah,منتزه,,,,,-1,-1,reviews_zenodo,,https://zenodo.org/records/16924532,static,,2026-09-13T06:19:18.696424+00:00,False
reviews_01284,هوي ووك,,مكان جميل ومرتب يستحق الزيارة,Madinah,منتزه,,,,,1,1,reviews_zenodo,,https://zenodo.org/records/16924532,static,,2026-09-13T06:19:18.696424+00:00,False
reviews_01285,هوي ووك,,ممتاز جدا فعاليات فيه,Madinah,منتزه,,,1,,1,,reviews_zenodo,,https://zenodo.org/records/16924532,static,,2026-09-13T06:19:18.696424+00:00,False
reviews_01286,هوي ووك,,والله الايفينت مرا خايس وبييض واسعار خياليه مررا غاليه وما تستاهل والله ما انصح احد يروحو. 😡😫😫💔 ...,Madinah,منتزه,-1,,,,-1,-1,reviews_zenodo,,https://zenodo.org/records/16924532,static,,2026-09-13T06:19:18.696424+00:00,False
reviews_01287,هوي ووك,,المكان يفوز استعدو وتعالو راح تكون تجربة مميزة 🤩 ...,Madinah,منتزه,,,,,1,1,reviews_zenodo,,https://zenodo.org/records/16924532,static,,2026-09-13T06:19:18.696424+00:00,False
reviews_01288,هوي ووك,,جميل واتمنى لفة النظر بالاسعار غاليه شوي,Madinah,منتزه,-1,,,,1,,reviews_zenodo,,https://zenodo.org/records/16924532,static,,2026-09-13T06:19:18.696424+00:00,False
reviews_01289,هوي ووك,,تجربة سيئة ، مكان لايليق بجمال المدينة,Madinah,منتزه,,,,,-1,-1,reviews_zenodo,,https://zenodo.org/records/16924532,static,,2026-09-13T06:19:18.696424+00:00,False
reviews_01290,هوي ووك,,المكان لايستحق الزياره للأسف,Madinah,منتزه,,,,,-1,-1,reviews_zenodo,,https://zenodo.org/records/16924532,static,,2026-09-13T06:19:18.696424+00:00,False
reviews_01291,بوليفارد ورلد,,استمعت بالمكان مررة أكثر مما توقعت المكان جميل ومرتب والمنظمين بكل مكان يعني ماتطول وأنت تدور احد إذا تبي تسأل بس ياليت لو كان عند كل بوابة خاصة ببلد معين شخص يرحب بالناس بلغة ولبس البلد ...,Riyadh,منتزه,,,,1,1,,reviews_zenodo,,https://zenodo.org/records/16924532,static,,2026-09-13T06:19:18.696424+00:00,False
reviews_01292,بوليفارد ورلد,,منطقة العاب واسعه وتجربة الدول حلوه لاكن شفت بعض المحلات متكرره ببعض الدول وتجربه حلوه حجزت قبلها بيوم ب 29 ريال للشخص ... ركبت القارب ب 150 ريال وفيه قارب على شكل سياره ب 300 ريال,Riyadh,منتزه,,,1,,1,,reviews_zenodo,,https://zenodo.org/records/16924532,static,,2026-09-13T06:19:18.696424+00:00,False
reviews_01293,بوليفارد ورلد,,تمنح منطقة بوليڤارد وورلد زوارها متعة التعرف على حضارات وثقاقات العالم ! مكان رائع وجميل جدا .. الاجواء خيال ، قد أكون آخر شخص يزور المكان ، ولكن بالفعل انصح الجميع بالزياره ، لابد من حجز مسبق عبر التطبيق ، مكان شبيه بالقريه العالميه في ...,Riyadh,منتزه,,,1,,1,1,reviews_zenodo,,https://zenodo.org/records/16924532,static,,2026-09-13T06:19:18.696424+00:00,False
reviews_01294,بوليفارد ورلد,,المكان تحفه معمارية وفنيه خيالية تجمع لك ثقافة الدول كلها بمكان واحد ...,Riyadh,منتزه,,,1,,1,,reviews_zenodo,,https://zenodo.org/records/16924532,static,,2026-09-13T06:19:18.696424+00:00,False
reviews_01295,بوليفارد ورلد,,إضافات رائعة خاصة جناح جمهورية مصر. المكان رائع وملفت وفيه الكثير من المتعة سواء من خلال الاطلاع على ثقافات الشعوب أو الألعاب أو الشراء. ...,Riyadh,منتزه,,,,,1,1,reviews_zenodo,,https://zenodo.org/records/16924532,static,,2026-09-13T06:19:18.696424+00:00,False
reviews_01296,بوليفارد ورلد,,المكان رروووووعه التنوع اللي فيه فظييييع روحته وقت الشتا حرفيا كان يوم جمييييييل لكن ضروري يكون الدفع بالبطاقه مايقبلو كاش لانو ماعندهم صرف .,Riyadh,منتزه,,,,,1,1,reviews_zenodo,,https://zenodo.org/records/16924532,static,,2026-09-13T06:19:18.696424+00:00,False
reviews_01297,بوليفارد ورلد,,تجربه رائعه جميله جدا استمتعنى وكانت رمضان الاجواء خيال,Riyadh,منتزه,,,,,1,1,reviews_zenodo,,https://zenodo.org/records/16924532,static,,2026-09-13T06:19:18.696424+00:00,False
reviews_01298,بوليفارد ورلد,,المكان كبير جدآ ماشاء الله.. وممتع للجميع.. ولكن الملاهي لايوجد الكثير من الالعاب لعمر اقل من ٥ سنوات.. بشكل عام الصراحه ابدااع..,Riyadh,منتزه,,,0,,1,,reviews_zenodo,,https://zenodo.org/records/16924532,static,,2026-09-13T06:19:18.696424+00:00,False
reviews_01299,بوليفارد ورلد,,رحنا اول ما فتح على الساعه 4 و دخلنا على طول لان التذاكر شارينها مسبقا مكان حلوه وفيه معالم جميلة ، بس مشكلة بوثات العطور كثييرره وكلهم ينشبون للواحد ما يعرف يمشي براحته ...,Riyadh,منتزه,,,1,0,1,,reviews_zenodo,,https://zenodo.org/records/16924532,static,,2026-09-13T06:19:18.696424+00:00,False
reviews_01300,بوليفارد ورلد,,رائع قليله عليه، خيالي وفعاليات وحضارة واكل كل مدينة زادتها جمال، ماتوقعت بنبسط فيه هالكثر لكن صار الحمدالله♥️,Riyadh,منتزه,,,1,,1,1,reviews_zenodo,,https://zenodo.org/records/16924532,static,,2026-09-13T06:19:18.696424+00:00,False
reviews_01301,بوليفارد ورلد,,ابتدي المواقف جميل فكرت ٣٠ ريال في اليوم وسعر مناسب والالعاب جميله لكن اتمنيت لو الالعاب تكون اكثر وانا بحكم انسان احب الليل اتمنيت لو يسكرون ٣-٢ الليل ١ بنسبه لي بدري لكن ترا سعر الدخول ومكانه حلو,Riyadh,منتزه,1,,,,1,,reviews_zenodo,,https://zenodo.org/records/16924532,static,,2026-09-13T06:19:18.696424+00:00,False
reviews_01302,بوليفارد ورلد,,مكان كبير وممتع للكبار والصغار ، الدخول للمواقف ب30 ريال اليوم كامل ، كل شي حرفيا مرتب وريحه جميله وكل زون أمتع من الثاني دورات المياه والمصليات للنساء والرجال موزعه كل مامشيت شوي تحصل مصلى وبجانبه دورات المياه ،يكفي تقريبا من 5-6 ساعات حلو تجونه بدري النهار وتستمتعون بالغروب، وفيه منطقه العاب للكبار والصغار ..,Riyadh,منتزه,,,1,,1,1,reviews_zenodo,,https://zenodo.org/records/16924532,static,,2026-09-13T06:19:18.696424+00:00,False
reviews_01303,بوليفارد ورلد,,تجربة رائعة.مكان جميل جدا ومنظم ونظيف واعجز عن وصف الإتقان في التنفيذ والجمال في كل دولة تجد ابرز المعالم كانك زرتها حقيقة.. الملاحظات فقط التدخين من العاملين والزوار افسد جمال التجربة. وارتفاع الأسعار للاكل .,Riyadh,منتزه,-1,1,1,0,1,,reviews_zenodo,,https://zenodo.org/records/16924532,static,,2026-09-13T06:19:18.696424+00:00,False
reviews_01304,بوليفارد ورلد,,ممتاز روعة التذاكر الدخول ٢٩ريال للشخص وبالداخل العاب تدفع فيها تذاكر في اي لعبة حبب تلعبها وطبعا تشوف مجانا ايطاليا واليونان وفرنسا والصين والشام ومصر والمغرب والمكسيك والهند في كل قسم ...,Riyadh,منتزه,1,,1,,1,,reviews_zenodo,,https://zenodo.org/records/16924532,static,,2026-09-13T06:19:18.696424+00:00,False
reviews_01305,بوليفارد ورلد,,مكان جدا جميل أنصح فيه وبشدة يوم واحد لا يكفيه لنا زيارة بإذن الله ❤️❤️,Riyadh,منتزه,,,,,1,1,reviews_zenodo,,https://zenodo.org/records/16924532,static,,2026-09-13T06:19:18.696424+00:00,False
reviews_01306,بوليفارد ورلد,,مرة المكان جميل ورايق وينفع للسياح وغير السياح للأطفال والكبار ولكن ياليتهم يحطون كراسي أكثر نجلس عليهم ...,Riyadh,منتزه,,,0,,1,,reviews_zenodo,,https://zenodo.org/records/16924532,static,,2026-09-13T06:19:18.696424+00:00,False
reviews_01307,بوليفارد ورلد,,فعاليه بوليفارد وورلد من ظمن فعاليات موسم الرياض مكان فخم ورايق وهادئ وجميل ونظيف يوجد فيه فعاليات متنوعة عباره عن مناطق لدول اجنبية ويوجد بحرية و ألعاب وكافيهات ومطاعم عالمية فعاليه تستحق الزيارة 🙏 اذا اعجبك التقرير لاتنسى الاعجاب ولاعليك امر 😊 ...,Riyadh,منتزه,,,1,,1,,reviews_zenodo,,https://zenodo.org/records/16924532,static,,2026-09-13T06:19:18.696424+00:00,False
reviews_01308,بوليفارد ورلد,,بوليفارد وورلد بالمملكة السعودية بالرياض وجهة رائعة وقمة في الوناسة وقمة في المتعة اللي ما زار المكان لا يطوفكم تنظيم رائع وتصميم أروع مبهر والله المكان جميل جدا جدا والمكان كبير وملئ بالمتعة والفائدة، كل مكان فيه يمثل حضارة ومنطقة من ...,Riyadh,منتزه,,,,1,1,,reviews_zenodo,,https://zenodo.org/records/16924532,static,,2026-09-13T06:19:18.696424+00:00,False
reviews_01309,بوليفارد ورلد,,يهبل تنظيم و نظافه وجمال يوسع الصدر المكان بارك الله في جهود القائمين عليه 🤍 بوثات البيع زادت و صار صراحه حلو للتسوق 🤩 ...,Riyadh,منتزه,,1,,1,1,,reviews_zenodo,,https://zenodo.org/records/16924532,static,,2026-09-13T06:19:18.696424+00:00,False
reviews_01310,بوليفارد ورلد,,كان يوم جميييل و ممتع ، تجربه خياليه و المناظر جميله ، الشيء السلبي الوحيد هو زحمة الكافيهات و مافي قعدات كثيره فيها ، لكن باقي الاشياء جميله👏 ...,Riyadh,منتزه,,,0,,1,1,reviews_zenodo,,https://zenodo.org/records/16924532,static,,2026-09-13T06:19:18.696424+00:00,False
reviews_01311,بوليفارد ورلد,,الدخول ٢٩ ريال المواقف ١٠ ريال للساعة المكان رائع جدا ...,Riyadh,منتزه,1,,,,1,,reviews_zenodo,,https://zenodo.org/records/16924532,static,,2026-09-13T06:19:18.696424+00:00,False
reviews_01312,بوليفارد ورلد,,المكان مره جميل وكل سنة يتطور أكثر من السنة اللي قبلها فيه زحمة إلا أن التنظيم ممتاز الدخول سريع بدون انتظار تقدر تحجز تذكرتك من تطبيق weebook ، استمتع بكل منطقة وتعرف على كل منطقة من تاريخها وأشهر معالمها وطابعها المعماري و مأكولاتها من ...,Riyadh,منتزه,,,1,,1,,reviews_zenodo,,https://zenodo.org/records/16924532,static,,2026-09-13T06:19:18.696424+00:00,False
reviews_01313,بوليفارد ورلد,,المكان جمييييل جدا وممتع ويستحق الزيارة الاسعار مرتفعه في المشتريات والمأكولات 💸 كانت زيارتنا ايام الاسبوع ماكان زحمه مره .. معقول ...,Riyadh,منتزه,-1,,,,1,,reviews_zenodo,,https://zenodo.org/records/16924532,static,,2026-09-13T06:19:18.696424+00:00,False
reviews_01314,بوليفارد ورلد,,رحله سفر من دوله الى دوله في مكان معين تنوع ثقافي للدول والشعوب عالم آخر مليء بالمتعه والأنشطة الجميله روح المنظمين واسلوبهم في استقبال الزوار يشكرون عليه زيارة تستحق التكرار 😍. ...,Riyadh,منتزه,,,1,1,1,,reviews_zenodo,,https://zenodo.org/records/16924532,static,,2026-09-13T06:19:18.696424+00:00,False
reviews_01315,بوليفارد ورلد,,تجربة جميلة 😍تستحق الزيارة وفيها تنوع ثقافي لبلدان العالم من ملبوسات ومأكولات ومشتريات وفعاليات مع بحيرة وجولة بالقارب ب ٥٠ ريال للشخص وأجواء روعة في الرياض مع ألعاب مناسبة لجميع الأعمار وفعاليات ترفيهية وتذكرة الدخول فقط ب ٢٩ ريال ...,Riyadh,منتزه,,,1,,1,1,reviews_zenodo,,https://zenodo.org/records/16924532,static,,2026-09-13T06:19:18.696424+00:00,False
reviews_01316,بوليفارد ورلد,,كل شي مرتب ومنظم المواقف والتذاكر حجز اون لاين بس تجون تدخلون على طول ومايكون زحمة كثير لان يحددون عدد للدخول 👍 العاب للكبار والصغار ...,Riyadh,منتزه,,,,1,1,1,reviews_zenodo,,https://zenodo.org/records/16924532,static,,2026-09-13T06:19:18.696424+00:00,False
reviews_01317,بوليفارد ورلد,,جميل جدا جدا متنفس للعائله والاطفال. كل شي تبغاه موجود انصح وبقوه.,Riyadh,منتزه,,,1,,1,1,reviews_zenodo,,https://zenodo.org/records/16924532,static,,2026-09-13T06:19:18.696424+00:00,False
reviews_01318,بوليفارد ورلد,,من اجمل الاماكن استمتعت ب الرحلة لهذا الاماكن بصراحة حبيت الركن اليوناني عندهم شاورما والإيطالي حبيت كمان الفرنسي الشاشه والمتاهه حلوه لعبت فيها كمان جدا رائع وجميل 🥙🥙🥙🥙🥙 ...,Riyadh,منتزه,,,1,,1,,reviews_zenodo,,https://zenodo.org/records/16924532,static,,2026-09-13T06:19:18.696424+00:00,False
reviews_01319,بوليفارد ورلد,,المكان قليل في حقه كلمة رائع ترتيب وتفاصيل مميزه تنوع الدول واجواء المكان شيء لا يوصف ...,Riyadh,منتزه,,,1,,1,,reviews_zenodo,,https://zenodo.org/records/16924532,static,,2026-09-13T06:19:18.696424+00:00,False
reviews_01320,بوليفارد ورلد,,السلام عليكم مساء الخير ، - ما شاء الله جميل جدا خصوصا الحضارات الجديدة وجهة سياحية جميلة وما شاء الله ...,Riyadh,منتزه,,,,,1,1,reviews_zenodo,,https://zenodo.org/records/16924532,static,,2026-09-13T06:19:18.696424+00:00,False
reviews_01321,قرية المفتاحة التشكلية,,قرية المفتاحة دخلتها الدخول بفلوس قالو رسوم ١٨ وبعد ماادخلت الباركود كان المبلغ ٢١ وللاسف الشديد عباره عن مباني غير مكتمله يوجد فيها محل فقط وهو محل احدالرسامات ...,Abha,مكان تراثي وتاريخي,,,-1,,-1,-1,reviews_zenodo,,https://zenodo.org/records/16924532,static,,2026-09-13T06:19:18.696424+00:00,False
reviews_01322,قرية المفتاحة التشكلية,,المكان جميل .. تذاكر الدخول مبالغ فيها يطلع لك ب١٨ وبعدها يطلع لك رسوم وضريبه يوصل المبلغ ٢٥ ريال تقريبا وكل شيء بالداخل بفلوس المفروض يخصمون من مبلغ الدخول الاكل او المشروبات .. ياليت يرجعون يراجعون الاسعار مو معقوله ادخل مكان ب ٢٥ ريال بس عشان اتفرج على كم مبنى قديم ..,Abha,مكان تراثي وتاريخي,,-1,,,1,,reviews_zenodo,,https://zenodo.org/records/16924532,static,,2026-09-13T06:19:18.696424+00:00,False
reviews_01323,قرية المفتاحة التشكلية,,المكان جدا جميل ورائع ولكنه صغير نوعا ما، يستاهل الزيارة لكونه أحد معالم أبها الرئيسية. فيه كافيهات ومطاعم وبراندات متوزعة حول القرية 👌🏻، أيضا يوجد عروض مسرحية بالليل حسب كلام المنظمين. ...,Abha,مكان تراثي وتاريخي,,,1,,1,1,reviews_zenodo,,https://zenodo.org/records/16924532,static,,2026-09-13T06:19:18.696424+00:00,False
reviews_01324,قرية المفتاحة التشكلية,,المكان جميل و رايق لكن صغير سعر التذكره ٢١ ونص و الاطفال اقل من ١٠ سنوات مجانا ، و يتطلب الحجز عن طريق بلاتينيوم ليست . المفروض بدون رسوم لان المكان صغير مره و ما فيه فعاليات كله بيع,Abha,مكان تراثي وتاريخي,-1,,-1,,1,,reviews_zenodo,,https://zenodo.org/records/16924532,static,,2026-09-13T06:19:18.696424+00:00,False
reviews_01325,قرية المفتاحة التشكلية,,المكان حلو ورايق !! اعجبني مره جلسات وكافيهات ومطاعم وفود ترك ، ومعرض فنون ، واماكن بيع صناعات سعودية (اكسسوار ، ملابس ) ...,Abha,مكان تراثي وتاريخي,,,1,,1,,reviews_zenodo,,https://zenodo.org/records/16924532,static,,2026-09-13T06:19:18.696424+00:00,False
reviews_01326,قرية المفتاحة التشكلية,,المكان ممتع جدا.. فيه محلات عطور وملابس وعبايات، فيه كم مطعم وقهاوي وجلسات برضو فيه فرقه.. يستاهل الزيارة الصراحه 🙏🏻 ...,Abha,مكان تراثي وتاريخي,,,1,,1,1,reviews_zenodo,,https://zenodo.org/records/16924532,static,,2026-09-13T06:19:18.696424+00:00,False
reviews_01327,قرية المفتاحة التشكلية,,الموقع جدا عادي مهو محفز الصراحه والدخول بفلوس ولازم تكون منزل تطبيق اجباري الصراحه ما حبيت لكن زياره ما راحا تتكرر الا اذا اضافو شي جديد,Abha,مكان تراثي وتاريخي,,,,,-1,-1,reviews_zenodo,,https://zenodo.org/records/16924532,static,,2026-09-13T06:19:18.696424+00:00,False
reviews_01328,قرية المفتاحة التشكلية,,فعلا اجواء رمضانيه .. فيه تسوق و العاب و كافيهات .. و فيه كم كافيه جاي من الرياض مثل فووم وايحاء وديول اخذنا قهوتنا من ديول كانت جيده .. م عجبني انو صوت الميوزك عالي جدا,Abha,مكان تراثي وتاريخي,,,1,,,0,reviews_zenodo,,https://zenodo.org/records/16924532,static,,2026-09-13T06:19:18.696424+00:00,False
reviews_01329,قرية المفتاحة التشكلية,,مكان اكثر من رائع حبيت تفاصيله والمنظمين خلوقين جدا. عيوبه :رحت له افطار رمضاني ماكان فيه خيارات لكن كزياره وقهوه انصح فيه وبقوه,Abha,مكان تراثي وتاريخي,,,,1,1,0,reviews_zenodo,,https://zenodo.org/records/16924532,static,,2026-09-13T06:19:18.696424+00:00,False
reviews_01330,قرية المفتاحة التشكلية,,الدخول ٢١ ريال الاطفال مجانآ جيته على اساس فيه فعاليات ولكن للأسف تم الغاء الفعاليات بسبب المطر المكان عادي جدا عباره عن رسومات على الجدران وكفيهات ومحلات لبيع العطور والملابس,Abha,مكان تراثي وتاريخي,,,-1,,-1,,reviews_zenodo,,https://zenodo.org/records/16924532,static,,2026-09-13T06:19:18.696424+00:00,False
reviews_01331,قرية المفتاحة التشكلية,,اجواء رمضان حلوه مررره بس نصيحه ماتصلح للفطور مافيه الا مطعم الشخص ب 95 وابو العبد ساندويشات لحم جدا سيئه الله يكرم النعمه ...,Abha,مكان تراثي وتاريخي,,,-1,,1,,reviews_zenodo,,https://zenodo.org/records/16924532,static,,2026-09-13T06:19:18.696424+00:00,False
reviews_01332,قرية المفتاحة التشكلية,,ياسلام على الجاكرندا وجمالها وجمال المفتاحه والتنظيم الراقي ...لكن عندي ملاحظه بسيطه إذا ممكن دراستها من قبل المختصين...قريه المفتاحة تراثيه وتمثل مباني عسير الأصيله... فهل يعقل تشغيل موسيقى أجنبيه ...لا يوجد أي توافق أو ترابط أين تعزيز هويتنا التراثيه بموسيقى أصيله تراثيه ...على العموم حبيت المكان ومنها للأفضل,Abha,مكان تراثي وتاريخي,,,,1,1,0,reviews_zenodo,,https://zenodo.org/records/16924532,static,,2026-09-13T06:19:18.696424+00:00,False
reviews_01333,قرية المفتاحة التشكلية,,المكان جميييل جدا واجواء رمضانية 😍 في محلات متعددة قهاوي ومطاعم ومحلات عطور وملابس والأهم من هذا كله التنظيم ممتاز ...,Abha,مكان تراثي وتاريخي,,,1,1,1,,reviews_zenodo,,https://zenodo.org/records/16924532,static,,2026-09-13T06:19:18.696424+00:00,False
reviews_01334,قرية المفتاحة التشكلية,,المكان جميل خصوصا بالليل وتذاكر الدخول بالويكند 15 للشخص و10 في ايام الاسبوع الملاحظه على الحمامات جددددا وصخه وتحتاج الى تنظيف وصيانة,Abha,مكان تراثي وتاريخي,,-1,,,1,,reviews_zenodo,,https://zenodo.org/records/16924532,static,,2026-09-13T06:19:18.696424+00:00,False
reviews_01335,قرية المفتاحة التشكلية,,الدخول ب 18 ريال تقريبا للشخص. الاجواء وفعالية المسرح جميلة جدا. وتضيف جو للجو. ايضا تصميم القرية على شكل بيوت وممرات قديمة اعطى معنى للمكان. غير كذا لا يوجد شيء اخر. و الكفييات والمطاعم محدودة جدا. احس يمكن تكون افضل بكثير,Abha,مكان تراثي وتاريخي,,,0,,0,,reviews_zenodo,,https://zenodo.org/records/16924532,static,,2026-09-13T06:19:18.696424+00:00,False
reviews_01336,قرية المفتاحة التشكلية,,مكان اكثر من رائع ومريح وممتع يستحق الزيارة 👌💕 ...,Abha,مكان تراثي وتاريخي,,,,,1,1,reviews_zenodo,,https://zenodo.org/records/16924532,static,,2026-09-13T06:19:18.696424+00:00,False
reviews_01337,قرية المفتاحة التشكلية,,من الأماكن الجميلة وتستحق الزيارة وخصوصا للعوائل,Abha,مكان تراثي وتاريخي,,,,,1,1,reviews_zenodo,,https://zenodo.org/records/16924532,static,,2026-09-13T06:19:18.696424+00:00,False
reviews_01338,قرية المفتاحة التشكلية,,ننصح بزيارة هذه القرية الجميلة لما فيها من حسن ترتيب وتنظيم واهتمام. ألوان مبهجة تعم المكان ورجال الأمن والتنظيم قائمين بأعمالهم على أكمل وجه. وجهة سياحية تستحق الزيارة وقريبة جدا من شارع الفن وفيها أركان لعرض الأعمال الفنية والحرفية وبيع الورد بأشكاله والبخور والعود ويتواجد فيها عروض حية ومسرح.,Abha,مكان تراثي وتاريخي,,,1,1,1,1,reviews_zenodo,,https://zenodo.org/records/16924532,static,,2026-09-13T06:19:18.696424+00:00,False
reviews_01339,قرية المفتاحة التشكلية,,تقييمي فالصيفيه. المكان للتصوير فقط تجربه اشوفها تضييع للوقت انتظر واخر شي يطلع ممل صراحه بس فيه كوفيهات فالبداية وأشياء تراثيه وزحمه داخل المحلات نصيحه خذ فره وصور واخرج😂 عندهم مسرح بس شكله فالمساء يشتغل . ...,Abha,مكان تراثي وتاريخي,,,1,,0,-1,reviews_zenodo,,https://zenodo.org/records/16924532,static,,2026-09-13T06:19:18.696424+00:00,False
reviews_01340,قرية المفتاحة التشكلية,,المكان شعبي وجميل جداجدا لكن الاسعار مبالغ فيها وزحمة ولايوجد تنظيم نتمنى تكون افضل واوسع لانها وجهه سياحية جذابة في المنطقة,Abha,مكان تراثي وتاريخي,-1,,,-1,1,,reviews_zenodo,,https://zenodo.org/records/16924532,static,,2026-09-13T06:19:18.696424+00:00,False
reviews_01341,قرية المفتاحة التشكلية,,جدا المكان جميل ومميز والتنسيق والتنظيم رائع وحبيت ترحيب المنظمين وقت الدخول وتنوع الحرف الموجوده من تراث وحرف ورسومات والفن العسير بالكامل يستحق الزياره,Abha,مكان تراثي وتاريخي,,,,1,1,1,reviews_zenodo,,https://zenodo.org/records/16924532,static,,2026-09-13T06:19:18.696424+00:00,False
reviews_01342,قرية المفتاحة التشكلية,,قريه المفتاحه فعاليه ( رمضان زمان اول ) التنظيم خايس تحجز تذاكر واخر شي تدخل اخر الناس ع اساس تنظيم وياليت في فعاليات حلوه تستاهل كل هالتاخير مافي شي ماغير كم كوفي ومطعم غير تعامل بعض المنظمين مرررررررررررره 👎🏼👎🏼👎🏼👎🏼👎🏼 ...,Abha,مكان تراثي وتاريخي,,,-1,-1,-1,,reviews_zenodo,,https://zenodo.org/records/16924532,static,,2026-09-13T06:19:18.696424+00:00,False
reviews_01343,قرية المفتاحة التشكلية,,منطقة تراثية ولوحات فنية رائعة تستحق الزيارة. تحتاج اهتمام وعناية اكثر وترويج للموقع . المنطقة يوجد بها العديد من الفعاليات سوق الثلاثاء. مسرح طلال مداح. شارع الفن . مع الاسف عند زيارتي كل شيء مغلق لا ادري متى تفتح,Abha,مكان تراثي وتاريخي,,,0,,1,-1,reviews_zenodo,,https://zenodo.org/records/16924532,static,,2026-09-13T06:19:18.696424+00:00,False
reviews_01344,قرية المفتاحة التشكلية,,مكان جميل... خدمات متوفرة... نقطة سلبية هي دورات مياه النساء غير نظيفة عشان كذا عطيته ثلاث نجوم,Abha,مكان تراثي وتاريخي,,-1,1,,1,,reviews_zenodo,,https://zenodo.org/records/16924532,static,,2026-09-13T06:19:18.696424+00:00,False
reviews_01345,قرية المفتاحة التشكلية,,١٠/٢ ولا انصح تضيعيون وقتكم فيه فيه تنظيم بس وجودهم زي عدمهم بس اللي استفدناه منهم علمونا من وين البداية والنهاية غير كذا ماش ...,Abha,مكان تراثي وتاريخي,,,,-1,-1,,reviews_zenodo,,https://zenodo.org/records/16924532,static,,2026-09-13T06:19:18.696424+00:00,False
reviews_01346,قرية المفتاحة التشكلية,,المكان ساحر وجميل بالليل شربت عندهم الذ كركديه بحياتي والفن الجنوبي والعرضه الجنوبيه جميله والمبيعات والاجواء خياليه اتمنى تروجون لها اكثر لانها مظلومه واصلا دريت عنها ودخلتها بالغلط,Abha,مكان تراثي وتاريخي,,,,,1,1,reviews_zenodo,,https://zenodo.org/records/16924532,static,,2026-09-13T06:19:18.696424+00:00,False
reviews_01347,قرية المفتاحة التشكلية,,المكان جميل وخاصه ايام الجاكرندا جيته الصباح لكن للاسف الذباب منتشر بشكل مقرف وخاصه في بعض الكوفيهات كان بالامكان وضع لمبات شفط الذباب والناموس ودورات المياه تفتقر للنظافه الروائح كريهه لايوجد مطهرات ولافاين ولاعاملات نظافه ادوات الصابون مكسره مرميه بالارض,Abha,مكان تراثي وتاريخي,,-1,-1,,1,,reviews_zenodo,,https://zenodo.org/records/16924532,static,,2026-09-13T06:19:18.696424+00:00,False
reviews_01348,قرية المفتاحة التشكلية,,الدخول برسوم مدفوعه من خلال رابط لفعاليات عسير ويرسلون لك التذاكر بالبريد الالكتروني متنوع من البضاعات والمأكولات ومحلات قهوه وحلى يوجد عازفين ولاتوجد فعاليه بالمسرح للاسف وتصميم القريه تراثي ..,Abha,مكان تراثي وتاريخي,,,1,,1,,reviews_zenodo,,https://zenodo.org/records/16924532,static,,2026-09-13T06:19:18.696424+00:00,False
reviews_01349,قرية المفتاحة التشكلية,,استغلاليين ماديين قبل كل شي .. دخلت عيالي الحضانه عشان يلعبون و دفعت عليهم اخر شي خلوهم يرتبون الحضانه وطلعوهم لي تواصلت مع محمد المشاري ع اساس انه هو المسؤول ومامنه فايده ولا تجاوب بإختصار اخذو فلوس و خلو الأطفال ينظفون لهم لكن عساها في ذمتهم الى ان يلقون ربهم .. لا تقارن بفعاليات الرياض و جده خسارة فلوس ع الفاضي,Abha,مكان تراثي وتاريخي,,,-1,-1,,-1,reviews_zenodo,,https://zenodo.org/records/16924532,static,,2026-09-13T06:19:18.696424+00:00,False
reviews_01350,قرية المفتاحة التشكلية,,هنا يجتمع المبدعون من اهل الفن والرسم والنحت والتصوير والفن التشكيلي ليرسمون لنا احساس فسيفسائي ثري، معارض جميله ابهرتني وابهرني اكثر ابناء وبنات الوطن القائمين عليها، رغم كل الصعوبات التي يواجهونها، كلي فخر بكم ايها الرائعون.,Abha,مكان تراثي وتاريخي,,,1,,1,,reviews_zenodo,,https://zenodo.org/records/16924532,static,,2026-09-13T06:19:18.696424+00:00,False
reviews_01351,قرية المفتاحة التشكلية,,المكان جميل وممتع لكن حق ابو نص ساعه بالكثير وتطلع الا اذا حبيت تتقهوى او تتغدى من مطعم ملة حق الحنيذ,Abha,مكان تراثي وتاريخي,,,,,1,1,reviews_zenodo,,https://zenodo.org/records/16924532,static,,2026-09-13T06:19:18.696424+00:00,False
reviews_01352,قرية المفتاحة التشكلية,,مكان سخيف وممل ولا يستحق الزيارة لا يوجد تكييف ولا كراسي جلوس ولا أماكن تسلية الأطفال ودخولية الشخص الواحد ب15 ريال! ما أدري على إيش !!! وفوق هذا إزعاج السماعات بالأغاني في مكان حقه الهدوء .. لا أنصح به,Abha,مكان تراثي وتاريخي,,,-1,,-1,-1,reviews_zenodo,,https://zenodo.org/records/16924532,static,,2026-09-13T06:19:18.696424+00:00,False
reviews_01353,قرية المفتاحة التشكلية,,المكان صغير تخلصه بخمس دقايق م في شي جوا يستاهل التذاكر !!! التذاكر اوفر السعر المفروض مبلغ رمزي خمس ريال بالكثير,Abha,مكان تراثي وتاريخي,-1,,,,-1,,reviews_zenodo,,https://zenodo.org/records/16924532,static,,2026-09-13T06:19:18.696424+00:00,False
reviews_01354,قرية المفتاحة التشكلية,,رسوم مبالغ فيها مافيه شي يستحق انك تتعنى وتدفع رسوم فيه ...,Abha,مكان تراثي وتاريخي,-1,,,,-1,,reviews_zenodo,,https://zenodo.org/records/16924532,static,,2026-09-13T06:19:18.696424+00:00,False
reviews_01355,قرية المفتاحة التشكلية,,مهرجان جميل وممتع ويوجد به اشياء تراثية قديمة ويحتاج الزيارة مررة اخرى,Abha,مكان تراثي وتاريخي,,,,,1,1,reviews_zenodo,,https://zenodo.org/records/16924532,static,,2026-09-13T06:19:18.696424+00:00,False
reviews_01356,قرية المفتاحة التشكلية,,مكان جميل ورسومات جميلة ،،، عيبه دورات المياه قمة في القذارة ليش مافي عامل او عاملة يهتم بالتفاصيل من صابون ، مناديل ، التنظيف ،،، حرام والله مكان رائع مثل هذا يكون اهم مرفق يحتاجونه الناس بالشكل هذا .,Abha,مكان تراثي وتاريخي,,-1,,,1,,reviews_zenodo,,https://zenodo.org/records/16924532,static,,2026-09-13T06:19:18.696424+00:00,False
reviews_01357,قرية المفتاحة التشكلية,,مكان جميل وهادئ يتميز بوجود مرسم للفانين التشكيلين,Abha,مكان تراثي وتاريخي,,,1,,1,,reviews_zenodo,,https://zenodo.org/records/16924532,static,,2026-09-13T06:19:18.696424+00:00,False
reviews_01358,قرية المفتاحة التشكلية,,صراحة روعه ومرتبه والتنظيم ماقصرو,Abha,مكان تراثي وتاريخي,,,,,,,reviews_zenodo,,https://zenodo.org/records/16924532,static,,2026-09-13T06:19:18.696424+00:00,False
reviews_01359,قرية المفتاحة التشكلية,,اسلوبهم في التعامل سيء كل ما جيناهم يقفلون الباب على وجهنا بحجة الانتظار لان داخل مزدحم او صلاة العصر وهو على صلاة العصر ساعه او يقولون روحوا البوابة الثانيه ولما نروح البوابة الثانيه يقولون مقفلة روحوا البوابة الثانيه وندور ولا نلاقي شيء ثالث مرات اطردونا سيء جدا اتمنى الي يشوف تعليقي مايروح له لانه سيء جدا,Abha,مكان تراثي وتاريخي,,,,-1,,-1,reviews_zenodo,,https://zenodo.org/records/16924532,static,,2026-09-13T06:19:18.696424+00:00,False
reviews_01360,قرية المفتاحة التشكلية,,المكان يبدو جميل ولكن للأسف كان كل شي مغلق مع ان البوابة كانت مفتوحة ولكن المكان كأنه مهجور,Abha,مكان تراثي وتاريخي,,,-1,,1,,reviews_zenodo,,https://zenodo.org/records/16924532,static,,2026-09-13T06:19:18.696424+00:00,False
reviews_01361,قرية المفتاحة التشكلية,,اعطيت 5 نجمات فقط للمنظمين فقط المكان مايستاهل اني ادفع ولا ريال 👎🏼 ...,Abha,مكان تراثي وتاريخي,,,,1,-1,,reviews_zenodo,,https://zenodo.org/records/16924532,static,,2026-09-13T06:19:18.696424+00:00,False
reviews_01362,قرية المفتاحة التشكلية,,منطقة تراثية مبنية على الطراز القديم فيها متحف ومراسم ، جميلة جدا,Abha,مكان تراثي وتاريخي,,,1,,1,,reviews_zenodo,,https://zenodo.org/records/16924532,static,,2026-09-13T06:19:18.696424+00:00,False
reviews_01363,قرية المفتاحة التشكلية,,مباني تراثية تتميز بجدرانها ورسوماتها فيه محلات تراثية وقهاوي منطقة ممتازة للتصوير,Abha,مكان تراثي وتاريخي,,,1,,1,,reviews_zenodo,,https://zenodo.org/records/16924532,static,,2026-09-13T06:19:18.696424+00:00,False
reviews_01364,قرية المفتاحة التشكلية,,المكان جميل و يستحق الزيارة و الرسومات جميلة للغاية,Abha,مكان تراثي وتاريخي,,,,,1,1,reviews_zenodo,,https://zenodo.org/records/16924532,static,,2026-09-13T06:19:18.696424+00:00,False
reviews_01365,قرية المفتاحة التشكلية,,مكان جميل لكن مافي فعاليات واللي يبعون كل شي غالي وعلى طول درنا المكان ولا عشر دقايق انصح بتطويره اكثر,Abha,مكان تراثي وتاريخي,-1,,-1,,1,,reviews_zenodo,,https://zenodo.org/records/16924532,static,,2026-09-13T06:19:18.696424+00:00,False
reviews_01366,قرية المفتاحة التشكلية,,جوها حلو فيها قسم رسم و ملابس تراثية حلوه مغربيه وتاخذون علي دربكم بليلا جنب المسرح المشكله خلصت البليلة ولا كان صورتها لكم😅 ...,Abha,مكان تراثي وتاريخي,,,1,,1,,reviews_zenodo,,https://zenodo.org/records/16924532,static,,2026-09-13T06:19:18.696424+00:00,False
reviews_01367,قرية المفتاحة التشكلية,,مكان تراثي جميل يمتاز بالمباني القديمة التى تمثل حياة الاجداد بالسابق مع اضافة طابع عصري من خلال الصور و الالوان الجدارية..أيضا يمتاز بقربه من السوق الشعبي او سوق الثلاثاء الذي تباع فيه الاشياء التراثية بالاضافة للعسل و الملابس و الاحذية ...,Abha,مكان تراثي وتاريخي,,,1,,1,,reviews_zenodo,,https://zenodo.org/records/16924532,static,,2026-09-13T06:19:18.696424+00:00,False
reviews_01368,قرية المفتاحة التشكلية,,منطقة فنية بجانب مسرح طلال مداح. مبنية على الطراز التراثي جميلة ومبهجة. فيها مراسم لفنانين ويمكن شراء لوحاتهم مباشرة. وفيها فنانين يشرحون عن القط العسيري وتوظيفه في الديكور المعاصر. وشفت محل تذكارات بس ما دخلناه. ...,Abha,مكان تراثي وتاريخي,,,1,,1,,reviews_zenodo,,https://zenodo.org/records/16924532,static,,2026-09-13T06:19:18.696424+00:00,False
reviews_01369,قرية المفتاحة التشكلية,,يقع المتحف في وسط أبها .. يضم الكثير من المعالم والفعاليات ..... من مراكز فنون وآثار وتسوق وتراث ... وكذلك الفعاليات الصيفية ... وشارع الفن يحاذي قرية المفتاحة وهذا الشارع الشهير والفريد بأشجار الجاكراندا الباهرة التي تضفي على المكان ...,Abha,مكان تراثي وتاريخي,,,1,,1,,reviews_zenodo,,https://zenodo.org/records/16924532,static,,2026-09-13T06:19:18.696424+00:00,False
reviews_01370,قرية المفتاحة التشكلية,,قرية تراثية جميلة..فيها محلات لبيع الملابس الشعبية ومراسم لفنانين تشكيلين يعرضون رسوماتهم فيها,Abha,مكان تراثي وتاريخي,,,1,,1,,reviews_zenodo,,https://zenodo.org/records/16924532,static,,2026-09-13T06:19:18.696424+00:00,False
reviews_01371,قرية المفتاحة التشكلية,,مكان جميل ويستحق الزياره,Abha,مكان تراثي وتاريخي,,,,,1,1,reviews_zenodo,,https://zenodo.org/records/16924532,static,,2026-09-13T06:19:18.696424+00:00,False
reviews_01372,قرية المفتاحة التشكلية,,المكان جمييل جدا ،، تميز بتجديد القريه بشكل فني تشكيلي ويضم عدة محلات ومعارض للفنون ✨ وقريب منه شارع الفن,Abha,مكان تراثي وتاريخي,,,1,,1,,reviews_zenodo,,https://zenodo.org/records/16924532,static,,2026-09-13T06:19:18.696424+00:00,False
reviews_01373,قرية المفتاحة التشكلية,,مكان تراثي جميل ورائع. توجد مراسم للفنانين وتقام بعض الفعاليات والدورات,Abha,مكان تراثي وتاريخي,,,1,,1,,reviews_zenodo,,https://zenodo.org/records/16924532,static,,2026-09-13T06:19:18.696424+00:00,False
reviews_01374,قرية المفتاحة التشكلية,,القريه جميله والتصاميم الخاصه بالقريه مميزه ومبدعه، وزاد جمالها الفنانيين التشكيليين والمتاحف الموجوده فيها..,Abha,مكان تراثي وتاريخي,,,1,,1,,reviews_zenodo,,https://zenodo.org/records/16924532,static,,2026-09-13T06:19:18.696424+00:00,False
reviews_01375,قرية المفتاحة التشكلية,,مرة جميلة متنوعة من الفنون و الرسامين و اللوحات لوحة فنية متكاملة,Abha,مكان تراثي وتاريخي,,,1,,1,,reviews_zenodo,,https://zenodo.org/records/16924532,static,,2026-09-13T06:19:18.696424+00:00,False
reviews_01376,قرية المفتاحة التشكلية,,مكان تجتمع فيه حكايات الأجداد وفن الأبناء ومواهب شباب المنطقة وجمال الجو .. هو أحد الأماكن السياحية التي يجب للسائح زيارتها ❤,Abha,مكان تراثي وتاريخي,,,1,,1,1,reviews_zenodo,,https://zenodo.org/records/16924532,static,,2026-09-13T06:19:18.696424+00:00,False
reviews_01377,قرية طبب التاريخية,,المكان لا شك جميل ولكن لي ملاحظات 1 - دخول الطفل بمبلغ ١٥ ريال وما ادرى الطفل بابونقطه وهو طفل لا يعقل حتى يحتسب عليه . 2- اسعار الاكشاك عاليه جدا مثلا كوب شاي ب١٨ ريال 3- المفروض يتم احتساب مبلغ الدخول عند الشراء من المطاعم 4- لا يوجد مواقف للسيارات !!!,Abha,مكان تراثي وتاريخي,-1,,-1,,1,0,reviews_zenodo,,https://zenodo.org/records/16924532,static,,2026-09-13T06:19:18.696424+00:00,False
reviews_01378,قرية طبب التاريخية,,في وحده اسمها اروى تعاملها زفت و مو محترمه المكان جميل توقعت متحف او مكان تراثي لكن اغلب الغرف مقاهي ومحلات ملابس ومطاعم. المكان سيئ لان الطريق اللي فيها القلعه صغيره الصدق مابعيد التجربه🤷🏽‍♀️ الدخول ٢٠ للشخص والطفل ١٠ وقبل الشخص ١٠ والطفل ٥😂 🚨ملاحظه مو بس أنا انتقدت الموظفين بالذات اللي عند الاستقبال لاحظت في التعليقات ان فيه ناس جو قبل اسبوع انتقدو تعامل الموظفين لاتغركم تعليق قلاع ال ابو نقطه شاكره لكم❤️,Abha,مكان تراثي وتاريخي,-1,,-1,-1,0,-1,reviews_zenodo,,https://zenodo.org/records/16924532,static,,2026-09-13T06:19:18.696424+00:00,False
reviews_01379,قرية طبب التاريخية,,"الصراحة المكان حلو ويستاهل الزيارة متاحف تحكي زماننا وثقافتنا وفيه محلات تبيع التراث الشعبي وكوفيهات ومطعم وألعاب بسيطة جميلة ركوب الخيل والرمايه 👍🏻 بس الحقيقة حصل موقف ازعجني كثيرا من المنظمة "" اروى "" عند بوابة الدخول ، أتمنى منها احترام الزوار وعدم رفع الصوت🙏🏻 ...",Abha,مكان تراثي وتاريخي,,,1,-1,1,,reviews_zenodo,,https://zenodo.org/records/16924532,static,,2026-09-13T06:19:18.696424+00:00,False
reviews_01380,قرية طبب التاريخية,,المكان بشكل عام جميل ولكن، لا يتوفر مواقف سيارات. التذاكر 20ریال لشخص غير منطقيه و بالاخص ما تخصم لك في مطعم ولا اي شي فقط دخول سعر غير منطقي. دورات المياه سيئه وغير نظيفه دورات المياه غير مهيئه للاطفال مدة الانتضار في مطعم شرق مباااالغ فيها ساعه ونص انتضار ثم تطلب يتاخر نص ساعة زياده لا اوصي بالتجربه امل منكم التطوير.,Abha,مكان تراثي وتاريخي,-1,-1,-1,-1,1,,reviews_zenodo,,https://zenodo.org/records/16924532,static,,2026-09-13T06:19:18.696424+00:00,False
reviews_01381,قرية طبب التاريخية,,الحصون والمكان حلو وفكرة استثمارها واتاحتها للزوار والسواح رائعة .. ولكن للاسف لايوجد اهتمام بالنظافة بالرغم من وجود رسوم دخول !! اتمنى من القائمين عليها الاهتمام بالنظافة ..,Abha,مكان تراثي وتاريخي,,-1,,,1,,reviews_zenodo,,https://zenodo.org/records/16924532,static,,2026-09-13T06:19:18.696424+00:00,False
reviews_01382,قرية طبب التاريخية,,انا توجهت للقلاع لانها تحمل تاريخ عظيم و عريق للمنطقة و للرجال الذين أقاموها رحمهم الله جميع ، لكن اتفاجئ عند الوصول بسوأ التنظيم و عدم توفر مواقف للسيارات ، المنظمين يعكسون صورة المكان للسائح و الزائر و لكن ما رأيته من المنظمين شي لا يمت ...,Abha,مكان تراثي وتاريخي,,,-1,-1,,,reviews_zenodo,,https://zenodo.org/records/16924532,static,,2026-09-13T06:19:18.696424+00:00,False
reviews_01383,قرية طبب التاريخية,,الموقع ممتاز ولكن للاسف تعامل الاستقبال جدا سيئ ولايوجد احترام للزائروللاسف الاداره لاتملك مهاره التسويق وخدمة السياح,Abha,مكان تراثي وتاريخي,,,,-1,1,,reviews_zenodo,,https://zenodo.org/records/16924532,static,,2026-09-13T06:19:18.696424+00:00,False
reviews_01384,قرية طبب التاريخية,,غالي جدا وبلا مواقف سيارات وليسوا معتنين بالتشجير والأشجار لاحظت بعض الكراسي مكسرة وبعضها غير نظيف. ...,Abha,مكان تراثي وتاريخي,-1,-1,-1,,,,reviews_zenodo,,https://zenodo.org/records/16924532,static,,2026-09-13T06:19:18.696424+00:00,False
reviews_01385,قرية طبب التاريخية,,المكان جميل وفيه كافيهات ومطعم لكن صراحه!؟ ازعجتنا تشغيل الموسيقى طول الوقت !؟ ايضا اسعار الدخول مبالغ فيها !؟ لهذا قيمت بنجمه واحده ولن ننكرر الزياره,Abha,مكان تراثي وتاريخي,-1,,1,,1,-1,reviews_zenodo,,https://zenodo.org/records/16924532,static,,2026-09-13T06:19:18.696424+00:00,False
reviews_01386,قرية طبب التاريخية,,لا يوجد هوية للمكان !! هل هو مكان تاريخي عندها توضع رسوم دخول ويحق للضيف التجول في أرجاء المكان.. أو منتجع مطاعم وكوفيهات عندها بدون رسوم ويدفع الضيف مقابل الطلبات.. هذا يعتبر سبق تجاري جشع أن يدفع الزبون مقابل لا شيء !!!,Abha,مكان تراثي وتاريخي,-1,,,,-1,,reviews_zenodo,,https://zenodo.org/records/16924532,static,,2026-09-13T06:19:18.696424+00:00,False
reviews_01387,قرية طبب التاريخية,,قلاع ومتحف وسواليف .. بالأخير ادفع رسوم دخول للكبار ٢٠ والصغار ١٠ ثم أبحث عن المتحف والاثار التي اريد شرحها لأبنائي فلا أجد الا اركان للقهوة وبيع التحف والتصوير وخلافها.. من الظلم تسميته متحف أثري هو مشروع تجاري فقط.. اضف الى ذلك الموسيقى التي تملأ المكان ولا اعلم هل هي من التراث ؟!!! هزلت والله هزلت,Abha,مكان تراثي وتاريخي,-1,,-1,,-1,,reviews_zenodo,,https://zenodo.org/records/16924532,static,,2026-09-13T06:19:18.696424+00:00,False
reviews_01388,قرية طبب التاريخية,,المكان جميل لكن صغير مره ماتوقعته كذا و سعر الدخول يعتبر غالي 20 للكبير و10 لصغير مامداني دخلت الا انا طالعه,Abha,مكان تراثي وتاريخي,-1,,,,0,,reviews_zenodo,,https://zenodo.org/records/16924532,static,,2026-09-13T06:19:18.696424+00:00,False
reviews_01389,قرية طبب التاريخية,,لا أنصح بزيارته للآتي / الدخول مبالغ فيه ع الشخص ٢٠ ريال وفوق هذا الطاولات والكراسي تراااااب وتنادي العامل من طرف خشمه ينظف بمنشفه وسخه ترااااب / المرايات تبع التصوير ماهي نظيفه ع يمينك ويسارك النفايات مرميه يبغى له إهتمام ونظاااافه,Abha,مكان تراثي وتاريخي,-1,-1,,-1,,-1,reviews_zenodo,,https://zenodo.org/records/16924532,static,,2026-09-13T06:19:18.696424+00:00,False
reviews_01390,قرية طبب التاريخية,,من اسوأ الاماكن اللي رحت لها مافيها احترام خصوصا الاداره تكلمت معهم بموضوع الموسيقى وجدت رد سيء وعدم احترام وكلام غير لائق .. اخذو منا تقريبا حول ٢٠٠ على الدخول وطلعنا بسرعه بسبب الموسيقى اردنا استرجاع المبلغ وتم الرفض للاسف .. مكان تاريخي لايليق بموسيقى ابدا ..,Abha,مكان تراثي وتاريخي,,,,-1,,-1,reviews_zenodo,,https://zenodo.org/records/16924532,static,,2026-09-13T06:19:18.696424+00:00,False
reviews_01391,قرية طبب التاريخية,,لا تستاهل التعب لها وفوقها الدخول بفلوس حتى الاطفال,Abha,مكان تراثي وتاريخي,-1,,,,-1,,reviews_zenodo,,https://zenodo.org/records/16924532,static,,2026-09-13T06:19:18.696424+00:00,False
reviews_01392,قرية طبب التاريخية,,المكان فيه موسيقى والمنظمين سيئين جدا .. وغير حرفيين.,Abha,مكان تراثي وتاريخي,,,,-1,,-1,reviews_zenodo,,https://zenodo.org/records/16924532,static,,2026-09-13T06:19:18.696424+00:00,False
reviews_01393,قرية طبب التاريخية,,سعر غير منطقي ابدا لدخول المكان لا يستحق ابدا هذا السعر,Abha,مكان تراثي وتاريخي,-1,,,,-1,-1,reviews_zenodo,,https://zenodo.org/records/16924532,static,,2026-09-13T06:19:18.696424+00:00,False
reviews_01394,قرية طبب التاريخية,,دخوليه غاليه مره ما نصح فيها مره,Abha,مكان تراثي وتاريخي,-1,,,,-1,,reviews_zenodo,,https://zenodo.org/records/16924532,static,,2026-09-13T06:19:18.696424+00:00,False
reviews_01395,قرية طبب التاريخية,,جاي من الرياض ومتعني فالنهايه ندمت اني رحت لها من تجربتي منصح فيها,Abha,مكان تراثي وتاريخي,,,,,-1,-1,reviews_zenodo,,https://zenodo.org/records/16924532,static,,2026-09-13T06:19:18.696424+00:00,False
reviews_01396,قرية طبب التاريخية,,تجربة فاشلة وقمة في تضيع الوقت لا انصح بزيارتها,Abha,مكان تراثي وتاريخي,,,,,-1,-1,reviews_zenodo,,https://zenodo.org/records/16924532,static,,2026-09-13T06:19:18.696424+00:00,False
reviews_01397,قرية طبب التاريخية,,الفكرة ممتازة، لكن التنفيذ يفتقر للكثير ، أتمنى أن يستفيدوا من تجارب أخرى ثرية لمثل هذه الأفكار لإثراء المكان بها، والاعتناء به بشكل أفضل، المكان يحتاج بشكل شديد للنظافة !!! الزوار والسياح من كل حدب و الصوب والنظافة سيئة، دورات المياه لا يمكن الدخول لها إطلاقا، تجربة القهوة أيضا يجب أن تكون على مستوى رفيع أكثر من ذلك ......,Abha,مكان تراثي وتاريخي,,-1,,,1,-1,reviews_zenodo,,https://zenodo.org/records/16924532,static,,2026-09-13T06:19:18.696424+00:00,False
reviews_01398,قرية طبب التاريخية,,من اجمل الاماكن اللي رحتها غير عن استقبالهم الفخم الفخم مره الله يسعدهم جهود يشكرون عليها,Abha,مكان تراثي وتاريخي,,,,1,1,,reviews_zenodo,,https://zenodo.org/records/16924532,static,,2026-09-13T06:19:18.696424+00:00,False
reviews_01399,قرية طبب التاريخية,,المكان جميل جدا ويستحق الزيارة .. ولكن للاسف الي صار معنا البارح اعتبره إهانة لجميع الزوار .. حيث طلب منا احد المنظمين البقاء لحضور العروض الشعبيه واللي تاخرت عن الموعد المحدد لتاخر وصول احد ...,Abha,مكان تراثي وتاريخي,,,,-1,1,1,reviews_zenodo,,https://zenodo.org/records/16924532,static,,2026-09-13T06:19:18.696424+00:00,False
reviews_01400,قرية طبب التاريخية,,للاسف كان مشوار عالفاضي اولا العماله فلبين تعاملهم جدا سيييييئ وينافخ ويتكلم من راس خشمه وماادري ليش المكان تاريخي والعماله فلبين ؟؟ لما وصلنا كان الجو مشمس طلبنا يفتحون لنا المظلات ورفض الفلبيني ايش السبب لااعلم طيب ايش الفايده من وضعها ...,Abha,مكان تراثي وتاريخي,,,,-1,,-1,reviews_zenodo,,https://zenodo.org/records/16924532,static,,2026-09-13T06:19:18.696424+00:00,False
reviews_01401,قرية طبب التاريخية,,اغبى مكان في الجنوب واسعار جنونية,Abha,مكان تراثي وتاريخي,-1,,,,-1,,reviews_zenodo,,https://zenodo.org/records/16924532,static,,2026-09-13T06:19:18.696424+00:00,False
reviews_01402,قرية طبب التاريخية,,مافيه شي بيت تراثي قديم وفيه مقهى واسعار المقهى اغلى من سعر البيت التراثي هههههههههههه لا كذا مايمشي,Abha,مكان تراثي وتاريخي,-1,,-1,,,,reviews_zenodo,,https://zenodo.org/records/16924532,static,,2026-09-13T06:19:18.696424+00:00,False
reviews_01403,قرية طبب التاريخية,,ياخذ عاينا رسوم دخول وجينا وقت تصوير ولا اخذتا راحتنا من المفترض اذا فيه تصوير يكون الدخول مجانا وكذلك يوجد ضياع مافيه احد يدلك او استقبال او توحيد دخول وخروج لفيت شوى ومشيت ماطولت لو فيه تنظيم شوي بيكون افضل,Abha,مكان تراثي وتاريخي,,,,-1,,-1,reviews_zenodo,,https://zenodo.org/records/16924532,static,,2026-09-13T06:19:18.696424+00:00,False
reviews_01404,قرية طبب التاريخية,,مافيه شي يجذب والدخول بفلوس لو فيه فعاليات او جلسات او معرض ممكن انها تشفع لمبلغ الدخول,Abha,مكان تراثي وتاريخي,-1,,-1,,-1,,reviews_zenodo,,https://zenodo.org/records/16924532,static,,2026-09-13T06:19:18.696424+00:00,False
reviews_01405,قرية طبب التاريخية,,لا يعتبر قصر اثري والدخول الشخص ١٠ ريال كاش او تحويلي stc حتي الكافيه عادي ولا يوجد شي مميز في المكان باختصار لا يستحق الزياره,Abha,مكان تراثي وتاريخي,,,0,,0,-1,reviews_zenodo,,https://zenodo.org/records/16924532,static,,2026-09-13T06:19:18.696424+00:00,False
reviews_01406,قرية طبب التاريخية,,الأسعار مبالغ فيهآ منظر جميل,Abha,مكان تراثي وتاريخي,-1,,,,1,,reviews_zenodo,,https://zenodo.org/records/16924532,static,,2026-09-13T06:19:18.696424+00:00,False
reviews_01407,قرية طبب التاريخية,,الدخول ب ١٠ ريال للكبار، و٥ ريال فوق ٥ سنوت، لايوجد مخطط للموقع وتفاصيله، يوجد باركود عند كل باب ، في جلسات مطلة ب ١٠٠ ريال للساعة، المقاعد والطاولات في الكافية محدودة، والاسعار غالية، لا توجد نشرات تعريفية بالمكان وتاريخه، يوجد مرشدين برسوم، لاتوجد مواقف كافية للسيارات,Abha,مكان تراثي وتاريخي,-1,,-1,-1,,,reviews_zenodo,,https://zenodo.org/records/16924532,static,,2026-09-13T06:19:18.696424+00:00,False
reviews_01408,قرية طبب التاريخية,,مكان لا يستحق الزياره ابدا ابدا ، ترا ف التصوير عكس الواقع الكوفي زحمههه وعدد الطاولات والكراسي قليل والعايله تمسك الطاوله اكثر من ساعه اتمنى ينظمون المكان صح ويزيدون عدد الموظفين مستحيل اكرر التجربه,Abha,مكان تراثي وتاريخي,,,-1,-1,-1,-1,reviews_zenodo,,https://zenodo.org/records/16924532,static,,2026-09-13T06:19:18.696424+00:00,False
reviews_01409,قرية طبب التاريخية,,بيوت قديمه ولاكن المكان يفتقد ابسط قواعد السياحه لا يوجد لوحات إرشاديه او مواقف او دورات مياه او اهتمام بزوار,Abha,مكان تراثي وتاريخي,,,-1,,-1,-1,reviews_zenodo,,https://zenodo.org/records/16924532,static,,2026-09-13T06:19:18.696424+00:00,False
reviews_01410,قرية طبب التاريخية,,يعجبني الي يثبت التعليقات الكويسة ولا المكان جدا جميل لاكن صاحب المتحف مخرب كل شي وشايف نفسه مرا عن الازم و الأسعار جدا مرتفعه ولا يستاهل الزيارة و العنوعه صراحه انصحكم بزيارة متحف الاجداد الأصلي متحف التراث العربي بمعنى الكلمه بتوثيق الاثار القديمه,Abha,مكان تراثي وتاريخي,-1,,,-1,-1,-1,reviews_zenodo,,https://zenodo.org/records/16924532,static,,2026-09-13T06:19:18.696424+00:00,False
reviews_01411,قرية طبب التاريخية,,نجمة بس عشان اكتب استقبال سيء الي في الكشك الولد اخلاقه ماهي طيبه ويرفض تدخل معك شي والوجه غير بشوش,Abha,مكان تراثي وتاريخي,,,,-1,,-1,reviews_zenodo,,https://zenodo.org/records/16924532,static,,2026-09-13T06:19:18.696424+00:00,False
reviews_01412,قرية طبب التاريخية,,لا تستحق التفكير في الذهاب لها . اسعار مرتفعه جدا شوارع ضيقه حوسه و بهدله,Abha,مكان تراثي وتاريخي,-1,,,,-1,,reviews_zenodo,,https://zenodo.org/records/16924532,static,,2026-09-13T06:19:18.696424+00:00,False
reviews_01413,قرية طبب التاريخية,,المكان فيه استغلال ياخذون مافي جيبك حتى ولو ان الدخول ب ١٠,Abha,مكان تراثي وتاريخي,-1,,,,,-1,reviews_zenodo,,https://zenodo.org/records/16924532,static,,2026-09-13T06:19:18.696424+00:00,False
reviews_01414,قرية طبب التاريخية,,الموقع فيه موسيقى وغير مناسب، وموظف الاستقبال غير متعاون,Abha,مكان تراثي وتاريخي,,,,-1,,-1,reviews_zenodo,,https://zenodo.org/records/16924532,static,,2026-09-13T06:19:18.696424+00:00,False
reviews_01415,قرية طبب التاريخية,,من اسواء الاماكن الي زرتها للاسف قللو من قيمتنا علشان اميره كانت موجوده من المفترض اذا فيه عندكم ضيوف اعلى مننا قيمة تخلون لهم يوم لحالهم واحد قليل ادب قفل الباب في وجه ماما وخلونا ننتظر ولا نتمشى عيب بنهاية حتى احنا ضيوفكم,Abha,مكان تراثي وتاريخي,,,,-1,,-1,reviews_zenodo,,https://zenodo.org/records/16924532,static,,2026-09-13T06:19:18.696424+00:00,False
reviews_01416,قرية طبب التاريخية,,المكان فيه موسيقى وموظف الإستقبال غير متعاون وغير إحترافي,Abha,مكان تراثي وتاريخي,,,,-1,,-1,reviews_zenodo,,https://zenodo.org/records/16924532,static,,2026-09-13T06:19:18.696424+00:00,False
reviews_01417,قرية طبب التاريخية,,المكان عادي جدا وينقصه اشياء كثيره واسعار الكوفي غاليه جدا بالنسبه لي لن أكرر الزياره,Abha,مكان تراثي وتاريخي,-1,,,,0,-1,reviews_zenodo,,https://zenodo.org/records/16924532,static,,2026-09-13T06:19:18.696424+00:00,False
reviews_01418,قرية طبب التاريخية,,السلام عليكم ليه الاستهتار بالزوارالمكان مو قريب والطريق سير واحد ويقولون الصباح فاتح من الساعه6الى الساعه 10 وصلنا الساعه8 مافيه اي شخص ولا اي مسؤل عن المكان ليه موحرام المشوار الفلبيني يقول المكان مغلق يفتح الساعه 4 عصرا لم يتم التوضيح في قوقل اين ادارة السياحة حسبي الله ونعم الوكيل عليهم,Abha,مكان تراثي وتاريخي,,,,-1,,-1,reviews_zenodo,,https://zenodo.org/records/16924532,static,,2026-09-13T06:19:18.696424+00:00,False
reviews_01419,قرية طبب التاريخية,,مكان لايستحق الزيارة,Abha,مكان تراثي وتاريخي,,,,,-1,-1,reviews_zenodo,,https://zenodo.org/records/16924532,static,,2026-09-13T06:19:18.696424+00:00,False
reviews_01420,قرية طبب التاريخية,,أسوء تجربه والطريق المؤدي للطبب سيء والمتحف الدخول له بتذاكر وصغير ليس بقريه كما ذكر ولاتستحق المعانات ولا انصح بزيارة المنطقه وجوها حار جاف ،تبعد عن ابها ساعه,Abha,مكان تراثي وتاريخي,,,,,-1,-1,reviews_zenodo,,https://zenodo.org/records/16924532,static,,2026-09-13T06:19:18.696424+00:00,False
reviews_01421,قرية طبب التاريخية,,المكان حلو وجميل لولا اخلاق الموظف تركي طامي السيئة جدا,Abha,مكان تراثي وتاريخي,,,,-1,1,,reviews_zenodo,,https://zenodo.org/records/16924532,static,,2026-09-13T06:19:18.696424+00:00,False
reviews_01422,قرية طبب التاريخية,,متحف طبب التاريخيه للاسف دخلت الشخص ب ١٠ریال ومافيها شي غرف فاضيه بس الساحه الوانها جميله ولكن ضيقه واحلى شي خبز الميفا بس غالي يعتبر نصف رغيف ب ١٠ریال تكفي شخص واحد وجنبها قصرين مقفله للصيانه وسالتهم ليش فاضيه وبن المتحف بالموضوع قالوا لي تحت ...,Abha,مكان تراثي وتاريخي,-1,,-1,,-1,,reviews_zenodo,,https://zenodo.org/records/16924532,static,,2026-09-13T06:19:18.696424+00:00,False
reviews_01423,قرية طبب التاريخية,,القريه اصبحت بتذاكر دخول للشخص حتى لو بتروح للقهوه فقط !! زياره لن تتكرر,Abha,مكان تراثي وتاريخي,-1,,,,,-1,reviews_zenodo,,https://zenodo.org/records/16924532,static,,2026-09-13T06:19:18.696424+00:00,False
reviews_01424,قرية طبب التاريخية,,المكان لايستحق الزياره لعدم احترام ازوار خدمه سيئ لايستحق الزياره كذلك عدم دخول الشاي او القهوه,Abha,مكان تراثي وتاريخي,,,,-1,-1,-1,reviews_zenodo,,https://zenodo.org/records/16924532,static,,2026-09-13T06:19:18.696424+00:00,False
reviews_01425,قرية طبب التاريخية,,والله مافيها شي يستحق الزياره,Abha,مكان تراثي وتاريخي,,,,,-1,-1,reviews_zenodo,,https://zenodo.org/records/16924532,static,,2026-09-13T06:19:18.696424+00:00,False
reviews_01426,قرية طبب التاريخية,,الدخول 10ريال الاستقبال غير جيد,Abha,مكان تراثي وتاريخي,0,,,-1,,,reviews_zenodo,,https://zenodo.org/records/16924532,static,,2026-09-13T06:19:18.696424+00:00,False
reviews_01427,قرية طبب التاريخية,,فاشل الاسعار غاليه والموقع صغير جدآ فقط اربع طاولات ولا يستحق المشوار,Abha,مكان تراثي وتاريخي,-1,,-1,,-1,-1,reviews_zenodo,,https://zenodo.org/records/16924532,static,,2026-09-13T06:19:18.696424+00:00,False
reviews_01428,قرية طبب التاريخية,,طريق طويل والمكان صراحه عادي جدا وندمت اني رحت له سيء مافيه شي,Abha,مكان تراثي وتاريخي,,,,,-1,-1,reviews_zenodo,,https://zenodo.org/records/16924532,static,,2026-09-13T06:19:18.696424+00:00,False
reviews_01429,قرية طبب التاريخية,,مكان عادي واقل من عادي بيت قديم مايستاهل العنوه واغاني وازعاج وقله حياء,Abha,مكان تراثي وتاريخي,,,,,-1,-1,reviews_zenodo,,https://zenodo.org/records/16924532,static,,2026-09-13T06:19:18.696424+00:00,False
reviews_01430,قرية طبب التاريخية,,المكان لا يستحق الزيارة غرف فارغه,Abha,مكان تراثي وتاريخي,,,-1,,-1,-1,reviews_zenodo,,https://zenodo.org/records/16924532,static,,2026-09-13T06:19:18.696424+00:00,False
reviews_01431,قرية طبب التاريخية,,على كثر المدح عادي جدا والمكان بعيد لااكرر الزياره له مره ثانيه,Abha,مكان تراثي وتاريخي,,,,,-1,-1,reviews_zenodo,,https://zenodo.org/records/16924532,static,,2026-09-13T06:19:18.696424+00:00,False
reviews_01432,قرية طبب التاريخية,,جيته مايستاهل العنوة,Abha,مكان تراثي وتاريخي,,,,,-1,-1,reviews_zenodo,,https://zenodo.org/records/16924532,static,,2026-09-13T06:19:18.696424+00:00,False
reviews_01433,قرية طبب التاريخية,,ضيق المكان وعدم وجود مواقف,Abha,مكان تراثي وتاريخي,,,-1,,-1,,reviews_zenodo,,https://zenodo.org/records/16924532,static,,2026-09-13T06:19:18.696424+00:00,False
reviews_01434,قرية طبب التاريخية,,سيء سيء بكل مره اروح يقولو بيتحسن يكون اسوء من الي بقبله👎🏻👎🏻 ...,Abha,مكان تراثي وتاريخي,,,,,-1,-1,reviews_zenodo,,https://zenodo.org/records/16924532,static,,2026-09-13T06:19:18.696424+00:00,False
reviews_01435,قرية طبب التاريخية,,مكان جميل وراااائع ويستحق الذهاب فكرة تفتخر بها وتنظيم رائع بحق ...,Abha,مكان تراثي وتاريخي,,,,1,1,1,reviews_zenodo,,https://zenodo.org/records/16924532,static,,2026-09-13T06:19:18.696424+00:00,False
reviews_01436,قرية طبب التاريخية,,جميل وممتع وفيه مطلات متعددة ولكن لا يوجد مواقف كثيرة للسيارات,Abha,مكان تراثي وتاريخي,,,-1,,1,,reviews_zenodo,,https://zenodo.org/records/16924532,static,,2026-09-13T06:19:18.696424+00:00,False
reviews_01437,قرية طبب التاريخية,,مكان جميل جدا ومرتب استغل مكان بطريقه جدا جميله ...,Abha,مكان تراثي وتاريخي,,,,,1,1,reviews_zenodo,,https://zenodo.org/records/16924532,static,,2026-09-13T06:19:18.696424+00:00,False
reviews_01438,قرية طبب التاريخية,,التجربة جميلة والمكان يستحق الزيارة القصور قديمة والمكان راح يعجب محبين الأثار والتاريخ ...,Abha,مكان تراثي وتاريخي,,,,,1,1,reviews_zenodo,,https://zenodo.org/records/16924532,static,,2026-09-13T06:19:18.696424+00:00,False
reviews_01439,قرية طبب التاريخية,,مكان جميل ويستحق الزيارة فيه جلسات وكفي,Abha,مكان تراثي وتاريخي,,,1,,1,1,reviews_zenodo,,https://zenodo.org/records/16924532,static,,2026-09-13T06:19:18.696424+00:00,False
reviews_01440,قرية طبب التاريخية,,المكان يستاهل التجربه ورسوم الكبار10ریال والاطفال فوق5 سنوات 5ریال الكوفي والمطعم مطل ومكان جدا جميل وفيه تراث واشياء حلوه,Abha,مكان تراثي وتاريخي,,,1,,1,1,reviews_zenodo,,https://zenodo.org/records/16924532,static,,2026-09-13T06:19:18.696424+00:00,False
reviews_01441,قرية طبب التاريخية,,جميله جدا و فيها 3 كفيهات بجلسات و اطلالات أروع يستحق الزيااااره 🔝🔝♥️♥️ ...,Abha,مكان تراثي وتاريخي,,,1,,1,1,reviews_zenodo,,https://zenodo.org/records/16924532,static,,2026-09-13T06:19:18.696424+00:00,False
reviews_01442,قرية طبب التاريخية,,المكان جميل ويتم الاعتناء به بشكل جيد ويستمر التطوير به,Abha,مكان تراثي وتاريخي,,,,,1,1,reviews_zenodo,,https://zenodo.org/records/16924532,static,,2026-09-13T06:19:18.696424+00:00,False
reviews_01443,قرية طبب التاريخية,,المكان رهيييييب ومريح وواضح جدا وفيه اماكن جلوس الدخول كان ب10 للشخص,Abha,مكان تراثي وتاريخي,,,1,,1,,reviews_zenodo,,https://zenodo.org/records/16924532,static,,2026-09-13T06:19:18.696424+00:00,False
reviews_01444,قرية طبب التاريخية,,يجنن المكان بمعنى الكلمه مليان طبيعه وتوراث ، الدخول ب ١٠ لشخص,Abha,مكان تراثي وتاريخي,,,,,1,1,reviews_zenodo,,https://zenodo.org/records/16924532,static,,2026-09-13T06:19:18.696424+00:00,False
reviews_01445,قرية طبب التاريخية,,موقع سياحي بامتياز: -حفاوة الاستقبال والشرح التاريخي الوافي من شباب المتحمي ...,Abha,مكان تراثي وتاريخي,,,,1,1,,reviews_zenodo,,https://zenodo.org/records/16924532,static,,2026-09-13T06:19:18.696424+00:00,False
reviews_01446,قرية طبب التاريخية,,جدااا جميل مجهود جبار من اجمل المزارات السياحيه التي تحكي جانب تاريخي هام في منطقة عسير .,Abha,مكان تراثي وتاريخي,,,,,1,1,reviews_zenodo,,https://zenodo.org/records/16924532,static,,2026-09-13T06:19:18.696424+00:00,False
reviews_01447,قرية طبب التاريخية,,المكان جميل موضفين متعاونين الموضف علي الفصيلي متعاون وجدا محترم مع الجميع .,Abha,مكان تراثي وتاريخي,,,,1,1,,reviews_zenodo,,https://zenodo.org/records/16924532,static,,2026-09-13T06:19:18.696424+00:00,False
reviews_01448,قرية طبب التاريخية,,جميل يستحق الزيارة صراحه,Abha,مكان تراثي وتاريخي,,,,,1,1,reviews_zenodo,,https://zenodo.org/records/16924532,static,,2026-09-13T06:19:18.696424+00:00,False
reviews_01449,قرية طبب التاريخية,,المكان جميل وطبيعه ريفي جمال الخضره والاطلالات فيه كوفي وجلسه رايقه مطله على الوادي,Abha,مكان تراثي وتاريخي,,,1,,1,,reviews_zenodo,,https://zenodo.org/records/16924532,static,,2026-09-13T06:19:18.696424+00:00,False
reviews_01450,قرية طبب التاريخية,,جميل وصغير، يوجد جلسات في مواقع مختلفة وتجربة رائعة. الدخول ب10 ريال للشخص.,Abha,مكان تراثي وتاريخي,,,1,,1,,reviews_zenodo,,https://zenodo.org/records/16924532,static,,2026-09-13T06:19:18.696424+00:00,False
reviews_01451,قرية طبب التاريخية,,مكان جميل ومرتب الاجواء جميله فيه تحت كافي مطل حلو فوق فيه خيز وقهوه عربي,Abha,مكان تراثي وتاريخي,,,1,,1,,reviews_zenodo,,https://zenodo.org/records/16924532,static,,2026-09-13T06:19:18.696424+00:00,False
reviews_01452,قرية طبب التاريخية,,مكان رائع تنظيم ممتاز انصح بالزيارة بس يا ليت يكون فيه لوحات إرشادية لمواقع المحلات,Abha,مكان تراثي وتاريخي,,,,1,1,,reviews_zenodo,,https://zenodo.org/records/16924532,static,,2026-09-13T06:19:18.696424+00:00,False
reviews_01453,قرية طبب التاريخية,,منطقة ومكان جميل و منظم و تجربة فريدة للتعرف على المناطق التاريخية ،،، الدخول رمزي و قيمة الماكولات و المشروبات معقوله جدا ،،،,Abha,مكان تراثي وتاريخي,1,,,,1,1,reviews_zenodo,,https://zenodo.org/records/16924532,static,,2026-09-13T06:19:18.696424+00:00,False
reviews_01454,قرية طبب التاريخية,,جميل المكان مجدد و مرمم مطل على إطلاله حلوه 😍 و القائمين عليه يشرحون بنفس جميله و بشوشين جدا ، فيه مكان يبيع خبز تنور و كوفي ...,Abha,مكان تراثي وتاريخي,,,1,1,1,,reviews_zenodo,,https://zenodo.org/records/16924532,static,,2026-09-13T06:19:18.696424+00:00,False
reviews_01455,قرية طبب التاريخية,,المكان جميل بجميع تفاصيلة يفتح نافذه على حياة اهل المدينه وتراثهم,Abha,مكان تراثي وتاريخي,,,,1,1,,reviews_zenodo,,https://zenodo.org/records/16924532,static,,2026-09-13T06:19:18.696424+00:00,False
reviews_01456,قرية طبب التاريخية,,المكان تاريخي رائع للأطفال والكبار يوجد كوفي شوب يوجد دورات مياة ومسجد,Abha,مكان تراثي وتاريخي,,,1,,1,,reviews_zenodo,,https://zenodo.org/records/16924532,static,,2026-09-13T06:19:18.696424+00:00,False
reviews_01457,قرية طبب التاريخية,,جماااال جماال ترحيبهم اليوم لنا شي خيال 🤍 قهوتهم لذيذة جمال الجلسات تعاملهم وكرمهم ماشاءالله خميس وجمعة وسبت عندهم فعاليات العرضة في الليل مو حلوة أبدا 😅 ...,Abha,مكان تراثي وتاريخي,,,,1,1,,reviews_zenodo,,https://zenodo.org/records/16924532,static,,2026-09-13T06:19:18.696424+00:00,False
reviews_01458,قرية طبب التاريخية,,مكان جميل والاجمل حرص اهله عليه ورقيهم🙏🏻 انصح بزيارتة لسكان وزوار الجنوب ...,Abha,مكان تراثي وتاريخي,,,,,1,,reviews_zenodo,,https://zenodo.org/records/16924532,static,,2026-09-13T06:19:18.696424+00:00,False
reviews_01459,قرية طبب التاريخية,,ارث عظيم وتاريخي يستحق الزيارة والدعم واهل المزار قمه في الاخلاق والرقي رحم الله من سكنوه وبارك في ذريتهم,Abha,مكان تراثي وتاريخي,,,,1,1,,reviews_zenodo,,https://zenodo.org/records/16924532,static,,2026-09-13T06:19:18.696424+00:00,False
reviews_01460,قرية طبب التاريخية,,مكان رائع جدا يستحق الزيارة,Abha,مكان تراثي وتاريخي,,,,,1,1,reviews_zenodo,,https://zenodo.org/records/16924532,static,,2026-09-13T06:19:18.696424+00:00,False
reviews_01461,قرية طبب التاريخية,,موقع اثري جميع جدا يستحق الزيارة يوجد فيه عدد من الخدمات باسعار منطقية مقابل الخدمة ...,Abha,مكان تراثي وتاريخي,1,,,1,1,1,reviews_zenodo,,https://zenodo.org/records/16924532,static,,2026-09-13T06:19:18.696424+00:00,False
reviews_01462,قرية طبب التاريخية,,تبارك الله مكان روعه وجميل جدا يستحق الزيارة,Abha,مكان تراثي وتاريخي,,,,,1,1,reviews_zenodo,,https://zenodo.org/records/16924532,static,,2026-09-13T06:19:18.696424+00:00,False
reviews_01463,قرية طبب التاريخية,,من أفضل وأروع الأماكن اللي لازم يحطها أي زائر في جدوله,Abha,مكان تراثي وتاريخي,,,,,1,1,reviews_zenodo,,https://zenodo.org/records/16924532,static,,2026-09-13T06:19:18.696424+00:00,False
reviews_01464,قرية طبب التاريخية,,مكان جميل يستحق الزياره فعلا شكرا لكل العاملين فيه والمشرفين,Abha,مكان تراثي وتاريخي,,,,1,1,1,reviews_zenodo,,https://zenodo.org/records/16924532,static,,2026-09-13T06:19:18.696424+00:00,False
reviews_01465,قرية طبب التاريخية,,المكان جميل ورايق والي بالاستقبال المنقبه جدا متعاونه وخلوقه و ساعدتنا كثير,Abha,مكان تراثي وتاريخي,,,,1,1,,reviews_zenodo,,https://zenodo.org/records/16924532,static,,2026-09-13T06:19:18.696424+00:00,False
reviews_01466,قرية طبب التاريخية,,جميل جدا ورائع ولكن مبالغ في بعض الاسعار كوب الشاهي ٨ ريالا,Abha,مكان تراثي وتاريخي,-1,,,,1,,reviews_zenodo,,https://zenodo.org/records/16924532,static,,2026-09-13T06:19:18.696424+00:00,False
reviews_01467,قرية طبب التاريخية,,المكان يجنن فن العمار القديم شكرا لكل من يحيي تراثنا الاطلالات جمييله فيه كوفي ممكن يكون احلى مكان تشرب فيه قهوتك,Abha,مكان تراثي وتاريخي,,,1,,1,,reviews_zenodo,,https://zenodo.org/records/16924532,static,,2026-09-13T06:19:18.696424+00:00,False
reviews_01468,قرية طبب التاريخية,,كلمة رائعة وجميلة قليلة فيها شكرا من الاعماق لكل شخص قام بترميم هذه القلعة الجميلة التي تجسد لنا واقع اهل المنطقة من قدم,Abha,مكان تراثي وتاريخي,,,,,1,1,reviews_zenodo,,https://zenodo.org/records/16924532,static,,2026-09-13T06:19:18.696424+00:00,False
reviews_01469,قرية طبب التاريخية,,عموما مكان رايق يستحق الزيارة ...,Abha,مكان تراثي وتاريخي,,,,,1,1,reviews_zenodo,,https://zenodo.org/records/16924532,static,,2026-09-13T06:19:18.696424+00:00,False
reviews_01470,قرية طبب التاريخية,,جميل جدا بس لو الاسعار اقل خصوصا للي عايلته كبيره,Abha,مكان تراثي وتاريخي,-1,,,,1,,reviews_zenodo,,https://zenodo.org/records/16924532,static,,2026-09-13T06:19:18.696424+00:00,False
reviews_01471,قرية طبب التاريخية,,جميل جدااا الدخول ب 20 ريال للكبال والاطفال 10 والعامله مجانا,Abha,مكان تراثي وتاريخي,1,,,,1,,reviews_zenodo,,https://zenodo.org/records/16924532,static,,2026-09-13T06:19:18.696424+00:00,False
reviews_01472,قرية طبب التاريخية,,من روائع المعمار التاريخي بالمنطقه ،،، لاتفوت فرصه رياره هذا المعلم الجميل,Abha,مكان تراثي وتاريخي,,,,,1,1,reviews_zenodo,,https://zenodo.org/records/16924532,static,,2026-09-13T06:19:18.696424+00:00,False
reviews_01473,قرية طبب التاريخية,,المكان يجنن ويفتح النفس ونظييييف,Abha,مكان تراثي وتاريخي,,1,,,1,,reviews_zenodo,,https://zenodo.org/records/16924532,static,,2026-09-13T06:19:18.696424+00:00,False
reviews_01474,قرية طبب التاريخية,,مركز ومتحف تاريخي و تراثي رائع وممتع,Abha,مكان تراثي وتاريخي,,,1,,1,,reviews_zenodo,,https://zenodo.org/records/16924532,static,,2026-09-13T06:19:18.696424+00:00,False
reviews_01475,قرية طبب التاريخية,,مكان يستحق الزياره طبعا في رسوم وكفيهات وجلسات,Abha,مكان تراثي وتاريخي,,,1,,1,,reviews_zenodo,,https://zenodo.org/records/16924532,static,,2026-09-13T06:19:18.696424+00:00,False
reviews_01476,قرية طبب التاريخية,,المكان مرتب والجو كان جميل جدا .. يوجد تنوع في المقاهي .,Abha,مكان تراثي وتاريخي,,,1,,1,,reviews_zenodo,,https://zenodo.org/records/16924532,static,,2026-09-13T06:19:18.696424+00:00,False
reviews_01477,قرية طبب التاريخية,,مكان جججدا جميييييل وفيه مطاعم وكوفيهات متنوعة مع الاجواء يجنن,Abha,مكان تراثي وتاريخي,,,1,,1,,reviews_zenodo,,https://zenodo.org/records/16924532,static,,2026-09-13T06:19:18.696424+00:00,False
reviews_01478,قرية طبب التاريخية,,المكان جميييل جدا بكل أركانه👍 ولكن يعيبه دورة المياه مشتركة الرجال والنساء مافي خصوصيه ...,Abha,مكان تراثي وتاريخي,,,-1,,1,,reviews_zenodo,,https://zenodo.org/records/16924532,static,,2026-09-13T06:19:18.696424+00:00,False
reviews_01479,قرية طبب التاريخية,,روعة يستحق الزيارة والجلسة تراث وبناء هندسي جميل يوجد داخل القصر مقهى شعبي وخبز تنور وجبنة ابو ولد أيضا مقهى ايحاء قهوة مختصة الدخول القصور ١٠ ريال,Abha,مكان تراثي وتاريخي,,,1,,1,1,reviews_zenodo,,https://zenodo.org/records/16924532,static,,2026-09-13T06:19:18.696424+00:00,False
reviews_01480,قرية طبب التاريخية,,روووعه المكان بالكامل جميل ورايق,Abha,مكان تراثي وتاريخي,,,,,1,1,reviews_zenodo,,https://zenodo.org/records/16924532,static,,2026-09-13T06:19:18.696424+00:00,False
reviews_01481,قرية طبب التاريخية,,كل ما جيت بصيف في ابها لازم اجي هالمكان وكل مره يبهرونا بجماله مكان مريح جدا يجبرك تجيه كثير الله يقويكم,Abha,مكان تراثي وتاريخي,,,,,1,1,reviews_zenodo,,https://zenodo.org/records/16924532,static,,2026-09-13T06:19:18.696424+00:00,False
reviews_01482,قرية طبب التاريخية,,مكان حلو والاجواء بشكل عام مزدحم فيه مطاعم وكافيات,Abha,مكان تراثي وتاريخي,,,1,,1,,reviews_zenodo,,https://zenodo.org/records/16924532,static,,2026-09-13T06:19:18.696424+00:00,False
reviews_01483,قرية طبب التاريخية,,مكان روعه وجو اروع مع الامطار ومطعم وكافيهات ومربط خيل,Abha,مكان تراثي وتاريخي,,,1,,1,,reviews_zenodo,,https://zenodo.org/records/16924532,static,,2026-09-13T06:19:18.696424+00:00,False
reviews_01484,قرية طبب التاريخية,,قصور فعلاجميله واثريه جلسات متنوعه ومتوفره خدمات رائعه منظمين في قمة الأدب والإحترام,Abha,مكان تراثي وتاريخي,,,1,1,1,,reviews_zenodo,,https://zenodo.org/records/16924532,static,,2026-09-13T06:19:18.696424+00:00,False
reviews_01485,قرية طبب التاريخية,,مكان مميز وتاريخي ويستحق الزيارة.,Abha,مكان تراثي وتاريخي,,,,,1,1,reviews_zenodo,,https://zenodo.org/records/16924532,static,,2026-09-13T06:19:18.696424+00:00,False
reviews_01486,قرية طبب التاريخية,,حلووووووه منظر رائع متعه بصريه من التراث والحضاره .,Abha,مكان تراثي وتاريخي,,,,,1,1,reviews_zenodo,,https://zenodo.org/records/16924532,static,,2026-09-13T06:19:18.696424+00:00,False
reviews_01487,قرية طبب التاريخية,,لازم تخصص لها من وقتك تستحق الزيارة,Abha,مكان تراثي وتاريخي,,,,,1,1,reviews_zenodo,,https://zenodo.org/records/16924532,static,,2026-09-13T06:19:18.696424+00:00,False
reviews_01488,قرية طبب التاريخية,,قلعة طبب التاريخية انصح بزيارته فيه شلال في المطلات مقهى الشعبي,Abha,مكان تراثي وتاريخي,,,,,1,1,reviews_zenodo,,https://zenodo.org/records/16924532,static,,2026-09-13T06:19:18.696424+00:00,False
reviews_01489,قرية طبب التاريخية,,القلعه تستاهل الزياره واتمنى تخفيض سعر تذكره الدخول ٢٠ ريال واجد !,Abha,مكان تراثي وتاريخي,-1,,,,1,1,reviews_zenodo,,https://zenodo.org/records/16924532,static,,2026-09-13T06:19:18.696424+00:00,False
reviews_01490,قرية طبب التاريخية,,موقع اثري وجميل اتمنا الاهتمام وتوفير مواقف سيارات,Abha,مكان تراثي وتاريخي,,,-1,,1,,reviews_zenodo,,https://zenodo.org/records/16924532,static,,2026-09-13T06:19:18.696424+00:00,False
reviews_01491,قرية طبب التاريخية,,المكان تراثي جميل ، واجواءه جميلة .,Abha,مكان تراثي وتاريخي,,,,,1,1,reviews_zenodo,,https://zenodo.org/records/16924532,static,,2026-09-13T06:19:18.696424+00:00,False
reviews_01492,قرية طبب التاريخية,,مكان جميل جميل جميل يشكر كل من عمل على هذا المكان ومن حافظ عليه,Abha,مكان تراثي وتاريخي,,,,,1,1,reviews_zenodo,,https://zenodo.org/records/16924532,static,,2026-09-13T06:19:18.696424+00:00,False
reviews_01493,قرية طبب التاريخية,,جميل جدا ويستاهل زيارة وزيارتين وثلاث 👍🏻 ...,Abha,مكان تراثي وتاريخي,,,,,1,1,reviews_zenodo,,https://zenodo.org/records/16924532,static,,2026-09-13T06:19:18.696424+00:00,False
reviews_01494,قرية طبب التاريخية,,جميل ومرتب ويحكي الفن العمراني قديما.,Abha,مكان تراثي وتاريخي,,,,,1,1,reviews_zenodo,,https://zenodo.org/records/16924532,static,,2026-09-13T06:19:18.696424+00:00,False
reviews_01495,قرية طبب التاريخية,,من أجمل المواقع الأثريه والتراثية والتي تمت المحافظة عليها وأصبحت موقعا جاذبا للزيارة من داخل الوطن وخارجه ونالت اعجاب الجميع,Abha,مكان تراثي وتاريخي,,,,,1,1,reviews_zenodo,,https://zenodo.org/records/16924532,static,,2026-09-13T06:19:18.696424+00:00,False
reviews_01496,قرية طبب التاريخية,,مكان أثري وجميل وله دلالات تاريخية مهمة..,Abha,مكان تراثي وتاريخي,,,,,1,1,reviews_zenodo,,https://zenodo.org/records/16924532,static,,2026-09-13T06:19:18.696424+00:00,False
reviews_01497,قرية طبب التاريخية,,رائع جدا وأنصح بزيارته والاستمتاع بعبق التاريخ,Abha,مكان تراثي وتاريخي,,,,,1,1,reviews_zenodo,,https://zenodo.org/records/16924532,static,,2026-09-13T06:19:18.696424+00:00,False
reviews_01498,قرية طبب التاريخية,,قرية جميلة جدا رحم الله من بناها ومن سكن فيها,Abha,مكان تراثي وتاريخي,,,,,1,1,reviews_zenodo,,https://zenodo.org/records/16924532,static,,2026-09-13T06:19:18.696424+00:00,False
reviews_01499,قرية طبب التاريخية,,جميلة جدا وانصح بزيارة المكان وفيه مقهى ايحاء للقهوة المختصه,Abha,مكان تراثي وتاريخي,,,1,,1,1,reviews_zenodo,,https://zenodo.org/records/16924532,static,,2026-09-13T06:19:18.696424+00:00,False
reviews_01500,قرية طبب التاريخية,,موقع تاريخي ومكتبه وكافيات,Abha,مكان تراثي وتاريخي,,,1,,1,,reviews_zenodo,,https://zenodo.org/records/16924532,static,,2026-09-13T06:19:18.696424+00:00,False
reviews_01501,قرية طبب التاريخية,,مكان جميل جدا وفخورين بأهل الجنوب الي حافظوا على هويتهم التراثيه وربطوها بالحاضر 👍 الحمدلله استمتعنا بزيارته خصوصا الكفيات وعربات الاكل,Abha,مكان تراثي وتاريخي,,,1,,1,,reviews_zenodo,,https://zenodo.org/records/16924532,static,,2026-09-13T06:19:18.696424+00:00,False
reviews_01502,قرية طبب التاريخية,,الدخول كان ب ١٠ للبالغين و الصغار تقريبا ب ٥. المكان رائع جدا وفيه مقهى وبقالة صغيره واسعارهم كانت ممتازه ايضا الشيء الوحيد اللي ما اعجبني الدرج يمكن ٤ اشخاص قدامي طاحوا منه بالاضافة الى ان الموقع غلط,Abha,مكان تراثي وتاريخي,1,,0,,1,,reviews_zenodo,,https://zenodo.org/records/16924532,static,,2026-09-13T06:19:18.696424+00:00,False
reviews_01503,قرية طبب التاريخية,,جو ومكان وموظفين وقهوة كل مافيها جميل,Abha,مكان تراثي وتاريخي,,,,1,1,1,reviews_zenodo,,https://zenodo.org/records/16924532,static,,2026-09-13T06:19:18.696424+00:00,False
reviews_01504,قرية طبب التاريخية,,مكان جميل جدا يستحق التجربة 🤍🤍 ...,Abha,مكان تراثي وتاريخي,,,,,1,1,reviews_zenodo,,https://zenodo.org/records/16924532,static,,2026-09-13T06:19:18.696424+00:00,False
reviews_01505,قرية طبب التاريخية,,مكان تاريخي جميل. الاهتمام واضح فيه من أهل القرية الاصليين ، يعيد اليك روح الانتماء والفخر بالماضي الجميل. فيه مقهى علوي يقدم القهوة العربية والحلويات والتمر ومقهى سفلي فيه قهوة عربية وقهوة سوداء وغيرها كذلك يوجد محل يخبز الخبز المحلي بالطريقة الشعبية. الدخول برسوم للكبار ومجاني للصغار تستحق الزيارة خاصة بعد هطول الامطار,Abha,مكان تراثي وتاريخي,,,1,,1,1,reviews_zenodo,,https://zenodo.org/records/16924532,static,,2026-09-13T06:19:18.696424+00:00,False
reviews_01506,قرية طبب التاريخية,,حب كبير للموقع واستغلال المباني الأثرية,Abha,مكان تراثي وتاريخي,,,1,,1,,reviews_zenodo,,https://zenodo.org/records/16924532,static,,2026-09-13T06:19:18.696424+00:00,False
reviews_01507,قرية طبب التاريخية,,المكان جمييييل جمييييل جمييييل جدا بكل التفاصيل الي بيدخل بيحس باحساس مختلف تماما صدق تغذيه بصريه ومتعه بكل لحظه كثير انبسطت فيه واستمتعت الكوفي الشلال مسوي جو مو طبيعي جمال المكان والاطلاله تاخذ العقل انصح بزيارته بقوه✨👌🏻 ...,Abha,مكان تراثي وتاريخي,,,1,,1,1,reviews_zenodo,,https://zenodo.org/records/16924532,static,,2026-09-13T06:19:18.696424+00:00,False
reviews_01508,قرية طبب التاريخية,,مكان راااااااائع رائع رائع عجبني بكل تفاصيله رسوم الدخول 10 ريال للشخص ...,Abha,مكان تراثي وتاريخي,,,,,1,1,reviews_zenodo,,https://zenodo.org/records/16924532,static,,2026-09-13T06:19:18.696424+00:00,False
reviews_01509,قرية طبب التاريخية,,موقع تاريخي يستحق الزياره,Abha,مكان تراثي وتاريخي,,,,,1,1,reviews_zenodo,,https://zenodo.org/records/16924532,static,,2026-09-13T06:19:18.696424+00:00,False
reviews_01510,قرية طبب التاريخية,,جميله جدا تستحق الزياره,Abha,مكان تراثي وتاريخي,,,,,1,1,reviews_zenodo,,https://zenodo.org/records/16924532,static,,2026-09-13T06:19:18.696424+00:00,False
reviews_01511,قرية طبب التاريخية,,جميييييييل بمعني الكلمه ورائع يستحق الزياره,Abha,مكان تراثي وتاريخي,,,,,1,1,reviews_zenodo,,https://zenodo.org/records/16924532,static,,2026-09-13T06:19:18.696424+00:00,False
reviews_01512,قرية طبب التاريخية,,رائع بكل تفاصيله جمع بين عبق الماضي وأصالة الحاضر,Abha,مكان تراثي وتاريخي,,,,,1,1,reviews_zenodo,,https://zenodo.org/records/16924532,static,,2026-09-13T06:19:18.696424+00:00,False
reviews_01513,قرية طبب التاريخية,,مكان أكثر من رائع يستحق الزيارة وتكرارها، يفتح من ١ الظهر وكل ما رحت بدري كل ما كان فاضي ومريح، لكن المحلات مو كلها تفتح من بدري فيه ركن نورة آرت جاليري وكوفي فيه جلسات خارجية الدخول لها مجاني، لكن الدخول للقلاع والمتاجر ب ١٠ للشخص والأطفال مجاني👍🏻 ...,Abha,مكان تراثي وتاريخي,1,,1,,,,reviews_zenodo,,https://zenodo.org/records/16924532,static,,2026-09-13T06:19:18.696424+00:00,False
reviews_01514,قرية طبب التاريخية,,متعوب عليه جدا يستحق الزيارة,Abha,مكان تراثي وتاريخي,,,,,1,1,reviews_zenodo,,https://zenodo.org/records/16924532,static,,2026-09-13T06:19:18.696424+00:00,False
reviews_01515,قرية طبب التاريخية,,يستحق الزيارة متحف مرتب وجميل جدا ..يوجد كوفي جميل وجلساته خارجية رايقة جدا كذلك يوجد عربات مقبلات خفيفة وفطير تنور,Abha,مكان تراثي وتاريخي,,,1,,1,1,reviews_zenodo,,https://zenodo.org/records/16924532,static,,2026-09-13T06:19:18.696424+00:00,False
reviews_01516,قرية طبب التاريخية,,صراحه تعاملهم جميل والمكان فنان,Abha,مكان تراثي وتاريخي,,,,1,1,,reviews_zenodo,,https://zenodo.org/records/16924532,static,,2026-09-13T06:19:18.696424+00:00,False
reviews_01517,قرية طبب التاريخية,,كانت جميله طبب ومهتمين فيها بكل التفاصيل,Abha,مكان تراثي وتاريخي,,,,,1,1,reviews_zenodo,,https://zenodo.org/records/16924532,static,,2026-09-13T06:19:18.696424+00:00,False
reviews_01518,قرية طبب التاريخية,,مره حلووه واهلها مهتمين فيها مره والكوفيهات تحت بعد مره تجننن زياره ممتعه انصح الكل يزورها بتستمعون مره لاتفوتكم وفيه بنت تحت تبيع شموع اخذت منها شمعه ريحتها خياااال اشتروا منها,Abha,مكان تراثي وتاريخي,,,1,,1,1,reviews_zenodo,,https://zenodo.org/records/16924532,static,,2026-09-13T06:19:18.696424+00:00,False
reviews_01519,قرية طبب التاريخية,,اتعب واقول من المعالم المتميزه بمنطقه عسير وكل زائر لابد يزور القلعة جميله من الداخل ومن اعلى واستقبال كما هو معهود لاهالي منطقه عسير الترحيب بالضيف والاهتمام به واكرمه موفقين واتمنى ان تكون من افضل قلاع العالم التاريخيه المميزه,Abha,مكان تراثي وتاريخي,,,,1,1,,reviews_zenodo,,https://zenodo.org/records/16924532,static,,2026-09-13T06:19:18.696424+00:00,False
reviews_01520,قرية طبب التاريخية,,المكان جميل جدا ، وللمهتمين بالتاريخ يعتبر رائع جدا ، مكان يستحق الزياره يوجد كوفي مع اطلاله على الوادي جميله ، ...,Abha,مكان تراثي وتاريخي,,,,1,1,1,reviews_zenodo,,https://zenodo.org/records/16924532,static,,2026-09-13T06:19:18.696424+00:00,False
reviews_01521,قرية طبب التاريخية,,مكان جدا جميل يحكي تاريخ اسره ابونقطه المتحمي يوجد تصوير صور فوريه لتوثيق زيارتكم للمكان 💕💕 ...,Abha,مكان تراثي وتاريخي,,,,,1,1,reviews_zenodo,,https://zenodo.org/records/16924532,static,,2026-09-13T06:19:18.696424+00:00,False
reviews_01522,قرية طبب التاريخية,,مكان جميل يستحق الزيارة فيه كوفي جميل وجلسات مطلة على شلال ومزرعة الجلسات رايقة وفيه متحف وكم متجر 👍🏻 ...,Abha,مكان تراثي وتاريخي,,,1,,1,1,reviews_zenodo,,https://zenodo.org/records/16924532,static,,2026-09-13T06:19:18.696424+00:00,False
reviews_01523,قرية طبب التاريخية,,طبعا يوجد فيه كوفي ثلاثه اثنين داخل المتحفه واحد برا المتحف يوجد تركات خارجيه خبز بيت وبطاطس مقلي الاسعار من ٢٠ریال وفوق رسوم الدخول للكبار ١٠ریال فقط تنظيم ترتيب يشكرون عليه فعلا,Abha,مكان تراثي وتاريخي,,,1,1,1,,reviews_zenodo,,https://zenodo.org/records/16924532,static,,2026-09-13T06:19:18.696424+00:00,False
reviews_01524,قرية طبب التاريخية,,تراث جميل بتنظيم أجمل,Abha,مكان تراثي وتاريخي,,,,1,1,,reviews_zenodo,,https://zenodo.org/records/16924532,static,,2026-09-13T06:19:18.696424+00:00,False
reviews_01525,قرية طبب التاريخية,,الماضي بلمسات حديثه يستحق الزياره,Abha,مكان تراثي وتاريخي,,,,,1,1,reviews_zenodo,,https://zenodo.org/records/16924532,static,,2026-09-13T06:19:18.696424+00:00,False
reviews_01526,قرية طبب التاريخية,,مكان غاية في الروعة قد مااوصف اكون مقصره وتعامل الموظفين جدا راقي وبشوشين الله يعطيهم العافيه ولو سمحت لي الفرصه بتجربة المكان ممكن اعيده كذا مره طلبت كورتادو ممتاز جدا وسبنش لاتيه مشكورين كل القائمين ع المكان,Abha,مكان تراثي وتاريخي,,,,1,1,1,reviews_zenodo,,https://zenodo.org/records/16924532,static,,2026-09-13T06:19:18.696424+00:00,False
reviews_01527,قرية طبب التاريخية,,متحف جميل ، يوجد اماكن جلوس ، يوجد مقهى بالداخل وايضا مقهى بجوار المتحف بإطلالة جميلة على الوادى و المزارع المجاورة ... انصح بزيارته,Abha,مكان تراثي وتاريخي,,,1,,1,1,reviews_zenodo,,https://zenodo.org/records/16924532,static,,2026-09-13T06:19:18.696424+00:00,False
reviews_01528,قرية طبب التاريخية,,المكان مشاءالله مره يفتح النفس والمحلات الي فيه حق الاكسسوارات البيت ومشاءالله الجلابيات والخبزززززه تموت لذيذه والشاهي مره انصحكم في المكان ...,Abha,مكان تراثي وتاريخي,,,1,,1,1,reviews_zenodo,,https://zenodo.org/records/16924532,static,,2026-09-13T06:19:18.696424+00:00,False
reviews_01529,قرية طبب التاريخية,,فنانين المكان الخدمه الموظفين رغم انه مكان مفتوح الا قهوة توصلك حاره المدير راقي جدا ولا غلطه,Abha,مكان تراثي وتاريخي,,,1,1,1,,reviews_zenodo,,https://zenodo.org/records/16924532,static,,2026-09-13T06:19:18.696424+00:00,False
reviews_01530,قرية طبب التاريخية,,المكان جميل جدااا ومهتمين ب نظافته غير اللوحات التوضيحيه والاسماء التعريفيه مكان ممتع يستحق الزياره فيه مكان خاص يبيع خبز ...,Abha,مكان تراثي وتاريخي,,1,1,,1,1,reviews_zenodo,,https://zenodo.org/records/16924532,static,,2026-09-13T06:19:18.696424+00:00,False
reviews_01531,قرية طبب التاريخية,,مكان جميل ومرتب تحت اشراف شباب سعوديين من اهل المنطقة ويوجد به جلسات وكوفيهات,Abha,مكان تراثي وتاريخي,,,1,,1,,reviews_zenodo,,https://zenodo.org/records/16924532,static,,2026-09-13T06:19:18.696424+00:00,False
reviews_01532,قرية طبب التاريخية,,المكان اكثر من رائع والاستقبال مو غريب عليهم، وعز الله انكم وانعم واشهر من نار على علم والمعروف لا يعرف,Abha,مكان تراثي وتاريخي,,,,1,1,,reviews_zenodo,,https://zenodo.org/records/16924532,static,,2026-09-13T06:19:18.696424+00:00,False
reviews_01533,قرية طبب التاريخية,,مكان جدا جميل وتراثي ومرتب والاطلاله حلووه ولكن عيبهم في اسعار الكوفي شوي مبالغ فيها والمواقف ضيقة ولكن مكان يستحق الزياره 🤍🤍 ...,Abha,مكان تراثي وتاريخي,-1,,0,,1,1,reviews_zenodo,,https://zenodo.org/records/16924532,static,,2026-09-13T06:19:18.696424+00:00,False
reviews_01534,قرية طبب التاريخية,,مكان جمييل ومرتب من تراث طبب فيه جلسات للقهوة العربية بنفس المبنى وفيه طرف من المبنى قهوة مختصة وشغل مرتب بأيدي شباب سعوديين.. ...,Abha,مكان تراثي وتاريخي,,,1,,1,,reviews_zenodo,,https://zenodo.org/records/16924532,static,,2026-09-13T06:19:18.696424+00:00,False
reviews_01535,قرية طبب التاريخية,,جميله جدآ تستحق الزيارة دخول الشخص فوق ١٢ سنه ب١٠ ريال,Abha,مكان تراثي وتاريخي,,,,,1,1,reviews_zenodo,,https://zenodo.org/records/16924532,static,,2026-09-13T06:19:18.696424+00:00,False
reviews_01536,قرية طبب التاريخية,,قلعة فيها من التاريخ الكثير من العهد العثماني لفت انتباهي الاهتمام بالنظافة وحسن الاستقبال يوجد دورات مياه ومصليات للرجال والنساء ...,Abha,مكان تراثي وتاريخي,,1,1,1,1,,reviews_zenodo,,https://zenodo.org/records/16924532,static,,2026-09-13T06:19:18.696424+00:00,False
reviews_01537,قرية طبب التاريخية,,جميلة وتنظيم رائع👍🏻 ...,Abha,مكان تراثي وتاريخي,,,,1,1,,reviews_zenodo,,https://zenodo.org/records/16924532,static,,2026-09-13T06:19:18.696424+00:00,False
reviews_01538,قرية طبب التاريخية,,مكان رائع وانصح بتجربة,Abha,مكان تراثي وتاريخي,,,,,1,1,reviews_zenodo,,https://zenodo.org/records/16924532,static,,2026-09-13T06:19:18.696424+00:00,False
reviews_01539,قرية طبب التاريخية,,المتحف رائع وجميل وهادئ، ينقلك الى الاجواء الماضية ، استمتعت بزيارته جدآ، وتفاصيل المكان متقنة، واكثر شي عجبني محل بيع الملابس التراثية النسائية.,Abha,مكان تراثي وتاريخي,,,1,,1,1,reviews_zenodo,,https://zenodo.org/records/16924532,static,,2026-09-13T06:19:18.696424+00:00,False
reviews_01540,قرية طبب التاريخية,,رائعة وأمل ان يكتمل جمالها بعد إضافة الأثاث التراثي القديم لها. الاطلالة حلوة على المزارع. يوجد مقهى يقدم مزيج من المشروبات بين الشعبي و الحديث. انصح بزيارته.,Abha,مكان تراثي وتاريخي,,,1,,1,1,reviews_zenodo,,https://zenodo.org/records/16924532,static,,2026-09-13T06:19:18.696424+00:00,False
reviews_01541,قرية طبب التاريخية,,كسائحة في المنطقه سعيدة جدا بمثل هذا التراث والاهتمام فيه وتطويرة ونشرة المكان رائع يستحق الزيارة والعنوة تجربة القهوة على مطل القصور القديمة كان يأسر يعود بك للماضى والتاريخ الجميل كنت اتمنى القصور مفتوحه فقط مررت بالكوفي ايحاء كان ...,Abha,مكان تراثي وتاريخي,,,1,,1,1,reviews_zenodo,,https://zenodo.org/records/16924532,static,,2026-09-13T06:19:18.696424+00:00,False
reviews_01542,قرية طبب التاريخية,,المكان اثري ومرتب يجنن كل شي بكل تفاصيله👍👍👍💗 ...,Abha,مكان تراثي وتاريخي,,,,,1,1,reviews_zenodo,,https://zenodo.org/records/16924532,static,,2026-09-13T06:19:18.696424+00:00,False
reviews_01543,قرية طبب التاريخية,,احد أماكن تراث قصور عسير مكان جميل ورايق,Abha,مكان تراثي وتاريخي,,,,,1,1,reviews_zenodo,,https://zenodo.org/records/16924532,static,,2026-09-13T06:19:18.696424+00:00,False
reviews_01544,قرية طبب التاريخية,,مكان تراثي ممتاز جدا ويستاهل الزياره بس المواقف صعبه,Abha,مكان تراثي وتاريخي,,,0,,1,1,reviews_zenodo,,https://zenodo.org/records/16924532,static,,2026-09-13T06:19:18.696424+00:00,False
reviews_01545,قرية طبب التاريخية,,جميل ويستحق الزيارة .. دخول الكبار ١٠ ريال والاطفال ٥ ريال..,Abha,مكان تراثي وتاريخي,,,,,1,1,reviews_zenodo,,https://zenodo.org/records/16924532,static,,2026-09-13T06:19:18.696424+00:00,False
reviews_01546,قرية طبب التاريخية,,مكان رائع للزيارة ينقصه ضيافه للزائر، وكشك صغير لبيع الهدايا,Abha,مكان تراثي وتاريخي,,,0,,1,1,reviews_zenodo,,https://zenodo.org/records/16924532,static,,2026-09-13T06:19:18.696424+00:00,False
reviews_01547,قرية طبب التاريخية,,المكان رهييب ورايق واكلهم لذييذ انصحكم فيه ❤️‍🔥 ...,Abha,مكان تراثي وتاريخي,,,,,1,1,reviews_zenodo,,https://zenodo.org/records/16924532,static,,2026-09-13T06:19:18.696424+00:00,False
reviews_01548,قرية طبب التاريخية,,مكان أثري رائع جدا... وأنصح الجميع بزيارته وأيضا يوجد هناك مسجد أثري قديم جدا وجميل من الخارج والداخل وتقام فيه جميع الصلوات... وهناك كوفي واطلالة رائعة,Abha,مكان تراثي وتاريخي,,,1,,1,1,reviews_zenodo,,https://zenodo.org/records/16924532,static,,2026-09-13T06:19:18.696424+00:00,False
reviews_01549,قرية طبب التاريخية,,من أجمل أجمل الأوقات اللي قضيتها في ابها هي زيارتي لهذا المكان الجميل 😢♥️ ...,Abha,مكان تراثي وتاريخي,,,,,1,1,reviews_zenodo,,https://zenodo.org/records/16924532,static,,2026-09-13T06:19:18.696424+00:00,False
reviews_01550,قرية طبب التاريخية,,المكان روووعه ويستحق الزياررره بس فيه الكوفي اللي تحت بصراحه العمال مو مهتمين بالزباين وتناديهم مايستيجيبون لك خاصه الفلبيني👎 ...,Abha,مكان تراثي وتاريخي,,,,-1,1,1,reviews_zenodo,,https://zenodo.org/records/16924532,static,,2026-09-13T06:19:18.696424+00:00,False
reviews_01551,قرية طبب التاريخية,,مكان رائع بهوية تراثية لمباني المنطقة ، جلسات رائعة ازدادت روعتها بحسن تعامل وتنظيم المشرفين على ادارة الموقع,Abha,مكان تراثي وتاريخي,,,1,1,1,,reviews_zenodo,,https://zenodo.org/records/16924532,static,,2026-09-13T06:19:18.696424+00:00,False
reviews_01552,قرية طبب التاريخية,,تستحق الزيارة منطقة اثرية,Abha,مكان تراثي وتاريخي,,,,,1,1,reviews_zenodo,,https://zenodo.org/records/16924532,static,,2026-09-13T06:19:18.696424+00:00,False
reviews_01553,قرية طبب التاريخية,,قرية مره حلوه ونظيفة وفيها اثار قديمة تستحق 5,Abha,مكان تراثي وتاريخي,,1,,,1,,reviews_zenodo,,https://zenodo.org/records/16924532,static,,2026-09-13T06:19:18.696424+00:00,False
reviews_01554,قرية طبب التاريخية,,ممتع والاطلاله رهيبه وفيه كشك يبيع شاهي وبعض المأكولات، يستحق الزيارة,Abha,مكان تراثي وتاريخي,,,1,,1,1,reviews_zenodo,,https://zenodo.org/records/16924532,static,,2026-09-13T06:19:18.696424+00:00,False
reviews_01555,قرية طبب التاريخية,,جميله جدا ومناظر تفتح النفس انصح الجميع بالذهاب اليها,Abha,مكان تراثي وتاريخي,,,,,1,1,reviews_zenodo,,https://zenodo.org/records/16924532,static,,2026-09-13T06:19:18.696424+00:00,False
reviews_01556,قرية طبب التاريخية,,الموقع رائع ويكفي أنه باجتهاد شخصي و فريق العمل من نفس العائلة وفقهم الله المكان رائع ومميز و تعاملهم راقي والله يوفقهم ويسعدهم.,Abha,مكان تراثي وتاريخي,,,,1,1,1,reviews_zenodo,,https://zenodo.org/records/16924532,static,,2026-09-13T06:19:18.696424+00:00,False
reviews_01557,قرية طبب التاريخية,,مكان تاريخي عريق من أجمل الأماكن التاريخيه إلى زرتها يشكرون القائمين عليه من تعامل وترحيب فعلا أحفاد أمراء,Abha,مكان تراثي وتاريخي,,,,1,1,1,reviews_zenodo,,https://zenodo.org/records/16924532,static,,2026-09-13T06:19:18.696424+00:00,False
reviews_01558,قرية طبب التاريخية,,المكان في غاية الروعة ، وأفضل شي تعال الصباح بدري يفتحون ٧ الموظفين متعاونين وصاحب المكان رجل خلوق انصح بالزيارة ويستاهل الف نجمة🌹👍🏻 ...,Abha,مكان تراثي وتاريخي,,,,1,1,1,reviews_zenodo,,https://zenodo.org/records/16924532,static,,2026-09-13T06:19:18.696424+00:00,False
reviews_01559,قرية طبب التاريخية,,قصور و اثار جميله تحكي واقع زمن الطيبين ، وتحكي تراثهم وايضا جمال الصنعات و التراث القديم كما انهم يقدمون لوحات فنيه جميلة و عرضه جنوبيه بطابع اهل الجنوب و لحن الجنوب من الاخر انصح الجميع بزيارته,Abha,مكان تراثي وتاريخي,,,1,,1,1,reviews_zenodo,,https://zenodo.org/records/16924532,static,,2026-09-13T06:19:18.696424+00:00,False
reviews_01560,قرية طبب التاريخية,,متحف جميل جدا يحكي تراث اجدادنا ولازال في بدايته ويستاهل الزياره واشكر القائمين عليه,Abha,مكان تراثي وتاريخي,,,,,1,1,reviews_zenodo,,https://zenodo.org/records/16924532,static,,2026-09-13T06:19:18.696424+00:00,False
reviews_01561,قرية طبب التاريخية,,صراحه قمه في الرووعه بس اتمنى تزويد درج القلعه بمسكه لانه صعب في الطلوع وفي النزول,Abha,مكان تراثي وتاريخي,,,0,,1,,reviews_zenodo,,https://zenodo.org/records/16924532,static,,2026-09-13T06:19:18.696424+00:00,False
reviews_01562,قرية طبب التاريخية,,مكان تراثي رائع الدخول بتذاكر ويوجد مقهى,Abha,مكان تراثي وتاريخي,,,1,,1,,reviews_zenodo,,https://zenodo.org/records/16924532,static,,2026-09-13T06:19:18.696424+00:00,False
reviews_01563,قرية طبب التاريخية,,المكان رايق وجميل وحبيت ان أصحاب المكان هم نفسهم المرشدين وطريقة ترحيبهم جميله مررره,Abha,مكان تراثي وتاريخي,,,,1,1,1,reviews_zenodo,,https://zenodo.org/records/16924532,static,,2026-09-13T06:19:18.696424+00:00,False
reviews_01564,قرية طبب التاريخية,,رائعة جدا تستحق الزيارة وأصحاب المكان قمة بالاخلاق والتواضع,Abha,مكان تراثي وتاريخي,,,,1,1,1,reviews_zenodo,,https://zenodo.org/records/16924532,static,,2026-09-13T06:19:18.696424+00:00,False
reviews_01565,قرية طبب التاريخية,,من اجمل ما تم تطويره بشكل احترافي والكوفي رهيب وجميييييل في اطلالته وخدماته منتجاتهم الذيذه 👍🌹 ...,Abha,مكان تراثي وتاريخي,,,1,,1,,reviews_zenodo,,https://zenodo.org/records/16924532,static,,2026-09-13T06:19:18.696424+00:00,False
reviews_01566,قرية طبب التاريخية,,مكان تاريخي وفيه مقاهي ومطاعم. سعر التذكرة 25 ريال للكبار و 15 ريال للأطفال.,Abha,مكان تراثي وتاريخي,,,1,,1,,reviews_zenodo,,https://zenodo.org/records/16924532,static,,2026-09-13T06:19:18.696424+00:00,False
reviews_01567,قرية طبب التاريخية,,تفاصيل المكان و الاستقبال جميل العيب الوحيد هو اسعار الدخول و مواقف السيارات,Abha,مكان تراثي وتاريخي,-1,,0,1,1,,reviews_zenodo,,https://zenodo.org/records/16924532,static,,2026-09-13T06:19:18.696424+00:00,False
reviews_01568,قرية طبب التاريخية,,المكان جميل المأخذ على ارتفاع رسوم الدخول,Abha,مكان تراثي وتاريخي,-1,,,,1,,reviews_zenodo,,https://zenodo.org/records/16924532,static,,2026-09-13T06:19:18.696424+00:00,False
reviews_01569,قرية طبب التاريخية,,الموقع جميل لكن فارغ من التراث وأسواء شيء التدخين داخل الموقع,Abha,مكان تراثي وتاريخي,,,-1,,1,-1,reviews_zenodo,,https://zenodo.org/records/16924532,static,,2026-09-13T06:19:18.696424+00:00,False
reviews_01570,قرية طبب التاريخية,,- القلاع جميل منظرها وجلسات لا بأس ولكن متعبه في الصعود ولا يوجد ما يمكن ان يسمى بمتحف و المقتنيات القديمه قليله ان وجدت. - لايوجد مواقف سيارات مهيئة.. المتوفر فقط ارض مليئه بالحجاره. ...,Abha,مكان تراثي وتاريخي,,,-1,,1,,reviews_zenodo,,https://zenodo.org/records/16924532,static,,2026-09-13T06:19:18.696424+00:00,False
reviews_01571,قرية طبب التاريخية,,كويسه بس اسعار الدخول الشخص 25 كثيره,Abha,مكان تراثي وتاريخي,-1,,,,1,,reviews_zenodo,,https://zenodo.org/records/16924532,static,,2026-09-13T06:19:18.696424+00:00,False
reviews_01572,قرية طبب التاريخية,,المكان جدا جميل، المواقف مشكلة، الماس توقف وسط القرية 😂 ...,Abha,مكان تراثي وتاريخي,,,0,,1,,reviews_zenodo,,https://zenodo.org/records/16924532,static,,2026-09-13T06:19:18.696424+00:00,False
reviews_01573,قرية طبب التاريخية,,قلعة تراثية ومزار سياحي يوفر جلسات وإطلالات طبيعية,Abha,مكان تراثي وتاريخي,,,1,,1,,reviews_zenodo,,https://zenodo.org/records/16924532,static,,2026-09-13T06:19:18.696424+00:00,False
reviews_01574,قرية طبب التاريخية,,الدخول ب ٢٠ ريال للشخص غالي جدا,Abha,مكان تراثي وتاريخي,-1,,,,,-1,reviews_zenodo,,https://zenodo.org/records/16924532,static,,2026-09-13T06:19:18.696424+00:00,False
reviews_01575,قرية طبب التاريخية,,جميل لكن لاتتوفر مواقف ولايوجد حجز مسبق,Abha,مكان تراثي وتاريخي,,,0,,1,0,reviews_zenodo,,https://zenodo.org/records/16924532,static,,2026-09-13T06:19:18.696424+00:00,False
reviews_01576,قرية طبب التاريخية,,القرية جميلة جدا ،، واهلها قائمين عليها بها مقهى وجلسات خبز بلدي وشاهي ،، مزوده بباركود لشرح تاريخ القرية,Abha,مكان تراثي وتاريخي,,,1,,1,,reviews_zenodo,,https://zenodo.org/records/16924532,static,,2026-09-13T06:19:18.696424+00:00,False
reviews_01577,قرية طبب التاريخية,,رايق عبارة عن قلعة صغيرة جدا فيها كافية ومطعم وجلسات صغيرة تعبر عن تراث عسير,Abha,مكان تراثي وتاريخي,,,1,,1,,reviews_zenodo,,https://zenodo.org/records/16924532,static,,2026-09-13T06:19:18.696424+00:00,False
reviews_01578,قرية طبب التاريخية,,المكان جميل ولكن سعر الدخول مبالغ فيه.,Abha,مكان تراثي وتاريخي,-1,,,,1,,reviews_zenodo,,https://zenodo.org/records/16924532,static,,2026-09-13T06:19:18.696424+00:00,False
reviews_01579,قرية طبب التاريخية,,موقع جميل وفريد من ناحية المباني التراثيه ومرافقها والاطلالات الجميله,Abha,مكان تراثي وتاريخي,,,1,,1,,reviews_zenodo,,https://zenodo.org/records/16924532,static,,2026-09-13T06:19:18.696424+00:00,False
reviews_01580,قرية طبب التاريخية,,جيدة و جميلة و تنظيمها متواضع و مواقف السيارات قليلة و لكن كانت تجربة ممتازة و خصوصا انها تجسد الماضي الى حد كبير تحياتي,Abha,مكان تراثي وتاريخي,,,0,,1,1,reviews_zenodo,,https://zenodo.org/records/16924532,static,,2026-09-13T06:19:18.696424+00:00,False
reviews_01581,قرية طبب التاريخية,,تراثية جميلة بطابع مطور ولكن يعيب المكان عدم توفر مواقف قريبة او حتى بعيده. ليس هناك اثر لقصور او قلاع بالفعل مجرد بيوت قديمة.,Abha,مكان تراثي وتاريخي,,,0,,1,,reviews_zenodo,,https://zenodo.org/records/16924532,static,,2026-09-13T06:19:18.696424+00:00,False
reviews_01582,قرية طبب التاريخية,,جيده ومن أفضل الاماكن السياحه بالمنطقه,Abha,مكان تراثي وتاريخي,,,,,1,1,reviews_zenodo,,https://zenodo.org/records/16924532,static,,2026-09-13T06:19:18.696424+00:00,False
reviews_01583,قرية طبب التاريخية,,مكان جميل لمحبين الاماكن التاريخيه استقبال العاملين فيه ممتاز وتعاملهم راقي جدا طبعا الدخول برسوم بسيطه .. فيه كوفي ايطالي القهوه والحلا حلوه واسعارها معقوله مقارنة بغيرها يعيبه المواقف ضيقه شوي ودورات المياه تحتاج تجهيز افضل وعامل يهتم بالمكان,Abha,مكان تراثي وتاريخي,1,,0,1,1,,reviews_zenodo,,https://zenodo.org/records/16924532,static,,2026-09-13T06:19:18.696424+00:00,False
reviews_01584,قرية طبب التاريخية,,لا بأس بها بس التذاكر غاليه,Abha,مكان تراثي وتاريخي,-1,,,,0,,reviews_zenodo,,https://zenodo.org/records/16924532,static,,2026-09-13T06:19:18.696424+00:00,False
reviews_01585,قرية طبب التاريخية,,مكان جميل وتجربة جيدة ولكن وقت الزيارة كانت القصور أغلبها مغلق للصيانة والمفترض تكون في وقت آخر بعد نهاية الإجازة . المقهى يحتاج للتجديد والتطوير ، سعر الجلسة غالي ب١٠٠ ريال بدون الطلبات,Abha,مكان تراثي وتاريخي,-1,,0,,1,0,reviews_zenodo,,https://zenodo.org/records/16924532,static,,2026-09-13T06:19:18.696424+00:00,False
reviews_01586,قرية طبب التاريخية,,فيه تذكرة دخول على شي ما يستاهل حتى لو انك جاي عشان الكوفي بس و اغلب المحلات مقفله,Abha,مكان تراثي وتاريخي,-1,,,,,-1,reviews_zenodo,,https://zenodo.org/records/16924532,static,,2026-09-13T06:19:18.696424+00:00,False
reviews_01587,قرية طبب التاريخية,,الشكر للاهتمام بالموقع وخاصة النظافة والترحيب من المستقبلين ... فقط الملاحظة الوحيدة صخب الموسيقى في الكوفي المطل وليس كل الرواد يعجبهم هذا الشي والتراث الماضي لايناسبه هذا الشيء فرجاء اعادة النظر في هذا الموضوع وشكرا لكم,Abha,مكان تراثي وتاريخي,,1,,1,1,-1,reviews_zenodo,,https://zenodo.org/records/16924532,static,,2026-09-13T06:19:18.696424+00:00,False
reviews_01588,قرية طبب التاريخية,,المكان مررره جميل ويستحق الزيارة 😍ولكن ينقصه الكثير من الاهتمام والاسعار مبالغ فيها لحجز طاولة ب100 ريال والطلبات ما تجهز بسرعة المكان ينقصه تسهيل دخول ذوي الاحتياجات الخاصة او كبار السن ولايوجد عربات لهم ...,Abha,مكان تراثي وتاريخي,-1,,0,,1,1,reviews_zenodo,,https://zenodo.org/records/16924532,static,,2026-09-13T06:19:18.696424+00:00,False
reviews_01589,قرية طبب التاريخية,,جيد لكن مشكلته لايوجد مواقف سيارات الناس واقفين عند البيوت وعلى جوانب الشارع رحنا اكثر من مرة وماقدرنا ندخل مالقينا موقف,Abha,مكان تراثي وتاريخي,,,0,,0,,reviews_zenodo,,https://zenodo.org/records/16924532,static,,2026-09-13T06:19:18.696424+00:00,False
reviews_01590,قرية طبب التاريخية,,جميل ولكن يا سااااتر يا سااااتر يالاستغلال داخل. حبة خبز ب10ريال. ...,Abha,مكان تراثي وتاريخي,-1,,,,1,,reviews_zenodo,,https://zenodo.org/records/16924532,static,,2026-09-13T06:19:18.696424+00:00,False
reviews_01591,قرية طبب التاريخية,,متحفه جميل وومتاز لاكن عيبه الحمامات سيئه مره كنك بحمام مخيمات ووصخهه مره ومقربين حمام الرجال عند النساء ياخي سو حمام بناء وش بيضرك والحمامات مافيه قفل باب,Abha,مكان تراثي وتاريخي,,-1,-1,,1,,reviews_zenodo,,https://zenodo.org/records/16924532,static,,2026-09-13T06:19:18.696424+00:00,False
reviews_01592,قرية طبب التاريخية,,مكان تراثي جميل لكن يحتاج الي تطوير اكثر ولا يوجد مواقف للسيارات,Abha,مكان تراثي وتاريخي,,,0,,1,,reviews_zenodo,,https://zenodo.org/records/16924532,static,,2026-09-13T06:19:18.696424+00:00,False
reviews_01593,قرية طبب التاريخية,,حلو الكان زرته مع اطفال استعمتعوا بالمنطقه التاريخيه,Abha,مكان تراثي وتاريخي,,,,,1,1,reviews_zenodo,,https://zenodo.org/records/16924532,static,,2026-09-13T06:19:18.696424+00:00,False
reviews_01594,قرية طبب التاريخية,,تجربة مثيرة وتستحق الزيارة نحتاج زيادة في الشرح عدد من الأماكن مقفلة,Abha,مكان تراثي وتاريخي,,,,,1,1,reviews_zenodo,,https://zenodo.org/records/16924532,static,,2026-09-13T06:19:18.696424+00:00,False
reviews_01595,قرية طبب التاريخية,,صرح جميل ولكن لازم يشوفون حل لدورات المياه,Abha,مكان تراثي وتاريخي,,,-1,,1,,reviews_zenodo,,https://zenodo.org/records/16924532,static,,2026-09-13T06:19:18.696424+00:00,False
reviews_01596,قرية طبب التاريخية,,تجربه حلوه بس تحتاج لتطوير زحمه والمكان ضيق,Abha,مكان تراثي وتاريخي,,,,,0,1,reviews_zenodo,,https://zenodo.org/records/16924532,static,,2026-09-13T06:19:18.696424+00:00,False
reviews_01597,قصور أبو سراح التاريخية,,من ضمن أجمل الأماكن اللي أحبها ف أبها .,Abha,مكان تراثي وتاريخي,,,,,1,1,reviews_zenodo,,https://zenodo.org/records/16924532,static,,2026-09-13T06:19:18.696424+00:00,False
reviews_01598,قصور أبو سراح التاريخية,,مكان مميز وواجهة تراثية جميلة جميل باطلالته وحداثته واهتمامه بالفنون,Abha,مكان تراثي وتاريخي,,,,,1,1,reviews_zenodo,,https://zenodo.org/records/16924532,static,,2026-09-13T06:19:18.696424+00:00,False
reviews_01599,قصور أبو سراح التاريخية,,الدخول 35 للشخص والمكان بعيد لا يستحق الزيارة,Abha,مكان تراثي وتاريخي,-1,,,,,-1,reviews_zenodo,,https://zenodo.org/records/16924532,static,,2026-09-13T06:19:18.696424+00:00,False
reviews_01600,قصور أبو سراح التاريخية,,مكان رائع جدا اثري يستاهل العنوه ويوجد مكان بيع القهوة المتحف الأثري في اجمل الأماكن والاطلالات,Abha,مكان تراثي وتاريخي,,,1,,1,1,reviews_zenodo,,https://zenodo.org/records/16924532,static,,2026-09-13T06:19:18.696424+00:00,False
reviews_01601,قصور أبو سراح التاريخية,,المكان جدا ممتع يعيبه ارتفاع سعر التذاكر .,Abha,مكان تراثي وتاريخي,-1,,,,1,,reviews_zenodo,,https://zenodo.org/records/16924532,static,,2026-09-13T06:19:18.696424+00:00,False
reviews_01602,قصور أبو سراح التاريخية,,انصح بزيارته من اجمل الاماكن التاريخيه,Abha,مكان تراثي وتاريخي,,,,,1,1,reviews_zenodo,,https://zenodo.org/records/16924532,static,,2026-09-13T06:19:18.696424+00:00,False
reviews_01603,قصور أبو سراح التاريخية,,جميله ومرتبه انصح بزيارتها,Abha,مكان تراثي وتاريخي,,,,,1,1,reviews_zenodo,,https://zenodo.org/records/16924532,static,,2026-09-13T06:19:18.696424+00:00,False
reviews_01604,قصور أبو سراح التاريخية,,مكان جميل، للاسف ما قدرنا نجلس فيه بسبب الامطار والمكان مكشوف لا يوجد جلسات مغلقه.,Abha,مكان تراثي وتاريخي,,,,,1,-1,reviews_zenodo,,https://zenodo.org/records/16924532,static,,2026-09-13T06:19:18.696424+00:00,False
reviews_01605,قصور أبو سراح التاريخية,,المكان جميل ورايق.. الكوفي رشفه من اجمل الأماكن الطبيعيه والمناظر الخلابه.,Abha,مكان تراثي وتاريخي,,,1,,1,1,reviews_zenodo,,https://zenodo.org/records/16924532,static,,2026-09-13T06:19:18.696424+00:00,False
reviews_01606,قصور أبو سراح التاريخية,,مكان يكمل جمالة وجود الكفي فقط وسعر الدخول ب 35 ريال واشوفها ما تنفع الا للمهتم بالتراث او رجال أثري اما كذا تدخل وتطلع والله خساارة فقط 😊✅ ...,Abha,مكان تراثي وتاريخي,,,1,,1,,reviews_zenodo,,https://zenodo.org/records/16924532,static,,2026-09-13T06:19:18.696424+00:00,False
reviews_01607,قصور أبو سراح التاريخية,,ماشاء الله تبارك زياتي له ممتعة جدا ولله الحمد اشكر القائمين عليه من عائلة ابوسراح,Abha,مكان تراثي وتاريخي,,,,1,1,1,reviews_zenodo,,https://zenodo.org/records/16924532,static,,2026-09-13T06:19:18.696424+00:00,False
reviews_01608,قصور أبو سراح التاريخية,,من اسواء الاماكن اللي رحت لها بصراحه خساره فيهم اللي دفعته 👎🏼👎🏼 وكثير فيهم النجمه اللي فوق ...,Abha,مكان تراثي وتاريخي,-1,,,,-1,-1,reviews_zenodo,,https://zenodo.org/records/16924532,static,,2026-09-13T06:19:18.696424+00:00,False
reviews_01609,قصور أبو سراح التاريخية,,حصون أثرية مرممة لشيخ القبيلة الي حارب الإستعمار العثماني وقصة جهاد جميلة من وسط قرية العزيزة تحكي موروث يعتز به,Abha,مكان تراثي وتاريخي,,,1,,1,,reviews_zenodo,,https://zenodo.org/records/16924532,static,,2026-09-13T06:19:18.696424+00:00,False
reviews_01610,قصور أبو سراح التاريخية,,تسافر بك إلى العام ١٢٠٠ هجري حيث الماضي العريق وقصص الكفاح من أجل البقاء .. زاخر بالتراث الأصيل يعيبه ارتفاع سعر التذاكر نوعا ما ..!!,Abha,مكان تراثي وتاريخي,-1,,,,1,,reviews_zenodo,,https://zenodo.org/records/16924532,static,,2026-09-13T06:19:18.696424+00:00,False
reviews_01611,قصور أبو سراح التاريخية,,ما اجمله من مكان، ويا جمال الاجواء. تستعيد التاريخ والذكريات العسيرية والجنوبية وتشعر بحضور التاريخ العريق للمكان.,Abha,مكان تراثي وتاريخي,,,,,1,1,reviews_zenodo,,https://zenodo.org/records/16924532,static,,2026-09-13T06:19:18.696424+00:00,False
reviews_01612,قصور أبو سراح التاريخية,,تجربه ممتعه وحلوه،، يعطيهم العافيه على تنفيذ الفكرة وترميم القصر 👍👍 ...,Abha,مكان تراثي وتاريخي,,,,,1,1,reviews_zenodo,,https://zenodo.org/records/16924532,static,,2026-09-13T06:19:18.696424+00:00,False
reviews_01613,قصور أبو سراح التاريخية,,موقع جميل ويحتاج إلى إضافة بعض الخدمات,Abha,مكان تراثي وتاريخي,,,-1,,1,,reviews_zenodo,,https://zenodo.org/records/16924532,static,,2026-09-13T06:19:18.696424+00:00,False
reviews_01614,قصور أبو سراح التاريخية,,قرية اثرية تستحق الزيارة موقعها جميل جدا يوجد بها كوفي ويعمل به طاقم شباب سعودي اخلاقهم عالية جدا وودودين,Abha,مكان تراثي وتاريخي,,,1,1,1,1,reviews_zenodo,,https://zenodo.org/records/16924532,static,,2026-09-13T06:19:18.696424+00:00,False
reviews_01615,قصور أبو سراح التاريخية,,مكان جميل و هادئ يستحق الزيارة,Abha,مكان تراثي وتاريخي,,,,,1,1,reviews_zenodo,,https://zenodo.org/records/16924532,static,,2026-09-13T06:19:18.696424+00:00,False
reviews_01616,قصور أبو سراح التاريخية,,ممتاز والاجواء جميله وتستحق التجربه واعيد التجربه,Abha,مكان تراثي وتاريخي,,,,,1,1,reviews_zenodo,,https://zenodo.org/records/16924532,static,,2026-09-13T06:19:18.696424+00:00,False
reviews_01617,قصور أبو سراح التاريخية,,مكان جميل وهادئ ينقصه بعض الخدمات ك المشروبات وتعدد الحلويات ووجود اكلات شعبية وايضا يجب ان يكون سهولة للجميع بدخول القصر والارشادات للجميع ما تقتصر على فئة معينة مثلا المشاهير لمن يجون يدخلونهم ويرشدون واهتمام الخ وانا جيت قبل قالوا محد ...,Abha,مكان تراثي وتاريخي,,,-1,-1,1,,reviews_zenodo,,https://zenodo.org/records/16924532,static,,2026-09-13T06:19:18.696424+00:00,False
reviews_01618,قصور أبو سراح التاريخية,,مكان تراثي رائع والاجمل منه من سكنوه وابنائهم شكر خاص للاخ عبدالعزيز والمبدع عبدالرحمن,Abha,مكان تراثي وتاريخي,,,,1,1,,reviews_zenodo,,https://zenodo.org/records/16924532,static,,2026-09-13T06:19:18.696424+00:00,False
reviews_01619,قصور أبو سراح التاريخية,,نبدا اولا بالمكان يقع في منطقه رائعه منظر وجو/يوجد فيه خدمة طعام وكوفي جربت المطعم التركي داخل القصور وكان جيد جدا اخذت بيتزا تستحق ٨/اخذت شاورما دجاج تستحق ٦/الشاهي رائع/بقلاوة بالايسكريم لذيذة/القصور متعوب عليها تجديد لكن انظلمت ...,Abha,مكان تراثي وتاريخي,,,1,,1,,reviews_zenodo,,https://zenodo.org/records/16924532,static,,2026-09-13T06:19:18.696424+00:00,False
reviews_01620,قصور أبو سراح التاريخية,,مكان جميل ورائع وتعامل الشباب راقي,Abha,مكان تراثي وتاريخي,,,,1,1,,reviews_zenodo,,https://zenodo.org/records/16924532,static,,2026-09-13T06:19:18.696424+00:00,False
reviews_01621,قصور أبو سراح التاريخية,,مكان راااااااائع،يستحق الزياره وبقوه، قلعه تاريخيه بنيت من 200 سنه عباره عن ستة ادوار، مكان جميل جدا ، ويوجد مطاعم وكافيهات، تناولنا الطعام في المطعم التركي كيسري ، الطعام لذيذ جدا والاسعار معقوله جدا، تذكرة الدخول 35 للشخص الواحد,Abha,مكان تراثي وتاريخي,1,,1,,1,,reviews_zenodo,,https://zenodo.org/records/16924532,static,,2026-09-13T06:19:18.696424+00:00,False
reviews_01622,قصور أبو سراح التاريخية,,حصنين قديمة وتم ترميمها بنفس النمط القديم وبها شباب من اسرة ال سراح يقدمون الشرح والنعريف بكل محتويات القصر وبها قهوة رشفة جميلة جدا القصر يفتح في موسم الصيف,Abha,مكان تراثي وتاريخي,,,1,1,1,,reviews_zenodo,,https://zenodo.org/records/16924532,static,,2026-09-13T06:19:18.696424+00:00,False
reviews_01623,قصور أبو سراح التاريخية,,مكان جميل جدا وقهوه رائعه الاخ مبارك تعامله راقي يعيبهم شوي غالي,Abha,مكان تراثي وتاريخي,-1,,,1,1,,reviews_zenodo,,https://zenodo.org/records/16924532,static,,2026-09-13T06:19:18.696424+00:00,False
reviews_01624,قصور أبو سراح التاريخية,,مكان جميل من الخارج والقهوة والجلسات الخارحية جميلة.. أما بالنسبة لدخول القصور ومابداخلها لاأنصح به أبدا أبدا، صعود ٦ أدوار وتعب وغرف أشبه بالفارغة ثم نزول ٦ أدوار أخرى والشخص ب٣٥!!,Abha,مكان تراثي وتاريخي,-1,,,,-1,,reviews_zenodo,,https://zenodo.org/records/16924532,static,,2026-09-13T06:19:18.696424+00:00,False
reviews_01625,قصور أبو سراح التاريخية,,المكان يحتاج تطوير اكثر وياليت تزيد الخيارات من المقاهي والمطاعم,Abha,مكان تراثي وتاريخي,,,-1,,0,,reviews_zenodo,,https://zenodo.org/records/16924532,static,,2026-09-13T06:19:18.696424+00:00,False
reviews_01626,قصور أبو سراح التاريخية,,المكان حلو بالنهار جربنا فيه كوفي ولكن اسعار ايجار الجلسات مبالغ فيها ( الساعه ب٥٠ ) اما عن متحف القصور الدخول بقيمه ٣٥ ، جدا غالي للعوائل الكبيره ولافيه خصومات مصحوبه للعدد الكبير ..,Abha,مكان تراثي وتاريخي,-1,,,,1,,reviews_zenodo,,https://zenodo.org/records/16924532,static,,2026-09-13T06:19:18.696424+00:00,False
reviews_01627,قصور أبو سراح التاريخية,,مكان رائع ومناسب للزيارة، يشكر اهل المكان والدكاكين الموجودة على الترتيبات وحسن الاستقبال، الجلسه عند قرب الغروب رائعه وخياليه,Abha,مكان تراثي وتاريخي,,,,1,1,1,reviews_zenodo,,https://zenodo.org/records/16924532,static,,2026-09-13T06:19:18.696424+00:00,False
reviews_01628,قصور أبو سراح التاريخية,,مكان مرا حلو وجميل يستخق الزيارة,Abha,مكان تراثي وتاريخي,,,,,1,1,reviews_zenodo,,https://zenodo.org/records/16924532,static,,2026-09-13T06:19:18.696424+00:00,False
reviews_01629,قصور أبو سراح التاريخية,,جميل جدآ ويستحق الزياره,Abha,مكان تراثي وتاريخي,,,,,1,1,reviews_zenodo,,https://zenodo.org/records/16924532,static,,2026-09-13T06:19:18.696424+00:00,False
reviews_01630,قصور أبو سراح التاريخية,,تمت زيارته وكانت من أجمل الزيارات تاريخيه وشي جميل تتعرف وتعرف ماضيك الجميل مناظر حلوه جدا ممتع ومطل لمناظر اروع يستحق الزياره لعدة مرات حقيقه,Abha,مكان تراثي وتاريخي,,,,,1,1,reviews_zenodo,,https://zenodo.org/records/16924532,static,,2026-09-13T06:19:18.696424+00:00,False
reviews_01631,قصور أبو سراح التاريخية,,مكان رائع جدا وجميل يجمع بين عراقة الماضي واصالة الحاضر يقدم جميع الخدمات مزار تاريخي قلما تجدمثله ابدع الاستاذ عبدالعزيز في تجهيزه حيث يتوفر جميع الخدمات في ذلك الموقع ...,Abha,مكان تراثي وتاريخي,,,1,1,1,,reviews_zenodo,,https://zenodo.org/records/16924532,static,,2026-09-13T06:19:18.696424+00:00,False
reviews_01632,قصور أبو سراح التاريخية,,غالي سعر الدخول بس رهيب ويستاهل التجربة 🤍 ...,Abha,مكان تراثي وتاريخي,-1,,,,1,1,reviews_zenodo,,https://zenodo.org/records/16924532,static,,2026-09-13T06:19:18.696424+00:00,False
reviews_01633,قصور أبو سراح التاريخية,,موقع سياحي تاربخي يستحق الزيارة,Abha,مكان تراثي وتاريخي,,,,,1,1,reviews_zenodo,,https://zenodo.org/records/16924532,static,,2026-09-13T06:19:18.696424+00:00,False
reviews_01634,قصور أبو سراح التاريخية,,جميل و مرتب و فيه شباب خلية نحل ماشاء الله عليهم كل زائر يعطونه فكره عامه عن المتحف قبل يدخل و قمة في الادب و الاحترام و المكان نظيف و فيه مقاهي و مطعم,Abha,مكان تراثي وتاريخي,,1,1,1,1,,reviews_zenodo,,https://zenodo.org/records/16924532,static,,2026-09-13T06:19:18.696424+00:00,False
reviews_01635,قصور أبو سراح التاريخية,,اولا هذا لا يسمى متحف لانه ما فيه شيء كم قطعه اثريه و كتابات و دخول ب ٣٥ ريال للكبار و الصغار و هو سعر مبالغ فيه جدا و لا يستاهل الدخول تطلع ٦ ادوار درج و الله يعينك على النزول . و لا يذكر لك انه ما يصلح لكبار السن علشان الدرج . ...,Abha,مكان تراثي وتاريخي,-1,,,,-1,-1,reviews_zenodo,,https://zenodo.org/records/16924532,static,,2026-09-13T06:19:18.696424+00:00,False
reviews_01636,قصور أبو سراح التاريخية,,جميلة جدا تاريخ لأكثر من 200 عام الدخول للشخص 35 ريال,Abha,مكان تراثي وتاريخي,,,,,1,1,reviews_zenodo,,https://zenodo.org/records/16924532,static,,2026-09-13T06:19:18.696424+00:00,False
reviews_01637,قصور أبو سراح التاريخية,,ماشاءالله تبارك الله مكان جميل يستحق الزيارة تتوسط هذه القصور قرية العزيزة التي تبعد أحد عشر كيلو مترا شمال غرب مدينة أبها، والتي تقع في الجنوب الغربي من المملكة العربية السعودية,Abha,مكان تراثي وتاريخي,,,,,1,1,reviews_zenodo,,https://zenodo.org/records/16924532,static,,2026-09-13T06:19:18.696424+00:00,False
reviews_01638,قصور أبو سراح التاريخية,,موقع جيد والجو جميل في الكوفي المتحف بصراحة لم اقوم بزيارته كونه تقريبا سبع ادوار ولظروفي الصحية لم اتمكن من زيارته,Abha,مكان تراثي وتاريخي,,,1,,1,-1,reviews_zenodo,,https://zenodo.org/records/16924532,static,,2026-09-13T06:19:18.696424+00:00,False
reviews_01639,قصور أبو سراح التاريخية,,القصر تاريخي نعم لكن لا يستحق الزيارة للعيوب التالية رسوم الدخول للكبير ٣٥ ريال واذا انتو عائلة كبيرة شف كم المبلغ؟ لا يحتوي القصرعلى متحف وانما بعض الانية القديمة فقط والمفروض يكون مليان بالقطع ...,Abha,مكان تراثي وتاريخي,-1,,,,0,-1,reviews_zenodo,,https://zenodo.org/records/16924532,static,,2026-09-13T06:19:18.696424+00:00,False
reviews_01640,قصور أبو سراح التاريخية,,يجب ان تكون تذكره الدخول لا تزيد عن 15 ريال لا يوجد مطاعم وزحمه جدا على محل الكفي والشاي . المواقف زحمه والطريق للموقع ضيق و خطير,Abha,مكان تراثي وتاريخي,-1,,-1,,,,reviews_zenodo,,https://zenodo.org/records/16924532,static,,2026-09-13T06:19:18.696424+00:00,False
reviews_01641,قصور أبو سراح التاريخية,,مكان رائع وهدوء وكانت أجواء خياليه غيم ومطر وقهوه اليوك كانت لذيذه بصراحه مكان يستحق الزيارة,Abha,مكان تراثي وتاريخي,,,,,1,1,reviews_zenodo,,https://zenodo.org/records/16924532,static,,2026-09-13T06:19:18.696424+00:00,False
reviews_01642,قصور أبو سراح التاريخية,,مكان تاريخي جميل و مرتب ماشاء الله اسعاره جيده فيه ملاحظه دورات المياه ما تندخل يا ليت يهتمون فيها شوي,Abha,مكان تراثي وتاريخي,0,,-1,,1,,reviews_zenodo,,https://zenodo.org/records/16924532,static,,2026-09-13T06:19:18.696424+00:00,False
reviews_01643,قصور أبو سراح التاريخية,,جميل جدا كنت اتوقع ان الرسوم مبالغ فيها لكن القصور تستحق التذاكر والمكان العام جميل جدا زيارتي كانت ليلا,Abha,مكان تراثي وتاريخي,-1,,,,1,1,reviews_zenodo,,https://zenodo.org/records/16924532,static,,2026-09-13T06:19:18.696424+00:00,False
reviews_01644,قصور أبو سراح التاريخية,,من افضل الاماكن السياحيه بأبها ..تصميم القصر رائع وفيه كوفي رشفة ودكة شاي ومطعم كيسري كلها مطله على القرية,Abha,مكان تراثي وتاريخي,,,1,,1,,reviews_zenodo,,https://zenodo.org/records/16924532,static,,2026-09-13T06:19:18.696424+00:00,False
reviews_01645,قصور أبو سراح التاريخية,,قصة تاريخ يرويه الأحفاد و يفخرون بالمحافظة عليه.. رائع ما شاهدته في هذه الحصون.. رحم الله من بنى و رحل... يحتاج المكان الى ابرازه أعلاميا... وتطوير ادوات التعريف بما يحتويه .. مع اضافة اللغة الأنجليزيه.. بارك الله الجهود.,Abha,مكان تراثي وتاريخي,,,,1,1,,reviews_zenodo,,https://zenodo.org/records/16924532,static,,2026-09-13T06:19:18.696424+00:00,False
reviews_01646,قصور أبو سراح التاريخية,,دورة مياة واحد للرجال وكذالك دورة مياه واحدة للنساء سعر الدخول مبالغ فيه والقصور مكونه من غرف ولا يوجد بها اشياء تراثيه سواء الرحى واللحف ومخدات,Abha,مكان تراثي وتاريخي,-1,,-1,,-1,,reviews_zenodo,,https://zenodo.org/records/16924532,static,,2026-09-13T06:19:18.696424+00:00,False
reviews_01647,قصور أبو سراح التاريخية,,المكان جميل يعيبه الأسعار للمقاهي غاليه جدا والدخول غالي والتدخين والمدخنين هداهم الله,Abha,مكان تراثي وتاريخي,-1,,,,1,0,reviews_zenodo,,https://zenodo.org/records/16924532,static,,2026-09-13T06:19:18.696424+00:00,False
reviews_01648,قصور أبو سراح التاريخية,,موقع اثري مهم وتم اعادة ترميمه وتجهيزه لاستقبال الزوار مع مقهى مجاور له. استقبلنا مرشد سياحي عند بوابة القصر وكان شرحه وافي وجميل الموقع عباره عن. ٣ مباني وهم قصرين متجاورين بارتفاع ٦ ادوار ومتصله ببعض بجسر ...,Abha,مكان تراثي وتاريخي,,,1,1,1,,reviews_zenodo,,https://zenodo.org/records/16924532,static,,2026-09-13T06:19:18.696424+00:00,False
reviews_01649,قصور أبو سراح التاريخية,,جميل إضافة الباركود عند كل باب لشرح محتوى الغرفة ... أتمنى التوسع أكثر في شرح تاريخ المنطقة ... كما أتمنى أن يكون هناك مطاعم تقدم الأكل الشعبي العسيري,Abha,مكان تراثي وتاريخي,,,0,,1,,reviews_zenodo,,https://zenodo.org/records/16924532,static,,2026-09-13T06:19:18.696424+00:00,False
reviews_01650,قصور أبو سراح التاريخية,,المكان رائع عباره عن قصور وقلاع وسط قريه جميله جدا موجود بها كوفي رشفه معلم سياحي مشهور وجميل جدا .. شكرا للقائمين عليها الاستاذ / عبدالعزيز ابو سراح واخوه احمد خير من يمثل منطقه عسير,Abha,مكان تراثي وتاريخي,,,1,1,1,,reviews_zenodo,,https://zenodo.org/records/16924532,static,,2026-09-13T06:19:18.696424+00:00,False
reviews_01651,قصور أبو سراح التاريخية,,مكان جميل ولكن توجد مشاكل بسيطه في المواقف وايضا دورات المياه,Abha,مكان تراثي وتاريخي,,,-1,,1,,reviews_zenodo,,https://zenodo.org/records/16924532,static,,2026-09-13T06:19:18.696424+00:00,False
reviews_01652,قصور أبو سراح التاريخية,,مبنى أثري جميل وبجواره مقهى مرتب وجلساته حلوة في الهواء الطلق أقترح تطوير قائمة الطعام وزيادة بعض الأكلات الجنوبية الشعبية مثل العريكة فهي تناسب المكان ...,Abha,مكان تراثي وتاريخي,,,1,,1,,reviews_zenodo,,https://zenodo.org/records/16924532,static,,2026-09-13T06:19:18.696424+00:00,False
reviews_01653,قصور أبو سراح التاريخية,,المكان جميل ورايق ووسعة صدر بس اتمنى اكثر من دورة مياة والاهتمام ومشكورين المكان جميل جدا,Abha,مكان تراثي وتاريخي,,,-1,,1,,reviews_zenodo,,https://zenodo.org/records/16924532,static,,2026-09-13T06:19:18.696424+00:00,False
reviews_01654,قصور أبو سراح التاريخية,,مكان رايق وجميل جدا واجواءه ولا اروع انصح بزيارته,Abha,مكان تراثي وتاريخي,,,,,1,1,reviews_zenodo,,https://zenodo.org/records/16924532,static,,2026-09-13T06:19:18.696424+00:00,False
reviews_01655,قصور أبو سراح التاريخية,,مكان ومعلم جميل والاجمل من هذا ان العاملين على المشروع هم من احفاد اللي بنى القصر طيب الله ذكره ...,Abha,مكان تراثي وتاريخي,,,,,1,1,reviews_zenodo,,https://zenodo.org/records/16924532,static,,2026-09-13T06:19:18.696424+00:00,False
reviews_01656,قصور أبو سراح التاريخية,,مكان هادئ وجميل الجلسات متوفره وفيها مصلى لكن اهم حاجه غير متوفره دورات مياه للرجال والنساء,Abha,مكان تراثي وتاريخي,,0,,,1,,reviews_zenodo,,https://zenodo.org/records/16924532,static,,2026-09-13T06:19:18.696424+00:00,False
reviews_01657,قصور أبو سراح التاريخية,,يستحق الزيارة أعجبتني القصور واثارها التاريخيه زحام لانه مكان مميز,Abha,مكان تراثي وتاريخي,,,,,1,1,reviews_zenodo,,https://zenodo.org/records/16924532,static,,2026-09-13T06:19:18.696424+00:00,False
reviews_01658,قصور أبو سراح التاريخية,,المكان جميل جدا ويذكرنا بماضينا الجميل والحياه البسيطه والقلوب المتألفه,Abha,مكان تراثي وتاريخي,,,,,1,1,reviews_zenodo,,https://zenodo.org/records/16924532,static,,2026-09-13T06:19:18.696424+00:00,False
reviews_01659,قصور أبو سراح التاريخية,,جلسات عائلية خارجية وكوفي ومتحف ومناظر جميلة دخول متحف ٣٥,Abha,مكان تراثي وتاريخي,,,1,,1,,reviews_zenodo,,https://zenodo.org/records/16924532,static,,2026-09-13T06:19:18.696424+00:00,False
reviews_01660,قصور أبو سراح التاريخية,,مكان جميل واستراتيجي ومناضر خلابه ما شاء الله انصح بالزياره,Abha,مكان تراثي وتاريخي,,,,,1,1,reviews_zenodo,,https://zenodo.org/records/16924532,static,,2026-09-13T06:19:18.696424+00:00,False
reviews_01661,قصور أبو سراح التاريخية,,المكان جميل ولكن ينقصه دورات المياة والمصلى واسعار الكوفي مبالغ فيه جدا,Abha,مكان تراثي وتاريخي,,-1,-1,,1,,reviews_zenodo,,https://zenodo.org/records/16924532,static,,2026-09-13T06:19:18.696424+00:00,False
reviews_01662,قصور أبو سراح التاريخية,,مكان جميل وهادي يوجد كوفي رشفه و دكه لشاهي والقهوه,Abha,مكان تراثي وتاريخي,,,1,,1,,reviews_zenodo,,https://zenodo.org/records/16924532,static,,2026-09-13T06:19:18.696424+00:00,False
reviews_01663,قصور أبو سراح التاريخية,,تجربه جميله جدا و الفكره صراحه يشكرون عليها 👌 ...,Abha,مكان تراثي وتاريخي,,,,,1,1,reviews_zenodo,,https://zenodo.org/records/16924532,static,,2026-09-13T06:19:18.696424+00:00,False
reviews_01664,قصور أبو سراح التاريخية,,استراحة مع العائلة ممتعة كوفي ودكة شاي جميلة مع جمال الأجواء ونزول المطر الأسعار أعلى مما تصورت الخدمة تحتاج إلى الارتقاء,Abha,مكان تراثي وتاريخي,-1,,,-1,1,,reviews_zenodo,,https://zenodo.org/records/16924532,static,,2026-09-13T06:19:18.696424+00:00,False
reviews_01665,قصور أبو سراح التاريخية,,مكان جميل وخدمه جميله ولكن الاسعار جدا مرتفعه ودورات المياه تنقص المكان,Abha,مكان تراثي وتاريخي,-1,,-1,1,1,,reviews_zenodo,,https://zenodo.org/records/16924532,static,,2026-09-13T06:19:18.696424+00:00,False
reviews_01666,قصور أبو سراح التاريخية,,سعر الدخول للشخص إلى داخل القصر 35 ومايستاهل لكن المقهى وجلساته في ظل الأجواء ممتازة,Abha,مكان تراثي وتاريخي,-1,,1,,-1,,reviews_zenodo,,https://zenodo.org/records/16924532,static,,2026-09-13T06:19:18.696424+00:00,False
reviews_01667,قصور أبو سراح التاريخية,,موقع جميل يسحق الزيارة,Abha,مكان تراثي وتاريخي,,,,,1,1,reviews_zenodo,,https://zenodo.org/records/16924532,static,,2026-09-13T06:19:18.696424+00:00,False
reviews_01668,قصور أبو سراح التاريخية,,بصراحه انصدمت من المكان منطقه صغيره يوجد كوفي واحد فقط وزحمه / والقلعه عباره عن 6 ادوار والدخول ب 35 ريال /القلعه الدرج متعب ومكتوم وماحسيت باي متعه كنت ادور اقرب مخرج لاني انكتمت من الغبار والدرج /ولايوجد سيارات التوصيل لبعدها عن ابها,Abha,مكان تراثي وتاريخي,,-1,-1,,-1,-1,reviews_zenodo,,https://zenodo.org/records/16924532,static,,2026-09-13T06:19:18.696424+00:00,False
reviews_01669,قصور أبو سراح التاريخية,,مكان تاريخي يستحق الزيارة بتاريخ يتجاوز الألف عام وقد تم ترميمه,Abha,مكان تراثي وتاريخي,,,,,1,1,reviews_zenodo,,https://zenodo.org/records/16924532,static,,2026-09-13T06:19:18.696424+00:00,False
reviews_01670,قصور أبو سراح التاريخية,,روعه روعه انصح وبقوه العيب الوحبد اسعار الكفي زياده حبتبن بس مكان يستاهل,Abha,مكان تراثي وتاريخي,-1,,,,1,1,reviews_zenodo,,https://zenodo.org/records/16924532,static,,2026-09-13T06:19:18.696424+00:00,False
reviews_01671,قصور أبو سراح التاريخية,,مكان جميل وهادئ رائع يستحق الزيارة,Abha,مكان تراثي وتاريخي,,,,,1,1,reviews_zenodo,,https://zenodo.org/records/16924532,static,,2026-09-13T06:19:18.696424+00:00,False
reviews_01672,قصور أبو سراح التاريخية,,القصور تنفع لمحبين الاثار رسوم الدخول 35 لشخص واشوف انه مبالغ فيه جدا,Abha,مكان تراثي وتاريخي,-1,,,,0,,reviews_zenodo,,https://zenodo.org/records/16924532,static,,2026-09-13T06:19:18.696424+00:00,False
reviews_01673,قصور أبو سراح التاريخية,,ما يسوى ٣٥ ریال مافيه شي يسوا لاحد يدخل,Abha,مكان تراثي وتاريخي,-1,,,,-1,-1,reviews_zenodo,,https://zenodo.org/records/16924532,static,,2026-09-13T06:19:18.696424+00:00,False
reviews_01674,قصور أبو سراح التاريخية,,مكان رايق جدا فيه مقهى . ...,Abha,مكان تراثي وتاريخي,,,1,,1,,reviews_zenodo,,https://zenodo.org/records/16924532,static,,2026-09-13T06:19:18.696424+00:00,False
reviews_01675,قصور أبو سراح التاريخية,,سيئ جدا جيته من مكان بعيد ولايوجد فيه الا كوفي مواقف ذوي الاحتياجات الخاصة مليئة بالسيارات غير الفئة المقصودة. باختصار لاتنظيم وتزاحم ونصيحة المكان لاحد يتعنى له,Abha,مكان تراثي وتاريخي,,,-1,-1,-1,-1,reviews_zenodo,,https://zenodo.org/records/16924532,static,,2026-09-13T06:19:18.696424+00:00,False
reviews_01676,قصور أبو سراح التاريخية,,المكان هدفه مالي بحت جدااااا بدون خدمة كويسه للناس دورات مياه وحده فقط والسرا ساعتين !!,Abha,مكان تراثي وتاريخي,-1,,-1,-1,,-1,reviews_zenodo,,https://zenodo.org/records/16924532,static,,2026-09-13T06:19:18.696424+00:00,False
reviews_01677,قصور أبو سراح التاريخية,,اجتمع جمال المكان مع جمال روح الشباب السعوديين اللي يقدمون افضل الخدمات بكل ترحيب رغم الزحمه اللي كانت موجوده أثناء الزياره..,Abha,مكان تراثي وتاريخي,,,,1,1,1,reviews_zenodo,,https://zenodo.org/records/16924532,static,,2026-09-13T06:19:18.696424+00:00,False
reviews_01678,قصور أبو سراح التاريخية,,مكان سياحي جميل خاصة المقاهي المحيطه به,Abha,مكان تراثي وتاريخي,,,1,,1,,reviews_zenodo,,https://zenodo.org/records/16924532,static,,2026-09-13T06:19:18.696424+00:00,False
reviews_01679,قصور أبو سراح التاريخية,,اعجبني هذا المتحف من ناحية الموقع والمبنى وطريقة الاطلاع وكذلك الارشاد التوضيحي .. لكن سعر تذكرة الدخول مرتفعة ٣٥ ريال للشخص !!؟,Abha,مكان تراثي وتاريخي,-1,,,,1,,reviews_zenodo,,https://zenodo.org/records/16924532,static,,2026-09-13T06:19:18.696424+00:00,False
reviews_01680,قصور أبو سراح التاريخية,,من اجمل اماكن ابها لازم يزورها السائح المتحف وقهوة رشفه ويتوفر مواقف,Abha,مكان تراثي وتاريخي,,,1,,1,1,reviews_zenodo,,https://zenodo.org/records/16924532,static,,2026-09-13T06:19:18.696424+00:00,False
reviews_01681,قصور أبو سراح التاريخية,,المكان مرره حلو ويستاهل,Abha,مكان تراثي وتاريخي,,,,,1,1,reviews_zenodo,,https://zenodo.org/records/16924532,static,,2026-09-13T06:19:18.696424+00:00,False
reviews_01682,قصور أبو سراح التاريخية,,استمتعت بالمكان بشكل عاام سواء مقهى رشفه من ناحية جلساتهم وقهوتهم وفطيرة التفاح المميزة وخدمتهم الرائعه السريعه وايضا الجولة بالقصر ممتعه ويتوفر مرشد سياحي وايضا يوجد باركود بالداخل يشرح لك تفاصيل المكان,Abha,مكان تراثي وتاريخي,,,1,,1,1,reviews_zenodo,,https://zenodo.org/records/16924532,static,,2026-09-13T06:19:18.696424+00:00,False
reviews_01683,قصور أبو سراح التاريخية,,مكان ممتاز جدا ...يستاهل الزيارة استقبال مميز,Abha,مكان تراثي وتاريخي,,,,1,1,1,reviews_zenodo,,https://zenodo.org/records/16924532,static,,2026-09-13T06:19:18.696424+00:00,False
reviews_01684,قصور أبو سراح التاريخية,,التصميم ومكانه في القرية كان من اروع الافكار في المنطقة,Abha,مكان تراثي وتاريخي,,,,,1,1,reviews_zenodo,,https://zenodo.org/records/16924532,static,,2026-09-13T06:19:18.696424+00:00,False
reviews_01685,قصور أبو سراح التاريخية,,المكان خرااافي و الاجواء رائعه القصر يوجد به كوفي رشفه و دكه شاي و مطعم كيسري,Abha,مكان تراثي وتاريخي,,,,,1,,reviews_zenodo,,https://zenodo.org/records/16924532,static,,2026-09-13T06:19:18.696424+00:00,False
reviews_01686,قصور أبو سراح التاريخية,,مكان جميل وجلسات جميله انصح فيها,Abha,مكان تراثي وتاريخي,,,1,,1,,reviews_zenodo,,https://zenodo.org/records/16924532,static,,2026-09-13T06:19:18.696424+00:00,False
reviews_01687,قصور أبو سراح التاريخية,,حلوه ولاكن قيمة الدخول مبالغ فيها,Abha,مكان تراثي وتاريخي,-1,,,,1,,reviews_zenodo,,https://zenodo.org/records/16924532,static,,2026-09-13T06:19:18.696424+00:00,False
reviews_01688,قصور أبو سراح التاريخية,,الموقع في منطقة جميلة ويستحق الزيارة تماما,Abha,مكان تراثي وتاريخي,,,,,1,1,reviews_zenodo,,https://zenodo.org/records/16924532,static,,2026-09-13T06:19:18.696424+00:00,False
reviews_01689,قصور أبو سراح التاريخية,,حلوه الجلسات الخارجيه بدون فلوس بس سعر الدخول للقصر مبالغ فيه وجدا ! الدخول له ب35 للفرد الواحد النقطه الثانيه ترى مدخلها فيه زي العقبه يعني فصله بسيطه من عند المدخل كانها عقبه بس خفيفه مو قويه النصيحه هذي للبنات المكان جهة قصور ال بو سراح رائع للتنزهه الجهه الي ورا ال بو سراح وقبلها كلها تجنن,Abha,مكان تراثي وتاريخي,-1,,1,,1,,reviews_zenodo,,https://zenodo.org/records/16924532,static,,2026-09-13T06:19:18.696424+00:00,False
reviews_01690,قصور أبو سراح التاريخية,,الصراحة اوفر اوفر يعني دخول المتحف بس الشخص ٣٥ شدعوى والجلسات المطلة ٥٠ يعني اوفر الصراحة,Abha,مكان تراثي وتاريخي,-1,,,,,-1,reviews_zenodo,,https://zenodo.org/records/16924532,static,,2026-09-13T06:19:18.696424+00:00,False
reviews_01691,قصور أبو سراح التاريخية,,المنطقه تاريخيه جميله 😍ايضا خضراء يوجد بها قصر ابوسراح مبنى مرتفع الدخول والتجول فيه برسوم👍🏻 اما في الخارج منطقة جلوس كوفي رشفه .. ودكة شاهي .. ...,Abha,مكان تراثي وتاريخي,,,1,,1,1,reviews_zenodo,,https://zenodo.org/records/16924532,static,,2026-09-13T06:19:18.696424+00:00,False
reviews_01692,قصور أبو سراح التاريخية,,مكان تاريخي ويوجد جلسات لشراب القهوة والشاي اجواء رائعة جدا,Abha,مكان تراثي وتاريخي,,,1,,1,,reviews_zenodo,,https://zenodo.org/records/16924532,static,,2026-09-13T06:19:18.696424+00:00,False
reviews_01693,قصور أبو سراح التاريخية,,فكره رائعه في الحفاظ على إرث الأباء والاجداد جهود جباره بذلوها المشرفين على القصور شكرا ال أبو سراح على هذا المكان الجميل,Abha,مكان تراثي وتاريخي,,,,1,1,,reviews_zenodo,,https://zenodo.org/records/16924532,static,,2026-09-13T06:19:18.696424+00:00,False
reviews_01694,قصور أبو سراح التاريخية,,معلم أثري جيد و جاذب للسياح بالرغم من عدم وجود عناصر جذب في القصر نفسه بشكل كافي و رسوم الدخول للقصر نفسه سعرها مرتفع مع عدم وجود شي يخليك تدخل المكان . تعامل العاملين بالمكان جيد و مرحبه بالضيوف بشكل واضح,Abha,مكان تراثي وتاريخي,-1,,-1,1,1,,reviews_zenodo,,https://zenodo.org/records/16924532,static,,2026-09-13T06:19:18.696424+00:00,False
reviews_01695,قصور أبو سراح التاريخية,,المكان جميل ورايق .. بعد ماتصلون الى هذا الموقع في الخريطة استمروا في الطريق حتى تجدون القصر .. القصر عبارة عن ٣ قصور دخلنا اثنان والثالث يتم ترميمه .. يوجد متجر عطور وجلابيات بسيطة .. يوجد كوفي وجلسات جميلة خارج القصر مدة الجلوس ساعة .. ...,Abha,مكان تراثي وتاريخي,,,1,,1,,reviews_zenodo,,https://zenodo.org/records/16924532,static,,2026-09-13T06:19:18.696424+00:00,False
reviews_01696,قصور أبو سراح التاريخية,,الحصون تحكي عن تاريخ قديم ممتد لأكثر من ٢٠٠ سنة .. تتكون الحصون من ٣ حصون أو قصور اثنين منهما متصلين ببعض و الثالث يقع بالقرب منهما .. أعجبني اهتمام عائلة أبو سراح بتاريخهم.. تجربة ثرية وتاريخ قديم .. أنصح جدا بالزيارة ...,Abha,مكان تراثي وتاريخي,,,,1,1,1,reviews_zenodo,,https://zenodo.org/records/16924532,static,,2026-09-13T06:19:18.696424+00:00,False
reviews_01697,قصور أبو سراح التاريخية,,روعه يستحق الزياره,Abha,مكان تراثي وتاريخي,,,,,1,1,reviews_zenodo,,https://zenodo.org/records/16924532,static,,2026-09-13T06:19:18.696424+00:00,False
reviews_01698,قصور أبو سراح التاريخية,,التاريخ والزمان والمكان وصمود الحجر يحكي .انصح بزيارتها والاستمتاع بالأجواء الريفية النقيه هناك والطبيعه الخلابه.وهدوء الليل مكان تحفه,Abha,مكان تراثي وتاريخي,,,,,1,1,reviews_zenodo,,https://zenodo.org/records/16924532,static,,2026-09-13T06:19:18.696424+00:00,False
reviews_01699,قصور أبو سراح التاريخية,,تبارك الرحمن ، من افضل الاماكن اللي ازورها في اي زيارة لأبها ، شكرا للقائمين على الموقع.,Abha,مكان تراثي وتاريخي,,,,,1,1,reviews_zenodo,,https://zenodo.org/records/16924532,static,,2026-09-13T06:19:18.696424+00:00,False
reviews_01700,قصور أبو سراح التاريخية,,المكان جميل مفعم بالحياة ويوجد فعاليات بين فتره وفتره مثل الأعمال الفنية الشعبية والخدمات وبيئة التراث والإهتمام الي صاير فيها ملفت.,Abha,مكان تراثي وتاريخي,,,1,,1,,reviews_zenodo,,https://zenodo.org/records/16924532,static,,2026-09-13T06:19:18.696424+00:00,False
reviews_01701,قصور أبو سراح التاريخية,,المكان جميل ورائع يستحق الزياره,Abha,مكان تراثي وتاريخي,,,,,1,1,reviews_zenodo,,https://zenodo.org/records/16924532,static,,2026-09-13T06:19:18.696424+00:00,False
reviews_01702,قصور أبو سراح التاريخية,,المكان جمممممممممميل يستحق الزيارة وحقيقي شكرا للمرشد الصغير الأستاذ طلال الله يبارك فيه ويحفظه ويقر عين والديه ويرزقهم بره,Abha,مكان تراثي وتاريخي,,,,1,1,1,reviews_zenodo,,https://zenodo.org/records/16924532,static,,2026-09-13T06:19:18.696424+00:00,False
reviews_01703,قصور أبو سراح التاريخية,,موقع جميل جدا وتاريخي ويوجد به جلسات وكوفي ومطعم,Abha,مكان تراثي وتاريخي,,,1,,1,,reviews_zenodo,,https://zenodo.org/records/16924532,static,,2026-09-13T06:19:18.696424+00:00,False
reviews_01704,قصور أبو سراح التاريخية,,المكان مايسوى العنوه زحمه مواقف + مافيه الا مقهى واحد ومحل شاي دورات المياه غير نظيفه ❌,Abha,مكان تراثي وتاريخي,,-1,-1,,-1,-1,reviews_zenodo,,https://zenodo.org/records/16924532,static,,2026-09-13T06:19:18.696424+00:00,False
reviews_01705,قصور أبو سراح التاريخية,,ابداع في كل شي وتنظيم الحفل والمتحف كان خيال الي لفت نظري لوحات الدكتور ابراهيم الالمعي لانه خيااال وفن اصيل يحتاج فقط ترتيبات قليله ويصبح المكان بطل يليق بالزوار,Abha,مكان تراثي وتاريخي,,,,1,1,,reviews_zenodo,,https://zenodo.org/records/16924532,static,,2026-09-13T06:19:18.696424+00:00,False
reviews_01706,قصور أبو سراح التاريخية,,ممتاز وجميل جدا المنظر والكفي والمنطقة كلها جميله في الربيع والصيف اما الشتا بارده يعيبها رسوم الدخول للقصر غاليه كثير,Abha,مكان تراثي وتاريخي,-1,,1,,1,,reviews_zenodo,,https://zenodo.org/records/16924532,static,,2026-09-13T06:19:18.696424+00:00,False
reviews_01707,قصور أبو سراح التاريخية,,لا انصح با الدخول له لنه ما يوجد فيه شي وسعر الدخول مرتفع جدا 35 ريال للشخص ولا يوجد اي شي يستاهل الدخول او الدفع بوابة جباية فقط وانا على ما اقول شي وفي ذمتي,Abha,مكان تراثي وتاريخي,-1,,,,-1,-1,reviews_zenodo,,https://zenodo.org/records/16924532,static,,2026-09-13T06:19:18.696424+00:00,False
reviews_01708,قصور أبو سراح التاريخية,,سمعوا بالاستثمار في السياحة و حبوا يجربوا لا أنصح بالزيارة أبدا .... لا يوجد ما يستحق الزيارة,Abha,مكان تراثي وتاريخي,,,,,-1,-1,reviews_zenodo,,https://zenodo.org/records/16924532,static,,2026-09-13T06:19:18.696424+00:00,False
reviews_01709,قصور أبو سراح التاريخية,,مكان تاريخي جميل يتوفر فيه كوفي,Abha,مكان تراثي وتاريخي,,,1,,1,,reviews_zenodo,,https://zenodo.org/records/16924532,static,,2026-09-13T06:19:18.696424+00:00,False
reviews_01710,قصور أبو سراح التاريخية,,الدخولية للمتحف ب ٣٥ للشخص وهناك درج متعب لكبار السن والكفي غالي,Abha,مكان تراثي وتاريخي,-1,,,,,-1,reviews_zenodo,,https://zenodo.org/records/16924532,static,,2026-09-13T06:19:18.696424+00:00,False
reviews_01711,قصور أبو سراح التاريخية,,الجو جميل هناك ولا بوجد غير كوفي فقط,Abha,مكان تراثي وتاريخي,,,-1,,1,,reviews_zenodo,,https://zenodo.org/records/16924532,static,,2026-09-13T06:19:18.696424+00:00,False
reviews_01712,قصور أبو سراح التاريخية,,جيدة لكن مبالغ في سعر الدخول مره وزحمة مواقف بعيد,Abha,مكان تراثي وتاريخي,-1,,0,,0,,reviews_zenodo,,https://zenodo.org/records/16924532,static,,2026-09-13T06:19:18.696424+00:00,False
reviews_01713,قصور أبو سراح التاريخية,,مكان مليء بالتاريخ والتراث والقصص الممتعة يستاهل الزيارة وسعر الدخول،اشكر جميع المرشدين على اهتمامهم الكبير بالقصر,Abha,مكان تراثي وتاريخي,1,,,1,1,,reviews_zenodo,,https://zenodo.org/records/16924532,static,,2026-09-13T06:19:18.696424+00:00,False
reviews_01714,قصور أبو سراح التاريخية,,روعه بس الجلسات والقهوه فيها استغلال ومبالغ في السعر,Abha,مكان تراثي وتاريخي,-1,,,,1,,reviews_zenodo,,https://zenodo.org/records/16924532,static,,2026-09-13T06:19:18.696424+00:00,False
reviews_01715,قصور أبو سراح التاريخية,,اجمل شي طريق الذهاب وطريق العودة .. والمكان لا يستحق الزيارة,Abha,مكان تراثي وتاريخي,,,,,-1,-1,reviews_zenodo,,https://zenodo.org/records/16924532,static,,2026-09-13T06:19:18.696424+00:00,False
reviews_01716,قصور أبو سراح التاريخية,,المكان جميل لكن غير مهيا لكبار السن ولا يوجد طريق مهيا للعربات لكبار السن,Abha,مكان تراثي وتاريخي,,,,,1,-1,reviews_zenodo,,https://zenodo.org/records/16924532,static,,2026-09-13T06:19:18.696424+00:00,False
reviews_01717,قصور أبو سراح التاريخية,,جيده ممتعه لكن ليست بالقدر الكافي اسعار الدخول مبالغ فيها,Abha,مكان تراثي وتاريخي,-1,,,,0,,reviews_zenodo,,https://zenodo.org/records/16924532,static,,2026-09-13T06:19:18.696424+00:00,False
reviews_01718,قصور أبو سراح التاريخية,,قرية السراح تفتح الساعه ٤ بها مقهى جميل كراسي زينه ومضلله وخدمتهم حلوه,Abha,مكان تراثي وتاريخي,,,1,1,,,reviews_zenodo,,https://zenodo.org/records/16924532,static,,2026-09-13T06:19:18.696424+00:00,False
reviews_01719,قصور أبو سراح التاريخية,,مكان جميل جدا أسعار دبل قهوة من أسوء الأنواع خدمة سيئة,Abha,مكان تراثي وتاريخي,-1,,,-1,1,,reviews_zenodo,,https://zenodo.org/records/16924532,static,,2026-09-13T06:19:18.696424+00:00,False
reviews_01720,قصور أبو سراح التاريخية,,سيئ للغاية مقابل الرسوم ياخذ علي 145 ريال بدون اي شرح للموقع ...,Abha,مكان تراثي وتاريخي,-1,,,-1,,,reviews_zenodo,,https://zenodo.org/records/16924532,static,,2026-09-13T06:19:18.696424+00:00,False
reviews_01721,قصور أبو سراح التاريخية,,مكان متعوب عليه و اضح الاهتمام بس كسعر دخوليه يعتبر غالي على متحف فكره ادخل من بيت والخروج من البيت الثاني وفكره الروائح بالغرفه مره جمليه الغرف ...,Abha,مكان تراثي وتاريخي,-1,,,,1,1,reviews_zenodo,,https://zenodo.org/records/16924532,static,,2026-09-13T06:19:18.696424+00:00,False
reviews_01722,قصور أبو سراح التاريخية,,من أجمل الأماكن التاريخية في موقع جذاب محفوف بالجبال والطبيعه الخضراء والأجواء الجميله .. واللي ودك تزوره مره ومرتين وثلاث,Abha,مكان تراثي وتاريخي,,,,,1,1,reviews_zenodo,,https://zenodo.org/records/16924532,static,,2026-09-13T06:19:18.696424+00:00,False
reviews_01723,قصور أبو سراح التاريخية,,مكان جميل وتاريخي دخول القصر كان وقتهاب35 لشخص فيه دكة شاي بالقرب منه وكفي طبعا الكوفي كان زحمه تحجز عند المدخل وتنتظر بشكل عام مكان جميل,Abha,مكان تراثي وتاريخي,,,1,,1,,reviews_zenodo,,https://zenodo.org/records/16924532,static,,2026-09-13T06:19:18.696424+00:00,False
reviews_01724,قصور أبو سراح التاريخية,,رائع جدا جدا القصر و المعلومات اللي فيه جدا مثرية و الاطلالات اللي فيه تااااخذ العقل الدخول ب٣٥ ريال و فيه مطعم اسمه كيسرى تقييمه له ١٠/١٠ جدا لذيذ و فيه عندهم قهوة تركية و بقلاوة مرة لذيذة ...,Abha,مكان تراثي وتاريخي,,,1,,1,,reviews_zenodo,,https://zenodo.org/records/16924532,static,,2026-09-13T06:19:18.696424+00:00,False
reviews_01725,قصور أبو سراح التاريخية,,المكان رايق هادي الاجواء تخليه بطل ...,Abha,مكان تراثي وتاريخي,,,,,1,1,reviews_zenodo,,https://zenodo.org/records/16924532,static,,2026-09-13T06:19:18.696424+00:00,False
reviews_01726,قصور أبو سراح التاريخية,,مكان جميل والجلسات اجمل مافيه يوجد مقهيين وجلسات جميلة الدخول للمتحف الشخص ٣٥ ريال ...,Abha,مكان تراثي وتاريخي,,,1,,1,,reviews_zenodo,,https://zenodo.org/records/16924532,static,,2026-09-13T06:19:18.696424+00:00,False
reviews_01727,قصور أبو سراح التاريخية,,افضل مكان زرته في عسير جدا ممتع والمكان جميييل ونظيف واستقبالهم كان جميل جدا وقصص القصر كانت مشوقه وممتعه واكثر شي عجبني اهتمامهم في نظافه المكان اشكر الاخ عبدالعزيز بن لاحق واهنيه على ذكائه وطريقه سرده للقصص ومعالمهم التاريخية,Abha,مكان تراثي وتاريخي,,1,,1,1,1,reviews_zenodo,,https://zenodo.org/records/16924532,static,,2026-09-13T06:19:18.696424+00:00,False
reviews_01728,قصور أبو سراح التاريخية,,أنصح بزيارته لكل من يذهب للسياحة في أبها من أجمل المعالم التاريخية التي مرت علي.,Abha,مكان تراثي وتاريخي,,,,,1,1,reviews_zenodo,,https://zenodo.org/records/16924532,static,,2026-09-13T06:19:18.696424+00:00,False
reviews_01729,قصور أبو سراح التاريخية,,ماشاء الله جودة وسعر وأجواء المكان جميلة جدا جدا,Abha,مكان تراثي وتاريخي,1,,,,1,1,reviews_zenodo,,https://zenodo.org/records/16924532,static,,2026-09-13T06:19:18.696424+00:00,False
reviews_01730,قصور أبو سراح التاريخية,,مكان ممتاز جدا جدا اول مره اطلعه لكنه قمة في الروووعه,Abha,مكان تراثي وتاريخي,,,,,1,1,reviews_zenodo,,https://zenodo.org/records/16924532,static,,2026-09-13T06:19:18.696424+00:00,False
reviews_01731,قصور أبو سراح التاريخية,,مكان صغير جدا ولا يستحق العناء له مع قلت الجلسات وانعدام المسطحات الخضراء ويحتاج إلى إعادة نظر وتطوير أكثر,Abha,مكان تراثي وتاريخي,,,,,-1,-1,reviews_zenodo,,https://zenodo.org/records/16924532,static,,2026-09-13T06:19:18.696424+00:00,False
reviews_01732,قصور أبو سراح التاريخية,,موقع رائع وجميل يشكل متحف ومقهى ،المتحف رائع ويشكرون جدا على الاهتمام والترتيب من قبل اهل المكان من الشباب السعوديين ، يفضل زيارة هذا المكان في شهر أغسطس لان الجو رائع والأرض مخضرة ، المتحف عبارة عن ٦ ادوار مختلفة والقطع الموجودة قليلة في ...,Abha,مكان تراثي وتاريخي,,,,1,1,,reviews_zenodo,,https://zenodo.org/records/16924532,static,,2026-09-13T06:19:18.696424+00:00,False
reviews_01733,قصور أبو سراح التاريخية,,مكان جميل جدا والمنظمين ماقصرو في شرح معالم المتحف تجربة رائعة واذا حاب تعرف بنفسك عند كل الغرف باركود شرح لتفاصيل تسمية الغرفه افضل وقت للقدوم الساعه 4 بحيث انك تخلص المتحف وتطلع تتقهوى وتستمع بالمناظر الجميله.,Abha,مكان تراثي وتاريخي,,,,1,1,1,reviews_zenodo,,https://zenodo.org/records/16924532,static,,2026-09-13T06:19:18.696424+00:00,False
reviews_01734,قصور أبو سراح التاريخية,,المكان جميل ويستحق الزيارة والقصر تفاصليه غريبة وطريقة بنائه جدا جميلة,Abha,مكان تراثي وتاريخي,,,,,1,1,reviews_zenodo,,https://zenodo.org/records/16924532,static,,2026-09-13T06:19:18.696424+00:00,False
reviews_01735,قصور أبو سراح التاريخية,,مكان حلو وما يميز المكان وجود كافيه رشفة رائع وقهوته صراحه من الاخر محترفين هذي ثاني زيارة لي زرت المكان قبل سنتين يوجد في المكان ركن لبيع العطور ...,Abha,مكان تراثي وتاريخي,,,1,,1,,reviews_zenodo,,https://zenodo.org/records/16924532,static,,2026-09-13T06:19:18.696424+00:00,False
reviews_01736,قصور أبو سراح التاريخية,,أعتبرها تجربة مو متحف فقط، لأن الي كان معانا هو أحد أحفاد أبو سراح ليشرح لنا تفاصيل المكان وبعض القصص. تجربة أكثر من رائعة وممتعة ومميزة. أنصح فيها وبشدة.,Abha,مكان تراثي وتاريخي,,,,1,1,1,reviews_zenodo,,https://zenodo.org/records/16924532,static,,2026-09-13T06:19:18.696424+00:00,False
reviews_01737,قصور أبو سراح التاريخية,,إطلالة روعه. نظافة وترتيب المكان فوق الممتاز. يستاهل خمس نجوم,Abha,مكان تراثي وتاريخي,,1,,,1,,reviews_zenodo,,https://zenodo.org/records/16924532,static,,2026-09-13T06:19:18.696424+00:00,False
reviews_01738,قصور أبو سراح التاريخية,,سعر التذكرة غالي جدا البوليفارد في الرياض تتمشى فيه يوم كامل ولا ينتهي ب35ریال هنا 35ریال على ويش؟!!! متحف سعر التذكرة اعتقد انه لايستحق ان يتجاوز 10ریال,Abha,مكان تراثي وتاريخي,-1,,,,,-1,reviews_zenodo,,https://zenodo.org/records/16924532,static,,2026-09-13T06:19:18.696424+00:00,False
reviews_01739,قصور أبو سراح التاريخية,,مكان جميل بإطلاله رائعه ، يوجد كوفي ومحل شاي,Abha,مكان تراثي وتاريخي,,,1,,1,,reviews_zenodo,,https://zenodo.org/records/16924532,static,,2026-09-13T06:19:18.696424+00:00,False
reviews_01740,قصور أبو سراح التاريخية,,اعشق الامكان التاريخيه واحب المتاحف كان زيارتي لهذا المكان مميز حبيت كل لحظاتي فيه راح تستمتعون بالمكان وتنسون التصوير 🫣 لكن اتمنى يكون سعر الدخول اقل من ٣٥ ...,Abha,مكان تراثي وتاريخي,-1,,,,1,1,reviews_zenodo,,https://zenodo.org/records/16924532,static,,2026-09-13T06:19:18.696424+00:00,False
reviews_01741,قصور أبو سراح التاريخية,,مكان رائع وتاريخي ومميز انصحكم بزيارته,Abha,مكان تراثي وتاريخي,,,,,1,1,reviews_zenodo,,https://zenodo.org/records/16924532,static,,2026-09-13T06:19:18.696424+00:00,False
reviews_01742,قصور أبو سراح التاريخية,,المكان جيد ولكن الاسعار مبالغ فيها الدخول ب35 ريال لشخص ولا فيه شي مميز غرف فاضية بعض الغرف فيها تحف الشباب مميزين في الشرح بس المفروض يكون فيها تقديم بعد المشروبات بعد انتهاء الزيارة قهوة ماء فقط,Abha,مكان تراثي وتاريخي,-1,,-1,1,0,,reviews_zenodo,,https://zenodo.org/records/16924532,static,,2026-09-13T06:19:18.696424+00:00,False
reviews_01743,قصور أبو سراح التاريخية,,مكان جميل وقديم.. قصر عبارة عن متحف من 6 أدوار على الطراز القديم وكل غرفه لها شرح بسيط على المدخل.. الدخول ب 35 ريال ...,Abha,مكان تراثي وتاريخي,,,,1,1,,reviews_zenodo,,https://zenodo.org/records/16924532,static,,2026-09-13T06:19:18.696424+00:00,False
reviews_01744,قصور أبو سراح التاريخية,,مكان تاريخي رائع قصور عمرها اكثر من ٢٠٠ عام اجواء طبيعية جميلة,Abha,مكان تراثي وتاريخي,,,,,1,1,reviews_zenodo,,https://zenodo.org/records/16924532,static,,2026-09-13T06:19:18.696424+00:00,False
reviews_01745,قصور أبو سراح التاريخية,,المكان واسع وجميل ويضم مقهيين المنطقه اللي فيها قصور ابو سراح منطقه جميلة جدا الخضار فيها والاجواء تسحر العيب فيها مواقف السيارات ضيقه ودورات المياه شحيحه,Abha,مكان تراثي وتاريخي,,,-1,,1,,reviews_zenodo,,https://zenodo.org/records/16924532,static,,2026-09-13T06:19:18.696424+00:00,False
reviews_01746,قصور أبو سراح التاريخية,,من اجمل الامكن التي ممكن زيرتها الموقع والمقاهي انصح بزيارتها,Abha,مكان تراثي وتاريخي,,,1,,1,,reviews_zenodo,,https://zenodo.org/records/16924532,static,,2026-09-13T06:19:18.696424+00:00,False
reviews_01747,قصور أبو سراح التاريخية,,جميل جدا استمتعت بالأجواء وفيه اشخاص يشرحون عن المكان رائعين وفيه بطايق عند بعض الابواب تشرح عن المكان غير الاشخاص المرشدين المتواجدين جدا ممتع بالنسبه للكوفي يعتبر صغير بالنسبه لعدد الزوار وعدد السياح القادمين للمكان ياليت يكون فيه اكثر ...,Abha,مكان تراثي وتاريخي,,,-1,1,1,,reviews_zenodo,,https://zenodo.org/records/16924532,static,,2026-09-13T06:19:18.696424+00:00,False
reviews_01748,قصور أبو سراح التاريخية,,اول مره ازورها مكان رائع جدا و مرتب و الجوله داخل الحصون رائععععععععععه ..,Abha,مكان تراثي وتاريخي,,,,,1,1,reviews_zenodo,,https://zenodo.org/records/16924532,static,,2026-09-13T06:19:18.696424+00:00,False
reviews_01749,قصور أبو سراح التاريخية,,مكان تاريخي و الاجواء فيه جميله جدا و يوجد مقاهي مميزه و اطلاله رائعه و يستحق الزياره و الاستمتاع بالاجواء,Abha,مكان تراثي وتاريخي,,,1,,1,1,reviews_zenodo,,https://zenodo.org/records/16924532,static,,2026-09-13T06:19:18.696424+00:00,False
reviews_01750,قصور أبو سراح التاريخية,,حصون وقلاع ال ابو سراح من اجمل القلاع في ابها زرتها هاذا العام وكانت تجربة جميلة جدا القصر لشيخ لاحق وتم ترميمة على يد ابناء واحفاد الشيخ القصر يتكون من 6 ادوار كل دور له حماية جميلة وسمنة اربع زوجات شي جميل شفته ولمسته كانو احفاد الشيخ هم من قامو بشرح لنا مشكورين,Abha,مكان تراثي وتاريخي,,,,1,1,1,reviews_zenodo,,https://zenodo.org/records/16924532,static,,2026-09-13T06:19:18.696424+00:00,False
reviews_01751,قصور أبو سراح التاريخية,,المكان جميل وملهم لكل فنان لوحات ابراهيم الألمعي بكل مكان بالإضافة لفنانين آخرين فيه كوفي مرا رهيب والمطعم التركي كمان بطل,Abha,مكان تراثي وتاريخي,,,1,,1,,reviews_zenodo,,https://zenodo.org/records/16924532,static,,2026-09-13T06:19:18.696424+00:00,False
reviews_01752,قصور أبو سراح التاريخية,,ما شاء الله جميل جدا وهو عبارة عن ثلاث مباني تستطيع التجول في اثنين والثالث ترميم ويوجد مطعم وكفي للشاي والفطاير,Abha,مكان تراثي وتاريخي,,,1,,1,,reviews_zenodo,,https://zenodo.org/records/16924532,static,,2026-09-13T06:19:18.696424+00:00,False
reviews_01753,قصور أبو سراح التاريخية,,مكان جميل ورايق فيه مقهى رشفه وفيه دكة شاي للشاي والجلسات كل شي روعه ماعدا دورات المياه وانتو بكرامه اتمنى فيه اهتمام يحتاج لنظافه ، لايوجد مناديل ولا يوجد صابون ( اتمنى الاهتمام لدورات المياه ),Abha,مكان تراثي وتاريخي,,-1,1,,1,,reviews_zenodo,,https://zenodo.org/records/16924532,static,,2026-09-13T06:19:18.696424+00:00,False
reviews_01754,قصور أبو سراح التاريخية,,حطوها في الجدول و زوروها مكان أثري جميل و إطلالة ساحرة ، الملاحظة أن رسوم الدخول مرتفعة نسبيا,Abha,مكان تراثي وتاريخي,-1,,,,1,,reviews_zenodo,,https://zenodo.org/records/16924532,static,,2026-09-13T06:19:18.696424+00:00,False
reviews_01755,قصور أبو سراح التاريخية,,مكان جدا رائع وممتع بس عيبه ارتفاع سعر التذاكر,Abha,مكان تراثي وتاريخي,-1,,,,1,,reviews_zenodo,,https://zenodo.org/records/16924532,static,,2026-09-13T06:19:18.696424+00:00,False
reviews_01756,قصور أبو سراح التاريخية,,مكان مناسب للتمشية والمنطقة جميلة ويوجد قهوة مختصة,Abha,مكان تراثي وتاريخي,,,1,,1,,reviews_zenodo,,https://zenodo.org/records/16924532,static,,2026-09-13T06:19:18.696424+00:00,False
reviews_01757,قصور أبو سراح التاريخية,,المكان بشكل عام حلو، للتمشية بس الأسعار مبالغ فيها .. ...,Abha,مكان تراثي وتاريخي,-1,,,,1,,reviews_zenodo,,https://zenodo.org/records/16924532,static,,2026-09-13T06:19:18.696424+00:00,False
reviews_01758,قصور أبو سراح التاريخية,,كانت زياره موفقه جدا والقصور نظيفه جدا وجميله والمرشدين من يشوفونك تناضر يمين يسار يجونك وسم وامر ووش نخدمك فيه شكرا على جهودكم وبارك الله فيكم وان شاء الله راح تتكر الزيارة عند زيارتي للمنطقه الجنوبيه,Abha,مكان تراثي وتاريخي,,1,,1,1,1,reviews_zenodo,,https://zenodo.org/records/16924532,static,,2026-09-13T06:19:18.696424+00:00,False
reviews_01759,قصور أبو سراح التاريخية,,مكان جميل للغايه بكل تفاصيله والمقهى احلى واحلى شكرا من القلب لهذا العمل الجبار 👍🏼💕 جربت اغلب المشروبات 💯 ...,Abha,مكان تراثي وتاريخي,,,1,,1,,reviews_zenodo,,https://zenodo.org/records/16924532,static,,2026-09-13T06:19:18.696424+00:00,False
reviews_01760,قصور أبو سراح التاريخية,,سيء جدا واتمني من الموظفين تعديل اسلوبهم المكان جميل لكن إلي ظلمه تعامل موظف واحد.,Abha,مكان تراثي وتاريخي,,,,-1,1,,reviews_zenodo,,https://zenodo.org/records/16924532,static,,2026-09-13T06:19:18.696424+00:00,False
reviews_01761,قصور أبو سراح التاريخية,,الصراحة ما اعجبني وبس ، ٥ ريال كثيرة عليه,Abha,مكان تراثي وتاريخي,,,,-1,-1,,reviews_zenodo,,https://zenodo.org/records/16924532,static,,2026-09-13T06:19:18.696424+00:00,False
reviews_01762,قصور أبو سراح التاريخية,,والله انه ما يستحق الزيارة ولا حتى التفكير فيه,Abha,مكان تراثي وتاريخي,,,,-1,-1,,reviews_zenodo,,https://zenodo.org/records/16924532,static,,2026-09-13T06:19:18.696424+00:00,False
reviews_01763,قصور أبو سراح التاريخية,,المكان عادي والتنظيم متواضع,Abha,مكان تراثي وتاريخي,,,0,0,,,reviews_zenodo,,https://zenodo.org/records/16924532,static,,2026-09-13T06:19:18.696424+00:00,False
reviews_01764,قصور أبو سراح التاريخية,,عاديه وزحمة وكلام فاضي,Abha,مكان تراثي وتاريخي,,,,0,-1,,reviews_zenodo,,https://zenodo.org/records/16924532,static,,2026-09-13T06:19:18.696424+00:00,False
reviews_01765,قصور أبو سراح التاريخية,,المكان غالي ولا يستاهل ابد,Abha,مكان تراثي وتاريخي,-1,,,,,-1,reviews_zenodo,,https://zenodo.org/records/16924532,static,,2026-09-13T06:19:18.696424+00:00,False
reviews_01766,قصور أبو سراح التاريخية,,ممتاز ويستحق الزياره,Abha,مكان تراثي وتاريخي,,,,,1,1,reviews_zenodo,,https://zenodo.org/records/16924532,static,,2026-09-13T06:19:18.696424+00:00,False
reviews_01767,قصور أبو سراح التاريخية,,اتمنى مراجعة اسعار تذاكر الدخول بالداخل لايوجد مرشد سياحي ولا يوجد اي توجيهات ...,Abha,مكان تراثي وتاريخي,-1,,,-1,,,reviews_zenodo,,https://zenodo.org/records/16924532,static,,2026-09-13T06:19:18.696424+00:00,False
reviews_01768,قصور أبو سراح التاريخية,,الجلسات الخارجية جميلة ولكن بالنسبة للقصور التراثية تحتاج إلى اهتمام أكثر ...,Abha,مكان تراثي وتاريخي,,,1,,0,,reviews_zenodo,,https://zenodo.org/records/16924532,static,,2026-09-13T06:19:18.696424+00:00,False
reviews_01769,قصور أبو سراح التاريخية,,جدا عادي الدخول الشخص الواحد ب٣٥ ريال تدخل في قصرين تراثيه القصر الاول سته طوابق ثم تنتقل للقصر الثاني كلها عاديه جدا جدا جدا,Abha,مكان تراثي وتاريخي,,,,,-1,-1,reviews_zenodo,,https://zenodo.org/records/16924532,static,,2026-09-13T06:19:18.696424+00:00,False
reviews_01770,قصور أبو سراح التاريخية,,السعر مبالغ فيه ٣٥ ريال للشخص اشوفه اوفر مره... والمكان فاضي مافيه اي شي يذكر ولا فيه شخص يشرح حاطين كيو ار تصورونه عشان تاخذون المعلومات ... ما بكرر الزيارة ابدا..,Abha,مكان تراثي وتاريخي,-1,,,-1,-1,-1,reviews_zenodo,,https://zenodo.org/records/16924532,static,,2026-09-13T06:19:18.696424+00:00,False
reviews_01771,قصور أبو سراح التاريخية,,حلو بس للاسف رفعوا اسعار الدخول السعر مبالغ فيه ٣٥ يعني اربع اشخاص ب ١٤٠ فقط تتفرج ما تشمل لا وجبه ولا شي 🙂 ...,Abha,مكان تراثي وتاريخي,-1,,,,1,,reviews_zenodo,,https://zenodo.org/records/16924532,static,,2026-09-13T06:19:18.696424+00:00,False
reviews_01772,قصور أبو سراح التاريخية,,التعامل والاستقبال غير جيد عدم توفير دورات مياه مقارنه لعدد الزوار وقت الامطار وهي المفضله للجميع لايوجد مكان مناسب للجلوس وبكل بساطه من الممكن توفير مضلات,Abha,مكان تراثي وتاريخي,,,-1,-1,,,reviews_zenodo,,https://zenodo.org/records/16924532,static,,2026-09-13T06:19:18.696424+00:00,False
reviews_01773,قصور أبو سراح التاريخية,,مكان يعمل لجمع المال مع عدم وجود ادنى خدمة بالشكل المطلوب ، تخدم نفسك بنفسك,Abha,مكان تراثي وتاريخي,-1,,,-1,,,reviews_zenodo,,https://zenodo.org/records/16924532,static,,2026-09-13T06:19:18.696424+00:00,False
reviews_01774,قصور أبو سراح التاريخية,,من اجمل الاماكن التي استمتعت بزيارتها ، أشكر القائمين على تنظيم هذا المكان بشكل ممتاز 🛕✨ ...,Abha,مكان تراثي وتاريخي,,,,1,1,1,reviews_zenodo,,https://zenodo.org/records/16924532,static,,2026-09-13T06:19:18.696424+00:00,False
reviews_01775,قصور أبو سراح التاريخية,,الأجواء رائعه في المكان وجلسات شرحه ويوجد مقهيين في الموقع,Abha,مكان تراثي وتاريخي,,,1,,1,,reviews_zenodo,,https://zenodo.org/records/16924532,static,,2026-09-13T06:19:18.696424+00:00,False
reviews_01776,قصور أبو سراح التاريخية,,لو في شي اقل من صفر بسويه واتكلم بكل ذمه دخول ب 35 والموظف اللي ع الباب سيئ في اخلاقه وتعامله الفض بضيوف دافعين بفلوسهم ...,Abha,مكان تراثي وتاريخي,,,,-1,,-1,reviews_zenodo,,https://zenodo.org/records/16924532,static,,2026-09-13T06:19:18.696424+00:00,False
reviews_01777,قصور أبو سراح التاريخية,,المكان حلو.. ولكن سعر الدخول للفرد الواحد ٣٥ ريال مرتفع.. حبذا إعادة النظر في السعر.,Abha,مكان تراثي وتاريخي,-1,,,,1,,reviews_zenodo,,https://zenodo.org/records/16924532,static,,2026-09-13T06:19:18.696424+00:00,False
reviews_01778,قصور أبو سراح التاريخية,,المكان جميل وتفاصيله اجمل يحتوي على القصر مع مقهى رشفه صغير بطابع تراثي وقهوته لذيذه ويوجد دكة الشاي ايضا المواقف من الصعب توفرها,Abha,مكان تراثي وتاريخي,,,0,,1,,reviews_zenodo,,https://zenodo.org/records/16924532,static,,2026-09-13T06:19:18.696424+00:00,False
reviews_01779,قصور أبو سراح التاريخية,,ماشاء الله المكان وبناء القصر وتصميمه مميز جدا . يوجد اثنين مقاهي بجانب القصر بجلسات مميزة مطلة على القصر ، ويوجد بداخل القصر ...,Abha,مكان تراثي وتاريخي,,,1,,1,,reviews_zenodo,,https://zenodo.org/records/16924532,static,,2026-09-13T06:19:18.696424+00:00,False
reviews_01780,قصور أبو سراح التاريخية,,الجو العام للمكان حلو قصر تاريخي و رسوم الدخول للشخص 35 و اشوف السعر عالي فيه كوفي رشفه و دكة شاي ...,Abha,مكان تراثي وتاريخي,-1,,,,1,,reviews_zenodo,,https://zenodo.org/records/16924532,static,,2026-09-13T06:19:18.696424+00:00,False
reviews_01781,قصور أبو سراح التاريخية,,مكان جميل ويستحق الزيارة,Abha,مكان تراثي وتاريخي,,,,,1,1,reviews_zenodo,,https://zenodo.org/records/16924532,static,,2026-09-13T06:19:18.696424+00:00,False
reviews_01782,قصور أبو سراح التاريخية,,الدخول للكبار ب35،والاطفال يراعونكم ويقولون كل ثلاثة اطفال بتذكرة35،القصر جميل ومرتب ونظيف، ويستقبلك فيه حفيد من الاسرة ويشرح لك عن تاريخ القصور، وتدخل وتتفرج براحتك ويوجد باركود على كل باب غرفة وتفتح الباركود يعطيك بيانات عن المكان، ترتيبهم جميل وانصح بزيارة المكان، يوجد في الخارج مقهى وجلسات.,Abha,مكان تراثي وتاريخي,1,,1,1,1,1,reviews_zenodo,,https://zenodo.org/records/16924532,static,,2026-09-13T06:19:18.696424+00:00,False
reviews_01783,قصور أبو سراح التاريخية,,كانت زيارتي في المساء تذكرة الدخول ب١٥ للشخص، الأطفال مجانا تعامل المنظمين رائع، المكان جميل في المساء مع الاضاءات، يوجد مقاهي ومطاعم,Abha,مكان تراثي وتاريخي,,1,,,1,1,reviews_zenodo,,https://zenodo.org/records/16924532,static,,2026-09-13T06:19:18.696424+00:00,False
reviews_01784,قصور أبو سراح التاريخية,,أعجبني المكان جدا وواضح فيه الاهتمام عبارة عن: ١- متحف ست أدوار واعلاه مطعم والدخول للمتحف ب ٣٥ ٢- كوفي وفيه جلسات مطلة لها رسوم إضافية ب ٥٠ والحجز عن طريقهم او عن طريق ماي ...,Abha,مكان تراثي وتاريخي,,,1,,1,,reviews_zenodo,,https://zenodo.org/records/16924532,static,,2026-09-13T06:19:18.696424+00:00,False
reviews_01785,قصور أبو سراح التاريخية,,ماشاء الله المكان روعة وجميل ويستاهل التقييم,Abha,مكان تراثي وتاريخي,,,,,1,1,reviews_zenodo,,https://zenodo.org/records/16924532,static,,2026-09-13T06:19:18.696424+00:00,False
reviews_01786,قصور أبو سراح التاريخية,,ماشاء الله تبارك الله وربي جميل ونظيف ومرتب وفيه كافي واضافو كمان شاهي دكه ومره مكان يستحق الزياره وفيه مطعم كمان بس ناقد جربت الا الكافي رشفه عندهم وماشاءالله حلى متنوع وتذكره للكبار ٣٥ ريال حاليا مادري عن باقيه الشهور,Abha,مكان تراثي وتاريخي,,,1,,1,1,reviews_zenodo,,https://zenodo.org/records/16924532,static,,2026-09-13T06:19:18.696424+00:00,False
reviews_01787,قصور أبو سراح التاريخية,,مكان جميل بين الجبال.. يوجد اماكن للجلوس.. يستحق الزيارة,Abha,مكان تراثي وتاريخي,,,1,,1,1,reviews_zenodo,,https://zenodo.org/records/16924532,static,,2026-09-13T06:19:18.696424+00:00,False
reviews_01788,قصور أبو سراح التاريخية,,من المتاحف الرائعة لإهتمام القائمين على المكان تجربة تنقلك لحقبة سابقة من السنوات ...,Abha,مكان تراثي وتاريخي,,,,,1,1,reviews_zenodo,,https://zenodo.org/records/16924532,static,,2026-09-13T06:19:18.696424+00:00,False
reviews_01789,قصور أبو سراح التاريخية,,قصور ابوسراح تعتبر من الكنوز الاثريه الفريده من نوعها طراز معماري فريد من نوعه يكاد لايكون مثله شبيه وتعتبر واجهه سياحية لمنطقة عسير لايضاهيها اي بناء وهيا كنز تراثي يعتبر الأول بلا منازع من حيث عبقرية البناء والهندسة المعماريه اللتي تنسجم مع البيئه والمناظر الطبيعية الخلابه,Abha,مكان تراثي وتاريخي,,,,,1,1,reviews_zenodo,,https://zenodo.org/records/16924532,static,,2026-09-13T06:19:18.696424+00:00,False
reviews_01790,قصور أبو سراح التاريخية,,مكان جميل ويمتاز بتراث اجدادنا ويوجد به كفيهات مميزة وجلسات عريش على اطلالة الجبل الاخضر منظر في قمة الروعة,Abha,مكان تراثي وتاريخي,,,1,,1,1,reviews_zenodo,,https://zenodo.org/records/16924532,static,,2026-09-13T06:19:18.696424+00:00,False
reviews_01791,قصور أبو سراح التاريخية,,اذا كانت رحلتك لابها وان تصعد للسوده وتذهب لقصور ابو سراح فهذا يكفي قصور رائعه تستحق كل دقيقة وثانية تعيش في تجربه زمنية وكانك عبرة بآلة الزمن تنفصل عن عالمنا الممتلاء بالصخب والتكنولوجيا المزعجه والمرهقة للاعصاب تجربه زمانيه ومكانيه جدآ جدآ جدآ رائعة شكرا للقائمين عليها,Abha,مكان تراثي وتاريخي,,,,,1,1,reviews_zenodo,,https://zenodo.org/records/16924532,static,,2026-09-13T06:19:18.696424+00:00,False
reviews_01792,قصور أبو سراح التاريخية,,مكان تاريخي رااائع يستحق الزيارة تعرفنا فيه على بعض جوانب الحياة قديما في منطقة عسير يوجد فيه كوفي رشفة ودوكة مكان لتقديم الشاي والفطاير كذلك فيه مطعم كيسري مطعم تركي,Abha,مكان تراثي وتاريخي,,,1,,1,1,reviews_zenodo,,https://zenodo.org/records/16924532,static,,2026-09-13T06:19:18.696424+00:00,False
reviews_01793,قصور أبو سراح التاريخية,,اولا اشكر اصحاب المتحف على الاهتمام وتطوير المتحف عام 1439 لانه وجهه سياحيه واضافه للمنطقة ثانيا اما المكان والموقع للامانه هادي ورايق ومريح للنفس والبدن والنظر الانارة ...,Abha,مكان تراثي وتاريخي,,,,,1,1,reviews_zenodo,,https://zenodo.org/records/16924532,static,,2026-09-13T06:19:18.696424+00:00,False
reviews_01794,قصور أبو سراح التاريخية,,مكان جميل ومرتب ونظيف تم زيارته اكثر من مره👌🏻 ...,Abha,مكان تراثي وتاريخي,,1,,,1,1,reviews_zenodo,,https://zenodo.org/records/16924532,static,,2026-09-13T06:19:18.696424+00:00,False
reviews_01795,قصور أبو سراح التاريخية,,المكان جميل ومرتب واطلالة فيه مطعم كيسري أكل تركي وفيه جلسات مقاهي والمكان للعائلات يستحق الزيارة,Abha,مكان تراثي وتاريخي,,,1,,1,1,reviews_zenodo,,https://zenodo.org/records/16924532,static,,2026-09-13T06:19:18.696424+00:00,False
reviews_01796,قصور أبو سراح التاريخية,,مكان تراثي تاريخي مرتب ومنسق ويوجد في فترة الصيف مقاهي مختصة ( رشفة ) ( دكة شاي ) جميل في العزيزة في السودة,Abha,مكان تراثي وتاريخي,,,1,,1,,reviews_zenodo,,https://zenodo.org/records/16924532,static,,2026-09-13T06:19:18.696424+00:00,False
reviews_01797,قصور أبو سراح التاريخية,,جميل ومنظر حلو وجلسات بالهواء الطلق لكن نتمنى يفتحو كافيهات زيادة وبوفيات,Abha,مكان تراثي وتاريخي,,,-1,,1,,reviews_zenodo,,https://zenodo.org/records/16924532,static,,2026-09-13T06:19:18.696424+00:00,False
reviews_01798,قصور أبو سراح التاريخية,,افضل متحف قمت بزيارته في السعودية. الاستاذ عبدالعزيز ابو سراح شغوف بتاريخ المنطقة و فخور جدا بإرث عائلته و هالشيء يصل للزائر من لحظة دخوله للمتحف. انصح جدا بالزيارة.,Abha,مكان تراثي وتاريخي,,,,1,1,1,reviews_zenodo,,https://zenodo.org/records/16924532,static,,2026-09-13T06:19:18.696424+00:00,False
reviews_01799,قصور أبو سراح التاريخية,,مكان جميل وتاريخي ويقدم الماضي بشكل عصري يحتوي على بعض الكافيهات التي تقدم القهوة والشاي والحلا,Abha,مكان تراثي وتاريخي,,,1,,1,,reviews_zenodo,,https://zenodo.org/records/16924532,static,,2026-09-13T06:19:18.696424+00:00,False
reviews_01800,قصور أبو سراح التاريخية,,اخذت جولة ع قصور ال سراح .. استمتعت جدا جدا جدا بكل تفاصيل المكان 👌🏻 فيه شباب من العائلة يعرفونك ع بعض زوايا القصر 🤩 اضافة الى وجود اوراق توضيحية عند اغلب ابواب الغرف اما تشرح فكرة المكان او تروي قصة عن المكان 😍 .. بعدها تسوقت من المعرض ...,Abha,مكان تراثي وتاريخي,,,1,1,1,1,reviews_zenodo,,https://zenodo.org/records/16924532,static,,2026-09-13T06:19:18.696424+00:00,False
reviews_01801,قصور أبو سراح التاريخية,,من اجمل المزارات السياحيه حقيقه تستحق الزياره وجلسات خارجيه جدا روعه 💚🤍 ...,Abha,مكان تراثي وتاريخي,,,1,,1,1,reviews_zenodo,,https://zenodo.org/records/16924532,static,,2026-09-13T06:19:18.696424+00:00,False
reviews_01802,قصور أبو سراح التاريخية,,مكان جميل ورائع وأجواء قمة الروعة أمطار ترشرش على خفيف وبراد لطيف .,Abha,مكان تراثي وتاريخي,,,,,1,1,reviews_zenodo,,https://zenodo.org/records/16924532,static,,2026-09-13T06:19:18.696424+00:00,False
reviews_01803,قصور أبو سراح التاريخية,,إذا أنت تبحث عن منطقة طبيعية بعيدة عن مركز المدينة واجواء تأخذك الى درجة الروقان تعال جرب المكان والطعام. ☔️🌹 ...,Abha,مكان تراثي وتاريخي,,,,,1,1,reviews_zenodo,,https://zenodo.org/records/16924532,static,,2026-09-13T06:19:18.696424+00:00,False
reviews_01804,قصور أبو سراح التاريخية,,مكان جميل ورائع والأكل لذيذ وجميع المشروبات لذيذة القهوة والشاهي 😋👍🌹 ...,Abha,مكان تراثي وتاريخي,,,,,1,1,reviews_zenodo,,https://zenodo.org/records/16924532,static,,2026-09-13T06:19:18.696424+00:00,False
reviews_01805,قصور أبو سراح التاريخية,,مكان تاريخي وممتع انصح بزيارته بالفترة الصباحية تجنبا للازدحام,Abha,مكان تراثي وتاريخي,,,,,1,1,reviews_zenodo,,https://zenodo.org/records/16924532,static,,2026-09-13T06:19:18.696424+00:00,False
reviews_01806,قصور أبو سراح التاريخية,,المكان تاريخي ، وتحفة فنيه ، وارض طبيعية جميلة جدا ، نصح بزيارة المكان,Abha,مكان تراثي وتاريخي,,,,,1,1,reviews_zenodo,,https://zenodo.org/records/16924532,static,,2026-09-13T06:19:18.696424+00:00,False
reviews_01807,قصور أبو سراح التاريخية,,تجربة رائعة جدا .. ولكن اقترح انشاء مصعد خارجي لذوي الهمم وكبار السن .,Abha,مكان تراثي وتاريخي,,,-1,,1,,reviews_zenodo,,https://zenodo.org/records/16924532,static,,2026-09-13T06:19:18.696424+00:00,False
reviews_01808,قصور أبو سراح التاريخية,,اجمل مكان بأبها قد رحت له وخاصه اني اميل للموروث الشعبي والاطلالة جميله كثيرر ماشاءالله,Abha,مكان تراثي وتاريخي,,,,,1,1,reviews_zenodo,,https://zenodo.org/records/16924532,static,,2026-09-13T06:19:18.696424+00:00,False
reviews_01809,قصور أبو سراح التاريخية,,المكان والأجواء جميلة والمقاهي جيدة . ينصح بزيارته,Abha,مكان تراثي وتاريخي,,,1,,1,1,reviews_zenodo,,https://zenodo.org/records/16924532,static,,2026-09-13T06:19:18.696424+00:00,False
reviews_01810,قصور أبو سراح التاريخية,,قصور تاريخية تحمل طابع المباني العسيرية القديمة في منطقة السودة. توجد بها بعض الكافيهات و الجلسات السياحية.,Abha,مكان تراثي وتاريخي,,,1,,1,,reviews_zenodo,,https://zenodo.org/records/16924532,static,,2026-09-13T06:19:18.696424+00:00,False
reviews_01811,قصور أبو سراح التاريخية,,القصر غرف فاضيه لا تستحق الزياره كم اغراض تاريخيه بسيطه جدا الغالب اشياء جديده وليست قديمه لا يستحق مبلغ الدخول,Abha,مكان تراثي وتاريخي,,,-1,,-1,-1,reviews_zenodo,,https://zenodo.org/records/16924532,static,,2026-09-13T06:19:18.696424+00:00,False
reviews_01812,قصور أبو سراح التاريخية,,كان عندي ضيوف من دول الخليج ومن خارج المنطقة جعلت من ضمن البرنامج زيارة القصور وطلبت وجبة عصرية كانت تجربة لي وللضيوف رائعة إتقان وتعامل,Abha,مكان تراثي وتاريخي,,,,,1,1,reviews_zenodo,,https://zenodo.org/records/16924532,static,,2026-09-13T06:19:18.696424+00:00,False
reviews_01813,قصور أبو سراح التاريخية,,زياره جميله لمكان اجمل موقع اثري مميز و اصحاب القصر جدا لطفاء شكرا لكم من القلب,Abha,مكان تراثي وتاريخي,,,,1,1,1,reviews_zenodo,,https://zenodo.org/records/16924532,static,,2026-09-13T06:19:18.696424+00:00,False
reviews_01814,قصور أبو سراح التاريخية,,مكان عادي جدا مجرد مقاهي والقصور فقط صور ومجسمات والدخول ب ٣٥ للشخص ماتسوى تعبها صراحه,Abha,مكان تراثي وتاريخي,,,,,-1,-1,reviews_zenodo,,https://zenodo.org/records/16924532,static,,2026-09-13T06:19:18.696424+00:00,False
reviews_01815,قصور أبو سراح التاريخية,,مكان جميل جدا بس يحتاج شوي تطوير وزيادة اماكن للجلوس,Abha,مكان تراثي وتاريخي,,,0,,1,,reviews_zenodo,,https://zenodo.org/records/16924532,static,,2026-09-13T06:19:18.696424+00:00,False
reviews_01816,قصور أبو سراح التاريخية,,للأسف تجربة كانت مخيبة للآمال بشكل كبير على جمالية القصور إلا انها خالية من التحف التاريخية مجرد صور وكم قطعة تعد على اصابع اليدين واللي جعل التجربة اسوأ استقبال الرجل اللي على المدخل اسمه اسامة على ...,Abha,مكان تراثي وتاريخي,,,-1,-1,-1,-1,reviews_zenodo,,https://zenodo.org/records/16924532,static,,2026-09-13T06:19:18.696424+00:00,False
reviews_01817,سكاي فيلج,,مكان جميل بجبل مرتفع يشرف على جانب كبير من مدينة ابها المطل رائع. الدخول مجانا توقف سيارتك وتكمل للاعلى مشي او بالجولف كار مدخل المجمع جانبي مع انه كان المفروض يكون بالوسط والمطاعم والمقاهي ع الاطراف. زرناه بالنهار. جميل وهادي وما في زحمة ولا موسيقى. ما ادري عنه بالليل,Abha,منتزه,,,1,,1,,reviews_zenodo,,https://zenodo.org/records/16924532,static,,2026-09-13T06:19:18.696424+00:00,False
reviews_01818,سكاي فيلج,,المكان لا بأس به جيد ولكن لعائلة كبيرة الأسعار مبالغ فيها جدا جدا جدا، اللاتيه ب٤٠ ريال 💀! لا يسمح بجلب قهوة أو أي شي معك وإذا بتجلس لازم تطلب وأماكن الجلوس كلها تخص ...,Abha,منتزه,-1,,,,0,,reviews_zenodo,,https://zenodo.org/records/16924532,static,,2026-09-13T06:19:18.696424+00:00,False
reviews_01819,سكاي فيلج,,المكان ابهرني بكل مافيه من مطاعم وتنوع كافيهات ومطلات من اغلب الجهات ، اضاءات في المساء تزيد من جمال المكان و نظافة ملحوظة ، وتعامل راقي من الجميع ، لارسوم ع الدخول ، وقفنا السيارة في المواقف وكان في الانتظار عربة قولف لنقلنا للاعلى بكل ترحاب ، انصح بزيارة المكان كتجربة ليلة بانورامية مميزة لابها .,Abha,منتزه,1,1,1,1,1,1,reviews_zenodo,,https://zenodo.org/records/16924532,static,,2026-09-13T06:19:18.696424+00:00,False
reviews_01820,سكاي فيلج,,المكان يجننننننننن ولا غلطة أستمتعت جدا ومع الاجواء الحلوة والمطر صراحة خييييال ... ...,Abha,منتزه,,,,,1,1,reviews_zenodo,,https://zenodo.org/records/16924532,static,,2026-09-13T06:19:18.696424+00:00,False
reviews_01821,سكاي فيلج,,مطل جميل ومكان مميز اطلاله مع الضباب والسحب رائعه زيارتي كانت في وقت الضباب ممتعه وكان فيه مطر يعيبه عدم وجود مظلات ...,Abha,منتزه,,,,,1,1,reviews_zenodo,,https://zenodo.org/records/16924532,static,,2026-09-13T06:19:18.696424+00:00,False
reviews_01822,سكاي فيلج,,مكان جميل جدا اجواءه بالليل رايقة - فيه مواقف للسيارات وبعدين سيارة قولف توصلكم للمكان مجانا - فيه كذا كوفي وكشات عطور ومطعمين - الاسعار شوي مرتفعه,Abha,منتزه,-1,,1,,1,,reviews_zenodo,,https://zenodo.org/records/16924532,static,,2026-09-13T06:19:18.696424+00:00,False
reviews_01823,سكاي فيلج,,الموقع المفتوح جميل به جلسات كثيرة ومطلة لكن نفس المركز اسعاره مرتفعة نوعا ما ودخول السيارة ٤٥ ريال مع ان خدمة ايقاف السيارة والتنظيم رائع,Abha,منتزه,-1,,,1,1,,reviews_zenodo,,https://zenodo.org/records/16924532,static,,2026-09-13T06:19:18.696424+00:00,False
reviews_01824,سكاي فيلج,,المكان مثل الحلم 🥰👌☔️✨... واللي يميزه إطلالته الكااااامله على أبها يستاهل انكم تزورونه وتمتعون عيونكم بالمنظر الجميل ❤️❤️ ...,Abha,منتزه,,,,,1,1,reviews_zenodo,,https://zenodo.org/records/16924532,static,,2026-09-13T06:19:18.696424+00:00,False
reviews_01825,سكاي فيلج,,المكان متعة بصرية وأجواء ساحرة في الليل وفيه سيارات قولف تنقل الزوار مجانا من المواقف للمكان خدمات روعة,Abha,منتزه,,,,1,1,,reviews_zenodo,,https://zenodo.org/records/16924532,static,,2026-09-13T06:19:18.696424+00:00,False
reviews_01826,سكاي فيلج,,المكان جميل جدا يميزه اطلالته على ابها المجمع عباره عن كوفيهات ومطاعم الدخول مجانا فيه مواقف للسيارات برسوم ٤٠ ريال او توقفها تحت وياخذك كار قولف الى المكان,Abha,منتزه,,,1,,1,,reviews_zenodo,,https://zenodo.org/records/16924532,static,,2026-09-13T06:19:18.696424+00:00,False
reviews_01827,سكاي فيلج,,جميل المكان كوفي كي جميل و خدمه ممتازه انصح بزيارة المكان وقت النهار,Abha,منتزه,,,,,,,reviews_zenodo,,https://zenodo.org/records/16924532,static,,2026-09-13T06:19:18.696424+00:00,False
reviews_01828,سكاي فيلج,,مكان جميل .. واطلالته ولا أحلى ويفضل زياره وقت الغروب وما قبل لا اكتشاف جمال ورعه المنطقه,Abha,منتزه,,,,,1,1,reviews_zenodo,,https://zenodo.org/records/16924532,static,,2026-09-13T06:19:18.696424+00:00,False
reviews_01829,سكاي فيلج,,مجمع مطاعم وجلسات حلوه ومرتبه وراقيه وزوارها مرتبين وراقين انصح بزيارتها,Abha,منتزه,,,1,,1,1,reviews_zenodo,,https://zenodo.org/records/16924532,static,,2026-09-13T06:19:18.696424+00:00,False
reviews_01830,سكاي فيلج,,تبارك الرحمن المكان يجنن واطلالاته روعه والمطاعم فيه فخمه كرمنا وأوليف قاردن الايطالي وفيه 4 كافيهات key ودارة القهوه ومطعم بيتزا واللي لفتني المسجد والاهتمام فيه ونظافته مع دورات المياه عندهم كمان خدمة ڤاليت باركنق لو موحاب تمشي ومالقيت مواقف,Abha,منتزه,,1,1,,1,,reviews_zenodo,,https://zenodo.org/records/16924532,static,,2026-09-13T06:19:18.696424+00:00,False
reviews_01831,سكاي فيلج,,سكاي فيلج مكان جمييل والدخول مجانا فيه كشكات عطور و 3 مطاعم و3 كوفيهات بجلسات مطلة مشكلته مافيه مسار للعربيات للنزول تحت والمواقف قليل اكرر الزيارة بإذن الله,Abha,منتزه,,,1,,1,1,reviews_zenodo,,https://zenodo.org/records/16924532,static,,2026-09-13T06:19:18.696424+00:00,False
reviews_01832,سكاي فيلج,,مكان جميل يحتوي مطاعم ومقاهي وبعض المنتوجات كالعطورومزدحم للغايه,Abha,منتزه,,,1,,1,,reviews_zenodo,,https://zenodo.org/records/16924532,static,,2026-09-13T06:19:18.696424+00:00,False
reviews_01833,سكاي فيلج,,جيت على بداية الافتتاح مكان رايق وجميل ،إطلالات رائعة، جربت الغداء في مطعم اوليف جاردن لابأس به خدمتهم جدا رائعة,Abha,منتزه,,,,1,1,,reviews_zenodo,,https://zenodo.org/records/16924532,static,,2026-09-13T06:19:18.696424+00:00,False
reviews_01834,سكاي فيلج,,مكان جميل يوجد به عدد 2 مطعمين أحدهما لبناني و هو كرم و الاخر عالمي قمة النظافة و الترتيب و حسن الاستقبال لكن عيب أرى أنه مؤثر جدا و هو السعر الغالي جدا ف هل يعقل نص دجاجه ب 80 ريال,Abha,منتزه,-1,1,,1,1,,reviews_zenodo,,https://zenodo.org/records/16924532,static,,2026-09-13T06:19:18.696424+00:00,False
reviews_01835,سكاي فيلج,,المكان جمييل ورائع يستحق الزيارة والدخول مجانا ولكن يحتاج الى تنظيم اكبر من ناحية الجلسات 🙏🏻 ...,Abha,منتزه,,,,,1,1,reviews_zenodo,,https://zenodo.org/records/16924532,static,,2026-09-13T06:19:18.696424+00:00,False
reviews_01836,سكاي فيلج,,حلو المكان بس استغلال مضحك شوي يقولك المواقف تحت ب 45 نوقف لك سيارتك وبنتاخر عليك يمكن عشر دقايق ربع ساعه ...,Abha,منتزه,,,,-1,1,,reviews_zenodo,,https://zenodo.org/records/16924532,static,,2026-09-13T06:19:18.696424+00:00,False
reviews_01837,سكاي فيلج,,مكان جميل يستحق الزيارة . تعشينا في كرمنا كل الاصناف اللي نزلت لذيذة وتجربة رائعة .,Abha,منتزه,,,,,1,1,reviews_zenodo,,https://zenodo.org/records/16924532,static,,2026-09-13T06:19:18.696424+00:00,False
reviews_01838,سكاي فيلج,,من اجمل المطلات والجلسات العائلية المطله على ابها البهيه وتتوفر الخدمات كما انصح بمطعم أوليف قاردن باطلالته الجميله واطباقه اللذيذه المميزه وخدمته الراقية ...,Abha,منتزه,,,1,,1,,reviews_zenodo,,https://zenodo.org/records/16924532,static,,2026-09-13T06:19:18.696424+00:00,False
reviews_01839,سكاي فيلج,,مكان جميل ومتنوع يوجد به مطعميين وكافيهات متنوعه اطلاله جميله ع ابها,Abha,منتزه,,,1,,1,,reviews_zenodo,,https://zenodo.org/records/16924532,static,,2026-09-13T06:19:18.696424+00:00,False
reviews_01840,سكاي فيلج,,مكان جدا جميل، فيه هويات واطلالات رائعة و اكثر من اطلالة، بالاضافة الى الكوفيهات لديهم لذيذة ويوجد محلات عطور وغيرها لم تفتتح بعد,Abha,منتزه,,,1,,1,,reviews_zenodo,,https://zenodo.org/records/16924532,static,,2026-09-13T06:19:18.696424+00:00,False
reviews_01841,سكاي فيلج,,المكان في سما ابها الدخول مجاني عباره عن مطاعم وكوفيهات وجلسات مطله وبعض اكشاك العطور والبخور المكان جميل لاباس فيه بس كان مزدحم طلعت,Abha,منتزه,,,1,,1,0,reviews_zenodo,,https://zenodo.org/records/16924532,static,,2026-09-13T06:19:18.696424+00:00,False
reviews_01842,سكاي فيلج,,راايق وحبيت الجو بنهاية العصر اكثر من الليل كنت رايحه عشان كرمنا بس كان فيه مطعم ايطالي اسمه اوليف قاردن عجبني اطلالته والمنيو حقهم للامانه يستحق الزياره,Abha,منتزه,,,1,,1,1,reviews_zenodo,,https://zenodo.org/records/16924532,static,,2026-09-13T06:19:18.696424+00:00,False
reviews_01843,سكاي فيلج,,المكان جميل ورائع إطلالة جميلة جدا واسعارهم معقولة,Abha,منتزه,0,,,,1,,reviews_zenodo,,https://zenodo.org/records/16924532,static,,2026-09-13T06:19:18.696424+00:00,False
reviews_01844,سكاي فيلج,,المكان جميل ولكن الاسعار مبالغ فيها والخيارات محدوده,Abha,منتزه,-1,,,,1,,reviews_zenodo,,https://zenodo.org/records/16924532,static,,2026-09-13T06:19:18.696424+00:00,False
reviews_01845,سكاي فيلج,,من افضل الامكان لى زرتها فى ابها. واهم الشي الدخول محانا. 👍 ...,Abha,منتزه,1,,,,1,,reviews_zenodo,,https://zenodo.org/records/16924532,static,,2026-09-13T06:19:18.696424+00:00,False
reviews_01846,سكاي فيلج,,بالنسبه لي لا يستحق الزيارة اطلاقا مكان صغير واسعار غاليه جدا واصوات الاغاني مزززعجه ليسى فيه هدوء ومواقف خاصه لسيارات لكنها غاليه جدا,Abha,منتزه,-1,,,,-1,,reviews_zenodo,,https://zenodo.org/records/16924532,static,,2026-09-13T06:19:18.696424+00:00,False
reviews_01847,سكاي فيلج,,رايق المكان يجنننننن والاسعار حلوه البيتزا ٣٥ 😅😅 ...,Abha,منتزه,1,,,,1,,reviews_zenodo,,https://zenodo.org/records/16924532,static,,2026-09-13T06:19:18.696424+00:00,False
reviews_01848,سكاي فيلج,,المنظمين لدخول السيارات قلة احترام رفضو يدخلون السياره فوق مع ان امي على كرسي متحرك بعد شد وجذب وبعد ماطلعت من طوري وعصبت دخلولها السياره وطول مااحنا راكبين وهو يقط كلام ويدق بالحكي. حقيقي قلة احترام كرهنا حتى المكان من هذا المنظم . يحمد ...,Abha,منتزه,,,,-1,,-1,reviews_zenodo,,https://zenodo.org/records/16924532,static,,2026-09-13T06:19:18.696424+00:00,False
reviews_01849,سكاي فيلج,,مكان جميل يشرف على جانب كبير من مدينة ابها المطل رائع الدخول مجانا توقف سيارتك وتكمل للاعلى مشي او بالجولف كار وفي خدمة ايقاف سيارات ب 45ریال ومفتوح الوقت ، والمطاعم والمقاهي فخمه جدا الجو العام جميل وهادي وما في زحمة ولا موسيقى,Abha,منتزه,,,1,,1,,reviews_zenodo,,https://zenodo.org/records/16924532,static,,2026-09-13T06:19:18.696424+00:00,False
reviews_01850,سكاي فيلج,,اجمل واروع تجربه مطعم كرمنا وكوفي كي روووعه,Abha,منتزه,,,1,,1,1,reviews_zenodo,,https://zenodo.org/records/16924532,static,,2026-09-13T06:19:18.696424+00:00,False
reviews_01851,سكاي فيلج,,المكان حلو بس يعيبه الطاولات قلييله المشي كثيييير ومتعب جدا اعملوا حسابكم الانتظار بالسياره الى توصل فوق اكثر من النص ساعه 🤯 ...,Abha,منتزه,,,,-1,1,,reviews_zenodo,,https://zenodo.org/records/16924532,static,,2026-09-13T06:19:18.696424+00:00,False
reviews_01852,سكاي فيلج,,مكان جميل ويستحق الزيارة المكان فيه تنوع مابين جلسة المنتزه والمطاعم والكوفيهات بالاعلى الي ممكن الوصول لها مشي او باستخدام عربات القولف ...,Abha,منتزه,,,1,,1,1,reviews_zenodo,,https://zenodo.org/records/16924532,static,,2026-09-13T06:19:18.696424+00:00,False
reviews_01853,سكاي فيلج,,بالتصوير طالع اكبر من الحقيقه حلو ياللي بيروح لمطعم كرمنا والايطالي تحت جلسات بسيطه لكوفي قليله بالنسبه لزحمه ...,Abha,منتزه,,,,,,,reviews_zenodo,,https://zenodo.org/records/16924532,static,,2026-09-13T06:19:18.696424+00:00,False
reviews_01854,سكاي فيلج,,ما انصح به ابدا تجربة سيئة جدا المكان غير نظيف والاسعار مبالغ فيها والقهوه والحلويات اقل بكثير من التموقع,Abha,منتزه,-1,-1,,,,-1,reviews_zenodo,,https://zenodo.org/records/16924532,static,,2026-09-13T06:19:18.696424+00:00,False
reviews_01855,سكاي فيلج,,المكان جميل جدا بس يعيبه الطاولات والكراسي والاغاني ازعاج,Abha,منتزه,,,-1,,1,-1,reviews_zenodo,,https://zenodo.org/records/16924532,static,,2026-09-13T06:19:18.696424+00:00,False
reviews_01856,سكاي فيلج,,يحتاج إلى اهتمام أكثر ومراجعة الأسعار المبالغ فيها ويحتاج إلى توفير مواقف,Abha,منتزه,-1,,-1,,,,reviews_zenodo,,https://zenodo.org/records/16924532,static,,2026-09-13T06:19:18.696424+00:00,False
reviews_01857,سكاي فيلج,,مكان رايق ومطل جميل المكان مزدحم شوي لكن يستاهل الزيارة يوجد مطعم وكافيهات وجلسات رايقه اتوقع جوه قبل المغرب بساعه حلو . مشكلتهم مافيه طريق لعربيات الاطفال والمكان كله درج,Abha,منتزه,,,1,,1,1,reviews_zenodo,,https://zenodo.org/records/16924532,static,,2026-09-13T06:19:18.696424+00:00,False
reviews_01858,سكاي فيلج,,مكان جميل وراااقي لكن أسعار الكوفيهات غالييييه,Abha,منتزه,-1,,,,1,,reviews_zenodo,,https://zenodo.org/records/16924532,static,,2026-09-13T06:19:18.696424+00:00,False
reviews_01859,سكاي فيلج,,صراحة الاجواء رهيبة لكن فيه مطعم اسعاره مبالغ فيها دجاجة ب 80 ريال!,Abha,منتزه,-1,,,,1,,reviews_zenodo,,https://zenodo.org/records/16924532,static,,2026-09-13T06:19:18.696424+00:00,False
reviews_01860,سكاي فيلج,,المكان جميل حق مشي مو كبير المكان في كوفي ومطعم وكشكات عطور فيه دورة مياه نظيفة ما شاء الله اسعار المطاعم نفس اسعار مطاعمنا ما دخلته بس اتوقع اسعار الاطباق ع 45 وفوق او اكثر الكوفي نفس اسعار اللي برى او ازود بشوي اذا شفتوا السيارت طالعه ...,Abha,منتزه,1,1,1,,1,,reviews_zenodo,,https://zenodo.org/records/16924532,static,,2026-09-13T06:19:18.696424+00:00,False
reviews_01861,سكاي فيلج,,المكان مره جميييل المطعم الإيطالي لذيذ ولكن الأسعار جدا مرتفعه ... الموظفه Ann جدا خلوقه وخدومه وطيوبه وهبة ريح .... الموظفين ماشاء الله مايتاخرون بالطلب,Abha,منتزه,-1,,,1,1,,reviews_zenodo,,https://zenodo.org/records/16924532,static,,2026-09-13T06:19:18.696424+00:00,False
reviews_01862,سكاي فيلج,,تجربة ممتعه والاكل لذيذ والمنظر جميل واطلاله جميله على مدينة ابها يستحق الزيارة مع انه غالي في اسعارهم لكن اختصر طلبك للتجربه الجميله.,Abha,منتزه,-1,,,,1,1,reviews_zenodo,,https://zenodo.org/records/16924532,static,,2026-09-13T06:19:18.696424+00:00,False
reviews_01863,سكاي فيلج,,مكان حلو ورايق يستاهل الزياره,Abha,منتزه,,,,,1,1,reviews_zenodo,,https://zenodo.org/records/16924532,static,,2026-09-13T06:19:18.696424+00:00,False
reviews_01864,سكاي فيلج,,مكان جميل وفيه مطاعم وكوفيهات وباقي فيه محلات تحت التجهيز مكان جميل بابها خصوصا للاكل والقهوه خصوصا الجلسات الخارجية,Abha,منتزه,,,1,,1,,reviews_zenodo,,https://zenodo.org/records/16924532,static,,2026-09-13T06:19:18.696424+00:00,False
reviews_01865,متحف تمنية الاثري,,عادي ولافيه شي يسوى غير غرفة وحدة في المدخل وفيها اشياء قديمة. والباقي ما يستاهل العنوة,Abha,متحف,,,,,-1,-1,reviews_zenodo,,https://zenodo.org/records/16924532,static,,2026-09-13T06:19:18.696424+00:00,False
reviews_01866,متحف تمنية الاثري,,متحف زبالة ضيق جدا ومبنى متهالك والمشي فيه صعب خصوصا الصعود للدور العلوي والأبواب صغيرة الدخول فيها صعب ويرتطم الراس بالجدار وبعض المعروضات فيه سخيفة وتافهه لا تستحق العرض لدرجة انه يعرض انواع السجائر والولاعات القديمة وهي شيء المفروض ينسى ...,Abha,متحف,,,,,-1,-1,reviews_zenodo,,https://zenodo.org/records/16924532,static,,2026-09-13T06:19:18.696424+00:00,False
reviews_01867,متحف تمنية الاثري,,لم أراه لأننا جماعة كثيرين والتذكرة النفر ب ١٠ غالي جدا,Abha,متحف,-1,,,,,-1,reviews_zenodo,,https://zenodo.org/records/16924532,static,,2026-09-13T06:19:18.696424+00:00,False
reviews_01868,متحف تمنية الاثري,,غير صالح للمشي لايوجد دورت مياه ولا العاب للاطفال,Abha,متحف,,,-1,,-1,,reviews_zenodo,,https://zenodo.org/records/16924532,static,,2026-09-13T06:19:18.696424+00:00,False
reviews_01869,متحف تمنية الاثري,,لايوجد شي يلفت النظر متحف صغير جدا عباره عن بيت شعبي مكون من عده غرف صغيره توجد فيها مجموعه من القطع التراثيه ورسوم الدخول عشر ريال لكل شخص,Abha,متحف,,,,,-1,0,reviews_zenodo,,https://zenodo.org/records/16924532,static,,2026-09-13T06:19:18.696424+00:00,False
reviews_01870,متحف تمنية الاثري,,مافيه جديد وسعر الدخول مبالغ فيه بالنسبة للموجودات والشكل,Abha,متحف,-1,,,,-1,-1,reviews_zenodo,,https://zenodo.org/records/16924532,static,,2026-09-13T06:19:18.696424+00:00,False
reviews_01871,متحف تمنية الاثري,,يحتاج الي عناية اكثر بالاضافة الي صغر المبنى وكثرت المقتنيات الاثرية,Abha,متحف,,,,,0,0,reviews_zenodo,,https://zenodo.org/records/16924532,static,,2026-09-13T06:19:18.696424+00:00,False
reviews_01872,متحف تمنية الاثري,,متحف جميل والقائمين عليه ملاك المنزل ويعتبر عمر المنزل أكثر من ٢٥٠ سنه يوجد فيه قطع تراثية قديمه وجميع العاملين ودودين ومتعاونين وقيمه دخول ١٠ ريال و يوجد ركن للقهوة و إطلالة جميلة يوفر جميع المشروبات والا سعار مقبوله,Abha,متحف,0,,,1,1,,reviews_zenodo,,https://zenodo.org/records/16924532,static,,2026-09-13T06:19:18.696424+00:00,False
reviews_01873,متحف تمنية الاثري,,متحف جميل رغم تواضعه لكنه ينقل لك بعضا من جوانب حياة أهل البلد القدامى بشكل جميل . المتحف مليئ بالقطع والتحف القديمة اضافة لبعض السيارات المرصوصة أمام المتحف بشكل ...,Abha,متحف,,,,,1,1,reviews_zenodo,,https://zenodo.org/records/16924532,static,,2026-09-13T06:19:18.696424+00:00,False
reviews_01874,متحف تمنية الاثري,,متحف جميل وبه اثريات جميله وولكن يحتاج شوية اهتمام من قبل المالك وترتيب التحف بطريقه افضل,Abha,متحف,,,0,,1,,reviews_zenodo,,https://zenodo.org/records/16924532,static,,2026-09-13T06:19:18.696424+00:00,False
reviews_01875,متحف تمنية الاثري,,روائع التراثيه والتنظيم ممتاز يحتاج الى مدخل واسع ولوحات إرشادية للزيارات بأوقات محدده ومرشدين ولابد من توسعة المتحف,Abha,متحف,,,0,0,1,,reviews_zenodo,,https://zenodo.org/records/16924532,static,,2026-09-13T06:19:18.696424+00:00,False
reviews_01876,متحف تمنية الاثري,,متحف جيد انصح بزيارته يوجد فيه اكثر تراث الشعبي,Abha,متحف,,,,,1,1,reviews_zenodo,,https://zenodo.org/records/16924532,static,,2026-09-13T06:19:18.696424+00:00,False
reviews_01877,متحف تمنية الاثري,,اولا نشكر كل من ساهم بحفظ هذا التراث العريق والرائع. كنت متوقع إن المكان صغير لكني تفاجئت بأنه مكون من اربع طوابق كل طابق يحاكي جزء من طريقة حياة أهل المنطقة مرتب بطريقة انيقة وجميلة وهناك قطع تراثية كثيرة جدا داخل كل جزء .يوجد رسوم رمزية 10 ريال فقط للشخص والأطفال مجاني على مااعتقد.,Abha,متحف,0,,1,,1,1,reviews_zenodo,,https://zenodo.org/records/16924532,static,,2026-09-13T06:19:18.696424+00:00,False
reviews_01878,متحف تمنية الاثري,,متحف جميل جدا وصغير يوجد به اغلب الاشياء الأثرية عن المنطقه,Abha,متحف,,,,,1,1,reviews_zenodo,,https://zenodo.org/records/16924532,static,,2026-09-13T06:19:18.696424+00:00,False
reviews_01879,متحف تمنية الاثري,,متحف جميل وبه أشياء قديمة جدة ونفيسة وغريبة ،أنصح بزيارته والدخولية بعشرة ريال سعر رمزي جدا . يستحق . وبه دورة مياه,Abha,متحف,1,,1,,1,,reviews_zenodo,,https://zenodo.org/records/16924532,static,,2026-09-13T06:19:18.696424+00:00,False
reviews_01880,متحف تمنية الاثري,,مكان اثري جيد ويستحق الزيارة للمهتمين بالتراث مع وجود رسوم دخول رمزية للبالغين 10 ريال للشخص الواحد,Abha,متحف,,,,,1,1,reviews_zenodo,,https://zenodo.org/records/16924532,static,,2026-09-13T06:19:18.696424+00:00,False
reviews_01881,متحف تمنية الاثري,,دخول الشخص ب ١٠ ريال والاطفال مجانا المكان قصر قديم جميل وفيه آثار قديمه وواضحه بالشرح والصورة يوجد فيه جلسات ودكان صغير,Abha,متحف,,,1,,1,,reviews_zenodo,,https://zenodo.org/records/16924532,static,,2026-09-13T06:19:18.696424+00:00,False
reviews_01882,متحف تمنية الاثري,,حلو المتحف وجميل .. الاشياء المعروضة تراثية وجميلة.. بس ياريت لو يكون في أحد يحكيلنا عنها في الجولة ..,Abha,متحف,,,,0,1,,reviews_zenodo,,https://zenodo.org/records/16924532,static,,2026-09-13T06:19:18.696424+00:00,False
reviews_01883,متحف تمنية الاثري,,رائع جدا .. انصح بزيارته خصوصا للاشخاص اللي مازارو اماكن مشابهه .. تفاصيل جميلة لغرف وأواني الأولين,Abha,متحف,,,,,1,1,reviews_zenodo,,https://zenodo.org/records/16924532,static,,2026-09-13T06:19:18.696424+00:00,False
reviews_01884,متحف تمنية الاثري,,متحف جميل و المكان مرتب ويستحق الزيارة لمن يحب التراث و لمن يريد مشاهدة التراث,Abha,متحف,,,,,1,1,reviews_zenodo,,https://zenodo.org/records/16924532,static,,2026-09-13T06:19:18.696424+00:00,False
reviews_01885,متحف تمنية الاثري,,جميل وبسيط ونظييبيف .. و فيه عربة ف السطح يبعون قهوة وشاي .. القهوة في المخ ماششاء الله,Abha,متحف,,1,1,,1,,reviews_zenodo,,https://zenodo.org/records/16924532,static,,2026-09-13T06:19:18.696424+00:00,False
reviews_01886,متحف تمنية الاثري,,متحف لتراث المنطقة يستحق الدعم والزيارة,Abha,متحف,,,,,1,1,reviews_zenodo,,https://zenodo.org/records/16924532,static,,2026-09-13T06:19:18.696424+00:00,False
reviews_01887,متحف تمنية الاثري,,متحف يضم سيارات قديمه وعباره عن دورين فيها غرف للماضي الجميل مفروشه بكل ماهو قديم ويوجد جلسات صغيره بالسطح وفيه اخوات يبيعون بطاطس وبيتزا وبانكيك وخلافه وأسعار معقوله وألذ بيتزا تذوقتها عندهم,Abha,متحف,0,,1,,1,,reviews_zenodo,,https://zenodo.org/records/16924532,static,,2026-09-13T06:19:18.696424+00:00,False
reviews_01888,متحف تمنية الاثري,,متحف صغير وجميل والعاملين فيه متعاونين جدا,Abha,متحف,,,,1,1,,reviews_zenodo,,https://zenodo.org/records/16924532,static,,2026-09-13T06:19:18.696424+00:00,False
reviews_01889,متحف تمنية الاثري,,متحف للماضي الجميل وفي مكان جميل ينصح بزيارته,Abha,متحف,,,,,1,1,reviews_zenodo,,https://zenodo.org/records/16924532,static,,2026-09-13T06:19:18.696424+00:00,False
reviews_01890,متحف تمنية الاثري,,متحف مميز خاص بأحد أهالي تمنية المتحف يعرض تراثيات سعودية من آلات وأدوات زراعية وأواني وعملات قديمة سعودية وغير سعودية وملابس وطريقة المجالس والغرف القديمة وأثاثها وأجهزة وسيارات قديمه ...,Abha,متحف,,,1,,1,1,reviews_zenodo,,https://zenodo.org/records/16924532,static,,2026-09-13T06:19:18.696424+00:00,False
reviews_01891,متحف تمنية الاثري,,المتحف شبه متكامل وقد اعجبني جدا السيارات القديمه وأشكالها وقدم موديلاتها,Abha,متحف,,,1,,1,1,reviews_zenodo,,https://zenodo.org/records/16924532,static,,2026-09-13T06:19:18.696424+00:00,False
reviews_01892,متحف تمنية الاثري,,متحف مميز يحكي تراث المنطقة .. . ويحتاج إلى إبراز إعلامي من خلال المنصات المختلفة ليكي يتمكن الزوار والمهتمين من الاستدلال عليه بسهولة وجعله ضمن برامجهم السياحية خلال زياراتهم للمنطقة.,Abha,متحف,,,,,1,1,reviews_zenodo,,https://zenodo.org/records/16924532,static,,2026-09-13T06:19:18.696424+00:00,False
reviews_01893,متحف تمنية الاثري,,جميل اشكر كل من تعب وجمع كل هالاشياء الاثريه لانها جزء من طفولتنا وذكرياتنا ♥️ ريحة الماضي الجميل في كل زاويه من المتحف,Abha,متحف,,,,,1,1,reviews_zenodo,,https://zenodo.org/records/16924532,static,,2026-09-13T06:19:18.696424+00:00,False
reviews_01894,متحف تمنية الاثري,,من أفضل المتاحف في منطقه ابها وتحديدا في تمنيه. يحكي عن تاريخ الجنوب ويعتبر شامل ومتنوع. انصح بزيارته 👍 ...,Abha,متحف,,,,,1,1,reviews_zenodo,,https://zenodo.org/records/16924532,static,,2026-09-13T06:19:18.696424+00:00,False
reviews_01895,متحف تمنية الاثري,,المتحف رائع ومتنوع فيه تراث المنطقة والسعودية ترتيبهم وعرضهم جيدة اتمنى لهم التوفيق.,Abha,متحف,,,,,1,1,reviews_zenodo,,https://zenodo.org/records/16924532,static,,2026-09-13T06:19:18.696424+00:00,False
reviews_01896,متحف تمنية الاثري,,في تقريبا ١٠ آلاف قطعة اثرية و٤ صالات عرض الدخول برسوم (١٠ ريال للفرد والاطفال مجانا) . يا ليت يكون في ساحته عربات متنقلة,Abha,متحف,,,0,,1,,reviews_zenodo,,https://zenodo.org/records/16924532,static,,2026-09-13T06:19:18.696424+00:00,False
reviews_01897,متحف تمنية الاثري,,متحف جميل ويحتوي على قطع اثرية قديمه,Abha,متحف,,,1,,1,,reviews_zenodo,,https://zenodo.org/records/16924532,static,,2026-09-13T06:19:18.696424+00:00,False
reviews_01898,متحف تمنية الاثري,,الدخول ١٠ ريال للشخص المتحف ملي بالأشياء التراثية لكن يحتاج توسيع . يوجد جلسات في الاعلى وكشك شاهي وقهوه,Abha,متحف,,,1,,1,,reviews_zenodo,,https://zenodo.org/records/16924532,static,,2026-09-13T06:19:18.696424+00:00,False
reviews_01899,متحف تمنية الاثري,,جميل و أكثر من رائع و الدخول بسعر رمزي ، و تتمع بالأشياء التراثية النادرة,Abha,متحف,0,,,,1,1,reviews_zenodo,,https://zenodo.org/records/16924532,static,,2026-09-13T06:19:18.696424+00:00,False
reviews_01900,متحف تمنية الاثري,,متحف جميل وانصح بزيارته ومشاهدة مقتنياته ويشمل البيت التراثي وشوارع القرية والمسجد (مسجد عمره اكثر من 500سنة)👍🏼👍🏼 ...,Abha,متحف,,,1,,1,1,reviews_zenodo,,https://zenodo.org/records/16924532,static,,2026-09-13T06:19:18.696424+00:00,False
reviews_01901,متحف تمنية الاثري,,متحف جميل جدا يحتوي على كل الاشياء القديمة اشكر القائمين عليه,Abha,متحف,,,,1,1,,reviews_zenodo,,https://zenodo.org/records/16924532,static,,2026-09-13T06:19:18.696424+00:00,False
reviews_01902,متحف تمنية الاثري,,جميل .. ووجبات من الاسر المنتجه في نفس المكان بكل بساااطه وجمال,Abha,متحف,,,1,,1,,reviews_zenodo,,https://zenodo.org/records/16924532,static,,2026-09-13T06:19:18.696424+00:00,False
reviews_01903,متحف تمنية الاثري,,صغير ولكن رائع، يحتوي على قطع اثريه كثيره ، يستحق الزيارة,Abha,متحف,,,,,1,1,reviews_zenodo,,https://zenodo.org/records/16924532,static,,2026-09-13T06:19:18.696424+00:00,False
reviews_01904,متحف تمنية الاثري,,جميل وينصح بزيارته للاطلاع على تراث الجنوب,Abha,متحف,,,,,1,1,reviews_zenodo,,https://zenodo.org/records/16924532,static,,2026-09-13T06:19:18.696424+00:00,False
reviews_01905,متحف تمنية الاثري,,جميل ويحتاج للأهتمام ولكن اذا ذهبت ل تمنيه يجب ان تزوره,Abha,متحف,,,,,1,1,reviews_zenodo,,https://zenodo.org/records/16924532,static,,2026-09-13T06:19:18.696424+00:00,False
reviews_01906,متحف تمنية الاثري,,يستاهل الزيارة ، متحف جديد ورائع ومكتمل ، اعجبني البيت الأثري جدا ، بارك الله في الجهود,Abha,متحف,,,,,1,1,reviews_zenodo,,https://zenodo.org/records/16924532,static,,2026-09-13T06:19:18.696424+00:00,False
reviews_01907,متحف تمنية الاثري,,يحتاج إلى تهويه أو تكييف لكنه ممتاز صراحه بكل الاحوال يعيدك إلى الماضي الجميل,Abha,متحف,,,0,,1,1,reviews_zenodo,,https://zenodo.org/records/16924532,static,,2026-09-13T06:19:18.696424+00:00,False
reviews_01908,متحف تمنية الاثري,,أجمل متحف دخلته فيه شغلات أثريه ممتعه,Abha,متحف,,,,,1,1,reviews_zenodo,,https://zenodo.org/records/16924532,static,,2026-09-13T06:19:18.696424+00:00,False
reviews_01909,متحف تمنية الاثري,,متحف يستحق الزيارة ملئ بالقطع ويستحق الدعم الدخول برسوم رمزية ١٠ ريال,Abha,متحف,0,,,,1,1,reviews_zenodo,,https://zenodo.org/records/16924532,static,,2026-09-13T06:19:18.696424+00:00,False
reviews_01910,متحف تمنية الاثري,,مرتب وفيه العديد من القطع الاثرية ورسوم الدخول الشخص ب١٠ ريال..,Abha,متحف,,,1,,1,,reviews_zenodo,,https://zenodo.org/records/16924532,static,,2026-09-13T06:19:18.696424+00:00,False
reviews_01911,متحف تمنية الاثري,,به قطع اثرية كثيرة واهتمام من إدارة المتحف وحضور,Abha,متحف,,,,1,1,,reviews_zenodo,,https://zenodo.org/records/16924532,static,,2026-09-13T06:19:18.696424+00:00,False
reviews_01912,متحف تمنية الاثري,,متحف جميل ومتعوب عليه ومقتنيات جميلة ونفيسة ...,Abha,متحف,,,1,,1,1,reviews_zenodo,,https://zenodo.org/records/16924532,static,,2026-09-13T06:19:18.696424+00:00,False
reviews_01913,متحف تمنية الاثري,,المتحف جدا جميل ورائع،، توجد فيه أشياء كثيرة أثرية منها الكتب المدرسية قديما وحيوانات محنطة مثل الثعبان وغيره، وأيضا يوجد غرف نوم ومجالس المنازل قديما داخل غرف في المتحف يوجد أيضا في الخارج سيارات قديمة جدا وأيضا عملات قديمة من ...,Abha,متحف,,,1,,1,,reviews_zenodo,,https://zenodo.org/records/16924532,static,,2026-09-13T06:19:18.696424+00:00,False
reviews_01914,متحف تمنية الاثري,,على حبي للمتاحف والتراث المحلي والعالمي ، والله ماهي مجاملة لكن اجمل متحف مريت عليه في داخل وخارج السعودية، توقعت بجلس فيه ١٠ دقائق لكن جلست حول الساعة.,Abha,متحف,,,,,1,1,reviews_zenodo,,https://zenodo.org/records/16924532,static,,2026-09-13T06:19:18.696424+00:00,False
reviews_01915,متحف تمنية الاثري,,حلو يستحق الزيارة يوجد سيارات من الطراز القديم وداخل مبنى التراث متحف يحتوي كل شىء قديم وتراث من الزمن الجميل والدخول ب١٠ريال لشخص الواحد الموقع تمنيه الطريق شويه صعب,Abha,متحف,,,,,1,1,reviews_zenodo,,https://zenodo.org/records/16924532,static,,2026-09-13T06:19:18.696424+00:00,False
reviews_01916,متحف تمنية الاثري,,روعة روعة روعة متحف متكامل عبارة عن بيت من 4 ادوار يحكي بيت اهل الجنوب الغرف والاثاث وقطع اثرية كثيرة بالاضافة الى السيارات يستحق الزيارة الدخول 10 ريال لكل شخص ويستاهل 👍🏻 ...,Abha,متحف,1,,,,1,1,reviews_zenodo,,https://zenodo.org/records/16924532,static,,2026-09-13T06:19:18.696424+00:00,False
reviews_01917,متحف تمنية الاثري,,المكان جميل استمتعنا فيه .. البيت بارد و ريحته جميله جدا .. اعجب العائله .. انصح بزيارته 💕 ...,Abha,متحف,,,,,1,1,reviews_zenodo,,https://zenodo.org/records/16924532,static,,2026-09-13T06:19:18.696424+00:00,False
reviews_01918,متحف تمنية الاثري,,متحف جميل عبارة عن بيت شعبي قديم يحتوي على العديد من الأشياء القديمة رسوم الدخول 10 ريال للشخص,Abha,متحف,,,,,1,1,reviews_zenodo,,https://zenodo.org/records/16924532,static,,2026-09-13T06:19:18.696424+00:00,False
reviews_01919,متحف تمنية الاثري,,متحف جميل وتحف نادرة وجميله وهناك مقهى في اعلى المتحف الدخول للكبار بعشرة ريالات الاطفال مجانا ...,Abha,متحف,,,1,,1,,reviews_zenodo,,https://zenodo.org/records/16924532,static,,2026-09-13T06:19:18.696424+00:00,False
reviews_01920,متحف تمنية الاثري,,متحف تمنيه التراثي او الاثري او اللي تحبه تقولوا له تجربه مميزه وفريدة ومكاان جدا جميل ...,Abha,متحف,,,,,1,1,reviews_zenodo,,https://zenodo.org/records/16924532,static,,2026-09-13T06:19:18.696424+00:00,False
reviews_01921,متحف تمنية الاثري,,المكان جميل ورائع جميع التفاصيل فيه تستحق الزيارة عائلي افضل وقت العصر يفضل البقاء فيه ١٠ دقائق والخروج منه تذكرة الدخول ١٠ ريال ❤️💯 ...,Abha,متحف,,,,,1,1,reviews_zenodo,,https://zenodo.org/records/16924532,static,,2026-09-13T06:19:18.696424+00:00,False
reviews_01922,متحف تمنية الاثري,,ممتاز وأشياء تراثية من عهد ملوك الدولة الأموية والسعودية والعثمانية وتعليم قديم والحياة القديمة بجميع تفاصيلها استمتعنا بوجودنا فيه سعر تذكرة الدخول 10 ريال فقط ولا يود رسوم اخرى الصور تتحدث... بارك الله فيكم,Abha,متحف,,,,,1,1,reviews_zenodo,,https://zenodo.org/records/16924532,static,,2026-09-13T06:19:18.696424+00:00,False
reviews_01923,متحف تمنية الاثري,,مكان جميل جدا مرتب فيه رسوم دخول 10 ريال للشخص فوق 7 سنوات المتحف مكون من اربعة ادوار تقريبا زيارة جميله,Abha,متحف,,,,,1,1,reviews_zenodo,,https://zenodo.org/records/16924532,static,,2026-09-13T06:19:18.696424+00:00,False
reviews_01924,متحف تمنية الاثري,,رهيب يستحق الزيارة فيه أشياء نادرة,Abha,متحف,,,,,1,1,reviews_zenodo,,https://zenodo.org/records/16924532,static,,2026-09-13T06:19:18.696424+00:00,False
reviews_01925,متحف تمنية الاثري,,متحف جميل قضينا فيه اجمل اللحظات لإستعادت الماضي المجيد يتكون المتحف من اربع صالات مقسمة على عدة ادوار كل شئ من الماضي رأيته,Abha,متحف,,,,,1,1,reviews_zenodo,,https://zenodo.org/records/16924532,static,,2026-09-13T06:19:18.696424+00:00,False
reviews_01926,متحف تمنية الاثري,,الدخول ب ١٠ ل الشخص كان حلو مرره ونظيف المكان وراايق والله ياسلام عليهم كلل شي حق زمان موجود,Abha,متحف,,1,,,1,1,reviews_zenodo,,https://zenodo.org/records/16924532,static,,2026-09-13T06:19:18.696424+00:00,False
reviews_01927,متحف تمنية الاثري,,متحف جميل ورائع لبيت محفوظ عمره يتجاوز المئة سنة. يوجد العديد التحف والمنسوجات الأثرية. تم حفظ أثاث وتجهيز البيت منذ عشرات السنين. قيمة الدخول عشر ريالات,Abha,متحف,,,,,1,1,reviews_zenodo,,https://zenodo.org/records/16924532,static,,2026-09-13T06:19:18.696424+00:00,False
reviews_01928,متحف تمنية الاثري,,متحف جدا راااائع رجووووع للماضي بكل تفااصيله يوجد كوبون دخول لمن اعمارهم فوق ١٠ سنوات بدفع ١٠ ريالات متعه في النظر جمال الاشياء القديمه وروعتها ايلي يعشق المااضي يزوووره❤,Abha,متحف,,,,,1,1,reviews_zenodo,,https://zenodo.org/records/16924532,static,,2026-09-13T06:19:18.696424+00:00,False
reviews_01929,متحف تمنية الاثري,,مكان رائع ويستحق الزيارة وبه كوفي شوب جميل بإطلالة خارجية ،، يستحق الزيارة,Abha,متحف,,,1,,1,1,reviews_zenodo,,https://zenodo.org/records/16924532,static,,2026-09-13T06:19:18.696424+00:00,False
reviews_01930,متحف تمنية الاثري,,جميل وممتع للصغار والكبار . الدخول للكبار 10ريال ومجاني للاطفال والقرية جميلة بشكل عام وبالقرب من ها مزارع الفراولة على مد البصر,Abha,متحف,,,,,1,1,reviews_zenodo,,https://zenodo.org/records/16924532,static,,2026-09-13T06:19:18.696424+00:00,False
reviews_01931,متحف تمنية الاثري,,متحف صاحبه قائم عليه شخصيا ، جميل جدا ومرتب ويحكي حقب زمنيه مختلفة من مملكتنا الحبيبة ، صادفت زيارته اليوم الوطني وكان الدخول مجاني. الله يوفق صاحبه ويبارك فيه، يستحق الزيارة 💐 ...,Abha,متحف,,,,,1,1,reviews_zenodo,,https://zenodo.org/records/16924532,static,,2026-09-13T06:19:18.696424+00:00,False
reviews_01932,متحف تمنية الاثري,,مكان رائع يستحق الزيارة. والاجمل تمنية بكل ما تحمله الكلمة من معنى. ...,Abha,متحف,,,,,1,1,reviews_zenodo,,https://zenodo.org/records/16924532,static,,2026-09-13T06:19:18.696424+00:00,False
reviews_01933,متحف تمنية الاثري,,متحف جداااا رائع مافيه اي مبالغه يخليك تشوف شكل البيت كما كان بالماضي مرتب ويوضح الادوات بكروت مكتوب فيها تعريف عنها وسعر الدخول 10 ريال,Abha,متحف,,,,,1,1,reviews_zenodo,,https://zenodo.org/records/16924532,static,,2026-09-13T06:19:18.696424+00:00,False
reviews_01934,متحف تمنية الاثري,,متحف جميل جدا و يستحق الزيارة ذكرياتك ستتحرك كموج بحر في المكان و في قلبك و عقلك ...,Abha,متحف,,,,,1,1,reviews_zenodo,,https://zenodo.org/records/16924532,static,,2026-09-13T06:19:18.696424+00:00,False
reviews_01935,متحف تمنية الاثري,,من أفضل المتاحف التي زرتها في منطقة عسير .. غني بالقطع الأثرية .. وتذاكر الدخول معقولة .. مقارنة بغيرها من المتاحف .,Abha,متحف,0,,,,1,1,reviews_zenodo,,https://zenodo.org/records/16924532,static,,2026-09-13T06:19:18.696424+00:00,False
reviews_01936,متحف تمنية الاثري,,جدا جميل وأنصح بزيارته.. الدخول ب10 ريال للكبار والاطفال مجانا,Abha,متحف,,,,,1,1,reviews_zenodo,,https://zenodo.org/records/16924532,static,,2026-09-13T06:19:18.696424+00:00,False
reviews_01937,متحف تمنية الاثري,,من اجمل المتاحف بمنطقه ابها رسوم الدخول ١٠ يوجد فيها عشره آلاف قطعه اثريه بصراحه اكثر من رائع أنصح بزيارته,Abha,متحف,,,,,1,1,reviews_zenodo,,https://zenodo.org/records/16924532,static,,2026-09-13T06:19:18.696424+00:00,False
reviews_01938,متحف تمنية الاثري,,مكان جميل ورائع يوجد فيه جميع ما يخص اهل تمنيه وتشعر انك معهم قديما وترتيب مميز وفخم,Abha,متحف,,,,,1,1,reviews_zenodo,,https://zenodo.org/records/16924532,static,,2026-09-13T06:19:18.696424+00:00,False
reviews_01939,متحف تمنية الاثري,,متحف من التراث العريق يستحق الزيارة، وكل غرفة بداخله تحكي عن ماض جميل مليء بالحنين والشوق لأهله.,Abha,متحف,,,,,1,1,reviews_zenodo,,https://zenodo.org/records/16924532,static,,2026-09-13T06:19:18.696424+00:00,False
reviews_01940,متحف تمنية الاثري,,متحف جدا جميل وخاصة لو عندك احد من الوالدين جدا ينبسطون يتذكرون الماضي الجميل وايضا نحن نتذكر ايامنا الحلوه والمتحف سعر الدخول ب١٠ ريال والاطفال الصغار مجان,Abha,متحف,,,,,1,1,reviews_zenodo,,https://zenodo.org/records/16924532,static,,2026-09-13T06:19:18.696424+00:00,False
reviews_01941,متحف تمنية الاثري,,جميل يستحق الزياره الدخول ب١٠ ريال لشخص الاطفال مجانا بيت قديم تم ترتب الاشياء فيه بشكل جميل ومرتب,Abha,متحف,,,,,1,1,reviews_zenodo,,https://zenodo.org/records/16924532,static,,2026-09-13T06:19:18.696424+00:00,False
reviews_01942,متحف تمنية الاثري,,روعة روعة وأشكر من قام عليه ورتبه وجمع أدواته. يستحق الزيارة,Abha,متحف,,,,,1,1,reviews_zenodo,,https://zenodo.org/records/16924532,static,,2026-09-13T06:19:18.696424+00:00,False
reviews_01943,متحف تمنية الاثري,,يستحق الزيارة بجدارة يفتح ٩ ص الى ١٢ م ومن ٤ م الى ٩ م (زيارته تستغرق ساعة إلى ساعة ونصف إذا بتتأمل في كل التفاصيل) يوجد خارجة ٨ سيارات قديمة فورد بهبهاني ٦٦ و داتسون غمارتين بالسبعينات و بيجو بوكس ٧٧ و انبالا ٦٢ و تويوتا ستاوت ونيت غمارتين ٧٦ و كابريس ٧٦ و فورد باص خشب وغيرهم.,Abha,متحف,,,,,1,1,reviews_zenodo,,https://zenodo.org/records/16924532,static,,2026-09-13T06:19:18.696424+00:00,False
reviews_01944,متحف تمنية الاثري,,تجربة جميلة صراحه أنصح محبين التراث لها والدخول كان ب ١٠ ريال للشخص.,Abha,متحف,,,,,1,1,reviews_zenodo,,https://zenodo.org/records/16924532,static,,2026-09-13T06:19:18.696424+00:00,False
reviews_01945,متحف تمنية الاثري,,للقائمين على هذا المتحف كلمات الشكر لا تفيكم حقكم سعدت بزيارته هذا المساء كل من في هذا المتحف من أهله سواء كان كبير أو صغير شكرا لكم,Abha,متحف,,,,1,1,1,reviews_zenodo,,https://zenodo.org/records/16924532,static,,2026-09-13T06:19:18.696424+00:00,False
reviews_01946,متحف تمنية الاثري,,متحف رائع جدا يحوي مقتنيات مميزة والبيت الأثرية جميل جدا,Abha,متحف,,,,,1,1,reviews_zenodo,,https://zenodo.org/records/16924532,static,,2026-09-13T06:19:18.696424+00:00,False
reviews_01947,متحف تمنية الاثري,,متحف رائع جدا ماشاءالله تبارك الله رسوم الدخول ١٠ ريال للفرد أنصح بزيارته,Abha,متحف,,,,,1,1,reviews_zenodo,,https://zenodo.org/records/16924532,static,,2026-09-13T06:19:18.696424+00:00,False
reviews_01948,متحف تمنية الاثري,,المنطقة حلوه مرره و المتحف فيه معلومات كثيرة عملات و أدوات و حرف .....,Abha,متحف,,,,,1,1,reviews_zenodo,,https://zenodo.org/records/16924532,static,,2026-09-13T06:19:18.696424+00:00,False
reviews_01949,متحف تمنية الاثري,,من أفضل المتاحف التي رحتها وفيله أشياء جدا قديمه وأثريه وكثيره,Abha,متحف,,,,,1,1,reviews_zenodo,,https://zenodo.org/records/16924532,static,,2026-09-13T06:19:18.696424+00:00,False
reviews_01950,متحف تمنية الاثري,,رغم صغره الا انه جميل ويستحق الزيارة الدخول ب١٠ ريال والصغير مجانا يوجد أشياء تراثيه وكذالك ٣ جلسات في السطح وبعض الوجبات الخفيفة اللذيذه,Abha,متحف,,,1,,1,1,reviews_zenodo,,https://zenodo.org/records/16924532,static,,2026-09-13T06:19:18.696424+00:00,False
reviews_01951,متحف تمنية الاثري,,متحف جميل جدا ويزيده جمال القطع الاثرية النادرة والقديمة ترتيبه مميز شكرا لصاحبه,Abha,متحف,,,,1,1,1,reviews_zenodo,,https://zenodo.org/records/16924532,static,,2026-09-13T06:19:18.696424+00:00,False
reviews_01952,متحف تمنية الاثري,,مكان راااااائع افضل متحف في المنطقة الجنوبية انصحك لا تتعبك نفسك في متاحف أخرى,Abha,متحف,,,,,1,1,reviews_zenodo,,https://zenodo.org/records/16924532,static,,2026-09-13T06:19:18.696424+00:00,False
reviews_01953,متحف تمنية الاثري,,مكان جميل ورائع ويحتفظ بالتراث الجنوبي اشكر القائمين على هذا المتحف الجميل,Abha,متحف,,,,,1,1,reviews_zenodo,,https://zenodo.org/records/16924532,static,,2026-09-13T06:19:18.696424+00:00,False
reviews_01954,متحف تمنية الاثري,,مكان رائع يزخر بعبق التاريخ والاصالة انصح بزيارته وبشدة لما يحتويه من مقتنيات تعود لحقبة من الزمن عاشها آبائنا واجدادنا.,Abha,متحف,,,,,1,1,reviews_zenodo,,https://zenodo.org/records/16924532,static,,2026-09-13T06:19:18.696424+00:00,False
reviews_01955,متحف تمنية الاثري,,جميل ورايع انصح الجميع بزيارته معلومات واثريات اكثر من10.000قطعه اثريه 4طوابق المرشد فيه معلوماته مفيده شكرا,Abha,متحف,,,1,,1,1,reviews_zenodo,,https://zenodo.org/records/16924532,static,,2026-09-13T06:19:18.696424+00:00,False
reviews_01956,متحف تمنية الاثري,,متحف جميل وتراثي استفدت منه الكثير,Abha,متحف,,,,,1,1,reviews_zenodo,,https://zenodo.org/records/16924532,static,,2026-09-13T06:19:18.696424+00:00,False
reviews_01957,متحف تمنية الاثري,,جدا مميز أوصي بزيارته للتراث الشعبي,Abha,متحف,,,,,1,1,reviews_zenodo,,https://zenodo.org/records/16924532,static,,2026-09-13T06:19:18.696424+00:00,False
reviews_01958,متحف تمنية الاثري,,المتحف جميل وبسيط ، عباره عن بيت قديم صار متحف فكره انك تروح متحف اساسا هو بيت قديم تجربه تراثيه ثقافيه متكامله ، بالرغم من حجم المكان صغير الا انه جدا جميل,Abha,متحف,,,,,1,1,reviews_zenodo,,https://zenodo.org/records/16924532,static,,2026-09-13T06:19:18.696424+00:00,False
reviews_01959,متحف تمنية الاثري,,رائع جدا والمنطقة المحيطه به تعبر عن عبق الماضي الجميل,Abha,متحف,,,,,1,1,reviews_zenodo,,https://zenodo.org/records/16924532,static,,2026-09-13T06:19:18.696424+00:00,False
reviews_01960,متحف تمنية الاثري,,متحف رائع جدا. من افضل المتاحف اللي زرتها بالمنطقة و هي عبارة عن بيت قديم على التراث العسيري باقي على حالته الطبيعية و كما لو كان احد يسكنه و لذلك تجربة زيارته كما لو انك تعود بالزمن للوراء😍. انصح جدا بزيارته عند زيارة ابها👍🏻 ...,Abha,متحف,,,,,1,1,reviews_zenodo,,https://zenodo.org/records/16924532,static,,2026-09-13T06:19:18.696424+00:00,False
reviews_01961,متحف تمنية الاثري,,متحف جميل جدا رغم صغره الا ان مكانه جميل وسهل الوصول اليه ويحتوي تحف نادرة مثل كسوة الكعبة من العهد القديم وكثير من القطع النقدية النادره ومسجد عمره 100 عام يوجد في سطح المتحف كوفي جميل جدا ومطل تعامل راقي من الجميع انصح بزيارته,Abha,متحف,,,,,1,1,reviews_zenodo,,https://zenodo.org/records/16924532,static,,2026-09-13T06:19:18.696424+00:00,False
reviews_01962,متحف تمنية الاثري,,متحف جميل وتجربة مميزة ويستحق الزيارة,Abha,متحف,,,,,1,1,reviews_zenodo,,https://zenodo.org/records/16924532,static,,2026-09-13T06:19:18.696424+00:00,False
reviews_01963,متحف تمنية الاثري,,تمنيه جميله جدا بها متحف اثري وغابات مطله على عقبه,Abha,متحف,,,,,1,1,reviews_zenodo,,https://zenodo.org/records/16924532,static,,2026-09-13T06:19:18.696424+00:00,False
reviews_01964,متحف تمنية الاثري,,مررا مراااا حلوووو اشياااء كثيييير قدييييمه يجنن ذكريااات حلووه وتتعرف ع اششيااااء بحيااتك ماشفتهااا ،، البيت كله من التراث القديم حلوو,Abha,متحف,,,,,1,1,reviews_zenodo,,https://zenodo.org/records/16924532,static,,2026-09-13T06:19:18.696424+00:00,False
reviews_01965,متحف تمنية الاثري,,متحف جميل جدا ويحاكي الماضي بجميع تفاصيلة ويعتبر بيت قديم واثري عمره فوق ٤٠٠ سنه,Abha,متحف,,,,,1,1,reviews_zenodo,,https://zenodo.org/records/16924532,static,,2026-09-13T06:19:18.696424+00:00,False
reviews_01966,متحف تمنية الاثري,,اول مرة أزور متحف تمنية بصراحة من أجمل المعروضات والاثريات للمنطقة عبارة عن ٤ أدوار يحكي عن المنطقة بكل التفاصيل,Abha,متحف,,,,,1,1,reviews_zenodo,,https://zenodo.org/records/16924532,static,,2026-09-13T06:19:18.696424+00:00,False
reviews_01967,متحف تمنية الاثري,,متحف جميل اشكر القائمين عليه ونتمنى التوسع في المتحف والاماكن الي حوله وتكون المنطقه اكبر,Abha,متحف,,,,,1,1,reviews_zenodo,,https://zenodo.org/records/16924532,static,,2026-09-13T06:19:18.696424+00:00,False
reviews_01968,متحف تمنية الاثري,,الله يعافيهم القائمين عليه فعلا عمل جبار وجميل لابراز التراث القديم بجميع اتواعه من الات والمعدات والمنزل القديم ...,Abha,متحف,,,,,1,1,reviews_zenodo,,https://zenodo.org/records/16924532,static,,2026-09-13T06:19:18.696424+00:00,False
reviews_01969,متحف تمنية الاثري,,من افضل المتاحف في الجنوب سعر التذكره 10 ريال على الكبار,Abha,متحف,,,,,1,1,reviews_zenodo,,https://zenodo.org/records/16924532,static,,2026-09-13T06:19:18.696424+00:00,False
reviews_01970,متحف تمنية الاثري,,متحف رائع يجمع مقتنيات الماضي بالاضافة الى عرض للبيت العسيري .. من اكبر مزاياه انه موجود داخل بيت عسيري ومحاط ببيوت عسيرية,Abha,متحف,,,,,1,1,reviews_zenodo,,https://zenodo.org/records/16924532,static,,2026-09-13T06:19:18.696424+00:00,False
reviews_01971,متحف تمنية الاثري,,ممتاز يحتاج دعم لتطوير المساحات المجاوره له,Abha,متحف,,,0,,1,,reviews_zenodo,,https://zenodo.org/records/16924532,static,,2026-09-13T06:19:18.696424+00:00,False
reviews_01972,متحف تمنية الاثري,,من اجمل المتاحف الاثرية وبقايا القرية وازقتها جميلة جدا,Abha,متحف,,,,,1,1,reviews_zenodo,,https://zenodo.org/records/16924532,static,,2026-09-13T06:19:18.696424+00:00,False
reviews_01973,متحف تمنية الاثري,,‏مكان جميل جدا تراثي يستحق الزيارة,Abha,متحف,,,,,1,1,reviews_zenodo,,https://zenodo.org/records/16924532,static,,2026-09-13T06:19:18.696424+00:00,False
reviews_01974,متحف تمنية الاثري,,مكان مرتب وفيه كثير تحف جميله,Abha,متحف,,,,,1,1,reviews_zenodo,,https://zenodo.org/records/16924532,static,,2026-09-13T06:19:18.696424+00:00,False
reviews_01975,متحف تمنية الاثري,,ماشالله تبارك الله المكان جميل جدا تراث وماضي عريق يذكرنا هذا المتحف التراثي باهلنا قديم وكيف كتنو عايشين البساطه والهدوء والرضا سبحان الله تبدل الزمان والمكان والبشر تغيرت بس ضلوا محافظين على الاثار القديمه والمتحف العظيم وضعت لكم صور,Abha,متحف,,,,,1,1,reviews_zenodo,,https://zenodo.org/records/16924532,static,,2026-09-13T06:19:18.696424+00:00,False
reviews_01976,متحف تمنية الاثري,,مميز جدا وانصح بزيارته,Abha,متحف,,,,,1,1,reviews_zenodo,,https://zenodo.org/records/16924532,static,,2026-09-13T06:19:18.696424+00:00,False
reviews_01977,متحف تمنية الاثري,,متحف جميل ورائع يحاكي الماضي الجميل يعطيهم العافيه القائمين على المتحف وانصح الجميع بزيارته حيث يتكون من عدة ادوار والمبنى له مايقارب 250سنه,Abha,متحف,,,,1,1,1,reviews_zenodo,,https://zenodo.org/records/16924532,static,,2026-09-13T06:19:18.696424+00:00,False
reviews_01978,متحف تمنية الاثري,,يحتوي على اثريات قديمة كثيرة بصراحة اسعدتني زيارتة,Abha,متحف,,,,,1,1,reviews_zenodo,,https://zenodo.org/records/16924532,static,,2026-09-13T06:19:18.696424+00:00,False
reviews_01979,متحف تمنية الاثري,,متحف متعوووب عليه ويوجد فيه مقتنيات نااادرة وفريدة والمكان جميل ويستحق الزيارة... وكل الشكر والتقدير للاخ عبدالهادي الشهراني على جهوده الكبيرة لجمع هذا الكم الكبير والنادر... والشكر للاخوات الكريمات على كرم الضيافة وحسن التعامل في الجلسات المطلة والجميلة,Abha,متحف,,,,1,1,1,reviews_zenodo,,https://zenodo.org/records/16924532,static,,2026-09-13T06:19:18.696424+00:00,False
reviews_01980,متحف تمنية الاثري,,متحف في وسط تنميه عباره عن منزل قديم جدا من الطين و تم ترميمه مع الاحتفاظ بالاثاث داخله وجميع غرف النوم يستاهل الزياره دخول ب ١٠ ريال والوقت مفتوح القائمون على المتحف بدؤوا يجمعون الاثار والتحف بداخله منذ عام 1411 ...,Abha,متحف,,,,,1,1,reviews_zenodo,,https://zenodo.org/records/16924532,static,,2026-09-13T06:19:18.696424+00:00,False
reviews_01981,متحف تمنية الاثري,,متحف ممتاز ويستحق الزيارة ويعكس طريقة عيش أجدادنا رحمهم الله .. أشكر القائمين على هذا المتحف,Abha,متحف,,,,1,1,1,reviews_zenodo,,https://zenodo.org/records/16924532,static,,2026-09-13T06:19:18.696424+00:00,False
reviews_01982,متحف تمنية الاثري,,اظنه احد اكثر متاحف المنطقة تنوعا وتميزا ستستطيع مشاهدة اسلوب عيش الأسرة العسيرية بكل التفاصيل الغرف و التجهيزات المعيشية الإضاءة بالغاز و الطبخ بالحطب وادوات الطبخ التراثية ...,Abha,متحف,,,,,1,1,reviews_zenodo,,https://zenodo.org/records/16924532,static,,2026-09-13T06:19:18.696424+00:00,False
reviews_01983,متحف تمنية الاثري,,المتحف عبارة عن منزل وداخله اثريات ممتع جدا وفيه مرشدين. وقتنا كان ومثري والمرشد الصغير امتعنا جدا. يوجد بقاله وشاهي وقهوه.,Abha,متحف,,,1,1,1,1,reviews_zenodo,,https://zenodo.org/records/16924532,static,,2026-09-13T06:19:18.696424+00:00,False
reviews_01984,متحف تمنية الاثري,,متحف يستحق الزيارة ويستاهل قيمة التذكرة ١٠ ريال,Abha,متحف,1,,,,1,1,reviews_zenodo,,https://zenodo.org/records/16924532,static,,2026-09-13T06:19:18.696424+00:00,False
reviews_01985,متحف تمنية الاثري,,المتحف رائع جدا يستحق الزيارة تذاكر الدخول بسعر رمزي ، المتحف متنوع ادوات اثريه و غرف ومجالس ويوجد مخبز أعلى المتحف خبز التنور واطلاله جدا رائعه أنصح بزيارته ممتع .,Abha,متحف,0,,1,,1,1,reviews_zenodo,,https://zenodo.org/records/16924532,static,,2026-09-13T06:19:18.696424+00:00,False
reviews_01986,متحف تمنية الاثري,,مكان رائع شكرا للقائمين والعاملين على هذا المشروع التراثي تراث الآباء والاجداد.,Abha,متحف,,,,1,1,,reviews_zenodo,,https://zenodo.org/records/16924532,static,,2026-09-13T06:19:18.696424+00:00,False
reviews_01987,حديقة الحيوانات,,احد خيارات التنزهة بمدينة الرياض حديقة الحيوانات جيت متأخر ودخلت قبل اذا المغرب بشوي ما امداني اخذ جولة كامله لكن بشكل عام ونظره سريعه المكان جيد وفيه انواع كثير من الحيوانات صورت بعضها ويوجود لوحات ارشادية ...,Riyadh,حديقة,,,,,0,0,reviews_zenodo,,https://zenodo.org/records/16924532,static,,2026-09-13T06:19:18.696424+00:00,False
reviews_01988,حديقة الحيوانات,,حديقة جميلة للاطفال وسعر دخول ممتاز واكشاك بسيطه لشراء الاكل والمواد الغذائية داخل الحديقة.. لكن تحتاج للنظر في ممرات المشاه للعربيات وذوي الاحتياجات الخاصه لانها صعبه جدا لهم ف كثير اماكن .. كثير من الاقفاص بدون لوحه دليل او شرح للحيوان ...,Riyadh,حديقة,0,,0,,1,0,reviews_zenodo,,https://zenodo.org/records/16924532,static,,2026-09-13T06:19:18.696424+00:00,False
reviews_01989,حديقة الحيوانات,,ممتاز جدا عندي بس بعض الملاحظات والاقتراحات ١_في كثير أماكن جنب الحيونات تحتاج ظل ٢_ الحمامات تحتاج تحسين ...,Riyadh,حديقة,,,0,,1,,reviews_zenodo,,https://zenodo.org/records/16924532,static,,2026-09-13T06:19:18.696424+00:00,False
reviews_01990,حديقة الحيوانات,,حديقة منظمة وبها عديد كبير من الحيوانات الخدمات مكتملة وتنظيم عالي ونظافة في المكان ...,Riyadh,حديقة,,1,1,,1,,reviews_zenodo,,https://zenodo.org/records/16924532,static,,2026-09-13T06:19:18.696424+00:00,False
reviews_01991,حديقة الحيوانات,,حديقة الحيوان بالملز بالرياض رحلة ترفيهيه ممتعه للأسرة والأطفال ويمكن أن تقضي وقت فيها في حدود ٢ ساعة او اكثر من ذلك المكان نظيف ومنظم ويوجد لوحات إرشادية للتوجيه باماكن الحيوانات ويوجد عدد لا بأس ...,Riyadh,حديقة,,1,1,,1,,reviews_zenodo,,https://zenodo.org/records/16924532,static,,2026-09-13T06:19:18.696424+00:00,False
reviews_01992,حديقة الحيوانات,,جميلة و ممتعة و كبيرة ماشاء الله وتعامل الموظفين أكثر من رائع,Riyadh,حديقة,,,,1,1,,reviews_zenodo,,https://zenodo.org/records/16924532,static,,2026-09-13T06:19:18.696424+00:00,False
reviews_01993,حديقة الحيوانات,,حديقة جميلة .. بديعة .. متنوعة .. نظيفة .. ممرات سلسة .. تشجير لكامل الحديقة .. حتى على سقف مكان الفرجة على الحيوانات .. ...,Riyadh,حديقة,,1,,,1,1,reviews_zenodo,,https://zenodo.org/records/16924532,static,,2026-09-13T06:19:18.696424+00:00,False
reviews_01994,حديقة الحيوانات,,احد الخيارات الجيدة للحدائق العائلية في الرياض جميلة و جلساتها جميلة موفرين خدمات كثيرة (دورات مياه - مظلات-جلسات -مطعم - بقالات- مقهى- ألعاب) ...,Riyadh,حديقة,,,1,,1,,reviews_zenodo,,https://zenodo.org/records/16924532,static,,2026-09-13T06:19:18.696424+00:00,False
reviews_01995,حديقة الحيوانات,,جيتها قبل ثلاث سنين كانت ميته، مستحيل اسميها حديقة حيوانات من كثر الاهمال فيها، وجيتها اليوم وانصدمت من التحسينات والاصلاحات صراحه روووعه ترتيب تنظيف مهيئه جدا، للقرد والفيل ملهيات ماكانت كذا، وقسم النمور روعه مهيئ لهم الحياه كانهم ببيئتهم ...,Riyadh,حديقة,,1,,,1,1,reviews_zenodo,,https://zenodo.org/records/16924532,static,,2026-09-13T06:19:18.696424+00:00,False
reviews_01996,حديقة الحيوانات,,حديقة الحيوانات مدينة الرياض حي الملز تتميز حديقة الحيوانات بالمساحة الكبيرة المميزة من ناحية النظافة والاهتمام والترتيب ووجود موظفين للمساعدة أيضا تتميز بالجو الجميل المميز فيها ليس فقط لزيارة الحيوانات ولكن في الأغلب المناظر جميلة أيضا ...,Riyadh,حديقة,,1,,1,1,,reviews_zenodo,,https://zenodo.org/records/16924532,static,,2026-09-13T06:19:18.696424+00:00,False
reviews_01997,حديقة الحيوانات,,حلووه جدا للأطفال ، حبيت النظام عندهم ومحافظتهم على الحيوانات وأكلها ووقت نومها الحديقه نظيفه ، واسسعه ، مناظر طبيعيه حلوه ...,Riyadh,حديقة,,1,,,1,,reviews_zenodo,,https://zenodo.org/records/16924532,static,,2026-09-13T06:19:18.696424+00:00,False
reviews_01998,حديقة الحيوانات,,تجربة رائعه وممتعه جدااا فيها كميه كبيرة من الحيوانات النادرة ويوجد كافيهات ومصلى وجلسات رائعه,Riyadh,حديقة,,,1,,1,1,reviews_zenodo,,https://zenodo.org/records/16924532,static,,2026-09-13T06:19:18.696424+00:00,False
reviews_01999,حديقة الحيوانات,,نظيفه وجميلة ومكان ممتع للعائلة الاهتمام واضح والتطوير مستمر 👏🏻 فيها مطاعم وميني ماركت ومسطحات خضراء للجلوس ...,Riyadh,حديقة,,1,1,,1,1,reviews_zenodo,,https://zenodo.org/records/16924532,static,,2026-09-13T06:19:18.696424+00:00,False
reviews_02000,حديقة الحيوانات,,حديقة جميلة جدا وتنوع كبير في الحيوانات بكل أنواعها من القوارض وحتى الحيوانات الكبيرة والمفترسة، والتذاكر أسعارها مقبولة بنظري، كنت زائر من مدينة جدة وكان يوم جميل للأطفال خصوصا لعدم توفر حدائق حيوان في مدينة جدة.. تتوفر أكشاك كثيرة لبيع ...,Riyadh,حديقة,0,,,,1,,reviews_zenodo,,https://zenodo.org/records/16924532,static,,2026-09-13T06:19:18.696424+00:00,False
reviews_02001,حديقة الحيوانات,,مكان جدا جميل و نظيف و يستحق الزياره 👍🏽😍 ، بس في الصيف ما تنفع 🔥 .,Riyadh,حديقة,,,,,1,1,reviews_zenodo,,https://zenodo.org/records/16924532,static,,2026-09-13T06:19:18.696424+00:00,False
reviews_02002,حديقة الحيوانات,,مكان جميل ومرتب وواضح فيه الاهتمام والنظافة حلوه كتغيير جو للاطفال تفتح الصبح وتقفل المغرب 🍃,Riyadh,حديقة,,1,,,1,,reviews_zenodo,,https://zenodo.org/records/16924532,static,,2026-09-13T06:19:18.696424+00:00,False
reviews_02003,حديقة الحيوانات,,حديقة جميلة ومنظمة تنظيم جيد وكبيرة ويوجد فيها حيوانات كثيرة,Riyadh,حديقة,,,,,1,1,reviews_zenodo,,https://zenodo.org/records/16924532,static,,2026-09-13T06:19:18.696424+00:00,False
reviews_02004,حديقة الحيوانات,,تجربة رائعه وجميله نظافة متناهية ومرتب اماكن الحيوانات تغيرت كثير عن قبل والاسعار الدخول والقطار ممتازة حتا تروك البقاله رخيص وفيه سينما zoo. ب١٦ مادخلتها كانت مسكره وايضا فيه مطعم وفيه تركات كثير ...,Riyadh,حديقة,1,1,,,1,1,reviews_zenodo,,https://zenodo.org/records/16924532,static,,2026-09-13T06:19:18.696424+00:00,False
reviews_02005,حديقة الحيوانات,,مكان جميل و انصح بزيارته رسوم الدخول ...,Riyadh,حديقة,,,,,1,1,reviews_zenodo,,https://zenodo.org/records/16924532,static,,2026-09-13T06:19:18.696424+00:00,False
reviews_02006,حديقة الحيوانات,,الحديقة واااااسعه تغيرت علي من اخر زيارة لها * مهتمين بالنظافه جدا ...,Riyadh,حديقة,,1,,,1,,reviews_zenodo,,https://zenodo.org/records/16924532,static,,2026-09-13T06:19:18.696424+00:00,False
reviews_02007,حديقة الحيوانات,,الحديقة مره جميلة ونظيفة وتستاهل الزيارة اكثر من مرة مرتبة التنظيم جدا جميل الله يعطيهم العافية.. الكشكات حقت البيع متوفره باكثر من مكان وكل شي موجود تقريبا..,Riyadh,حديقة,,1,1,,1,1,reviews_zenodo,,https://zenodo.org/records/16924532,static,,2026-09-13T06:19:18.696424+00:00,False
reviews_02008,حديقة الحيوانات,,حديقة الحيوانات في الرياض من أجمل الفعاليات التي يجب زيارتها .....تنظيم ونظافة وأناقة وترتيب شيء مميز بالفعل وإن كنت أفضل أن أزورها في الشتاء وذلك بسبب الحرارة ...شكرا لكل القائمين على الحديقة بصماتكم واضحة في كل مكان ...💐💐💐,Riyadh,حديقة,,1,,1,1,1,reviews_zenodo,,https://zenodo.org/records/16924532,static,,2026-09-13T06:19:18.696424+00:00,False
reviews_02009,حديقة الحيوانات,,مكان رائع جدا ومرتب وفخم شكرا لهم على هذا المجهود الجبار الله يوفقهم تنظيم ونظافه وترتيب والسعر رمزي جدا,Riyadh,حديقة,1,,,1,1,,reviews_zenodo,,https://zenodo.org/records/16924532,static,,2026-09-13T06:19:18.696424+00:00,False
reviews_02010,حديقة الحيوانات,,بصراحة مكان كبيير وواسع الخدمات متوفرة دوارت مياة ومصلى ومطعم وكوفى وبقالة ومحل هدايا ومحل اللعاب للاطفال ...,Riyadh,حديقة,,,1,,1,,reviews_zenodo,,https://zenodo.org/records/16924532,static,,2026-09-13T06:19:18.696424+00:00,False
reviews_02011,حديقة الحيوانات,,"""🦩🦣🦢🦧 حديقة حيوانات الرياض الواقعة بحي الملز.. كانت تجربة أكثر من رائعة ، الحديقة جميلة ونظيفة ومرتبة ، يوجد حراس للحيوانات ...",Riyadh,حديقة,,1,,,1,1,reviews_zenodo,,https://zenodo.org/records/16924532,static,,2026-09-13T06:19:18.696424+00:00,False
reviews_02012,حديقة الحيوانات,,حديقة متنوعه ومتميزة و أسعار الدخول رمزيه تغلق الساعه السادسه تقريبا يمكن اخذ جولة بالقطار داخل الحديقة نتمنى مزيدا من التطوير و تلطيف الاجواء في الصيف,Riyadh,حديقة,1,,,,1,,reviews_zenodo,,https://zenodo.org/records/16924532,static,,2026-09-13T06:19:18.696424+00:00,False
reviews_02013,حديقة الحيوانات,,الحمدالله صار عندنا حديقة حيوانات جميله و مرتبه و نظيفة و المنظمين في كل مكان شكرا لكل من كان خلف نجاح هذه الحديقه 🌹 الحديقه كبيره و فيها انواع كثيرة جدا من الحيوانات و مجموعة مطاعم و مسموح تجيب معاك من برى اكل او ...,Riyadh,حديقة,,1,,1,1,1,reviews_zenodo,,https://zenodo.org/records/16924532,static,,2026-09-13T06:19:18.696424+00:00,False
reviews_02014,حديقة الحيوانات,,الحديقه مرره حلوه ومرتبه وكبيره والنظافه والترتيب شي ثاني واسعار التذاكر الكبير تقريبا ب11 والصغير ب6 اذا انتم جايين الرياض لازم تدخلونها ماتتفوت و إذا في الشتا أكييد شوفوها والحلو داخل في قطار مادري باص وكشكات اكل، واماكن الحيوانات مرتبه ومرره، والخضار فيها حلو وحلو كيف انهم مهتمين بأدق التفاصيل.,Riyadh,حديقة,,1,1,,1,1,reviews_zenodo,,https://zenodo.org/records/16924532,static,,2026-09-13T06:19:18.696424+00:00,False
reviews_02015,حديقة الحيوانات,,الحديقة جميلة ومرتبة والدخول بسعر رمزي,Riyadh,حديقة,1,,,,1,,reviews_zenodo,,https://zenodo.org/records/16924532,static,,2026-09-13T06:19:18.696424+00:00,False
reviews_02016,حديقة الحيوانات,,جميله وكبيره واعتقد اغلب الحيوانات موجوده فيها مناسبة للأسر والأطفال,Riyadh,حديقة,,,,,1,1,reviews_zenodo,,https://zenodo.org/records/16924532,static,,2026-09-13T06:19:18.696424+00:00,False
reviews_02017,حديقة الحيوانات,,اليوم كان زيارة ( حديقة الحيوانات ) للامانه ماشاءالله اتغيرت مرررره واتنظمت وصارت أنظف وأرتب والمشرفين بالحديقه ماقصروا يعطيهم العافيه انصح اي احد بالرياض وعنده اطفال يروحلها بينبسطون مره 👌🏻 ...,Riyadh,حديقة,,1,,1,1,1,reviews_zenodo,,https://zenodo.org/records/16924532,static,,2026-09-13T06:19:18.696424+00:00,False
reviews_02018,حديقة الحيوانات,,الحديقة تطورت كثيرا عن السابق، 👌😍 النظافة ممتازة جدا، العاملين في الحديقه بكل مكان الأمن ، يوجهون وتستفسر عن مكان يقدمون لك المعلومات الكافية . وأيضا من حيث تجمع عند حيوان معين ينبهون الناس ...,Riyadh,حديقة,,1,,1,1,1,reviews_zenodo,,https://zenodo.org/records/16924532,static,,2026-09-13T06:19:18.696424+00:00,False
reviews_02019,حديقة الحيوانات,,حديقة جميلة ومرتبة النظافة والتنظيم في المسارات ممتاز عندهم حيوانات نادرة زي الجمل أبو سنامين وغيره ...,Riyadh,حديقة,,1,,,1,,reviews_zenodo,,https://zenodo.org/records/16924532,static,,2026-09-13T06:19:18.696424+00:00,False
reviews_02020,حديقة الحيوانات,,الحديقه حلوه و نظيفهه (بس ممنوع الجلوس و ممنوع تدخلون معاك شي). يوجد بداخل بقاله و مطعم وكذا. الدخول ب رسوم رمزيه,Riyadh,حديقة,1,1,,,1,,reviews_zenodo,,https://zenodo.org/records/16924532,static,,2026-09-13T06:19:18.696424+00:00,False
reviews_02021,حديقة الحيوانات,,حديقة الحيوان .. من أجمل الاماكن في مدينة الرياض التي يجب على كل من يقيم في هذه المدينة الجميلة زيارتها .. ...,Riyadh,حديقة,,,,,1,1,reviews_zenodo,,https://zenodo.org/records/16924532,static,,2026-09-13T06:19:18.696424+00:00,False
reviews_02022,حديقة الحيوانات,,تحفة تحفة بجد جدا...نظيفة لأبعد الحدود ومنظمة حدا وطريقة العرض ممتازة سواء بيئة العرض للحيوانات او الطيور والمشرفين متواجدين طوال الوقت. ولكن تحتاج لاضافة قسم الزواحف مثل التماسيح والثعابين .,Riyadh,حديقة,,1,,1,1,1,reviews_zenodo,,https://zenodo.org/records/16924532,static,,2026-09-13T06:19:18.696424+00:00,False
reviews_02023,حديقة الحيوانات,,مكان جميل ومرتب انصح بزيارة خص للعوائل والاطفال به تنوع جميل من الحيوانات وسعر الدخول مقبول الكبار 11 مع الظريبة والصغار 6 مع الظريبه ...,Riyadh,حديقة,0,,,,1,1,reviews_zenodo,,https://zenodo.org/records/16924532,static,,2026-09-13T06:19:18.696424+00:00,False
reviews_02024,حديقة الحيوانات,,الحديقة جميلة و نظيفة جدا واغلب الحيوانات موجودة وواضحة .. بداية اليوم كان الجو بارد والشمس خفيفة بعدين احتجنا شمسية لأن الشمس قوية مع الهواء البارد .. كل شي متوفر في الكشكات والكافيه باسعار جدا بسيطة .. بعض الحيوانات تدخل وما تكون واضحة يمكن تحتاج اكثر من لفة على الحديقة.,Riyadh,حديقة,1,1,,,1,1,reviews_zenodo,,https://zenodo.org/records/16924532,static,,2026-09-13T06:19:18.696424+00:00,False
reviews_02025,حديقة الحيوانات,,رحت الصباح وسط الاسبوع.. المكان جميل ونظيف الممرات حلوة مزينة بالورد في أماكن مناسبة للجلوس اللي حاب يجيب معاه فرشة... كل الشكر للقائمين على التطوير والاهتمام 💛 ...,Riyadh,حديقة,,1,,,1,,reviews_zenodo,,https://zenodo.org/records/16924532,static,,2026-09-13T06:19:18.696424+00:00,False
reviews_02026,حديقة الحيوانات,,حديقة جميلة ومن تطور لتطور مساحتها كبيرة ويوجد تنظيم ومشرفين ويوجد بالداخل كشكات لبيع الهدايا والالعاب والمأكولات الخفيفة والايس كريم والحلويات ويوجد قطار بداخلها برسوم للتنقل في الحديقة و توجد حمامات رجال ونساء نظيفة على مدار الساعة وتوجد ...,Riyadh,حديقة,,1,1,1,,,reviews_zenodo,,https://zenodo.org/records/16924532,static,,2026-09-13T06:19:18.696424+00:00,False
reviews_02027,حديقة الحيوانات,,جميلة و متنوعة والعاملين والعاملات لطيفين..بها مسار وكذلك خارطة بالحيوانات. الصباح لايوجد زحام... ...,Riyadh,حديقة,,,,1,1,,reviews_zenodo,,https://zenodo.org/records/16924532,static,,2026-09-13T06:19:18.696424+00:00,False
reviews_02028,حديقة الحيوانات,,ممتازة في الشتاء تحتاج لتطوير كبير في المرافق والخدمات والمطاعم والعناية بالتشجير,Riyadh,حديقة,,,-1,,1,,reviews_zenodo,,https://zenodo.org/records/16924532,static,,2026-09-13T06:19:18.696424+00:00,False
reviews_02029,حديقة الحيوانات,,تطور ملحوظ ورائع ، حبيت التغيير في الحيوانات ، يعني صارت ماتنام وتتفاعل مع الزوار . وزاد عددها اكثر عن الاول . واغلب الحيوانات قللو المسافه بينها وبين الزوار يعني صرنا نشوفها من قريب ونتأملها صح ! شعور ممتع سبحان الله الخالق المبدع,Riyadh,حديقة,,,,,1,1,reviews_zenodo,,https://zenodo.org/records/16924532,static,,2026-09-13T06:19:18.696424+00:00,False
reviews_02030,حديقة الحيوانات,,الحديقه حلوه ومرتبه ومناسبه للصغار والكبار والدخول بسعر رمزي ومناسب ولكن في الصيف غير مناسب زيارتها يفضل في اجواء الشتاء والربيع,Riyadh,حديقة,1,,,,1,0,reviews_zenodo,,https://zenodo.org/records/16924532,static,,2026-09-13T06:19:18.696424+00:00,False
reviews_02031,حديقة الحيوانات,,حديقه الحيوان جميله جدا فيها الحيوانات كلها والحديقه مرتبه ونظيفه وجميله وفيها بوفيه والدخول برسوم ١١،٥٠ احدى عشر وخمسون هلله ...,Riyadh,حديقة,,1,,,1,,reviews_zenodo,,https://zenodo.org/records/16924532,static,,2026-09-13T06:19:18.696424+00:00,False
reviews_02032,حديقة الحيوانات,,كانت زيارة جميلة المكان منظم و نظيف 😻👍🏼👍🏼,Riyadh,حديقة,,1,,,1,1,reviews_zenodo,,https://zenodo.org/records/16924532,static,,2026-09-13T06:19:18.696424+00:00,False
reviews_02033,قصر المربع التاريخي,,التجربه شيقه وجميله وفيها طاقة ايجابيه استمتعت قصر المربع هو قصر الملك عبدالعزيز يغلب عليه الطراز النجدي الفاخر والرائع البياض في القصر هو العلامه الابرز كذلك بعض الاواني المستخدمه في القصر وغرف المعيشه والنوم.. شي ملهم وبس .. اذا حسيت اني احتاج جرعه نفسيه خاصه بدون اي رفقه فالمكان يغيير مشاعرك محبين التصوير توجد زوايا رهيبه للتصوير. يستحق الزياره,Riyadh,مكان تراثي وتاريخي,,,,,1,1,reviews_zenodo,,https://zenodo.org/records/16924532,static,,2026-09-13T06:19:18.696424+00:00,False
reviews_02034,قصر المربع التاريخي,,مكان جميل استمتعت بزيارتي له اذا جيتوا الرياض لازم تزورونه,Riyadh,مكان تراثي وتاريخي,,,,,1,1,reviews_zenodo,,https://zenodo.org/records/16924532,static,,2026-09-13T06:19:18.696424+00:00,False
reviews_02035,قصر المربع التاريخي,,مكان جميل وهادىء ويجعلك ترجع بالزمن للخلف لترى المباني القدمية ويستحق الذهاب له.,Riyadh,مكان تراثي وتاريخي,,,,,1,1,reviews_zenodo,,https://zenodo.org/records/16924532,static,,2026-09-13T06:19:18.696424+00:00,False
reviews_02036,قصر المربع التاريخي,,مكان جميل جدا يستحق الزيارة,Riyadh,مكان تراثي وتاريخي,,,,,1,1,reviews_zenodo,,https://zenodo.org/records/16924532,static,,2026-09-13T06:19:18.696424+00:00,False
reviews_02037,قصر المربع التاريخي,,مكان جميل لتنزهه يوجد فيه اماكن للجلسات والاستمتاع بالاثار القديمه وتراث المملكه وتفاصيل عن بدايات المملكه حتى يومنا هذا بصراحه مكان يستحق الزياره,Riyadh,مكان تراثي وتاريخي,,,1,,1,1,reviews_zenodo,,https://zenodo.org/records/16924532,static,,2026-09-13T06:19:18.696424+00:00,False
reviews_02038,قصر المربع التاريخي,,جميييل ، مكان فعلا يعبر عن ثقافتنا و تاريخنا المنطقه ممتازه للمشي يوجد حولها منطقة العاب للاطفال عند برج الماء الدخول ب ١١ ريال,Riyadh,مكان تراثي وتاريخي,,,1,,1,1,reviews_zenodo,,https://zenodo.org/records/16924532,static,,2026-09-13T06:19:18.696424+00:00,False
reviews_02039,قصر المربع التاريخي,,صراحة المكان في الليل جدا رهيب والتنظيم ممتاز واللي باقي ماراح لا يفوت اي مكان هناك وفيه عرض جدا رائع من الجمعية السعودية للمحافظة على التراث صراحة مجهود قوي المكان هادي و ممتاز والتنظيم اعيد واكرر ممتاااااز,Riyadh,مكان تراثي وتاريخي,,,,1,1,1,reviews_zenodo,,https://zenodo.org/records/16924532,static,,2026-09-13T06:19:18.696424+00:00,False
reviews_02040,قصر المربع التاريخي,,"قصر تاريخي قديم ويسمى ""ديوان الملك عبدالعزيز"" فيه بعض مقتنياته والصور المعروضة، منظم بشكل جيد وجميل 👍🏼",Riyadh,مكان تراثي وتاريخي,,,,,1,1,reviews_zenodo,,https://zenodo.org/records/16924532,static,,2026-09-13T06:19:18.696424+00:00,False
reviews_02041,قصر المربع التاريخي,,جدا ممتع يجمع بين الماضي وإبداع الحاضر ومناسب جدا جدا للعوائل ومكان يخدم فيه ذوات الاحتياجات الخاصه وتهيئة وتسهيل الطرق في هذا الفن العمراني,Riyadh,مكان تراثي وتاريخي,,,1,,1,1,reviews_zenodo,,https://zenodo.org/records/16924532,static,,2026-09-13T06:19:18.696424+00:00,False
reviews_02042,قصر المربع التاريخي,,قصر المربع التاريخي قصر قديم في عهد الملك عبدالعزيز قصر رائع وجميل تم ترميمه وتأهيله من حديد ويحوي مقتنيات الملك عبدالعزيز متحف يستحق الزياره,Riyadh,مكان تراثي وتاريخي,,,,,1,1,reviews_zenodo,,https://zenodo.org/records/16924532,static,,2026-09-13T06:19:18.696424+00:00,False
reviews_02043,قصر المربع التاريخي,,محتوياته تحكي عن حياة رائعه في زمن ماضي ويستحق الزيارة والاطلاع..,Riyadh,مكان تراثي وتاريخي,,,,,1,1,reviews_zenodo,,https://zenodo.org/records/16924532,static,,2026-09-13T06:19:18.696424+00:00,False
reviews_02044,قصر المربع التاريخي,,مكان رااائع للعوائل... فيه مسجد كبير.. ودورة مياه... أنصح بزيارته,Riyadh,مكان تراثي وتاريخي,,,1,,1,1,reviews_zenodo,,https://zenodo.org/records/16924532,static,,2026-09-13T06:19:18.696424+00:00,False
reviews_02045,قصر المربع التاريخي,,موقع تاريخي يستحق الزيارة,Riyadh,مكان تراثي وتاريخي,,,,,1,1,reviews_zenodo,,https://zenodo.org/records/16924532,static,,2026-09-13T06:19:18.696424+00:00,False
reviews_02046,قصر المربع التاريخي,,مشاءالله صاره فيها تغير جذري افضل من اول بكثير مره حطو فيه شللات وجسور فوق المويه واشجر اشكله غريبه ماعمري شفت مثله وجلسات متنوعه واماكن رومنسيه 😗 واضاه حلوه والمكان نظيفه جدا وهادي ومناظر تفتح النفس والله ويوجد مسجد و المتحف والمباني التوراثيه وسيارات قديمه اشكر الهيه الملكيه التي قامت بتحسين المكان لهم جزيل الشكر,Riyadh,مكان تراثي وتاريخي,,,1,,1,1,reviews_zenodo,,https://zenodo.org/records/16924532,static,,2026-09-13T06:19:18.696424+00:00,False
reviews_02047,قصر المربع التاريخي,,تجربة مميزة لمعلم تاريخي جميل,Riyadh,مكان تراثي وتاريخي,,,,,1,1,reviews_zenodo,,https://zenodo.org/records/16924532,static,,2026-09-13T06:19:18.696424+00:00,False
reviews_02048,قصر المربع التاريخي,,قصر تاريخي . يستاهل الزيارة . حوله جلسات . مكان جميل وتاريخي,Riyadh,مكان تراثي وتاريخي,,,1,,1,1,reviews_zenodo,,https://zenodo.org/records/16924532,static,,2026-09-13T06:19:18.696424+00:00,False
reviews_02049,قصر المربع التاريخي,,المكان يجنن وبس منظم ونظيف جيبوا فرشتكم وقهوتكم والشاهي وانبسطوااا بيعجب اطفالكم,Riyadh,مكان تراثي وتاريخي,,1,,,1,1,reviews_zenodo,,https://zenodo.org/records/16924532,static,,2026-09-13T06:19:18.696424+00:00,False
reviews_02050,قصر المربع التاريخي,,ساحة كبير جميلة جدا تراثية ومصممة بشكل رائع .. من معالم الرياض التي يجب زيارتها .. اتمنى فتح مقاهي ومطاعم حولها لتشجيع الناس على زيارتها والمكوث فيها اطول وقت,Riyadh,مكان تراثي وتاريخي,,,-1,,1,1,reviews_zenodo,,https://zenodo.org/records/16924532,static,,2026-09-13T06:19:18.696424+00:00,False
reviews_02051,قصر المربع التاريخي,,اهتمام خيالي بالمنطقة كاملة وتم تحويل جميع المنشآت القريبة إلى حدائق جميلة لا توصف,Riyadh,مكان تراثي وتاريخي,,,,,1,1,reviews_zenodo,,https://zenodo.org/records/16924532,static,,2026-09-13T06:19:18.696424+00:00,False
reviews_02052,جبل قارة,,مكان رائع بكل ماتعنية الكلمة ورائع للتأمل يستحق الزيارة والتنظيم جميل,الاحساء,مكان تراثي وتاريخي,,,,1,1,1,reviews_zenodo,,https://zenodo.org/records/16924532,static,,2026-09-13T06:19:18.696424+00:00,False
reviews_02053,جبل قارة,,مكان رائع وجميل ولكن السعر مبالغ فيه ٥٠ ريال للشخص,الاحساء,مكان تراثي وتاريخي,-1,,,,1,,reviews_zenodo,,https://zenodo.org/records/16924532,static,,2026-09-13T06:19:18.696424+00:00,False
reviews_02054,جبل قارة,,الاسعار غاليه جدا 50ریال للشخص الواحد لاكن مناظر جميله.,الاحساء,مكان تراثي وتاريخي,-1,,,,1,,reviews_zenodo,,https://zenodo.org/records/16924532,static,,2026-09-13T06:19:18.696424+00:00,False
reviews_02055,جبل قارة,,ممتاز للسياحه انصح به ، لكن سعر الدخول مبالغ به 50ريال,الاحساء,مكان تراثي وتاريخي,-1,,,,1,,reviews_zenodo,,https://zenodo.org/records/16924532,static,,2026-09-13T06:19:18.696424+00:00,False
reviews_02056,جبل قارة,,ممتاز كخدمات وتنظيم ، تذاكر الشخص بعشرة ريالات ، كوفيهات ومطاعم ، المغارة جميلة جدا ، نظافة وتنظيم وإهتمام ، أنصح بزيارته .,الاحساء,مكان تراثي وتاريخي,,1,1,1,1,1,reviews_zenodo,,https://zenodo.org/records/16924532,static,,2026-09-13T06:19:18.696424+00:00,False
reviews_02057,جبل قارة,,مستاء جدا من الزيارة. لا يوجد مرشدين في المكان ولا توضيح لساعات العمل ، تدخل الصالة مافيه اي لوحات ارشادية . لازم تسأل من وين اخذ تذكرة ومن وين ادخل ومن وين اطلع. كما ان سعر التذاكر مبالغ فيها 50 للفرد ولايوجد اي شيء يدعو الى الحماس لزيارة الجبل. تشوفه من برى افضل واوفر وامتع.,الاحساء,مكان تراثي وتاريخي,-1,,,-1,,-1,reviews_zenodo,,https://zenodo.org/records/16924532,static,,2026-09-13T06:19:18.696424+00:00,False
reviews_02058,جبل قارة,,الموقع ممتاز والاسعار مبالغ فيها ٥٠ ريال للشخص الواحد,الاحساء,مكان تراثي وتاريخي,-1,,,,1,,reviews_zenodo,,https://zenodo.org/records/16924532,static,,2026-09-13T06:19:18.696424+00:00,False
reviews_02059,جبل قارة,,مرتب وجميل لكن مبالغ في سعر الدخول,الاحساء,مكان تراثي وتاريخي,-1,,,,1,,reviews_zenodo,,https://zenodo.org/records/16924532,static,,2026-09-13T06:19:18.696424+00:00,False
reviews_02060,جبل قارة,,جميل ولكن لماذا السعر الغالي على الشخص 50 ريال ولا متحف اللوفر في فرنسا بهذا السعر شيء غريب !!!؟,الاحساء,مكان تراثي وتاريخي,-1,,,,1,,reviews_zenodo,,https://zenodo.org/records/16924532,static,,2026-09-13T06:19:18.696424+00:00,False
reviews_02061,جبل قارة,,جبل جميل ولكن عادي جدا والمطاعم والكفيهات اللي حوله غالية جدا جدا جدا وجشع في الأسعار بشكل لا يوصف,الاحساء,مكان تراثي وتاريخي,-1,,0,,0,,reviews_zenodo,,https://zenodo.org/records/16924532,static,,2026-09-13T06:19:18.696424+00:00,False
reviews_02062,جبل قارة,,رسوم الدخول مرتفعة ويستاهل الزيارة,الاحساء,مكان تراثي وتاريخي,-1,,,,,1,reviews_zenodo,,https://zenodo.org/records/16924532,static,,2026-09-13T06:19:18.696424+00:00,False
reviews_02063,جبل قارة,,"مكان جميل جدا، برا فيه عدد بسيط من المطاعم والكشكات، ثم تدخل لمكان التذاكر ويتواجد فيه متجر لبيع قطع تذكارية + بقالة + محل ألعاب أطفال + محل تمور ومعمول + مقهى ""أعتقد ليست قهوة مختصة"" ...",الاحساء,مكان تراثي وتاريخي,,,1,,1,,reviews_zenodo,,https://zenodo.org/records/16924532,static,,2026-09-13T06:19:18.696424+00:00,False
reviews_02064,جبل قارة,,تطور رهيب وممتاز وحركة ولكن الدخول ٥٠ ريال غالي وفي الليل من ٨ حتى ١٢ عرض ١٠ ريال,الاحساء,مكان تراثي وتاريخي,-1,,,,1,,reviews_zenodo,,https://zenodo.org/records/16924532,static,,2026-09-13T06:19:18.696424+00:00,False
reviews_02065,جبل قارة,,المكان روعة و جميل و نظيف يستاهل المشوار من مكة الي الجبل و ان شاء الله ازورها مرة و مرة و مرة,الاحساء,مكان تراثي وتاريخي,,1,,,1,1,reviews_zenodo,,https://zenodo.org/records/16924532,static,,2026-09-13T06:19:18.696424+00:00,False
reviews_02066,جبل قارة,,مكان تاريخي جميل يستحق الزيارة,الاحساء,مكان تراثي وتاريخي,,,,,1,1,reviews_zenodo,,https://zenodo.org/records/16924532,static,,2026-09-13T06:19:18.696424+00:00,False
reviews_02067,جبل قارة,,ممتاز لكن السعر مبالغه فيه ٥٠ ريال للشخص,الاحساء,مكان تراثي وتاريخي,-1,,,,1,,reviews_zenodo,,https://zenodo.org/records/16924532,static,,2026-09-13T06:19:18.696424+00:00,False
reviews_02068,جبل قارة,,المكان جميل ويستحق الزيارة لكن تذاكر الدخول (50 ريال) سعر مبالغ فيه,الاحساء,مكان تراثي وتاريخي,-1,,,,1,,reviews_zenodo,,https://zenodo.org/records/16924532,static,,2026-09-13T06:19:18.696424+00:00,False
reviews_02069,جبل قارة,,رائع ونظيف والجو العام جميل جدا,الاحساء,مكان تراثي وتاريخي,,1,,,1,,reviews_zenodo,,https://zenodo.org/records/16924532,static,,2026-09-13T06:19:18.696424+00:00,False
reviews_02070,جبل قارة,,جميل و المناظر الطبيعية خلابة و مبهرة انصح بزيارته,الاحساء,مكان تراثي وتاريخي,,,,,1,1,reviews_zenodo,,https://zenodo.org/records/16924532,static,,2026-09-13T06:19:18.696424+00:00,False
reviews_02071,جبل قارة,,تذكرة الدخول غاليه جدا ليس ذات اهميه بزيارة لا اوصي به,الاحساء,مكان تراثي وتاريخي,-1,,,,-1,-1,reviews_zenodo,,https://zenodo.org/records/16924532,static,,2026-09-13T06:19:18.696424+00:00,False
reviews_02072,جبل قارة,,المكان جميل ولاكن تنقصه بعض الخدمات ....الرسوم نسبيا مرتفعة ٥٠ ريال للشخص للواحد ويفضل الزيارة له في وقت بعيد عن اجواء الصيف الحارة,الاحساء,مكان تراثي وتاريخي,-1,,-1,,1,,reviews_zenodo,,https://zenodo.org/records/16924532,static,,2026-09-13T06:19:18.696424+00:00,False
reviews_02073,جبل قارة,,المكان جميل وفيه مرافق رائعة،،، لكن للاسف ارتفاع تذاكر الدخول كان سبب في رجوعنا 9 اشخاص والدخول من50 ريال ... اتمنى من المختصين مراعاة الموضوع سيبقى جبل القارا بدون زوار بسبب هذا الغلاء,الاحساء,مكان تراثي وتاريخي,-1,,1,,1,,reviews_zenodo,,https://zenodo.org/records/16924532,static,,2026-09-13T06:19:18.696424+00:00,False
reviews_02074,جبل قارة,,مكان رائع واعجبني تنظيمهم والموظفين جدا محترمين.,الاحساء,مكان تراثي وتاريخي,,,,1,1,,reviews_zenodo,,https://zenodo.org/records/16924532,static,,2026-09-13T06:19:18.696424+00:00,False
reviews_02075,جبل قارة,,رسوم الدخول عالية (50 ريال للشخص) وليس هناك خدمات فعلية مقابلها,الاحساء,مكان تراثي وتاريخي,-1,,,-1,,,reviews_zenodo,,https://zenodo.org/records/16924532,static,,2026-09-13T06:19:18.696424+00:00,False
reviews_02076,جبل قارة,,مكان جميل يستحق الزياره داخل القاره بارد ومنعش,الاحساء,مكان تراثي وتاريخي,,,,,1,1,reviews_zenodo,,https://zenodo.org/records/16924532,static,,2026-09-13T06:19:18.696424+00:00,False
reviews_02077,جبل قارة,,معلم سياحي جميل يستحق الزيارة لمرة واحده فقط سعر التذاكر مرة غالية الشخص ب 50 والمكان صغير تخلصه بربع ساعة ...,الاحساء,مكان تراثي وتاريخي,-1,,,,1,0,reviews_zenodo,,https://zenodo.org/records/16924532,static,,2026-09-13T06:19:18.696424+00:00,False
reviews_02078,جبل قارة,,رائع لكن سعر التذكره ٥٠ ريال لكل شخص مبالغ فيه ايضا محل الهدايا الموجود في المكان كان فيه تلاعب بالاسعار,الاحساء,مكان تراثي وتاريخي,-1,,,,1,,reviews_zenodo,,https://zenodo.org/records/16924532,static,,2026-09-13T06:19:18.696424+00:00,False
reviews_02079,جبل قارة,,مكان تاريخي جميل يستحق الزيارة .. المكان وعظمته وجمال الجبال و التضاريس التي فيها وتيارات الهواء فيه شيء يستحق الزيارة . ...,الاحساء,مكان تراثي وتاريخي,,,,,1,1,reviews_zenodo,,https://zenodo.org/records/16924532,static,,2026-09-13T06:19:18.696424+00:00,False
reviews_02080,جبل قارة,,من معالم الاحساء الجميلة وانصحكم بالذهاب إليها ويعيبها ارتفاع أسعار الدخول الكبار ٥٠ ريال والاطفال اقل من ١٣ عام مجانا اضافة للمسنيين اكبر من ٦٠ عام,الاحساء,مكان تراثي وتاريخي,-1,,,,1,1,reviews_zenodo,,https://zenodo.org/records/16924532,static,,2026-09-13T06:19:18.696424+00:00,False
reviews_02081,جبل قارة,,جبل جمييييل جدا وغارة مميزة المكان نظيف وجميل وواضح الاهتمام فيه,الاحساء,مكان تراثي وتاريخي,,1,,,1,,reviews_zenodo,,https://zenodo.org/records/16924532,static,,2026-09-13T06:19:18.696424+00:00,False
reviews_02082,جبل قارة,,المكان جميل ولكن يحتاج فعاليات يعني ادفع ٥٠ ريال واتفرج على جبل بدون فعاليات بصراحه مالها داعي الجبل جميل ولكن مثل ماقلت يحتاج فعاليات ...,الاحساء,مكان تراثي وتاريخي,,,-1,,1,0,reviews_zenodo,,https://zenodo.org/records/16924532,static,,2026-09-13T06:19:18.696424+00:00,False
reviews_02083,جبل قارة,,مكان جميل و العناية و النظافة فيه جيدة تم تطوير المكان بشكل ممتاز و نتمنى تطويره للأفضل,الاحساء,مكان تراثي وتاريخي,,1,,,1,,reviews_zenodo,,https://zenodo.org/records/16924532,static,,2026-09-13T06:19:18.696424+00:00,False
reviews_02084,جبل قارة,,مزار سياحي مميز ..سعر التذكرة مرتفع قليلا (٥٠ ريال),الاحساء,مكان تراثي وتاريخي,-1,,,,1,,reviews_zenodo,,https://zenodo.org/records/16924532,static,,2026-09-13T06:19:18.696424+00:00,False
reviews_02085,جبل قارة,,تذاكر غاليه ب 50 الشخص منظم و مرتب و تعامل موظفين ممتاز لاكن خدمات عامة يحتاج تطوير مقابل الأسعار,الاحساء,مكان تراثي وتاريخي,-1,,,1,1,,reviews_zenodo,,https://zenodo.org/records/16924532,static,,2026-09-13T06:19:18.696424+00:00,False
reviews_02086,جبل قارة,,يستحق الزيارة لكن سعر التذكره مرتفع ٥٠ ريال,الاحساء,مكان تراثي وتاريخي,-1,,,,,-1,reviews_zenodo,,https://zenodo.org/records/16924532,static,,2026-09-13T06:19:18.696424+00:00,False
reviews_02087,جبل قارة,,مكان جميل جدا ويستحق الزيارة ولكن لدينا عتب على الشركة الي ماسكه المشروع ، الاسعار جدا عاليه للدخول ( سعر الدخول ٥٠ ريال للشخص) لو كان في فعاليات ينهضم المبلغ بس للاسف بدون فعاليات .,الاحساء,مكان تراثي وتاريخي,-1,,-1,,1,1,reviews_zenodo,,https://zenodo.org/records/16924532,static,,2026-09-13T06:19:18.696424+00:00,False
reviews_02088,جبل قارة,,موقعه بعيد نوعا ما ، الدخول له شويه مبالغ فيه تقريبا 150 ، الجوله فيه تاخذ تقريبا ساعه ، مواقف متوفره ، تحفه فنيه جميله يعتبر وجمال الخالق سبحانه .,الاحساء,مكان تراثي وتاريخي,-1,,1,,1,,reviews_zenodo,,https://zenodo.org/records/16924532,static,,2026-09-13T06:19:18.696424+00:00,False
reviews_02089,جبل قارة,,جبل القارة أكثر من رائع يفضل تزوره وقت الظهر والشمس في عنان السماء لكي تنظر الى فتحات الجبل من الأعلى والأجواء من داخل الجبل باردة و الأستكشاف بين سراديبه ممتعه ... عيبه الوحيد سعر التذكرة عالي جدا /٥٠ریال للفرد .!,الاحساء,مكان تراثي وتاريخي,-1,,,,1,,reviews_zenodo,,https://zenodo.org/records/16924532,static,,2026-09-13T06:19:18.696424+00:00,False
reviews_02090,جبل قارة,,المكان جميل لكن اسعاره مبالغ فيها ب 50 ريال الشخص !! اتمنى تراجعون قيمة التذكره زين لانها ماتستاهل هذي القيمه فيه ناس جايين من برا الاحساء عوايل واعدادهم كثيرة,الاحساء,مكان تراثي وتاريخي,-1,,,,1,,reviews_zenodo,,https://zenodo.org/records/16924532,static,,2026-09-13T06:19:18.696424+00:00,False
reviews_02091,جبل قارة,,معلم سياحي جميل بالاحساء..تتجلى فيه ابداع الخالق .. ياليت تقام فيه فعاليات منوعه بشكل مستمر وكذلك تكون في مطاعم ومقاهي لجذب الناس وبعض المحلات لبيع ذكريات والتحف اللي تمثل تراث الوطن بشكل عام والاحساء بشكل خاص ......كذلك ياليت الاسعار تخفض ...,الاحساء,مكان تراثي وتاريخي,-1,,-1,,1,,reviews_zenodo,,https://zenodo.org/records/16924532,static,,2026-09-13T06:19:18.696424+00:00,False
reviews_02092,جبل قارة,,المكان رائع من ناحية المنظار الجميله جدا يستحق الزيارة ناقص نجمه واحد بسبب سعر الدخول ٥٠ ريال ارى انه مرتفع,الاحساء,مكان تراثي وتاريخي,-1,,,,1,1,reviews_zenodo,,https://zenodo.org/records/16924532,static,,2026-09-13T06:19:18.696424+00:00,False
reviews_02093,جبل قارة,,مكان جميل جدا وممتع ، هو جبل والدخول له ب50 للكبار وتحت 4 سنين مجانا يعطونك تذكره لصورة لطفل مجاناوالكوفي 50٪ خصم والمكتبه 15٪ خصم .. المكان من جوا جميل ويستحق الزياره صراحة,الاحساء,مكان تراثي وتاريخي,,,1,,1,1,reviews_zenodo,,https://zenodo.org/records/16924532,static,,2026-09-13T06:19:18.696424+00:00,False
reviews_02094,جبل قارة,,معلم سياحي جدا ممتاز ويحتاج عنابه افضل وزيادة المقاهي العالمية، اسواء شي تعامل رجل الامن غير متبسم مع العلم المكان معلم سياحي ويحتاج رجال أمن ذو خبرة للتعامل مع السياح. ...,الاحساء,مكان تراثي وتاريخي,,,0,-1,1,,reviews_zenodo,,https://zenodo.org/records/16924532,static,,2026-09-13T06:19:18.696424+00:00,False
reviews_02095,جبل قارة,,مكان جميل جدا و منظم و نظيف لكن سعر التذكره يعتبر غالي جدا 50 ريال لشخص مبالغ فيها زياده لانه لايوجد خدمات مقدمه مقابل هذا السعر اضافه الى ذالك موظفات التذاكر يحتاجون توجيههم الى كيف التعامل مع الزوار ماتكون نفسيه ترد من غير نفس,الاحساء,مكان تراثي وتاريخي,-1,1,,-1,1,,reviews_zenodo,,https://zenodo.org/records/16924532,static,,2026-09-13T06:19:18.696424+00:00,False
reviews_02096,جبل قارة,,اسعار طيبه وشغل ممتاز اعطيهم 10على 10ممتازين انصح بزيارتهم,الاحساء,مكان تراثي وتاريخي,1,,,,1,,reviews_zenodo,,https://zenodo.org/records/16924532,static,,2026-09-13T06:19:18.696424+00:00,False
reviews_02097,جبل قارة,,المكان جميل جدا وتجربة جيدة ولكن الاسعار لدخول مرتفعة جدا ولا يحتاج الى مرشد سياحي لان المكان واضح جدا,الاحساء,مكان تراثي وتاريخي,-1,,,,1,1,reviews_zenodo,,https://zenodo.org/records/16924532,static,,2026-09-13T06:19:18.696424+00:00,False
reviews_02098,جبل قارة,,تجرررربه مررره حلوه انبسطت فيها المكان عالمي و التنظيم حلو و شكل الجبال و تعرجاتها سبحان الله فيما خلق ، متعب الطلعه فوووق ع الجبال و الارض تزلق ف لو جيتوا لازم تنتبهوا لخطواتكم ، بعد ام طلعنا ع الجبال ، دخلنا المغاره سبحان الله شي مهيب خلق ...,الاحساء,مكان تراثي وتاريخي,,,,,1,1,reviews_zenodo,,https://zenodo.org/records/16924532,static,,2026-09-13T06:19:18.696424+00:00,False
reviews_02099,جبل قارة,,غالي جدا ٥٠ ريال للفرد بدون اي شي ولا علبة مويه والمغارة تفرها باقل من نص ساعة الميزه ان الاطفال مجانا,الاحساء,مكان تراثي وتاريخي,-1,,,,0,,reviews_zenodo,,https://zenodo.org/records/16924532,static,,2026-09-13T06:19:18.696424+00:00,False
reviews_02100,جبل قارة,,احد المعالم المتميزه والتي اعيد ترميمها و وترتيبها بطريقه نظاميه ابطريقه سياحيه جميله يوجد اماكن كثيره ومتنوعه للخدمات بين المطاعم والكوفي شوب وبيع القطع والتحف و السمفونير مكان جميل جدا ونظيف جدا انصح بزيارته يستحق الزياره,الاحساء,مكان تراثي وتاريخي,,1,1,,1,1,reviews_zenodo,,https://zenodo.org/records/16924532,static,,2026-09-13T06:19:18.696424+00:00,False
reviews_02101,جبل قارة,,مكان جميل ولكن سعر التذكرة مرتفع,الاحساء,مكان تراثي وتاريخي,-1,,,,1,,reviews_zenodo,,https://zenodo.org/records/16924532,static,,2026-09-13T06:19:18.696424+00:00,False
reviews_02102,جبل قارة,,لا يستحق كل هذه الضجه الاعلاميه... و ٥٠ ريال دخوليه عااااليه جدا جدا... يجب ان يكون مجاني,الاحساء,مكان تراثي وتاريخي,-1,,,,0,,reviews_zenodo,,https://zenodo.org/records/16924532,static,,2026-09-13T06:19:18.696424+00:00,False
reviews_02103,جبل قارة,,المكان نظيف ومرتب مواقف السيارات متوفره يوجد مرشد سياحي لكل مجموعه لايوجد محلات لبيع الماء والقهوه والعصيرات وجميع ما يحتاجه الزوار .,الاحساء,مكان تراثي وتاريخي,,1,0,1,1,,reviews_zenodo,,https://zenodo.org/records/16924532,static,,2026-09-13T06:19:18.696424+00:00,False
reviews_02104,جبل قارة,,مبلغ الدخول مرتفع جدا ٥٠ ريال ولا فيه اي خدمة نهائيا. عندهم محل يبيع كرك بحليب الابل لايفوتكم خذيت منه مرتين وعندهم منتجات كثير,الاحساء,مكان تراثي وتاريخي,-1,,1,-1,,,reviews_zenodo,,https://zenodo.org/records/16924532,static,,2026-09-13T06:19:18.696424+00:00,False
reviews_02105,جبل قارة,,المكان جميل وخصوصا للسائحين صحيح قيمة تذكرة الدخول مرتفعه نوعا ما ويحتاج إلى التطوير لكن بالمجمل المكان جميل ومميز درجة الحرارة داخل الجبل باردة قليلا مقارنة بدرجة الحرارة المرتفعة الحارة في الصيف والعكس بالشتاء بحيث يكون درجة الحرارة داخل ...,الاحساء,مكان تراثي وتاريخي,-1,,,,1,,reviews_zenodo,,https://zenodo.org/records/16924532,static,,2026-09-13T06:19:18.696424+00:00,False
reviews_02106,جبل قارة,,سعر التذكرة غالي جدا المكان مافيه اي فعاليات و بائس,الاحساء,مكان تراثي وتاريخي,-1,,-1,,-1,,reviews_zenodo,,https://zenodo.org/records/16924532,static,,2026-09-13T06:19:18.696424+00:00,False
reviews_02107,جبل قارة,,جميل ولاكن رسوم الدخول مرتفعه قليلا 50 ريال للشخص فوق 13 سنه ولا يوجد الا مغاره . توقعت فيه اشاء اخرى,الاحساء,مكان تراثي وتاريخي,-1,,-1,,1,,reviews_zenodo,,https://zenodo.org/records/16924532,static,,2026-09-13T06:19:18.696424+00:00,False
reviews_02108,جبل قارة,,اضيفت خرافات وبدع للمكان قدم ادم تماثيل امور المفتر ماتوضع المكان نظيف و اناره جميله هذا ما اضيف والمحزن الدخول ب50 وكلها 500 متر داخل طالع ومافي شي لا فعاليات ولا اسواق ولا تنطيم سياحي شي مخجل امانه,الاحساء,مكان تراثي وتاريخي,-1,1,-1,,1,,reviews_zenodo,,https://zenodo.org/records/16924532,static,,2026-09-13T06:19:18.696424+00:00,False
reviews_02109,جبل قارة,,يستحق الزياره 👍 الاشكالية فقط في تذكرة الدخول ٥٠ ريال لشخص,الاحساء,مكان تراثي وتاريخي,-1,,,,,1,reviews_zenodo,,https://zenodo.org/records/16924532,static,,2026-09-13T06:19:18.696424+00:00,False
reviews_02110,جبل قارة,,جميل جدا لكن سعر الدخول مبالغ فيه خمسين ريال للشخص!!!,الاحساء,مكان تراثي وتاريخي,-1,,,,,1,reviews_zenodo,,https://zenodo.org/records/16924532,static,,2026-09-13T06:19:18.696424+00:00,False
reviews_02111,جبل قارة,,رسوم الدخول مبالغ فيها ٥٠ ريال كثيره وكلها كم صفاة تلفها في ربع ساعه واسعار المحلات غاليه ومستغلين السياح،،,الاحساء,مكان تراثي وتاريخي,-1,,,,,-1,reviews_zenodo,,https://zenodo.org/records/16924532,static,,2026-09-13T06:19:18.696424+00:00,False
reviews_02112,جبل قارة,,سبحان الله العظيم جبل فيه مغاره في الأجواء الحاره في الصيف داخل المغاره باردة سبحان الله وبحمده سبحان الله العظيم يستحق الزيارة وشكرآ,الاحساء,مكان تراثي وتاريخي,,,,,1,1,reviews_zenodo,,https://zenodo.org/records/16924532,static,,2026-09-13T06:19:18.696424+00:00,False
reviews_02113,جبل قارة,,روعة التنظيم ولكن سعر الدخول جدا غالي,الاحساء,مكان تراثي وتاريخي,-1,,,1,,,reviews_zenodo,,https://zenodo.org/records/16924532,static,,2026-09-13T06:19:18.696424+00:00,False
reviews_02114,جبل قارة,,موقع جميل ومجهودات جيدة ..سعر التذكرة مرتفع جدا ٥٠ ريال للشخص ..المكان عبارة عن مغارة داخل الجبل المكون من الصخور الرسوبية كانت درجة الحرارة في الخارج ٤٨ وداخل المغاره كانت منخفضة ربما في العشرينات لا أدري كيف ولكن هذا الواقع ...لايوجد مكان لمرور عربات ذوي الاحتياجات الخاصة ..عند منطقة السلالم داخل المغارة,الاحساء,مكان تراثي وتاريخي,-1,,,,1,0,reviews_zenodo,,https://zenodo.org/records/16924532,static,,2026-09-13T06:19:18.696424+00:00,False
reviews_02115,جبل قارة,,تجربة رائعه ... مكان مميز منظم يحمل الكثير من الجمال,الاحساء,مكان تراثي وتاريخي,,,,,1,1,reviews_zenodo,,https://zenodo.org/records/16924532,static,,2026-09-13T06:19:18.696424+00:00,False
reviews_02116,جبل قارة,,جميل جدا .. الدخول بتذاكر الكبير ب٥٠ والاطفال تحت ٨ سنوات مجاني .. زرته الظهر وكانت درجة الحراره بالخارج ٤٣ .. وبعد ما دخلنا المغاره تدنت درجات الحراره الى العشرينات.. المكان جميل .. انبسطت اني زرته,الاحساء,مكان تراثي وتاريخي,,,,,1,1,reviews_zenodo,,https://zenodo.org/records/16924532,static,,2026-09-13T06:19:18.696424+00:00,False
reviews_02117,جبل قارة,,لا يفوتكم وين الناس عنه تشوف كيف قدرات الله المكان مرتب ونضيف والصراحة كأنكم في عالم تاني 👌,الاحساء,مكان تراثي وتاريخي,,1,,,1,,reviews_zenodo,,https://zenodo.org/records/16924532,static,,2026-09-13T06:19:18.696424+00:00,False
reviews_02118,جبل قارة,,معلم سياحي مميز بالأحساء، يحيط به العديد من المحلات والمقاهي ويستحق الزيارة، لكن أسعار الدخول 50 ريال للشخص لن تساعد على الترويج لهذا المكان السياحي،,الاحساء,مكان تراثي وتاريخي,-1,,,,1,1,reviews_zenodo,,https://zenodo.org/records/16924532,static,,2026-09-13T06:19:18.696424+00:00,False
reviews_02119,جبل قارة,,جميل للزيارة مره في الحياة لكن الاسعار جدا مرتفعة مقارنة بالخدمات المقدمة داخل المغارة !!! ...,الاحساء,مكان تراثي وتاريخي,-1,,,,1,0,reviews_zenodo,,https://zenodo.org/records/16924532,static,,2026-09-13T06:19:18.696424+00:00,False
reviews_02120,جبل قارة,,الجبل جميل ويخليك تتمتع بالطبيعة الباردة داخله اذا كان الجو صيف والدفئ اللي داخله اذا كان الجو شتاء والاحجار الجميلة فيه مشكلته سعر الدخول غالي ٥٠ ريال لو كان مجاني مثل قبل احسن قبل تلقى كبار السن يجتمعون فيه ويسولفون اما الحين ماتدخل الا بهال٥٠ ريال,الاحساء,مكان تراثي وتاريخي,-1,,,,1,,reviews_zenodo,,https://zenodo.org/records/16924532,static,,2026-09-13T06:19:18.696424+00:00,False
reviews_02121,جبل قارة,,معلم فاشل مبلغ خيالي 50 ريال علشان تشوف اشوي حصا في دواعيس مافي مغارات ولا كلها مقفلة,الاحساء,مكان تراثي وتاريخي,-1,,,,-1,,reviews_zenodo,,https://zenodo.org/records/16924532,static,,2026-09-13T06:19:18.696424+00:00,False
reviews_02122,جبل قارة,,معلم جميل ولكن سعر الدخول مبالغ فيه والمعلومات المكتوبة بها العديد من الملاحظات,الاحساء,مكان تراثي وتاريخي,-1,,,,1,,reviews_zenodo,,https://zenodo.org/records/16924532,static,,2026-09-13T06:19:18.696424+00:00,False
reviews_02123,جبل قارة,,بصراحة ماتستاهل الزياره نفايات بكل مكان داخل المغاره وريحه منتنه ورسوم الدخول مبالغ فيه ٥٠ ريال للشخص الواحد من عمره ١٢ وفوق ولايوجد الي مغاره واحده فقط مفتوحه والباقي مغلقه انصحكم بعدم الزياره,الاحساء,مكان تراثي وتاريخي,-1,-1,,,-1,-1,reviews_zenodo,,https://zenodo.org/records/16924532,static,,2026-09-13T06:19:18.696424+00:00,False
reviews_02124,جبل قارة,,جميل ويستاهل الزيارة بس التذاكر مرتفعه ٥٠ لشخص وبدون رسوم للأقل من ١٣ سنة,الاحساء,مكان تراثي وتاريخي,-1,,,,1,1,reviews_zenodo,,https://zenodo.org/records/16924532,static,,2026-09-13T06:19:18.696424+00:00,False
reviews_02125,جبل قارة,,كان معلم نروحله بستمرار والحين دخول الشخص ب٥٠ ريال سلااااااامات غالي مره بدون ترفيه وبدون فعاليات يعني لو عائله من عشر اشخاص كم بيكون حسابهم الي حط المبلغ ٥٠ مافكر فيها,الاحساء,مكان تراثي وتاريخي,-1,,-1,,,,reviews_zenodo,,https://zenodo.org/records/16924532,static,,2026-09-13T06:19:18.696424+00:00,False
reviews_02126,جبل قارة,,انصح بالزيارة تجربة مفيده و ممتعة و الدخول ٥٠ ربال بس يستاهل الشغل نظيف و مرتب و امن,الاحساء,مكان تراثي وتاريخي,,1,,,1,1,reviews_zenodo,,https://zenodo.org/records/16924532,static,,2026-09-13T06:19:18.696424+00:00,False
reviews_02127,جبل قارة,,المكان جميل وينقصه وجود مرشد سياحي اضافة الى ان سعر التذكرة مبالغ فيه جدا ب 50 ريال للفرد,الاحساء,مكان تراثي وتاريخي,-1,,,-1,1,,reviews_zenodo,,https://zenodo.org/records/16924532,static,,2026-09-13T06:19:18.696424+00:00,False
reviews_02128,جبل قارة,,المكان جميل ويدعو إلى التفكر بعظمة الخالق سبحانه ، ويتوفر مطاعم وكوفيهات حول الجبل ولكن عندي ملاحظة على أسعار التذاكر ، أرجو من المسؤولين أن يأخذوها بعين الاعتبار ...,الاحساء,مكان تراثي وتاريخي,-1,,,,1,,reviews_zenodo,,https://zenodo.org/records/16924532,static,,2026-09-13T06:19:18.696424+00:00,False
reviews_02129,جبل قارة,,مكان جميل بس ملاحظتي بقيمة الدخول (( 50 ريال )) السعر مبالغ فيه,الاحساء,مكان تراثي وتاريخي,-1,,,,1,,reviews_zenodo,,https://zenodo.org/records/16924532,static,,2026-09-13T06:19:18.696424+00:00,False
reviews_02130,جبل قارة,,ارض الحضارات . مكان جميل و يشرح الصدر . رسوم الدخول مبالغ فيها,الاحساء,مكان تراثي وتاريخي,-1,,,,1,,reviews_zenodo,,https://zenodo.org/records/16924532,static,,2026-09-13T06:19:18.696424+00:00,False
reviews_02131,جبل قارة,,جميل ولكن صراحة رسوم الدخول 50 ريال للشخص سعر مبالغ فيه اتمنى من هيئة السياحة النظر في ذلك وتشجيع السياحة الداخلية,الاحساء,مكان تراثي وتاريخي,-1,,,,1,,reviews_zenodo,,https://zenodo.org/records/16924532,static,,2026-09-13T06:19:18.696424+00:00,False
reviews_02132,جبل قارة,,المكان جميل جدا ، لكن السعر مبالغ فيه ، ب ٥٠ ريال على زيارة ما تتجاوز ربع ساعه,الاحساء,مكان تراثي وتاريخي,-1,,,,1,,reviews_zenodo,,https://zenodo.org/records/16924532,static,,2026-09-13T06:19:18.696424+00:00,False
reviews_02133,جبل قارة,,غني عن التعريف لكن تظل أسعار الدخول مبالغ فيها وبقوه,الاحساء,مكان تراثي وتاريخي,-1,,,,1,,reviews_zenodo,,https://zenodo.org/records/16924532,static,,2026-09-13T06:19:18.696424+00:00,False
reviews_02134,جبل قارة,,ترتيب المكان بوجود الاناره ممتاز.. بس السعر ٥٠ ريال كثير.. يعني انا رحت بالعرض ١٠ ريال دخلنا اقل من نص ساعه وطلعنا..ياليت ينظرون للسعر مره ثانيه ويكون مبلغ رمزي عشان الكل يدخل.. قليل متصل ولا كثير منقطع,الاحساء,مكان تراثي وتاريخي,-1,,,,1,,reviews_zenodo,,https://zenodo.org/records/16924532,static,,2026-09-13T06:19:18.696424+00:00,False
reviews_02135,جبل قارة,,جبل عادى وشوية صخور الرسوم مابلغ فيها 50 كثير مرررره قديم الجبل وقتها كان مفتوح 24 ساعه حتى حارس مافيه يعنى كان عادى ..,الاحساء,مكان تراثي وتاريخي,-1,,,,1,,reviews_zenodo,,https://zenodo.org/records/16924532,static,,2026-09-13T06:19:18.696424+00:00,False
reviews_02136,جبل قارة,,الموقع جميل وتاريخي لاكن رسوم الدخول مرتفعه,الاحساء,مكان تراثي وتاريخي,-1,,,,1,,reviews_zenodo,,https://zenodo.org/records/16924532,static,,2026-09-13T06:19:18.696424+00:00,False
reviews_02137,جبل قارة,,تحفة فنية ربانية سبحان الله... التذاكر مرتفعة تقريبا للشخص ١٥٠ ريال الجولة حوالي ساعة اهتمام المسؤولين فيه عالي جدا شكرا لجمال المكان ونظافته ... يستاهل الزيارة,الاحساء,مكان تراثي وتاريخي,-1,,,,1,1,reviews_zenodo,,https://zenodo.org/records/16924532,static,,2026-09-13T06:19:18.696424+00:00,False
reviews_02138,جبل قارة,,أفضل مكان سياحي يمكن أن تزوره في الإحساء نظافة ترتيب حسن تعامل,الاحساء,مكان تراثي وتاريخي,,1,,1,1,,reviews_zenodo,,https://zenodo.org/records/16924532,static,,2026-09-13T06:19:18.696424+00:00,False
reviews_02139,جبل قارة,,الدخول خمسين ريال جدا مرتفع السعر المنطقه جميله حول الجبل يوجد كافيهات,الاحساء,مكان تراثي وتاريخي,-1,,1,,1,,reviews_zenodo,,https://zenodo.org/records/16924532,static,,2026-09-13T06:19:18.696424+00:00,False
reviews_02140,جبل قارة,,المكان جميل لكن تذكرة الدخول مبالغ فيها جدا جدا ولا يوجد اي خدمات مقابل هذا المبلغ المدفوع,الاحساء,مكان تراثي وتاريخي,-1,,,-1,1,,reviews_zenodo,,https://zenodo.org/records/16924532,static,,2026-09-13T06:19:18.696424+00:00,False
reviews_02141,جبل قارة,,المكان جميل بس سعره مره مرتفع للدخول بشكل مبالغ فيه,الاحساء,مكان تراثي وتاريخي,-1,,,,1,,reviews_zenodo,,https://zenodo.org/records/16924532,static,,2026-09-13T06:19:18.696424+00:00,False
reviews_02142,جبل قارة,,يستحق الزيارة /الرسوم 50يجب ان تخفض /بالداخل لايوجد شي مغارة صغيرة جدا /متحف صغير,الاحساء,مكان تراثي وتاريخي,-1,,,,1,1,reviews_zenodo,,https://zenodo.org/records/16924532,static,,2026-09-13T06:19:18.696424+00:00,False
reviews_02143,جبل قارة,,الدخول غالي ٥٠ ريال. بدون اي خدمة,الاحساء,مكان تراثي وتاريخي,-1,,,-1,,,reviews_zenodo,,https://zenodo.org/records/16924532,static,,2026-09-13T06:19:18.696424+00:00,False
reviews_02144,جبل قارة,,معلم مشرف وجميل يستحق الزيارة,الاحساء,مكان تراثي وتاريخي,,,,,1,1,reviews_zenodo,,https://zenodo.org/records/16924532,static,,2026-09-13T06:19:18.696424+00:00,False
reviews_02145,جبل قارة,,جيد ولكن مبالغ في رسوم الدخول,الاحساء,مكان تراثي وتاريخي,-1,,,,1,,reviews_zenodo,,https://zenodo.org/records/16924532,static,,2026-09-13T06:19:18.696424+00:00,False
reviews_02146,جبل قارة,,المكان جميل بس 50 ريال جدا مرتفعه 30 ريال اشوفها معقولة,الاحساء,مكان تراثي وتاريخي,-1,,,,1,,reviews_zenodo,,https://zenodo.org/records/16924532,static,,2026-09-13T06:19:18.696424+00:00,False
reviews_02147,جبل قارة,,مكان جميل ويستحق الزيارة,الاحساء,مكان تراثي وتاريخي,,,,,1,1,reviews_zenodo,,https://zenodo.org/records/16924532,static,,2026-09-13T06:19:18.696424+00:00,False
reviews_02148,جبل قارة,,الموقع سيئ جدا جلسات الكوفيات مغلقة تذكرة الدخول سعرها مبالغ فيه,الاحساء,مكان تراثي وتاريخي,-1,,-1,,-1,,reviews_zenodo,,https://zenodo.org/records/16924532,static,,2026-09-13T06:19:18.696424+00:00,False
reviews_02149,جبل قارة,,المكان يستحق الزيارة لكن تذكرة الدخول ب ٥٠ ريال لمشاهدة الجبل مرتفعه لانه لاتوجد خدمات اخرى تقدم لك!!؟,الاحساء,مكان تراثي وتاريخي,-1,,,-1,1,,reviews_zenodo,,https://zenodo.org/records/16924532,static,,2026-09-13T06:19:18.696424+00:00,False
reviews_02150,جبل قارة,,جميل جدا،. وخاصة بعد تحسين الموقع، لكن سعر تذكرة الدخول عالي مقابل الدخول فقط,الاحساء,مكان تراثي وتاريخي,-1,,,,1,,reviews_zenodo,,https://zenodo.org/records/16924532,static,,2026-09-13T06:19:18.696424+00:00,False
reviews_02151,جبل قارة,,جميل جدا تذكرة الدخول غالية جدا,الاحساء,مكان تراثي وتاريخي,-1,,,,1,,reviews_zenodo,,https://zenodo.org/records/16924532,static,,2026-09-13T06:19:18.696424+00:00,False
reviews_02152,جبل قارة,,جنيل بس التذاكر غاليه,الاحساء,مكان تراثي وتاريخي,-1,,,,1,,reviews_zenodo,,https://zenodo.org/records/16924532,static,,2026-09-13T06:19:18.696424+00:00,False
reviews_02153,جبل قارة,,جميل 👍 ورائع أنصح الجميع الذهاب إليه معلم سياحي عظيم,الاحساء,مكان تراثي وتاريخي,,,,,1,1,reviews_zenodo,,https://zenodo.org/records/16924532,static,,2026-09-13T06:19:18.696424+00:00,False
reviews_02154,جبل قارة,,مكان جيد لكن مافيه اهتمام بشكل مستمر وسعر عالي جدا مقارنه ب خدمه والي بتشوفه وحق مره وحده بس,الاحساء,مكان تراثي وتاريخي,-1,,,,1,,reviews_zenodo,,https://zenodo.org/records/16924532,static,,2026-09-13T06:19:18.696424+00:00,False
reviews_02155,جبل قارة,,المكان جميل وينقصه كثير من التطوير ورسوم التذاكر عالية جدا نامل زلتخفيض بسعر رمزي,الاحساء,مكان تراثي وتاريخي,-1,,,,1,,reviews_zenodo,,https://zenodo.org/records/16924532,static,,2026-09-13T06:19:18.696424+00:00,False
reviews_02156,جبل قارة,,المكان جميل للزيارة لمرة واحدة فقط . رسوم الدخول مبالغ فيها جدا جدا . اعتقد ١٠ ريال عادلة,الاحساء,مكان تراثي وتاريخي,-1,,,,1,0,reviews_zenodo,,https://zenodo.org/records/16924532,static,,2026-09-13T06:19:18.696424+00:00,False
reviews_02157,جبل قارة,,رووووووو عه ..تنظيم ..لكن التذاكر مبالغ فيها,الاحساء,مكان تراثي وتاريخي,-1,,,,1,,reviews_zenodo,,https://zenodo.org/records/16924532,static,,2026-09-13T06:19:18.696424+00:00,False
reviews_02158,جبل قارة,,جميل. ولكن سعر الدخول مبالغ فيه,الاحساء,مكان تراثي وتاريخي,-1,,,,1,,reviews_zenodo,,https://zenodo.org/records/16924532,static,,2026-09-13T06:19:18.696424+00:00,False
reviews_02159,جبل قارة,,شي جميل بس السعر مبالغ فيه,الاحساء,مكان تراثي وتاريخي,-1,,,,1,,reviews_zenodo,,https://zenodo.org/records/16924532,static,,2026-09-13T06:19:18.696424+00:00,False
reviews_02160,جبل قارة,,حبيت المكان يبين جمال الجبال ورعه الحضاره القديمه استمتعت بالرحله لكن رسوم الدخول ٥٠ ريال للشخص كثيره لان الرحله لاتستاهل ذا المبلغ وشكرا,الاحساء,مكان تراثي وتاريخي,-1,,,,1,,reviews_zenodo,,https://zenodo.org/records/16924532,static,,2026-09-13T06:19:18.696424+00:00,False
reviews_02161,جبل قارة,,مكان جميل لكن اسعار التذاكر غاليه جدا خصوصا للعائله,الاحساء,مكان تراثي وتاريخي,-1,,,,1,,reviews_zenodo,,https://zenodo.org/records/16924532,static,,2026-09-13T06:19:18.696424+00:00,False
reviews_02162,جبل قارة,,مكان جميل لكن الأسعار تختلف في الليل والنهار والأسعار مبالغ فيها الشخص بخمسين ريال وبعض الأيام عشرة ريال يعني الي عنده عائلة مايستحق يدفع خمسين ريال على الشخص,الاحساء,مكان تراثي وتاريخي,-1,,,,1,,reviews_zenodo,,https://zenodo.org/records/16924532,static,,2026-09-13T06:19:18.696424+00:00,False
reviews_02163,جبل قارة,,موقع جميل ولكن الاسعار مبالغ فيها,الاحساء,مكان تراثي وتاريخي,-1,,,,1,,reviews_zenodo,,https://zenodo.org/records/16924532,static,,2026-09-13T06:19:18.696424+00:00,False
reviews_02164,جبل قارة,,اتمنى يكون فيه كافيهات ومطاعم ومحلات المكان جدا جميل,الاحساء,مكان تراثي وتاريخي,,,-1,,1,,reviews_zenodo,,https://zenodo.org/records/16924532,static,,2026-09-13T06:19:18.696424+00:00,False
reviews_02165,جبل قارة,,المكان حلو ونظيف ومرتب بس السعر مبالغ فيه,الاحساء,مكان تراثي وتاريخي,-1,1,,,1,,reviews_zenodo,,https://zenodo.org/records/16924532,static,,2026-09-13T06:19:18.696424+00:00,False
reviews_02166,جبل قارة,,جميل بس السعر غالي كل مازادو الاشخاص كل ماقل السعر,الاحساء,مكان تراثي وتاريخي,-1,,,,1,,reviews_zenodo,,https://zenodo.org/records/16924532,static,,2026-09-13T06:19:18.696424+00:00,False
reviews_02167,جبل قارة,,جميل جدا جدا ومنظم ونظيف وكل شيء باللغة العربية والإنجليزية مناسب جدا للسياح والعوائل وجميع الفئات,الاحساء,مكان تراثي وتاريخي,1,1,,,1,,reviews_zenodo,,https://zenodo.org/records/16924532,static,,2026-09-13T06:19:18.696424+00:00,False
reviews_02168,جبل قارة,,من أجمل الأماكن السياحية ... فيه مقهى ( كوفي ) و متجر هدايا ... وسعر التذكرة 50 ريال ... رااااائع,الاحساء,مكان تراثي وتاريخي,,,1,,1,,reviews_zenodo,,https://zenodo.org/records/16924532,static,,2026-09-13T06:19:18.696424+00:00,False
reviews_02169,جبل قارة,,المكان جميل وتراثي ولكن تذكرة الدخول مبالغ فيها 50 ريال للشخص,الاحساء,مكان تراثي وتاريخي,-1,,,,1,,reviews_zenodo,,https://zenodo.org/records/16924532,static,,2026-09-13T06:19:18.696424+00:00,False
reviews_02170,جبل قارة,,حلييوووو مررره.. لكن السعر غالي.. الحلو الي فيه ان الاطفال مجان من اقل ١٢سنه,الاحساء,مكان تراثي وتاريخي,-1,,,,1,,reviews_zenodo,,https://zenodo.org/records/16924532,static,,2026-09-13T06:19:18.696424+00:00,False
reviews_02171,جبل قارة,,المكان جميل ويستحق الزيارة لكن كثييييير جدا عليه رسوم ٥٠ ريال فقط مقابل الدخول لأن مافيه جلسات خاصة والاغاني في كل زاوية حتى في وقت الصلاة ولا يسمح بالفرشات للخصوصية .. حقه بس تدور تتفرج وتطلع ...على الأقل لوكان الدخول بعشرة وكثير بعد ..,الاحساء,مكان تراثي وتاريخي,-1,,,,1,1,reviews_zenodo,,https://zenodo.org/records/16924532,static,,2026-09-13T06:19:18.696424+00:00,False
reviews_02172,جبل قارة,,مكان يستاهل الزيارة ممتع,الاحساء,مكان تراثي وتاريخي,,,,,1,1,reviews_zenodo,,https://zenodo.org/records/16924532,static,,2026-09-13T06:19:18.696424+00:00,False
reviews_02173,جبل قارة,,مكان جميل جدا انصح بزيارته,الاحساء,مكان تراثي وتاريخي,,,,,1,1,reviews_zenodo,,https://zenodo.org/records/16924532,static,,2026-09-13T06:19:18.696424+00:00,False
reviews_02174,جبل قارة,,صرح معماري طبيعي و صناعي ابدعت فيه محافظة الأحساء من حيث الابهار و الروعة و مستوى الامان داخل الحبل و المرافق التابعة .. يوجد كوفيهات و محل بيع العاب اطفال و محل تحف ( غير متخصص ) .. الدخول للشخص المبير ٥٠ ريال .. للصغار لم اسأل .. انصح بزيارته ليلا,الاحساء,مكان تراثي وتاريخي,,,1,,1,,reviews_zenodo,,https://zenodo.org/records/16924532,static,,2026-09-13T06:19:18.696424+00:00,False
reviews_02175,جبل قارة,,مكان جميل بس ياريت يتم تخفيض سعر الدخول بس ينفع حق التصوير,الاحساء,مكان تراثي وتاريخي,-1,,,,1,,reviews_zenodo,,https://zenodo.org/records/16924532,static,,2026-09-13T06:19:18.696424+00:00,False
reviews_02176,جبل قارة,,لايستحق زيارة وخسارة المشوار لي رحت له الشخص ب٥٠ ريال على ايش ومبالغ في السعر لم ادخل ولايوجد شي,الاحساء,مكان تراثي وتاريخي,-1,,,,,-1,reviews_zenodo,,https://zenodo.org/records/16924532,static,,2026-09-13T06:19:18.696424+00:00,False
reviews_02177,جبل قارة,,مكان جدا جميل ورائع والكهف منحوت بطريقة عجيبة سبحان الله،، ايضا الكهف بارد وهواء منعش بالرغم من حرارة الجو في الخارج لكن الدخول للواحد ب٥٠ ريال مفتوح طول ايام الأسبوع ماعدا الثلاثاء انصح بزيارته,الاحساء,مكان تراثي وتاريخي,,,,,1,1,reviews_zenodo,,https://zenodo.org/records/16924532,static,,2026-09-13T06:19:18.696424+00:00,False
reviews_02178,جبل قارة,,محل راقي والخدمة جميلة,الاحساء,مكان تراثي وتاريخي,,,,1,1,,reviews_zenodo,,https://zenodo.org/records/16924532,static,,2026-09-13T06:19:18.696424+00:00,False
reviews_02179,جبل قارة,,ممل لان الفرد 50 ريال ومايسوى الا للزائر الجديد اللي من خارج المنطقه,الاحساء,مكان تراثي وتاريخي,-1,,,,,-1,reviews_zenodo,,https://zenodo.org/records/16924532,static,,2026-09-13T06:19:18.696424+00:00,False
reviews_02180,جبل قارة,,المكان رائع ويستحق الزيارة.. نتطلع الى مزيد من التطوير المستمر,الاحساء,مكان تراثي وتاريخي,,,,,1,1,reviews_zenodo,,https://zenodo.org/records/16924532,static,,2026-09-13T06:19:18.696424+00:00,False
reviews_02181,جبل قارة,,تم تطوير الموقع بشكل جيد جدا إلا أن رسم الدخول مبالغ فيه للغاية.,الاحساء,مكان تراثي وتاريخي,-1,,,,1,,reviews_zenodo,,https://zenodo.org/records/16924532,static,,2026-09-13T06:19:18.696424+00:00,False
reviews_02182,جبل قارة,,ممتاز ولكن ملاحظات تذاكر الدخول ٥٠ ريال غاليه جدا مقارنة بالخدمه المقدمه الطريق الى الموقع سيئه جدا وضيقه ...,الاحساء,مكان تراثي وتاريخي,-1,,,,1,0,reviews_zenodo,,https://zenodo.org/records/16924532,static,,2026-09-13T06:19:18.696424+00:00,False
reviews_02183,جبل قارة,,تسليك وسعر الدخول غالي مقابل الخدمة والمكان، والمقاهي المجاورة فاحشة في الغلاء على غير سنع. اتمنى يتطور وتنقص اسعاره. 🙃,الاحساء,مكان تراثي وتاريخي,-1,,-1,-1,-1,,reviews_zenodo,,https://zenodo.org/records/16924532,static,,2026-09-13T06:19:18.696424+00:00,False
reviews_02184,جبل قارة,,احد حضارات الاحساء الحبيبة والاثرية ، مكان جميل وابداع الله في صنعه يجعلك تتأمل كثيرا في مناظر الصخور والمكان من الداخل بارد سواء كان في الشتاء او الصيف ، يعيبه ان سعر التذكرة للشخص الواحد ٥٠ ريال !! ارى ان سعر مبالغ فيه جدا ويجعلني عدم ...,الاحساء,مكان تراثي وتاريخي,-1,,,,1,,reviews_zenodo,,https://zenodo.org/records/16924532,static,,2026-09-13T06:19:18.696424+00:00,False
reviews_02185,جبل قارة,,مكان رائع فية الكثير من التأمل و التفكير و التساؤل يستحق الزيارة,الاحساء,مكان تراثي وتاريخي,,,,,1,1,reviews_zenodo,,https://zenodo.org/records/16924532,static,,2026-09-13T06:19:18.696424+00:00,False
reviews_02186,جبل قارة,,مكان جميل استمتعنا مع العائله والاطفال انبسطوا.. اجواء جميله.. الدخول للشخص البالغ كان ب50 ريال المكان مناسب لجميع الاعمار,الاحساء,مكان تراثي وتاريخي,,,,,1,1,reviews_zenodo,,https://zenodo.org/records/16924532,static,,2026-09-13T06:19:18.696424+00:00,False
reviews_02187,جبل قارة,,وجهة سياحية جميلة ورائعة بعد التطوير اتمنى تخفيض تذكرة الدخول 50 ريال غالية جدا خاصة لمن لديه عائلة ستكون تكلفة الدخول باهضة وربما يلغي دخوله لهذا الجبل العجيب,الاحساء,مكان تراثي وتاريخي,-1,,,,1,,reviews_zenodo,,https://zenodo.org/records/16924532,static,,2026-09-13T06:19:18.696424+00:00,False
reviews_02188,جبل قارة,,جبل تاريخي و عريق وسياحي يستحق الزيارة,الاحساء,مكان تراثي وتاريخي,,,,,1,1,reviews_zenodo,,https://zenodo.org/records/16924532,static,,2026-09-13T06:19:18.696424+00:00,False
reviews_02189,جبل قارة,,سعر مرتفع للدخول لا يستحقه ابدا مقارنة بالأماكن السياحية في المنطقة وداخل الجبل فارغ.. الخدمات عادية جدا.,الاحساء,مكان تراثي وتاريخي,-1,,,-1,-1,,reviews_zenodo,,https://zenodo.org/records/16924532,static,,2026-09-13T06:19:18.696424+00:00,False
reviews_02190,جبل قارة,,تذاكر ب 50 ريال مبالغ فيه جدا ، تجربة لن تتكرر ، تذاكري اللي صرفتها آخذ اطلق شاليه بإحدى الدول المجاورة,الاحساء,مكان تراثي وتاريخي,-1,,,,,-1,reviews_zenodo,,https://zenodo.org/records/16924532,static,,2026-09-13T06:19:18.696424+00:00,False
reviews_02191,جبل قارة,,قيمة تذكرة الدخول للشخص ٥٠ ريال مبالغة جدا وبشكل عام لا يستحق الزيارة,الاحساء,مكان تراثي وتاريخي,-1,,,,,-1,reviews_zenodo,,https://zenodo.org/records/16924532,static,,2026-09-13T06:19:18.696424+00:00,False
reviews_02192,جبل قارة,,رسوم مبالغ فيها نظير لاشيء من الخدمات,الاحساء,مكان تراثي وتاريخي,-1,,,-1,,,reviews_zenodo,,https://zenodo.org/records/16924532,static,,2026-09-13T06:19:18.696424+00:00,False
reviews_02193,جبل قارة,,معلم جيد و ثري بالمعلومات الآثريه و عحبني التطور فيه و لكن يفتقد لنظافة دورة المياه و عدد الحمامات قليله جدا و المصلى مغلق ؟!!!!! و النساء يصلون على سجاد عند الدرج,الاحساء,مكان تراثي وتاريخي,,-1,-1,,1,,reviews_zenodo,,https://zenodo.org/records/16924532,static,,2026-09-13T06:19:18.696424+00:00,False
reviews_02194,جبل قارة,,البحرين مليان قلاع وحضارات وداخلها مقاهي راقيه والدخول مجانا ، تجي انت تحط لي مبلغ وقدرة على جبل فاضي اخاف انت اللي سويته بعد ؟,الاحساء,مكان تراثي وتاريخي,-1,,,,-1,,reviews_zenodo,,https://zenodo.org/records/16924532,static,,2026-09-13T06:19:18.696424+00:00,False
reviews_02195,جبل قارة,,اذا انتم عائله خمس اشخاص مايسوا المشوار لان راح تدفع ٢٥٠ ريال والمكان مايستاهل ١٠ ريال,الاحساء,مكان تراثي وتاريخي,-1,,,,-1,,reviews_zenodo,,https://zenodo.org/records/16924532,static,,2026-09-13T06:19:18.696424+00:00,False
reviews_02196,جبل قارة,,مكان يستحق الزياره,الاحساء,مكان تراثي وتاريخي,,,,,1,1,reviews_zenodo,,https://zenodo.org/records/16924532,static,,2026-09-13T06:19:18.696424+00:00,False
reviews_02197,جبل قارة,,اسعار الدخول مبالغ فيها سوء في التنظيم,الاحساء,مكان تراثي وتاريخي,-1,,,-1,,,reviews_zenodo,,https://zenodo.org/records/16924532,static,,2026-09-13T06:19:18.696424+00:00,False
reviews_02198,جبل قارة,,المكان يستحق الزيارة كمعلم من معالم الأحساء. لكن قيمة تذكره للشخص ب٥٠ ريال والله حرااام لان مافيه شي داخل من فعاليات مثلا او اسواق داخليه او شي يستحق الجلوس غير المرور داخل الجبل. ...,الاحساء,مكان تراثي وتاريخي,-1,,-1,,1,1,reviews_zenodo,,https://zenodo.org/records/16924532,static,,2026-09-13T06:19:18.696424+00:00,False
reviews_02199,جبل قارة,,يستحق الزيارة هذا الجبل خصوصا بعد التحسينات اسعار التذاكر غاليه,الاحساء,مكان تراثي وتاريخي,-1,,,,1,1,reviews_zenodo,,https://zenodo.org/records/16924532,static,,2026-09-13T06:19:18.696424+00:00,False
reviews_02200,جبل قارة,,جميييل جدا بس 50 ريال مبالغ فالسعر مقارنة باللي اشوفة ولو فيه عائلة حالها ميسور وتبي تشوف المعلم الرائع لو عددهم 4 اشخاص كثير عليكم لو تكون الرسوم من 10-20 كويس,الاحساء,مكان تراثي وتاريخي,-1,,,,1,,reviews_zenodo,,https://zenodo.org/records/16924532,static,,2026-09-13T06:19:18.696424+00:00,False
reviews_02201,جبل قارة,,جميل جدا يستاهل المشوار,الاحساء,مكان تراثي وتاريخي,,,,,1,1,reviews_zenodo,,https://zenodo.org/records/16924532,static,,2026-09-13T06:19:18.696424+00:00,False
reviews_02202,جبل قارة,,مكان تاريخي يستحق الزيارة مطور الموقع ويوجد خدمات ومسجد ومحلات سعر التذكره للشخص اكبر من 12 سنه 50 ريال,الاحساء,مكان تراثي وتاريخي,,,1,,1,1,reviews_zenodo,,https://zenodo.org/records/16924532,static,,2026-09-13T06:19:18.696424+00:00,False
reviews_02203,جبل قارة,,جبل رائع ومعلم سياحي جميل جدا و معتنى به بشكل ممتاز,الاحساء,مكان تراثي وتاريخي,,,,,1,1,reviews_zenodo,,https://zenodo.org/records/16924532,static,,2026-09-13T06:19:18.696424+00:00,False
reviews_02204,جبل قارة,,جيد جدا بس رسوم الدخول ب ٥٠ ريال بصراحه غالي لان فيه ناس ماتستطيع على المبلغ هذا المفروض الرسوم ماتتعدا ١٥ ريال,الاحساء,مكان تراثي وتاريخي,-1,,,,0,,reviews_zenodo,,https://zenodo.org/records/16924532,static,,2026-09-13T06:19:18.696424+00:00,False
reviews_02205,جبل قارة,,موقع رائع يستحق فعلا الزيارة,الاحساء,مكان تراثي وتاريخي,,,,,1,1,reviews_zenodo,,https://zenodo.org/records/16924532,static,,2026-09-13T06:19:18.696424+00:00,False
reviews_02206,جبل قارة,,مكان رائع وهادى ونظيف تجربة جدا رائعه بين الجبال سبحان الخالق للجبال هيبه صامته ومناظر طبيعيه جميله سوف تاسركم اذا كنتم من محبين الطبيعه,الاحساء,مكان تراثي وتاريخي,,1,,,1,,reviews_zenodo,,https://zenodo.org/records/16924532,static,,2026-09-13T06:19:18.696424+00:00,False
reviews_02207,جبل قارة,,للأسف سياحة منفرة دخول ب 50ريال ليه عساني مادخلت مش بخلا لكن لمنع الاستغلال ولازم نفرق بين مكان طبيعة من صنع الخالق ومكان من انشاء البشر الاولى اجعلها مجانية والثانية هي املاكك وبراحتك تمنع الناس برفع رسومك,الاحساء,مكان تراثي وتاريخي,-1,,,,,-1,reviews_zenodo,,https://zenodo.org/records/16924532,static,,2026-09-13T06:19:18.696424+00:00,False
reviews_02208,جبل قارة,,لا يستحق الزيارة مبالغ في قيمة التذكره,الاحساء,مكان تراثي وتاريخي,-1,,,,,-1,reviews_zenodo,,https://zenodo.org/records/16924532,static,,2026-09-13T06:19:18.696424+00:00,False
reviews_02209,جبل قارة,,الجبل هذا جميل ويعتبر محطه للزوار لاكن مع الاسف سالفه ادفع ٥٠ ريال ليش غالي والجبل ماهو مالكه احد حتى ادفع له ٥٠ المفروض بلاش وله تقولي حنا ننظف ونهتم وله تنور المحل خليه على خلقت ربنا وابتعدي الزوار,الاحساء,مكان تراثي وتاريخي,-1,,,,1,,reviews_zenodo,,https://zenodo.org/records/16924532,static,,2026-09-13T06:19:18.696424+00:00,False
reviews_02210,جبل قارة,,مكان جميل لكن رسوم الدخول مبالغ فيها خمسين ريال للشخص يعني من لديه اربعه اشخاص 200 لدخول لكهف كل دول العالم الدخول الاماكن السياحيه المواطن سعر رمزي غير السايح الاجنبي ارجو من المسولين مراجعة الاسعار,الاحساء,مكان تراثي وتاريخي,-1,,,,1,,reviews_zenodo,,https://zenodo.org/records/16924532,static,,2026-09-13T06:19:18.696424+00:00,False
reviews_02211,جبل قارة,,المنظر جميل والترتيب جميل ولاكن كان ينقصه تكييف او مراوح بعض الاماكن تحس انك انكتمت و الدخول ب٥٠ ريال احسها عاليه جدا ولا يوجد شي غير الجبل والمناظر الدخول في مدينه جواثا السياحيه الدخول ب ١٠ ريال والمناظر افضل والخدمات افضل بكثير 👌👍,الاحساء,مكان تراثي وتاريخي,-1,,-1,,1,,reviews_zenodo,,https://zenodo.org/records/16924532,static,,2026-09-13T06:19:18.696424+00:00,False
reviews_02212,جبل قارة,,منطقه جميله جدا وتحتاج الى اكثر من يوم لكي تقوم بتغطيتها بشكل كامل لاحظه سعر التذكره مبالغ حيث تكلف التذكره ٥٠ ريال سعودي للفرد الواحد,الاحساء,مكان تراثي وتاريخي,-1,,,,1,,reviews_zenodo,,https://zenodo.org/records/16924532,static,,2026-09-13T06:19:18.696424+00:00,False
reviews_02213,جبل قارة,,تكلفة الدخول مرتفعة جدا وغير مناسبة لما هو متواجد في الداخل و المصور ميمورايز حرامي يخبرك الصورة مجانية ووقت الاستلام يطلب فلوس,الاحساء,مكان تراثي وتاريخي,-1,,,-1,,,reviews_zenodo,,https://zenodo.org/records/16924532,static,,2026-09-13T06:19:18.696424+00:00,False
reviews_02214,جبل قارة,,مكان تاريخي في مدينة الاحساء ياخذك في رحلة جميلة وممتعة عبر العصور القديمة، يجذب الكثير من السياح وتلتف حوله العديد من المطاعم والمقاهي والمحلات بإطلالة تراثية مبهرة جدا,الاحساء,مكان تراثي وتاريخي,,,1,,1,,reviews_zenodo,,https://zenodo.org/records/16924532,static,,2026-09-13T06:19:18.696424+00:00,False
reviews_02215,جبل قارة,,مكان أثري جميل أنصح من يبحث عن السياحة الحقيقية في الشرقية ان يزور جبل القارة. المكان نظيف ومرتب ولا خوف على احضار الاطفال للمكان. شكل الصخور المنحوتة من إبداع الخااق عز وجل لا شريك له. ...,الاحساء,مكان تراثي وتاريخي,,1,,,1,,reviews_zenodo,,https://zenodo.org/records/16924532,static,,2026-09-13T06:19:18.696424+00:00,False
reviews_02216,جبل قارة,,المكان جمييييل بس سعر التذكره مبالغ فيه,الاحساء,مكان تراثي وتاريخي,-1,,,,1,,reviews_zenodo,,https://zenodo.org/records/16924532,static,,2026-09-13T06:19:18.696424+00:00,False
reviews_02217,جبل قارة,,مكان مرتب وجميل لكن سعره مره غالي الجبل صغير ومافيه شي غريب مره والطريق اليه صعب,الاحساء,مكان تراثي وتاريخي,-1,,-1,,1,,reviews_zenodo,,https://zenodo.org/records/16924532,static,,2026-09-13T06:19:18.696424+00:00,False
reviews_02218,جبل قارة,,٥٠ ريال مبالغ فيه ١٠ ريال واجد عليه مافيه ذاك الزود بس ممتع وشي غريب,الاحساء,مكان تراثي وتاريخي,-1,,,,0,,reviews_zenodo,,https://zenodo.org/records/16924532,static,,2026-09-13T06:19:18.696424+00:00,False
reviews_02219,جبل قارة,,سيء وغالي عالفاضي,الاحساء,مكان تراثي وتاريخي,-1,,,,-1,,reviews_zenodo,,https://zenodo.org/records/16924532,static,,2026-09-13T06:19:18.696424+00:00,False
reviews_02220,جبل قارة,,للاسف مافيه اي دعم للسياحه ماني فاهم ليه الدخول ٥٠ ؟؟ حتى افخم المتاحف برا ماخلوا الدخول ب ٥٠ وكل شي مسكر حوله عكس اللي سمعنا تماما مكان ميت,الاحساء,مكان تراثي وتاريخي,-1,,,,-1,,reviews_zenodo,,https://zenodo.org/records/16924532,static,,2026-09-13T06:19:18.696424+00:00,False
reviews_02221,جبل قارة,,كنت في تشوق كبير ان ارى ذلك المعلم السياحي الشهير و بالفعل هو كذلك جميل و ممتع ان تقضي ساعه الى ساعه و نصف فيه تشكيلات الجبال الصخرية و النحت في الصخور تتمثل فيه عظمة الخالق سبحانه لكن سعر الدخول مبالغ جدا فيه حيث لا يوجد مرشدين لكن على كل حال استمتعت انا واهلي فيه,الاحساء,مكان تراثي وتاريخي,-1,,,-1,,1,reviews_zenodo,,https://zenodo.org/records/16924532,static,,2026-09-13T06:19:18.696424+00:00,False
reviews_02222,جبل قارة,,مكان سياحي جميل وعائلتي.. شي من الطبيعه جديد.. المكان مرتب. تنوع الطبيعه.. بين الجبال.بين واحات الأحساء الجميله.. والمناخ البارد في الصيف. داخل الجبال من الأشياء الغريبه. .. يستحق الزياره,الاحساء,مكان تراثي وتاريخي,,,,,1,1,reviews_zenodo,,https://zenodo.org/records/16924532,static,,2026-09-13T06:19:18.696424+00:00,False
reviews_02223,جبل قارة,,اسعار مبالغ جدا جدا فيها قيمة الشخص الواحد ٥٠ ريال ولا يوجد اي مرشد سياحي ولا اي خدمات تقدم لك بمجرد تدفع التذكره انتهت هنا وظيفتهم الشخص العادي وصاحب العائله الكبيره من الصعب عليه الدخول ولا توجد اي اضافات فقط الانوار ومكان عادي جدا جدا اتمنى أعاده تسعيره التذاكر لكي يستطيع العموم الدخول,الاحساء,مكان تراثي وتاريخي,-1,,,-1,,,reviews_zenodo,,https://zenodo.org/records/16924532,static,,2026-09-13T06:19:18.696424+00:00,False
reviews_02224,جبل قارة,,موقع اثري و مميز يستحق الزياره. خصوصا بعد التطوير. نتمنى مزيد الخدمات والتقدم.,الاحساء,مكان تراثي وتاريخي,,,,,1,1,reviews_zenodo,,https://zenodo.org/records/16924532,static,,2026-09-13T06:19:18.696424+00:00,False
reviews_02225,جبل قارة,,الدخول للشخص ٥٠ ريال غالي جدا جدا ولايوجد فعاليات بالداخل، و ١٠ ريال للشخص بعد الساعة ٨ مساء، شافوا التاس ماتجي بسبب السعر يبون يجربون يحطونه ١٠ ريال هل تجي الناس او لا، مايستاهل ٥٠ ريال، ارقوا من الجانب الاخر افضل,الاحساء,مكان تراثي وتاريخي,-1,,,,,-1,reviews_zenodo,,https://zenodo.org/records/16924532,static,,2026-09-13T06:19:18.696424+00:00,False
reviews_02226,جبل قارة,,الصراحه انا ملاحظتي على سعر المبالغ فيه 50ريال مبلغ كبير رغم ان اغلب الاماكن الاثريه بالمملكه دخولها مجاني او بسعر رمزي تشجيعي اتمنى النظر في سعر رسوم الدخول,الاحساء,مكان تراثي وتاريخي,-1,,,,,-1,reviews_zenodo,,https://zenodo.org/records/16924532,static,,2026-09-13T06:19:18.696424+00:00,False
reviews_02227,جبل قارة,,مكان رائع وجميل وممتع يستحق الزيارة ..اشكال الصخور الغريبة و الممرات خلال الجبل رائعه سبحان الخالق وايضا يوجد كوفي ومحل لبيع السوفينيرات والدخول بسعر رمزي,الاحساء,مكان تراثي وتاريخي,1,,,,1,1,reviews_zenodo,,https://zenodo.org/records/16924532,static,,2026-09-13T06:19:18.696424+00:00,False
reviews_02228,جبل قارة,,جميل جدا الترتيب ولكن تسعيرته مرتفعة خاصة ان مافي أي فعالية داخل ٥٠ ريال لأي شخص أكبر من ١٤ سنة، ياليت يزيدون المقاهي والأسواق الشعبية، ما لقيت إلا محل واحد يبيع بخور وعود ومقهى واحد ما جلست فيه ومحل العاب وتعليم مبكر فقط,الاحساء,مكان تراثي وتاريخي,-1,,0,,1,,reviews_zenodo,,https://zenodo.org/records/16924532,static,,2026-09-13T06:19:18.696424+00:00,False
reviews_02229,جبل قارة,,مغارة جبل قارة معروف ومكان جميل والدخول بصراحة غالي ٥٠ ريال للشخص والي تحت ١٣ مجانا لكن القروبات تكون التذكرة ب ١٧ ريال فرق كبير لهذا افضل شي تشوف قروب ياخذ لك تذاكر ولا فيها اشياء كثير غير تسلق للجبل وتاخذ تمشيه في المغارة ويوجد في الخارج جلسات,الاحساء,مكان تراثي وتاريخي,-1,,1,,1,,reviews_zenodo,,https://zenodo.org/records/16924532,static,,2026-09-13T06:19:18.696424+00:00,False
reviews_02230,جبل قارة,,ممتاز لكن لو يتم تخفيض مبلغ الدخول إلى ٢٠ ريال وزيادة الجلسات الداخلية بالإضافة لتهيئة سلم للصعود أعلى الجبل لمشاهدة منظر مزارع الاحساء الجميلة من الأعلى,الاحساء,مكان تراثي وتاريخي,-1,,,,1,,reviews_zenodo,,https://zenodo.org/records/16924532,static,,2026-09-13T06:19:18.696424+00:00,False
reviews_02231,جبل قارة,,الموقع جميل بغض النظر عن الايجابيات خلونا نشوف الشي السلبي عشان يصحح الوضع للأفضل الشيء السلبي هو السعر المبالغ فيه لو كان السعر رمزي 10 او 15 بالكثير كان حطيت التقييم 5 بس للأسف دائم حاول أنك تجذب الزائر لكن بسعر مناسب غير مبالغ فيه ،، وشكرا,الاحساء,مكان تراثي وتاريخي,-1,,,,1,,reviews_zenodo,,https://zenodo.org/records/16924532,static,,2026-09-13T06:19:18.696424+00:00,False
reviews_02232,جبل قارة,,الخدمة سيئة للغاية والإدارة غير متعاونين يستقبلون قروبات سياحية ويمنعونك من الدخول إلى حين إنتهاء المجموعة السياحية بحجة أنه وفد وزاري. تدفع فلوس وتلقى خدمة سيئة ولا تستاهل ضياع الوقت. ...,الاحساء,مكان تراثي وتاريخي,,,,-1,,-1,reviews_zenodo,,https://zenodo.org/records/16924532,static,,2026-09-13T06:19:18.696424+00:00,False
reviews_02233,جبل قارة,,مغارة تستحق الزيارة جميلة رغم حرارة الجو لكن داخلها الهواء بارد,الاحساء,مكان تراثي وتاريخي,,,,,1,1,reviews_zenodo,,https://zenodo.org/records/16924532,static,,2026-09-13T06:19:18.696424+00:00,False
reviews_02234,جبل قارة,,سعر الدخول مبالغ فيه جدا 50 ريال للشخص البالغ دخول صاله يوجد بها مجسمات فلين لمباني قديمه ...,الاحساء,مكان تراثي وتاريخي,-1,,,,,-1,reviews_zenodo,,https://zenodo.org/records/16924532,static,,2026-09-13T06:19:18.696424+00:00,False
reviews_02235,جبل قارة,,معلم طبيعي رائع جدا والمغارة باردة صيفا دافئه شتاء وهو يطل على أربع قرى ولابد من زيارة هذا الموقع الجميل والفريد من نوعه,الاحساء,مكان تراثي وتاريخي,,,,,1,1,reviews_zenodo,,https://zenodo.org/records/16924532,static,,2026-09-13T06:19:18.696424+00:00,False
reviews_02236,جبل قارة,,موقع سياحي جميل ولكن عيبه سعر تذاكر الدخول عاليه 50 ريال الشخص,الاحساء,مكان تراثي وتاريخي,-1,,,,1,,reviews_zenodo,,https://zenodo.org/records/16924532,static,,2026-09-13T06:19:18.696424+00:00,False
reviews_02237,جبل قارة,,معلم تاريخي جميل ومنطقه نظيفه ولكن يؤسفني ان اضع ثلاث نجمات لأسباب واضحه وهادفه قد يتفق ويختلف فيه الكثير وهي كالتالي: سعر الدخول ٥٠ریال لكل فرد بدون تقديم اي خدمات. ...,الاحساء,مكان تراثي وتاريخي,-1,1,,-1,1,,reviews_zenodo,,https://zenodo.org/records/16924532,static,,2026-09-13T06:19:18.696424+00:00,False
reviews_02238,جبل قارة,,الاسعار غاليه وللاسف ذهبت لزياره الموقع يوم ثلاثاء واتضح انه مغلق ولا يفتح دون اي توضيح مسبق,الاحساء,مكان تراثي وتاريخي,-1,,,,,-1,reviews_zenodo,,https://zenodo.org/records/16924532,static,,2026-09-13T06:19:18.696424+00:00,False
reviews_02239,جبل قارة,,تذكرة الدخول ٥٠للشخص ١٣سنة فما فوق، السعر مبالغ فيه مقابل خدمات دورات المياة السيئة ،التذكرة تشمل خصم لبعض انواع الكوفي الموجوده،توجد لديه مجموعه من المطاعم والجلسات المرتبه، ممتع لكن لأهل المنطقه، مايحتاج تتعنى من بعيد علشانه😅، يحتاج لوجود فعاليات,الاحساء,مكان تراثي وتاريخي,-1,,-1,,,,reviews_zenodo,,https://zenodo.org/records/16924532,static,,2026-09-13T06:19:18.696424+00:00,False
reviews_02240,جبل قارة,,مكان ممتاز جدا واهتمام ونظافه الي ابعد حد الدخول الشخص من العمر سنه الي ١٣ سنه مجانا ...,الاحساء,مكان تراثي وتاريخي,,1,,,1,,reviews_zenodo,,https://zenodo.org/records/16924532,static,,2026-09-13T06:19:18.696424+00:00,False
reviews_02241,جبل قارة,,التذكره للشخص ٥٠ ريال المكان رهيب ومن الآخر وانصح فيه للي لم تسبق له الزياره من قبل . ...,الاحساء,مكان تراثي وتاريخي,,,,,1,1,reviews_zenodo,,https://zenodo.org/records/16924532,static,,2026-09-13T06:19:18.696424+00:00,False
reviews_02242,جبل قارة,,المعلم تاريخي جميل، سعر التذكرة للشخص 50 ريال تعتبر غالية تشمل معرض أرض الحضارات والدخول للكهف منظم وفيه لوح إرشادية ، من سلبياته عدم صيانة المكان بشكل مثالي يتطلب اهتمام أكبر من أمانة الأحساء كونها عاصمة السياحة العربية 2019 المكان ينقصه ...,الاحساء,مكان تراثي وتاريخي,-1,,,,1,,reviews_zenodo,,https://zenodo.org/records/16924532,static,,2026-09-13T06:19:18.696424+00:00,False
reviews_02243,جبل قارة,,يمكنك أن ترى هناك أحد المغاراة الطبيعية الفريدة مكان يستحق الزيارة في الاحساء,الاحساء,مكان تراثي وتاريخي,,,,,1,1,reviews_zenodo,,https://zenodo.org/records/16924532,static,,2026-09-13T06:19:18.696424+00:00,False
reviews_02244,جبل قارة,,المكان جميل جدا .... الدخول للكبار 50 ريال ..والصغار مجانا .. قد يعتبر المبلغ مرتفع لدى بعض العائلات,الاحساء,مكان تراثي وتاريخي,-1,,,,1,,reviews_zenodo,,https://zenodo.org/records/16924532,static,,2026-09-13T06:19:18.696424+00:00,False
reviews_02245,جبل قارة,,بصراحه مكان جمييييل وابهرني وجوده في الأحساء، والقائمين عليه بصراحه تصميم وترتيب يبهرك ويستحق الزياره، ينقصه اضافه مطعم واضافه كوفي مناسب وألعاب للأطفال، وايضا مهمل في التسويق يعني خلو العالم كله يعزف عنه,الاحساء,مكان تراثي وتاريخي,,,1,,1,1,reviews_zenodo,,https://zenodo.org/records/16924532,static,,2026-09-13T06:19:18.696424+00:00,False
reviews_02246,جبل قارة,,جميل و لكن سعر الدخول مبالغ فيه,الاحساء,مكان تراثي وتاريخي,-1,,,,1,,reviews_zenodo,,https://zenodo.org/records/16924532,static,,2026-09-13T06:19:18.696424+00:00,False
reviews_02247,جبل قارة,,ستحق الزياره مرتب قبل الدخول الى جبل و يوجد اكثر من نشاط الجبل بارد حتى بصيف انا ما اخذت معي جاكيت لكن كان لطيف داخل,الاحساء,مكان تراثي وتاريخي,,,,,1,1,reviews_zenodo,,https://zenodo.org/records/16924532,static,,2026-09-13T06:19:18.696424+00:00,False
reviews_02248,جبل قارة,,مكان جدااجميل واغلب ابناء الوطن لايعرفون عنه شي كهوف ومغارات جداجميلة المكان من الداخل رائع ويحتاج الى بعض الاهتمام اكثر ...,الاحساء,مكان تراثي وتاريخي,,,,,1,1,reviews_zenodo,,https://zenodo.org/records/16924532,static,,2026-09-13T06:19:18.696424+00:00,False
reviews_02249,جبل قارة,,غاليه التذاكر ومع الاسف لم يستغل بالشكل الجاذب الي يجعلني ازوره اكثر من مررره لكن (النظافه)مرره عاليه ومميزه يشكرون عليها لكن لايوجد شي جديد سوى المغاره تم ترتيبها وتنظيفها لكن لايوجد مقاهي قبل دخول المغارة,الاحساء,مكان تراثي وتاريخي,-1,1,-1,,1,,reviews_zenodo,,https://zenodo.org/records/16924532,static,,2026-09-13T06:19:18.696424+00:00,False
reviews_02250,جبل قارة,,المكان رائع لكن الدخول كان في اجازة وكان سعره مبااااااالغ فيه الشخص الواحد عشان يدخل ويشوف المغارة فقط بسعر ٥٠ ريال وهذا سعر مبالغ فيه مقابل الخدمة المقدمة ...,الاحساء,مكان تراثي وتاريخي,-1,,,,1,,reviews_zenodo,,https://zenodo.org/records/16924532,static,,2026-09-13T06:19:18.696424+00:00,False
reviews_02251,جبل قارة,,لو فيه اقل من نجمة عطيته استغلال مو طبيعي جاي من الخبر وبطريقي للخرج قلت امر اخذ سياحة بالاحساء يوم وتحسفت دخولية شخصين ب ١٠٠ ريال وبالليل ومعي طفلين شفنا الجبل فقط ومافيه اي فعاليات داخل ...,الاحساء,مكان تراثي وتاريخي,-1,,-1,,,-1,reviews_zenodo,,https://zenodo.org/records/16924532,static,,2026-09-13T06:19:18.696424+00:00,False
reviews_02252,جبل قارة,,منطقة جبليةاثرية تراثية جميلة من عجائب الجبال في منطقة الاحساء بالسعودية . . خيالية عند دخولك بداخل فجوات الجبال تشعر بالهواء البارد صيفا . . وفي الشتاء تشعر بالدفئ مكان جميل بالفعل,الاحساء,مكان تراثي وتاريخي,,,,,1,1,reviews_zenodo,,https://zenodo.org/records/16924532,static,,2026-09-13T06:19:18.696424+00:00,False
reviews_02253,جبل قارة,,طبعا الجبل زرته قبل يكون فيه دخولية والمكان معلم سياحي ولازم تزوره اذا كنت اول مرة تزور الاحساء ...,الاحساء,مكان تراثي وتاريخي,,,,,1,1,reviews_zenodo,,https://zenodo.org/records/16924532,static,,2026-09-13T06:19:18.696424+00:00,False
reviews_02254,جبل قارة,,مكان جميل ومرتب واحد معالم محافظة الأحساء يستحق الزيارة ينقصه بعض المطاعم ودورات مياه داخل الجبل .تتميز السراديب الموجودة داخل الجبل الهواء البارد سبحان الله 👍,الاحساء,مكان تراثي وتاريخي,,,-1,,1,,reviews_zenodo,,https://zenodo.org/records/16924532,static,,2026-09-13T06:19:18.696424+00:00,False
reviews_02255,جبل قارة,,مكان رائع لكن رسوم الدخول مبالغ جدا فيها متحف الملك عبدالعزيز في الرياض اكبر واكثر ابداع كانت رسومة رمزيه لو تخفض رسوم الدخول بيكون تجربة رائعة لزوار الأحساء لانه دخلته وحسيت الرسوم مبالغ فيها جدا,الاحساء,مكان تراثي وتاريخي,-1,,,,1,,reviews_zenodo,,https://zenodo.org/records/16924532,static,,2026-09-13T06:19:18.696424+00:00,False
reviews_02256,جبل قارة,,المكان يستحق الزياره لكن الرسوم عاليه رغم انهم تعبانين فيه,الاحساء,مكان تراثي وتاريخي,-1,,,,1,1,reviews_zenodo,,https://zenodo.org/records/16924532,static,,2026-09-13T06:19:18.696424+00:00,False
reviews_02257,جبل قارة,,سبق إن زرت هذا المكان أكثر من مرة في السنوات الماضية ، وكان الدخول مجانا .. ولكنني تفاجأت عند زيارتي الأخيرة له ، أنه أصبح هناك رسوم 50 ريال على الشخص الواحد !!! ...,الاحساء,مكان تراثي وتاريخي,-1,,,,,-1,reviews_zenodo,,https://zenodo.org/records/16924532,static,,2026-09-13T06:19:18.696424+00:00,False
reviews_02258,جبل قارة,,جبل مهيب وبه مغاره طويله ومتشعبه وبارده صيفآ ويستحق الزياره,الاحساء,مكان تراثي وتاريخي,,,,,1,1,reviews_zenodo,,https://zenodo.org/records/16924532,static,,2026-09-13T06:19:18.696424+00:00,False
reviews_02259,جبل قارة,,المكان اكثر من رائع وهو عبارة عن تكوينات صخرية تششكلة من آلاف السنين بسب الرياح والامطار به العديد من الكهوف الجميلة يتوفر بالموقع مقاهي ومطاعم انصح. بشدة بزيارة هذا الموقع الساحر,الاحساء,مكان تراثي وتاريخي,,,1,,1,1,reviews_zenodo,,https://zenodo.org/records/16924532,static,,2026-09-13T06:19:18.696424+00:00,False
reviews_02260,جبل قارة,,جبل القارة تحسن كثيرا كمقصد سياحي ... يحتاج الى النظر في اسعار الدخول و نوعية المطاعم الموجود والتي تفتقر الى التنوع و النظافه و إبراز المطبخ الحساوي... أيضا لو كان هناك اركان للأسر المنتجه كالمشغولات اليدويه و المحليه. يفتقد وجود قهوة شعبيه.. وتمنى إظهار الفن و الفلكلور الحساوي.مركز الهديا التذكارية المحلية الصنع.,الاحساء,مكان تراثي وتاريخي,-1,-1,-1,,1,,reviews_zenodo,,https://zenodo.org/records/16924532,static,,2026-09-13T06:19:18.696424+00:00,False
reviews_02261,جبل قارة,,تذاكر الدخول مرتفعه جدا ٥٠ ريال للشخص فلو كانت بسعر معقول لاصبح هناك تحفيز لزيارة المعلم التاريخي والسياحي وتنشيط حقيقي للمعلم السياحي ...,الاحساء,مكان تراثي وتاريخي,-1,,,,,-1,reviews_zenodo,,https://zenodo.org/records/16924532,static,,2026-09-13T06:19:18.696424+00:00,False
reviews_02262,جبل قارة,,موقع سياحي جميل انصح بزيارته من لم يزره من قبل لتأمل قدرة الخالق في جمال الجبل من الداخل حيث الجو العليل وزيارة متحف ارض الحضارات,الاحساء,مكان تراثي وتاريخي,,,,,1,1,reviews_zenodo,,https://zenodo.org/records/16924532,static,,2026-09-13T06:19:18.696424+00:00,False
reviews_02263,جبل قارة,,نعشق جبل القارة ولكن سعر الدخول بالإجازة الإسبوعية مرتفع جدا 50 ريال للشخص كننا ندخله بريالين عندما كننا صغار أتمنى مراجعة سعر الدخول,الاحساء,مكان تراثي وتاريخي,-1,,,,1,,reviews_zenodo,,https://zenodo.org/records/16924532,static,,2026-09-13T06:19:18.696424+00:00,False
reviews_02264,جبل قارة,,اجل منطقة سياحية في الأحساء والجهة المنظمة أظهرت المكان بافضل صورة واشكر جميع العاملين على حفاوة الاستقبال والترحيب والتعامل,الاحساء,مكان تراثي وتاريخي,,,,1,1,,reviews_zenodo,,https://zenodo.org/records/16924532,static,,2026-09-13T06:19:18.696424+00:00,False
reviews_02265,جبل قارة,,يجنن المكان بارد يشرح النفس وفيه معالم أثرية جميله,الاحساء,مكان تراثي وتاريخي,,,,,1,1,reviews_zenodo,,https://zenodo.org/records/16924532,static,,2026-09-13T06:19:18.696424+00:00,False
reviews_02266,جبل قارة,,مكان جميل ويستحق الزيارة. لكن يجب مراجعة اسعار الدخول (٥٠ ريال) مرتفعه جدا وخصوصا اذا معك افراد عائلتك. رائي الشخصي رسوم الدخول يجب ان تكون في حدود ٢٠ ريال وخصوصا انه لا يوجد شيء بالداخل لجميع افراد العائلة الا الكهف.,الاحساء,مكان تراثي وتاريخي,-1,,-1,,1,,reviews_zenodo,,https://zenodo.org/records/16924532,static,,2026-09-13T06:19:18.696424+00:00,False
reviews_02267,جبل قارة,,زرته قديما وفكرت أزوره حاليا لكن سعر التذكرة المبالغ فيه جدا منعنا من ذلك لان هذا السعر يماثل او يتعدى أفضل الحدائق او المنتزهات في دول شرق اسيا الذين سخروا كل إمكاناتهم للسياحة,الاحساء,مكان تراثي وتاريخي,-1,,,,,-1,reviews_zenodo,,https://zenodo.org/records/16924532,static,,2026-09-13T06:19:18.696424+00:00,False
reviews_02268,جبل قارة,,مكان جميل.. تتفكر في عظمة من خلقها سبحان الله. ولكن يعيبه سعر التذكرة ٥٠ للشخص ووجود موسيقى حتى وقت الاذان شغالة,الاحساء,مكان تراثي وتاريخي,-1,,,,1,,reviews_zenodo,,https://zenodo.org/records/16924532,static,,2026-09-13T06:19:18.696424+00:00,False
reviews_02269,جبل قارة,,الجبل معلم جميل ويستحق الزياره ..الاهتمام واضح فيه..الرسوم غاليه..,الاحساء,مكان تراثي وتاريخي,-1,,,,1,1,reviews_zenodo,,https://zenodo.org/records/16924532,static,,2026-09-13T06:19:18.696424+00:00,False
reviews_02270,جبل قارة,,٥٠ ريال رسوم الدخول يعني لو يدخلون ٣ اشخاص ب ١٥٠ !! منتزه جواثا قريب منكم والدخول ب ١٠ ريال والمكان غايه في الجمال ويتواجد به كثير من الفعاليات.,الاحساء,مكان تراثي وتاريخي,-1,,,,,-1,reviews_zenodo,,https://zenodo.org/records/16924532,static,,2026-09-13T06:19:18.696424+00:00,False
reviews_02271,جبل قارة,,سبق وان عنيت لجبل قارة خصيصا مرتين ووجدته مغلق للإصلاحات والان خططت لزيارته مع أسرتي ولكن صرفت النظر عندما علمت أن رسوم الدخول ٥٠ ريالا مما سيكلفني ٣٠٠ ريال لمدة لا تتجاوز ساعة واحدة ليس فيها أي جذب سياحي إلا ما ...,الاحساء,مكان تراثي وتاريخي,-1,,,,,-1,reviews_zenodo,,https://zenodo.org/records/16924532,static,,2026-09-13T06:19:18.696424+00:00,False
reviews_02272,جبل قارة,,استمتعت في المكان ... احتفالهم باليوم الوطني السعودي كان جميل أيضا,الاحساء,مكان تراثي وتاريخي,,,,,1,1,reviews_zenodo,,https://zenodo.org/records/16924532,static,,2026-09-13T06:19:18.696424+00:00,False
reviews_02273,جبل قارة,,المكان جميل ولكن اسعار التذاكر مقابل الخدمة المقدمة مبالغ فيها جدا التذكرة 50 ريال للكبار ...,الاحساء,مكان تراثي وتاريخي,-1,,,-1,1,,reviews_zenodo,,https://zenodo.org/records/16924532,static,,2026-09-13T06:19:18.696424+00:00,False
reviews_02274,جبل قارة,,ممتاز لكن سعر تذكرة الدخول غالي 50 ريال للشخص !!!,الاحساء,مكان تراثي وتاريخي,-1,,,,1,,reviews_zenodo,,https://zenodo.org/records/16924532,static,,2026-09-13T06:19:18.696424+00:00,False
reviews_02275,جبل قارة,,سبحان الله المكان فيه تدبر وتفكر كبير في خلق الله من الاماكن المميزه يستحق الزياره,الاحساء,مكان تراثي وتاريخي,,,,,1,1,reviews_zenodo,,https://zenodo.org/records/16924532,static,,2026-09-13T06:19:18.696424+00:00,False
reviews_02276,جبل قارة,,المكان جميل راح تعيش مغامرة حلوة بين الجبال في الصيف بارد شي عجيب السعر 50 ريال للكبار و الصغار مجاني والي عمره فوق 65 سنه مجاني,الاحساء,مكان تراثي وتاريخي,,,,,1,1,reviews_zenodo,,https://zenodo.org/records/16924532,static,,2026-09-13T06:19:18.696424+00:00,False
reviews_02277,جبل قارة,,تجربة جميلة لأكن للأسف الأسعار مبالغ فيها وانصح كل من يزور الهفوف يجي هنا راح يستمتع,الاحساء,مكان تراثي وتاريخي,-1,,,,1,1,reviews_zenodo,,https://zenodo.org/records/16924532,static,,2026-09-13T06:19:18.696424+00:00,False
reviews_02278,جبل قارة,,المكان رائع لكن أسعار الدخول مبالغ فيها المفترض يكون فيه تخفيض للعوائل فمثلا العوائل الأكثر من خمسة أشخاص صعب على رب العائلة دفع مبلغ ٢٥٠ على شأن دخول فقط,الاحساء,مكان تراثي وتاريخي,-1,,,,1,,reviews_zenodo,,https://zenodo.org/records/16924532,static,,2026-09-13T06:19:18.696424+00:00,False
reviews_02279,جبل قارة,,مكان رااااااااائع بكل ماتحمل الكلمه من معنى..زيارته مهمه جدا لكل من يأتي للاحساء..منظره يخطف الانفاس ويخلب الالباب..سبحان الخالق..المكان جميل وبه مرافق جميله كذلك,الاحساء,مكان تراثي وتاريخي,,,,,1,1,reviews_zenodo,,https://zenodo.org/records/16924532,static,,2026-09-13T06:19:18.696424+00:00,False
reviews_02280,جبل قارة,,مكان رائع وجميل ويستاهل العنوه وتجربه جيده لكن اسعار التذاكر والتصوير غالية حبتين,الاحساء,مكان تراثي وتاريخي,-1,,,,1,1,reviews_zenodo,,https://zenodo.org/records/16924532,static,,2026-09-13T06:19:18.696424+00:00,False
reviews_02281,جبل قارة,,جبل القاره الان فيه خدمات من مواقف ومطاعم ومحل هدايا. وفيه متحف يعطي تاريخ الاحساء قد تكون التذكره مرتفعه ٥٠ ريال للشخص الواحد,الاحساء,مكان تراثي وتاريخي,-1,,1,,1,,reviews_zenodo,,https://zenodo.org/records/16924532,static,,2026-09-13T06:19:18.696424+00:00,False
reviews_02282,جبل قارة,,جميل ولاكن ينقصه بعض الخدمات الاهم دورات المياه المطاعم لايوجد الا مطعم واحد غير جيد كأنك اذا دخلت المطعم كانك على طريق سفر غير مهتمين فيه اتمنى ان يهتمون في هذا المكان الرائع,الاحساء,مكان تراثي وتاريخي,,,-1,,1,,reviews_zenodo,,https://zenodo.org/records/16924532,static,,2026-09-13T06:19:18.696424+00:00,False
reviews_02283,جبل قارة,,جميل ويسحتق الزيارة ولكن تمنيت ان الأماكن المتاحة للمشي داخل الجبل أكثر من كذا,الاحساء,مكان تراثي وتاريخي,,,,,1,1,reviews_zenodo,,https://zenodo.org/records/16924532,static,,2026-09-13T06:19:18.696424+00:00,False
reviews_02284,جبل قارة,,معلم سياحي جميل و واضح انه عليه اهتمام كبير 👍🏼 يستحق الزياره 💜ياخذك لعالم ثاني غير و المشاعر فيه تتلخبط مابين الخوف من المناظر العملاقه و رهبتها 🙊و مابين تسبيح الله على عظيم صنعه💜💜,الاحساء,مكان تراثي وتاريخي,,,,,1,1,reviews_zenodo,,https://zenodo.org/records/16924532,static,,2026-09-13T06:19:18.696424+00:00,False
reviews_02285,جبل قارة,,مكان جميل ورائع يستحق الزيارة ولكن قيمة التذاكر مبالغ فيها ويحتاج تطوير اكثر من ذلك,الاحساء,مكان تراثي وتاريخي,-1,,,,1,1,reviews_zenodo,,https://zenodo.org/records/16924532,static,,2026-09-13T06:19:18.696424+00:00,False
reviews_02286,جبل قارة,,المكان حلو وجميل انصح في الذهاب له,الاحساء,مكان تراثي وتاريخي,,,,,1,1,reviews_zenodo,,https://zenodo.org/records/16924532,static,,2026-09-13T06:19:18.696424+00:00,False
reviews_02287,جبل قارة,,المكان جميل ومرتب بعد التطوير ولكن ينقصه تنوع المطاعم,الاحساء,مكان تراثي وتاريخي,,,-1,,1,,reviews_zenodo,,https://zenodo.org/records/16924532,static,,2026-09-13T06:19:18.696424+00:00,False
reviews_02288,جبل قارة,,نفس كلام الجميع التذكره غاليه ٥٠ريال لنفر ولافيه شي مميز وبصراحه داخل الكهف انكتمت المجسمات مو طبيعيه للاسف وهذا الشي مايحمس,الاحساء,مكان تراثي وتاريخي,-1,,,,-1,,reviews_zenodo,,https://zenodo.org/records/16924532,static,,2026-09-13T06:19:18.696424+00:00,False
reviews_02289,جبل قارة,,اسعار الدخول خيالية جدا مافيه حاجة تدعو لزيارة الموقع المكان نظيف جدا,الاحساء,مكان تراثي وتاريخي,-1,1,,,,,reviews_zenodo,,https://zenodo.org/records/16924532,static,,2026-09-13T06:19:18.696424+00:00,False
reviews_02290,جبل قارة,,مرتب ومليء بالعبارات التاريخية الجميلة والخدمات انصح بيه بس مافي مطاعم ولا كوفي كويس حوله,الاحساء,مكان تراثي وتاريخي,,-1,,,1,,reviews_zenodo,,https://zenodo.org/records/16924532,static,,2026-09-13T06:19:18.696424+00:00,False
reviews_02291,جبل قارة,,منتزة جميل لكن رسوم الدخول عالية جدا,الاحساء,مكان تراثي وتاريخي,-1,,,,1,,reviews_zenodo,,https://zenodo.org/records/16924532,static,,2026-09-13T06:19:18.696424+00:00,False
reviews_02292,جبل قارة,,جميل و عجيب ولاكن اسعار التذاكر كثير جدا ٥٠ ريال للفرد و لا يوجد ما يستحق المبلغ المبالغ فيه,الاحساء,مكان تراثي وتاريخي,-1,,,-1,1,,reviews_zenodo,,https://zenodo.org/records/16924532,static,,2026-09-13T06:19:18.696424+00:00,False
reviews_02293,جبل قارة,,موقع سياحي جميل لكن اسعار الدخول مبالغ جدا كثير اتمنى أن تكون رسوم الدخول سعر رمزي و معقول,الاحساء,مكان تراثي وتاريخي,-1,,,,1,,reviews_zenodo,,https://zenodo.org/records/16924532,static,,2026-09-13T06:19:18.696424+00:00,False
reviews_02294,جبل قارة,,اهتمام و نظافة و تنسيق و كل شي مميز و رائع يكفي المناظر انصح بزيارته,الاحساء,مكان تراثي وتاريخي,,1,,,1,,reviews_zenodo,,https://zenodo.org/records/16924532,static,,2026-09-13T06:19:18.696424+00:00,False
reviews_02295,جبل قارة,,المكان رائع خاص للعرض لهذز الايام شهر ذو القعدة دخول المغارة ب 10 ريال ولكن ايام الجمعة والسبت ب 50 سعر مبالغ فيه ولايستحق 👍,الاحساء,مكان تراثي وتاريخي,-1,,,,1,,reviews_zenodo,,https://zenodo.org/records/16924532,static,,2026-09-13T06:19:18.696424+00:00,False
reviews_02296,جبل قارة,,مكان من عجائب خلق الله يذهلك بالبروده الملحوظه والملفته بمجرد اقترابك من مدخل الجبل سبحان الخالق العظيم...من اغرب الاشياء التي مرت علي ف حياتي شي لايصدق ...كانت درجة الحراره الخارجيه تلامس ال 50 مئويه وعند ...,الاحساء,مكان تراثي وتاريخي,,,,,1,1,reviews_zenodo,,https://zenodo.org/records/16924532,static,,2026-09-13T06:19:18.696424+00:00,False
reviews_02297,جبل قارة,,المعلم جميل جدا ولكن سعر الدخول تكلفته عاليه ب ٥٠ ريال واذا القصد الصيانه وتكلفة الايدي العامله بإمكانكم تأجير كوفيهات ومطاعم وكشكات والدخول يكون بسعر رمزي اتمنى مراجعة السعر,الاحساء,مكان تراثي وتاريخي,-1,,,,1,,reviews_zenodo,,https://zenodo.org/records/16924532,static,,2026-09-13T06:19:18.696424+00:00,False
reviews_02298,جبل قارة,,الرسوم ٥٠ ريال لماذا لو كان رمزي ١٠ ريال ١٥ معقول لتغطية التشغيل لكن ان تدفع مبلغ كبير على منشأة طبيعية لم يوفر جلسات او غيرها تستحق المبلغ,الاحساء,مكان تراثي وتاريخي,-1,,,,,-1,reviews_zenodo,,https://zenodo.org/records/16924532,static,,2026-09-13T06:19:18.696424+00:00,False
reviews_02299,جبل قارة,,موقع سياحي من اجمل الاماكن بالأحساء ولاكن ينقصه بعض التفعيل لجذب السياح إليه وخفض تكلفت الدخول ف50 ريال جدا مبالغ فيه اتمنا ان يكون السعر رمزي ليكون الجذب اقوى,الاحساء,مكان تراثي وتاريخي,-1,,,,1,,reviews_zenodo,,https://zenodo.org/records/16924532,static,,2026-09-13T06:19:18.696424+00:00,False
reviews_02300,جبل قارة,,منطقة جميلة تستحق الزيارة، هي عبارة عن تكوينات من صخور رسوبية تعود للحقبة الثالثة العصر الميوسيني شكلت جبال ومغارات وكهوف، تلاحظ فيها أنه في الصيف تكون أجواؤها باردة وفي الشتاء العكس. ...,الاحساء,مكان تراثي وتاريخي,,,,,1,1,reviews_zenodo,,https://zenodo.org/records/16924532,static,,2026-09-13T06:19:18.696424+00:00,False
reviews_02301,جبل قارة,,المكان جدا رائع وممتع، ومحافظين على طبيعة المكان، ويحتوي المكان على بقالة ومطاعم، والمكان جدا نظيف، والمرشد لطيف ومثقف ومحترم,الاحساء,مكان تراثي وتاريخي,,1,,1,1,,reviews_zenodo,,https://zenodo.org/records/16924532,static,,2026-09-13T06:19:18.696424+00:00,False
reviews_02302,جبل قارة,,تجربه رائعه وتغير الجبل للافضل ولكن اسعار الدخول مبالغ فيها نوعا ما,الاحساء,مكان تراثي وتاريخي,-1,,,,1,1,reviews_zenodo,,https://zenodo.org/records/16924532,static,,2026-09-13T06:19:18.696424+00:00,False
reviews_02303,جبل قارة,,المكان جميل لكن سعر الدخول 50 ريال مبالغ فيه ، نتمنى من القائمين عليه تخفيض السعر,الاحساء,مكان تراثي وتاريخي,-1,,,,1,,reviews_zenodo,,https://zenodo.org/records/16924532,static,,2026-09-13T06:19:18.696424+00:00,False
reviews_02304,جبل قارة,,جبل القارة موقع جميل ومشوق انصح وبشدة زيارة الموقع,الاحساء,مكان تراثي وتاريخي,,,,,1,1,reviews_zenodo,,https://zenodo.org/records/16924532,static,,2026-09-13T06:19:18.696424+00:00,False
reviews_02305,جبل قارة,,سعر التذكرة مبالغ فيه (٥٠ ريال) والمصاعد صغيرة، مع وجود موسيقى وهذا شي لا يصلح لنسبة كبيرة من مرتادي هذا المعلم السياحي، مستوى الكوفي شوب دون المستوى، بشكل عام هناك حاجة ماسة لاعادة دراسة وضع المرافق المختلفة حول الجبل,الاحساء,مكان تراثي وتاريخي,-1,,-1,,,,reviews_zenodo,,https://zenodo.org/records/16924532,static,,2026-09-13T06:19:18.696424+00:00,False
reviews_02306,جبل قارة,,حلو و مرت ويستاهل الزياره مره ثانيه بس مشكلته السعر و عدم وجود كشك داخل الجبل يبيع البارد او الحار,الاحساء,مكان تراثي وتاريخي,-1,,-1,,1,1,reviews_zenodo,,https://zenodo.org/records/16924532,static,,2026-09-13T06:19:18.696424+00:00,False
reviews_02307,جبل قارة,,جبل بها مغارات و مجهز بشكل رائع يفضل زيارته في الصيف لتشعر ببروده المغارات .... يستحق الزياره,الاحساء,مكان تراثي وتاريخي,,,,,1,1,reviews_zenodo,,https://zenodo.org/records/16924532,static,,2026-09-13T06:19:18.696424+00:00,False
reviews_02308,جبل قارة,,جميل ارجوا الاهتمام به اكثر يستحق الزياره,الاحساء,مكان تراثي وتاريخي,,,,,1,1,reviews_zenodo,,https://zenodo.org/records/16924532,static,,2026-09-13T06:19:18.696424+00:00,False
reviews_02309,جبل قارة,,جميل ولاكن مايسوه قيمة الدخول ٥٠ ريال,الاحساء,مكان تراثي وتاريخي,-1,,,,1,,reviews_zenodo,,https://zenodo.org/records/16924532,static,,2026-09-13T06:19:18.696424+00:00,False
reviews_02310,جبل قارة,,جميل جدا يستحق الزيارة يوجد مطعم وبعض المحلات واماكن للجلوس,الاحساء,مكان تراثي وتاريخي,,,1,,1,1,reviews_zenodo,,https://zenodo.org/records/16924532,static,,2026-09-13T06:19:18.696424+00:00,False
reviews_02311,جبل قارة,,المكان جميلة والاهتمام به من نظافة و صيانه شي مهم ولكن سعر التذكرة مبالغ فيه جدا 50 ريال فقط للدخول وهذا ما يقلل فرص السياحة الداخلية,الاحساء,مكان تراثي وتاريخي,-1,1,,,1,,reviews_zenodo,,https://zenodo.org/records/16924532,static,,2026-09-13T06:19:18.696424+00:00,False
reviews_02312,جبل قارة,,للاسف سعر التذكرة غالي بنسبة للجولة والخدمات اعتقد من 20 الى 30 مناسب,الاحساء,مكان تراثي وتاريخي,-1,,,-1,,,reviews_zenodo,,https://zenodo.org/records/16924532,static,,2026-09-13T06:19:18.696424+00:00,False
reviews_02313,جبل قارة,,مكان ممتع بس الدخول غالي30 كببر 15 صغير,الاحساء,مكان تراثي وتاريخي,-1,,,,1,,reviews_zenodo,,https://zenodo.org/records/16924532,static,,2026-09-13T06:19:18.696424+00:00,False
reviews_02314,جبل قارة,,ممتاز ويعيبه غلا سعر التذكر إلى حد المبالغه,الاحساء,مكان تراثي وتاريخي,-1,,,,1,,reviews_zenodo,,https://zenodo.org/records/16924532,static,,2026-09-13T06:19:18.696424+00:00,False
reviews_02315,جبل قارة,,أسعار التذاكر مبالغ بها جدا جدا. كما أنه لا يوجد مصداقية لدى الشركة المستثمرة. حيث أن ما يتم تقديمه بالداخل يختلف أختلاف جذري عن ما تم الأعلان والتسويق عليه.,الاحساء,مكان تراثي وتاريخي,-1,,,,,-1,reviews_zenodo,,https://zenodo.org/records/16924532,static,,2026-09-13T06:19:18.696424+00:00,False
reviews_02316,جبل قارة,,كان زين وحلو. الان الدخول غالي ومبالغ في سعره. 50 ريال للشخص.,الاحساء,مكان تراثي وتاريخي,-1,,,,,-1,reviews_zenodo,,https://zenodo.org/records/16924532,static,,2026-09-13T06:19:18.696424+00:00,False
reviews_02317,جبل قارة,,جيد لاكن السعر مبالغ فيه,الاحساء,مكان تراثي وتاريخي,-1,,,,0,,reviews_zenodo,,https://zenodo.org/records/16924532,static,,2026-09-13T06:19:18.696424+00:00,False
reviews_02318,جبل قارة,,ممكان جميل جدا وفيه خدمات,الاحساء,مكان تراثي وتاريخي,,,,1,1,,reviews_zenodo,,https://zenodo.org/records/16924532,static,,2026-09-13T06:19:18.696424+00:00,False
reviews_02319,جبل قارة,,الخمس نجمات ترى للجبل مو للشركة الي ماسكته وحاطه سعر خمسين ريال للدخول سلامات شتحسىون فيه لو جا واحد معه عائلة عشر اشخاص خمس مية يعني 😕,الاحساء,مكان تراثي وتاريخي,-1,,,,1,,reviews_zenodo,,https://zenodo.org/records/16924532,static,,2026-09-13T06:19:18.696424+00:00,False
reviews_02320,جبل قارة,,ممتاز بس تذكرة الدخول مبالغ فيها,الاحساء,مكان تراثي وتاريخي,-1,,,,1,,reviews_zenodo,,https://zenodo.org/records/16924532,static,,2026-09-13T06:19:18.696424+00:00,False
reviews_02321,جبل قارة,,جميل جدا بعد التجديد احثكم على زيارته,الاحساء,مكان تراثي وتاريخي,,,,,1,1,reviews_zenodo,,https://zenodo.org/records/16924532,static,,2026-09-13T06:19:18.696424+00:00,False
reviews_02322,جبل قارة,,فيه تطور ملحوظ بس ازعجونا بالموسيقى والدخول يقولون ٥٠ النفر وعلشان التخفيض دخلنا ١٠... إذا فعلا ٥٠ الدخول مايستاهل,الاحساء,مكان تراثي وتاريخي,-1,,,,-1,-1,reviews_zenodo,,https://zenodo.org/records/16924532,static,,2026-09-13T06:19:18.696424+00:00,False
reviews_02323,جبل قارة,,ممتاز ولاكن رسوم مكلفة بنسبة لسياحة,الاحساء,مكان تراثي وتاريخي,-1,,,,-1,,reviews_zenodo,,https://zenodo.org/records/16924532,static,,2026-09-13T06:19:18.696424+00:00,False
reviews_02324,جبل قارة,,مكان جيد ولكن سعر الدخول مبالغ فيه,الاحساء,مكان تراثي وتاريخي,-1,,,,0,,reviews_zenodo,,https://zenodo.org/records/16924532,static,,2026-09-13T06:19:18.696424+00:00,False
reviews_02325,جبل قارة,,مكان تطور ورائع اتمنى الزياره فيه بس الرسوم لدخول مره مبالغ فيه,الاحساء,مكان تراثي وتاريخي,-1,,,,1,,reviews_zenodo,,https://zenodo.org/records/16924532,static,,2026-09-13T06:19:18.696424+00:00,False
reviews_02326,جبل قارة,,جبل عجيب وجميل جدا انصح بزيارته,الاحساء,مكان تراثي وتاريخي,,,,,1,1,reviews_zenodo,,https://zenodo.org/records/16924532,static,,2026-09-13T06:19:18.696424+00:00,False
reviews_02327,جبل قارة,,رائع يستحق الزيارة,الاحساء,مكان تراثي وتاريخي,,,,,1,1,reviews_zenodo,,https://zenodo.org/records/16924532,static,,2026-09-13T06:19:18.696424+00:00,False
reviews_02328,جبل قارة,,مكان للترفيه ممتاز ونظيف,الاحساء,مكان تراثي وتاريخي,,1,,,1,,reviews_zenodo,,https://zenodo.org/records/16924532,static,,2026-09-13T06:19:18.696424+00:00,False
reviews_02329,جبل قارة,,جميل بس سعر التذكرة مرتفع يتكون من الحجر الجيري ذو الطبقات الملونة، والتي أظهرتها بشكل رائع التعرية. ومن ...,الاحساء,مكان تراثي وتاريخي,-1,,,,1,,reviews_zenodo,,https://zenodo.org/records/16924532,static,,2026-09-13T06:19:18.696424+00:00,False
reviews_02330,جبل قارة,,مكان تراثي انصحكم بزيارته,الاحساء,مكان تراثي وتاريخي,,,,,1,1,reviews_zenodo,,https://zenodo.org/records/16924532,static,,2026-09-13T06:19:18.696424+00:00,False
reviews_02331,جبل قارة,,سعر الدخول مبالغ فيه جدا 50 ريال كثيرة وين تشجيع السياحة الداخلية ...,الاحساء,مكان تراثي وتاريخي,-1,,,,,-1,reviews_zenodo,,https://zenodo.org/records/16924532,static,,2026-09-13T06:19:18.696424+00:00,False
reviews_02332,جبل قارة,,مكان تراثي جميل.. لكن التذاكر غالية,الاحساء,مكان تراثي وتاريخي,-1,,,,1,,reviews_zenodo,,https://zenodo.org/records/16924532,static,,2026-09-13T06:19:18.696424+00:00,False
reviews_02333,جبل قارة,,المكان جميل لاكن الاسعاااار مبالغ فيها بالدخول 50 ريال للشخص والخصم 50% على المشروبات لا يشمل جميع المشروبات للاسف,الاحساء,مكان تراثي وتاريخي,-1,,,,1,,reviews_zenodo,,https://zenodo.org/records/16924532,static,,2026-09-13T06:19:18.696424+00:00,False
reviews_02334,جبل قارة,,الاسعار جدا مبالغ فيه تذكره الدخول ب 50 ريال!!!,الاحساء,مكان تراثي وتاريخي,-1,,,,-1,,reviews_zenodo,,https://zenodo.org/records/16924532,static,,2026-09-13T06:19:18.696424+00:00,False
reviews_02335,جبل قارة,,والله المكان صراحة عندي موب زين بس روحوله وجربو يمكن يعجبكم معني ماعتقد يعجبكم لان دورات المياه الله يكرمكم غير متوفر متوفره لاكنها بعيده,الاحساء,مكان تراثي وتاريخي,,,-1,,-1,,reviews_zenodo,,https://zenodo.org/records/16924532,static,,2026-09-13T06:19:18.696424+00:00,False
reviews_02336,جبل قارة,,ماشاء الله ، الغارات عالم آخر ماراح تحس بروعة المنظر حتى تجي بنفسك ، كنت ظالمه بالصور احسه عادي ، فيه مغارات داخليه عميقه تشوف ضوء الشمس فوووق كأنك في قاع البئر❤️,الاحساء,مكان تراثي وتاريخي,,,,,1,1,reviews_zenodo,,https://zenodo.org/records/16924532,static,,2026-09-13T06:19:18.696424+00:00,False
reviews_02337,جبل قارة,,مرتب المكان وتنذهل من برودته بالداخل سبحان الله ولاكن سعر التذاكر مبالغ فيه جدا الاماكن السياحية يجب ان تكون باسعار رمزية لاربحية,الاحساء,مكان تراثي وتاريخي,-1,,,,1,,reviews_zenodo,,https://zenodo.org/records/16924532,static,,2026-09-13T06:19:18.696424+00:00,False
reviews_02338,جبل قارة,,من اجمل الأماكن المهم زيارتها في مدينة الاحساء هو جبل القاره 👍🏻👍🏻👍🏻,الاحساء,مكان تراثي وتاريخي,,,,,1,1,reviews_zenodo,,https://zenodo.org/records/16924532,static,,2026-09-13T06:19:18.696424+00:00,False
reviews_02339,جبل قارة,,جميل تجربة جميلة,الاحساء,مكان تراثي وتاريخي,,,,,1,1,reviews_zenodo,,https://zenodo.org/records/16924532,static,,2026-09-13T06:19:18.696424+00:00,False
reviews_02340,جبل قارة,,ممبز يستاهل الزيارة,الاحساء,مكان تراثي وتاريخي,,,,,1,1,reviews_zenodo,,https://zenodo.org/records/16924532,static,,2026-09-13T06:19:18.696424+00:00,False
reviews_02341,جبل قارة,,لم يعجبني المكان وجبل القارة أقل من عادي ويلزمه الكثير من العمل ليصبح معلم سياحي,الاحساء,مكان تراثي وتاريخي,,,,,-1,-1,reviews_zenodo,,https://zenodo.org/records/16924532,static,,2026-09-13T06:19:18.696424+00:00,False
reviews_02342,جبل قارة,,الجبل غني عن التعريف، لكن مع الإهتمام الأخير أصبح مكانا مهيئا أكثر للزيارة، سعر الدخول المفروض يكون أقل,الاحساء,مكان تراثي وتاريخي,-1,,,,1,,reviews_zenodo,,https://zenodo.org/records/16924532,static,,2026-09-13T06:19:18.696424+00:00,False
reviews_02343,جبل قارة,,ممتاز جبل قاره ويحتاج اهتمام اكثر في الطريق المؤديه اليه ويوضع مطلات فوق الجبل وتخفيض الرسوم ليكون في متناول الجميع ٢٠ريال,الاحساء,مكان تراثي وتاريخي,-1,,0,,1,,reviews_zenodo,,https://zenodo.org/records/16924532,static,,2026-09-13T06:19:18.696424+00:00,False
reviews_02344,جبل قارة,,الجبل جميل ولكن السعر جدا مرتفع ولا يتناسب مع جميع فئات المجتمع من المفترض يوجد سعر خاص للسائح و سعر رمزي للسعودي,الاحساء,مكان تراثي وتاريخي,-1,,,,1,,reviews_zenodo,,https://zenodo.org/records/16924532,static,,2026-09-13T06:19:18.696424+00:00,False
reviews_02345,جبل قارة,,المناظر خياليه لكن سعر التذكرة غالي جدا وهذا اللي يقلل السياحه فيه,الاحساء,مكان تراثي وتاريخي,-1,,,,1,,reviews_zenodo,,https://zenodo.org/records/16924532,static,,2026-09-13T06:19:18.696424+00:00,False
reviews_02346,جبل قارة,,ممتاز جدا ولكن رسوم الدخول مرتفعه جدا علما ان كبار السن والأطفال مجانا,الاحساء,مكان تراثي وتاريخي,-1,,,,1,,reviews_zenodo,,https://zenodo.org/records/16924532,static,,2026-09-13T06:19:18.696424+00:00,False
reviews_02347,جبل قارة,,أنصح بزيارته فهو من المعالم لمدينة الأحساء ولكن أسعار الدخول غالية .,الاحساء,مكان تراثي وتاريخي,-1,,,,1,,reviews_zenodo,,https://zenodo.org/records/16924532,static,,2026-09-13T06:19:18.696424+00:00,False
reviews_02348,جبل قارة,,الوصول الى المكان فيه مشقة كبيرة اسعار الدخول مبالغ فيها المكان روعة ونظيف,الاحساء,مكان تراثي وتاريخي,-1,1,,,1,0,reviews_zenodo,,https://zenodo.org/records/16924532,static,,2026-09-13T06:19:18.696424+00:00,False
reviews_02349,جبل قارة,,كويس بس غالي من ناحية تذاكر الدخول,الاحساء,مكان تراثي وتاريخي,-1,,,,1,,reviews_zenodo,,https://zenodo.org/records/16924532,static,,2026-09-13T06:19:18.696424+00:00,False
reviews_02350,جبل قارة,,سعر الدخول مبالغ فيه ويوجد أماكن سياحيه بالخارج الدخول بربع القيمه واكبر واجمل بكثير,الاحساء,مكان تراثي وتاريخي,-1,,,,0,,reviews_zenodo,,https://zenodo.org/records/16924532,static,,2026-09-13T06:19:18.696424+00:00,False
reviews_02351,جبل قارة,,غالية الرسوم و مافيها شيء وااو مرررة عادي مرة,الاحساء,مكان تراثي وتاريخي,-1,,,,0,,reviews_zenodo,,https://zenodo.org/records/16924532,static,,2026-09-13T06:19:18.696424+00:00,False
reviews_02352,جبل قارة,,المكان يحتاج الى تطوير اكثر و تخفيض سعر تذكره الدخول,الاحساء,مكان تراثي وتاريخي,-1,,,,-1,,reviews_zenodo,,https://zenodo.org/records/16924532,static,,2026-09-13T06:19:18.696424+00:00,False
reviews_02353,بلدة العلا التراثية,,من الاماكن الجميله والرائعه في العلا .. انصح الجميع بزيارته .. يوجد هدايا 🎁 وتذكارات المكان جدا مرتب .. وتم الاعتناء بالتفاصيل الصغيره شكرا لكل القائمين على هذا المكان 👏🏼👏🏼,Al Ula,مكان تراثي وتاريخي,,,,,1,1,reviews_zenodo,,https://zenodo.org/records/16924532,static,,2026-09-13T06:19:18.696424+00:00,False
reviews_02354,بلدة العلا التراثية,,المكان رائع جدا واحس بفترة الشتاء بيكون مرررة حلووو واجواء المكان ولا اروع يستاهل الزيارة وفي مطعمين او ٣ بالمكان اشكالها جدا حلوة بس مادخلتها وفيه اشياء تراثية وعبايات وثياب تراثية😍😍😍 اتمتعو بجمال الصور,Al Ula,مكان تراثي وتاريخي,,,1,,1,1,reviews_zenodo,,https://zenodo.org/records/16924532,static,,2026-09-13T06:19:18.696424+00:00,False
reviews_02355,بلدة العلا التراثية,,البلدة القديمة من أجمل الاماكن التاريخية اللي زرتها بالعلا عناية فائقة بالمرافق فيها اماكن راحة فيها سيارات القولف لسهولة التنقل فيها المطاعم الجميلة عندهم مطعم مصري اسمه الرحبه عليهم طعمية لذيذذذة في الفطور وفيها محل للصابون الطبعي منتجات من العلا ممتازة 👌🏻 عن تجربة يفضل زيارتها وقت الشتاء 😴👍🏻,Al Ula,مكان تراثي وتاريخي,,,1,,1,1,reviews_zenodo,,https://zenodo.org/records/16924532,static,,2026-09-13T06:19:18.696424+00:00,False
reviews_02356,بلدة العلا التراثية,,تجربة سياحية مثيرة .. مكان يسحرك بتنظيمه وإعادة بنائه بطريقة جميلة جدا والحفاظ على طبيعة المكان .. الدخول مجانا توجد عدة مطاعم وكافيهات ومحلات لبيع التحف التذكارية والعاطرين.. ...,Al Ula,مكان تراثي وتاريخي,,,1,,1,,reviews_zenodo,,https://zenodo.org/records/16924532,static,,2026-09-13T06:19:18.696424+00:00,False
reviews_02357,بلدة العلا التراثية,,من اجمل الاماكن التراثية في العالم شهدت اهتماما نوعيا في الفترة الأخيرة من الهيئة الملكية لمحافظة العلا تضم عددا من محلات المقتنيات الشعبية وجناح للحرف اليدوية ومحلات المنتجات المحلية ومطاعم تقليدية وحديثة ومقاهي ويوجد بها خدمات ومرافق مثل ...,Al Ula,مكان تراثي وتاريخي,,,1,,1,1,reviews_zenodo,,https://zenodo.org/records/16924532,static,,2026-09-13T06:19:18.696424+00:00,False
reviews_02358,بلدة العلا التراثية,,جميله .. تصميم حديث للمنازل القديمه و مجموعه من المطاعم التراثيه الجميله بجلسات رايقه مثل مطعم مركاز و مطعم سهيل يحتاج حجز عن طريق الموعد .. و مطعم النخيل للمشاوي اللذيذه .. و مجموعه من الاكشاك لبيع القطع التراثيه برغم السعر المبالغ فيه ...,Al Ula,مكان تراثي وتاريخي,-1,,1,,1,1,reviews_zenodo,,https://zenodo.org/records/16924532,static,,2026-09-13T06:19:18.696424+00:00,False
reviews_02359,بلدة العلا التراثية,,من اجمل التجارب والاماكن اللي قد زرتها بحياتي حرفيا! مكان مناسب لكل افراد العائله مجاني الدخول فيه موجودة كافيهات ومطاعم واماكن جميله لاخذ صور تذكاريه.. المكان كان مافيه اي غلطه الموظفين والمرشدين اللي بالمكان قمه بالرقي والاخلاق وحسن ...,Al Ula,مكان تراثي وتاريخي,,,1,1,1,1,reviews_zenodo,,https://zenodo.org/records/16924532,static,,2026-09-13T06:19:18.696424+00:00,False
reviews_02360,بلدة العلا التراثية,,المكان حلو ويفتح النفس بس ناقص محلات اكثر والمطاعم اللي فيها للاسف غاليه ولا عندهم خيارات نباتيه كثيره وناقص المكان فعاليات دائمه,Al Ula,مكان تراثي وتاريخي,-1,,-1,,1,,reviews_zenodo,,https://zenodo.org/records/16924532,static,,2026-09-13T06:19:18.696424+00:00,False
reviews_02361,بلدة العلا التراثية,,زياره جميله سوق مرتب يوجد مقهى ومطعم وبعض المحلات لبيع المستلزمات,Al Ula,مكان تراثي وتاريخي,,,1,,1,,reviews_zenodo,,https://zenodo.org/records/16924532,static,,2026-09-13T06:19:18.696424+00:00,False
reviews_02362,بلدة العلا التراثية,,اوجد هذا المكان وهذا السوق من وسط المدينة القديمة والتاريخية ، ليكون نابضا بالحياة ومعلنا عن عودة الحياة للمدينة بأكملها ومن ضمنها المدينة القديمة بأسواقها العتيقة ، من المواقع الأساسية التي يلزم زيارتها في المدينة هذا الموقع . ستكون ...,Al Ula,مكان تراثي وتاريخي,,,1,,1,,reviews_zenodo,,https://zenodo.org/records/16924532,static,,2026-09-13T06:19:18.696424+00:00,False
reviews_02363,بلدة العلا التراثية,,يستحق الزيارة محلات كثيرة و متنوعه ينصح بالزيارة من بعد المغرب,Al Ula,مكان تراثي وتاريخي,,,1,,,1,reviews_zenodo,,https://zenodo.org/records/16924532,static,,2026-09-13T06:19:18.696424+00:00,False
reviews_02364,بلدة العلا التراثية,,تجربة جميله لمشاهدة البيوت والازقة القديمة لولا الاجواء الحاره ( الجو كان جدا حار ) يوجد كافيهات ومطاعم ومتاجر اشياء قديمة ومتاجر كتب وعطور وايضا متاجر حرف يدوية ...,Al Ula,مكان تراثي وتاريخي,,,1,,,1,reviews_zenodo,,https://zenodo.org/records/16924532,static,,2026-09-13T06:19:18.696424+00:00,False
reviews_02365,بلدة العلا التراثية,,راااائعة و تستحق الزيارة يوجد بها مطعم و كافيه متنوعة في أكثر من جلسة يوجد بها مصلى و دورات مياه ...,Al Ula,مكان تراثي وتاريخي,,,1,,1,1,reviews_zenodo,,https://zenodo.org/records/16924532,static,,2026-09-13T06:19:18.696424+00:00,False
reviews_02366,بلدة العلا التراثية,,المكان جميل ويستحق الزياره يوجد مكان للقهوه ومطعم رائع والتنظيم متميز ...,Al Ula,مكان تراثي وتاريخي,,,1,,1,1,reviews_zenodo,,https://zenodo.org/records/16924532,static,,2026-09-13T06:19:18.696424+00:00,False
reviews_02367,بلدة العلا التراثية,,جميل المكان وأنصح بزيارته عرفت من المحلات انه بيكون شغال إلى السنة الجاية,Al Ula,مكان تراثي وتاريخي,,,,,1,1,reviews_zenodo,,https://zenodo.org/records/16924532,static,,2026-09-13T06:19:18.696424+00:00,False
reviews_02368,بلدة العلا التراثية,,تطور ملموس وجهود نفخر بها، رؤية تتحقق وازدهار ينمو، البلدة القديمة بمطاعمها ومقاهيها والزوار المتنوعين، تجعل منها واحدة من اهم الاماكن التي تستحق الزيارة في العلا🙏 ...,Al Ula,مكان تراثي وتاريخي,,,1,,1,1,reviews_zenodo,,https://zenodo.org/records/16924532,static,,2026-09-13T06:19:18.696424+00:00,False
reviews_02369,بلدة العلا التراثية,,الموقع جميل ولكن غير مكتمل التجهيز ولا بأس من زيارته في الوقت الراهن ، عندما يتم تجهيزه كاملا سيكون اجمل .,Al Ula,مكان تراثي وتاريخي,,,,,1,0,reviews_zenodo,,https://zenodo.org/records/16924532,static,,2026-09-13T06:19:18.696424+00:00,False
reviews_02370,بلدة العلا التراثية,,المكان جميل جدا ومازال تحت التطوير وانسب وقت لزيارته قبل الغروب او الليل ليكون الجو مناسب اكثر ، يوجد مطاعم ومقاهي سياحيه اسعارها مرتفعه.,Al Ula,مكان تراثي وتاريخي,-1,,1,,1,,reviews_zenodo,,https://zenodo.org/records/16924532,static,,2026-09-13T06:19:18.696424+00:00,False
reviews_02371,بلدة العلا التراثية,,حلوووه ورايقه كانت جولتي صباحيه ، وافطرنا بمطعم مركاز كان كويس بس غالي قليلا كبده ولحسة ومكس مركاز و ثنين شاهي عدني ومويه ب ١١٣ حسيته شوي مرتفع,Al Ula,مكان تراثي وتاريخي,-1,,,,1,,reviews_zenodo,,https://zenodo.org/records/16924532,static,,2026-09-13T06:19:18.696424+00:00,False
reviews_02372,بلدة العلا التراثية,,رائعة وتستحق الزيارة بس يعيب أغلب مطاعمها وكفيهاتها غلاء الأسعار نوعا ما😉 يعني كوب شاي ب15ریال,Al Ula,مكان تراثي وتاريخي,-1,,,,1,1,reviews_zenodo,,https://zenodo.org/records/16924532,static,,2026-09-13T06:19:18.696424+00:00,False
reviews_02373,بلدة العلا التراثية,,منطقة جميلة استغلت بشكل جميل ورائع التحول مكان سياحي حيث تم توفير المطاعم والكافيهات لديهم زوارها ...,Al Ula,مكان تراثي وتاريخي,,,1,,1,,reviews_zenodo,,https://zenodo.org/records/16924532,static,,2026-09-13T06:19:18.696424+00:00,False
reviews_02374,بلدة العلا التراثية,,لو فيه أكثر من ٥ نجوم حطيتها ... مكان يسحرك بتفاصيله الجميله..,Al Ula,مكان تراثي وتاريخي,,,,,1,1,reviews_zenodo,,https://zenodo.org/records/16924532,static,,2026-09-13T06:19:18.696424+00:00,False
reviews_02375,بلدة العلا التراثية,,جميله ومميزه كل الشكر على القائمين عليها,Al Ula,مكان تراثي وتاريخي,,,,1,1,,reviews_zenodo,,https://zenodo.org/records/16924532,static,,2026-09-13T06:19:18.696424+00:00,False
reviews_02376,بلدة العلا التراثية,,بلدة جميلة جدا في كل تفاصيلها وتستحق الزيارة و حسب ما شاهدت انها لازلت تحت الإنشاء و هناك خطة للتوسع و زيادة ساحات البلدة و إيجاد مدخل مناسب لها و أيضا مواقف عامة و أشكر جميع القائمين عليها ...,Al Ula,مكان تراثي وتاريخي,,,1,,1,1,reviews_zenodo,,https://zenodo.org/records/16924532,static,,2026-09-13T06:19:18.696424+00:00,False
reviews_02377,بلدة العلا التراثية,,بلدة العلا التراثية موقع مميز يستحق الزيارة,Al Ula,مكان تراثي وتاريخي,,,,,1,1,reviews_zenodo,,https://zenodo.org/records/16924532,static,,2026-09-13T06:19:18.696424+00:00,False
reviews_02378,بلدة العلا التراثية,,المكان رائع بالقرب من اطلال المدينة القديمة نظيف راقي منظم,Al Ula,مكان تراثي وتاريخي,,1,,,1,,reviews_zenodo,,https://zenodo.org/records/16924532,static,,2026-09-13T06:19:18.696424+00:00,False
reviews_02379,بلدة العلا التراثية,,بلدة العلا التراثيه فيها قسمين قسم بفلوس وقسم مجاني اللي بفلوس المنطقة التاريخيه الدخول ٧٠ريال المجاني فيها اسواق وكافيهات ومطاعم وجلسات جدا رايقه,Al Ula,مكان تراثي وتاريخي,,,1,,1,,reviews_zenodo,,https://zenodo.org/records/16924532,static,,2026-09-13T06:19:18.696424+00:00,False
reviews_02380,بلدة العلا التراثية,,مزار جميل ورايق يوجد فيه مطاعم وكافيهات ومحلات بيع تذكاريه وخلافه,Al Ula,مكان تراثي وتاريخي,,,1,,1,,reviews_zenodo,,https://zenodo.org/records/16924532,static,,2026-09-13T06:19:18.696424+00:00,False
reviews_02381,بلدة العلا التراثية,,مكان يستحق الزيارة فهو ارث تاريخي عميق,Al Ula,مكان تراثي وتاريخي,,,,,1,1,reviews_zenodo,,https://zenodo.org/records/16924532,static,,2026-09-13T06:19:18.696424+00:00,False
reviews_02382,بلدة العلا التراثية,,بداية موفقة لمشروع سياحي رائد على مستوى المنطقة والعالم، يعكس جزء بسيط من حضارة الجزيرة العربية اجمالا ووطننا السعودي خصوصا. ملاحظتي هي الاسعار المرتفعة والمبالغ بها لبعض المنتجات المباعة في السوق (كمثال، كوب مكتوب عليه كلمة العلا يباع بما يقارب الخمسين ريالا). إضافة إلى ذلك عدم توفر عدد كاف من مواقف السيارات.,Al Ula,مكان تراثي وتاريخي,-1,,-1,,1,,reviews_zenodo,,https://zenodo.org/records/16924532,static,,2026-09-13T06:19:18.696424+00:00,False
reviews_02383,بلدة العلا التراثية,,مكان حلو و تاريخي و الدخول مجاني و في مطل الدخول له بفلوس و يوجد محلات و دورات مياة,Al Ula,مكان تراثي وتاريخي,,,1,,1,,reviews_zenodo,,https://zenodo.org/records/16924532,static,,2026-09-13T06:19:18.696424+00:00,False
reviews_02384,بلدة العلا التراثية,,انصحكم بزيارتها جميلة ومنسقه,Al Ula,مكان تراثي وتاريخي,,,,,1,1,reviews_zenodo,,https://zenodo.org/records/16924532,static,,2026-09-13T06:19:18.696424+00:00,False
reviews_02385,بلدة العلا التراثية,,جميل جدا يستحق الزيارة,Al Ula,مكان تراثي وتاريخي,,,,,1,1,reviews_zenodo,,https://zenodo.org/records/16924532,static,,2026-09-13T06:19:18.696424+00:00,False
reviews_02386,بلدة العلا التراثية,,مكان جميل وكانت فيه فعالية مسرح كان العرض جميل,Al Ula,مكان تراثي وتاريخي,,,1,,1,,reviews_zenodo,,https://zenodo.org/records/16924532,static,,2026-09-13T06:19:18.696424+00:00,False
reviews_02387,بلدة العلا التراثية,,سوق البلدة القديم في العلا مكان رائع للتمشية والجلوس في المقاهي الجميلة. انصح فيه قبل الغروب والمساء.,Al Ula,مكان تراثي وتاريخي,,,1,,1,,reviews_zenodo,,https://zenodo.org/records/16924532,static,,2026-09-13T06:19:18.696424+00:00,False
reviews_02388,بلدة العلا التراثية,,تستحق الزيارة مكان ممتع وجميل .. لكن للأسف اسعار المطاعم والكافيات والتسوق مرتفعه جدا,Al Ula,مكان تراثي وتاريخي,-1,,,,1,,reviews_zenodo,,https://zenodo.org/records/16924532,static,,2026-09-13T06:19:18.696424+00:00,False
reviews_02389,بلدة العلا التراثية,,مكان جميل ونظيف لكن الاسعار اسعار سياحة غالية جدا,Al Ula,مكان تراثي وتاريخي,-1,1,,,1,,reviews_zenodo,,https://zenodo.org/records/16924532,static,,2026-09-13T06:19:18.696424+00:00,False
reviews_02390,بلدة العلا التراثية,,مكان تراثي جميل يحتوي على مجموعه من الكافيهات والمطاعم والاسواق الشعبيه بطراز تراثي جميل .. انصح الجميع بزيارته,Al Ula,مكان تراثي وتاريخي,,,1,,1,1,reviews_zenodo,,https://zenodo.org/records/16924532,static,,2026-09-13T06:19:18.696424+00:00,False
reviews_02391,بلدة العلا التراثية,,مكان جميل +هادي + يوجد مطعم مفتوح + محل آيس + تعامل راقي للسياح والزوار,Al Ula,مكان تراثي وتاريخي,,,1,1,1,,reviews_zenodo,,https://zenodo.org/records/16924532,static,,2026-09-13T06:19:18.696424+00:00,False
reviews_02392,بلدة العلا التراثية,,تجربه رائعه ويوجد كافيهات ومطاعم,Al Ula,مكان تراثي وتاريخي,,,1,,,1,reviews_zenodo,,https://zenodo.org/records/16924532,static,,2026-09-13T06:19:18.696424+00:00,False
reviews_02393,بلدة العلا التراثية,,مكان جميل يذكرنا بالزمن الماضي محل الزل جدا جميل وفيه محل الحرف تعرفنا على الأشياء القديمه وفيه مطاعم و محل الدخيل للعود وبرجوا وفيه براند سعودي جميل ما شاء الله تجربه ممتعه,Al Ula,مكان تراثي وتاريخي,,,1,,1,1,reviews_zenodo,,https://zenodo.org/records/16924532,static,,2026-09-13T06:19:18.696424+00:00,False
reviews_02394,بلدة العلا التراثية,,بلده العلا جميله جدا وجلسنا بكوفي الرحبه اجواء الكوفي ذا اجواء مصريه واريقه جدا والقهوة التركيه مررررررررررره ممتازة عنده,Al Ula,مكان تراثي وتاريخي,,,1,,1,,reviews_zenodo,,https://zenodo.org/records/16924532,static,,2026-09-13T06:19:18.696424+00:00,False
reviews_02395,بلدة العلا التراثية,,الأسعار مبالغ فيها مويه ب 8 وب 6 والأرض غير مستويه ونصف المكان حصى وتراب ... يوجد سيارة جولف لنقل الكبار والمواقف وافره,Al Ula,مكان تراثي وتاريخي,-1,,1,,,0,reviews_zenodo,,https://zenodo.org/records/16924532,static,,2026-09-13T06:19:18.696424+00:00,False
reviews_02396,بلدة العلا التراثية,,المكان جدآ جدآ جميل بصراحه المكان يستحق تطوير اكثر واهتمام اكثر. الأسعار فوق الطبيعي في المطاعم. لكن المكان يستحق.,Al Ula,مكان تراثي وتاريخي,-1,,,,1,,reviews_zenodo,,https://zenodo.org/records/16924532,static,,2026-09-13T06:19:18.696424+00:00,False
reviews_02397,بلدة العلا التراثية,,جميله لكن تنقصها بعض الخدمات وارتفاع اسعار المقاهي,Al Ula,مكان تراثي وتاريخي,-1,,-1,,1,,reviews_zenodo,,https://zenodo.org/records/16924532,static,,2026-09-13T06:19:18.696424+00:00,False
reviews_02398,بلدة العلا التراثية,,لاباس لكن اللى اللى يبيعون غالين مره يطردون الزوار بالغلا الأسعار وتحتاج إلى اهتمام,Al Ula,مكان تراثي وتاريخي,-1,,,,0,,reviews_zenodo,,https://zenodo.org/records/16924532,static,,2026-09-13T06:19:18.696424+00:00,False
reviews_02399,بلدة العلا التراثية,,جميله جدا وتراث عبق الماضي انصح بزيارتها وجميع الاماكن التراثيه بالعلا,Al Ula,مكان تراثي وتاريخي,,,,,1,1,reviews_zenodo,,https://zenodo.org/records/16924532,static,,2026-09-13T06:19:18.696424+00:00,False
reviews_02400,بلدة العلا التراثية,,المكان رائع وتشعر فيه بدفئ الحياة قديما ومدى قرب الناس وترابطهم حتى في البيوت والطرقات والعادات الاجتماعية,Al Ula,مكان تراثي وتاريخي,,,,,1,1,reviews_zenodo,,https://zenodo.org/records/16924532,static,,2026-09-13T06:19:18.696424+00:00,False
reviews_02401,بلدة العلا التراثية,,المكان نوع ماء حلو في الليل فقط النهار حر في الصيف الاسعار نار كاس عصير ليمون 29 ريال ملاحظه الاسعار في العلا مرتفعه جدا فنادق فلل استراحات غير طبيعي اروح الجنوب افضل في الجو,Al Ula,مكان تراثي وتاريخي,-1,,,,1,-1,reviews_zenodo,,https://zenodo.org/records/16924532,static,,2026-09-13T06:19:18.696424+00:00,False
reviews_02402,بلدة العلا التراثية,,المكان جميل جدا والمطاعم متنوعه لكن الاسعار جدا مبالغ فيها بشكل مو طبيعي,Al Ula,مكان تراثي وتاريخي,-1,,1,,,1,reviews_zenodo,,https://zenodo.org/records/16924532,static,,2026-09-13T06:19:18.696424+00:00,False
reviews_02403,بلدة العلا التراثية,,مكان تاريخي جميل جدا يوجد كوفي ومطاعم وكوشكات تسوق محلي وصنع يدوي,Al Ula,مكان تراثي وتاريخي,,,1,,1,,reviews_zenodo,,https://zenodo.org/records/16924532,static,,2026-09-13T06:19:18.696424+00:00,False
reviews_02404,بلدة العلا التراثية,,جميله جدا نشكر القائمين على الإداره والاهتمام بالتراث لكل مايثري ويفيد الزوار .,Al Ula,مكان تراثي وتاريخي,,,,1,1,,reviews_zenodo,,https://zenodo.org/records/16924532,static,,2026-09-13T06:19:18.696424+00:00,False
reviews_02405,بلدة العلا التراثية,,جميله جدا وتستحق الزيارة الاجواء رائعه والتنظيم ممتاز لكن الاسعار غاليه جدا جدا جدا ...,Al Ula,مكان تراثي وتاريخي,-1,,,1,1,1,reviews_zenodo,,https://zenodo.org/records/16924532,static,,2026-09-13T06:19:18.696424+00:00,False
reviews_02406,بلدة العلا التراثية,,مكان يستحق الزيارة بس المحلات اسعارها مبالغ فيها,Al Ula,مكان تراثي وتاريخي,-1,,,,1,1,reviews_zenodo,,https://zenodo.org/records/16924532,static,,2026-09-13T06:19:18.696424+00:00,False
reviews_02407,بلدة العلا التراثية,,الفعاليات للأمانة تستحق الزيارة، لكن أسعار المنتجات المقدمة فيها ارتفاع نوعا ما مقارنة بفعاليات أخرى,Al Ula,مكان تراثي وتاريخي,-1,,,,,1,reviews_zenodo,,https://zenodo.org/records/16924532,static,,2026-09-13T06:19:18.696424+00:00,False
reviews_02408,متحف دار المدينة,,المكان جدا رائع المجسمات تحكي الواقع .. لديهم مرشدين سياحيين .. والمرشد السياحي الأخ سامي في قمة الروعة من الخلق والثقافة الرائعة واسلوبه جذاب جدا ماشاء الله عليه .. ...,Madinah,متحف,,,,1,1,1,reviews_zenodo,,https://zenodo.org/records/16924532,static,,2026-09-13T06:19:18.696424+00:00,False
reviews_02409,متحف دار المدينة,,مكان جدا جميل . عند الرسول صلى الله عليه وسلم منذو الصغر الى وفاتها. خدمة ممتاز شرح جميل و مفيد. اتمنى لو في كم مكان زي هذا المتحف في المدينه.,Madinah,متحف,,,,1,1,1,reviews_zenodo,,https://zenodo.org/records/16924532,static,,2026-09-13T06:19:18.696424+00:00,False
reviews_02410,متحف دار المدينة,,متحف مميز، يحكي عن تاريخ مكة من قديم الزمان حتى هجرة الرسول صلى الله عليه وسلم، بالإضافة عن تاريخ المدينة من هجرة الرسول صلى الله عليه وسلم، حتى التاريخ الحديث.. عن طريق عرض المجسمات. ...,Madinah,متحف,,,,,1,1,reviews_zenodo,,https://zenodo.org/records/16924532,static,,2026-09-13T06:19:18.696424+00:00,False
reviews_02411,متحف دار المدينة,,هذا المتحف لم يكن مجدولا خلال زيارتي للمدينة ، ولكن الحمد لله أن زرت هذا المتحف والذي تمكن فيه المرشد من أن يعيشنا في أجواء العصور الماضية بدء من قدوم إبراهيم عليه السلام مع زوجته هاجر وابنه اسماعيل إلى مكة وبناء الكعبة وبالتالي ما استجد ...,Madinah,متحف,,,,1,1,1,reviews_zenodo,,https://zenodo.org/records/16924532,static,,2026-09-13T06:19:18.696424+00:00,False
reviews_02412,متحف دار المدينة,,متحف تاريخي جيد ثري بالمعلومات. دع المرشد يشرح لك فتستمتع أكثر.,Madinah,متحف,,,,1,1,1,reviews_zenodo,,https://zenodo.org/records/16924532,static,,2026-09-13T06:19:18.696424+00:00,False
reviews_02413,متحف دار المدينة,,تجربة جميله جدا في متحف دار المدينة الدخول ٢٥ ريال وبعد الدخول فيه محل صغير يبيع هدايا المتحف عموما جميل وفيه أشياء جميله عن المدينه وحياة الرسول صل الله علية وسلم فيها انصحكم فيه,Madinah,متحف,,,1,,1,1,reviews_zenodo,,https://zenodo.org/records/16924532,static,,2026-09-13T06:19:18.696424+00:00,False
reviews_02414,متحف دار المدينة,,الموقع قريب من المسجد النبوي وسهل الوصول ، المكان منظم ومرتب ولكن يحتاج شوية أهتمام للمكان الخارجي عند منطقة التذاكر وماحولها .. أسعار التذاكر ١٥ ريال للأطفال و ٢٥ ريال للكبار .. قبل الدخول للمتحف يوجد بعض الكشكات الصغيرة لبيع المسك والعود ...,Madinah,متحف,,,1,,1,1,reviews_zenodo,,https://zenodo.org/records/16924532,static,,2026-09-13T06:19:18.696424+00:00,False
reviews_02415,متحف دار المدينة,,جميييل جدا فيه سيرة خير البشر يحتاج ترتيب ونظافه وتوسيع المكان ...,Madinah,متحف,,1,,,1,,reviews_zenodo,,https://zenodo.org/records/16924532,static,,2026-09-13T06:19:18.696424+00:00,False
reviews_02416,متحف دار المدينة,,متحف اكثر من رائع ،محافظ على جماله وهيبته و تميزه ، رحلة ممتعة بين مجسمات السيرة النبوية ،جزاكم الله خيرا,Madinah,متحف,,,,,1,1,reviews_zenodo,,https://zenodo.org/records/16924532,static,,2026-09-13T06:19:18.696424+00:00,False
reviews_02417,متحف دار المدينة,,متحف جميل مرشدين مميزين . اغلبة مجسمات و القطع الاثرية قليلة. ملخص السيرة النبوية . ضيق بعض الشيء .,Madinah,متحف,,,,1,1,,reviews_zenodo,,https://zenodo.org/records/16924532,static,,2026-09-13T06:19:18.696424+00:00,False
reviews_02418,متحف دار المدينة,,متحف جميل ومتنوع .. مهتم بتاريخ السيرة النبوية وشرح لغزوات الرسول صلى الله عليه وسلم .. وشرح الموظف جميل ويجيب على الاستفسارات ..,Madinah,متحف,,,,1,1,,reviews_zenodo,,https://zenodo.org/records/16924532,static,,2026-09-13T06:19:18.696424+00:00,False
reviews_02419,متحف دار المدينة,,ممتاز ومعلومات جدا جميلة انصح بزيارته التذكره ب ٢٥ ريال للكبير والصغير ب ١٥ ريال,Madinah,متحف,,,,,1,1,reviews_zenodo,,https://zenodo.org/records/16924532,static,,2026-09-13T06:19:18.696424+00:00,False
reviews_02420,متحف دار المدينة,,متحف أكثر من رائع. زرته مع ابني وانبهرنا بجمال المتحف ودقة تصميم المجسمات التي تعكس تاريخ بداية الإسلام. ...,Madinah,متحف,,,,,1,1,reviews_zenodo,,https://zenodo.org/records/16924532,static,,2026-09-13T06:19:18.696424+00:00,False
reviews_02421,متحف دار المدينة,,جميل والدخول تقريبا ٢٥ريال للشخص و مناسب,Madinah,متحف,1,,,,1,,reviews_zenodo,,https://zenodo.org/records/16924532,static,,2026-09-13T06:19:18.696424+00:00,False
reviews_02422,متحف دار المدينة,,متحف ممتاز جدا اتقان في المعروض وجوده في الارشاد مع المرشد أنس انصح بزيارته لترى السيره النبويه كأن لم ترأها من قبل,Madinah,متحف,,,,1,1,,reviews_zenodo,,https://zenodo.org/records/16924532,static,,2026-09-13T06:19:18.696424+00:00,False
reviews_02423,متحف دار المدينة,,مكان اكثر من رائع ومفيد جداا جداا للتعرف لسيرة الرسول عليه الصلاة والسلام وشغل متعوب عليه جزاهم الله خير ملتزمين بالاجراءات وبالداخل لك الحريه اختيار مرشد معك بالرحله او تاخذ راحتك لوحدك بالمتحف من الاخر حبيت المكااان ومحد بيندم لزيارته,Madinah,متحف,,,,1,1,1,reviews_zenodo,,https://zenodo.org/records/16924532,static,,2026-09-13T06:19:18.696424+00:00,False
reviews_02424,متحف دار المدينة,,متميز بكل المعاني وكان المرشد قمة في الروعة والمعلومات غابت عن الأذهان وتم استرجاعها فجزى الله القائمين على هذا العمل خير الجزاء,Madinah,متحف,,,,1,1,,reviews_zenodo,,https://zenodo.org/records/16924532,static,,2026-09-13T06:19:18.696424+00:00,False
reviews_02425,متحف دار المدينة,,متحف خفيف عن السيرة النبوية .. جميل للاطفال بحيث يطلعون على حياة النبي عليه السلام,Madinah,متحف,,,,,1,1,reviews_zenodo,,https://zenodo.org/records/16924532,static,,2026-09-13T06:19:18.696424+00:00,False
reviews_02426,متحف دار المدينة,,جدا جدا متميز،الجولة فيه ممتعة و تأخذك 1400 سنة للخلف من بداية مولد الرسول عليه الصلاة والسلام إلى آخر توسعة للحرم النبوي انصحكم بطلب المرشد و جزا الله القائمين عليه خير الجزاء,Madinah,متحف,,,,1,1,1,reviews_zenodo,,https://zenodo.org/records/16924532,static,,2026-09-13T06:19:18.696424+00:00,False
reviews_02427,متحف دار المدينة,,المكان جدا جميل والأشياء والمقتنيات حميلة ومشروحة بالكتابة و المتحف يتحدث عن تاريخ مكة المكرمة قبل بناء الكعبة وقبل وجود ماء زمزم الى الوقت الحاضر وايضا المدينة المنورة تم تجسيد المدينة قبل وجود المسجد وبيوت النبي صلى الله عليه وسلم و ...,Madinah,متحف,,,,,1,1,reviews_zenodo,,https://zenodo.org/records/16924532,static,,2026-09-13T06:19:18.696424+00:00,False
reviews_02428,متحف دار المدينة,,مكان جميل يستحق الزيارة . المرشد متمكن من معلوماته . جولة ممتعة و خاصة للاطفال,Madinah,متحف,,,,1,1,1,reviews_zenodo,,https://zenodo.org/records/16924532,static,,2026-09-13T06:19:18.696424+00:00,False
reviews_02429,متحف دار المدينة,,اكثر من رائع ، احياء للسيرة النبوية العطرة ، جزا الله خيرا صاحبه والقائمين عليه والعاملين فيه ، اصبح معلم من معالم المدينة ، لا يمكن تفويته عند زيارة المدينة. وتحية خاصة للاستاذ / ثامر دليلنا فى المتحف,Madinah,متحف,,,,1,1,1,reviews_zenodo,,https://zenodo.org/records/16924532,static,,2026-09-13T06:19:18.696424+00:00,False
reviews_02430,متحف دار المدينة,,بصراحة مكان اكثر من رائع جميل جدا جهود مشكورة جزا الله خير الدكتور عبدالعزيز و جميع الشباب المتواجدين قمة في الادب والاخلاق سلاسة في الشرح والالقاء ملمين بالمعلومات انصح بزيارة المتحف خصوصا العائلات الاستفاده كبيره جدا خاصه الابناء يثبت ...,Madinah,متحف,,,,1,1,1,reviews_zenodo,,https://zenodo.org/records/16924532,static,,2026-09-13T06:19:18.696424+00:00,False
reviews_02431,متحف دار المدينة,,متحف جميل يحكي السيرة النبويةبكل تفاصيلها با أسلوب شيق وبسيط والأستاذ أحمد شرحها بشرح واضح ومميز والأفضل للزائر يطلب مرشد يشرح له التفاصيل,Madinah,متحف,,,,1,1,1,reviews_zenodo,,https://zenodo.org/records/16924532,static,,2026-09-13T06:19:18.696424+00:00,False
reviews_02432,متحف دار المدينة,,تجربة رائعة تأخذك من بداية الاستيطان في مكة مرورا بحياة الرسول الأعظم (صلى الله عليه وآله وسلم) في مكة ثم هجرته إلى المدينة المنورة وكذلك مراحل تطور وتوسع المدينة المنورة والمسجد النبوي.,Madinah,متحف,,,,,1,1,reviews_zenodo,,https://zenodo.org/records/16924532,static,,2026-09-13T06:19:18.696424+00:00,False
reviews_02433,متحف دار المدينة,,متحف متعوب عليه ورائع ، يحكي عن قصص النبي صلى الله عليه وسلم وغزواته وكل شي متعلق ب سيرته.,Madinah,متحف,,,,,1,1,reviews_zenodo,,https://zenodo.org/records/16924532,static,,2026-09-13T06:19:18.696424+00:00,False
reviews_02434,متحف دار المدينة,,حلووو فيه مرشد سياحي يعطيك من بدايت الكعبه والمدينه ليومك ذا انصح فيه الكبار ب٢٥ ريال والصغار ب١٥ الصغار مره مايجسبونهم وفيه مكسمات وعملات المملكه من عبد العزيز لين عبدالله وحجات كثير انصح فيههه بوقت مافيه ناس عشان تاخذ راحتك الظهر كذا..,Madinah,متحف,,,,1,1,1,reviews_zenodo,,https://zenodo.org/records/16924532,static,,2026-09-13T06:19:18.696424+00:00,False
reviews_02435,متحف دار المدينة,,مكان قمة في الروعة. يأخذك إلى أزمان بعيدة حيث يتجسد التاريخ أمامك. ممتع للصغار والكبار. وبه جناح للأطفال. مجسمات وماكيتات للمسجد النبوي والمدينة ومكة والمسجد الأقصى وغزوات النبي.,Madinah,متحف,,,,,1,1,reviews_zenodo,,https://zenodo.org/records/16924532,static,,2026-09-13T06:19:18.696424+00:00,False
reviews_02436,متحف دار المدينة,,متحف. جميل اجتهاد ات فردية بنتائج مذهل تصوير لحياة الرسول صلى الله عليه وسلم وتاريخ مكة والمدينة مع الاحداث الكبرى متحف تعليمي خصوصا للاطفال بطريقةفريدة انصح بزيارته ((يوجد رسوم بسيطةللدخول) ),Madinah,متحف,1,,,,1,1,reviews_zenodo,,https://zenodo.org/records/16924532,static,,2026-09-13T06:19:18.696424+00:00,False
reviews_02437,متحف دار المدينة,,ماشاء الله تبارك الله اشكر القائمين عليه معلومات دقيقه تختصر شي كثير من الكتب وتطور معلوماتك,Madinah,متحف,,,,1,,1,reviews_zenodo,,https://zenodo.org/records/16924532,static,,2026-09-13T06:19:18.696424+00:00,False
reviews_02438,متحف دار المدينة,,جدا رائع جهد يشكر عليه ..عباره عن مجسمات جميلة لعهد الرسول صلى الله عليه وسلم...وشرح جميل من مرشدين جزاهم الله خيرا..,Madinah,متحف,,,,1,1,,reviews_zenodo,,https://zenodo.org/records/16924532,static,,2026-09-13T06:19:18.696424+00:00,False
reviews_02439,متحف دار المدينة,,متحف جميل رغم ضيق المساحة و الموظفين العاملين فيه مهذبين و متميزين في سرد المعلومات الخاصة بكل ركن ، و معظمهم شغالين هناك من سنين و هذا شيء يحسب لإدارة المتحف ... ...,Madinah,متحف,,,,1,1,,reviews_zenodo,,https://zenodo.org/records/16924532,static,,2026-09-13T06:19:18.696424+00:00,False
reviews_02440,متحف دار المدينة,,رائع رائع ومنظم وكنز معرفي لديهم ولدى المرشدين المحرمين والراقين .. اتعهد لك عزيزي انك راح تلاقي معلومات جديده ومبهره عن رسولنا الكريم صلى الله عليه وسلم وعن كل مايخص المسلمين,Madinah,متحف,,,,1,1,1,reviews_zenodo,,https://zenodo.org/records/16924532,static,,2026-09-13T06:19:18.696424+00:00,False
reviews_02441,متحف دار المدينة,,رائع جدا ومنظم انصح اللي يروح يطلب المرشد السعر للدخول للكبار ٢٥ ريال مع المرشد اطلبوه انجاز يشكر عليه الاستاذ الكعكعي,Madinah,متحف,,,,1,1,1,reviews_zenodo,,https://zenodo.org/records/16924532,static,,2026-09-13T06:19:18.696424+00:00,False
reviews_02442,متحف دار المدينة,,الموقع جميل للغاية ونشكر القائمون عليه من الواضح ان هناك شغل جبار حتى وصل الى ماوصل اليه,Madinah,متحف,,,,1,1,,reviews_zenodo,,https://zenodo.org/records/16924532,static,,2026-09-13T06:19:18.696424+00:00,False
reviews_02443,متحف دار المدينة,,جميل خاصة الدليل السياحي الطويل خلق وشرح استمتعت بالزيارة,Madinah,متحف,,,,1,1,1,reviews_zenodo,,https://zenodo.org/records/16924532,static,,2026-09-13T06:19:18.696424+00:00,False
reviews_02444,متحف دار المدينة,,جهد مشكور ولكن لماذا رسوم الدخول عالية؟! بمبلغ ٢٥ للفرد رغم ان مساحة المتحف صغيرة جدا مقارنة بطبيعة المتاحف؟؟ كما ان الاشياء الاثرية قليلة جدا ، وهناك مشكلة في الترتيب حيث تم وضع الصور القديمة في اماكن بعيدة عن رؤية الزائر..,Madinah,متحف,-1,,,,-1,-1,reviews_zenodo,,https://zenodo.org/records/16924532,static,,2026-09-13T06:19:18.696424+00:00,False
reviews_02445,متحف دار المدينة,,مكان جميل يستحق الزيارة والمرشد رائع بدقت وصفه 🌺🌺🌺🌺,Madinah,متحف,,,,,1,1,reviews_zenodo,,https://zenodo.org/records/16924532,static,,2026-09-13T06:19:18.696424+00:00,False
reviews_02446,متحف دار المدينة,,جميل وممتع جدا ، والمرشد أبدع في السرد المختصر بأسلوب رائع قضينا قريب من الساعة والنصف لم نشعر بالوقت المتحف تصوير تقريبي لأحداث وأماكن في السيرة ...,Madinah,متحف,,,,1,1,,reviews_zenodo,,https://zenodo.org/records/16924532,static,,2026-09-13T06:19:18.696424+00:00,False
reviews_02447,متحف دار المدينة,,متحف مميز يستحق تكرار الزيارة يوجد مرشد لشرح محتويات المتحف سعر تذكرة الدخول للشخص 25ریال,Madinah,متحف,,,,,1,1,reviews_zenodo,,https://zenodo.org/records/16924532,static,,2026-09-13T06:19:18.696424+00:00,False
reviews_02448,متحف دار المدينة,,متحف رائع جدا بصراحة وأنصح بزيارته .. رسوم الدخول 25 ريال الكبار 15 ريال الصغار,Madinah,متحف,,,,,1,1,reviews_zenodo,,https://zenodo.org/records/16924532,static,,2026-09-13T06:19:18.696424+00:00,False
reviews_02449,متحف دار المدينة,,متحف جميل و مرتب ويعطيك فكرة كاملة عن حياة الرسول صلى الله عليه وسلم و تأريخ مكة و المدينة ، وهناك من يشرح لك والدخول ب ٢٥ ريال للكبار و ١٥ ريال للصغار .,Madinah,متحف,,,,,1,1,reviews_zenodo,,https://zenodo.org/records/16924532,static,,2026-09-13T06:19:18.696424+00:00,False
reviews_02450,متحف دار المدينة,,مكان رائع ويستاهل الزياره ويفضل ان تطلب مرشد,Madinah,متحف,,,,,1,1,reviews_zenodo,,https://zenodo.org/records/16924532,static,,2026-09-13T06:19:18.696424+00:00,False
reviews_02451,متحف دار المدينة,,متحف اكثر من رائع ننصح بزيارته به تفصيل لعمارة المسجد النبوي والسجد الحرام.,Madinah,متحف,,,,,1,1,reviews_zenodo,,https://zenodo.org/records/16924532,static,,2026-09-13T06:19:18.696424+00:00,False
reviews_02452,متحف دار المدينة,,متحف من مجهودات د عبدالعزيز الكعكي جدا استمتعت بمعلومات تفصيلية معروضة من خلال مجسمات واضحة سعر الدخول جدا مناسب أشكر القائمين على المتحف على تعاونهم وأخص بالشكر المرشد السياحي الاخ أحمد الفاروقي جدا استمعت بالجولة المقدمة من خلاله. - ملاحظة : أغلب المعروضات مجسمات تعليمية محاكية وليست قطعا تراثية,Madinah,متحف,1,,,1,1,1,reviews_zenodo,,https://zenodo.org/records/16924532,static,,2026-09-13T06:19:18.696424+00:00,False
reviews_02453,متحف دار المدينة,,لاباس به عباره عن مجسمات صغيره / ومرشد سياحي يشرح لك تجربه ممتازه اعطيها 10/8 بالاسعار تعتبر غاليه 25 ريال صغر حجم المكان,Madinah,متحف,-1,,,1,0,1,reviews_zenodo,,https://zenodo.org/records/16924532,static,,2026-09-13T06:19:18.696424+00:00,False
reviews_02454,متحف دار المدينة,,المتحف جميل بس سعر التذكرة عالي للشخص الواحد,Madinah,متحف,-1,,,,1,,reviews_zenodo,,https://zenodo.org/records/16924532,static,,2026-09-13T06:19:18.696424+00:00,False
reviews_02455,متحف دار المدينة,,قيمة التذاكر مناسبه للشخص البالغ ٢٥ والصغير ١٥ التنظيم ممتاز الدخول للمتحف ورؤية العمل الجبار والابداع في تجسيم لمكه المشرفة والمدينه المنوره وجميع الاحداث والوقائع قبل الاسلام وبعده والشروحات لهو مؤثر بالشخص انصح بزيارته,Madinah,متحف,1,,,,1,1,reviews_zenodo,,https://zenodo.org/records/16924532,static,,2026-09-13T06:19:18.696424+00:00,False
reviews_02456,متحف دار المدينة,,جميل جدا جدا يستحق الذهاب له ان شاء الله بكررها وربنا يرزقنا بزيارة مرات ومرات لحبيبنا وشفيعنا رسول الله صلى الله عليه وسلم,Madinah,متحف,,,,,1,1,reviews_zenodo,,https://zenodo.org/records/16924532,static,,2026-09-13T06:19:18.696424+00:00,False
reviews_02457,متحف دار المدينة,,مكان ممتاز لاعرف على تاريخ المدينة والهجرة النبوية وغزوات فجر الإسلام أنصح في زيارته للكبار والصغار,Madinah,متحف,,,,,1,1,reviews_zenodo,,https://zenodo.org/records/16924532,static,,2026-09-13T06:19:18.696424+00:00,False
reviews_02458,متحف دار المدينة,,يستحق الزبارة و هو اكثر من رائع. جزء الله خير كل من ساهم في إنجاح هذا المشروع.,Madinah,متحف,,,,,1,1,reviews_zenodo,,https://zenodo.org/records/16924532,static,,2026-09-13T06:19:18.696424+00:00,False
reviews_02459,متحف دار المدينة,,قمت بزيارة عدد كبير من المتاحف داخل وخارج المملكة ولم أعجب مثل إعجابي بتجربتي لهذا المتحف حيث قدم لنا أحد المرشدين معلومات تفصيلية عن معاني أقسام المتحف التي كان لها تأثير وجداني للمستمعين ولقد قام منشئ هذا المتحف ببذل جهد غير مسبوق لبناء ...,Madinah,متحف,,,,1,1,1,reviews_zenodo,,https://zenodo.org/records/16924532,static,,2026-09-13T06:19:18.696424+00:00,False
reviews_02460,متحف دار المدينة,,جدا جميل يستحق الزياره لمعرفت سيرة الرسول وزوجاته صلى الله عليه وسلم,Madinah,متحف,,,,,1,1,reviews_zenodo,,https://zenodo.org/records/16924532,static,,2026-09-13T06:19:18.696424+00:00,False
reviews_02461,متحف دار المدينة,,احد معالم المدينة المنورة المميزة، انصح بزيارته اذا توفر الوقت,Madinah,متحف,,,,,1,1,reviews_zenodo,,https://zenodo.org/records/16924532,static,,2026-09-13T06:19:18.696424+00:00,False
reviews_02462,متحف دار المدينة,,ماشاء الله مكان حلو وجميل جسد حياه الرسول بطريقه جدا جميله وعرفت معلومات كثيره عن الرسول و المدينه المنورة و عن الثقافه الاسلاميه اللذي كنت اجهلهاسابقا,Madinah,متحف,,,,,1,1,reviews_zenodo,,https://zenodo.org/records/16924532,static,,2026-09-13T06:19:18.696424+00:00,False
reviews_02463,متحف دار المدينة,,متحف جميل جدا اشكرك صاحب المتحف على الجهود المبذولة فى المتحف والقائمين عليه وكذلك الاخوة اللى قاموا بشرح لنا عن كل مايتعلق بالمتحف,Madinah,متحف,,,,1,1,,reviews_zenodo,,https://zenodo.org/records/16924532,static,,2026-09-13T06:19:18.696424+00:00,False
reviews_02464,متحف دار المدينة,,المتحف رائع اول جيت الظهر وكنت الزائرة الوحيدة اعطونا غطاء للاحذية و صليت في المصلى ثم جانا واحد من الموظفين وعرف نفسه بالمرشد و صار بينقلنا حول المجسمات وبيشرح لنا كل مجسم عن ايش وقصته مع الاشارة للمجسم للفهم اكثر ما شاء الله معلوماته ...,Madinah,متحف,,,,1,1,,reviews_zenodo,,https://zenodo.org/records/16924532,static,,2026-09-13T06:19:18.696424+00:00,False
reviews_02465,متحف دار المدينة,,تم منعنا من التصوير مع السماح لمجموعة أخرى سياحية بتصوير كل شيء. أسعار التذاكر مبالغ بها بشكل كبير.,Madinah,متحف,-1,,,-1,,,reviews_zenodo,,https://zenodo.org/records/16924532,static,,2026-09-13T06:19:18.696424+00:00,False
reviews_02466,متحف دار المدينة,,رااااااائع وفيه كوكبة من الشباب عندهم إلمام بالسيرة وقمة في الاخلاق,Madinah,متحف,,,,1,1,,reviews_zenodo,,https://zenodo.org/records/16924532,static,,2026-09-13T06:19:18.696424+00:00,False
reviews_02467,متحف دار المدينة,,جميل وتنظيم اروع لكن لا توجد اي فعاليات,Madinah,متحف,,,-1,1,1,,reviews_zenodo,,https://zenodo.org/records/16924532,static,,2026-09-13T06:19:18.696424+00:00,False
reviews_02468,متحف دار المدينة,,من اجمل المتاحف في المدينة ويستحق الزيارة,Madinah,متحف,,,,,1,1,reviews_zenodo,,https://zenodo.org/records/16924532,static,,2026-09-13T06:19:18.696424+00:00,False
reviews_02469,متحف دار المدينة,,المرشدون تنقصهم الخبرة والمعلومات الصحيحة في نقل المعلومة كما أن المبيعات أسعارها مرتفعه جدا جدا ومبالغ في أسعارها وتفقد المنطقيه في ذلك والمتحف يحتاج إلى تجديد من وقت لآخر وهذا لا يقلل من شأنه حيث أنه يحكي تاريخ وسيرة أفضل الخلق على الإطلاق,Madinah,متحف,-1,,,-1,0,,reviews_zenodo,,https://zenodo.org/records/16924532,static,,2026-09-13T06:19:18.696424+00:00,False
reviews_02470,متحف دار المدينة,,متحف جميل جدا وانصحكم بالمرشد أنس ، شرحه رائع ولبق ماشاء الله تبارك الله,Madinah,متحف,,,,1,1,,reviews_zenodo,,https://zenodo.org/records/16924532,static,,2026-09-13T06:19:18.696424+00:00,False
reviews_02471,متحف دار المدينة,,تجربة جميلة ، ومرشد سياحي محترف,Madinah,متحف,,,1,,1,,reviews_zenodo,,https://zenodo.org/records/16924532,static,,2026-09-13T06:19:18.696424+00:00,False
reviews_02472,متحف دار المدينة,,المتحف رائع ومثري جدا.. لكن ينبغي أن يكون بصحبتكم المرشد حتى تتحقق أقصى أستفادة من المتحف.. كل الشكر للأستاذ سامي الذي رافقنا خلال زيارتنا للمتحف على الشرح الوافي,Madinah,متحف,,,,1,1,,reviews_zenodo,,https://zenodo.org/records/16924532,static,,2026-09-13T06:19:18.696424+00:00,False
reviews_02473,متحف دار المدينة,,المتحف جمييييل للغايه .. هذا المتحف تجد فيه مجسمات و شرح كامل عن تاريخ المدينة وعن بداية هجرة النبي صلى الله عليه وسلم وعن غزوات النبي وعن بيته ومسجده ومراحل تطورها ، ويكون الشرح عن ...,Madinah,متحف,,,,,1,1,reviews_zenodo,,https://zenodo.org/records/16924532,static,,2026-09-13T06:19:18.696424+00:00,False
reviews_02474,متحف دار المدينة,,دخول الشخص ب ٢٥ ريال والاطفال دون أربع سنوات مجانا يستحق الزياره لمعرفة التاريخ المكي والمدني,Madinah,متحف,,,,,1,1,reviews_zenodo,,https://zenodo.org/records/16924532,static,,2026-09-13T06:19:18.696424+00:00,False
reviews_02475,متحف دار المدينة,,جميل المكان يستحق الزياره,Madinah,متحف,,,,,1,1,reviews_zenodo,,https://zenodo.org/records/16924532,static,,2026-09-13T06:19:18.696424+00:00,False
reviews_02476,متحف دار المدينة,,متحف رائع يحتوي على مجسمات تحكي قصص من السيرة النبوية وحياة النبي صلى الله عليه وسلم و الصحابة ومراحل توسعة الحرم النبوي. يوجد قسم خاص بالاطفال لمجسمات عن اخلاق النبي وقصص من القران والسنة. يوجد مرشد ومتحدثين بعدة لغات.,Madinah,متحف,,,,,1,1,reviews_zenodo,,https://zenodo.org/records/16924532,static,,2026-09-13T06:19:18.696424+00:00,False
reviews_02477,متحف دار المدينة,,ممتاز افضل متحف زرته👍🏻,Madinah,متحف,,,,,1,1,reviews_zenodo,,https://zenodo.org/records/16924532,static,,2026-09-13T06:19:18.696424+00:00,False
reviews_02478,متحف دار المدينة,,أكثر من ممتاز 💓💓 متحف عظيم تفاجأت جدا جدا بوجود متحف بهذي الجهود الجبارة بتوضيح مكة والمدينة من قبل مولد الرسول صلى الله عليه وسلم حتى يومنا هذا عبر مجسمات تقريبية 😢 مؤثر خيالي إبداعي حصلت عليه بالصدفة من خلال بحثي .. عتبي على أهل ...,Madinah,متحف,,,,,1,1,reviews_zenodo,,https://zenodo.org/records/16924532,static,,2026-09-13T06:19:18.696424+00:00,False
reviews_02479,متحف دار المدينة,,المتحف جدا جميل وممتع يستحق الزيارة,Madinah,متحف,,,,,1,1,reviews_zenodo,,https://zenodo.org/records/16924532,static,,2026-09-13T06:19:18.696424+00:00,False
reviews_02480,متحف دار المدينة,,جميل جدا ومعلومات ثريه وتوثيق ولا اروع,Madinah,متحف,,,,,1,1,reviews_zenodo,,https://zenodo.org/records/16924532,static,,2026-09-13T06:19:18.696424+00:00,False
reviews_02481,متحف دار المدينة,,المتحف رائع رائع رائع رائع.... يروي سيرة رسول الله صلى الله عليه وسلم وقصة بناء الحرمين وقصة وتاريخ الحجاز... كل ذلك بواسطة ماكيتات (موديلات ومجسمات مصغرة) تجعلك تشعر نفسك وكأنك تعيش القصة بنفسك)... ولا تنسوا تذوق شراب اهل المدينة اللذيذ ...,Madinah,متحف,,,,,1,1,reviews_zenodo,,https://zenodo.org/records/16924532,static,,2026-09-13T06:19:18.696424+00:00,False
reviews_02482,متحف دار المدينة,,متحف تاريخي رائع جدا جدا و انصح الجميع بزيارته يتكلم عن تاريخ الاسلام و الكعبة و الحرم النبوي وكيف كانت بدايتهم و من التغيرات الي حصلت عليهم جميعا و غيرها بالمجسمات الخشبية و اهم الغزوات و الاحداث المهمة في السيرة النبوية و الاسلامية ، ...,Madinah,متحف,,,,,1,1,reviews_zenodo,,https://zenodo.org/records/16924532,static,,2026-09-13T06:19:18.696424+00:00,False
reviews_02483,متحف دار المدينة,,مبلغ الدخول مبالغ فيه جدآ.. لا يوجد اهتمام بالنظافة في الخارج.. المدخل أكل عليه الدهر وشرب... كنت أتمنى أرى شيء قديم حقيقي معروض كونه يسمى متحف.. لكن مجسمات ودمى من الاعواد أتمنى تطويرة أو خفض رسومه على الأقل...,Madinah,متحف,-1,-1,,,-1,-1,reviews_zenodo,,https://zenodo.org/records/16924532,static,,2026-09-13T06:19:18.696424+00:00,False
reviews_02484,متحف دار المدينة,,متحف راائع ينقلك لتاريخ المدينة المنورة عبر العصور المختلفة .. وخصوصا تاريخ المدينة النبوي. يحتوي على مجسمات تفصيلية راائعة تعيش فيها مع تطور المدينة والمسجد النبوي خصوصا ...,Madinah,متحف,,,,,1,1,reviews_zenodo,,https://zenodo.org/records/16924532,static,,2026-09-13T06:19:18.696424+00:00,False
reviews_02485,متحف دار المدينة,,متحف رائع جدا ويستحق الزيارة,Madinah,متحف,,,,,1,1,reviews_zenodo,,https://zenodo.org/records/16924532,static,,2026-09-13T06:19:18.696424+00:00,False
reviews_02486,متحف دار المدينة,,انصحكم تزورونها شىء خرافي واحترافي اللي موجودة هناك اللي يحب يعيش الماضي والتاريخ عن قرب عليكم بهذا المتحف الجميل الأكثر من رائع.... اتمنى لكم زياره موفقة ومباركة بإذن الله,Madinah,متحف,,,,,1,1,reviews_zenodo,,https://zenodo.org/records/16924532,static,,2026-09-13T06:19:18.696424+00:00,False
reviews_02487,متحف دار المدينة,,جدا جمييل ويديك تجربة جميلة يحكيلك تاريخ تراث المدينة وتطورها والسيرة النبوية يناسب جميع الأعمار الموظفين فيه جدا محترمين وبشوشين ومتعاونين,Madinah,متحف,,,,,1,1,reviews_zenodo,,https://zenodo.org/records/16924532,static,,2026-09-13T06:19:18.696424+00:00,False
reviews_02488,متحف دار المدينة,,زرته مرتين مع فريق المدرسة، يشرح عن تاريخ مكة والمدينة، انصح الجميع بزيارته,Madinah,متحف,,,,,1,1,reviews_zenodo,,https://zenodo.org/records/16924532,static,,2026-09-13T06:19:18.696424+00:00,False
reviews_02489,متحف دار المدينة,,تجربة ناجحة ومكان رائع جدا مميز متعوب عليه الله يجزي صاحبة ومؤسسه والقائمين عليه كل خير,Madinah,متحف,,,,,1,1,reviews_zenodo,,https://zenodo.org/records/16924532,static,,2026-09-13T06:19:18.696424+00:00,False
reviews_02490,متحف دار المدينة,,ممتاز,Madinah,متحف,,,,,,,reviews_zenodo,,https://zenodo.org/records/16924532,static,,2026-09-13T06:19:18.696424+00:00,False
reviews_02491,متحف دار المدينة,,مجهود ومحاولة رائعة.. لكن السعر مرتفع جدا ومبالغ فيه؛ كان في السابق ١٠ ريال. والان ٢٥ ريال.. لا يستحق (اسم المتحف) في الحقيقة صالة عرض لمجسمات .. ...,Madinah,متحف,-1,,,,-1,,reviews_zenodo,,https://zenodo.org/records/16924532,static,,2026-09-13T06:19:18.696424+00:00,False
reviews_02492,متحف دار المدينة,,متحف جميل يستاهل الزيارة,Madinah,متحف,,,,,1,1,reviews_zenodo,,https://zenodo.org/records/16924532,static,,2026-09-13T06:19:18.696424+00:00,False
reviews_02493,متحف دار المدينة,,اكثر من رائع يجب زيارته,Madinah,متحف,,,,,1,1,reviews_zenodo,,https://zenodo.org/records/16924532,static,,2026-09-13T06:19:18.696424+00:00,False
reviews_02494,متحف دار المدينة,,معلومات قيمه بعضها اول مره تمر علي، مناسب للكبار والصغار، الأسعار رمزيه. يستحق الزيارة.,Madinah,متحف,1,,,,1,1,reviews_zenodo,,https://zenodo.org/records/16924532,static,,2026-09-13T06:19:18.696424+00:00,False
reviews_02495,متحف دار المدينة,,ثراث جميل انصح بزيارته,Madinah,متحف,,,,,1,1,reviews_zenodo,,https://zenodo.org/records/16924532,static,,2026-09-13T06:19:18.696424+00:00,False
reviews_02496,متحف دار المدينة,,يجب زيارته جميل جدا يوجد شخص اسمه سامي بالمتحف ونعم والله شرحه جميل وممتع,Madinah,متحف,,,,1,,1,reviews_zenodo,,https://zenodo.org/records/16924532,static,,2026-09-13T06:19:18.696424+00:00,False
reviews_02497,متحف دار المدينة,,متحف رائع يستحق الزيارة,Madinah,متحف,,,,,1,1,reviews_zenodo,,https://zenodo.org/records/16924532,static,,2026-09-13T06:19:18.696424+00:00,False
reviews_02498,متحف دار المدينة,,مكان ممتاز و متعوب عليه، المرشدين مثقفين و عندهم الاطلاع اللازم، كانت جولة ممتعة. التذاكر اسعارها رمزية بالنسبة لثراء الجولة، ما حسيت بالملل ولا لحظة، تجربة فريدة اشكركم عليها.,Madinah,متحف,1,,,1,1,1,reviews_zenodo,,https://zenodo.org/records/16924532,static,,2026-09-13T06:19:18.696424+00:00,False
reviews_02499,متحف دار المدينة,,من أفضل المتاحف اللي زرتها فيه شغل جبار واهتمام ومجسمات توضيحيه في غاية الاتقان بصراحه متحف جميل وأنصح بزيارته بقوه للتعرف على تاريخ مكه والتعرف على سيرة الرسول اللهم صل وسلم عليه,Madinah,متحف,,,,,1,1,reviews_zenodo,,https://zenodo.org/records/16924532,static,,2026-09-13T06:19:18.696424+00:00,False
reviews_02500,متحف دار المدينة,,مكان اقل مايقال عنه رااااائع. جزى الله القائمين عليه عنا كل خير. انصح كل شخص بزيارته قبل دخول الحرم المدني والتجول في المدينة المنورة.,Madinah,متحف,,,,,1,1,reviews_zenodo,,https://zenodo.org/records/16924532,static,,2026-09-13T06:19:18.696424+00:00,False
reviews_02501,متحف دار المدينة,,رائع جدا فيه تفاصيل كل شيء عن معالم المدينة المنورة وفيه شرح تفصيلي لكل شيء، تاريخ المدينة وهجرة الرسول صلى الله عليه وسلم,Madinah,متحف,,,,,1,1,reviews_zenodo,,https://zenodo.org/records/16924532,static,,2026-09-13T06:19:18.696424+00:00,False
reviews_02502,متحف دار المدينة,,يستحق الزيارة فعلا... الافضل ان يكون معكم مرشد داخل المتحف,Madinah,متحف,,,,,1,1,reviews_zenodo,,https://zenodo.org/records/16924532,static,,2026-09-13T06:19:18.696424+00:00,False
reviews_02503,متحف دار المدينة,,متحف رائع يتضمن كل ما تريد معرفته عن المدينه على الواقع الافتراضي نماذج ثلاثي الأبعاد,Madinah,متحف,,,,,1,1,reviews_zenodo,,https://zenodo.org/records/16924532,static,,2026-09-13T06:19:18.696424+00:00,False
reviews_02504,متحف دار المدينة,,رائع جدا بما تعنيه الكلمة انصح بزيارته و الاخوة المرشدين متمكنين جدا ..,Madinah,متحف,,,,1,1,1,reviews_zenodo,,https://zenodo.org/records/16924532,static,,2026-09-13T06:19:18.696424+00:00,False
reviews_02505,متحف دار المدينة,,متحف رائع يعرض مجسمات للمدينة المنورة ومكة المكرمة وتوسعات الحرمين الشريفين و مجسمات للحجرة النبوية ويوجد في المتحف مرشد للتعريف بالمدينة المنورة وتاريخها و حارتها .. انصح زوار المدينة المنورة بزيارة المتحف للمهتمين بالتاريخ,Madinah,متحف,,,,,1,1,reviews_zenodo,,https://zenodo.org/records/16924532,static,,2026-09-13T06:19:18.696424+00:00,False
reviews_02506,متحف دار المدينة,,فكرة المتحف جميلة جدا وأنصح بزيارته,Madinah,متحف,,,,,1,1,reviews_zenodo,,https://zenodo.org/records/16924532,static,,2026-09-13T06:19:18.696424+00:00,False
reviews_02507,متحف دار المدينة,,قيل لي قبل ان اردت الاستفادة من تجربة زيارتك لهذا المتحف اطلب مرشدا من المتحف يستعرض معك المتحف. وفعلا التجربة جدا جميلة مع المرشد واستمعنا بهذه الزيارة. شكر الله للمهندس عبدالعزيز كعكي مؤسس هذا المتحف الرائع والشباب السعودي الرائع القائم عليه.. بارك الله في الجهود ويستحق الدعم والزيارة مرات عديدة,Madinah,متحف,,,,1,,1,reviews_zenodo,,https://zenodo.org/records/16924532,static,,2026-09-13T06:19:18.696424+00:00,False
reviews_02508,متحف دار المدينة,,متحف جميل والمرشدين ممتازين ولكن تمنيت ان تكون مساحة المتحف اكبر,Madinah,متحف,,,,1,0,,reviews_zenodo,,https://zenodo.org/records/16924532,static,,2026-09-13T06:19:18.696424+00:00,False
reviews_02509,متحف دار المدينة,,متحف يعتبر ايقونة تراثية وتاريخيه واجتماعية وحصاد سنين من الثراء المعرفي والفكري مقسم الى اسقفة وكل سقيفه تخدم موضوع معين رائع واكثر ويستحق الزيارة,Madinah,متحف,,,,,1,1,reviews_zenodo,,https://zenodo.org/records/16924532,static,,2026-09-13T06:19:18.696424+00:00,False
reviews_02510,متحف دار المدينة,,المكان اكثر من رائع.. خاصة بوجود المرشد.. تعيش اجواء روحانيه عن حياة نبينا محمد صلى الله عليه وسلم,Madinah,متحف,,,,1,1,,reviews_zenodo,,https://zenodo.org/records/16924532,static,,2026-09-13T06:19:18.696424+00:00,False
reviews_02511,متحف دار المدينة,,من أفضل المتاحف اللي زرتها في حياتي بصراحه متحف متعوب عليه جدا المجسمات التفصيلية والشروحات والعينات خصوصا بأنه ياخذك موضف في جولة مجانيه ويسرد معلومات تاريخية مثيرة بأسلوب جميل جدا بصراحه احب اشكر الموضفين على حسن استقبالهم وروعة ما يقدمون للزائر,Madinah,متحف,,,,1,1,1,reviews_zenodo,,https://zenodo.org/records/16924532,static,,2026-09-13T06:19:18.696424+00:00,False
reviews_02512,متحف دار المدينة,,بصراحة المتحف رائع يستحق الزيارة لمن زار المدينة تصوير حياة الرسول صلى الله عليه وسلم بشكل مبدع و ممتع,Madinah,متحف,,,,,1,1,reviews_zenodo,,https://zenodo.org/records/16924532,static,,2026-09-13T06:19:18.696424+00:00,False
reviews_02513,متحف دار المدينة,,ممتاز جدا جدا .... روعة فيه شرح كامل الهجرة الرسول صل الله عليه وسلم ومراحل بناء المسجد النبوي ومعركة احد والخندق بعدة لغات,Madinah,متحف,,,,,1,1,reviews_zenodo,,https://zenodo.org/records/16924532,static,,2026-09-13T06:19:18.696424+00:00,False
reviews_02514,متحف دار المدينة,,جميله جدا وبصراحه احلى متحف و المرشدين جدا ذوق ومحترمين جزاهم الله خير,Madinah,متحف,,,,1,1,,reviews_zenodo,,https://zenodo.org/records/16924532,static,,2026-09-13T06:19:18.696424+00:00,False
reviews_02515,متحف دار المدينة,,من الإمكان الرائع بالمدينة لازم تزورها لو أكرمك ربنا بزيارة بيت نبيه,Madinah,متحف,,,,,1,1,reviews_zenodo,,https://zenodo.org/records/16924532,static,,2026-09-13T06:19:18.696424+00:00,False
reviews_02516,متحف دار المدينة,,اكبر وأكثر متحف رائع في المدينة المنورة . يقدم جميع تفاصيل السيرة النبوية ومجموعة ضخمة من المعروضات الأثرية والتراثية سعر الدخول جدا رمزي,Madinah,متحف,1,,,,1,,reviews_zenodo,,https://zenodo.org/records/16924532,static,,2026-09-13T06:19:18.696424+00:00,False
reviews_02517,متحف دار المدينة,,متحف رائع بما تعنيه الكلمة ... جزى الله من قام عليه خير الجزاء ... شيء خرافي صراحة ... لا يفوتكم ... ...,Madinah,متحف,,,,1,1,1,reviews_zenodo,,https://zenodo.org/records/16924532,static,,2026-09-13T06:19:18.696424+00:00,False
reviews_02518,متحف دار المدينة,,اعتقد انه مناسب لصغار السن اكثر والمبلغ 25 ريال للكبار 15 للصغار لا يعتبر رمزي ومبالغ فيه مع المعروض,Madinah,متحف,-1,,,,0,0,reviews_zenodo,,https://zenodo.org/records/16924532,static,,2026-09-13T06:19:18.696424+00:00,False
reviews_02519,متحف دار المدينة,,مكان رائع جدا تستطيع فيه ان تتعرف على كثير من سيرة الرسول من خلال شرح مفصل مع الاستعانة بمجسمات تمثل الأماكن و الأحداث و بمصاحبة مرشد سياحي يستطيع أن يشرح بأسلوب سهل و شيق أنصح الجميع بزيارته,Madinah,متحف,,,,1,1,1,reviews_zenodo,,https://zenodo.org/records/16924532,static,,2026-09-13T06:19:18.696424+00:00,False
reviews_02520,متحف دار المدينة,,لا استطيع ان اقول عن هذا المتحف الا انه تحفة فنية متكاملة فعلا وبكل صدق افضل متحف زرته حتى الان ، وجهد القائمين علية واضح وبشكل احترافي جدا ...,Madinah,متحف,,,,1,1,1,reviews_zenodo,,https://zenodo.org/records/16924532,static,,2026-09-13T06:19:18.696424+00:00,False
reviews_02521,متحف دار المدينة,,جميل جميل جدا وانصح بقوة بزيارته لانك تكون بعصر الصحابه من حيث التقريب,Madinah,متحف,,,,,1,1,reviews_zenodo,,https://zenodo.org/records/16924532,static,,2026-09-13T06:19:18.696424+00:00,False
reviews_02522,متحف دار المدينة,,جميل جدا ومرتب موظفين على كفاءة عالية,Madinah,متحف,,,,1,1,,reviews_zenodo,,https://zenodo.org/records/16924532,static,,2026-09-13T06:19:18.696424+00:00,False
reviews_02523,متحف دار المدينة,,المتحف جميل لكن سعر الدخول غالي وبصراحه تقريبا مافيه شي حقيقي او قديم كله مجسمات اما هو فيه شرح ووصف للحياة قديما,Madinah,متحف,-1,,,,1,0,reviews_zenodo,,https://zenodo.org/records/16924532,static,,2026-09-13T06:19:18.696424+00:00,False
reviews_02524,متحف دار المدينة,,متحف متميز و العاملين به محترفين وبعدة لغات ويستحق الزيارة,Madinah,متحف,,,,1,1,1,reviews_zenodo,,https://zenodo.org/records/16924532,static,,2026-09-13T06:19:18.696424+00:00,False
reviews_02525,متحف دار المدينة,,متحف ممتاز جدا وهو عبارة عن مجسمات للمسجد النبوي منذ بداياته كذلك المدينة المنورة ذهبت مع أطفالي واستمتعنا جدا علما انه يصاحبك مرشد يشرح لك من البداية إلى النهاية شكرا للإدارة والشباب على هذا المجهود,Madinah,متحف,,,,1,1,1,reviews_zenodo,,https://zenodo.org/records/16924532,static,,2026-09-13T06:19:18.696424+00:00,False
reviews_02526,متحف دار المدينة,,كنت متوقع اني بلقى تحف قديمه ومن ممتلكات العرب القدامى لك مع الاسف مجرد رسومات ومجسمات ولكن الجميل هو ذكر سيره الرسول صلى عليه وسلم,Madinah,متحف,,,,,-1,-1,reviews_zenodo,,https://zenodo.org/records/16924532,static,,2026-09-13T06:19:18.696424+00:00,False
reviews_02527,متحف دار المدينة,,كانت زياره جميله جدا ماشاء الله ومؤثره استفدنا من المعلومات القيمه اتمنى ان تتكرر الزياره,Madinah,متحف,,,,,1,1,reviews_zenodo,,https://zenodo.org/records/16924532,static,,2026-09-13T06:19:18.696424+00:00,False
reviews_02528,متحف دار المدينة,,اللهم صل على سيد الخلق عبدك و رسولك سيدنا محمد و على آله و صحبه و سلم. مكان يستحق الزيارة للكبار و يسهل شرح السيرة النبوية بصوره جميلة للأطفال,Madinah,متحف,,,,,1,1,reviews_zenodo,,https://zenodo.org/records/16924532,static,,2026-09-13T06:19:18.696424+00:00,False
reviews_02529,متحف دار المدينة,,ممتاز وانصح الزياره لهذا المكان.,Madinah,متحف,,,,,1,1,reviews_zenodo,,https://zenodo.org/records/16924532,static,,2026-09-13T06:19:18.696424+00:00,False
reviews_02530,متحف دار المدينة,,جميل رغم بساطته دخلنا في زيارة واخترنا مرافقة مرشد ووفقنا باسلوبه الجيد ما شاء الله معلومات ثمينة وزيارة لا تنسى,Madinah,متحف,,,,1,1,1,reviews_zenodo,,https://zenodo.org/records/16924532,static,,2026-09-13T06:19:18.696424+00:00,False
reviews_02531,متحف دار المدينة,,جدا جميل و متعوب عليه والمرشد الي هناك جدا جدا مثقف وأخلاقه ١٠٠%١٠٠ ماشاء الله عليهم انصح بزيارته,Madinah,متحف,,,,1,1,1,reviews_zenodo,,https://zenodo.org/records/16924532,static,,2026-09-13T06:19:18.696424+00:00,False
reviews_02532,متحف دار المدينة,,الاستقبال ممتاز، المتابعة ممتازة ، سعر تذكرة الدخول متوسطة,Madinah,متحف,0,,,1,,,reviews_zenodo,,https://zenodo.org/records/16924532,static,,2026-09-13T06:19:18.696424+00:00,False
reviews_02533,متحف دار المدينة,,المتحف حلو و مرتب و رايق بس الدخول 25 ريال اشوفها كثير عليه و المرشدين يهتمون بالاجانب اكثر من السعوديين,Madinah,متحف,-1,,,-1,1,,reviews_zenodo,,https://zenodo.org/records/16924532,static,,2026-09-13T06:19:18.696424+00:00,False
reviews_02534,متحف دار المدينة,,المتحف تحفة اسلامية رائعة والشباب هناك للامانة ماقصروا وخدمات المتحف مره حلوه وبخاصة المرشد الي يجيبوه معاك ومجسماتهم حلوه وتفي بغرض الشرح انصح كل مسلم يزور المدينة المنورة يزوره,Madinah,متحف,,,,1,1,1,reviews_zenodo,,https://zenodo.org/records/16924532,static,,2026-09-13T06:19:18.696424+00:00,False
reviews_02535,متحف دار المدينة,,حسن الاستقبال والضيافه ابداع ماشا الله في عرض السيره النبويه التاريخيه على مجسمات انصح كل شخص بزيارته,Madinah,متحف,,,,1,1,1,reviews_zenodo,,https://zenodo.org/records/16924532,static,,2026-09-13T06:19:18.696424+00:00,False
reviews_02536,متحف دار المدينة,,حلو ومرتب ونظيف والجديد فيه إنهم عارضين قصص سيرة الرسول وولادته وغزواته بمجسمات وكاتبين عند كل مجسم القصص كاملة,Madinah,متحف,,1,,,1,1,reviews_zenodo,,https://zenodo.org/records/16924532,static,,2026-09-13T06:19:18.696424+00:00,False
reviews_02537,جزيرة المرجان,,بصراحة ما انصح بزيارته حر وكتمة وصخ مليان نفايات وفي فئران عند البحر بشكل مو طبيعي,Dammam,منتزه,,-1,,,,-1,reviews_zenodo,,https://zenodo.org/records/16924532,static,,2026-09-13T06:19:18.696424+00:00,False
reviews_02538,جزيرة المرجان,,جزيرة جميله وبها خدمات وايضا استئجار القوارب الاسعار مقبوله,Dammam,منتزه,0,,1,,1,,reviews_zenodo,,https://zenodo.org/records/16924532,static,,2026-09-13T06:19:18.696424+00:00,False
reviews_02539,جزيرة المرجان,,مكان جميل يستحق الزيارة,Dammam,منتزه,,,,,1,1,reviews_zenodo,,https://zenodo.org/records/16924532,static,,2026-09-13T06:19:18.696424+00:00,False
reviews_02540,جزيرة المرجان,,المكان مو نظيف ابدا والنفايات بكل مكان، ياليت يكون فيه اهتمام بالمكان اكثر,Dammam,منتزه,,-1,,,,-1,reviews_zenodo,,https://zenodo.org/records/16924532,static,,2026-09-13T06:19:18.696424+00:00,False
reviews_02541,جزيرة المرجان,,المكان مع أنه متهالك ومكسر و النظافة أبعد ماتكون عنه إلا أنه فيه راحة عجيبة، رحته والأجواء جميلة والناس مبسوطة وعايشة حياتها. فيه عربات للأكل وأسر منتجة تبيع ذرة وحلويات وأشياء متفرقة. القوارب شغالة لكن أسعارهم غالية. المكان مرة ثانية متهالك ووسخ ويحتاج صيانة من إلى، بعض الكراسي طاحت والبعض الآخر آيل للسقوط مع ذلك أنصح بزيارته والتواصل مع الجهات المعنية لإعادة الحياة والبهجة فيه بصيانته وتنظيفه وتنظيم الفعاليات فيه,Dammam,منتزه,-1,-1,1,,0,,reviews_zenodo,,https://zenodo.org/records/16924532,static,,2026-09-13T06:19:18.696424+00:00,False
reviews_02542,جزيرة المرجان,,من أجمل الأماكن انصح بزيارتها,Dammam,منتزه,,,,,1,1,reviews_zenodo,,https://zenodo.org/records/16924532,static,,2026-09-13T06:19:18.696424+00:00,False
reviews_02543,جزيرة المرجان,,لم يكن كما اعتقد السعر مرتفع جدا مقارنه بالمكان والخدمة مناسب لليله واحد فقط بالنسبه لي ان اكرر التجربه.,Dammam,منتزه,-1,,,,-1,-1,reviews_zenodo,,https://zenodo.org/records/16924532,static,,2026-09-13T06:19:18.696424+00:00,False
reviews_02544,جزيرة المرجان,,المكان بالاجواء الحلوه التأمل فيه عظيم خصوصا وهو صاير بوسط البحر لكن متهدم جدا ويحتاجون الناس وعي اكثر بموضوع النظافه ، وجود اسر منتجه كان اضافه حلوه على المكان الله يرزقهم,Dammam,منتزه,,-1,1,,1,,reviews_zenodo,,https://zenodo.org/records/16924532,static,,2026-09-13T06:19:18.696424+00:00,False
reviews_02545,جزيرة المرجان,,متنزه رائع بس يفتقد النظافة والأهتمام,Dammam,منتزه,,-1,,,1,,reviews_zenodo,,https://zenodo.org/records/16924532,static,,2026-09-13T06:19:18.696424+00:00,False
reviews_02546,جزيرة المرجان,,حلوه لاكن تحتاج لاهتمام من ناحية النظافه والتعديلات كجلسات,Dammam,منتزه,,-1,,,1,,reviews_zenodo,,https://zenodo.org/records/16924532,static,,2026-09-13T06:19:18.696424+00:00,False
reviews_02547,جزيرة المرجان,,أجواء رائعة ، والمكان نظيف وهادئ ،، الفنار نظيف ومجدد,Dammam,منتزه,,1,,,1,,reviews_zenodo,,https://zenodo.org/records/16924532,static,,2026-09-13T06:19:18.696424+00:00,False
reviews_02548,جزيرة المرجان,,مكان جميل و يستحق الزيارة,Dammam,منتزه,,,,,1,1,reviews_zenodo,,https://zenodo.org/records/16924532,static,,2026-09-13T06:19:18.696424+00:00,False
reviews_02549,جزيرة المرجان,,مكان رايق للعائلات ولكن تنقصه الخدمات,Dammam,منتزه,,,-1,,1,,reviews_zenodo,,https://zenodo.org/records/16924532,static,,2026-09-13T06:19:18.696424+00:00,False
reviews_02550,جزيرة المرجان,,جزيرة المرجان رائعة ولكن اجرة السفينة للعائلة غالية لو بخفضون السعر شوي,Dammam,منتزه,-1,,,,1,,reviews_zenodo,,https://zenodo.org/records/16924532,static,,2026-09-13T06:19:18.696424+00:00,False
reviews_02551,ملاهي سبلاش المائية,,الجزيرة المائية ممتازة وانصح الزيارة فعاليات وتنفع الكبار والصغار وتستمتع جدا فيها,Dammam,منتزه,,,,,1,1,reviews_zenodo,,https://zenodo.org/records/16924532,static,,2026-09-13T06:19:18.696424+00:00,False
reviews_02552,ملاهي سبلاش المائية,,مكان جميل للاطفال يوجد فيها مراقبين. حريصين على الاطفال. العاب مائيه. يوجد تحسن في المكان ونظافه تم توفير خدمات وجبات سريعه في داخل السبلاش,Dammam,منتزه,,1,,1,1,,reviews_zenodo,,https://zenodo.org/records/16924532,static,,2026-09-13T06:19:18.696424+00:00,False
reviews_02553,ملاهي سبلاش المائية,,رائعه جدا عروض رائعه والعاب رائعه انصح بالزياره 👍,Dammam,منتزه,,,,,1,1,reviews_zenodo,,https://zenodo.org/records/16924532,static,,2026-09-13T06:19:18.696424+00:00,False
reviews_02554,ملاهي سبلاش المائية,,غير آممممممنه ع الاطفال طاح ولدي واختنق عمره ٥سنوات وكنت حامل وثقيله وما كان حولي احد يسعف او يساعد والسعر مبالغ فيه صراحه واشوفها ماتنفع للاطفال تحت عمر ٨سنوات لن اكرر الزياره,Dammam,منتزه,-1,,,,-1,-1,reviews_zenodo,,https://zenodo.org/records/16924532,static,,2026-09-13T06:19:18.696424+00:00,False
reviews_02555,ملاهي سبلاش المائية,,مكان جميل للاطفال وهو موجود في العثيم مول في السطح ويوجد الملاهي وجميع المطاعم انصح به للسياح الاسعار مرتفعه لا بد من تخفيظها أنه: الاطفال 55 ریال المرافقين 30 ریال,Dammam,منتزه,-1,,,,1,,reviews_zenodo,,https://zenodo.org/records/16924532,static,,2026-09-13T06:19:18.696424+00:00,False
reviews_02556,ملاهي سبلاش المائية,,نظيف وممتع ومريح وممتاز للاطفال دون سن الثالثه عشره والاسعار كويسه,Dammam,منتزه,1,1,,,1,,reviews_zenodo,,https://zenodo.org/records/16924532,static,,2026-09-13T06:19:18.696424+00:00,False
reviews_02557,ملاهي سبلاش المائية,,الايجابيات :ممتعه للاطفال حجمها ممتاز السلبيات :سعر المرافق يعتبر غالي ٣٠ - دورات المياه تحتاج تجديد وصيانه وتحتاج عامل نظافه ٢٤ ساعه اللوكرات مافيها اقفال عدد المراقبين جيد لكن يفضل بعضهم يكون في وسط المسبح ويفضل يكوون في ريححه كلور علشان نحس بنظافه الماء يفضل وجود موظفين سعودين الحرص ع ارتداء ملابس السباحه لان الاغلب يكون بملابسه العادسه ومانضمن نظافتها خصوصا انهم اطفال,Dammam,منتزه,-1,-1,,,1,,reviews_zenodo,,https://zenodo.org/records/16924532,static,,2026-09-13T06:19:18.696424+00:00,False
reviews_02558,ملاهي سبلاش المائية,,دورات المياة متسخة جدا وقاذورات في اماكن الاستحمام وتم اخبار العاملين ولكن بدون اي تجاوب . المنقذين غير منتبهين للاطفال ابدا وانا انقذت طفلي من الغرق وهم غير منتبهين .. نصيحة لا تترك اطفالك بدون مراقبة .. الماء بارد جدا.. لا تستحق الزيارة..,Dammam,منتزه,,-1,,-1,,-1,reviews_zenodo,,https://zenodo.org/records/16924532,static,,2026-09-13T06:19:18.696424+00:00,False
reviews_02559,ملاهي سبلاش المائية,,المكان روووعة تنسى الملل وتستانس وفي جلسات للأهل وفي جهة لزحاليق الكبار وقسم للصغار وفي محل تغيير ملابس وفي مطعم ويونس يونس للطلعات مع الأصحاب أو الأهل,Dammam,منتزه,,,,,1,1,reviews_zenodo,,https://zenodo.org/records/16924532,static,,2026-09-13T06:19:18.696424+00:00,False
reviews_02560,ملاهي سبلاش المائية,,مكان ممتاز للأطفال. بس السعر غالي. للطفل ٥٥ ريال و المرافق ٣٠ ريال . من الساعه ٤ العصر حتي ١٢ مساءا,Dammam,منتزه,-1,,,,1,,reviews_zenodo,,https://zenodo.org/records/16924532,static,,2026-09-13T06:19:18.696424+00:00,False
reviews_02561,ملاهي سبلاش المائية,,مكان جيد للأطفال .. اسعار التذاكر مرتفعة نوعا ما. المكان صغير,Dammam,منتزه,-1,,,,1,,reviews_zenodo,,https://zenodo.org/records/16924532,static,,2026-09-13T06:19:18.696424+00:00,False
reviews_02562,ملاهي سبلاش المائية,,مكان جميل للاطفال وفيه جلسات للاهل طاولات وككراسي مرررره استمتعوا اولادي وانشاءالله بكرر التجربه ونظيف محل الشاور والحمامات,Dammam,منتزه,,1,1,,1,1,reviews_zenodo,,https://zenodo.org/records/16924532,static,,2026-09-13T06:19:18.696424+00:00,False
reviews_02563,ملاهي سبلاش المائية,,مكان مميز للأطفال في العثيم مول واجواءه رائعه وجلساته حلوه,Dammam,منتزه,,,,,1,1,reviews_zenodo,,https://zenodo.org/records/16924532,static,,2026-09-13T06:19:18.696424+00:00,False
reviews_02564,ملاهي سبلاش المائية,,جميلة ..... مبالغ في سعرها مقارنة بالخدمات ...... تنظيمهم جيد ...... استغلال الآباء بآخذ رسوم عليهم لايصح ... شكرا,Dammam,منتزه,-1,,,,1,,reviews_zenodo,,https://zenodo.org/records/16924532,static,,2026-09-13T06:19:18.696424+00:00,False
reviews_02565,ملاهي سبلاش المائية,,عباره عن العاب مائيه للاطفال متسخه ولا فيها اهتمام ودورات المياه جدا متسخه واسعارهم نااار وياخذون على كل شخص يدخل مبلغ وقدره يسبح م يسبح مو شغلهم انت بتدخل اشتر تذكره وادخل وغير دقيقين بالوقت قالوا نقفل ١٢ بالليل وم جات عشر الاهم يطردونا بالاهواز اللي يستخدمونها للغسيل يطرطش عليك يعني تطلع,Dammam,منتزه,-1,-1,,,,-1,reviews_zenodo,,https://zenodo.org/records/16924532,static,,2026-09-13T06:19:18.696424+00:00,False
reviews_02566,ملاهي سبلاش المائية,,رائعة بس الاسعار غالية والمفروض الطفل اذا معاة شخص واحد يكون مجاني دخولة لانة ماراح يستفيد شي بس جالس يراقب ولدة او بنتة اما اذا فية اكثر من مرافق يكون علية مبلغ يدفعة يكون بسيط لان كل المرافقين ماراح ينزلو المسبح اتمنى تاخدو رايي بعين الاعتبار وشكرا,Dammam,منتزه,-1,,,,1,,reviews_zenodo,,https://zenodo.org/records/16924532,static,,2026-09-13T06:19:18.696424+00:00,False
reviews_02567,ملاهي سبلاش المائية,,روعه وخيال والاطفال انبسطو كثير يستحق تكرار الزياره,Dammam,منتزه,,,,,1,1,reviews_zenodo,,https://zenodo.org/records/16924532,static,,2026-09-13T06:19:18.696424+00:00,False
reviews_02568,ملاهي سبلاش المائية,,ممتاز ولكن نتمنى تقليص سعر الدخول للمرافقين,Dammam,منتزه,-1,,,,1,,reviews_zenodo,,https://zenodo.org/records/16924532,static,,2026-09-13T06:19:18.696424+00:00,False
reviews_02569,ملاهي سبلاش المائية,,انصح بزيارتها متعه للاطفال لويعاد دراسة الأسعار فهي مرتفعه واخذ تذكره على الوالدين لمجرد الدخول لمراقبة اطفالهم ليس له داعي,Dammam,منتزه,-1,,,,1,1,reviews_zenodo,,https://zenodo.org/records/16924532,static,,2026-09-13T06:19:18.696424+00:00,False
reviews_02570,ملاهي سبلاش المائية,,ممتاز لكن غااالي خصوصا سعر المرافق,Dammam,منتزه,-1,,,,1,,reviews_zenodo,,https://zenodo.org/records/16924532,static,,2026-09-13T06:19:18.696424+00:00,False
reviews_02571,ملاهي سبلاش المائية,,عاديه جدا احسن مافيها ان السعر مقبول,Dammam,منتزه,0,,,,0,,reviews_zenodo,,https://zenodo.org/records/16924532,static,,2026-09-13T06:19:18.696424+00:00,False
reviews_02572,ملاهي سبلاش المائية,,جميل بس سعر الدخول غالي اشوي,Dammam,منتزه,-1,,,,1,,reviews_zenodo,,https://zenodo.org/records/16924532,static,,2026-09-13T06:19:18.696424+00:00,False
reviews_02573,ملاهي سبلاش المائية,,المكان جميل والاسعار جدا غاليه,Dammam,منتزه,-1,,,,1,,reviews_zenodo,,https://zenodo.org/records/16924532,static,,2026-09-13T06:19:18.696424+00:00,False
reviews_02574,ملاهي سبلاش المائية,,المكان صغير .. بس يستحق التجربة للي عنده اطفال,Dammam,منتزه,,,,,0,1,reviews_zenodo,,https://zenodo.org/records/16924532,static,,2026-09-13T06:19:18.696424+00:00,False
reviews_02575,ملاهي سبلاش المائية,,عاديه ولا تستحق الزياره,Dammam,منتزه,,,,,0,-1,reviews_zenodo,,https://zenodo.org/records/16924532,static,,2026-09-13T06:19:18.696424+00:00,False
reviews_02576,ملاهي سبلاش المائية,,حلو للأطفال تغيير جو واسعاره مناسبه,Dammam,منتزه,0,,,,1,,reviews_zenodo,,https://zenodo.org/records/16924532,static,,2026-09-13T06:19:18.696424+00:00,False
reviews_02577,ملاهي سبلاش المائية,,مكان مميز لي الطفال ويستحق الزيارة,Dammam,منتزه,,,,,1,1,reviews_zenodo,,https://zenodo.org/records/16924532,static,,2026-09-13T06:19:18.696424+00:00,False
reviews_02578,ملاهي سبلاش المائية,,ممتازة بس السعر اكثر من حقها,Dammam,منتزه,-1,,,,1,,reviews_zenodo,,https://zenodo.org/records/16924532,static,,2026-09-13T06:19:18.696424+00:00,False
reviews_02579,ملاهي سبلاش المائية,,والله متنفس للاطفال وبشعره بالحب والسعادة وكل الخدمات متوفره,Dammam,منتزه,,,1,,1,,reviews_zenodo,,https://zenodo.org/records/16924532,static,,2026-09-13T06:19:18.696424+00:00,False
reviews_02580,ملاهي سبلاش المائية,,جميله للأطفال وفيها مقاعد يمديك تجيب قهوتك وتجلس تتقهوا وتتابع أطفالك .. والمراقبين كثيرين ومتمرسين,Dammam,منتزه,,,,1,1,,reviews_zenodo,,https://zenodo.org/records/16924532,static,,2026-09-13T06:19:18.696424+00:00,False
reviews_02581,ملاهي سبلاش المائية,,جو رائع و خدمات جيدة,Dammam,منتزه,,,1,,1,,reviews_zenodo,,https://zenodo.org/records/16924532,static,,2026-09-13T06:19:18.696424+00:00,False
reviews_02582,ملاهي سبلاش المائية,,مدينة مائية لترفيه الاطفال تقع في مجمع العثيم بالدمام ينقصها التركيز على رعاية الاطفال وتحتاج لمزيد من النظافه اثناء المواسم الاسعار مرتفعه قليلا,Dammam,منتزه,-1,-1,,,1,,reviews_zenodo,,https://zenodo.org/records/16924532,static,,2026-09-13T06:19:18.696424+00:00,False
reviews_02583,ملاهي سبلاش المائية,,جيده جدا ولاكن أسعارهم مرتفعه نوعا ما,Dammam,منتزه,-1,,,,0,,reviews_zenodo,,https://zenodo.org/records/16924532,static,,2026-09-13T06:19:18.696424+00:00,False
reviews_02584,ملاهي سبلاش المائية,,ممتع وأنصحكم بالتجربة,Dammam,منتزه,,,,,1,1,reviews_zenodo,,https://zenodo.org/records/16924532,static,,2026-09-13T06:19:18.696424+00:00,False
reviews_02585,ملاهي سبلاش المائية,,الدخول للطفل اقل من اربع سنوات ب 50 ريال والمرافق 25 ريال يسمح بدخول الماكولات و القهوة للجلوس على الطاولات بالنسبة للمرافقين المكان نظيف و يوجد فيه رجال منقذين و متابعة مستمرة من قبلهم,Dammam,منتزه,,1,,1,1,,reviews_zenodo,,https://zenodo.org/records/16924532,static,,2026-09-13T06:19:18.696424+00:00,False
reviews_02586,ملاهي سبلاش المائية,,جميلة وسعرها مناسب,Dammam,منتزه,1,,,,1,,reviews_zenodo,,https://zenodo.org/records/16924532,static,,2026-09-13T06:19:18.696424+00:00,False
reviews_02587,ملاهي سبلاش المائية,,جميله جدا ولكن مبالغ ف الاسعار وخاصه رسوم المرافقين مالها داعي لانه ماراح يستفيد من الخدمات الموجوه لانه للاطفال فقط,Dammam,منتزه,-1,,,,1,,reviews_zenodo,,https://zenodo.org/records/16924532,static,,2026-09-13T06:19:18.696424+00:00,False
reviews_02588,ملاهي سبلاش المائية,,زوينه واسعارهم مرتفعه والمرافق بفلوس شي يضحك,Dammam,منتزه,-1,,,,1,,reviews_zenodo,,https://zenodo.org/records/16924532,static,,2026-09-13T06:19:18.696424+00:00,False
reviews_02589,ملاهي سبلاش المائية,,العاب مائية متنوعة واسعار معقولة وربما هي الوحيدة من نوعها في المنطقة,Dammam,منتزه,0,,,,1,,reviews_zenodo,,https://zenodo.org/records/16924532,static,,2026-09-13T06:19:18.696424+00:00,False
reviews_02590,ملاهي سبلاش المائية,,جميلة ولكن أسعارها مرتفعة مقارنة بالخدمات المقدمة وتحتاج لتنظيم اكثر,Dammam,منتزه,-1,,,,1,,reviews_zenodo,,https://zenodo.org/records/16924532,static,,2026-09-13T06:19:18.696424+00:00,False
reviews_02591,ملاهي سبلاش المائية,,افضل مكان تودي اولادك هو سبلاش المائيه بالعثيم الدور الثالث ، نظافه وهدوء وخدمه بس اسعارهم غاليه شوي,Dammam,منتزه,-1,1,,,1,,reviews_zenodo,,https://zenodo.org/records/16924532,static,,2026-09-13T06:19:18.696424+00:00,False
reviews_02592,ملاهي سبلاش المائية,,زحمه وغالي عدم اهتمام بالنظافة وتجديد المكان,Dammam,منتزه,-1,-1,,,,,reviews_zenodo,,https://zenodo.org/records/16924532,static,,2026-09-13T06:19:18.696424+00:00,False
reviews_02593,ملاهي سبلاش المائية,,الاسعار مرتفعه جدا وخدمات المرافقين سيئه جدا,Dammam,منتزه,-1,,,-1,,,reviews_zenodo,,https://zenodo.org/records/16924532,static,,2026-09-13T06:19:18.696424+00:00,False
reviews_02594,القرية الشعبية,,تجربة رائعه وتستاهل كل ريال يندفع فيها .. الدخول 20 ريال للكبار الاطفال مجانا ...,Dammam,مكان تراثي وتاريخي,1,,,,,1,reviews_zenodo,,https://zenodo.org/records/16924532,static,,2026-09-13T06:19:18.696424+00:00,False
reviews_02595,القرية الشعبية,,رااائع .... روح المكان تتنفس ... الله الشرقية وجمالها ، الموقع والنظافة والترتيب وطريقة العرض كله جمييييل .,Dammam,مكان تراثي وتاريخي,,1,,,1,,reviews_zenodo,,https://zenodo.org/records/16924532,static,,2026-09-13T06:19:18.696424+00:00,False
reviews_02596,القرية الشعبية,,يجمع القديم والجديد..والترفيه والتسوق..وجميع الاحتياجات الشخصية والمنزليه..والاسعار المناسبة جدا..تجربة ثريه,Dammam,مكان تراثي وتاريخي,1,,,,1,1,reviews_zenodo,,https://zenodo.org/records/16924532,static,,2026-09-13T06:19:18.696424+00:00,False
reviews_02597,القرية الشعبية,,جميلة ونظيفة ومرتبة وافضل من الفرع القديم لكن للاسف الاسعار مبالغ فيها ٢٠ ريال دخول فقط ثم اسعار الماكولات عالية والاواني صغيرة . تكلفة العائلة من ٤ اشخاص لايقل عن ٥٠٠ ريال . ...,Dammam,مكان تراثي وتاريخي,-1,1,,,1,,reviews_zenodo,,https://zenodo.org/records/16924532,static,,2026-09-13T06:19:18.696424+00:00,False
reviews_02598,القرية الشعبية,,مكان رائع جدا والخدمات ممتازة استمتعنا كثيرا بكل التفاصيل ...,Dammam,مكان تراثي وتاريخي,,,1,,1,1,reviews_zenodo,,https://zenodo.org/records/16924532,static,,2026-09-13T06:19:18.696424+00:00,False
reviews_02599,القرية الشعبية,,جيد والاكل لذيذ لكن الدخول للفرد ب ٢٠ ريال وسعر الاكل غالي للغاية. المتحف بسيط ولا يستحق تذكرة ٢٠ للفرد.,Dammam,مكان تراثي وتاريخي,-1,,,,0,,reviews_zenodo,,https://zenodo.org/records/16924532,static,,2026-09-13T06:19:18.696424+00:00,False
reviews_02600,القرية الشعبية,,عجبني المكان مره 'رسوم الدخول ٢٠ ريال بس يستاهل معرض للاثار والسيارات والقصاصات القديمه صراحه يستاهل العنوه. ويوجد كافيهات وجلسات شعبيه وطاولات.,Dammam,مكان تراثي وتاريخي,,,1,,1,,reviews_zenodo,,https://zenodo.org/records/16924532,static,,2026-09-13T06:19:18.696424+00:00,False
reviews_02601,القرية الشعبية,,مكان جميل ورائع....انصح كل سائح جاي الدمام يزورها للتعرف على التراث ...والتسوق ...والأكل الشعبي ...وشبه الشاي روقاااان👌🏻,Dammam,مكان تراثي وتاريخي,,,1,,1,1,reviews_zenodo,,https://zenodo.org/records/16924532,static,,2026-09-13T06:19:18.696424+00:00,False
reviews_02602,القرية الشعبية,,مكان اكثر من رائع لضيوف وزوار المنطقة الشرقية. يقدم المأكولات الشعبية من جميع مناطق المملكه ويحتوي على متحف متوسط الحجم وسوق شعبي صغير لبيع بعض المنتوجات المحلية الشعبيه القديمه.,Dammam,مكان تراثي وتاريخي,,,1,,1,,reviews_zenodo,,https://zenodo.org/records/16924532,static,,2026-09-13T06:19:18.696424+00:00,False
reviews_02603,القرية الشعبية,,مطعم متكامل واكثر من رائع يستحق الزيارة,Dammam,مكان تراثي وتاريخي,,,,,1,1,reviews_zenodo,,https://zenodo.org/records/16924532,static,,2026-09-13T06:19:18.696424+00:00,False
reviews_02604,القرية الشعبية,,فكرة ممتازه لكن يعيبها ارتفاع سعر التذاكر الشخص الواحد20 ريال اذا الواحد معاه مجموعة من الاشخاص تكون مكلفة عليه لو تصير بمبلغ زمزي افضل في الدخول يوجد بها مطعم ومتحف وسوق شعبي ...,Dammam,مكان تراثي وتاريخي,-1,,,,1,,reviews_zenodo,,https://zenodo.org/records/16924532,static,,2026-09-13T06:19:18.696424+00:00,False
reviews_02605,القرية الشعبية,,مكان جميل والديكور أجمل لكن اسعار الوجبات مبالغ فيها يبغالك فوق الخمس ميه ريال مبلغ,Dammam,مكان تراثي وتاريخي,-1,,,,1,,reviews_zenodo,,https://zenodo.org/records/16924532,static,,2026-09-13T06:19:18.696424+00:00,False
reviews_02606,القرية الشعبية,,ماشاء الله جميل ومميز وتراثي ،،، ينفع تستقبل فيه ضيوفك من بره المنطقه او من خارج السعوديه. سيتم نقله الي الواجهة البحريه. الأكلات الشعبيه متنوعه ونظيفه ولذيذه. والعاملين علي المكان محترمين جدا. أوصي الجميع بزيارته والاستمتاع بالأجواء وعبق ...,Dammam,مكان تراثي وتاريخي,,1,,,1,1,reviews_zenodo,,https://zenodo.org/records/16924532,static,,2026-09-13T06:19:18.696424+00:00,False
reviews_02607,القرية الشعبية,,جميل ونظيف ويوجد به غرفه خاصه برسوم.. وفيه ومتخف بالدور الثاني.. ومناسب جدا للعوائل..,Dammam,مكان تراثي وتاريخي,,1,,,1,,reviews_zenodo,,https://zenodo.org/records/16924532,static,,2026-09-13T06:19:18.696424+00:00,False
reviews_02608,القرية الشعبية,,المكان جدا رائع ويستحق الزيارة وبه متحف جميل وقيم تذكرنا بايام الطفولة كذلك يوجد داخلة مطعم اكله لذيذ,Dammam,مكان تراثي وتاريخي,,,,,1,1,reviews_zenodo,,https://zenodo.org/records/16924532,static,,2026-09-13T06:19:18.696424+00:00,False
reviews_02609,القرية الشعبية,,تعتبر هذه القرية الشعبية معلما بارزا من معالم المنطقة الشرقية عموما والدمام خصوصا ، استقبال متميز بالابتسامة والترحيب ، ورسوم الدخول بسعر معقول ، وأما المبنى فتحفة معمارية كبيرة ، والجلسات متنوعة الشكل مابين جلسات أرضية وطاولات مفتوحة ...,Dammam,مكان تراثي وتاريخي,0,,1,,1,,reviews_zenodo,,https://zenodo.org/records/16924532,static,,2026-09-13T06:19:18.696424+00:00,False
reviews_02610,القرية الشعبية,,روعه ولكن اسعار الدخول مبالغ فيها بزياده,Dammam,مكان تراثي وتاريخي,-1,,,,1,,reviews_zenodo,,https://zenodo.org/records/16924532,static,,2026-09-13T06:19:18.696424+00:00,False
reviews_02611,القرية الشعبية,,المكان جميل جدا ماشاء الله تبارك الله ولكن لي عتب على رسوم الدخول 20 ريال على شان المتحف طيب انا شفت المتحف ما ابغى اطلع فوق،،،فقط ابغى المطعم تحت أرجوا منكم جعل الرسوم على المتحف فقط وشكرا لكم🌹🌹,Dammam,مكان تراثي وتاريخي,-1,,,,1,,reviews_zenodo,,https://zenodo.org/records/16924532,static,,2026-09-13T06:19:18.696424+00:00,False
reviews_02612,القرية الشعبية,,ما شاء الله تبارك الله شي جميل ويشرح الصدر ترتيب ونظافه والمطعم جدا حلو الحمدلله على وجود مثل هذا المكان الذي يبرز التراث بجميع اشكاله والوانه وحقباته الزمنيه,Dammam,مكان تراثي وتاريخي,,,1,,1,,reviews_zenodo,,https://zenodo.org/records/16924532,static,,2026-09-13T06:19:18.696424+00:00,False
reviews_02613,القرية الشعبية,,الأكل الشعبي عنده ولا غلطة، لولا الأسعار الغالية في كل الأصناف تقريبا، المكان هو متحف مع مطعم، يعتبر نزهة واسترجاع ذاكرة الآباء والأجداد. وأعتبره الخيار الأول إذا عندي ضيوف، يبيض الوجه للولائم لأنه لذيذ، وتتميز الطلبات الخارجية بانضباط المواعيد، و بإعجاب كل المدعوين للوليمة,Dammam,مكان تراثي وتاريخي,-1,,,,1,1,reviews_zenodo,,https://zenodo.org/records/16924532,static,,2026-09-13T06:19:18.696424+00:00,False
reviews_02614,القرية الشعبية,,المكان كان افضل بكثير في السابق الان اصبح مادي اكثر دخول ب ٢٠ ريال للفرد والجلسه ب ٥٠ ريال! المفترض يوضع بوابه للمتحف ويدفع له رسوم اما الجلسه ب ٥٠ !!! ليه .. كنت لازم ازوره في كل مره اجي للشرقيه اما لان تتكرر بعد ما اصبح مادي جدا وفوق هذا الطعم تغير والخدمه في المطعم اسوى على صاحب المطعم ان يرجع نفسه ويستمع للعملاء ولا سوف يخسر,Dammam,مكان تراثي وتاريخي,-1,,,,,-1,reviews_zenodo,,https://zenodo.org/records/16924532,static,,2026-09-13T06:19:18.696424+00:00,False
reviews_02615,القرية الشعبية,,جمميل يستحق الزياره الدور الارضي مطعم والدور الثاني المتحف رسوم الدخول 20 ريال للشخص,Dammam,مكان تراثي وتاريخي,,,,,1,1,reviews_zenodo,,https://zenodo.org/records/16924532,static,,2026-09-13T06:19:18.696424+00:00,False
reviews_02616,القرية الشعبية,,الدخول برسوم .. والجلوس في الغرف الخاصة بفلوس .. جميل المكان .. ولكن لكي احجز لي جلسة ارضية لطلب الطعام بمبلغ ٥٠ ريال ليش هذا المبلغ المبالغ فيه فقط لاجلس في غرفة؟؟ ...,Dammam,مكان تراثي وتاريخي,-1,,,,1,,reviews_zenodo,,https://zenodo.org/records/16924532,static,,2026-09-13T06:19:18.696424+00:00,False
reviews_02617,القرية الشعبية,,المكان جميل لكن عندي اعتراض على موضوع إلزام كل الي يبي ياكل انه يدفع رسوم دخول لازم يكون في أماكن للاكل بدون رسوم,Dammam,مكان تراثي وتاريخي,-1,,,,1,,reviews_zenodo,,https://zenodo.org/records/16924532,static,,2026-09-13T06:19:18.696424+00:00,False
reviews_02618,القرية الشعبية,,مكان جميل ينصح بزيارته بعد انقضاء فترة توقف المطاعم .. السايق لديهم جدا رائع ..,Dammam,مكان تراثي وتاريخي,,,,,1,1,reviews_zenodo,,https://zenodo.org/records/16924532,static,,2026-09-13T06:19:18.696424+00:00,False
reviews_02619,القرية الشعبية,,قضينا وقت مره جميل صراحه اعطيه ١٠/١٠ خدمه واكل لذيذ ونظافه وترتيب راح تتكرر باذن الله بكل مره ننزل للدمام الدخول ٢٠ للكبار يوجد متحف واماكن بيع اغراض تراثيه ...,Dammam,مكان تراثي وتاريخي,,,,,1,1,reviews_zenodo,,https://zenodo.org/records/16924532,static,,2026-09-13T06:19:18.696424+00:00,False
reviews_02620,القرية الشعبية,,مكان رائع للسياحة فيه متحف جيد ومطعم ودكاكين لبيع منتجات قديمة ..,Dammam,مكان تراثي وتاريخي,,,1,,1,,reviews_zenodo,,https://zenodo.org/records/16924532,static,,2026-09-13T06:19:18.696424+00:00,False
reviews_02621,القرية الشعبية,,جججدا جميل ومرتب وسعرهم جدا ممتاز.. وايضا يمكنك التسوق بعض المستلزمات 👍🏻,Dammam,مكان تراثي وتاريخي,1,,,,1,,reviews_zenodo,,https://zenodo.org/records/16924532,static,,2026-09-13T06:19:18.696424+00:00,False
reviews_02622,القرية الشعبية,,مكان ممتاز يناسب العوائل وهادي ونظيف والعاملين فيه محترمين,Dammam,مكان تراثي وتاريخي,,1,,1,1,,reviews_zenodo,,https://zenodo.org/records/16924532,static,,2026-09-13T06:19:18.696424+00:00,False
reviews_02623,القرية الشعبية,,ممتاز ومريح والدخول للشخص ٢٠ ريال ولكن اسعار الطعام عاليه بالمطعم,Dammam,مكان تراثي وتاريخي,-1,,,,1,,reviews_zenodo,,https://zenodo.org/records/16924532,static,,2026-09-13T06:19:18.696424+00:00,False
reviews_02624,القرية الشعبية,,تحوي مطعم ومتحف لمختلف الادوات والسيارات والحيوانات المحنطه سعر الدخول مرتفع ٢٠ ريال للكبار,Dammam,مكان تراثي وتاريخي,-1,,1,,,,reviews_zenodo,,https://zenodo.org/records/16924532,static,,2026-09-13T06:19:18.696424+00:00,False
reviews_02625,القرية الشعبية,,مكان رائع وجميل ولكن عيبهم غلاء السعر نوعا ما والإضاءة ضعيفة جدا والمتحف نقلوه كامل الى الواجهة البحرية,Dammam,مكان تراثي وتاريخي,-1,,,,1,,reviews_zenodo,,https://zenodo.org/records/16924532,static,,2026-09-13T06:19:18.696424+00:00,False
reviews_02626,القرية الشعبية,,متحف جميل و مطعم جميل اكلهم زين الاسعار عادية... وفي اكل مناطق المملكة ..بس اذا تبون اكل بحري كثير ما فيه في طبخات منطقة الشرقية فقط اما اكلات بحرية بكثرة ما فيه ...,Dammam,مكان تراثي وتاريخي,0,,,,1,,reviews_zenodo,,https://zenodo.org/records/16924532,static,,2026-09-13T06:19:18.696424+00:00,False
reviews_02627,القرية الشعبية,,القرية الشعبية ماشالله روعه في التراث و المتحف و الحيوانات المحنطة والقهوة العربية و الحنيني و الاستقبال ممتاز جدا,Dammam,مكان تراثي وتاريخي,,,1,1,,,reviews_zenodo,,https://zenodo.org/records/16924532,static,,2026-09-13T06:19:18.696424+00:00,False
reviews_02628,القرية الشعبية,,تجربة جميلة متحف + سوق + حيوانات محنطة وختامها مطعم بأكل شعبي لذيذ,Dammam,مكان تراثي وتاريخي,,,1,,,1,reviews_zenodo,,https://zenodo.org/records/16924532,static,,2026-09-13T06:19:18.696424+00:00,False
reviews_02629,القرية الشعبية,,صراحة وبكل امانه وصدق شكر بما تعنية الكلمة لي صاحب هذا المكان الأكثر من رائع القرية الشعبية مكان يستحق الزيارة للجميع تحف اثرية جميلة لعدة قبائل ويوجد ركن خاص بأهالي عسير والباحة والطائف وأهالي الشمال من تحف ونقوش على الجدار ...,Dammam,مكان تراثي وتاريخي,,,,,1,1,reviews_zenodo,,https://zenodo.org/records/16924532,static,,2026-09-13T06:19:18.696424+00:00,False
reviews_02630,القرية الشعبية,,مكان راااائع للاشياء التراثيه والقديمه الذي كانوا أجدادنا يستخدمونها انصح فيه وايضا يوجد لديهم مطعم وجلسات ارضيه وعلى الطاوله,Dammam,مكان تراثي وتاريخي,,,1,,1,1,reviews_zenodo,,https://zenodo.org/records/16924532,static,,2026-09-13T06:19:18.696424+00:00,False
reviews_02631,القرية الشعبية,,انصح كل من يزور المنطقة الشرقية الدمام يجرب زيارة القرية الشعبية مطعم و جلسات و متحف و سوق شعبي حاجه حلوه و تجربه رائعه,Dammam,مكان تراثي وتاريخي,,,,,1,1,reviews_zenodo,,https://zenodo.org/records/16924532,static,,2026-09-13T06:19:18.696424+00:00,False
reviews_02632,القرية الشعبية,,موقع مميز نظافة وترتيب ويستاهل الزياره . ملاحظاتي المفروض عند الجلوس والأكل في داخل القريه يكون بدون رسوم دخول أو تخصم 50% من رسوم الدخول للقريه ...,Dammam,مكان تراثي وتاريخي,0,1,,,1,1,reviews_zenodo,,https://zenodo.org/records/16924532,static,,2026-09-13T06:19:18.696424+00:00,False
reviews_02633,القرية الشعبية,,كل شي جميل وأشكر موظف الأستقبال خالد محمد على أخلاقه العاليه وسوف تتكرر الزياره بأذن الله كما اني اوصي كل من هو قادم من خارج الشرقيه بزياره هذا المعلم الجميل,Dammam,مكان تراثي وتاريخي,,,,1,1,1,reviews_zenodo,,https://zenodo.org/records/16924532,static,,2026-09-13T06:19:18.696424+00:00,False
reviews_02634,القرية الشعبية,,مكان ممتاز وجميل ويفتح النفس مثل صاحبها ابداع في تصميم المكان بدقه ولكن سعر الدخول غالى ٢٠ ريال ياليت يكون ارخص,Dammam,مكان تراثي وتاريخي,-1,,,,1,,reviews_zenodo,,https://zenodo.org/records/16924532,static,,2026-09-13T06:19:18.696424+00:00,False
reviews_02635,القرية الشعبية,,يستاهل الزيارة مزار سياحي من عدة ادوار و يوجد فيه مطعم و متحف صغير ومحلات بيع شعبيه وعرض لبعض سيارات الملك سلمان بن عبدالعزيز آل سعود,Dammam,مكان تراثي وتاريخي,,,1,,1,1,reviews_zenodo,,https://zenodo.org/records/16924532,static,,2026-09-13T06:19:18.696424+00:00,False
reviews_02636,القرية الشعبية,,مره جميل والاكل يفوز بس الاسعار غاليه,Dammam,مكان تراثي وتاريخي,-1,,,,1,,reviews_zenodo,,https://zenodo.org/records/16924532,static,,2026-09-13T06:19:18.696424+00:00,False
reviews_02637,القرية الشعبية,,من أجمل الأماكن التي زرتها ..كل شي رائع ومذهل.,Dammam,مكان تراثي وتاريخي,,,,,1,1,reviews_zenodo,,https://zenodo.org/records/16924532,static,,2026-09-13T06:19:18.696424+00:00,False
reviews_02638,القرية الشعبية,,ممتازة جدا ورسوم الدخول رمزيه مقارنة في الخدمات الممتازه والسريعه بالاستجابة وكما ان المتحف التراثي اعطاها طابع خاص جدا وجميل للتذكر الماضي الجميل وتعليم الاجيال القادمة بطريقة مميزه للمواطن والمقيم,Dammam,مكان تراثي وتاريخي,1,,,,1,,reviews_zenodo,,https://zenodo.org/records/16924532,static,,2026-09-13T06:19:18.696424+00:00,False
reviews_02639,القرية الشعبية,,اجواء رائعه مناسب للعوائل اسعار مناسبه,Dammam,مكان تراثي وتاريخي,0,,,,1,,reviews_zenodo,,https://zenodo.org/records/16924532,static,,2026-09-13T06:19:18.696424+00:00,False
reviews_02640,القرية الشعبية,,هي ممتازة واكلها رائع لكن الضرائب على الجلسات و ايضا الدخول ب ٢٠ ريال للفرد هذا جدا غالي,Dammam,مكان تراثي وتاريخي,-1,,,,1,,reviews_zenodo,,https://zenodo.org/records/16924532,static,,2026-09-13T06:19:18.696424+00:00,False
reviews_02641,القرية الشعبية,,مكان رائع للمتعة والتجول في المتحف في الدور الأول كذلك الاكل بجانب المقهى الشعبي,Dammam,مكان تراثي وتاريخي,,,1,,1,,reviews_zenodo,,https://zenodo.org/records/16924532,static,,2026-09-13T06:19:18.696424+00:00,False
reviews_02642,القرية الشعبية,,مكان ممتاز وحلو جدا للعوائل يظم مطعم ومتحف ومطل على الكورنيش يستحق الزياره مره اخرى,Dammam,مكان تراثي وتاريخي,,,1,,1,1,reviews_zenodo,,https://zenodo.org/records/16924532,static,,2026-09-13T06:19:18.696424+00:00,False
reviews_02643,القرية الشعبية,,حلوه بس احس بدأو يطمعون شوي في الأسعار ولكن بشكل عام المكان جميل,Dammam,مكان تراثي وتاريخي,-1,,,,1,,reviews_zenodo,,https://zenodo.org/records/16924532,static,,2026-09-13T06:19:18.696424+00:00,False
reviews_02644,القرية الشعبية,,المكان جميل والأكل ممتاز لكن الأسعار مبالغ فيها وهناك استغلال مثلا الغرفه بخمسين ريال وتذكرة الدخول بعشرين والمعامله سيئة,Dammam,مكان تراثي وتاريخي,-1,,,,1,,reviews_zenodo,,https://zenodo.org/records/16924532,static,,2026-09-13T06:19:18.696424+00:00,False
reviews_02645,القرية الشعبية,,المكان جميل وممتع والاكل لذيذ لكن سعر الدخول مبالغ فيه الشخص 20 ريال ليه؟ والجلسه وانت بتطلب تتعشا ياخذون رسوم 50 ريال اعتقد الاسعار مبالغ فيها جدا جدا,Dammam,مكان تراثي وتاريخي,-1,,,,1,,reviews_zenodo,,https://zenodo.org/records/16924532,static,,2026-09-13T06:19:18.696424+00:00,False
reviews_02646,القرية الشعبية,,مكان جميل على كورنيش الدمام يحمل التراث القديم في داخلها مطعم لجميع الماكولات الحديثه والقديمه وكذالك يوجد بداخلها متحف للتراث القديم 👍👍,Dammam,مكان تراثي وتاريخي,,,1,,1,,reviews_zenodo,,https://zenodo.org/records/16924532,static,,2026-09-13T06:19:18.696424+00:00,False
reviews_02647,القرية الشعبية,,رائع بمعنى الكلمه ومناسب لجميع افراد العائلة اتمنى يحافظ على مستواه ..,Dammam,مكان تراثي وتاريخي,,,,,1,1,reviews_zenodo,,https://zenodo.org/records/16924532,static,,2026-09-13T06:19:18.696424+00:00,False
reviews_02648,القرية الشعبية,,مكان شعبي جميل و الاكل ممتاز جدا غالبيه الاكلات الشعبيه لها مذاق تيد الخدمه ممتازه والاسعار كذلك ممتازه والجو العام جميل,Dammam,مكان تراثي وتاريخي,1,,,,1,,reviews_zenodo,,https://zenodo.org/records/16924532,static,,2026-09-13T06:19:18.696424+00:00,False
reviews_02649,القرية الشعبية,,المكان جميل جدا والاكل لذيذ ولكن الاسعار غاليه شوي من غير الدخول .,Dammam,مكان تراثي وتاريخي,-1,,,,1,,reviews_zenodo,,https://zenodo.org/records/16924532,static,,2026-09-13T06:19:18.696424+00:00,False
reviews_02650,القرية الشعبية,,رااااائع ... أنصح بزيارته... استمتعنا مع أطفالنا...,Dammam,مكان تراثي وتاريخي,,,,,1,1,reviews_zenodo,,https://zenodo.org/records/16924532,static,,2026-09-13T06:19:18.696424+00:00,False
reviews_02651,القرية الشعبية,,المكان جميل صح غالي ولكن مميز الاكل والخدمه ممتازه,Dammam,مكان تراثي وتاريخي,-1,,,1,1,,reviews_zenodo,,https://zenodo.org/records/16924532,static,,2026-09-13T06:19:18.696424+00:00,False
reviews_02652,القرية الشعبية,,ما شاء الله المكان جدا روعه طاقم الموظفين جدا طيبين و تعامل راقي جدا,Dammam,مكان تراثي وتاريخي,,,,1,1,,reviews_zenodo,,https://zenodo.org/records/16924532,static,,2026-09-13T06:19:18.696424+00:00,False
reviews_02653,القرية الشعبية,,المكان جميل جدا وواسع الطاقم متعاون المتحف بالدور العلوي كنزززز,Dammam,مكان تراثي وتاريخي,,,,1,1,,reviews_zenodo,,https://zenodo.org/records/16924532,static,,2026-09-13T06:19:18.696424+00:00,False
reviews_02654,القرية الشعبية,,سوق شعبي حديث متكامل ملابس اثاث تحف انصح فيه,Dammam,مكان تراثي وتاريخي,,,1,,1,1,reviews_zenodo,,https://zenodo.org/records/16924532,static,,2026-09-13T06:19:18.696424+00:00,False
reviews_02655,القرية الشعبية,,مكان جميل يستحق الزيارة,Dammam,مكان تراثي وتاريخي,,,,,1,1,reviews_zenodo,,https://zenodo.org/records/16924532,static,,2026-09-13T06:19:18.696424+00:00,False
reviews_02656,القرية الشعبية,,ممتاز جدا خدمة ونظافة واستقبال رائع الدخول ارتفع من ١٠ ریال للشخص الى ٢٠ریال,Dammam,مكان تراثي وتاريخي,,1,,1,1,,reviews_zenodo,,https://zenodo.org/records/16924532,static,,2026-09-13T06:19:18.696424+00:00,False
reviews_02657,القرية الشعبية,,قرية شعبية جميلة جدا ومناسبة للعوائل فيها متحف وسوق شعبي واستديو للتصوير وغرف خاصة للعوائل واكلهم ممتاز جدا,Dammam,مكان تراثي وتاريخي,,,1,,1,,reviews_zenodo,,https://zenodo.org/records/16924532,static,,2026-09-13T06:19:18.696424+00:00,False
reviews_02658,القرية الشعبية,,للأمانه انه نظيف وجيد لكن مبالغ في الجلسه والدخول كل شي له سعر نرجو عدم الدفع عند دخول القرية الشعبيه,Dammam,مكان تراثي وتاريخي,-1,1,,,0,,reviews_zenodo,,https://zenodo.org/records/16924532,static,,2026-09-13T06:19:18.696424+00:00,False
reviews_02659,القرية الشعبية,,المتحف جميل والسوق الشعبي جيد تذكرة الدخول تعتبر مرتفعة ...,Dammam,مكان تراثي وتاريخي,-1,,,,1,,reviews_zenodo,,https://zenodo.org/records/16924532,static,,2026-09-13T06:19:18.696424+00:00,False
reviews_02660,القرية الشعبية,,مكان جميل جدا وفي متحف وسوق شعبي واشياء جميل جدا وهاذا المكان من الامكن التي تحي التراث ...,Dammam,مكان تراثي وتاريخي,,,1,,1,,reviews_zenodo,,https://zenodo.org/records/16924532,static,,2026-09-13T06:19:18.696424+00:00,False
reviews_02661,القرية الشعبية,,مكان جميل والاكل نظيف والاسعار معقولة ... لكن رسوم الدخول يا ليت يتم الغائها لاني راح ادخل واكل وادفع فلوس فماله داعي أدفع رسوم الدخول,Dammam,مكان تراثي وتاريخي,0,1,,,1,,reviews_zenodo,,https://zenodo.org/records/16924532,static,,2026-09-13T06:19:18.696424+00:00,False
reviews_02662,القرية الشعبية,,مكان جميل ولكن يعتب عليهم المبالغة بسعر تذكرة الدخول يفترض تكون ٥ ريال مو ٢٠ ريال,Dammam,مكان تراثي وتاريخي,-1,,,,1,1,reviews_zenodo,,https://zenodo.org/records/16924532,static,,2026-09-13T06:19:18.696424+00:00,False
reviews_02663,القرية الشعبية,,المكان جميل جدا وكانك جالس في متحف شعبي والاكل مشاء الله لذيذ وسعره معقول جدا وطاولات الطعام حول المتحف وكانك جالس في خيال الماضي,Dammam,مكان تراثي وتاريخي,1,,,,1,,reviews_zenodo,,https://zenodo.org/records/16924532,static,,2026-09-13T06:19:18.696424+00:00,False
reviews_02664,القرية الشعبية,,جميلة جدا سعردخول الفرد الواحد ٢٠ ريال سعودي يوجد بها متحف ممتاز الدخول مجاني بعد دفع رسوم الدخول يوجد رسوم ٥٠ ريال على الغرف الاكل جيد والسعر غالي جدا,Dammam,مكان تراثي وتاريخي,-1,,,,1,,reviews_zenodo,,https://zenodo.org/records/16924532,static,,2026-09-13T06:19:18.696424+00:00,False
reviews_02665,القرية الشعبية,,حقيقه الشغل في الأكل ابداع بس الاسعار في المحلي غالي بحكم أسعار الجلسات مبالغ فبه,Dammam,مكان تراثي وتاريخي,-1,,,,1,,reviews_zenodo,,https://zenodo.org/records/16924532,static,,2026-09-13T06:19:18.696424+00:00,False
reviews_02666,القرية الشعبية,,مطعم عبر عن 3 ادور و الدور الثالث فيها متحف جميل وفخم جدااا يستحق الزيارة بقوة وسعره ممتازه جداااا,Dammam,مكان تراثي وتاريخي,1,,,,1,,reviews_zenodo,,https://zenodo.org/records/16924532,static,,2026-09-13T06:19:18.696424+00:00,False
reviews_02667,القرية الشعبية,,رائعة جدا وأنصح بزيارتها خصوصا من كبار السن وحتى صغار السن,Dammam,مكان تراثي وتاريخي,,,,,1,1,reviews_zenodo,,https://zenodo.org/records/16924532,static,,2026-09-13T06:19:18.696424+00:00,False
reviews_02668,القرية الشعبية,,المكان حلو ومرتب لكن الاسعار شوي مرتفعه واتمنى مراجعة اسعار الدخول,Dammam,مكان تراثي وتاريخي,-1,,,,1,,reviews_zenodo,,https://zenodo.org/records/16924532,static,,2026-09-13T06:19:18.696424+00:00,False
reviews_02669,القرية الشعبية,,مكن جميل بس قالي ورسم دخول اذ كن عيله اكثر من ٥ مكلف,Dammam,مكان تراثي وتاريخي,-1,,,,1,,reviews_zenodo,,https://zenodo.org/records/16924532,static,,2026-09-13T06:19:18.696424+00:00,False
reviews_02670,القرية الشعبية,,جميل لاكن مبالغ فيه خصوصا الطعام غالي قليلا,Dammam,مكان تراثي وتاريخي,-1,,,,1,,reviews_zenodo,,https://zenodo.org/records/16924532,static,,2026-09-13T06:19:18.696424+00:00,False
reviews_02671,القرية الشعبية,,تجربة استثنائية، ومعلم يفتخر به 🙏🏻💖,Dammam,مكان تراثي وتاريخي,,,,,1,1,reviews_zenodo,,https://zenodo.org/records/16924532,static,,2026-09-13T06:19:18.696424+00:00,False
reviews_02672,القرية الشعبية,,انصح بزيارة القريه جدا روعه,Dammam,مكان تراثي وتاريخي,,,,,1,1,reviews_zenodo,,https://zenodo.org/records/16924532,static,,2026-09-13T06:19:18.696424+00:00,False
reviews_02673,القرية الشعبية,,افضل معلم سياحي +مطعم فاخر بالشرقية خدمات متميزة وجلسات اكثر من رائعة ، انصح به بشده 👌🏼,Dammam,مكان تراثي وتاريخي,,,1,,1,1,reviews_zenodo,,https://zenodo.org/records/16924532,static,,2026-09-13T06:19:18.696424+00:00,False
reviews_02674,القرية الشعبية,,مكان فخم والاكل رائع والأسعار مقبولة.. مكان جميل لقضاء الوقت وشرب القهوة والاستمتاع بالأكل اللذيذ,Dammam,مكان تراثي وتاريخي,0,,,,1,,reviews_zenodo,,https://zenodo.org/records/16924532,static,,2026-09-13T06:19:18.696424+00:00,False
reviews_02675,القرية الشعبية,,المكان ممتع والمطعم لذيذ الاسعار مرتفعه,Dammam,مكان تراثي وتاريخي,-1,,,,1,,reviews_zenodo,,https://zenodo.org/records/16924532,static,,2026-09-13T06:19:18.696424+00:00,False
reviews_02676,القرية الشعبية,,مكان رائع يستحق الزياره للمتعه,Dammam,مكان تراثي وتاريخي,,,,,1,1,reviews_zenodo,,https://zenodo.org/records/16924532,static,,2026-09-13T06:19:18.696424+00:00,False
reviews_02677,القرية الشعبية,,مكان جيد لكن الأسعار عاليه تحتاج لاعادة النظر فيها,Dammam,مكان تراثي وتاريخي,-1,,,,0,,reviews_zenodo,,https://zenodo.org/records/16924532,static,,2026-09-13T06:19:18.696424+00:00,False
reviews_02678,القرية الشعبية,,حلوه مرره تذكر بالماضي الجميل واطلالتها أجمل ولكن اسعار الدخول ماله داعي ومبالغ فيها,Dammam,مكان تراثي وتاريخي,-1,,,,1,,reviews_zenodo,,https://zenodo.org/records/16924532,static,,2026-09-13T06:19:18.696424+00:00,False
reviews_02679,القرية الشعبية,,يوجد رسوم دخول والأسعار غالية جدا والخدمة سيئه واحضروا لي الطعام بارد,Dammam,مكان تراثي وتاريخي,-1,,,-1,,,reviews_zenodo,,https://zenodo.org/records/16924532,static,,2026-09-13T06:19:18.696424+00:00,False
reviews_02680,القرية الشعبية,,تقع علي البحر في الدمام ويوجد فيها مطاعم وكافيهات ومتاحف للتراث السعودي مره جميله جدا,Dammam,مكان تراثي وتاريخي,,,1,,1,,reviews_zenodo,,https://zenodo.org/records/16924532,static,,2026-09-13T06:19:18.696424+00:00,False
reviews_02681,القرية الشعبية,,رائع جدا ويستحق الزياره,Dammam,مكان تراثي وتاريخي,,,,,1,1,reviews_zenodo,,https://zenodo.org/records/16924532,static,,2026-09-13T06:19:18.696424+00:00,False
reviews_02682,القرية الشعبية,,قريه شعبيه رائعه تشمل خدمات المطاعم والالعاب ومحلات متنوعه الدخول للفرد ب 20 ريال,Dammam,مكان تراثي وتاريخي,,,1,,1,,reviews_zenodo,,https://zenodo.org/records/16924532,static,,2026-09-13T06:19:18.696424+00:00,False
reviews_02683,القرية الشعبية,,المكان جميل والطعام كذلك بس الاسعار مبالغ فيها بشكل خيالي دخول المطعم فقط الوحد ٢٠ ريال هذي تذكره للدخول المطعم,Dammam,مكان تراثي وتاريخي,-1,,,,1,,reviews_zenodo,,https://zenodo.org/records/16924532,static,,2026-09-13T06:19:18.696424+00:00,False
reviews_02684,القرية الشعبية,,للامانه جميله جدا و تستاهل الواحد يزورها انصح بها,Dammam,مكان تراثي وتاريخي,,,,,1,1,reviews_zenodo,,https://zenodo.org/records/16924532,static,,2026-09-13T06:19:18.696424+00:00,False
reviews_02685,القرية الشعبية,,المكان روعة و جميل جدآ المتحف مميز و رائع و يعطي شعور بعبق الماضي الأكل لذيذ جدآ و الأسعار مناسبة ...,Dammam,مكان تراثي وتاريخي,1,,1,,1,,reviews_zenodo,,https://zenodo.org/records/16924532,static,,2026-09-13T06:19:18.696424+00:00,False
reviews_02686,القرية الشعبية,,رائع منها مزار ومتحف ومطعم ومقهى وبازار نوعين شعبي وعادي رائع انصحكم فيه,Dammam,مكان تراثي وتاريخي,,,1,,1,1,reviews_zenodo,,https://zenodo.org/records/16924532,static,,2026-09-13T06:19:18.696424+00:00,False
reviews_02687,القرية الشعبية,,جميل ويستحق ومتعوب عليه فيه جلسات مجانية وجلسات مغلقه برسوم,Dammam,مكان تراثي وتاريخي,,,1,,1,1,reviews_zenodo,,https://zenodo.org/records/16924532,static,,2026-09-13T06:19:18.696424+00:00,False
reviews_02688,القرية الشعبية,,مكان يجمع التراث والتحف و يوجد مطعم بالدور الارضي ممتاز يستحق الزيارة,Dammam,مكان تراثي وتاريخي,,,1,,1,1,reviews_zenodo,,https://zenodo.org/records/16924532,static,,2026-09-13T06:19:18.696424+00:00,False
reviews_02689,القرية الشعبية,,مررره حلوه تستاهل الزياره هي مطعم وسوق شعبي و متحف,Dammam,مكان تراثي وتاريخي,,,1,,1,1,reviews_zenodo,,https://zenodo.org/records/16924532,static,,2026-09-13T06:19:18.696424+00:00,False
reviews_02690,القرية الشعبية,,قرية شعبية متكاملة رائعه جدا انصح بزيارتها يوجد بداخلها مطعم,Dammam,مكان تراثي وتاريخي,,,1,,1,1,reviews_zenodo,,https://zenodo.org/records/16924532,static,,2026-09-13T06:19:18.696424+00:00,False
reviews_02691,القرية الشعبية,,جميل جدا جدا جدا اشكر العاملين الذين يعملون في ذالك المكان ✋✋,Dammam,مكان تراثي وتاريخي,,,,1,1,,reviews_zenodo,,https://zenodo.org/records/16924532,static,,2026-09-13T06:19:18.696424+00:00,False
reviews_02692,القرية الشعبية,,الاكل اقل من عادي والاسعار مرتفعه ولكن المكان جميل والجلسات جميله والمتحف اجمل مافيه,Dammam,مكان تراثي وتاريخي,-1,,1,,1,,reviews_zenodo,,https://zenodo.org/records/16924532,static,,2026-09-13T06:19:18.696424+00:00,False
reviews_02693,القرية الشعبية,,مكان رائع وجميل فيه ذكريات الماظي خياطه بالحاضر ومكيف والأسعار مناسبه لكل الطبقات,Dammam,مكان تراثي وتاريخي,1,,,,1,,reviews_zenodo,,https://zenodo.org/records/16924532,static,,2026-09-13T06:19:18.696424+00:00,False
reviews_02694,القرية الشعبية,,مكان جميل وراقي ديكورات تراثيه.. الاكل خليجي كما يجب واسعارهم معقوله تذكرة دخول المكان ٢٠ ريال للشخص,Dammam,مكان تراثي وتاريخي,-1,,,,1,,reviews_zenodo,,https://zenodo.org/records/16924532,static,,2026-09-13T06:19:18.696424+00:00,False
reviews_02695,القرية الشعبية,,كنت عميل دائم في مبناهم القديم لكن تفاجئت عند زيارتي للمقر الجديد زيادة مبالغ فيها للأسعار إضافة إلى الجلسات كانت سابقا مجانية الآن ب٥٠ ريال إضافة إلى الدخولية ٢٠ ريال للشخص من دون طلبات ! ...,Dammam,مكان تراثي وتاريخي,-1,,,,,-1,reviews_zenodo,,https://zenodo.org/records/16924532,static,,2026-09-13T06:19:18.696424+00:00,False
reviews_02696,القرية الشعبية,,مكان رائع وحافل يستحق الزيارة,Dammam,مكان تراثي وتاريخي,,,,,1,1,reviews_zenodo,,https://zenodo.org/records/16924532,static,,2026-09-13T06:19:18.696424+00:00,False
reviews_02697,القرية الشعبية,,المكان ممتاز.. الاكل مقبول والاسعار متوسطة,Dammam,مكان تراثي وتاريخي,0,,,,1,,reviews_zenodo,,https://zenodo.org/records/16924532,static,,2026-09-13T06:19:18.696424+00:00,False
reviews_02698,القرية الشعبية,,نص نجمة وتخب ، رسوم على وش مدري ، ابي مطعم انا مابي اشوف متحفكم المغبر وشي مكرر اذا ابي ادخل ع المتحف لك حق تاخذ رسوم اذا جت عايلة كبيرة كم بيدفعون ؟ الأكل الله يديم النعمة والخدمة سيئة والأكل يتأخر فرعكم القديم نهايتكم الحلوة,Dammam,مكان تراثي وتاريخي,-1,,,,-1,-1,reviews_zenodo,,https://zenodo.org/records/16924532,static,,2026-09-13T06:19:18.696424+00:00,False
reviews_02699,القرية الشعبية,,ممتازين ولكن الأسعار جدا مرتفعة,Dammam,مكان تراثي وتاريخي,-1,,,,1,,reviews_zenodo,,https://zenodo.org/records/16924532,static,,2026-09-13T06:19:18.696424+00:00,False
reviews_02700,القرية الشعبية,,المطعم للامانه كان ممتاز بس الان للأسف صار زفت وتعاملهم زفت خصوصا بعد ماجابو المغربي وحطوه على الباب تخيلو جيتهم ومعي الوالده كبيره بالعمر الغرف فاضيه يقول لا اجلس على طاوله برا الا اذا كنتو اربعه تخيلو تحول المطعم من ناس تستقبلك باإبتسامه ...,Dammam,مكان تراثي وتاريخي,,,,-1,1,-1,reviews_zenodo,,https://zenodo.org/records/16924532,static,,2026-09-13T06:19:18.696424+00:00,False
reviews_02701,القرية الشعبية,,مبالغ بالاسعار والدخول وخدمتهى سيئة,Dammam,مكان تراثي وتاريخي,-1,,,-1,,,reviews_zenodo,,https://zenodo.org/records/16924532,static,,2026-09-13T06:19:18.696424+00:00,False
reviews_02702,القرية الشعبية,,المكان نظييف ومرتب لكن الاسعار مرتفعه قليلا الاكل حلو,Dammam,مكان تراثي وتاريخي,-1,1,,,1,,reviews_zenodo,,https://zenodo.org/records/16924532,static,,2026-09-13T06:19:18.696424+00:00,False
reviews_02703,القرية الشعبية,,قرية ممتازة وجو هادي ومتحف جميل المطعم جيد ولكن السعر غالي الله يوفقهم,Dammam,مكان تراثي وتاريخي,-1,,1,,1,,reviews_zenodo,,https://zenodo.org/records/16924532,static,,2026-09-13T06:19:18.696424+00:00,False
reviews_02704,القرية الشعبية,,المكان جميل و الطعام جيد لكن الاسعار مبالغ فيها,Dammam,مكان تراثي وتاريخي,-1,,,,1,,reviews_zenodo,,https://zenodo.org/records/16924532,static,,2026-09-13T06:19:18.696424+00:00,False
reviews_02705,القرية الشعبية,,ممتازه تستحق الزياره,Dammam,مكان تراثي وتاريخي,,,,,1,1,reviews_zenodo,,https://zenodo.org/records/16924532,static,,2026-09-13T06:19:18.696424+00:00,False
reviews_02706,متحف بيت المتبولي,,تجربه فاشله دخلنا طلب منا الحارس رسوم كل شخص ١٠ ريال وبدينا بالجوله ولامكيف شغال درج ورا درج ولانسمة هواء طلعنا غرقانين عرق طلبت من الحارس اتصل على المسؤول ندفع ١٠ ريال على كمية الحر هذي رفض الحارس,Jeddah,متحف,-1,,,,,-1,reviews_zenodo,,https://zenodo.org/records/16924532,static,,2026-09-13T06:19:18.696424+00:00,False
reviews_02707,متحف بيت المتبولي,,صورت فيه وجيتهم والله اكثر من روعه احياء قديمه ترجعك لزمن الأصيل زمن الطيبين جزاهم الله خير,Jeddah,متحف,,,,,1,1,reviews_zenodo,,https://zenodo.org/records/16924532,static,,2026-09-13T06:19:18.696424+00:00,False
reviews_02708,متحف بيت المتبولي,,الدخول ب 10 ريال!! دخلت المنزل فقط 3 غرف!! ولايستحق دفع اي مبلغ من الافضل الذهاب للمواقع التراثية الحكومية افضل بكثيررر من منزل المتبولي رحم الله من سكن به,Jeddah,متحف,-1,,,,-1,,reviews_zenodo,,https://zenodo.org/records/16924532,static,,2026-09-13T06:19:18.696424+00:00,False
reviews_02709,متحف بيت المتبولي,,موقع ممتاز يحكي من الزمن القديم لما قبل ١٠٠ سنة كيف كانت الحياه بزخرفها وبساطتها انصح بزيارته,Jeddah,متحف,,,,,1,1,reviews_zenodo,,https://zenodo.org/records/16924532,static,,2026-09-13T06:19:18.696424+00:00,False
reviews_02710,متحف بيت المتبولي,,دخول ب10 ومافي مقتنيات تستاهل الدخول القيمه في المبنى عمره فقط من الداخل كاتم وحر,Jeddah,متحف,-1,,,,-1,,reviews_zenodo,,https://zenodo.org/records/16924532,static,,2026-09-13T06:19:18.696424+00:00,False
reviews_02711,متحف بيت المتبولي,,مكان يجمع بين عراقة وأصالة الماضي الجميل انصح بالزيارة,Jeddah,متحف,,,,,1,1,reviews_zenodo,,https://zenodo.org/records/16924532,static,,2026-09-13T06:19:18.696424+00:00,False
reviews_02712,متحف بيت المتبولي,,رائع بمعنى الكلمه ننصح بالزياره,Jeddah,متحف,,,,,1,1,reviews_zenodo,,https://zenodo.org/records/16924532,static,,2026-09-13T06:19:18.696424+00:00,False
reviews_02713,متحف بيت المتبولي,,لا يستحق الزيارة لقلة الأدوات الأثرية فيه,Jeddah,متحف,,,,,-1,-1,reviews_zenodo,,https://zenodo.org/records/16924532,static,,2026-09-13T06:19:18.696424+00:00,False
reviews_02714,متحف بيت المتبولي,,من اهم المناطق التلداريخيه بمدينة جده ويستحق الزياره,Jeddah,متحف,,,,,1,1,reviews_zenodo,,https://zenodo.org/records/16924532,static,,2026-09-13T06:19:18.696424+00:00,False
reviews_02715,متحف مدينه العالمية للعلوم والمعرفة,,متحف رائع جدا انصح الجميع بزيارة المتحف الدخول ب80 ريال تقريبا هناك مرشد يشرح لك جميع اجزاء المتحف.,Jeddah,متحف,,,,1,1,1,reviews_zenodo,,https://zenodo.org/records/16924532,static,,2026-09-13T06:19:18.696424+00:00,False
reviews_02716,متحف مدينه العالمية للعلوم والمعرفة,,متحف يستحق الزياره مليئ بالتحف والثرات غني جدا من جميع الحضرات والعصور المتحف ٤ أدوار لا يكفي لزيارته عده ساعات كاقل شي يومين ويادوب تكفي جدا ممتع صراحه كل الشكر للقائمين عليه والله يرحم من سواه اذا كنت محب للتاريخ هذا المتحف يجب أن يكون الوجهه الأولى لك ف جده أو ف المملكه ك كل,Jeddah,متحف,,,,1,1,1,reviews_zenodo,,https://zenodo.org/records/16924532,static,,2026-09-13T06:19:18.696424+00:00,False
reviews_02717,متحف مدينه العالمية للعلوم والمعرفة,,أولا سعر الدخول ٨٠ الشخص وهذا سعر مرتفع جدا وثانيا المتحف مكون من ثلاثه ادوار والدور الأرضي فهو مقسم بين الحضاره الاسلاميه وقبل الاسلام والحضارة العالميه وقسم للصناعات الوطنيه فترة العمل مرتين صباحا ومساء تبداء مساء من ٤ الي الساعه ٩ مساء المتحف كبير يحتاج وقت كبير لذا أنصح بزيارة من بدايه اليوم,Jeddah,متحف,-1,,,,1,,reviews_zenodo,,https://zenodo.org/records/16924532,static,,2026-09-13T06:19:18.696424+00:00,False
reviews_02718,متحف مدينه العالمية للعلوم والمعرفة,,مكان جميل جدا وتعامل راقي من العاملين، ولكن سعر التذكرة ٨٠ ريال للفرد باهض نسبيا,Jeddah,متحف,-1,,,1,1,,reviews_zenodo,,https://zenodo.org/records/16924532,static,,2026-09-13T06:19:18.696424+00:00,False
reviews_02719,متحف مدينه العالمية للعلوم والمعرفة,,متحف جيد وبمجهودات شخصية تشكر يمتاز بانه فريد من نوعه يستحق الزيارة,Jeddah,متحف,,,,,1,1,reviews_zenodo,,https://zenodo.org/records/16924532,static,,2026-09-13T06:19:18.696424+00:00,False
reviews_02720,طنطورة,,ممتاز لكن غالي ويعيبه شبكة الجوال,Al Ula,مكان تراثي وتاريخي,-1,,,,1,,reviews_zenodo,,https://zenodo.org/records/16924532,static,,2026-09-13T06:19:18.696424+00:00,False
reviews_02721,طنطورة,,لاتستحق الزيارة نهائيا المدينة متواضعة جدا مع احترامي الكبير لسكانها غير انه لايوجد فنادق او شقق بالمستوى المطلوب ولاتوجد خدمات للرفاهية ولا مطاعم كافيه ولايوجد الا استغلال بشع كل الشقق الموجود فوق 800 ريال بهذا الحدود والسكن مايسوى المبلغ المدفوع له,Al Ula,مكان تراثي وتاريخي,-1,,,,-1,-1,reviews_zenodo,,https://zenodo.org/records/16924532,static,,2026-09-13T06:19:18.696424+00:00,False
reviews_02722,طنطورة,,كل شي مغلق واسعار مبالغ فيها ولا يوجد سكن لا احد يجييييي,Al Ula,مكان تراثي وتاريخي,-1,,,,,-1,reviews_zenodo,,https://zenodo.org/records/16924532,static,,2026-09-13T06:19:18.696424+00:00,False
reviews_02723,طنطورة,,أسعار عالية بالنسبة للفرد والعوائل ولاكن تجربة ممتعة لمحبي المغامرات,Al Ula,مكان تراثي وتاريخي,-1,,,,,1,reviews_zenodo,,https://zenodo.org/records/16924532,static,,2026-09-13T06:19:18.696424+00:00,False
reviews_02724,طنطورة,,من افضل الاماكن من كل النواحي متعه وستجمام وسترخاء وترفيه,Al Ula,مكان تراثي وتاريخي,,,,,1,1,reviews_zenodo,,https://zenodo.org/records/16924532,static,,2026-09-13T06:19:18.696424+00:00,False
reviews_02725,طنطورة,,عبارة عن مزولة شمسية دقيقة جدا بتحديد فصول السنة كانت تستخدم قديم ومازالت الى الان ينصح بشدة زيارتها وزيارت البلدة القديمة والمعالم الاثرية الموجودة بمنطقة العلا,Al Ula,مكان تراثي وتاريخي,,,,,1,1,reviews_zenodo,,https://zenodo.org/records/16924532,static,,2026-09-13T06:19:18.696424+00:00,False
reviews_02726,طنطورة,,مكان جميل يستحق الزيارة,Al Ula,مكان تراثي وتاريخي,,,,,1,1,reviews_zenodo,,https://zenodo.org/records/16924532,static,,2026-09-13T06:19:18.696424+00:00,False
reviews_02727,طنطورة,,مكان حلوى لكن غالي ليش المنطاط الوحد ٣٥٠ليه وكل شيء غالي.,Al Ula,مكان تراثي وتاريخي,-1,,,,1,,reviews_zenodo,,https://zenodo.org/records/16924532,static,,2026-09-13T06:19:18.696424+00:00,False
reviews_02728,طنطورة,,مكان جميل ومرتب وفية اماكن تراثية ومطاعم وكفيهات واكثر,Al Ula,مكان تراثي وتاريخي,,,1,,1,,reviews_zenodo,,https://zenodo.org/records/16924532,static,,2026-09-13T06:19:18.696424+00:00,False
reviews_02729,المعرض والمتحف الدولي للسيرة النبوية والحضارة,,ممتاز ويستحق الزيارة؛ والزائر يتطلع لاقتناء ألبوم أو كتيبات أو سيدي لما يحتوي المعرض من معلومات؛؛؛,Madinah,متحف,,,,,1,1,reviews_zenodo,,https://zenodo.org/records/16924532,static,,2026-09-13T06:19:18.696424+00:00,False
reviews_02730,المعرض والمتحف الدولي للسيرة النبوية والحضارة,,ما قصروا المنظمين هناك شغل إحترافي بالفعل ١. كان المكان عبارة عن اكثر من متحف مجمعة في مكان واحد . ٢. بالإضافة إلى أن ما نراه أمامنا هو خلاصة بحوث. أكادميه منظمة تجاوزت 10 سنين في البحث و التحقق من الأخبار و السير . ٣. كما أن المتحف يحتوي على كم كبير من الموسوعات التاريخيه. أخيرا.. جزا الله خيرا كل من كان السبب في إقامه هذا و كل العاملين بهذا المعرض.,Madinah,متحف,,,,1,1,1,reviews_zenodo,,https://zenodo.org/records/16924532,static,,2026-09-13T06:19:18.696424+00:00,False
reviews_02731,بحيرة سد أبها,,تحتاج الى اهتمام ونظافة ووضع جلسات مطلة على البحيرة,Abha,منتزه,,-1,-1,,,,reviews_zenodo,,https://zenodo.org/records/16924532,static,,2026-09-13T06:19:18.696424+00:00,False
reviews_02732,بحيرة سد أبها,,تم احتكار المطل على البحيره واسعار مرتفعه مقارنه بلخدمه,Abha,منتزه,,,-1,-1,,,reviews_zenodo,,https://zenodo.org/records/16924532,static,,2026-09-13T06:19:18.696424+00:00,False
reviews_02733,بحيرة سد أبها,,سوم الدخول غالية ومبالغ فيها بالاضافة الى أصوات الأغاني المنتشرة بين الجلسات اللي لازم تدفع ايضا مقابل الجلوس فيها (بالاختصار خسارة فلوس وكسب ذنوب على شي مايستاهل ),Abha,منتزه,-1,,,,,-1,reviews_zenodo,,https://zenodo.org/records/16924532,static,,2026-09-13T06:19:18.696424+00:00,False
reviews_02734,بحيرة سد أبها,,بصراحه لا يستحق ولا نجمه مكان قذر ومنظر مخجل لا يوجد أهتمام ولا نظافه ..,Abha,منتزه,,-1,,,-1,,reviews_zenodo,,https://zenodo.org/records/16924532,static,,2026-09-13T06:19:18.696424+00:00,False
reviews_02735,السودة,,أجواء جميلة لكن ينقصها خدمات مثل دورات المياة والاسعار غالية مثل التلفريك وغلاء الشقق هناك لكن في المدنية لابأس,Abha,منتزه,-1,,-1,,1,,reviews_zenodo,,https://zenodo.org/records/16924532,static,,2026-09-13T06:19:18.696424+00:00,False
reviews_02736,السودة,,افضل مكان في ابها رغم قلة وجود دورات مياه في المنتزه,Abha,منتزه,,,-1,,1,,reviews_zenodo,,https://zenodo.org/records/16924532,static,,2026-09-13T06:19:18.696424+00:00,False
reviews_02737,السودة,,أجواء السوده جميله جدا.. ولكن الخدمات للأسف لم تكن بالشكل المطلوب وتحديدا دورات المياه أكرمكم الله..,Abha,منتزه,,,-1,,1,,reviews_zenodo,,https://zenodo.org/records/16924532,static,,2026-09-13T06:19:18.696424+00:00,False
reviews_02738,السودة,,مكان جميل يستحق الزياره,Abha,منتزه,,,,,1,1,reviews_zenodo,,https://zenodo.org/records/16924532,static,,2026-09-13T06:19:18.696424+00:00,False
reviews_02739,السودة,,من اجمل وافضل الاماكن من عدة نواحي، تتكلم على جو؟ تتكلم على مناظر؟، تتكلم عن الفعاليات هناك؟، تتكلم عن اجواء ممطرة؟ انها وجهة سياحية مشرفة للمملكة... الطرق جدا جميلة ومعتنين بها.. ايضا الخدمات هناك متوفرة... المكان جميل عموما.. هناك ايضا ...,Abha,منتزه,,,,,1,1,reviews_zenodo,,https://zenodo.org/records/16924532,static,,2026-09-13T06:19:18.696424+00:00,False
reviews_02740,السودة,,مكان رائع واتمنى الكل يزوره,Abha,منتزه,,,,,1,1,reviews_zenodo,,https://zenodo.org/records/16924532,static,,2026-09-13T06:19:18.696424+00:00,False
reviews_02741,السودة,,طليعة خلابه ومنطقه سياحيه بإمتياز ينقصها خدمات كثير مثل دورات المياه وترتيب المكان أكثر ولكن متفائلين خير بشركة السوده للتطوير وبدعم سخي من القياده الحكيمه,Abha,منتزه,,,-1,,1,,reviews_zenodo,,https://zenodo.org/records/16924532,static,,2026-09-13T06:19:18.696424+00:00,False
reviews_02742,السودة,,السياحة فاشله لا يوجد مواقف ولا خدمات و لا دورات مياة ولا تنظيف شغل قفل شارع افتح شارع و مجهود المرور وين وزارة السياحة النايمة,Abha,منتزه,,-1,-1,,,,reviews_zenodo,,https://zenodo.org/records/16924532,static,,2026-09-13T06:19:18.696424+00:00,False
reviews_02743,السودة,,السودة هي مكان ريفي سياحي في منطقة عسير بالمملكة العربية السعودية مناظرها طبيعية وخلابه انصح بزيارتها,Abha,منتزه,,,,,1,1,reviews_zenodo,,https://zenodo.org/records/16924532,static,,2026-09-13T06:19:18.696424+00:00,False
reviews_02744,السودة,,حرام مكان جميل كهذا من حيث الجو والاشجار وفيه كمية إهمال في صيانة دورات المياة والمظلات وعمال النظافة اقرب للشحاثة من النظافة.,Abha,منتزه,,-1,,,1,,reviews_zenodo,,https://zenodo.org/records/16924532,static,,2026-09-13T06:19:18.696424+00:00,False
reviews_02745,السودة,,روعة والضباب والخضرة وتحتاج الى جهد غير عادي في النظافة,Abha,منتزه,,-1,,,1,,reviews_zenodo,,https://zenodo.org/records/16924532,static,,2026-09-13T06:19:18.696424+00:00,False
reviews_02746,السودة,,السوده حباها الله بجمال وأرضها واشجارها خضراء ومهرجانات وعلوم زينه واني أنصح بزيارتها ونعم للسياحه الداخليه,Abha,منتزه,,,,,1,1,reviews_zenodo,,https://zenodo.org/records/16924532,static,,2026-09-13T06:19:18.696424+00:00,False
reviews_02747,السودة,,جميلة السودة لكن تحتاج الى صيانه الجلسات وتوسيع الطرق المؤديه لسوده,Abha,منتزه,,,-1,,1,,reviews_zenodo,,https://zenodo.org/records/16924532,static,,2026-09-13T06:19:18.696424+00:00,False
reviews_02748,السودة,,طبيعة جميلة وجو بارد لطيف بس لا يوجد الكثير من الخدمات الحمامات وسخه و لا يوجد فيها ماء لا توجد فنادق تناسب الجو كلها وسخه او اقل من المستوى اتساخ اغلب المساجد لا يوجد مطاعم نظيفة و راقية بمعنى اغلب الخدمات غير متوفرة + اغلب زوار المكان يوسخون المكان و يمشون,Abha,منتزه,,-1,-1,,1,,reviews_zenodo,,https://zenodo.org/records/16924532,static,,2026-09-13T06:19:18.696424+00:00,False
reviews_02749,السودة,,رائع لكن ينقص المنتزه بعض الخدمات,Abha,منتزه,,,-1,,1,,reviews_zenodo,,https://zenodo.org/records/16924532,static,,2026-09-13T06:19:18.696424+00:00,False
reviews_02750,السودة,,أجواء باردة وجميلة والاماكن رائعة لكن تحتاج تكاتف من الجميع في نظافة أماكنهم لتبقى على هذا الجمال .,Abha,منتزه,,-1,,,1,,reviews_zenodo,,https://zenodo.org/records/16924532,static,,2026-09-13T06:19:18.696424+00:00,False
reviews_02751,السودة,,غني عن التعريف.. لكن تنقصه النظافة.. فلابد من تظافر الجهود من البلدية والزائر,Abha,منتزه,,-1,,,1,,reviews_zenodo,,https://zenodo.org/records/16924532,static,,2026-09-13T06:19:18.696424+00:00,False
reviews_02752,السودة,,السودة جوها جميل بس ينقصها بعض الخدمات,Abha,منتزه,,,-1,,1,,reviews_zenodo,,https://zenodo.org/records/16924532,static,,2026-09-13T06:19:18.696424+00:00,False
reviews_02753,السودة,,مكان جميل لتنزه والخدمات جيده,Abha,منتزه,,,0,,1,,reviews_zenodo,,https://zenodo.org/records/16924532,static,,2026-09-13T06:19:18.696424+00:00,False
reviews_02754,السودة,,جميلة تستحق الزيارة تحتاج إلى مزيد من الاهتمام,Abha,منتزه,,,,,1,1,reviews_zenodo,,https://zenodo.org/records/16924532,static,,2026-09-13T06:19:18.696424+00:00,False
reviews_02755,السودة,,المكان جميل ورائع كونه اعلى قمة في ابها ولمحبي الطبيعة والمرتفعات يناسب الشباب والعائلات انصح بزيارته,Abha,منتزه,,,,,1,1,reviews_zenodo,,https://zenodo.org/records/16924532,static,,2026-09-13T06:19:18.696424+00:00,False
reviews_02756,السودة,,جميله واجوائها وطبيعتها حلوه بس تحتاج لعنايه اكثر بتوفير جلسات ايجار وكوفيهات ومطاعم وحمامات,Abha,منتزه,,,-1,,1,,reviews_zenodo,,https://zenodo.org/records/16924532,static,,2026-09-13T06:19:18.696424+00:00,False
reviews_02757,قلعه شمسان,,مكان رائع ... يستحق الزيارة,Abha,مكان تراثي وتاريخي,,,,,1,1,reviews_zenodo,,https://zenodo.org/records/16924532,static,,2026-09-13T06:19:18.696424+00:00,False
reviews_02758,قلعه شمسان,,جميل أنصح بزيارته هدووووء,Abha,مكان تراثي وتاريخي,,,,,1,1,reviews_zenodo,,https://zenodo.org/records/16924532,static,,2026-09-13T06:19:18.696424+00:00,False
reviews_02759,قلعه شمسان,,قلعة شمسان التاريخية في أبها من أقدم وأهم المعالم التاريخية. انصح الجميع بزيارتها,Abha,مكان تراثي وتاريخي,,,,,1,1,reviews_zenodo,,https://zenodo.org/records/16924532,static,,2026-09-13T06:19:18.696424+00:00,False
reviews_02760,قلعه شمسان,,اصبحت مزار سياحي بعد تطويرها من قبل امانة عسير انصح بزيارتها والاستمتاع بلاطلاله الخلابه على مدينة ابها مكان يستحق الزيارة,Abha,مكان تراثي وتاريخي,,,,,1,1,reviews_zenodo,,https://zenodo.org/records/16924532,static,,2026-09-13T06:19:18.696424+00:00,False
reviews_02761,حديقة الفيروز,,جميله جدا ونظافه ولا اروع ماشاءالله,Yanbu,حديقة,,1,,,1,,reviews_zenodo,,https://zenodo.org/records/16924532,static,,2026-09-13T06:19:18.696424+00:00,False
reviews_02762,حديقة الفيروز,,كانت من أجمل الحدائق وأروعها... ولكنها مع الاسف تدنت بشكل كبير لا اعرف السبب في عدم الاهتمام بها... كل ألعاب الأطفال ازالوها ... .. كان لدينا فيها احلى الذكريات. ...,Yanbu,حديقة,,,-1,,-1,-1,reviews_zenodo,,https://zenodo.org/records/16924532,static,,2026-09-13T06:19:18.696424+00:00,False
reviews_02763,حديقة الفيروز,,من أجمل الحدائق للتنزه بالعائلة تصميم رائع والأجمل لا يوجد كشكات خدمات 😊 سعدنا بزيارة هذه الحديقة واتمنى المحافظة على الجودة والمحافظة على المكان من قبل الزوار 😇,Yanbu,حديقة,,,-1,,1,1,reviews_zenodo,,https://zenodo.org/records/16924532,static,,2026-09-13T06:19:18.696424+00:00,False
reviews_02764,حديقة الفيروز,,من أروع الحدائق في ينبع منظمه وبها دورات مياه ومصلى وألعاب اطفال .,Yanbu,حديقة,,,1,,1,1,reviews_zenodo,,https://zenodo.org/records/16924532,static,,2026-09-13T06:19:18.696424+00:00,False
reviews_02765,حديقة الفيروز,,حديقة جميلة وهادئة وترتيب وتنسيق أجمل مع وجود دورات مياه ومصلى تنفع ايام الربيع والشتاء للي ما يحبون البر انصح بها,Yanbu,حديقة,,,1,,1,,reviews_zenodo,,https://zenodo.org/records/16924532,static,,2026-09-13T06:19:18.696424+00:00,False
reviews_02766,حديقة الفيروز,,حديقه جميلة وهادئه ونضيفه ولاكن لايوجد فيها مطاعم اوكيفيهات او حتى بقالة,Yanbu,حديقة,,1,-1,,1,,reviews_zenodo,,https://zenodo.org/records/16924532,static,,2026-09-13T06:19:18.696424+00:00,False
reviews_02767,حديقة الفيروز,,حلوه بس تحتاج شوي يكون فيها حياه مثلا مقهى,Yanbu,حديقة,,,-1,,1,,reviews_zenodo,,https://zenodo.org/records/16924532,static,,2026-09-13T06:19:18.696424+00:00,False
reviews_02768,حديقة الفيروز,,حديقة راقية و نظيفة مررررة و جميلة و زرع في كل مكان و يوجد مكان للاطفال للعب. انصح بزيارتها.,Yanbu,حديقة,,1,1,,1,1,reviews_zenodo,,https://zenodo.org/records/16924532,static,,2026-09-13T06:19:18.696424+00:00,False
reviews_02769,حديقة الفيروز,,نظيف جدا و هادئ و أمن للعب الأطفال .,Yanbu,حديقة,,1,1,,,,reviews_zenodo,,https://zenodo.org/records/16924532,static,,2026-09-13T06:19:18.696424+00:00,False
reviews_02770,حديقة الفيروز,,حديقة جميله جدا وتستحق الزياره وتجربة رمضانية رائعه جدا جدا شكرا للهيئة الملكية على التجربة,Yanbu,حديقة,,,,,1,1,reviews_zenodo,,https://zenodo.org/records/16924532,static,,2026-09-13T06:19:18.696424+00:00,False
reviews_02771,حديقة الفيروز,,جميلة جدا ومريحة للأعصاب وتصلح للكبار اكثر من الاطفال وذلك لافتقارها لألعاب الأطفال.,Yanbu,حديقة,,,-1,,1,,reviews_zenodo,,https://zenodo.org/records/16924532,static,,2026-09-13T06:19:18.696424+00:00,False
reviews_02772,حديقة الفيروز,,مكان جميل لكن لايوجد كوفي شوب او اي نقاط لبيع بعض المستلزمات,Yanbu,حديقة,,,-1,,1,,reviews_zenodo,,https://zenodo.org/records/16924532,static,,2026-09-13T06:19:18.696424+00:00,False
reviews_02773,حديقة الفيروز,,كجديقة جميلة ولكن دورات المياه غير نظيفة ولايوجد العاب اطفال,Yanbu,حديقة,,-1,-1,,1,,reviews_zenodo,,https://zenodo.org/records/16924532,static,,2026-09-13T06:19:18.696424+00:00,False
reviews_02774,حديقة الفيروز,,منتزه الفيروز في ينبع من أفضل المنتزهات اللي رحت فيها,Yanbu,حديقة,,,,,1,1,reviews_zenodo,,https://zenodo.org/records/16924532,static,,2026-09-13T06:19:18.696424+00:00,False
reviews_02775,حديقة الفيروز,,حديقة الفيروز في ينبع من أفضل الأماكن السياحية. انصح الجميع بزيارتها,Yanbu,حديقة,,,,,1,1,reviews_zenodo,,https://zenodo.org/records/16924532,static,,2026-09-13T06:19:18.696424+00:00,False
reviews_02776,حديقة الفيروز,,جميلة جدا جدا ينقصها شيئا بعض الكشكات التي تبيع الحلا وما يتعلق بالقهوة,Yanbu,حديقة,,,-1,,1,,reviews_zenodo,,https://zenodo.org/records/16924532,static,,2026-09-13T06:19:18.696424+00:00,False
reviews_02777,حديقة الفيروز,,مخيفة لا يوجد بها احد بقيت أنا وأولادي ساعتان ولا يوجد غيرنا ولا يوجد أي خدمات من مطاعم او مبيعات حتى الماء اذا احتجته يلزم الذهاب مسافه بعيدا لشرائه,Yanbu,حديقة,,,-1,,,-1,reviews_zenodo,,https://zenodo.org/records/16924532,static,,2026-09-13T06:19:18.696424+00:00,False
reviews_02778,حديقة الفيروز,,حديقة جميلة خصوصا للاطفال مسوره بشكل كامل تقريبا فيها العاب وجلسات رايقه مافيها ازدحام,Yanbu,حديقة,,,1,,1,,reviews_zenodo,,https://zenodo.org/records/16924532,static,,2026-09-13T06:19:18.696424+00:00,False
reviews_02779,حديقة الفيروز,,حديقة جميلة بجانبها مصلى صغير و دورات مياه و يوجد كافيه جميل,Yanbu,حديقة,,,1,,1,,reviews_zenodo,,https://zenodo.org/records/16924532,static,,2026-09-13T06:19:18.696424+00:00,False
reviews_02780,حديقة الفيروز,,حديقة جميلة ومرتبة وهادئة. يوجد بها بعض سفن الغوص القديمة .الحقيقة تستاهل الزيارة . ⚘🌲🌴🌾,Yanbu,حديقة,,,,,1,1,reviews_zenodo,,https://zenodo.org/records/16924532,static,,2026-09-13T06:19:18.696424+00:00,False
reviews_02781,حديقة الفيروز,,جيتها في وقت مهرجان شتاء ينبع الصراحة المهرجان كان حلو و أجمل ما فيه انو كان الجو كويس و فيه خيارات كثيرة من الشاي و القهوة و الحلويات ...,Yanbu,حديقة,,,1,,1,,reviews_zenodo,,https://zenodo.org/records/16924532,static,,2026-09-13T06:19:18.696424+00:00,False
reviews_02782,حديقة الفيروز,,حديقة ممتازة جدا العاب وخضرة ودورات مياه نظيفة ومصلى يعيبها عمالها بعض الاحيان يشغلون مرشات المياه على الزوار 🤔,Yanbu,حديقة,,1,1,-1,1,,reviews_zenodo,,https://zenodo.org/records/16924532,static,,2026-09-13T06:19:18.696424+00:00,False
reviews_02783,حديقة الفيروز,,رائع ومريح للنفس من كثر الخضار الموجود والتنسيق العيب والوحيد انه مافيه كشكات تجيب اغراضك كامله معاك 😋يعني حاول ماتنسى شي,Yanbu,حديقة,,,-1,,1,,reviews_zenodo,,https://zenodo.org/records/16924532,static,,2026-09-13T06:19:18.696424+00:00,False
reviews_02784,حديقة الفيروز,,جميله وتستحق الزياره,Yanbu,حديقة,,,,,1,1,reviews_zenodo,,https://zenodo.org/records/16924532,static,,2026-09-13T06:19:18.696424+00:00,False
reviews_02785,حديقة الفيروز,,مكان جميل وهادي ومرتب بس يحتاج شوية عناية بالزرع,Yanbu,حديقة,,,0,,1,,reviews_zenodo,,https://zenodo.org/records/16924532,static,,2026-09-13T06:19:18.696424+00:00,False
reviews_02786,حديقة الفيروز,,جميله وهادئه انصح الجميع زيارتها وتصلح لخروجات النهار,Yanbu,حديقة,,,,,1,1,reviews_zenodo,,https://zenodo.org/records/16924532,static,,2026-09-13T06:19:18.696424+00:00,False
reviews_02787,حديقة الفيروز,,من جهة الخدمات معدومة ... بس المنتزه ممتاز ... العاب الاطفال قليلة و يبغى لها اهتمام اكثر,Yanbu,حديقة,,,-1,,1,,reviews_zenodo,,https://zenodo.org/records/16924532,static,,2026-09-13T06:19:18.696424+00:00,False
reviews_02788,حديقة الفيروز,,النظافة وهدوء المكان .. وتوفر دورات المياة بالشكل الجميل والنظيف شكرا بلدية ينبع,Yanbu,حديقة,,1,1,,1,,reviews_zenodo,,https://zenodo.org/records/16924532,static,,2026-09-13T06:19:18.696424+00:00,False
reviews_02789,حديقة الفيروز,,الحديقه رائعه جد ولكن للاسف تنقصها خدمات البيع وينقصها وجود طرابيزات وكراسي ارجو الاهتمام بهذا الموضوع,Yanbu,حديقة,,,-1,,1,,reviews_zenodo,,https://zenodo.org/records/16924532,static,,2026-09-13T06:19:18.696424+00:00,False
reviews_02790,حديقة الفيروز,,أصبحت مهجوره ولا يوجد فيها ألعاب للأطفال متنوعه تحتاج إلى الاهتمام,Yanbu,حديقة,,,-1,,-1,,reviews_zenodo,,https://zenodo.org/records/16924532,static,,2026-09-13T06:19:18.696424+00:00,False
reviews_02791,حديقة الفيروز,,مكان جميل ونظيف بس الاهتمام من قبل الزوار للحديقة,Yanbu,حديقة,,1,,,1,,reviews_zenodo,,https://zenodo.org/records/16924532,static,,2026-09-13T06:19:18.696424+00:00,False
reviews_02792,حديقة الفيروز,,مكان نظيف مرتب يصلح لي المشي وهدوء. بعد نادي الفروسية,Yanbu,حديقة,,1,,,1,,reviews_zenodo,,https://zenodo.org/records/16924532,static,,2026-09-13T06:19:18.696424+00:00,False
reviews_02793,حديقة الفيروز,,حديقة تضم مساحات خضراء وبها مصلى ودورات مياه نظيفة وبالقرب منها بحيرة ينبع الصناعية والفيروز تتميز بالهدوء والنظافة,Yanbu,حديقة,,1,1,,1,,reviews_zenodo,,https://zenodo.org/records/16924532,static,,2026-09-13T06:19:18.696424+00:00,False
reviews_02794,حديقة الفيروز,,صراحة اول مرة ازورها لكن عندما رأيتها بالصور انبهرت. لكن عند الذهاب إليها ورأيتها على الواقع. اختلفت نظرتي بها فهي حديقة ليست على مستوى تطلعات أهالي الهيئة الملكية. فلا يوجد بها ما يشجع لزيارتها مرة أخرى. تحتاج بعناية اكثر واعادة تأهيلها,Yanbu,حديقة,,,,,-1,-1,reviews_zenodo,,https://zenodo.org/records/16924532,static,,2026-09-13T06:19:18.696424+00:00,False
reviews_02795,حديقة الفيروز,,جميله و هادئه فيها العاب للاطفال و نظيييييفه و حلوة للمشي و قريبه من البيوت و بعيدة عن الشوارع يعني ما تخاف على اطفالك,Yanbu,حديقة,,1,1,,1,,reviews_zenodo,,https://zenodo.org/records/16924532,static,,2026-09-13T06:19:18.696424+00:00,False
reviews_02796,حديقة الفيروز,,كان المكان جميل ولكن دورات المياه غير نظيفه والعاب الاطفال قليله وتحتاج صيانه,Yanbu,حديقة,,-1,-1,,1,,reviews_zenodo,,https://zenodo.org/records/16924532,static,,2026-09-13T06:19:18.696424+00:00,False
reviews_02797,حديقة الفيروز,,مكان جميل وترتيب رائع انصح بزيارته للعوائل.,Yanbu,حديقة,,,,,1,1,reviews_zenodo,,https://zenodo.org/records/16924532,static,,2026-09-13T06:19:18.696424+00:00,False
reviews_02798,حديقة الفيروز,,المكان جميل جدا والفعاليات ممتازة ولاكن الكراسي قليلة بالنسبة لعدد الزوار . وياليت تعطى فرص أكبر للأسر المنتجة وتوفير اكلات شعبية بدلا عن عربات الهمبرجر المتراصة,Yanbu,حديقة,,,0,,1,,reviews_zenodo,,https://zenodo.org/records/16924532,static,,2026-09-13T06:19:18.696424+00:00,False
reviews_02799,حديقة الفيروز,,حديقة مرتبه ونظيف هاديه جدا لمن يحب الهدوء,Yanbu,حديقة,,1,,,1,,reviews_zenodo,,https://zenodo.org/records/16924532,static,,2026-09-13T06:19:18.696424+00:00,False
reviews_02800,حديقة الفيروز,,جميلة و مرتبة لاكن صغيرة و تنقصها بعض الخدمات,Yanbu,حديقة,,,-1,,1,,reviews_zenodo,,https://zenodo.org/records/16924532,static,,2026-09-13T06:19:18.696424+00:00,False
reviews_02801,حديقة الفيروز,,جميلة وهادئة و كبيرة جدا.. ينقصها أي كشك او محل يبيع عصيرات و قهوة,Yanbu,حديقة,,,-1,,1,,reviews_zenodo,,https://zenodo.org/records/16924532,static,,2026-09-13T06:19:18.696424+00:00,False
reviews_02802,حديقة الفيروز,,تجربه جميله ورائعه راحه نفسيه مكان هادئ وينفع للرياضيين وللمشي بشكل خاص,Yanbu,حديقة,,,,,1,1,reviews_zenodo,,https://zenodo.org/records/16924532,static,,2026-09-13T06:19:18.696424+00:00,False
reviews_02803,حديقة الفيروز,,الحديقة جميلة وهادئة ونظيفة، ولكن افتقدنا خريطة الجزيرة التي كانت تميز الحديقة وتعطيها لمسة جمالية خاصة.,Yanbu,حديقة,,1,,,1,,reviews_zenodo,,https://zenodo.org/records/16924532,static,,2026-09-13T06:19:18.696424+00:00,False
reviews_02804,حديقة الفيروز,,من أجمل أماكن لتنفس العائلات - يوجد مواقف سيارات - ملاهي للأطفال - دورات مياه - أفضل أيام للحديقة أيام الفعاليات - للأسف لا يوجد أماكن خدمات قريبة,Yanbu,حديقة,,,1,,1,,reviews_zenodo,,https://zenodo.org/records/16924532,static,,2026-09-13T06:19:18.696424+00:00,False
reviews_02805,حديقة الفيروز,,مكان على مستوى عالي من النظافة وممتاز كذلك,Yanbu,حديقة,,1,,,1,,reviews_zenodo,,https://zenodo.org/records/16924532,static,,2026-09-13T06:19:18.696424+00:00,False
reviews_02806,حديقة الفيروز,,حديقه جميله وهادئه انصحكم بزيارتها 👌,Yanbu,حديقة,,,,,1,1,reviews_zenodo,,https://zenodo.org/records/16924532,static,,2026-09-13T06:19:18.696424+00:00,False
reviews_02807,حديقة الفيروز,,حديقة كبيرة وواسعة وتم الاهتمام بها وتحسينها لاقامة مهرجان بركة في رمضان لعام 1440,Yanbu,حديقة,,,1,,1,,reviews_zenodo,,https://zenodo.org/records/16924532,static,,2026-09-13T06:19:18.696424+00:00,False
reviews_02808,حديقة الفيروز,,كان المكان كالمعتاد مزدحم جدا جدا ووقت الانتظار يحتاج الى توسعة وموقع مناسب يوفر مقاعد اكثر ومواقف لسيارات ... الاسعار مرتفعة قليلا,Yanbu,حديقة,-1,,0,,,,reviews_zenodo,,https://zenodo.org/records/16924532,static,,2026-09-13T06:19:18.696424+00:00,False
reviews_02809,حديقة الفيروز,,رائع ونظيف ارجوا من الجميع الحفاظ على النظافه,Yanbu,حديقة,,1,,,1,,reviews_zenodo,,https://zenodo.org/records/16924532,static,,2026-09-13T06:19:18.696424+00:00,False
reviews_02810,حديقة الفيروز,,افضل مكان لتوجه العائلة للراحة ... حيث الهدوء وسط العشب الأخضر .. توجد العاب ودورات مياه .. لا يوجد اي أكشاك لبيع المياه او تسالي للأطفال,Yanbu,حديقة,,,0,,1,,reviews_zenodo,,https://zenodo.org/records/16924532,static,,2026-09-13T06:19:18.696424+00:00,False
reviews_02811,حديقة الفيروز,,مميزه ونظيفه يكفي انها بالهيئه,Yanbu,حديقة,,1,,,1,,reviews_zenodo,,https://zenodo.org/records/16924532,static,,2026-09-13T06:19:18.696424+00:00,False
reviews_02812,حديقة الفيروز,,حديقة عائلية ممتازه وهادئة ودورات مياة نظيفة تعمل على مدار ال٢٤ ساعة,Yanbu,حديقة,,1,1,,1,,reviews_zenodo,,https://zenodo.org/records/16924532,static,,2026-09-13T06:19:18.696424+00:00,False
reviews_02813,حديقة الفيروز,,جميلة وهادئة جدآ ويوجد بها مسطحات خضراء والعاب للأطفال,Yanbu,حديقة,,,1,,1,,reviews_zenodo,,https://zenodo.org/records/16924532,static,,2026-09-13T06:19:18.696424+00:00,False
reviews_02814,حديقة الفيروز,,مكان جميل متواضع.. لا يوجد خدمات,Yanbu,حديقة,,,-1,,0,,reviews_zenodo,,https://zenodo.org/records/16924532,static,,2026-09-13T06:19:18.696424+00:00,False
reviews_02815,حديقة الفيروز,,حديقة جميلة واشجار متنوعة رائعة . انصح بزيارتها وممارسة رياضة المشى 👌👌,Yanbu,حديقة,,,,,1,1,reviews_zenodo,,https://zenodo.org/records/16924532,static,,2026-09-13T06:19:18.696424+00:00,False
reviews_02816,حديقة الفيروز,,جميله ونظيفه و يوجد بها مصلى و دورات مياه,Yanbu,حديقة,,1,1,,1,,reviews_zenodo,,https://zenodo.org/records/16924532,static,,2026-09-13T06:19:18.696424+00:00,False
reviews_02817,حديقة الفيروز,,هيه جميله ونظيفه ينقصها الرش لان بها بعوض واجد,Yanbu,حديقة,,1,1,,,,reviews_zenodo,,https://zenodo.org/records/16924532,static,,2026-09-13T06:19:18.696424+00:00,False
reviews_02818,حديقة الفيروز,,جميلة مكتملة المرافق و نظيفة و تحتوي على مجموعتين من الألعاب و بها خريطة المملكة ممثلة في منتصفها,Yanbu,حديقة,1,1,1,,1,,reviews_zenodo,,https://zenodo.org/records/16924532,static,,2026-09-13T06:19:18.696424+00:00,False
reviews_02819,حديقة الفيروز,,حديقة جميلة لكن تحتاج الى توفير مزيد من الخدمات,Yanbu,حديقة,,,-1,,1,,reviews_zenodo,,https://zenodo.org/records/16924532,static,,2026-09-13T06:19:18.696424+00:00,False
reviews_02820,حديقة الفيروز,,المكان الصراحه جميلل ومنااااظر خلابه وهااادي ومريح جدا ينبع كلها ع بعضها عجبتني شوارع نظيفه واماكنها وتلق لق ماشاء الله,Yanbu,حديقة,,1,,,1,,reviews_zenodo,,https://zenodo.org/records/16924532,static,,2026-09-13T06:19:18.696424+00:00,False
reviews_02821,حديقة الفيروز,,حديقة رائعة بالفعل ، العاب الاطفال جميلة,Yanbu,حديقة,,,1,,1,,reviews_zenodo,,https://zenodo.org/records/16924532,static,,2026-09-13T06:19:18.696424+00:00,False
reviews_02822,حديقة الفيروز,,هادئة جميلة ورائعة ونظيفة,Yanbu,حديقة,,1,,,1,,reviews_zenodo,,https://zenodo.org/records/16924532,static,,2026-09-13T06:19:18.696424+00:00,False
reviews_02823,حديقة الفيروز,,حديقة ممتازة ومميزة جدا ونظيفة.,Yanbu,حديقة,,1,,,1,,reviews_zenodo,,https://zenodo.org/records/16924532,static,,2026-09-13T06:19:18.696424+00:00,False
reviews_02824,حديقة الفيروز,,حديقه جميله ونظيفه ومرتبه,Yanbu,حديقة,,1,,,1,,reviews_zenodo,,https://zenodo.org/records/16924532,static,,2026-09-13T06:19:18.696424+00:00,False
reviews_02825,حديقة الفيروز,,جميله جدا وهادئة .. وبها العاب للاطفال,Yanbu,حديقة,,,1,,1,,reviews_zenodo,,https://zenodo.org/records/16924532,static,,2026-09-13T06:19:18.696424+00:00,False
reviews_02826,حديقة الفيروز,,المكان حلو لكن مافيه مكان للجلسه العائليه,Yanbu,حديقة,,,-1,,1,,reviews_zenodo,,https://zenodo.org/records/16924532,static,,2026-09-13T06:19:18.696424+00:00,False
reviews_02827,حديقة الفيروز,,حديقة جميلة تحتاج للمزيد من الخدمات,Yanbu,حديقة,,,-1,,1,,reviews_zenodo,,https://zenodo.org/records/16924532,static,,2026-09-13T06:19:18.696424+00:00,False
reviews_02828,حديقة الفيروز,,حديقة هادئة نظيفة أنصح بزيارتها في المساء,Yanbu,حديقة,,1,,,1,,reviews_zenodo,,https://zenodo.org/records/16924532,static,,2026-09-13T06:19:18.696424+00:00,False
reviews_02829,حديقة الفيروز,,جنان انصحكم بزيارتها,Yanbu,حديقة,,,,,1,1,reviews_zenodo,,https://zenodo.org/records/16924532,static,,2026-09-13T06:19:18.696424+00:00,False
reviews_02830,حديقة الفيروز,,جيد جدا انصح بزيارته,Yanbu,حديقة,,,,,1,1,reviews_zenodo,,https://zenodo.org/records/16924532,static,,2026-09-13T06:19:18.696424+00:00,False
reviews_02831,حديقة الفيروز,,حديقه جميله ونظيفه وتستحق الزياره,Yanbu,حديقة,,1,,,1,1,reviews_zenodo,,https://zenodo.org/records/16924532,static,,2026-09-13T06:19:18.696424+00:00,False
reviews_02832,حديقة الفيروز,,خدمات متكاملة ونظافة وتستحق ا,Yanbu,حديقة,,1,1,,,,reviews_zenodo,,https://zenodo.org/records/16924532,static,,2026-09-13T06:19:18.696424+00:00,False
reviews_02833,حديقة الفيروز,,جدا جدا جميل ونظافه,Yanbu,حديقة,,1,,,1,,reviews_zenodo,,https://zenodo.org/records/16924532,static,,2026-09-13T06:19:18.696424+00:00,False
reviews_02834,حديقة الفيروز,,موقع مميز وخدمات متكاملة,Yanbu,حديقة,,,1,,1,,reviews_zenodo,,https://zenodo.org/records/16924532,static,,2026-09-13T06:19:18.696424+00:00,False
reviews_02835,حديقة الفيروز,,مرتبة ونظيفة ينقصها انت تكون مزروعة بشكل كامل,Yanbu,حديقة,,1,,,1,,reviews_zenodo,,https://zenodo.org/records/16924532,static,,2026-09-13T06:19:18.696424+00:00,False
reviews_02836,حديقة الفيروز,,حديقة كبيرة وجميله ويجد بها خدمات,Yanbu,حديقة,,,1,,1,,reviews_zenodo,,https://zenodo.org/records/16924532,static,,2026-09-13T06:19:18.696424+00:00,False
reviews_02837,حديقة الفيروز,,جميلة جدا ونظيفه,Yanbu,حديقة,,1,,,1,,reviews_zenodo,,https://zenodo.org/records/16924532,static,,2026-09-13T06:19:18.696424+00:00,False
reviews_02838,حديقة الفيروز,,رائعة ونظيفة,Yanbu,حديقة,,1,,,1,,reviews_zenodo,,https://zenodo.org/records/16924532,static,,2026-09-13T06:19:18.696424+00:00,False
reviews_02839,حديقة الفيروز,,صغيرة ونظيفةوهادئة وفيها العاب قليلة,Yanbu,حديقة,,1,0,,0,,reviews_zenodo,,https://zenodo.org/records/16924532,static,,2026-09-13T06:19:18.696424+00:00,False
reviews_02840,حديقة الفيروز,,حديقة نظيفة للطلعات لكن خدماتها قليلة,Yanbu,حديقة,,1,-1,,,,reviews_zenodo,,https://zenodo.org/records/16924532,static,,2026-09-13T06:19:18.696424+00:00,False
reviews_02841,حديقة الفنون الخضراء,,مكان جميل لمجسمات الحيوانات و الحشرات بالشجر ❤️ الدخول مجاني ممكن تقضون فيه ١٠ دقائق الى ربع ساعه,مدينة الملك عبد الله الاقتصادية,حديقة,1,,1,,1,,reviews_zenodo,,https://zenodo.org/records/16924532,static,,2026-09-13T06:19:18.696424+00:00,False
reviews_02842,حديقة الفنون الخضراء,,حديقه صغيره داخل مدينة الملك عبدالله مرتبه ومنظمه ونظيفه 👍 فيها مجسمات بالشجر والزهور بطريقه مبتكره للحيوانات والحشرات,مدينة الملك عبد الله الاقتصادية,حديقة,,1,1,,1,,reviews_zenodo,,https://zenodo.org/records/16924532,static,,2026-09-13T06:19:18.696424+00:00,False
reviews_02843,حديقة الفنون الخضراء,,المكان جميل مطل على البحر ، لكن لا انصح ان يتم قصدها من مكان بعيد ، اجمالا المكان نظيف وجميل لكن لا انصح بقطع مسافات كبيرة للوصول اليها .,مدينة الملك عبد الله الاقتصادية,حديقة,,1,,,1,0,reviews_zenodo,,https://zenodo.org/records/16924532,static,,2026-09-13T06:19:18.696424+00:00,False
reviews_02844,حديقة الفنون الخضراء,,حديقة صغيره جميلة فيها مجسمات لحيوانات من الشجر وورود مناسبه للاطفال,مدينة الملك عبد الله الاقتصادية,حديقة,,,1,,1,,reviews_zenodo,,https://zenodo.org/records/16924532,static,,2026-09-13T06:19:18.696424+00:00,False
reviews_02845,حديقة الفنون الخضراء,,الحديقة المجسمات فيها بالأشجار ماشاءالله أبدع فيها مين سواها فيها مجسم الفيل والجمل والحوت والقرش والتمساح وفرس النهر وعقرب وعنكبوت ودلفين وأسد وزرافة الحديقة صغيرة,مدينة الملك عبد الله الاقتصادية,حديقة,,,1,,1,,reviews_zenodo,,https://zenodo.org/records/16924532,static,,2026-09-13T06:19:18.696424+00:00,False
reviews_02846,حديقة الفنون الخضراء,,تجربة فريدة من نوعها ... الموقع مختلف ومميز بحداثته وعصريته وتصاميمه ❤️👌🏼,مدينة الملك عبد الله الاقتصادية,حديقة,,,,,1,1,reviews_zenodo,,https://zenodo.org/records/16924532,static,,2026-09-13T06:19:18.696424+00:00,False
reviews_02847,حديقة الفنون الخضراء,,مكان رائع وهادئ والمناظر خلابه ومنظر الطبيعه رائع جدا يوجد أماكن مناسبه للعائلات والأطفال واماكن لعب للأطفال,مدينة الملك عبد الله الاقتصادية,حديقة,,,1,,1,,reviews_zenodo,,https://zenodo.org/records/16924532,static,,2026-09-13T06:19:18.696424+00:00,False
reviews_02848,حديقة الفنون الخضراء,,مكان جميل جدا وهادئ أنصح له الزيارة وخاصتا اللي عنده أطفال,مدينة الملك عبد الله الاقتصادية,حديقة,,,,,1,,reviews_zenodo,,https://zenodo.org/records/16924532,static,,2026-09-13T06:19:18.696424+00:00,False
reviews_02849,حديقة الفنون الخضراء,,المكان جميل وفبه خصوصيه جيدة.. لكن رسوم الدخول مرتفعه جدا,مدينة الملك عبد الله الاقتصادية,حديقة,-1,,,,1,,reviews_zenodo,,https://zenodo.org/records/16924532,static,,2026-09-13T06:19:18.696424+00:00,False
reviews_02850,جمان بارك,,مكان جميل ومرتب ونظيف لازم تجربون السكوترات,مدينة الملك عبد الله الاقتصادية,حديقة,,1,,,1,,reviews_zenodo,,https://zenodo.org/records/16924532,static,,2026-09-13T06:19:18.696424+00:00,False
reviews_02851,جمان بارك,,حديقه ع البحر متكامله الخدمات مكان رائع للاستجمام انصح بالمكان وقت الشتاء 🇸🇦,مدينة الملك عبد الله الاقتصادية,حديقة,,,1,,1,,reviews_zenodo,,https://zenodo.org/records/16924532,static,,2026-09-13T06:19:18.696424+00:00,False
reviews_02852,جمان بارك,,رايق وجميل فيه جلسات ومسطحات خضراء وألعاب أطفال متنوعة ودورات مياة وامتداده ممشى جميل ع المارينا,مدينة الملك عبد الله الاقتصادية,حديقة,,,1,,1,,reviews_zenodo,,https://zenodo.org/records/16924532,static,,2026-09-13T06:19:18.696424+00:00,False
reviews_02853,جمان بارك,,حديقه جميله على المرسى. وجود اماكن للجلوس واماكن لعب كره السله,مدينة الملك عبد الله الاقتصادية,حديقة,,,1,,1,,reviews_zenodo,,https://zenodo.org/records/16924532,static,,2026-09-13T06:19:18.696424+00:00,False
reviews_02854,جمان بارك,,نظافة شاملة مساحات خضراء واسعة . توفر انشطة حركية للاطفال كملعب الغولف وملعب السلة والطائرة(برسوم). ...,مدينة الملك عبد الله الاقتصادية,حديقة,,1,1,,1,,reviews_zenodo,,https://zenodo.org/records/16924532,static,,2026-09-13T06:19:18.696424+00:00,False
reviews_02855,جمان بارك,,حديقه حلوه يوجد بها ملاعب والالعاب للاطفال على المارينا,مدينة الملك عبد الله الاقتصادية,حديقة,,,1,,1,,reviews_zenodo,,https://zenodo.org/records/16924532,static,,2026-09-13T06:19:18.696424+00:00,False
reviews_02856,جمان بارك,,حديقة جميلة ومرتبه وفيها أنشطة منوعة,مدينة الملك عبد الله الاقتصادية,حديقة,,,1,,1,,reviews_zenodo,,https://zenodo.org/records/16924532,static,,2026-09-13T06:19:18.696424+00:00,False
reviews_02857,جمان بارك,,أول مرة أزور هذا المكان ، بصراحة راقي جدا ، تنظيم وترتيب وتنسيق حدائق رائع واهتمام بأدق التفاصيل .,مدينة الملك عبد الله الاقتصادية,حديقة,,,,,1,1,reviews_zenodo,,https://zenodo.org/records/16924532,static,,2026-09-13T06:19:18.696424+00:00,False
reviews_02858,جمان بارك,,مدينة الملك عبدالله مدينة رائعة ومنتزهات رائعة لكن يعيبها الرطوبة الشديدة انصح بها جدا وقت الشتاء,مدينة الملك عبد الله الاقتصادية,حديقة,,,,,1,-1,reviews_zenodo,,https://zenodo.org/records/16924532,static,,2026-09-13T06:19:18.696424+00:00,False
reviews_02859,جمان بارك,,المكان رائع و الممشى رهيب توجد انشطة مميزة واماكن العاب للاطفال. وقت البرد هذا المكان أفضل من الكورنيش لانه أدفى و بعيد عن الهواء و الرياح. دورات المياه نظيفة وتنظف باستمرار. ...,مدينة الملك عبد الله الاقتصادية,حديقة,,1,1,,1,1,reviews_zenodo,,https://zenodo.org/records/16924532,static,,2026-09-13T06:19:18.696424+00:00,False
reviews_02860,جمان بارك,,حديقة جميلة تقع في مدينة الملك عبدالله الاقتصادية وفيها مسطحات خضراء وحمام رجال وحمام نساء ومجهزة لخدمة ذوي الاحتياجات الخاصة وايضا العاب للاطفال والعاب نوافير لاستحمام الاطفال في الهواء الطلق وايضا الحديقة ذات اطلالة على المارينا ومقابل ...,مدينة الملك عبد الله الاقتصادية,حديقة,,,1,,1,,reviews_zenodo,,https://zenodo.org/records/16924532,static,,2026-09-13T06:19:18.696424+00:00,False
reviews_02861,جمان بارك,,المكان حلو في الشتاء بس عيبه المواقف بفلوس وهذا عيب كبير,مدينة الملك عبد الله الاقتصادية,حديقة,-1,,,,1,,reviews_zenodo,,https://zenodo.org/records/16924532,static,,2026-09-13T06:19:18.696424+00:00,False
reviews_02862,جمان بارك,,هذه الحديقة الجميلة تحتوي ألعاب أطفال، وحمامات عامة للرجال والنساء، ولعبة متاهة لطيفة للأطفال من خلال الأشجار. لفت انتباهي عدم وجود ناموس ما شاء الله.,مدينة الملك عبد الله الاقتصادية,حديقة,,,1,,1,,reviews_zenodo,,https://zenodo.org/records/16924532,static,,2026-09-13T06:19:18.696424+00:00,False
reviews_02863,جمان بارك,,جدا جميل وهادي ونظيف عالم آخر,مدينة الملك عبد الله الاقتصادية,حديقة,,1,,,1,,reviews_zenodo,,https://zenodo.org/records/16924532,static,,2026-09-13T06:19:18.696424+00:00,False
reviews_02864,جمان بارك,,مكان جميل ونظيف وفيه اماكن عائلية وترفيهية جميلة مثل الجولف ..,مدينة الملك عبد الله الاقتصادية,حديقة,,1,,,1,,reviews_zenodo,,https://zenodo.org/records/16924532,static,,2026-09-13T06:19:18.696424+00:00,False
reviews_02865,جمان بارك,,مكان مميز للعايله يجتمع فيه الهدوء وخضرة المكان والبحر مواقف السياره ب ٣٠ ريال لكامل اليوم ضروري تاخذ احتياطك من اكل وشرب لانها بعيده وغاليه زيارتي جميله وسوف اكرر التجربة .,مدينة الملك عبد الله الاقتصادية,حديقة,-1,,1,,1,1,reviews_zenodo,,https://zenodo.org/records/16924532,static,,2026-09-13T06:19:18.696424+00:00,False
reviews_02866,جمان بارك,,حديقه جميله ومرتبه واهم شي نظيفه مناسب للاطفال,مدينة الملك عبد الله الاقتصادية,حديقة,,1,,,1,,reviews_zenodo,,https://zenodo.org/records/16924532,static,,2026-09-13T06:19:18.696424+00:00,False
reviews_02867,جمان بارك,,حديقة جميلة جدا ونظيفة فيها منطقة العاب اطفال ومسطحات خضراء ومارينا وملعب قولف الكل يسعد فيها,مدينة الملك عبد الله الاقتصادية,حديقة,,1,1,,1,,reviews_zenodo,,https://zenodo.org/records/16924532,static,,2026-09-13T06:19:18.696424+00:00,False
reviews_02868,جمان بارك,,نظافة وشي مرتب من الآخر,مدينة الملك عبد الله الاقتصادية,حديقة,,1,,,1,,reviews_zenodo,,https://zenodo.org/records/16924532,static,,2026-09-13T06:19:18.696424+00:00,False
reviews_02869,جمان بارك,,مكانةجميل جدا اتمنى توفير دورات مياه رجال,مدينة الملك عبد الله الاقتصادية,حديقة,,,-1,,1,,reviews_zenodo,,https://zenodo.org/records/16924532,static,,2026-09-13T06:19:18.696424+00:00,False
reviews_02870,جمان بارك,,جميل ورائع نظافه وهدوء ينشرح الصدر,مدينة الملك عبد الله الاقتصادية,حديقة,,1,,,1,,reviews_zenodo,,https://zenodo.org/records/16924532,static,,2026-09-13T06:19:18.696424+00:00,False
reviews_02871,جمان بارك,,من احلى الاماكن مدينة الملك عبد الله الاقتصادية اللي يزور جدة لازم يزور المدينة نظافة ورقي واهتمام ومناظر تسر الناظرين,مدينة الملك عبد الله الاقتصادية,حديقة,,1,,,1,1,reviews_zenodo,,https://zenodo.org/records/16924532,static,,2026-09-13T06:19:18.696424+00:00,False
reviews_02872,جمان بارك,,منطقة جميلة تحتوي على ملعب قولف وملاهي اطفال ومرسى القوارب,مدينة الملك عبد الله الاقتصادية,حديقة,,,1,,1,,reviews_zenodo,,https://zenodo.org/records/16924532,static,,2026-09-13T06:19:18.696424+00:00,False
reviews_02873,جمان بارك,,المكان حلو وهادي والبحر يفتح النفس .. ينقصه انشطه وفعاليات وخدمات ويكون بيرفكت,مدينة الملك عبد الله الاقتصادية,حديقة,,,-1,,1,,reviews_zenodo,,https://zenodo.org/records/16924532,static,,2026-09-13T06:19:18.696424+00:00,False
reviews_02874,جمان بارك,,حديقة جميلة تستاهل الزيارة,مدينة الملك عبد الله الاقتصادية,حديقة,,,,,1,1,reviews_zenodo,,https://zenodo.org/records/16924532,static,,2026-09-13T06:19:18.696424+00:00,False
reviews_02875,جمان بارك,,جميلة ونظيفة وأجواء خرافية +الشتاء اووووف يالطيف,مدينة الملك عبد الله الاقتصادية,حديقة,,1,,,1,,reviews_zenodo,,https://zenodo.org/records/16924532,static,,2026-09-13T06:19:18.696424+00:00,False
reviews_02876,جمان بارك,,حديقه جميله جدا و نظيفه مره,مدينة الملك عبد الله الاقتصادية,حديقة,,1,,,1,,reviews_zenodo,,https://zenodo.org/records/16924532,static,,2026-09-13T06:19:18.696424+00:00,False
reviews_02877,جمان بارك,,مكان جميل احب اعيد الزياره له مره اخرى,مدينة الملك عبد الله الاقتصادية,حديقة,,,,,1,1,reviews_zenodo,,https://zenodo.org/records/16924532,static,,2026-09-13T06:19:18.696424+00:00,False
reviews_02878,جمان بارك,,منطقة مفتوحة توفر العاب جميلة للاطفال ومساحات للجلوس وممارسة الرياضات المختلفة مع اطلالة جميلة على البحر ووالقوارب,مدينة الملك عبد الله الاقتصادية,حديقة,,,1,,1,,reviews_zenodo,,https://zenodo.org/records/16924532,static,,2026-09-13T06:19:18.696424+00:00,False
reviews_02879,جمان بارك,,؛ حديقة جميلة ورائعة بمدينة الملك عبدالله الاقتصادية فيها العديد من النشاطات والفعاليات الجميلة وبعضها برسوم رمزية.. وهي مكان مناسب للأطفال وتقام بها فعاليات جميلة في أيام المهرجانات والمواسم.. وقد أضفت الحديقة البهجة والسرور لزوار وسكان مدينة الملك عبدالله الاقتصادية فانصح الجميع بزيارتها والاستمتاع بها،،،،,مدينة الملك عبد الله الاقتصادية,حديقة,1,,1,,1,,reviews_zenodo,,https://zenodo.org/records/16924532,static,,2026-09-13T06:19:18.696424+00:00,False
reviews_02880,جمان بارك,,مكان نظييييف ومرتب اشكركم على الاهتمام,مدينة الملك عبد الله الاقتصادية,حديقة,,1,,,1,,reviews_zenodo,,https://zenodo.org/records/16924532,static,,2026-09-13T06:19:18.696424+00:00,False
reviews_02881,جمان بارك,,مرتبة ونظيفة ومناسبة للأطفال,مدينة الملك عبد الله الاقتصادية,حديقة,,1,,,1,,reviews_zenodo,,https://zenodo.org/records/16924532,static,,2026-09-13T06:19:18.696424+00:00,False
reviews_02882,جمان بارك,,ممتاز جدا وانصح بالزياره والاستمتاع بابدعات المكان,مدينة الملك عبد الله الاقتصادية,حديقة,,,,,1,1,reviews_zenodo,,https://zenodo.org/records/16924532,static,,2026-09-13T06:19:18.696424+00:00,False
reviews_02883,جمان بارك,,مكان رائع وهادي وجميل😍 اتمنى التنظيف المستمر لدورات المياة,مدينة الملك عبد الله الاقتصادية,حديقة,,0,,,1,,reviews_zenodo,,https://zenodo.org/records/16924532,static,,2026-09-13T06:19:18.696424+00:00,False
reviews_02884,جمان بارك,,من أجمل الأماكن وأنظفها,مدينة الملك عبد الله الاقتصادية,حديقة,,1,,,1,,reviews_zenodo,,https://zenodo.org/records/16924532,static,,2026-09-13T06:19:18.696424+00:00,False
reviews_02885,جمان بارك,,المكان واسع ونظيف والالعاب متميزة والمناظر رائعة,مدينة الملك عبد الله الاقتصادية,حديقة,,1,1,,1,,reviews_zenodo,,https://zenodo.org/records/16924532,static,,2026-09-13T06:19:18.696424+00:00,False
reviews_02886,جمان بارك,,المكان جميل كانت زيارتي له في الليل هادي فيه مراجيح مضيئة والعاب إضائه جميله ومنطقة العاب اطفال ومطل على مرسى اليخوت تمنيت لو زرته بالنهار ...,مدينة الملك عبد الله الاقتصادية,حديقة,,,1,,1,,reviews_zenodo,,https://zenodo.org/records/16924532,static,,2026-09-13T06:19:18.696424+00:00,False
reviews_02887,جمان بارك,,مكان جميل ورائع وخضرة ووجه حسن المكان انا زرته جميل جدا جدا,مدينة الملك عبد الله الاقتصادية,حديقة,,,,,1,1,reviews_zenodo,,https://zenodo.org/records/16924532,static,,2026-09-13T06:19:18.696424+00:00,False
reviews_02888,جمان بارك,,مكان هادي ورومنسي جدا ونظيف جدا ولاكن لايوجد خدمات مثل السوبر ماركت والصيدليات ومثلها على مرتاديه اخذ الاحتياطات,مدينة الملك عبد الله الاقتصادية,حديقة,,1,1,,1,,reviews_zenodo,,https://zenodo.org/records/16924532,static,,2026-09-13T06:19:18.696424+00:00,False
reviews_02889,جمان بارك,,حديقة فقط.. جميلة وهادئة لكن مشكلتها مافيه خدمات أبدا اي احد يحتاج مويه او اكل للأطفال لازم يطلع بسيارته للمحلات القريبة ودورات المياة غير نظيفة أبدا,مدينة الملك عبد الله الاقتصادية,حديقة,,-1,-1,,1,,reviews_zenodo,,https://zenodo.org/records/16924532,static,,2026-09-13T06:19:18.696424+00:00,False
reviews_02890,جمان بارك,,مكان رائع وجميل ونظيف تحتاج لزيارته لقضاء اوقات ممتعه,مدينة الملك عبد الله الاقتصادية,حديقة,,1,,,1,,reviews_zenodo,,https://zenodo.org/records/16924532,static,,2026-09-13T06:19:18.696424+00:00,False
reviews_02891,جمان بارك,,مكان جميل وهادي ويوجد اللعاب للاطفال,مدينة الملك عبد الله الاقتصادية,حديقة,,,1,,1,,reviews_zenodo,,https://zenodo.org/records/16924532,static,,2026-09-13T06:19:18.696424+00:00,False
reviews_02892,جمان بارك,,مكان جدا جميل وهاديء استمتعنا به واطفالنا .. ولكن يفتقر الى اكشاك يبيع فيها الماء والحلويات والعصائر .. وبإذن الله نكرر الزيارة ..,مدينة الملك عبد الله الاقتصادية,حديقة,,,-1,,1,1,reviews_zenodo,,https://zenodo.org/records/16924532,static,,2026-09-13T06:19:18.696424+00:00,False
reviews_02893,جمان بارك,,نظيفه وجميله,مدينة الملك عبد الله الاقتصادية,حديقة,,1,,,1,,reviews_zenodo,,https://zenodo.org/records/16924532,static,,2026-09-13T06:19:18.696424+00:00,False
reviews_02894,جمان بارك,,جلسات ممتازه للعوائل ومنطقه للالعاب الأطفال المنطقه هادئه جدآ ويوجد مطاعم بالقرب منها,مدينة الملك عبد الله الاقتصادية,حديقة,,,1,,1,,reviews_zenodo,,https://zenodo.org/records/16924532,static,,2026-09-13T06:19:18.696424+00:00,False
reviews_02895,جمان بارك,,مكان جميل وهادى نظيف مرتب يوجد العاب اطفال والعاب مائية للاطفال,مدينة الملك عبد الله الاقتصادية,حديقة,,1,1,,1,,reviews_zenodo,,https://zenodo.org/records/16924532,static,,2026-09-13T06:19:18.696424+00:00,False
reviews_02896,جمان بارك,,مكان جدا جدا جميل ورائع ومرتب ونظيف وصراحه واجهه حضاريه امام الزوار كورنيش نظيف ومرتب ووسيع جدا مساحات مسطحه العاب اطفال ...,مدينة الملك عبد الله الاقتصادية,حديقة,,1,1,,1,,reviews_zenodo,,https://zenodo.org/records/16924532,static,,2026-09-13T06:19:18.696424+00:00,False
reviews_02897,جمان بارك,,نظيفة و جميلة ومتنوعة الأنشطة,مدينة الملك عبد الله الاقتصادية,حديقة,,1,1,,1,,reviews_zenodo,,https://zenodo.org/records/16924532,static,,2026-09-13T06:19:18.696424+00:00,False
reviews_02898,جمان بارك,,ترتيب جميل ورائع ولاكن الألعاب المائية بدائيه جدا. مره واحده فقط زرتها ولا أود تكرارها,مدينة الملك عبد الله الاقتصادية,حديقة,,,-1,,1,-1,reviews_zenodo,,https://zenodo.org/records/16924532,static,,2026-09-13T06:19:18.696424+00:00,False
reviews_02899,جمان بارك,,مكان رائع هادئ جميل نظيف .... لا يوجد ماركت إلا في بندة يبعد قريب عشر دقايق في السيارة,مدينة الملك عبد الله الاقتصادية,حديقة,,1,0,,1,,reviews_zenodo,,https://zenodo.org/records/16924532,static,,2026-09-13T06:19:18.696424+00:00,False
reviews_02900,جمان بارك,,جمييييييل جدا المكان يستحق الزياره,مدينة الملك عبد الله الاقتصادية,حديقة,,,,,1,1,reviews_zenodo,,https://zenodo.org/records/16924532,static,,2026-09-13T06:19:18.696424+00:00,False
reviews_02901,جمان بارك,,من المنتزهات الجميله التي انصح بزيارتها,مدينة الملك عبد الله الاقتصادية,حديقة,,,,,1,1,reviews_zenodo,,https://zenodo.org/records/16924532,static,,2026-09-13T06:19:18.696424+00:00,False
reviews_02902,جمان بارك,,انصح بزيارته وتجربته فريده 😍في الفتره الصباحية بالنسبه لي مره روعه,مدينة الملك عبد الله الاقتصادية,حديقة,,,,,1,1,reviews_zenodo,,https://zenodo.org/records/16924532,static,,2026-09-13T06:19:18.696424+00:00,False
reviews_02903,جمان بارك,,جميل وفنان لكن مازال بالبداية وانصح الجميع بزيارته,مدينة الملك عبد الله الاقتصادية,حديقة,,,,,1,1,reviews_zenodo,,https://zenodo.org/records/16924532,static,,2026-09-13T06:19:18.696424+00:00,False
reviews_02904,جمان بارك,,تجربة مميزة وحدائق ممتازة مطلة على المرفأ والتصميم اكثر من رائع أنصح بها للعائلات والاطفال بشدة,مدينة الملك عبد الله الاقتصادية,حديقة,,,1,,1,1,reviews_zenodo,,https://zenodo.org/records/16924532,static,,2026-09-13T06:19:18.696424+00:00,False
reviews_02905,جمان بارك,,مكان مرتب جميل العاب مميزة للأطفال دورات المياه تحتاج القليل من العناية فقط,مدينة الملك عبد الله الاقتصادية,حديقة,,,0,,1,,reviews_zenodo,,https://zenodo.org/records/16924532,static,,2026-09-13T06:19:18.696424+00:00,False
reviews_02906,جمان بارك,,احلى موقع متكامل والعاب جميله ولطيفه للاطفال,مدينة الملك عبد الله الاقتصادية,حديقة,,,1,,1,,reviews_zenodo,,https://zenodo.org/records/16924532,static,,2026-09-13T06:19:18.696424+00:00,False
reviews_02907,جمان بارك,,مكان جميل وتقام فيه فعاليات جميلة جدا,مدينة الملك عبد الله الاقتصادية,حديقة,,,1,,1,,reviews_zenodo,,https://zenodo.org/records/16924532,static,,2026-09-13T06:19:18.696424+00:00,False
reviews_02908,جمان بارك,,مكان جميل جدا ..نظافه هدوء نظام ..روعة بمعنى الكلمه ..,مدينة الملك عبد الله الاقتصادية,حديقة,,1,,,1,,reviews_zenodo,,https://zenodo.org/records/16924532,static,,2026-09-13T06:19:18.696424+00:00,False
reviews_02909,جمان بارك,,مكان اكثر من رائع والمرافق مهيئه على مستوى راقي,مدينة الملك عبد الله الاقتصادية,حديقة,,,1,,1,,reviews_zenodo,,https://zenodo.org/records/16924532,static,,2026-09-13T06:19:18.696424+00:00,False
reviews_02910,جمان بارك,,حديقة جمان بارك من اجمل الحدائق القريبة من فندق البيلسان وفيوز وبها جلسات ونادي رياضي والمسبح وتمتاز بقربها من مرسئ البيلسان,مدينة الملك عبد الله الاقتصادية,حديقة,,,1,,1,,reviews_zenodo,,https://zenodo.org/records/16924532,static,,2026-09-13T06:19:18.696424+00:00,False
reviews_02911,جمان بارك,,المكان جميل ومرتب ونظيف يحتوي على دورات مياه ومطاعم ومسطحات خضراء,مدينة الملك عبد الله الاقتصادية,حديقة,,1,1,,1,,reviews_zenodo,,https://zenodo.org/records/16924532,static,,2026-09-13T06:19:18.696424+00:00,False
reviews_02912,جمان بارك,,روووعة المكان نظافة وخدمات ويجب الحجز مسبقا من النت,مدينة الملك عبد الله الاقتصادية,حديقة,,1,1,,1,,reviews_zenodo,,https://zenodo.org/records/16924532,static,,2026-09-13T06:19:18.696424+00:00,False
reviews_02913,جمان بارك,,مكان مميز يحوي ممشى بحري والعاب للاطفال ومطاعم ودورات مياه,مدينة الملك عبد الله الاقتصادية,حديقة,,,1,,1,,reviews_zenodo,,https://zenodo.org/records/16924532,static,,2026-09-13T06:19:18.696424+00:00,False
reviews_02914,جمان بارك,,منتزه جمان رائع ومرتب ولكن أسعار الدخول غالية جدا ..,مدينة الملك عبد الله الاقتصادية,حديقة,-1,,,,1,,reviews_zenodo,,https://zenodo.org/records/16924532,static,,2026-09-13T06:19:18.696424+00:00,False
reviews_02915,جمان بارك,,المكان هادئ وجميل جدا ونظيف ومرتب كانت تجربة ممتازة جدا,مدينة الملك عبد الله الاقتصادية,حديقة,,1,,,1,1,reviews_zenodo,,https://zenodo.org/records/16924532,static,,2026-09-13T06:19:18.696424+00:00,False
reviews_02916,جمان بارك,,اسلوب راقي و فخامه... ملاعب نظيفه. تنظيم ترتيب ونظافه,مدينة الملك عبد الله الاقتصادية,حديقة,,1,1,,1,,reviews_zenodo,,https://zenodo.org/records/16924532,static,,2026-09-13T06:19:18.696424+00:00,False
reviews_02917,جمان بارك,,لأنه يمتاز بجمال المكان من حيث الخضرة والماء والهدوء وكذلك هو مخصص لجميع الأعمار . . لاحتوائه منطقة ألعاب للصغار وملعب قولف للكبار والصغار وكذلك به مسبح وملاصق جلسات المطاعم والمقهى .,مدينة الملك عبد الله الاقتصادية,حديقة,,,1,,1,,reviews_zenodo,,https://zenodo.org/records/16924532,static,,2026-09-13T06:19:18.696424+00:00,False
reviews_02918,جمان بارك,,جميلة فيها العاب للاطفال -مسبح - مينى قولف,مدينة الملك عبد الله الاقتصادية,حديقة,,,1,,1,,reviews_zenodo,,https://zenodo.org/records/16924532,static,,2026-09-13T06:19:18.696424+00:00,False
reviews_02919,جمان بارك,,يمتاز بهدوء المكان وجماله ونظافته.. مطلات جميلة وحالمة .. تتوفر فيه ألعاب أطفال وجلسات عامة ...,مدينة الملك عبد الله الاقتصادية,حديقة,,1,1,,1,,reviews_zenodo,,https://zenodo.org/records/16924532,static,,2026-09-13T06:19:18.696424+00:00,False
reviews_02920,جمان بارك,,من اروع الاماكن التي زرتها تتميز بالنظافة والهدؤ والنظام,مدينة الملك عبد الله الاقتصادية,حديقة,,1,,,1,1,reviews_zenodo,,https://zenodo.org/records/16924532,static,,2026-09-13T06:19:18.696424+00:00,False
reviews_02921,جمان بارك,,مكان رائع وهادئ وبه ألعاب أطفال مميزة,مدينة الملك عبد الله الاقتصادية,حديقة,,,1,,1,,reviews_zenodo,,https://zenodo.org/records/16924532,static,,2026-09-13T06:19:18.696424+00:00,False
reviews_02922,جمان بارك,,حديقة جميلة ومنظمة فيها ألعاب أطفال و ملعب كرة سلة وملعب جولف مصغر و مطلة على البحر,مدينة الملك عبد الله الاقتصادية,حديقة,,,1,,1,,reviews_zenodo,,https://zenodo.org/records/16924532,static,,2026-09-13T06:19:18.696424+00:00,False
reviews_02923,جمان بارك,,نظيف وبه العاب ممتعه للاطفال لكن يفتقر للمطاعم لو حتى كوشك لشراء الماء او الحلوى....ساكرر الزياره ان شاءالله,مدينة الملك عبد الله الاقتصادية,حديقة,,1,0,,1,1,reviews_zenodo,,https://zenodo.org/records/16924532,static,,2026-09-13T06:19:18.696424+00:00,False
reviews_02924,جمان بارك,,الحديقه ممتازه لكن دورات المياه جدا سيئه لاتوجد بها نظافه استغرب في صرح يعتبر عالمي مثل المدينه الاقتصاديه ان تكون دورات المياه بهذه القذاره,مدينة الملك عبد الله الاقتصادية,حديقة,,-1,,,1,,reviews_zenodo,,https://zenodo.org/records/16924532,static,,2026-09-13T06:19:18.696424+00:00,False
reviews_02925,جمان بارك,,منتزه جميل ورائع جدا ومناسب لكل أفراد العائلة ويوجد دورات مياه في المكان والمطاعم قريبه منه مثل البيك وبيتزاهت وبهار وغيرها,مدينة الملك عبد الله الاقتصادية,حديقة,,,1,,1,,reviews_zenodo,,https://zenodo.org/records/16924532,static,,2026-09-13T06:19:18.696424+00:00,False
reviews_02926,جمان بارك,,من أفضل الأماكن التي تمت زيارتها مؤخرا,مدينة الملك عبد الله الاقتصادية,حديقة,,,,,1,1,reviews_zenodo,,https://zenodo.org/records/16924532,static,,2026-09-13T06:19:18.696424+00:00,False
reviews_02927,جمان بارك,,حديقة جميلة ومرتبة بها الكثير من الفعاليات مثل الدراجات ،ألعاب الأطفال وممشى جميل جدا على البحر وبها جزء خاص بنزلاء فندق البيلسان يحتوى على مسابح للصغار والكبار ،مطعم وملاعب تنس,مدينة الملك عبد الله الاقتصادية,حديقة,,,1,,1,,reviews_zenodo,,https://zenodo.org/records/16924532,static,,2026-09-13T06:19:18.696424+00:00,False
reviews_02928,جمان بارك,,جداااا راىع وهادي حبيته بصراحة,مدينة الملك عبد الله الاقتصادية,حديقة,,,,,1,1,reviews_zenodo,,https://zenodo.org/records/16924532,static,,2026-09-13T06:19:18.696424+00:00,False
reviews_02929,جمان بارك,,جدا جميلة الحديقة مكان يفتح النفس و يجدد النشاط و النفسية,مدينة الملك عبد الله الاقتصادية,حديقة,,,,,1,1,reviews_zenodo,,https://zenodo.org/records/16924532,static,,2026-09-13T06:19:18.696424+00:00,False
reviews_02930,جمان بارك,,رائع و جميل انصح الجميع يزوروه,مدينة الملك عبد الله الاقتصادية,حديقة,,,,,1,1,reviews_zenodo,,https://zenodo.org/records/16924532,static,,2026-09-13T06:19:18.696424+00:00,False
reviews_02931,جمان بارك,,منتزه جميل داخل مدينة الملك عبدالله الاقتصادية على البحر لوجوده على ألعاب للاطفال ودورة مياه ولكن تنقصه خدمات مثل كوفي شوب وغيرها,مدينة الملك عبد الله الاقتصادية,حديقة,,,-1,,1,,reviews_zenodo,,https://zenodo.org/records/16924532,static,,2026-09-13T06:19:18.696424+00:00,False
reviews_02932,جمان بارك,,المكان جددددا جميل ونظيف ومرتب,مدينة الملك عبد الله الاقتصادية,حديقة,,1,,,1,,reviews_zenodo,,https://zenodo.org/records/16924532,static,,2026-09-13T06:19:18.696424+00:00,False
reviews_02933,جمان بارك,,مكان نظيف يستحق الزيارة,مدينة الملك عبد الله الاقتصادية,حديقة,,1,,,,1,reviews_zenodo,,https://zenodo.org/records/16924532,static,,2026-09-13T06:19:18.696424+00:00,False
reviews_02934,جمان بارك,,حديقة جدا جميلة و رائعة ودورات مياه جدا نظيفة واللعاب رائعة,مدينة الملك عبد الله الاقتصادية,حديقة,,1,1,,1,,reviews_zenodo,,https://zenodo.org/records/16924532,static,,2026-09-13T06:19:18.696424+00:00,False
reviews_02935,جمان بارك,,حديقة خوورااففيية 🖤🖤 تستحق المشوار,مدينة الملك عبد الله الاقتصادية,حديقة,,,,,1,1,reviews_zenodo,,https://zenodo.org/records/16924532,static,,2026-09-13T06:19:18.696424+00:00,False
reviews_02936,جمان بارك,,مكان جميل جدا ونظيف,مدينة الملك عبد الله الاقتصادية,حديقة,,1,,,1,,reviews_zenodo,,https://zenodo.org/records/16924532,static,,2026-09-13T06:19:18.696424+00:00,False
reviews_02937,جمان بارك,,حاجة خرافية ماشاء الله . أنصح بزيارتها مليون مرة ..,مدينة الملك عبد الله الاقتصادية,حديقة,,,,,1,1,reviews_zenodo,,https://zenodo.org/records/16924532,static,,2026-09-13T06:19:18.696424+00:00,False
reviews_02938,جمان بارك,,منتزة جميل ونظيف,مدينة الملك عبد الله الاقتصادية,حديقة,,1,,,1,,reviews_zenodo,,https://zenodo.org/records/16924532,static,,2026-09-13T06:19:18.696424+00:00,False
reviews_02939,جمان بارك,,ما شاء الله تبارك الله.. نظيفة ومرتبه وفيها دورات مياة,Tabuk,حديقة,,1,1,,,,reviews_zenodo,,https://zenodo.org/records/16924532,static,,2026-09-13T06:19:18.696424+00:00,False
reviews_02940,جمان بارك,,مكان رووووعة، يستحق الزيارة,Nan,حديقة,,,,,1,1,reviews_zenodo,,https://zenodo.org/records/16924532,static,,2026-09-13T06:19:18.696424+00:00,False
reviews_02941,جمان بارك,,عاديه جددددا والجو م يساعد مرا حر وغير كذا المواقف غاليه,مدينة الملك عبد الله الاقتصادية,حديقة,-1,,,,0,,reviews_zenodo,,https://zenodo.org/records/16924532,static,,2026-09-13T06:19:18.696424+00:00,False
reviews_02942,القرية التراثية في جازان,,مكان سياحي تراثي جميل جدا ومطور ومرتب يستحق الزيارة بجدارة بارك الله جهودكم,Jazan,مكان تراثي وتاريخي,,,,,1,1,reviews_zenodo,,https://zenodo.org/records/16924532,static,,2026-09-13T06:19:18.696424+00:00,False
reviews_02943,القرية التراثية في جازان,,روعه ماشاء الله تبارك الله مكان هاديء ونظيف ومرتب وامام القريه البحر منظر اكثر من رائع يوجد فيه محلات للتسوق يبعون اشياء خاصه بتراث جيزان الموقع جميل ويوجد في المكان مواقف سيارات تتسع لعددكبير الدخول الى القريه التراثيه مجانا لجميع الأعمار ...,Jazan,مكان تراثي وتاريخي,,1,1,,1,,reviews_zenodo,,https://zenodo.org/records/16924532,static,,2026-09-13T06:19:18.696424+00:00,False
reviews_02944,القرية التراثية في جازان,,ماشاء الله راقي و نظيف. الى الأفضل أن شاء الله. اسأل الله العلي القدير التوفيق والنجاح للقائمين على القرية..,Jazan,مكان تراثي وتاريخي,,1,,,,,reviews_zenodo,,https://zenodo.org/records/16924532,static,,2026-09-13T06:19:18.696424+00:00,False
reviews_02945,القرية التراثية في جازان,,مكان هادئ وجميل فيه مباني قديمه لجازان وتحف وملابس قديمه ...,Jazan,مكان تراثي وتاريخي,,,1,,1,,reviews_zenodo,,https://zenodo.org/records/16924532,static,,2026-09-13T06:19:18.696424+00:00,False
reviews_02946,القرية التراثية في جازان,,مكان جدا مميز نرى فيه تراث وثقافة منطقة جازان انصح بزيارته للعوائل وبه سوق شعبي وكذلك يوجد جلسات على البحيرة للوجبات الخفيفه و شرب القهوة و الشاي و العصير,Jazan,مكان تراثي وتاريخي,,,1,,1,,reviews_zenodo,,https://zenodo.org/records/16924532,static,,2026-09-13T06:19:18.696424+00:00,False
reviews_02947,القرية التراثية في جازان,,جميله جدا جدا جدا البائعات في المحلات التراثيه يبعثون السعاده بالطيب والاخلاق والدعوات الجميله صحيح القرية صغيره وتحتاج مطاعم وكوفيات لكن جميله يمكن ان تستغرق من ٤٥ دقيقه الى ساعه في القرية التراثيه الجميله 😍,Jazan,مكان تراثي وتاريخي,,,1,1,1,,reviews_zenodo,,https://zenodo.org/records/16924532,static,,2026-09-13T06:19:18.696424+00:00,False
reviews_02948,القرية التراثية في جازان,,المكان جميل جدا ومرتب وزاد الجمال الاجواء الماطره,Jazan,مكان تراثي وتاريخي,,,,,1,1,reviews_zenodo,,https://zenodo.org/records/16924532,static,,2026-09-13T06:19:18.696424+00:00,False
reviews_02949,القرية التراثية في جازان,,حلوه فيه محلات بيع للزي التراثي بمنطقة جيزان وفيها اشياء حلوه هدايا تذكاريه وفيها مطعم واحد بس انا حبيتها,Jazan,مكان تراثي وتاريخي,,,1,,1,,reviews_zenodo,,https://zenodo.org/records/16924532,static,,2026-09-13T06:19:18.696424+00:00,False
reviews_02950,القرية التراثية في جازان,,حلوه ولطيفه بس السوق الي بها غالي اسعارها مرا مبالغ بسععرر ولما تتفرج على تراث دخول شخص الواحد ٢٠ریال,Jazan,مكان تراثي وتاريخي,-1,,,,1,,reviews_zenodo,,https://zenodo.org/records/16924532,static,,2026-09-13T06:19:18.696424+00:00,False
reviews_02951,القرية التراثية في جازان,,مكان جميل وهادئ يستحق الزيارة واجهة سياحية يحكي تراث جيزان يوجد مطعم ومكان للتسوق,Jazan,مكان تراثي وتاريخي,,,1,,1,1,reviews_zenodo,,https://zenodo.org/records/16924532,static,,2026-09-13T06:19:18.696424+00:00,False
reviews_02952,القرية التراثية في جازان,,مكان جميل جدا لمن يرغب في استحضار ماضي المنطقة العريق ، يحتاج إلى تطوير وإضافة مطاعم وكافيهات خصوصا على الأطراف وداخل السوق الشعبي.,Jazan,مكان تراثي وتاريخي,,,-1,,1,,reviews_zenodo,,https://zenodo.org/records/16924532,static,,2026-09-13T06:19:18.696424+00:00,False
reviews_02953,القرية التراثية في جازان,,جميل ومرتب ونظيف مكان كل عن تراث جيزان,Jazan,مكان تراثي وتاريخي,,1,,,1,,reviews_zenodo,,https://zenodo.org/records/16924532,static,,2026-09-13T06:19:18.696424+00:00,False
reviews_02954,القرية التراثية في جازان,,مكان جميل و ممتع تشاهد فيه كل تراث من المباني الى الحياة اليومية .. يوجد في المواسم الكثير من الفعاليات مثل الرسم الحر و السوق الشعبي و الذي يباع فيه الملابس التقليدية و الاكسسوارات التقليدية أيضا .. ...,Jazan,مكان تراثي وتاريخي,,,1,,1,,reviews_zenodo,,https://zenodo.org/records/16924532,static,,2026-09-13T06:19:18.696424+00:00,False
reviews_02955,القرية التراثية في جازان,,تجربة جميلة انصح بالزيارة,Jazan,مكان تراثي وتاريخي,,,,,1,1,reviews_zenodo,,https://zenodo.org/records/16924532,static,,2026-09-13T06:19:18.696424+00:00,False
reviews_02956,القرية التراثية في جازان,,المكان جدا جميل😍 وتجربة جديدة لزيارة القرية التراثية أهل جازان فيهم الطيب والحبابة والهدوء والإحترام.. تحية طيبة لأهل جازان..✋🏻,Jazan,مكان تراثي وتاريخي,,,,,1,1,reviews_zenodo,,https://zenodo.org/records/16924532,static,,2026-09-13T06:19:18.696424+00:00,False
reviews_02957,القرية التراثية في جازان,,مكان جميل للزياره,Jazan,مكان تراثي وتاريخي,,,,,1,1,reviews_zenodo,,https://zenodo.org/records/16924532,static,,2026-09-13T06:19:18.696424+00:00,False
reviews_02958,القرية التراثية في جازان,,جميل هادئ ممتع لمحبين تراث منطقتي يوجد اسواق للأسر المنتجه,Jazan,مكان تراثي وتاريخي,,,1,,1,,reviews_zenodo,,https://zenodo.org/records/16924532,static,,2026-09-13T06:19:18.696424+00:00,False
reviews_02959,القرية التراثية في جازان,,المكان جميل جدا واصبح واجهه سياحية لمنطقة جازان,Jazan,مكان تراثي وتاريخي,,,,,1,1,reviews_zenodo,,https://zenodo.org/records/16924532,static,,2026-09-13T06:19:18.696424+00:00,False
reviews_02960,القرية التراثية في جازان,,سوق شعبي جميل يستحق الزياره,Jazan,مكان تراثي وتاريخي,,,,,1,1,reviews_zenodo,,https://zenodo.org/records/16924532,static,,2026-09-13T06:19:18.696424+00:00,False
reviews_02961,القرية التراثية في جازان,,مكان طيب بس تنقصه بعض الخدمات مثل الكشكات المتنقله وبغض محلات بيع الوجبات الخفيفة,Jazan,مكان تراثي وتاريخي,,,-1,,1,,reviews_zenodo,,https://zenodo.org/records/16924532,static,,2026-09-13T06:19:18.696424+00:00,False
reviews_02962,القرية التراثية في جازان,,ممتازه وانصح بزيارتها صراحه القائمين عليها تفوقو ع انفسهم ابداع,Jazan,مكان تراثي وتاريخي,,,,,1,1,reviews_zenodo,,https://zenodo.org/records/16924532,static,,2026-09-13T06:19:18.696424+00:00,False
reviews_02963,القرية التراثية في جازان,,مزار سياحي ممتاز بس ارجو تكثير الفعاليات فيه والاهتمام زود,Jazan,مكان تراثي وتاريخي,,,-1,,1,,reviews_zenodo,,https://zenodo.org/records/16924532,static,,2026-09-13T06:19:18.696424+00:00,False
reviews_02964,القرية التراثية في جازان,,ممتازه ومنضيمه ويوجد فيها سوق شعبي وينقصها كافيه نضيف للزوار,Jazan,مكان تراثي وتاريخي,,,-1,,1,,reviews_zenodo,,https://zenodo.org/records/16924532,static,,2026-09-13T06:19:18.696424+00:00,False
reviews_02965,القرية التراثية في جازان,,حلوه وانصح الجميع بزيارتها والسوق الشعبي جميل استمتعنا بزيارتنا للقلعه التراثيه,Jazan,مكان تراثي وتاريخي,,,,,1,1,reviews_zenodo,,https://zenodo.org/records/16924532,static,,2026-09-13T06:19:18.696424+00:00,False
reviews_02966,القرية التراثية في جازان,,مكان جميل جدا انصح بزيارتها كل مرة اروحها احس انها اجمل من الزيارة التي قبلها,Jazan,مكان تراثي وتاريخي,,,,,1,1,reviews_zenodo,,https://zenodo.org/records/16924532,static,,2026-09-13T06:19:18.696424+00:00,False
reviews_02967,القرية التراثية في جازان,,المكان رائع.. أول مره أزور جازان فاقت توقعاتي 👍💕,Jazan,مكان تراثي وتاريخي,,,,,1,1,reviews_zenodo,,https://zenodo.org/records/16924532,static,,2026-09-13T06:19:18.696424+00:00,False
reviews_02968,القرية التراثية في جازان,,مرا جميل المكان وحرفيا نظيف ومرتب وفيه كل انواع التراث الجيزاني او ممكن نقول الجنوبي بصفه عامه فيه تقام اوقات حفلات محفوفه في بعض المواسم وفيه اسواق تراثيه واكلات شعبيه وجلسات مطله ع البحر متعه ف التنقل من تراث المنازل والمكان شرح لابد يكون الخيار الاول ل اي زائر من خارج المنطقه عشان يتعرف ع تراثها 🤍🤍,Jazan,مكان تراثي وتاريخي,,1,1,,1,1,reviews_zenodo,,https://zenodo.org/records/16924532,static,,2026-09-13T06:19:18.696424+00:00,False
reviews_02969,القرية التراثية في جازان,,مكان مرتب ونظيف ويعرف الزائر على تراث اهل جيزان وماضيهم وكذلك انواع البيوت منها التهامي الجبلي ومنها الساحلي,Jazan,مكان تراثي وتاريخي,,1,,,1,,reviews_zenodo,,https://zenodo.org/records/16924532,static,,2026-09-13T06:19:18.696424+00:00,False
reviews_02970,القرية التراثية في جازان,,جدا ممتاز واسعار جميله جدا وهو على مستوى المملكه,Jazan,مكان تراثي وتاريخي,1,,,,1,,reviews_zenodo,,https://zenodo.org/records/16924532,static,,2026-09-13T06:19:18.696424+00:00,False
reviews_02971,القرية التراثية في جازان,,جميله جدا ومرتبه وفيها محلات تراثيه لبيع الفل والهدايا والعطور المصنعة وايضا فيها محل لبيع البهارات والبخور المستكه بجميع انواعه والبن وخلطات كثيره جدا عند محل السيده أم عبدالله اشتريت منها خلطه للشاي العدني وبهار للطبخ من ابداعاتها,Jazan,مكان تراثي وتاريخي,,,1,,1,,reviews_zenodo,,https://zenodo.org/records/16924532,static,,2026-09-13T06:19:18.696424+00:00,False
reviews_02972,القرية التراثية في جازان,,مكان ترفيهي حلو انصح بزبارته,Jazan,مكان تراثي وتاريخي,,,,,1,1,reviews_zenodo,,https://zenodo.org/records/16924532,static,,2026-09-13T06:19:18.696424+00:00,False
reviews_02973,القرية التراثية في جازان,,المكان حلوونظيف وكونه يجمع تراث المنطقة ويحكي ويوضح التراث للأجيال القادمة,Jazan,مكان تراثي وتاريخي,,1,,,1,,reviews_zenodo,,https://zenodo.org/records/16924532,static,,2026-09-13T06:19:18.696424+00:00,False
reviews_02974,القرية التراثية في جازان,,مكان جميل يعبر عن الماضي والحاضر. ويستحق الزياره والتمتع بقضاء الوقت في هاذه القريه التاريخيه واخذ لقطات تصويريه والاستمتاع ببالروائح العطريه والاكل الشعبي وزيت السمسم البلدي.,Jazan,مكان تراثي وتاريخي,,,,,1,1,reviews_zenodo,,https://zenodo.org/records/16924532,static,,2026-09-13T06:19:18.696424+00:00,False
reviews_02975,القرية التراثية في جازان,,جميله جدا وفيها مطعم شعبي يفوق الخيال وأسعارهم ممتازه جدا,Jazan,مكان تراثي وتاريخي,1,,1,,1,,reviews_zenodo,,https://zenodo.org/records/16924532,static,,2026-09-13T06:19:18.696424+00:00,False
reviews_02976,القرية التراثية في جازان,,ينقصه بعظ الخدمات بس المكان حلو,Jazan,مكان تراثي وتاريخي,,,-1,,1,,reviews_zenodo,,https://zenodo.org/records/16924532,static,,2026-09-13T06:19:18.696424+00:00,False
reviews_02977,القرية التراثية في جازان,,مافيها اي فعاليات وعاديه جدأ,Jazan,مكان تراثي وتاريخي,,,-1,,0,,reviews_zenodo,,https://zenodo.org/records/16924532,static,,2026-09-13T06:19:18.696424+00:00,False
reviews_02978,القرية التراثية في جازان,,القرية جميلة ومرتبة،وممتعة للعائلة،وبها مطاعم ومقاهي,Jazan,مكان تراثي وتاريخي,,,1,,1,,reviews_zenodo,,https://zenodo.org/records/16924532,static,,2026-09-13T06:19:18.696424+00:00,False
reviews_02979,القرية التراثية في جازان,,مكان رايق وهادئ جدا يحتاج فقط لبضع المحلات,Jazan,مكان تراثي وتاريخي,,,-1,,1,,reviews_zenodo,,https://zenodo.org/records/16924532,static,,2026-09-13T06:19:18.696424+00:00,False
reviews_02980,القرية التراثية في جازان,,ممتازه وياليت تتطور أكثر من حيث المساحه والمحلات التراثيه,Jazan,مكان تراثي وتاريخي,,,-1,,1,,reviews_zenodo,,https://zenodo.org/records/16924532,static,,2026-09-13T06:19:18.696424+00:00,False
reviews_02981,القرية التراثية في جازان,,اعجبتني جدا بكل ما فيها وتصميمها وديكوراتها جميله وانصح بزيارتها,Jazan,مكان تراثي وتاريخي,,,,,1,1,reviews_zenodo,,https://zenodo.org/records/16924532,static,,2026-09-13T06:19:18.696424+00:00,False
reviews_02982,القرية التراثية في جازان,,مكان جميل جدا وأنصح بزيارته,Jazan,مكان تراثي وتاريخي,,,,,1,1,reviews_zenodo,,https://zenodo.org/records/16924532,static,,2026-09-13T06:19:18.696424+00:00,False
reviews_02983,القرية التراثية في جازان,,عرض ممتاز لتراث جازان.. تحتاح فقط إلى تطوير أكثر ووجود مرشدين سياحين يشرحون للزوار عن كل محافظة,Jazan,مكان تراثي وتاريخي,,,,-1,1,,reviews_zenodo,,https://zenodo.org/records/16924532,static,,2026-09-13T06:19:18.696424+00:00,False
reviews_02984,القرية التراثية في جازان,,جميله ويوجد بها تراث رائع ومرتب ولكن تحتاج لاهتمام بالجلسات الخارجيه والمكان ضيق,Jazan,مكان تراثي وتاريخي,,,-1,,1,,reviews_zenodo,,https://zenodo.org/records/16924532,static,,2026-09-13T06:19:18.696424+00:00,False
reviews_02985,القرية التراثية في جازان,,جيد جدا بس كان الأفضل الإمكان التراثيه تكون أكثر عموما المطل ع بحيره والمكان نظيف والأسعار مقبوله خصوصا عند الأمهات الفاضلات,Jazan,مكان تراثي وتاريخي,0,1,,,0,,reviews_zenodo,,https://zenodo.org/records/16924532,static,,2026-09-13T06:19:18.696424+00:00,False
reviews_02986,القرية التراثية في جازان,,المكان تجدد بشكل رائع لكن للاسف لايوجد جلسات ولا كوفي او مطعم يجذب الزوار تدخل تلف في حلقه حتى تطلع الزياره ثواني ولايوجد موظفين يشرحون للناس او يرشدوهم المكان محتاج افكار اجمل على الرغم من التحديثات الرائعه مازال لايجذب الزوار,Jazan,مكان تراثي وتاريخي,,,-1,-1,1,,reviews_zenodo,,https://zenodo.org/records/16924532,static,,2026-09-13T06:19:18.696424+00:00,False
reviews_02987,القرية التراثية في جازان,,هادئ ولاكن تنقصه دوره مياه نضيفه,Jazan,مكان تراثي وتاريخي,,-1,,,1,,reviews_zenodo,,https://zenodo.org/records/16924532,static,,2026-09-13T06:19:18.696424+00:00,False
reviews_02988,القرية التراثية في جازان,,سيئه جدا، لا بد من وضع مكيفات في البيت الحجري لراحة الزوار، وكذلك تطوير القرية بشكل عام للأفضل,Jazan,مكان تراثي وتاريخي,,,,,-1,-1,reviews_zenodo,,https://zenodo.org/records/16924532,static,,2026-09-13T06:19:18.696424+00:00,False
reviews_02989,القرية التراثية في جازان,,قرية التراث الجازاني .. مكان لطيف وجميل,Jazan,مكان تراثي وتاريخي,,,,,1,1,reviews_zenodo,,https://zenodo.org/records/16924532,static,,2026-09-13T06:19:18.696424+00:00,False
reviews_02990,القرية التراثية في جازان,,مكان تراثي مميز استمتعت بالتجربة,Jazan,مكان تراثي وتاريخي,,,,,1,1,reviews_zenodo,,https://zenodo.org/records/16924532,static,,2026-09-13T06:19:18.696424+00:00,False
reviews_02991,القرية التراثية في جازان,,ممتازة تحتاج لجذب سياحي اكبر وفعاليات اكثر,Jazan,مكان تراثي وتاريخي,,,-1,,1,,reviews_zenodo,,https://zenodo.org/records/16924532,static,,2026-09-13T06:19:18.696424+00:00,False
reviews_02992,القرية التراثية في جازان,,رررروعه انصح بزيارتها والاستمتاع بالأماكن اللي فيها,Jazan,مكان تراثي وتاريخي,,,,,1,1,reviews_zenodo,,https://zenodo.org/records/16924532,static,,2026-09-13T06:19:18.696424+00:00,False
reviews_02993,القرية التراثية في جازان,,حلوه واسعارهم تجنن .,Jazan,مكان تراثي وتاريخي,1,,,,1,,reviews_zenodo,,https://zenodo.org/records/16924532,static,,2026-09-13T06:19:18.696424+00:00,False
reviews_02994,القرية التراثية في جازان,,منتزه رائع ويوجد فيه مطعم تراثي ودورة مياه وجلسات في المطعم,Jazan,مكان تراثي وتاريخي,,,1,,1,,reviews_zenodo,,https://zenodo.org/records/16924532,static,,2026-09-13T06:19:18.696424+00:00,False
reviews_02995,القرية التراثية في جازان,,فكره ممتازة وموقع جميل لكن تحتاج مزيد من الافكار والمحلات والمطاعم الجيزانية,Jazan,مكان تراثي وتاريخي,,,-1,,1,,reviews_zenodo,,https://zenodo.org/records/16924532,static,,2026-09-13T06:19:18.696424+00:00,False
reviews_02996,القرية التراثية في جازان,,تجربة جميلة ومتحف رائع يستحق الزيارة شكرا للقائمين عليه,Jazan,مكان تراثي وتاريخي,,,,,1,1,reviews_zenodo,,https://zenodo.org/records/16924532,static,,2026-09-13T06:19:18.696424+00:00,False
reviews_02997,القرية التراثية في جازان,,حلوه بس صغيره وما فيها شي يثير الاعجاب ودي لو يسوون فيها زي الجنادريه,Jazan,مكان تراثي وتاريخي,,,-1,,1,,reviews_zenodo,,https://zenodo.org/records/16924532,static,,2026-09-13T06:19:18.696424+00:00,False
reviews_02998,القرية التراثية في جازان,,رائعه جدا متنوعه وبها عديد من التراثيات,Jazan,مكان تراثي وتاريخي,,,1,,1,,reviews_zenodo,,https://zenodo.org/records/16924532,static,,2026-09-13T06:19:18.696424+00:00,False
reviews_02999,القرية التراثية في جازان,,المكان جميل وقت الحظر زرعو العشب ونظموه وفتحو محلات جديدة بالنسبه للملابس الشعبية اسعار مرتفعه جدا,Jazan,مكان تراثي وتاريخي,-1,,,,1,,reviews_zenodo,,https://zenodo.org/records/16924532,static,,2026-09-13T06:19:18.696424+00:00,False
reviews_03000,القرية التراثية في جازان,,لابأس لكن ينقصها الاهتمام والترتيب لانها صغيرة جدا وممكن تفرها بنص ساعة,Jazan,مكان تراثي وتاريخي,,,-1,,1,,reviews_zenodo,,https://zenodo.org/records/16924532,static,,2026-09-13T06:19:18.696424+00:00,False
reviews_03001,القرية التراثية في جازان,,حلووه لكن ينقصها بعض الخدمات كالمطاعم العالميه وبعض الفعاليات والاحتفالات,Jazan,مكان تراثي وتاريخي,,,-1,,1,,reviews_zenodo,,https://zenodo.org/records/16924532,static,,2026-09-13T06:19:18.696424+00:00,False
reviews_03002,القرية التراثية في جازان,,مكان جميل جدا ويستاهل الزيارة مره ثانيه,Jazan,مكان تراثي وتاريخي,,,,,1,1,reviews_zenodo,,https://zenodo.org/records/16924532,static,,2026-09-13T06:19:18.696424+00:00,False
reviews_03003,القرية التراثية في جازان,,مكان جميل ورايق يوريك البيوت والادوات التراثية في منطقة جازان وكل محافظة لها مكان مخصص وفيها سوق شعبي فيه كل الاشياء التراثية,Jazan,مكان تراثي وتاريخي,,,1,,1,,reviews_zenodo,,https://zenodo.org/records/16924532,static,,2026-09-13T06:19:18.696424+00:00,False
reviews_03004,القرية التراثية في جازان,,رائع جدا وجميل ونظيف وموظفين رائعين يستاهل الزيارة,Jazan,مكان تراثي وتاريخي,,1,,1,1,,reviews_zenodo,,https://zenodo.org/records/16924532,static,,2026-09-13T06:19:18.696424+00:00,False
reviews_03005,القرية التراثية في جازان,,القرية التراثية جميلة جدا ومنظمة، والأسعار معقولة، ومتنوعة البضائع، وفيها متاحف تحكي ماضي منطقة جيزان.,Jazan,مكان تراثي وتاريخي,1,,1,,1,,reviews_zenodo,,https://zenodo.org/records/16924532,static,,2026-09-13T06:19:18.696424+00:00,False
reviews_03006,القرية التراثية في جازان,,جميييييله ومنظمه ولكن بعض المحلات مغلقه ولايوجد كافيهات او كشكات ولكن بصفه عامه جميله وتستحق الزياره,Jazan,مكان تراثي وتاريخي,,,-1,,1,1,reviews_zenodo,,https://zenodo.org/records/16924532,static,,2026-09-13T06:19:18.696424+00:00,False
reviews_03007,القرية التراثية في جازان,,حلوة لكن تحتاج المزيد من الفعاليات دخلنا القرية وفي أقل من نص ساعه شفناها كلها,Jazan,مكان تراثي وتاريخي,,,-1,,1,,reviews_zenodo,,https://zenodo.org/records/16924532,static,,2026-09-13T06:19:18.696424+00:00,False
reviews_03008,القرية التراثية في جازان,,اجواء تراثية، توجد محلات داخل القرية التراثية لبيع المستلزمات العطرية والفخارية، أنصح بالزيارة القرية ممتازة جدا 👍🏻👏🏻,Jazan,مكان تراثي وتاريخي,,,1,,1,1,reviews_zenodo,,https://zenodo.org/records/16924532,static,,2026-09-13T06:19:18.696424+00:00,False
reviews_03009,القرية التراثية في جازان,,جميلة ولكن صغيرة وتحتاج الى اهتمام وتوسيع وبرامج وفعاليات,Jazan,مكان تراثي وتاريخي,,,-1,,1,,reviews_zenodo,,https://zenodo.org/records/16924532,static,,2026-09-13T06:19:18.696424+00:00,False
reviews_03010,القرية التراثية في جازان,,مكان جميل ويستحق الزيارة,Jazan,مكان تراثي وتاريخي,,,,,1,1,reviews_zenodo,,https://zenodo.org/records/16924532,static,,2026-09-13T06:19:18.696424+00:00,False
reviews_03011,القرية التراثية في جازان,,مكان جميل ويستحق الزيارة حيث أنه يحتفظ الادوات التراثيه القديمه والحديثه للمناطق جازان جباله وسهوله وجزره المرجانيه👍💐,Jazan,مكان تراثي وتاريخي,,,,,1,1,reviews_zenodo,,https://zenodo.org/records/16924532,static,,2026-09-13T06:19:18.696424+00:00,False
reviews_03012,القرية التراثية في جازان,,مكان جميل للعوائل ومتنزه لطيف,Jazan,مكان تراثي وتاريخي,,1,,,1,,reviews_zenodo,,https://zenodo.org/records/16924532,static,,2026-09-13T06:19:18.696424+00:00,False
reviews_03013,القرية التراثية في جازان,,روعه للزياره وفيها تحف وبضاعة تراثية ينقصها الاهتمام بدورات المياه,Jazan,مكان تراثي وتاريخي,,,-1,,1,,reviews_zenodo,,https://zenodo.org/records/16924532,static,,2026-09-13T06:19:18.696424+00:00,False
reviews_03014,القرية التراثية في جازان,,مكان جميل يستحق الزيارة الدخول مجانا بدون رسوم,Jazan,مكان تراثي وتاريخي,,,,,1,1,reviews_zenodo,,https://zenodo.org/records/16924532,static,,2026-09-13T06:19:18.696424+00:00,False
reviews_03015,القرية التراثية في جازان,,قرية بسيطه جدا . لا يوجد رسوم لدخول. يوجد بها بعض الاشياء الاثرية و ٣ مباني على الشكل القديم وبعض الاشياء الحرفية القديمة. وسوق للاسر المنتجه . الاشياء الحرفية قليلة ويوجد في بعض المدن في جنوب المملكة اشياء حرفية اكثر من الموجود واعم في المضمون .,Jazan,مكان تراثي وتاريخي,,,0,,0,,reviews_zenodo,,https://zenodo.org/records/16924532,static,,2026-09-13T06:19:18.696424+00:00,False
reviews_03016,القرية التراثية في جازان,,مكان جميل جدا ويستحق الزياره,Jazan,مكان تراثي وتاريخي,,,,,1,1,reviews_zenodo,,https://zenodo.org/records/16924532,static,,2026-09-13T06:19:18.696424+00:00,False
reviews_03017,القرية التراثية في جازان,,مكان راقي جدا يحتاج للفعاليات والبرامج الاجتماعية والمقاهي والمطاعم,Jazan,مكان تراثي وتاريخي,,,-1,,1,,reviews_zenodo,,https://zenodo.org/records/16924532,static,,2026-09-13T06:19:18.696424+00:00,False
reviews_03018,القرية التراثية في جازان,,مكان جميل جدا أنصح بزيارته والفعاليات تكون يوم الخميس والجمعه ....,Jazan,مكان تراثي وتاريخي,,,,,1,1,reviews_zenodo,,https://zenodo.org/records/16924532,static,,2026-09-13T06:19:18.696424+00:00,False
reviews_03019,القرية التراثية في جازان,,مكان جميل ورائع استمتعت بزيارته,Jazan,مكان تراثي وتاريخي,,,,,1,1,reviews_zenodo,,https://zenodo.org/records/16924532,static,,2026-09-13T06:19:18.696424+00:00,False
reviews_03020,القرية التراثية في جازان,,قرية تحتوي على تراث منطقة جازان يوجد بها مطعم للاكلات الشعبية,Jazan,مكان تراثي وتاريخي,,,,,1,,reviews_zenodo,,https://zenodo.org/records/16924532,static,,2026-09-13T06:19:18.696424+00:00,False
reviews_03021,القرية التراثية في جازان,,قريه تراثيه تحكي عن تراث جازان السهل والجبل والبحر شكرا للقائمين عليها على حسن الاستقبال وحسن الترتيب,Jazan,مكان تراثي وتاريخي,,,,1,1,,reviews_zenodo,,https://zenodo.org/records/16924532,static,,2026-09-13T06:19:18.696424+00:00,False
reviews_03022,القرية التراثية في جازان,,جميله ومنظمة لكن تفتقر لوجود مطاعم كافيه,Jazan,مكان تراثي وتاريخي,,,-1,,1,,reviews_zenodo,,https://zenodo.org/records/16924532,static,,2026-09-13T06:19:18.696424+00:00,False
reviews_03023,القرية التراثية في جازان,,ارث تاريخي ومعلومات عن ماضي جيزان وما جاورها تستحق الزيارة,Jazan,مكان تراثي وتاريخي,,,,,1,1,reviews_zenodo,,https://zenodo.org/records/16924532,static,,2026-09-13T06:19:18.696424+00:00,False
reviews_03024,القرية التراثية في جازان,,الموقع جميل ويستحق الزياره,Jazan,مكان تراثي وتاريخي,,,,,1,1,reviews_zenodo,,https://zenodo.org/records/16924532,static,,2026-09-13T06:19:18.696424+00:00,False
reviews_03025,القرية التراثية في جازان,,تمام طيبه واسعارهم طيبه واكثرهم من الاسر المنتجه,Jazan,مكان تراثي وتاريخي,1,,,,1,,reviews_zenodo,,https://zenodo.org/records/16924532,static,,2026-09-13T06:19:18.696424+00:00,False
reviews_03026,القرية التراثية في جازان,,موقع كله روايح الصرف الصحي لا انصح في زيارته,Jazan,مكان تراثي وتاريخي,,-1,,,,-1,reviews_zenodo,,https://zenodo.org/records/16924532,static,,2026-09-13T06:19:18.696424+00:00,False
reviews_03027,القرية التراثية في جازان,,للتعرف على التراث الجيزاني انصح بكل زائر مدينة جيزان زيارة القرية التراثية مكان نظيف و يوجد به متحف للادوات و ملابس من التراث القديم لمدينة جازان,Jazan,مكان تراثي وتاريخي,,1,1,,,1,reviews_zenodo,,https://zenodo.org/records/16924532,static,,2026-09-13T06:19:18.696424+00:00,False
reviews_03028,القرية التراثية في جازان,,جيده وينقصها المرشد السياحي المتخصص وجدت عماله وافده اسألهم عن بعض المعروضات ويرد مافيه معلوم كذلك لايوجد بوفيات وتقديم المشروبات سوا بوفيه واحد وغير مكتمل الطلبات وكذلك كبار السن لايستطيع ان يتجول في الموقع لعدم وجود عربيات بشكل عام الموقع رائع ويفتقر للخدمات,Jazan,مكان تراثي وتاريخي,,,,-1,1,,reviews_zenodo,,https://zenodo.org/records/16924532,static,,2026-09-13T06:19:18.696424+00:00,False
reviews_03029,القرية التراثية في جازان,,المكان رائع يحتاج للفعاليات باستمرار,Jazan,مكان تراثي وتاريخي,,,-1,,1,,reviews_zenodo,,https://zenodo.org/records/16924532,static,,2026-09-13T06:19:18.696424+00:00,False
reviews_03030,تلفريك الهدا,,مبالغ بقيمة التذاكر .. على شي مايسوى ابدا .. لا خدمات كافيه ولا مواقع اثرية مهتم بها او مواقع حديثه ..,Taif,منتزه,-1,,-1,,,,reviews_zenodo,,https://zenodo.org/records/16924532,static,,2026-09-13T06:19:18.696424+00:00,False
reviews_03031,تلفريك الهدا,,التلفريك ممتاز لكن الاستقبال كأنك بمنشأة عسكرية زيادة على أن السعر مرتفع ب٨٥ للفرد,Taif,منتزه,-1,,,-1,1,,reviews_zenodo,,https://zenodo.org/records/16924532,static,,2026-09-13T06:19:18.696424+00:00,False
reviews_03032,تلفريك الهدا,,مكان رائع وتجربة حلوه تعيش من خلالها اجواء المغامرة وترى الارتفاعات الشاهقة والإنجاز العظيم المتمثل في طريق الكر الذي أنجز في عهد الملك فيصل بن عبدالعزيز طيب الله ثره في وقت كانت الدنيا بسيطة ولم تصل للتطور الذي ...,Taif,منتزه,,,,,1,1,reviews_zenodo,,https://zenodo.org/records/16924532,static,,2026-09-13T06:19:18.696424+00:00,False
reviews_03033,تلفريك الهدا,,مكان جميل جدا للتنزه ومشاهدة الطبيعه وكمان يوجد مجموعه من القرود اول مرة اشوفها في الطبيعه كدا صراحة جو جميل جدا اتمنى ازور المكان مره اخرى وركوب التلفريك ومشاهدة المكان من اعلى,Taif,منتزه,,,,,1,1,reviews_zenodo,,https://zenodo.org/records/16924532,static,,2026-09-13T06:19:18.696424+00:00,False
reviews_03034,تلفريك الهدا,,ترتيب الدخول والخروج ممتازه. المواقف تحتاج سفلته. للاسف لازالت ترابيه,Taif,منتزه,,,-1,,1,,reviews_zenodo,,https://zenodo.org/records/16924532,static,,2026-09-13T06:19:18.696424+00:00,False
reviews_03035,تلفريك الهدا,,تجربه رائعه ولاكنه مبالغ في سعرة النفر الواحد ب80,Taif,منتزه,-1,,,,,1,reviews_zenodo,,https://zenodo.org/records/16924532,static,,2026-09-13T06:19:18.696424+00:00,False
reviews_03036,تلفريك الهدا,,تجربه رااااااائعه جدا ولكن لجذب السياح والمتنزهين ينبغي مراعاة الأسعار,Taif,منتزه,-1,,,,,1,reviews_zenodo,,https://zenodo.org/records/16924532,static,,2026-09-13T06:19:18.696424+00:00,False
reviews_03037,تلفريك الهدا,,جميل. لكن بعض الموظفين سيئيين بتعاملهم مع الزائر,Taif,منتزه,,,,-1,1,,reviews_zenodo,,https://zenodo.org/records/16924532,static,,2026-09-13T06:19:18.696424+00:00,False
reviews_03038,تلفريك الهدا,,الموظفين والعاملين لطيفين ومتعاونين جدا التجربة كانت جميلة ورائعة سعر التذكرة 75 ریال للكبار ...,Taif,منتزه,,,,1,,1,reviews_zenodo,,https://zenodo.org/records/16924532,static,,2026-09-13T06:19:18.696424+00:00,False
reviews_03039,تلفريك الهدا,,وايد حبيت تجربه وكانت جميله وانصح فيها,Taif,منتزه,,,,,1,1,reviews_zenodo,,https://zenodo.org/records/16924532,static,,2026-09-13T06:19:18.696424+00:00,False
reviews_03040,تلفريك الهدا,,جميله لكن تحتاج لتطوير والاهتمام بنظافة الاماكان اللي في الاسفل طبعا السعر للفر الواحد مبالغ فيه 85 ريال بتوصلني من الطائف لمكة,Taif,منتزه,-1,-1,,,1,,reviews_zenodo,,https://zenodo.org/records/16924532,static,,2026-09-13T06:19:18.696424+00:00,False
reviews_03041,تلفريك الهدا,,حلو بس اسعاره غااااالية وافضل وقت نهاية العصر عشان تلحقون على الغروب,Taif,منتزه,-1,,,,1,,reviews_zenodo,,https://zenodo.org/records/16924532,static,,2026-09-13T06:19:18.696424+00:00,False
reviews_03042,تلفريك الهدا,,جميل، لكن سعره غالي مبالغ فيه,Taif,منتزه,-1,,,,1,,reviews_zenodo,,https://zenodo.org/records/16924532,static,,2026-09-13T06:19:18.696424+00:00,False
reviews_03043,تلفريك الهدا,,وش هالاسعار 2 كبار و طفلين ب 300 ريال لييييه !!! لا يوجد مناظر طبيعه تفتح النفس ولا شي ومواقف السيارات عالتراب بمكان وصخ وزباله و طين وصخور تشقق الكفرات,Taif,منتزه,-1,,-1,,,,reviews_zenodo,,https://zenodo.org/records/16924532,static,,2026-09-13T06:19:18.696424+00:00,False
reviews_03044,تلفريك الهدا,,من افضل الاماكن السياحية في الطائف تلفريك الطائف شي خيالي جدا انصح به وبشدة جميع زائي الطائف,Taif,منتزه,,,,,1,1,reviews_zenodo,,https://zenodo.org/records/16924532,static,,2026-09-13T06:19:18.696424+00:00,False
reviews_03045,تلفريك الهدا,,سيئ جدا جدا الاسعار جدا عالية و تعامل احد العاملين سيئ عددنا ١١ شخص اجبارنا على الركوب في عربه واحده بحجه لا يوجد وزن ..؟! و لا يوجد مناظر و محلات كثير يحتاج المكان الى اهتمام ولا يوجد مواقف مناسبه لوقوف السيارات,Taif,منتزه,-1,,-1,-1,,-1,reviews_zenodo,,https://zenodo.org/records/16924532,static,,2026-09-13T06:19:18.696424+00:00,False
reviews_03046,تلفريك الهدا,,المكان حار داخل العربة ، بعد مانزلنا مافيه اي شي يصلح للعائلات اخذنا الدورة ورجعنا مباشره ، اعتبر السعر مرتقع مقابل الخدمة,Taif,منتزه,-1,,,,,-1,reviews_zenodo,,https://zenodo.org/records/16924532,static,,2026-09-13T06:19:18.696424+00:00,False
reviews_03047,تلفريك الهدا,,تجربه ممتعه وتستحق العناء من الشرقيه الى الطايف للمتعه والسياحه,Taif,منتزه,,,,,1,1,reviews_zenodo,,https://zenodo.org/records/16924532,static,,2026-09-13T06:19:18.696424+00:00,False
reviews_03048,تلفريك الهدا,,التجربة حلوة لكن السعر مبالغ فيه,Taif,منتزه,-1,,,,,1,reviews_zenodo,,https://zenodo.org/records/16924532,static,,2026-09-13T06:19:18.696424+00:00,False
reviews_03049,تلفريك الهدا,,جيد الى جيد جدا لكن الاسعار اعتقد مبالغ فيها وجهة نظر,Taif,منتزه,-1,,,,0,,reviews_zenodo,,https://zenodo.org/records/16924532,static,,2026-09-13T06:19:18.696424+00:00,False
reviews_03050,تلفريك الهدا,,تجربة رائعة . أنصح به والاستمتاع بالمناظر .,Taif,منتزه,,,,,1,1,reviews_zenodo,,https://zenodo.org/records/16924532,static,,2026-09-13T06:19:18.696424+00:00,False
reviews_03051,تلفريك الهدا,,مره جميل انصح الجميع بالتجربه...,Taif,منتزه,,,,,1,1,reviews_zenodo,,https://zenodo.org/records/16924532,static,,2026-09-13T06:19:18.696424+00:00,False
reviews_03052,تلفريك الهدا,,جدا ممتاز ورحله ممتعه,Taif,منتزه,,,,,1,1,reviews_zenodo,,https://zenodo.org/records/16924532,static,,2026-09-13T06:19:18.696424+00:00,False
reviews_03053,تلفريك الهدا,,نتمنا مراجعه الاسعار مرتفعه مناسب للعوائل وانصح فيه,Taif,منتزه,-1,,,,1,,reviews_zenodo,,https://zenodo.org/records/16924532,static,,2026-09-13T06:19:18.696424+00:00,False
reviews_03054,تلفريك الهدا,,جميل ..اسفل فيه مطعم كوفي جلسات +العاب المائه والزلاجة .. اذا تبى تستمتع انزل وقت النهار,Taif,منتزه,,,1,,1,,reviews_zenodo,,https://zenodo.org/records/16924532,static,,2026-09-13T06:19:18.696424+00:00,False
reviews_03055,تلفريك الهدا,,مكان ومعلم سياحي بدون مواقف سيارت شي غريب جدا المفترض الشركه المشغله تنفذ مواقف خاصه التلفريك غير مغري وغير مكيفه لايوجد اي مناظر غير ينزلك لمدينة الكر السياحيه تقضي فيها وقت لو حبيت وترجع,Taif,منتزه,,,-1,,-1,,reviews_zenodo,,https://zenodo.org/records/16924532,static,,2026-09-13T06:19:18.696424+00:00,False
reviews_03056,تلفريك الهدا,,تجربة جميله السيء في الامر عدم وجود دورات مياة في المحطه العلويه وكذلك الطريق الترابي لمواقف التلفريك,Taif,منتزه,,,-1,,,1,reviews_zenodo,,https://zenodo.org/records/16924532,static,,2026-09-13T06:19:18.696424+00:00,False
reviews_03057,تلفريك الهدا,,مكان سياحي ومنظر طبيعي وتلفريك رائع. انصح الجميع بزيارته,Taif,منتزه,,,,,1,1,reviews_zenodo,,https://zenodo.org/records/16924532,static,,2026-09-13T06:19:18.696424+00:00,False
reviews_03058,تلفريك الهدا,,سعرة مبالغ فية المواقف سيئة غير مسفلتة تحتاج صيانه وتجديد,Taif,منتزه,1,,-1,,,,reviews_zenodo,,https://zenodo.org/records/16924532,static,,2026-09-13T06:19:18.696424+00:00,False
reviews_03059,تلفريك الهدا,,للاسف تعامل من قبلهم سي جدا جدا مايستحق نجمه مايستحق الزياره مرررره كانت غلطه,Taif,منتزه,,,,-1,,-1,reviews_zenodo,,https://zenodo.org/records/16924532,static,,2026-09-13T06:19:18.696424+00:00,False
reviews_03060,تلفريك الهدا,,التلفريك جميل جدا . لكن السعر مبالغ فيه بشكل كبير جدا جدا الشخص البلغ ب٨٤ ريال والطفل ب٤٢ ريال تقريبا أنا أنصح العوائل بأخذ عربة خاصة سعرها ٣٥٠ ريال أفضل من أن تدفع بعدد الأفراد إلا ...,Taif,منتزه,-1,,,,1,,reviews_zenodo,,https://zenodo.org/records/16924532,static,,2026-09-13T06:19:18.696424+00:00,False
reviews_03061,تلفريك الهدا,,خدمات سيئه مواقف السيارات ترابيه اسعار مرتفعه لايوجد ما يجذب النظر عند النزول مجاري الفندق تغطي الجبل لايوجد اكل نظيف او جلسات كافيه ولا يوجد العاب للاطفال !,Taif,منتزه,-1,,-1,,,,reviews_zenodo,,https://zenodo.org/records/16924532,static,,2026-09-13T06:19:18.696424+00:00,False
reviews_03062,تلفريك الهدا,,جميل جدا والأجواء رائعة لكن للأسف مافي اهتمام في المكان والإعلام والفعاليات والأنشطة التابعة لهم واتمنى يكون في اهتمام للافضل والنظر في الأسعار وجعلها في متناول الجميع,Taif,منتزه,-1,,-1,,1,,reviews_zenodo,,https://zenodo.org/records/16924532,static,,2026-09-13T06:19:18.696424+00:00,False
reviews_03063,تلفريك الهدا,,جدآ سيء وغالي... والمكان اللي تحت اغلبه صيانه,Taif,منتزه,-1,,,,-1,,reviews_zenodo,,https://zenodo.org/records/16924532,static,,2026-09-13T06:19:18.696424+00:00,False
reviews_03064,تلفريك الهدا,,جميل بس الخدمات سيئه,Taif,منتزه,,,-1,,1,,reviews_zenodo,,https://zenodo.org/records/16924532,static,,2026-09-13T06:19:18.696424+00:00,False
reviews_03065,تلفريك الهدا,,غالي جدا .. لكن ممتع,Taif,منتزه,-1,,,,1,,reviews_zenodo,,https://zenodo.org/records/16924532,static,,2026-09-13T06:19:18.696424+00:00,False
reviews_03066,تلفريك الهدا,,يحتاج إلى تنظيم افضل ومراقبة الأسعار في المحلات,Taif,منتزه,-1,,,,0,,reviews_zenodo,,https://zenodo.org/records/16924532,static,,2026-09-13T06:19:18.696424+00:00,False
reviews_03067,تلفريك الهدا,,حلو كثير وانصح الجميع زيارته خصوصا الشباب المحبين للألعاب المائية,Taif,منتزه,,,,,1,1,reviews_zenodo,,https://zenodo.org/records/16924532,static,,2026-09-13T06:19:18.696424+00:00,False
reviews_03068,تلفريك الهدا,,تجربة حلوة ومميزة والمناظر جميلة بس السعر مبالغ فيه خاصة نحن عيلة من ٥ أشخاص وعند شراء التذاكر كان في وحدة ملابسها غير ساترة و غير ملتزمين بالذوق العام والمفروض عالاقل يحطوا لائحة باللباس المسموح,Taif,منتزه,-1,,,,,1,reviews_zenodo,,https://zenodo.org/records/16924532,static,,2026-09-13T06:19:18.696424+00:00,False
reviews_03069,تلفريك الهدا,,تجربة جميلة وسعر سياحي مقبول,Taif,منتزه,0,,,,,1,reviews_zenodo,,https://zenodo.org/records/16924532,static,,2026-09-13T06:19:18.696424+00:00,False
reviews_03070,تلفريك الهدا,,مكان رائع عيبه الوحيد غلاء الأسعار,Taif,منتزه,-1,,,,1,,reviews_zenodo,,https://zenodo.org/records/16924532,static,,2026-09-13T06:19:18.696424+00:00,False
reviews_03071,تلفريك الهدا,,مميز والاسعار مبالغ فيها,Taif,منتزه,-1,,,,1,,reviews_zenodo,,https://zenodo.org/records/16924532,static,,2026-09-13T06:19:18.696424+00:00,False
reviews_03072,تلفريك الهدا,,ممتاز بس الأسعار مرتفعه شوي خصوصا للفرد,Taif,منتزه,-1,,,,1,,reviews_zenodo,,https://zenodo.org/records/16924532,static,,2026-09-13T06:19:18.696424+00:00,False
reviews_03073,تلفريك الهدا,,رائع وممتع وجميل للغاية يستحق التجربة,Taif,منتزه,,,,,1,1,reviews_zenodo,,https://zenodo.org/records/16924532,static,,2026-09-13T06:19:18.696424+00:00,False
reviews_03074,تلفريك الهدا,,جيد الموظفين في قمه الاحترام الموقع يحتاج تطوير,Taif,منتزه,,,,1,0,,reviews_zenodo,,https://zenodo.org/records/16924532,static,,2026-09-13T06:19:18.696424+00:00,False
reviews_03075,تلفريك الهدا,,استقبال جميل ياليت الاهتمام بالمواقف اغلبه قزاز مكسور .,Taif,منتزه,,,-1,1,,,reviews_zenodo,,https://zenodo.org/records/16924532,static,,2026-09-13T06:19:18.696424+00:00,False
reviews_03076,تلفريك الهدا,,رائع ولكن سعره غالي,Taif,منتزه,-1,,,,1,,reviews_zenodo,,https://zenodo.org/records/16924532,static,,2026-09-13T06:19:18.696424+00:00,False
reviews_03077,تلفريك الهدا,,جيد .. لكن السعر مرتفع,Taif,منتزه,-1,,,,0,,reviews_zenodo,,https://zenodo.org/records/16924532,static,,2026-09-13T06:19:18.696424+00:00,False
reviews_03078,تلفريك الهدا,,اللاسف اول زيارة واخر زيارة مواقف سيئة ولا يوجد هتمام من بلدية طايف و امانة تدرون تلفريك هو واجهة وكل سياح لازم يجيه فيه كمية استغلال غير طبيعة من الأسعار خاصة مطاعم ومحلات ولا هم مهتمين الاحترازات,Taif,منتزه,-1,,-1,,-1,-1,reviews_zenodo,,https://zenodo.org/records/16924532,static,,2026-09-13T06:19:18.696424+00:00,False
reviews_03079,تلفريك الهدا,,مكان رائع .. مناسب للكبار والصغار .. تجربة حلوة و مثيرة,Taif,منتزه,,,,,1,1,reviews_zenodo,,https://zenodo.org/records/16924532,static,,2026-09-13T06:19:18.696424+00:00,False
reviews_03080,تلفريك الهدا,,حلو لكن ارجو نظر في الاسعار,Taif,منتزه,-1,,,,1,,reviews_zenodo,,https://zenodo.org/records/16924532,static,,2026-09-13T06:19:18.696424+00:00,False
reviews_03081,تلفريك الهدا,,تجربه رااائعه بس احس اسهار مرتفعه بس انا وزوجي ١٧٠,Taif,منتزه,-1,,,,,1,reviews_zenodo,,https://zenodo.org/records/16924532,static,,2026-09-13T06:19:18.696424+00:00,False
reviews_03082,تلفريك الهدا,,تجربة ممتعة ولكن الأسعار مرتفعة,Taif,منتزه,-1,,,,,1,reviews_zenodo,,https://zenodo.org/records/16924532,static,,2026-09-13T06:19:18.696424+00:00,False
reviews_03083,تلفريك الهدا,,ممتاز ومنظر روعه من أعلا الهدا ينزل الى منتجع قرية الكر يوجد مسابح وملاهي أطفال ومسابح للكبار منضر جميل وممتع وأسعار رمزية,Taif,منتزه,1,,1,,1,,reviews_zenodo,,https://zenodo.org/records/16924532,static,,2026-09-13T06:19:18.696424+00:00,False
reviews_03084,تلفريك الهدا,,مافي تنظيم ابدا ..للاسف مشوار ع الفاضي واسوء تجربه,Taif,منتزه,,,,-1,,-1,reviews_zenodo,,https://zenodo.org/records/16924532,static,,2026-09-13T06:19:18.696424+00:00,False
reviews_03085,تلفريك الهدا,,ممتاز واشكر العاملين والاخوان هناك وخاصة اللي بالكر ..بداية من الزول عند البوابه ووصولا الى عند العربات,Taif,منتزه,,,,1,1,,reviews_zenodo,,https://zenodo.org/records/16924532,static,,2026-09-13T06:19:18.696424+00:00,False
reviews_03086,تلفريك الهدا,,تجربه جميله بس التذكره غالي حبتين,Taif,منتزه,-1,,,,,1,reviews_zenodo,,https://zenodo.org/records/16924532,static,,2026-09-13T06:19:18.696424+00:00,False
reviews_03087,تلفريك الهدا,,رائع وجميل وأوجه شكري لإدارة المجمع وأخص بالذكر الأخ ماجد الذي لا يتوانى عن خدمة القروبات والزوار والرحلات المدرسية,Taif,منتزه,,,,1,1,,reviews_zenodo,,https://zenodo.org/records/16924532,static,,2026-09-13T06:19:18.696424+00:00,False
reviews_03088,تلفريك الهدا,,جيد ولكن الاسعار مرتفعه,Taif,منتزه,-1,,,,0,,reviews_zenodo,,https://zenodo.org/records/16924532,static,,2026-09-13T06:19:18.696424+00:00,False
reviews_03089,تلفريك الهدا,,حلو و يعطيك اطلاله على الشارع في الهدا و على المرتفعات و شارع الجماله القديم. لكن السعر مبالغ فيه. الطريق للمواقف جدا سيئه.,Taif,منتزه,-1,,-1,,1,,reviews_zenodo,,https://zenodo.org/records/16924532,static,,2026-09-13T06:19:18.696424+00:00,False
reviews_03090,تلفريك الهدا,,روعه بالاطلاله المنظر كذلك عند نزول للكر في ملاهي المائية والتسوق الشعبي رائع,Taif,منتزه,,,1,,1,,reviews_zenodo,,https://zenodo.org/records/16924532,static,,2026-09-13T06:19:18.696424+00:00,False
reviews_03091,تلفريك الهدا,,تجربه رائعه وأجواء ممتعه واماكن ساحره وخلابه. وخدمات تنال الإعجاب. نشاطات متنوعه للترفيه وأسواق شعبيه من رحيق الماضي,Taif,منتزه,,,1,,1,1,reviews_zenodo,,https://zenodo.org/records/16924532,static,,2026-09-13T06:19:18.696424+00:00,False
reviews_03092,تلفريك الهدا,,ممتاز وكانت والحمد لله رحلة وزيارة موفقة لكن يحتاج لمراجعة الاسعار بشكل عام فسعر التذكرة مرتفع جدا مقارنة بأسعار التلفريك في أنحاء العالم حيث التذكرة للفرد الواحد ٦٥ ريال فماذا يصنع رب أسرة ب٥ او ٦ أفراد يقف أمام بوابة المنتزه ويثير بيده لابناءه كي يجعلوه حلم صعب المنال لابد من مراجعة الأسعار مقارنة ببقية دول العالم,Taif,منتزه,-1,,,,1,1,reviews_zenodo,,https://zenodo.org/records/16924532,static,,2026-09-13T06:19:18.696424+00:00,False
reviews_03093,تلفريك الهدا,,لايوجد مواقف والاسعار مرتفعة والقرية الشعبية محدودة الخيارات هي جميلة لكن خياراتها قليله,Taif,منتزه,-1,,-1,,,,reviews_zenodo,,https://zenodo.org/records/16924532,static,,2026-09-13T06:19:18.696424+00:00,False
reviews_03094,تلفريك الهدا,,سئ للغاية مقابل السعر غالي حييل والعابه ومحلاته اغلبها مقفلة,Taif,منتزه,-1,,-1,,,,reviews_zenodo,,https://zenodo.org/records/16924532,static,,2026-09-13T06:19:18.696424+00:00,False
reviews_03095,تلفريك الهدا,,الشباب السعودي الذي يعمل هناك ممتاز وراقي في التعامل اماةعربات التلفريك تحتاج لنظافه واخص الزجاج ...,Taif,منتزه,,-1,,1,,,reviews_zenodo,,https://zenodo.org/records/16924532,static,,2026-09-13T06:19:18.696424+00:00,False
reviews_03096,تلفريك الهدا,,هذي زيارتى الثانية لتلفريك الاولى كانت قبل 12 سنة ماتغيير شي يلفت النظر من قبل وصول لك للمكان الطريق غير مزفلت المواقف عبارة عن مكب نفايات شى يحزن والله ...,Taif,منتزه,,,-1,,-1,,reviews_zenodo,,https://zenodo.org/records/16924532,static,,2026-09-13T06:19:18.696424+00:00,False
reviews_03097,تلفريك الهدا,,التلفريك روعة بس السعر مبالغ به جدا (٨٥ ريال) للشخص الواحد!! أتمنى مراجعة الأسعار وكذلك أغلب محلات الأكل مسكرة بس المكان بشكل عام حلوة انصح بها,Taif,منتزه,-1,,-1,,1,,reviews_zenodo,,https://zenodo.org/records/16924532,static,,2026-09-13T06:19:18.696424+00:00,False
reviews_03098,تلفريك الهدا,,تجربة التلفريك جميلة لكن مكلفة للشخص ٨٦ ريال,Taif,منتزه,-1,,,,,1,reviews_zenodo,,https://zenodo.org/records/16924532,static,,2026-09-13T06:19:18.696424+00:00,False
reviews_03099,تلفريك الهدا,,ماشاء الله تبارك الرحمن إطلالة رائعة بانورامية يعيب عليهم ان عربات التلفريك أسعار التنقل بها مرتفعة جدا في العيد ٨٠ ريال للفرد الواحد ولا أدري هل يستمرون بهذا الغلاء,Taif,منتزه,-1,,,,1,,reviews_zenodo,,https://zenodo.org/records/16924532,static,,2026-09-13T06:19:18.696424+00:00,False
reviews_03100,تلفريك الهدا,,اولا التلفريك غالي جدا جدا جدا جدا ولكن المنضر جميل ، الملاهي المائيه وسخه ، و المكان كله شباب حاليا ابدا مايصلح عوائل كله شباب ومسابح الصغار معزوله وفاضيه ومافيها احد ...,Taif,منتزه,-1,-1,-1,,0,,reviews_zenodo,,https://zenodo.org/records/16924532,static,,2026-09-13T06:19:18.696424+00:00,False
reviews_03101,تلفريك الهدا,,ممتاز لكن اسعاره مبالغ فيها مره اسعار فلكية لو يجمعونها مع بعض وتكون بمبلغ 60 ريال اشوفها مناسب,Taif,منتزه,-1,,,,1,,reviews_zenodo,,https://zenodo.org/records/16924532,static,,2026-09-13T06:19:18.696424+00:00,False
reviews_03102,تلفريك الهدا,,ممتاز ومغامرة ممتعه,Taif,منتزه,,,,,1,1,reviews_zenodo,,https://zenodo.org/records/16924532,static,,2026-09-13T06:19:18.696424+00:00,False
reviews_03103,تلفريك الهدا,,سعره مبالغ فيه و المحلات تحت مقفله وشبه مهجورة واعذر الناس ما يجونها وفيها العاب عطلانه المفروض ينبهون قبل تقص تذاكر ان الألعاب فيها صيانه او عطلانه ... المكان يحتاج الى تزيين مواقف السيارات وترتيب وتنظيم المكان عامه ليعود عليهم بالدخل المناسب,Taif,منتزه,-1,,-1,,,,reviews_zenodo,,https://zenodo.org/records/16924532,static,,2026-09-13T06:19:18.696424+00:00,False
reviews_03104,تلفريك الهدا,,مكان رائع جدا ومختلف واتمني تكرار الزيارة اليه غير السعر للفرد كتير شويه,Taif,منتزه,-1,,,,1,,reviews_zenodo,,https://zenodo.org/records/16924532,static,,2026-09-13T06:19:18.696424+00:00,False
reviews_03105,تلفريك الهدا,,تجربة ومغامرة رائعة جدا تستحق التجربة .. الأسعار ٨٥ ريال للشخص الواحد الأطفال أقل من ثلاث سنوات مجاني .. برأيي سبب إرتفاع الأسعار عدم وجود بديل .. مدخل المكان سيء ولايليق كوجهه سياحية ..,Taif,منتزه,-1,,,,1,1,reviews_zenodo,,https://zenodo.org/records/16924532,static,,2026-09-13T06:19:18.696424+00:00,False
reviews_03106,تلفريك الهدا,,مكان جميل لقضاء أمسية من العصر للعشاء وبه إطلالة جميلة فى منطقة الهدا ومطاعم راقية وجلسات عوايل وتركيب التلفريك على ارتفاع ١٢٠٠م وبالتالى أسفل الكر وتوفر المواقف والاسعار جيدة ويصلح للعواءل اكثر,Taif,منتزه,0,,1,,1,,reviews_zenodo,,https://zenodo.org/records/16924532,static,,2026-09-13T06:19:18.696424+00:00,False
reviews_03107,تلفريك الهدا,,مكان جميل تبدأ بالتلفريك ثم ألعاب مائية او لعبة بساط الريح، الألعاب المائية ليست على المستوى المأمول، قديمة وقليلة، نأمل من الأمانة تطويرها.,Taif,منتزه,,,-1,,1,,reviews_zenodo,,https://zenodo.org/records/16924532,static,,2026-09-13T06:19:18.696424+00:00,False
reviews_03108,تلفريك الهدا,,استخدمنا التلفريك ونزلنا في أسفل الهدا .. كان المكان جدا رائع ومرتب.. المكان في الأسفل هادئ ويوجد فعاليات كثيرة .. الألعاب المائية والسيارات ومقاهي و أنشطة مختلفة..,Taif,منتزه,,,1,,1,,reviews_zenodo,,https://zenodo.org/records/16924532,static,,2026-09-13T06:19:18.696424+00:00,False
reviews_03109,تلفريك الهدا,,التلفريك رائع ونظيف ويمر من خلال جبل الكر في منظر رائع ولكن اسعاره جدا عاليه خاصه لبعض العوائل الكبيره موظفينه رائعين والتنظيم لديهم رائع,Taif,منتزه,-1,1,,1,1,,reviews_zenodo,,https://zenodo.org/records/16924532,static,,2026-09-13T06:19:18.696424+00:00,False
reviews_03110,تلفريك الهدا,,تجربة جميلة صراحة لكن يعيبه شيء واحد فقط السعر مرتفع,Taif,منتزه,-1,,,,,1,reviews_zenodo,,https://zenodo.org/records/16924532,static,,2026-09-13T06:19:18.696424+00:00,False
reviews_03111,تلفريك الهدا,,كانت تجربة جميلة جدا أنصح فية وبقوة,Taif,منتزه,,,,,1,1,reviews_zenodo,,https://zenodo.org/records/16924532,static,,2026-09-13T06:19:18.696424+00:00,False
reviews_03112,تلفريك الهدا,,تجربة حلوه الاسعار غاليه الموظفين غير منظمين,Taif,منتزه,-1,,,-1,,1,reviews_zenodo,,https://zenodo.org/records/16924532,static,,2026-09-13T06:19:18.696424+00:00,False
reviews_03113,تلفريك الهدا,,جميل ولكن أسعار التذاكر عالية,Taif,منتزه,-1,,,,1,,reviews_zenodo,,https://zenodo.org/records/16924532,static,,2026-09-13T06:19:18.696424+00:00,False
reviews_03114,تلفريك الهدا,,مع ان المنطقة جميلة والطبيعة مبدعة الى ان الاهتمام بالمكان سيئ جدا لا يوجد تطويرات في المكان ونظافة التلفريك سيئة والاسعار مبالغ فيها ...,Taif,منتزه,-1,-1,,,-1,,reviews_zenodo,,https://zenodo.org/records/16924532,static,,2026-09-13T06:19:18.696424+00:00,False
reviews_03115,تلفريك الهدا,,جميله وينقصها مواقف سيارات لمرتادي الترفليك. يتم إخطار المرتادين بإيقاف السيارات بالأرض المجاوره وهي ترابيه وغير مهيأه,Taif,منتزه,,,-1,,1,,reviews_zenodo,,https://zenodo.org/records/16924532,static,,2026-09-13T06:19:18.696424+00:00,False
reviews_03116,تلفريك الهدا,,من اجمل الاماكن بالمملكة تجربة تستحق التكرار في اقرب فرصة باذن الله تعالى,Taif,منتزه,,,,,1,1,reviews_zenodo,,https://zenodo.org/records/16924532,static,,2026-09-13T06:19:18.696424+00:00,False
reviews_03117,تلفريك الهدا,,تجربة رائعة بصراحة منظر جميل ورائع النزول والطلوع بعربة التلفريك حلواااأ ايضا توجد ملاهي السيارات اسفل المنتزة ...,Taif,منتزه,,,1,,,1,reviews_zenodo,,https://zenodo.org/records/16924532,static,,2026-09-13T06:19:18.696424+00:00,False
reviews_03118,تلفريك الهدا,,بصراحة كويس جدا بس غالي شويه,Taif,منتزه,-1,,,,1,,reviews_zenodo,,https://zenodo.org/records/16924532,static,,2026-09-13T06:19:18.696424+00:00,False
reviews_03119,تلفريك الهدا,,التلفريك جميل جدا لكن سعر الشخص الواحد غالي جدا ٨٥ ريال,Taif,منتزه,-1,,,,1,,reviews_zenodo,,https://zenodo.org/records/16924532,static,,2026-09-13T06:19:18.696424+00:00,False
reviews_03120,تلفريك الهدا,,التلفريك جدا نظيف ومعقم انصح للعوائل,Taif,منتزه,,1,,,,1,reviews_zenodo,,https://zenodo.org/records/16924532,static,,2026-09-13T06:19:18.696424+00:00,False
reviews_03121,تلفريك الهدا,,مكان جميل لنزهة وتغير الجو الاسعاااااار مرتفعة جدا ...,Taif,منتزه,-1,,,,1,,reviews_zenodo,,https://zenodo.org/records/16924532,static,,2026-09-13T06:19:18.696424+00:00,False
reviews_03122,تلفريك الهدا,,جيد ومبالغ في أسعاره مقارنة مع باقي الدول,Taif,منتزه,-1,,,,0,,reviews_zenodo,,https://zenodo.org/records/16924532,static,,2026-09-13T06:19:18.696424+00:00,False
reviews_03123,تلفريك الهدا,,خدمات بالمنتزه زي الزفت ولا يستحق الزيارة مرة اخرى ...!,Taif,منتزه,,,-1,,,-1,reviews_zenodo,,https://zenodo.org/records/16924532,static,,2026-09-13T06:19:18.696424+00:00,False
reviews_03124,تلفريك الهدا,,جيد لكن الأسعار مرتفعه,Taif,منتزه,-1,,,,0,,reviews_zenodo,,https://zenodo.org/records/16924532,static,,2026-09-13T06:19:18.696424+00:00,False
reviews_03125,تلفريك الهدا,,مكان جميل وتجربه رائعه,Taif,منتزه,,,,,1,1,reviews_zenodo,,https://zenodo.org/records/16924532,static,,2026-09-13T06:19:18.696424+00:00,False
reviews_03126,تلفريك الهدا,,المكان والفيو ممتاز ويستحق التجربة,Taif,منتزه,,,,,1,1,reviews_zenodo,,https://zenodo.org/records/16924532,static,,2026-09-13T06:19:18.696424+00:00,False
reviews_03127,تلفريك الهدا,,جميل لكن الاسعار مرتفعة جدا,Taif,منتزه,-1,,,,1,,reviews_zenodo,,https://zenodo.org/records/16924532,static,,2026-09-13T06:19:18.696424+00:00,False
reviews_03128,تلفريك الهدا,,أسعارهم عالية جدا جدا لا أظن يستحق كل هذه المبالغ الطائلة لشيء لا أرى فيها جودة تستحق الدفع,Taif,منتزه,-1,,,,-1,,reviews_zenodo,,https://zenodo.org/records/16924532,static,,2026-09-13T06:19:18.696424+00:00,False
reviews_03129,تلفريك الهدا,,تجربة جميلة لأكن الأسعار مبالغة أتمنى النظر فيها,Taif,منتزه,-1,,,,,1,reviews_zenodo,,https://zenodo.org/records/16924532,static,,2026-09-13T06:19:18.696424+00:00,False
reviews_03130,تلفريك الهدا,,تجربه ممتازه بس الأسعار مبالغ فيها,Taif,منتزه,-1,,,,,1,reviews_zenodo,,https://zenodo.org/records/16924532,static,,2026-09-13T06:19:18.696424+00:00,False
reviews_03131,تلفريك الهدا,,تجربة جميلة جدا بس غالي جدا,Taif,منتزه,-1,,,,,1,reviews_zenodo,,https://zenodo.org/records/16924532,static,,2026-09-13T06:19:18.696424+00:00,False
reviews_03132,تلفريك الهدا,,تجربه جميله ولكن مبالغ بسعر الشخص الواحد ب80 ريال,Taif,منتزه,-1,,,,,1,reviews_zenodo,,https://zenodo.org/records/16924532,static,,2026-09-13T06:19:18.696424+00:00,False
reviews_03133,متحف الاصالة,,جميل لكن السعر مبالغ فيه لو الشخص ب ١٠ او ٥ احتمال الزوار كثير,Hail,متحف,-1,,,,1,,reviews_zenodo,,https://zenodo.org/records/16924532,static,,2026-09-13T06:19:18.696424+00:00,False
reviews_03134,متحف الاصالة,,مكان جميل جدا يربطك بالماضي صاحب المتحف رجل بشوش متعاون لطيف في تعامله مع الزوار,Hail,متحف,,,,1,1,,reviews_zenodo,,https://zenodo.org/records/16924532,static,,2026-09-13T06:19:18.696424+00:00,False
reviews_03135,متحف الاصالة,,راىع لكن الحارس السوداني مزعج,Hail,متحف,,,,-1,1,,reviews_zenodo,,https://zenodo.org/records/16924532,static,,2026-09-13T06:19:18.696424+00:00,False
reviews_03136,متحف الاصالة,,ممتاز جدا و صاحبه كريم و يرحب بالجميع و ينصح بزيارته,Hail,متحف,,,,1,1,1,reviews_zenodo,,https://zenodo.org/records/16924532,static,,2026-09-13T06:19:18.696424+00:00,False
reviews_03137,متحف الاصالة,,مدير المتحف اسلوبه جدا سيئ في التعامل عشان حصلنا نتصور عند السياره اللي واقفه برا ، يرفع صوته ويتكلم ب اسلوب قليل ادب ومن سوء التعامل كنسلنا ندخل المتحف 👎🏼,Hail,متحف,,,,-1,,-1,reviews_zenodo,,https://zenodo.org/records/16924532,static,,2026-09-13T06:19:18.696424+00:00,False
reviews_03138,متحف الاصالة,,اسم على مسمى جهود جبارة انصح وبشده زيارته,Hail,متحف,,,,,1,1,reviews_zenodo,,https://zenodo.org/records/16924532,static,,2026-09-13T06:19:18.696424+00:00,False
reviews_03139,متحف الاصالة,,مكان مميز يستحق الزيارة و اتمنى توسعته والحاق به كافيه ومطعم خصوصا انه يتمتع باطلاله على القلعة ويتمركز بوسط المدينة,Hail,متحف,,,-1,,1,1,reviews_zenodo,,https://zenodo.org/records/16924532,static,,2026-09-13T06:19:18.696424+00:00,False
reviews_03140,متحف الاصالة,,ممتاز جدا الموقع حائل وأدعو الجميع بزيارته,Hail,متحف,,,,,1,1,reviews_zenodo,,https://zenodo.org/records/16924532,static,,2026-09-13T06:19:18.696424+00:00,False
reviews_03141,متحف الاصالة,,رائع جدا والاروع المالك والكرم الحايلي انصح وبشده زيارته,Hail,متحف,,,,1,1,1,reviews_zenodo,,https://zenodo.org/records/16924532,static,,2026-09-13T06:19:18.696424+00:00,False
reviews_03142,متحف الاصالة,,موقع مميز وتجديد واهتمام وفيه ذكريات مميزة لاتنسى,Hail,متحف,,,,,1,1,reviews_zenodo,,https://zenodo.org/records/16924532,static,,2026-09-13T06:19:18.696424+00:00,False
reviews_03143,متحف الاصالة,,متحف ممتاز وجميل ومتعوب عليه ويستحق الزياره، وتجميع القطع اللي فيه تمت بسنوات وليس بسنه أو ثلاث ، نسأل الله لصاحبه التوفيق.,Hail,متحف,,,,,1,1,reviews_zenodo,,https://zenodo.org/records/16924532,static,,2026-09-13T06:19:18.696424+00:00,False
reviews_03144,متحف الاصالة,,متحف رائع جدا وجميل ،،، كل الشكر والتقدير لصاحب المتحف .,Hail,متحف,,,,,1,1,reviews_zenodo,,https://zenodo.org/records/16924532,static,,2026-09-13T06:19:18.696424+00:00,False
reviews_03145,متحف الاصالة,,مكان ممتاز ويشكر صاحب المتحف ع جهوده,Hail,متحف,,,,1,1,,reviews_zenodo,,https://zenodo.org/records/16924532,static,,2026-09-13T06:19:18.696424+00:00,False
reviews_03146,متحف الاصالة,,متحف رائع وجميل انصح بزيارته,Hail,متحف,,,,,1,1,reviews_zenodo,,https://zenodo.org/records/16924532,static,,2026-09-13T06:19:18.696424+00:00,False
reviews_03147,متحف الاصالة,,بحاجة لزيادة ترتيب واهتمام .. عدم المام المرشد بجميع محتويات المتحف .. الانارة خافتة بعض الشيء,Hail,متحف,,,,-1,-1,,reviews_zenodo,,https://zenodo.org/records/16924532,static,,2026-09-13T06:19:18.696424+00:00,False
reviews_03148,متحف الاصالة,,متحف يستحق الزيارة. بارك الله للقائمين عليه. وفقكم الله,Hail,متحف,,,,,1,1,reviews_zenodo,,https://zenodo.org/records/16924532,static,,2026-09-13T06:19:18.696424+00:00,False
reviews_03149,متحف الاصالة,,تذكرة الدخول مرتفع سعرها نوعا ما ، المتحف جميل جدا ، يحوي الكثير من تراث الأجداد ، بجانبه مباشرة قلعه تستطيع زيارتها و التجول فيها خلال ٢٠ دقيقة .,Hail,متحف,-1,,,,1,,reviews_zenodo,,https://zenodo.org/records/16924532,static,,2026-09-13T06:19:18.696424+00:00,False
reviews_03150,متحف الاصالة,,أفضل متحف في حائل وانصح بزيارته,Hail,متحف,,,,,1,1,reviews_zenodo,,https://zenodo.org/records/16924532,static,,2026-09-13T06:19:18.696424+00:00,False
reviews_03151,منتزه السلام,,جميل وواسع نوعا ما وفيه دورات مياه رجال و نساء,Hail,منتزه,,,1,,1,,reviews_zenodo,,https://zenodo.org/records/16924532,static,,2026-09-13T06:19:18.696424+00:00,False
reviews_03152,منتزه السلام,,حلو وموقعه كويس لاكن لايوجد اهتمام بدورات المياه حيييل متسخه,Hail,منتزه,,-1,,,1,,reviews_zenodo,,https://zenodo.org/records/16924532,static,,2026-09-13T06:19:18.696424+00:00,False
reviews_03153,منتزه السلام,,للاسف ما يعتبر لا منتزه و لا فيه اي اهتمام ، نأمل من الجهات المختصة اعادة الحياة و انشاء جلسات خاصة و كشكات لبيع الماء و الاسر المنتجة ، و تنظيمه بما يليق فمكانه مناسب بعيد عن الشوارع و الطرق المزدحمه و يخدمه الجبل فهو مصد عن الرياح و الهبايب الغربية ، فيا ليت يا ليت ترجع له الحياة مع التنظيم و المتابعة,Hail,منتزه,,,-1,,-1,,reviews_zenodo,,https://zenodo.org/records/16924532,static,,2026-09-13T06:19:18.696424+00:00,False
reviews_03154,منتزه السلام,,ممتاز ونضيف,Hail,منتزه,,1,,,1,,reviews_zenodo,,https://zenodo.org/records/16924532,static,,2026-09-13T06:19:18.696424+00:00,False
reviews_03155,منتزه السلام,,هادي ونظيف دورات نوع ماء نظيفه,Hail,منتزه,,1,,,1,,reviews_zenodo,,https://zenodo.org/records/16924532,static,,2026-09-13T06:19:18.696424+00:00,False
reviews_03156,منتزه السلام,,جميل لكن يجب يجب يجب الاهتمام بدورات المياه خاصتن النسائية,Hail,منتزه,,,-1,,1,,reviews_zenodo,,https://zenodo.org/records/16924532,static,,2026-09-13T06:19:18.696424+00:00,False
reviews_03157,منتزه السلام,,جميل وهادي وقليل المتنزهين فيه بسبب عدم وجود مراجيح اللعاب اطفال...للكشتات رهيب,Hail,منتزه,,,-1,,1,,reviews_zenodo,,https://zenodo.org/records/16924532,static,,2026-09-13T06:19:18.696424+00:00,False
reviews_03158,منتزه السلام,,موقع ممتاز.. لكن ينقصه كثير من الخدمات والاهتمام,Hail,منتزه,,,-1,,1,,reviews_zenodo,,https://zenodo.org/records/16924532,static,,2026-09-13T06:19:18.696424+00:00,False
reviews_03159,منتزه السلام,,منتزة ممتاز جدا مسطحات خضراء شلالات صناعية خدمات مسجد ودورات مياه اجلكم الله,Hail,منتزه,,,1,,1,,reviews_zenodo,,https://zenodo.org/records/16924532,static,,2026-09-13T06:19:18.696424+00:00,False
reviews_03160,منتزه السلام,,جميل بس ينقصه خدمات,Hail,منتزه,,,-1,,1,,reviews_zenodo,,https://zenodo.org/records/16924532,static,,2026-09-13T06:19:18.696424+00:00,False
reviews_03161,منتزه السلام,,للأسف صار غير مناسب وهناك إهمال كبير للمسجد ودورات المياه,Hail,منتزه,,,-1,,-1,,reviews_zenodo,,https://zenodo.org/records/16924532,static,,2026-09-13T06:19:18.696424+00:00,False
reviews_03162,منتزه السلام,,منتزه سيء جدا المسطحات الخضرا أصبحت صفرا منتزه وسخ مافي اهتمام من الامانه او البلدية الإضاءة سيئة صراحة تجربة ما كانت موفقة,Hail,منتزه,,-1,,,,-1,reviews_zenodo,,https://zenodo.org/records/16924532,static,,2026-09-13T06:19:18.696424+00:00,False
reviews_03163,جزيرة النورس ينبع,,جزيرة النورس بينبع من أفضل الأماكن التي زرتها في ينبع هدوء ومسطحات خضراء ونظيفه على البحر ومرافق عامة ممتازه تصلح للعائلات,Yanbu,حديقة,,1,1,,1,1,reviews_zenodo,,https://zenodo.org/records/16924532,static,,2026-09-13T06:19:18.696424+00:00,False
reviews_03164,جزيرة النورس ينبع,,مكان جميل جدا ونظيف وهادي، متكامل فيه كل شيء يهبل😍 جينا بيوم فيه هواء قوي لكن انبسطنا بالمكان👍🏼,Yanbu,حديقة,,1,,,1,1,reviews_zenodo,,https://zenodo.org/records/16924532,static,,2026-09-13T06:19:18.696424+00:00,False
reviews_03165,جزيرة النورس ينبع,,لاتزال ينبع تبهرنا بجمال التنظيم للشواطئ ..جزيرة النورس هادئة جميلة فيها دورات مياه ومصلى ومقهى ونوافير مناظر جماليه 😍شكرا لجميع القائمين على هذا الجمال وياليت كل الزوار يساهمو بالمحافظه على نظافة المرافق كما شاهدناها نظيفه.,Yanbu,حديقة,,1,1,,1,1,reviews_zenodo,,https://zenodo.org/records/16924532,static,,2026-09-13T06:19:18.696424+00:00,False
reviews_03166,جزيرة النورس ينبع,,الجزيرة رائعة وجميلة والمناظر خلابة والهواء عليل وما اجمل غروب الشمس يوجد شاطئ مقابل محل الالعاب تشكي شيز المكانرائع و نظيف 💞💞💞💞,Yanbu,حديقة,,1,,,1,1,reviews_zenodo,,https://zenodo.org/records/16924532,static,,2026-09-13T06:19:18.696424+00:00,False
reviews_03167,جزيرة النورس ينبع,,روعه مكان يستحق الزياره متعة الغروب 🌇 لحظات لا تفوت,Yanbu,حديقة,,,,,1,1,reviews_zenodo,,https://zenodo.org/records/16924532,static,,2026-09-13T06:19:18.696424+00:00,False
reviews_03168,جزيرة النورس ينبع,,جزيرة مليئة بالمسطحات الخضراء ومسارات المشي ، جميلة ومرتبة .,Yanbu,حديقة,,,1,,1,,reviews_zenodo,,https://zenodo.org/records/16924532,static,,2026-09-13T06:19:18.696424+00:00,False
reviews_03169,جزيرة النورس ينبع,,جميله ونظيفه ومكان عائلي جميل واطلاله رائعه,Yanbu,حديقة,,1,,,1,,reviews_zenodo,,https://zenodo.org/records/16924532,static,,2026-09-13T06:19:18.696424+00:00,False
reviews_03170,جزيرة النورس ينبع,,جميل جدا داخلها العاب اطفال وكافيه,Yanbu,حديقة,,,1,,1,,reviews_zenodo,,https://zenodo.org/records/16924532,static,,2026-09-13T06:19:18.696424+00:00,False
reviews_03171,جزيرة النورس ينبع,,مكان هادئ وجميل متنزه اكثر من رائع للعوائل,Yanbu,حديقة,,,,,1,1,reviews_zenodo,,https://zenodo.org/records/16924532,static,,2026-09-13T06:19:18.696424+00:00,False
reviews_03172,جزيرة النورس ينبع,,جميلة جدآ متعة البحر نظافة الحديقة كل شي جميل,Yanbu,حديقة,,1,,,1,,reviews_zenodo,,https://zenodo.org/records/16924532,static,,2026-09-13T06:19:18.696424+00:00,False
reviews_03173,جزيرة النورس ينبع,,نظافة وعناية وخدمات قمة,Yanbu,حديقة,,1,1,,,,reviews_zenodo,,https://zenodo.org/records/16924532,static,,2026-09-13T06:19:18.696424+00:00,False
reviews_03174,جزيرة النورس ينبع,,منطقة جميلة جدا متوفر فيها جميع الخدمات,Yanbu,حديقة,,,1,,1,,reviews_zenodo,,https://zenodo.org/records/16924532,static,,2026-09-13T06:19:18.696424+00:00,False
reviews_03175,جزيرة النورس ينبع,,جميل جدا ..مسطحات خضراء..مسجد ..مقهى ..دورات مياه ..مناظر جميله,Yanbu,حديقة,,,1,,1,,reviews_zenodo,,https://zenodo.org/records/16924532,static,,2026-09-13T06:19:18.696424+00:00,False
reviews_03176,جزيرة النورس ينبع,,جميلة وهاديه ونظيفة أكرر الزيارة🙏🏻,Yanbu,حديقة,,1,,,1,1,reviews_zenodo,,https://zenodo.org/records/16924532,static,,2026-09-13T06:19:18.696424+00:00,False
reviews_03177,جزيرة النورس ينبع,,جميلة جدا وممتعة لكن خذ اغراضك كاملة أفضل اسعار المقاهي ( الكشكات) مرتفعة,Yanbu,حديقة,-1,,,,1,,reviews_zenodo,,https://zenodo.org/records/16924532,static,,2026-09-13T06:19:18.696424+00:00,False
reviews_03178,جزيرة النورس ينبع,,تستحق الزيارة وقت الغروب 😍,Yanbu,حديقة,,,,,1,1,reviews_zenodo,,https://zenodo.org/records/16924532,static,,2026-09-13T06:19:18.696424+00:00,False
reviews_03179,جزيرة النورس ينبع,,مكان ممتاز هادئ منظم جميل جدا,Yanbu,حديقة,,,,,1,1,reviews_zenodo,,https://zenodo.org/records/16924532,static,,2026-09-13T06:19:18.696424+00:00,False
reviews_03180,جزيرة النورس ينبع,,جميله وتستحق الزياره,Yanbu,حديقة,,,,,1,1,reviews_zenodo,,https://zenodo.org/records/16924532,static,,2026-09-13T06:19:18.696424+00:00,False
reviews_03181,جزيرة النورس ينبع,,مكان جميل جدا هادي مناسب صباحيات النظافه على مستوى,Yanbu,حديقة,,1,,,1,,reviews_zenodo,,https://zenodo.org/records/16924532,static,,2026-09-13T06:19:18.696424+00:00,False
reviews_03182,جزيرة النورس ينبع,,جميله ونظيفة ومرتبة,Yanbu,حديقة,,1,,,1,,reviews_zenodo,,https://zenodo.org/records/16924532,static,,2026-09-13T06:19:18.696424+00:00,False
reviews_03183,جزيرة النورس ينبع,,جميلة و المرافق جميلة,Yanbu,حديقة,,,1,,1,,reviews_zenodo,,https://zenodo.org/records/16924532,static,,2026-09-13T06:19:18.696424+00:00,False
reviews_03184,جزيرة النورس ينبع,,جدا مريحه ومكان نظيف مطل على البحر متنفس اتمنى الاهتمام اكثر بدورات المياة,Yanbu,حديقة,,1,0,,1,,reviews_zenodo,,https://zenodo.org/records/16924532,static,,2026-09-13T06:19:18.696424+00:00,False
reviews_03185,جزيرة النورس ينبع,,المكان رائع ويستحق الزياره لايفوتكم😍❤️❤️❤️❤️,Yanbu,حديقة,,,,,1,1,reviews_zenodo,,https://zenodo.org/records/16924532,static,,2026-09-13T06:19:18.696424+00:00,False
reviews_03186,جزيرة النورس ينبع,,جميلة نظيفة منظمة ماشالله جدا راىعة ينبع كلها جميلة ماشالله على كمية الاعتناء بالنظافة والتنظيم رائعة,Yanbu,حديقة,,1,,,1,,reviews_zenodo,,https://zenodo.org/records/16924532,static,,2026-09-13T06:19:18.696424+00:00,False
reviews_03187,جزيرة النورس ينبع,,تحتاج لخدمات...لكنها تبدو رائع...لكن لا يوجد الكثير من الأنشطة لقضاء وقت طويل بها,Yanbu,حديقة,,,-1,,1,,reviews_zenodo,,https://zenodo.org/records/16924532,static,,2026-09-13T06:19:18.696424+00:00,False
reviews_03188,جزيرة النورس ينبع,,الجزيره جدا رائعه نظافه وخدمات,Yanbu,حديقة,,1,1,,1,,reviews_zenodo,,https://zenodo.org/records/16924532,static,,2026-09-13T06:19:18.696424+00:00,False
reviews_03189,جزيرة النورس ينبع,,جميله ومرتبه وتستحق الزياره ، افضل وقت قبل الغروب او عند الشروق ، فيها خدمات متكامله,Yanbu,حديقة,,,1,,1,1,reviews_zenodo,,https://zenodo.org/records/16924532,static,,2026-09-13T06:19:18.696424+00:00,False
reviews_03190,جزيرة النورس ينبع,,المكان يجنن هادي ونظيف ومناسب جدا فيه عيبين الأول دورات المياة للأسف سيئه والثاني كشكات الكوفي وغيرها مو كثير يعني مافيه خيارات ومع ذلك جميله وتستحق الزياره 👌🏻,Yanbu,حديقة,,1,-1,,1,1,reviews_zenodo,,https://zenodo.org/records/16924532,static,,2026-09-13T06:19:18.696424+00:00,False
reviews_03191,جزيرة النورس ينبع,,جزيرة النورس من أجمل الأماكن التي زرتها في ينبع نظيفه ومسطحات خضراء أمامك الشاطئ جميل ونظيف ومرافق عامة ومسار للمشي و الالعاب للاطفال نشكر القائمين والمسوؤولين من الهيئه الملكيه على هذا الإنجاز الرائع 🌹,Yanbu,حديقة,,1,1,,1,1,reviews_zenodo,,https://zenodo.org/records/16924532,static,,2026-09-13T06:19:18.696424+00:00,False
reviews_03192,جزيرة النورس ينبع,,جزيرة النورس في ينبع من أفضل الأماكن السياحية. انصح الجميع بزيارتها,Yanbu,حديقة,,,,,1,1,reviews_zenodo,,https://zenodo.org/records/16924532,static,,2026-09-13T06:19:18.696424+00:00,False
reviews_03193,جزيرة النورس ينبع,,من أفضل الأماكن ينبع نظافة و تنظيم,Yanbu,حديقة,,1,,,1,,reviews_zenodo,,https://zenodo.org/records/16924532,static,,2026-09-13T06:19:18.696424+00:00,False
reviews_03194,جزيرة النورس ينبع,,منتزه جميل وهادي ونظيف، وإطلاته ولا بالخيال تبارك الله. تتوفر فيه عدة مصليات وعدة دورات مياه. وقريب من عدة مطاعم. مكان سياحي جميل.,Yanbu,حديقة,,1,1,,1,,reviews_zenodo,,https://zenodo.org/records/16924532,static,,2026-09-13T06:19:18.696424+00:00,False
reviews_03195,جزيرة النورس ينبع,,من افضل الشواطئ الي زرتها,Yanbu,حديقة,,,,,1,1,reviews_zenodo,,https://zenodo.org/records/16924532,static,,2026-09-13T06:19:18.696424+00:00,False
reviews_03196,جزيرة النورس ينبع,,المكان جميل ونظيف وهاديء...,Yanbu,حديقة,,1,,,1,,reviews_zenodo,,https://zenodo.org/records/16924532,static,,2026-09-13T06:19:18.696424+00:00,False
reviews_03197,جزيرة النورس ينبع,,جميلة جدا تنقصها بعض الخدمات,Yanbu,حديقة,,,-1,,1,,reviews_zenodo,,https://zenodo.org/records/16924532,static,,2026-09-13T06:19:18.696424+00:00,False
reviews_03198,جزيرة النورس ينبع,,جزيرة جميلة ورايقة .. اغلب الوقت تكون هوا لكن تظل جميلة ،. تنقصها الخدمات لا يوجد فيها الا مقهى واحد .. نحتاج مقاهي او فود تركس.. او مثلا جلسات عالبحر ومخدومة .. المسطحات كثير بدون اي فايدة .. شكرا,Yanbu,حديقة,,,-1,,1,,reviews_zenodo,,https://zenodo.org/records/16924532,static,,2026-09-13T06:19:18.696424+00:00,False
reviews_03199,جزيرة النورس ينبع,,المكان جميل جدا جدا ينقصه البقالات,Yanbu,حديقة,,,-1,,1,,reviews_zenodo,,https://zenodo.org/records/16924532,static,,2026-09-13T06:19:18.696424+00:00,False
reviews_03200,جزيرة النورس ينبع,,مكان رائع هادي جميل انصح الجميع بالذهاب إليه وتجربته لهو إطلالة رائعة,Yanbu,حديقة,,,,,1,1,reviews_zenodo,,https://zenodo.org/records/16924532,static,,2026-09-13T06:19:18.696424+00:00,False
reviews_03201,جزيرة النورس ينبع,,جميلة وراقيه ونظافة اشكر القائمين على هذا الموقع,Yanbu,حديقة,,1,,,,,reviews_zenodo,,https://zenodo.org/records/16924532,static,,2026-09-13T06:19:18.696424+00:00,False
reviews_03202,جزيرة النورس ينبع,,والله من أجمل الجزر والحدائق التي زرتها لحدالان نظافة تنظيم دورات مياة أكرمكم الله.. تستحق الزيارة.,Yanbu,حديقة,,1,1,,1,1,reviews_zenodo,,https://zenodo.org/records/16924532,static,,2026-09-13T06:19:18.696424+00:00,False
reviews_03203,جزيرة النورس ينبع,,نظيف ومميز وخدمات رائعة,Yanbu,حديقة,,1,1,,,,reviews_zenodo,,https://zenodo.org/records/16924532,static,,2026-09-13T06:19:18.696424+00:00,False
reviews_03204,جزيرة النورس ينبع,,نظيفه ولكن يحتاج لمطاعم ووكوفيهات,Yanbu,حديقة,,1,-1,,,,reviews_zenodo,,https://zenodo.org/records/16924532,static,,2026-09-13T06:19:18.696424+00:00,False
reviews_03205,جزيرة النورس ينبع,,هادي و نضيف و مطل على البحر و يوجد العاب اطفال,Yanbu,حديقة,,1,1,,,,reviews_zenodo,,https://zenodo.org/records/16924532,static,,2026-09-13T06:19:18.696424+00:00,False
reviews_03206,جزيرة النورس ينبع,,مكان رائع جدا جدا ويستحق الزيارة ❤️,Yanbu,حديقة,,,,,1,1,reviews_zenodo,,https://zenodo.org/records/16924532,static,,2026-09-13T06:19:18.696424+00:00,False
reviews_03207,جزيرة النورس ينبع,,حديقة جميلة لكن ينقصها خدمات الاكل والفودترك,Yanbu,حديقة,,,-1,,1,,reviews_zenodo,,https://zenodo.org/records/16924532,static,,2026-09-13T06:19:18.696424+00:00,False
reviews_03208,جزيرة النورس ينبع,,مكان جميل جدا ونظيف ..كان الجو مغيم شوي ولون البحر خيال ..يفضل تجيب كامل احتياجاتك معك الخدمات قليلة جدا,Yanbu,حديقة,,1,-1,,1,,reviews_zenodo,,https://zenodo.org/records/16924532,static,,2026-09-13T06:19:18.696424+00:00,False
reviews_03209,جزيرة النورس ينبع,,أجمل مكان زرته هادي ونظيف ويستاهل الزياره مرة ثانيه استمتعت بالاجواء والمكان وكل شيء فيها جميل,Yanbu,حديقة,,1,,,1,1,reviews_zenodo,,https://zenodo.org/records/16924532,static,,2026-09-13T06:19:18.696424+00:00,False
reviews_03210,جزيرة النورس ينبع,,أجمل مكان زرته هادي ونظيف ويستاهل الزياره مرة ثانيه استمتعت بالاجواء والمكان وكل شيء فيها جميل,Yanbu,حديقة,,,,,1,1,reviews_zenodo,,https://zenodo.org/records/16924532,static,,2026-09-13T06:19:18.696424+00:00,False
reviews_03211,جزيرة النورس ينبع,,مناظر خلابة والجزيرة صغيرة لطيفة نظيفة,Yanbu,حديقة,,1,,,1,,reviews_zenodo,,https://zenodo.org/records/16924532,static,,2026-09-13T06:19:18.696424+00:00,False
reviews_03212,جزيرة النورس ينبع,,مكان جميل جدا وعنايه اكثر من رائعه اتمنى الاستمرار يستحق الزياره مكان ممتع,Yanbu,حديقة,,,,,1,1,reviews_zenodo,,https://zenodo.org/records/16924532,static,,2026-09-13T06:19:18.696424+00:00,False
reviews_03213,متحف الشريف,,متحف جدا رائع والقائمين عليه ما قصرو بالشرح,Taif,متحف,,,,1,1,,reviews_zenodo,,https://zenodo.org/records/16924532,static,,2026-09-13T06:19:18.696424+00:00,False
reviews_03214,متحف الشريف,,متحف جميل مليئ بالآثار يستحق الزيارة لفت إهتمامي بعض الأواني والتحف,Taif,متحف,,,,,1,1,reviews_zenodo,,https://zenodo.org/records/16924532,static,,2026-09-13T06:19:18.696424+00:00,False
reviews_03215,متحف الشريف,,مره ممتاز ومرتب وسعر الدخول ممتاز .. والتنظيم بالداخل رائع وفيه اشاء جدا جميلة مواقف متوفره.. انصح بزيارته,Taif,متحف,1,,,1,1,1,reviews_zenodo,,https://zenodo.org/records/16924532,static,,2026-09-13T06:19:18.696424+00:00,False
reviews_03216,متحف الشريف,,متحف جميل جدا جدا أنصح كل من يزور الطائف بزيارته .. أقسامه مرتبه وفيها أشياء قديمة وجميلة جدا.,Taif,متحف,,,,,1,1,reviews_zenodo,,https://zenodo.org/records/16924532,static,,2026-09-13T06:19:18.696424+00:00,False
reviews_03217,متحف الشريف,,متحف جميل رائع يستحق الزيارة.. مرتب منسق اتمنى له التطوير والتوسع والمزيد..,Taif,متحف,,,,,1,1,reviews_zenodo,,https://zenodo.org/records/16924532,static,,2026-09-13T06:19:18.696424+00:00,False
reviews_03218,متحف الشريف,,متحف تاريخي رائع..فيه الكثير من التحف التاريخيه والسيارات والأواني القديمه..زياره جدآ فاخره,Taif,متحف,,,,,1,1,reviews_zenodo,,https://zenodo.org/records/16924532,static,,2026-09-13T06:19:18.696424+00:00,False
reviews_03219,متحف الشريف,,متحف رااائع انصح الجميع بزيارته لكن عندي ملاحظة صغيره يليت يهتموا بنظافة المكان كل المقتنيات عندهم مغبره مليانه تراب .وعندي اقتراح مااعرف اذا كان سهل تنفيذه او لاء /ان تكون المقتنيات داخل زجاج زي مانشوف في المتاحف خارج السعودية بكذا يحافظ عليها وماتتوسخ,Taif,متحف,,-1,,,1,1,reviews_zenodo,,https://zenodo.org/records/16924532,static,,2026-09-13T06:19:18.696424+00:00,False
reviews_03220,متحف الشريف,,مكان رائع وكبير ويوجد فيه اثريات كثيره وقديمة جدا انصح بزيارتة,Taif,متحف,,,,,1,1,reviews_zenodo,,https://zenodo.org/records/16924532,static,,2026-09-13T06:19:18.696424+00:00,False
reviews_03221,متحف الشريف,,كل الشكر و التقدير على حسن الاستقبال المتحف يستاهل من افضل الاماكن في الطائفي,Taif,متحف,,,,1,1,1,reviews_zenodo,,https://zenodo.org/records/16924532,static,,2026-09-13T06:19:18.696424+00:00,False
reviews_03222,متحف الشريف,,صراحه فوق الابداع والوصف الرجل مهتم بأدق التفاصيل و واضح جهده وتعبه وكل شي مرتب وموثق وأنيق سعيده جدا بزيارتي لهذا المكان اللي أعادني للزمن الجميل,Taif,متحف,,,,,1,1,reviews_zenodo,,https://zenodo.org/records/16924532,static,,2026-09-13T06:19:18.696424+00:00,False
reviews_03223,متحف الشريف,,المكان مرتب ونظيف تذكرة دخول عشرين ريال لشخص ..فيه اشياء قديمه تذكرك بالماضي العريق,Taif,متحف,,1,,,1,,reviews_zenodo,,https://zenodo.org/records/16924532,static,,2026-09-13T06:19:18.696424+00:00,False
reviews_03224,متحف الشريف,,مميز للغاية ومنظم ومبدع... موقع مميز لزيارة عائلية,Taif,متحف,,,,,1,1,reviews_zenodo,,https://zenodo.org/records/16924532,static,,2026-09-13T06:19:18.696424+00:00,False
reviews_03225,متحف الشريف,,موقع ممتاز للعوائل وانصح بزيارته,Taif,متحف,,,,,1,1,reviews_zenodo,,https://zenodo.org/records/16924532,static,,2026-09-13T06:19:18.696424+00:00,False
reviews_03226,متحف الشريف,,متحف مميز وجميل يستحق الزيارة، تجربة فريدة🔮,Taif,متحف,,,,,1,1,reviews_zenodo,,https://zenodo.org/records/16924532,static,,2026-09-13T06:19:18.696424+00:00,False
reviews_03227,متحف الشريف,,تجربة مميزة جدا لقضاء وقت مفيد وممتع للعائلات شكرا جزيلا لجميع القائمين على المتحف.,Taif,متحف,,,,1,1,1,reviews_zenodo,,https://zenodo.org/records/16924532,static,,2026-09-13T06:19:18.696424+00:00,False
reviews_03228,متحف الشريف,,حلو والأشياء جميلة جدا و الاحلى انه غير مسموح لمسها 😌 بس حمام النساء الله يكرمكم وصخ جداااا ولا يوجد عاملة تنظيف اتمنى وضع عاملة تنظيف للحمامات وشكرا..🙂,Taif,متحف,,-1,,,1,,reviews_zenodo,,https://zenodo.org/records/16924532,static,,2026-09-13T06:19:18.696424+00:00,False
reviews_03229,متحف الشريف,,مكان جميل وممتع وانصح بزيارته,Taif,متحف,,,,,1,1,reviews_zenodo,,https://zenodo.org/records/16924532,static,,2026-09-13T06:19:18.696424+00:00,False
reviews_03230,متحف الشريف,,ممتاز جدا وانصح الزوار بزيارته,Taif,متحف,,,,,1,1,reviews_zenodo,,https://zenodo.org/records/16924532,static,,2026-09-13T06:19:18.696424+00:00,False
reviews_03231,متحف الشريف,,رائع جدا.. شكرا للقائمين عليه.,Taif,متحف,,,,1,1,,reviews_zenodo,,https://zenodo.org/records/16924532,static,,2026-09-13T06:19:18.696424+00:00,False
reviews_03232,متحف الشريف,,متحف رائع ومنظم يعيدك لماضي اجدادنا فالسابق وانصح بزيارته والاستمتاع,Taif,متحف,,,,,1,1,reviews_zenodo,,https://zenodo.org/records/16924532,static,,2026-09-13T06:19:18.696424+00:00,False
reviews_03233,متحف الشريف,,مجهود شخصي رائع ومميز أنصح بزيارتة مع الأطفال للتذكير بالماضي,Taif,متحف,,,,,1,1,reviews_zenodo,,https://zenodo.org/records/16924532,static,,2026-09-13T06:19:18.696424+00:00,False
reviews_03234,متحف الشريف,,المتحف جميل جدا ويستحق الزياره,Taif,متحف,,,,,1,1,reviews_zenodo,,https://zenodo.org/records/16924532,static,,2026-09-13T06:19:18.696424+00:00,False
reviews_03235,متحف الشريف,,مكان اكثر من رائع يستحق الزيارة,Taif,متحف,,,,,1,1,reviews_zenodo,,https://zenodo.org/records/16924532,static,,2026-09-13T06:19:18.696424+00:00,False
reviews_03236,متحف الشريف,,متحف ممتاز يستاهل الزياره الدخول رخيص ومعقول ٢٠ریال فوق سنتين 👌👌👌👌👌👌,Taif,متحف,1,,,,1,1,reviews_zenodo,,https://zenodo.org/records/16924532,static,,2026-09-13T06:19:18.696424+00:00,False
reviews_03237,متحف الشريف,,مكان يرجعك للزمن الجميل ومتحف جدا رائع محتوى لكل شي قديما ومكان هادئ,Taif,متحف,,,,,1,1,reviews_zenodo,,https://zenodo.org/records/16924532,static,,2026-09-13T06:19:18.696424+00:00,False
reviews_03238,متحف الشريف,,متحف مميز وراقي ولكن مع احترامي للاخ سامي لايوجد مشرفات في المتحف يرافقون الزوار ومعلومتك خاطيئه وتجانب الصواب,Taif,متحف,,,,-1,1,,reviews_zenodo,,https://zenodo.org/records/16924532,static,,2026-09-13T06:19:18.696424+00:00,False
reviews_03239,متحف الشريف,,ابداع يستحق الزيارة,Taif,متحف,,,,,1,1,reviews_zenodo,,https://zenodo.org/records/16924532,static,,2026-09-13T06:19:18.696424+00:00,False
reviews_03240,متحف الشريف,,المكان جميل انصح به,Taif,متحف,,,,,1,1,reviews_zenodo,,https://zenodo.org/records/16924532,static,,2026-09-13T06:19:18.696424+00:00,False
reviews_03241,متحف الشريف,,متحف جميل جدا ننصح بزيارة العوايل,Taif,متحف,,,,,1,1,reviews_zenodo,,https://zenodo.org/records/16924532,static,,2026-09-13T06:19:18.696424+00:00,False
reviews_03242,متحف الشريف,,مكان جميل جدا استمتعنا بزيارة هذا المتحف,Taif,متحف,,,,,1,1,reviews_zenodo,,https://zenodo.org/records/16924532,static,,2026-09-13T06:19:18.696424+00:00,False
reviews_03243,متحف الشريف,,متحف حلو ويستاهل الزياره,Taif,متحف,,,,,1,1,reviews_zenodo,,https://zenodo.org/records/16924532,static,,2026-09-13T06:19:18.696424+00:00,False
reviews_03244,متحف الشريف,,سوف اعيد التجربه مرة ثانيه رائع جدا,Taif,متحف,,,,,1,1,reviews_zenodo,,https://zenodo.org/records/16924532,static,,2026-09-13T06:19:18.696424+00:00,False
reviews_03245,متحف الشريف,,متحف جميل يحوي اشياء من التراث جميله وتعليمي المكان ترتيبه مره مميز,Taif,متحف,,,,,1,1,reviews_zenodo,,https://zenodo.org/records/16924532,static,,2026-09-13T06:19:18.696424+00:00,False
reviews_03246,متحف الشريف,,جميل جميل جميل بس ينقصهم شي بسيط جدا اللي هو انه واحد يعلمك بالاشياء الموجوده ويعلمك تاريخه وسالفته وكذا يعني (مرشد) حتى لو يحط وقت ثلاث جولات في اليوم مع المرشد او ع حسب العدد الزوار يعني يشوفون لهم اليه,Taif,متحف,,,,-1,1,,reviews_zenodo,,https://zenodo.org/records/16924532,static,,2026-09-13T06:19:18.696424+00:00,False
reviews_03247,متحف الشريف,,ممتاز... أشكر القائمين عليه، تذكرة الدخول ب ٢٠ریال لمن هم أكثر من ١٠ سنوات,Taif,متحف,,,,1,1,,reviews_zenodo,,https://zenodo.org/records/16924532,static,,2026-09-13T06:19:18.696424+00:00,False
reviews_03248,متحف الشريف,,متحف جميل يستحق الزيارة,Taif,متحف,,,,,1,1,reviews_zenodo,,https://zenodo.org/records/16924532,static,,2026-09-13T06:19:18.696424+00:00,False
reviews_03249,متحف الشريف,,ممتاز اعظم متحف شفته بحياتي.انصح بزيارته,Taif,متحف,,,,,1,1,reviews_zenodo,,https://zenodo.org/records/16924532,static,,2026-09-13T06:19:18.696424+00:00,False
reviews_03250,متحف الشريف,,متحف يتميز بالهدوء وموظفين محترمين وخاصة الأخت المشرفة التي رافقتنا الشكر لها أخلاق وذوق.,Taif,متحف,,,,1,1,,reviews_zenodo,,https://zenodo.org/records/16924532,static,,2026-09-13T06:19:18.696424+00:00,False
reviews_03251,متحف الشريف,,المتحف صوره قديمه من الماضي حيث عدنا بالذاكره لسنوات نشكر القائمين على المجهودات الرائعه,Taif,متحف,,,,1,1,,reviews_zenodo,,https://zenodo.org/records/16924532,static,,2026-09-13T06:19:18.696424+00:00,False
reviews_03252,متحف الشريف,,جميل جدا متنوع أنصح بزيارته,Taif,متحف,,,,,1,1,reviews_zenodo,,https://zenodo.org/records/16924532,static,,2026-09-13T06:19:18.696424+00:00,False
reviews_03253,متحف الشريف,,ماشاء الله تبارك الله اشكر جميع القائمين على هذا المتحف شكرا من أعماق القلب مكان بالفعل يستحق الزيارة ولكن ياريت توجد لوحات تفصليه لمقتنيات المتحف باللغة العربية وتترجم لعدة لغات,Taif,متحف,,,,,1,1,reviews_zenodo,,https://zenodo.org/records/16924532,static,,2026-09-13T06:19:18.696424+00:00,False
reviews_03254,متحف الشريف,,متحف جميل ومميز 🤩 النظافة ممتازة جدا المكان ١٠/١٠ ورسوم الدخول مناسبة 👌🏼,Taif,متحف,1,1,,,1,,reviews_zenodo,,https://zenodo.org/records/16924532,static,,2026-09-13T06:19:18.696424+00:00,False
reviews_03255,متحف الشريف,,حقيقة تجربه رائعه جدا متحف متميز ومميز لكن يعيب عليه موقعه وعدم توفر مواقف كافيه ليت امانة الطائف تتبناه وتختار له موقع في قلب الطائف فحقيقه ماشاهدته من مقتنيات داخل المتحف جميل وجميل جدا,Taif,متحف,,,,,1,1,reviews_zenodo,,https://zenodo.org/records/16924532,static,,2026-09-13T06:19:18.696424+00:00,False
reviews_03256,متحف الشريف,,ممتاز جدا وننصح بالزيارة,Taif,متحف,,,,,1,1,reviews_zenodo,,https://zenodo.org/records/16924532,static,,2026-09-13T06:19:18.696424+00:00,False
reviews_03257,متحف الشريف,,من افضل المتاحف على مستوى المملكة ينصح زيارته المتحف متعوب عليه و جهد جبار يقصده زوار و المعتمرين من مختلف الجنسيات يحتوي على مقتنيات نادرة وتراثية و سيارات قديمة و اسلحة و كتب دراسية سعودية قديمة و الالعاب اطفال قديمة جدا يوجد جلسات للزوار و يوجد مطعم يخدم الوفود,Taif,متحف,,,,,1,1,reviews_zenodo,,https://zenodo.org/records/16924532,static,,2026-09-13T06:19:18.696424+00:00,False
reviews_03258,متحف الشريف,,اولا للأمانه انا من رآيي الشخصي مبلغ تذكرة الدخول ٢٠ مبالغ فيها جدآ المفروض ٥ ريال للشخص الواحد ثانيا الموقع سيئ جدا,Taif,متحف,-1,,,,-1,,reviews_zenodo,,https://zenodo.org/records/16924532,static,,2026-09-13T06:19:18.696424+00:00,False
reviews_03259,متحف الشريف,,متحف رائع يستحق الزياره,Taif,متحف,,,,,1,1,reviews_zenodo,,https://zenodo.org/records/16924532,static,,2026-09-13T06:19:18.696424+00:00,False
reviews_03260,متحف الشريف,,متحف متميز بل على مستوى عالي لكن رسوم الدخول مرتفعه قليلا,Taif,متحف,-1,,,,1,,reviews_zenodo,,https://zenodo.org/records/16924532,static,,2026-09-13T06:19:18.696424+00:00,False
reviews_03261,متحف الشريف,,متحف رائع ومنوع ويستحق الزيارة والرسوم عالية نوعا ما بالنسبة للموجودات,Taif,متحف,-1,,,,1,1,reviews_zenodo,,https://zenodo.org/records/16924532,static,,2026-09-13T06:19:18.696424+00:00,False
reviews_03262,متحف الشريف,,يوجد به جميع الانواع التراثيه وانصحكم بزيارته,Taif,متحف,,,,,1,1,reviews_zenodo,,https://zenodo.org/records/16924532,static,,2026-09-13T06:19:18.696424+00:00,False
reviews_03263,متحف الشريف,,تجربه فريده ومميزه ومتحف ممتاز جدا في مدينة الطايف,Taif,متحف,,,,,1,1,reviews_zenodo,,https://zenodo.org/records/16924532,static,,2026-09-13T06:19:18.696424+00:00,False
reviews_03264,متحف الشريف,,جميل المكان والترتيب للزوار رائع .. جزا الله القائمين عليه خيرا,Taif,متحف,,,,,1,1,reviews_zenodo,,https://zenodo.org/records/16924532,static,,2026-09-13T06:19:18.696424+00:00,False
reviews_03265,متحف الشريف,,مكان جميل يستحق الزياره للعوايل سعر التذكره ٢٠ ريال مرتفع قليلا,Taif,متحف,-1,,,,1,1,reviews_zenodo,,https://zenodo.org/records/16924532,static,,2026-09-13T06:19:18.696424+00:00,False
reviews_03266,متحف الشريف,,أحسن متحف في الطائف في حي أم السباع فيه سيارات للملك عبدالعزيز وكل شي جميل,Taif,متحف,,,,,1,1,reviews_zenodo,,https://zenodo.org/records/16924532,static,,2026-09-13T06:19:18.696424+00:00,False
reviews_03267,متحف الشريف,,جميل جدت بالنسبة لمجهود شخص يحتاج مزيد من الاهتكام بالنظافة والمبيعات السياحية,Taif,متحف,,-1,,,1,,reviews_zenodo,,https://zenodo.org/records/16924532,static,,2026-09-13T06:19:18.696424+00:00,False
reviews_03268,متحف الشريف,,متحف رائع ويشكر الاستاذ علي الشريف على التنظيم وتسلسل الاحداث والمصداقية كل شي بالمتحف رائع وجميل,Taif,متحف,,,,1,1,,reviews_zenodo,,https://zenodo.org/records/16924532,static,,2026-09-13T06:19:18.696424+00:00,False
reviews_03269,متحف الشريف,,كانت تجربه جدا رائعه تاخذنا محتويلته الى العهد القديم والتراث السعودى الجميل,Taif,متحف,,,,,1,1,reviews_zenodo,,https://zenodo.org/records/16924532,static,,2026-09-13T06:19:18.696424+00:00,False
reviews_03270,متحف الشريف,,متحف رائع بمعنى الكلمه يحكي تفاصيل الحياة القديمه,Taif,متحف,,,,,1,1,reviews_zenodo,,https://zenodo.org/records/16924532,static,,2026-09-13T06:19:18.696424+00:00,False
reviews_03271,متحف البيت الطيني بتبوك,,مكان جميل جدا يستحق الزيارة ولكن ينقصه المرشدين السياحيين الدخول مجانا من ٨ص إلى ٨ م,Tabuk,متحف,,,,-1,1,,reviews_zenodo,,https://zenodo.org/records/16924532,static,,2026-09-13T06:19:18.696424+00:00,False
reviews_03272,متحف البيت الطيني بتبوك,,متحف قلعة تبوك رائع واثري يحمل تاريخ تبوك . اتمنى زيارته ..شكر خاص على جهود القائمين عليه وحسن استقبالهم للزوار وشرحهم للتاريخ .,Tabuk,متحف,,,,1,1,,reviews_zenodo,,https://zenodo.org/records/16924532,static,,2026-09-13T06:19:18.696424+00:00,False
reviews_03273,متحف البيت الطيني بتبوك,,المكان جميل وثري بالمعلومات واوقات الزيارة فيه مناسبة للجميع الدخول للمتحف مجانا كما وأنه يوجد مرشد سياحي يمكن الاستعانه به لم يكتمل مشروع الترميم في المنطقة لذا سيكون الطريق إليه وعرا نوعا ما ووقوف الحافلات صعبا سيكتمل المشروع قريبا انصح بزيارته,Tabuk,متحف,,,,1,1,1,reviews_zenodo,,https://zenodo.org/records/16924532,static,,2026-09-13T06:19:18.696424+00:00,False
reviews_03274,متحف البيت الطيني بتبوك,,زيارة جميلة مع المرشد مروان الجهني الله يسعده,Tabuk,متحف,,,,1,,1,reviews_zenodo,,https://zenodo.org/records/16924532,static,,2026-09-13T06:19:18.696424+00:00,False
reviews_03275,متحف البيت الطيني بتبوك,,قله تراثيه من احد معالم تبوك تستحق الزياره,Tabuk,متحف,,,,,1,,reviews_zenodo,,https://zenodo.org/records/16924532,static,,2026-09-13T06:19:18.696424+00:00,False
reviews_03276,متحف البيت الطيني بتبوك,,رائع ويستحق الزيارة,Tabuk,متحف,,,,,1,1,reviews_zenodo,,https://zenodo.org/records/16924532,static,,2026-09-13T06:19:18.696424+00:00,False
reviews_03277,متحف البيت الطيني بتبوك,,جميل جدا يستحق الزيارة الاولى,Tabuk,متحف,,,,,1,1,reviews_zenodo,,https://zenodo.org/records/16924532,static,,2026-09-13T06:19:18.696424+00:00,False
reviews_03278,متحف البيت الطيني بتبوك,,قلعة قديمة منذ الخلافة الإسلامية العثمانية تستحق الزيارة,Tabuk,متحف,,,,,1,1,reviews_zenodo,,https://zenodo.org/records/16924532,static,,2026-09-13T06:19:18.696424+00:00,False
reviews_03279,متحف البيت الطيني بتبوك,,مكان جميل و رائع به معلومات مفيدة,Tabuk,متحف,,,,,1,1,reviews_zenodo,,https://zenodo.org/records/16924532,static,,2026-09-13T06:19:18.696424+00:00,False
reviews_03280,متحف البيت الطيني بتبوك,,رائعة ولكن لا يوجد مواقف للسيارات بقربها,Tabuk,متحف,,,-1,,1,,reviews_zenodo,,https://zenodo.org/records/16924532,static,,2026-09-13T06:19:18.696424+00:00,False
reviews_03281,متحف البيت الطيني بتبوك,,قلعة تم انشاءه في العصر العثماني ومازالت بعد تجديدها تحتوي على عدد كبير من الاثار التاريخية الرائعه وهي تستحق الزيارة,Tabuk,متحف,,,,,1,1,reviews_zenodo,,https://zenodo.org/records/16924532,static,,2026-09-13T06:19:18.696424+00:00,False
reviews_03282,المتحف الوطني السعودي,,مكان جدا رائع وممتع ومرتب والتنظيم جميل جدا 👍🏻,Riyadh,متحف,,,,,1,1,reviews_zenodo,,https://zenodo.org/records/16924532,static,,2026-09-13T06:19:18.696424+00:00,False
reviews_03283,المتحف الوطني السعودي,,من أجمل المتاحف الي مريت عليها. و من الطف الموظفين ما شاء الله عليهم,Riyadh,متحف,,,,1,1,,reviews_zenodo,,https://zenodo.org/records/16924532,static,,2026-09-13T06:19:18.696424+00:00,False
reviews_03284,المتحف الوطني السعودي,,اكثر ما لفت إنتباهي بعد التنظيم والترتيب الجميل والدخول المجاني ، هو تنوع أساليب العرض ، مابين تقليدية وتفاعلية ، جميل جدا إهتمامهم بتفاعل الحضور مع التاريخ، أحببت المكان جدا فاق تصوري جدا .,Riyadh,متحف,,,,,1,1,reviews_zenodo,,https://zenodo.org/records/16924532,static,,2026-09-13T06:19:18.696424+00:00,False
reviews_03285,المتحف الوطني السعودي,,متحف جميل يتكون من قصر المربع ومحتوياته ويحتاج ٣٠ الى ٤٥ دقيقة والمتحف الوطني ويحتاج ساعتين ومحتوياته كثيرة واقسامه عديدة استمتعنا كثيرا هناك,Riyadh,متحف,,,,,1,1,reviews_zenodo,,https://zenodo.org/records/16924532,static,,2026-09-13T06:19:18.696424+00:00,False
reviews_03286,المتحف الوطني السعودي,,تواجدي كان لحضور معرض رحلة الكتابة والخط المعد من قبل وزارة الثقافه، المعرض مثري جدا جدا وانصح بزيارته. مجهود قوي جدا يشكرون عليه بس عتبي الموظفين لو يكونون متفاعلين اكثر ويشرحون تكون التجربة متكاملة. ...,Riyadh,متحف,,,,-1,1,,reviews_zenodo,,https://zenodo.org/records/16924532,static,,2026-09-13T06:19:18.696424+00:00,False
reviews_03287,المتحف الوطني السعودي,,المتحف منظم وجميل جدا وفيه متحف الخط العربي مرره اعجبني مهتمين فيه مرره 👍🏻,Riyadh,متحف,,,,,1,1,reviews_zenodo,,https://zenodo.org/records/16924532,static,,2026-09-13T06:19:18.696424+00:00,False
reviews_03288,المتحف الوطني السعودي,,جميل جدا ولكن بدون مواقف السيارات... صحيح الحلو مايكمل.. خسارة,Riyadh,متحف,,,-1,,1,,reviews_zenodo,,https://zenodo.org/records/16924532,static,,2026-09-13T06:19:18.696424+00:00,False
reviews_03289,( الهروب من الغرفه )Escape the Room,,كنا شخصين وكانت تجربة مميزة في غرفة المافيا،الالغاز ذكية تحتاج شوية هدوء وتفكير ،طاقم العمل كلهم تعاملهم طيب قبل وبعد واثناء اللعبه ،نتمنى لكم التوفيق ، وانصح الجميع بالتجربة,Al Khobar,منتزه,,,,1,,1,reviews_zenodo,,https://zenodo.org/records/16924532,static,,2026-09-13T06:19:18.696424+00:00,False
reviews_03290,( الهروب من الغرفه )Escape the Room,,حلوة بس الأسعار مبالغ فيها ... تجربه جميلة حلو الواحد يجربها ولكن ما اعيدها الشخص بقيمة 190 ريال هي عبارة عن غرف ظلمة وفيها الغاز كلما حليت لغز انفتح لك شيء يساعدك تحل اللغز اللي وراه و يساعدونك عند الضرورة بشاشة صغيرة يكتبون فيها جمل كمفاتيح مساعد لحل اللغز وفك الشفرة. وتنتقل من غرفة للثانية حسب ذكائك وقدرتك على حل الالغاز. المسابقة كلها تقريبا ٧٠ دقيقة واذا خلص الوقت قبل تخسر . المكان مرتب ومحترم جدا الغرف لها عدد معين من الاشخاص تبدأ من ٣ اشخاص وانت طالع . خدمة الاستقبال والعاملين بالمكان بغاية الذوق والرقي ... جميلين جدا . وتقدر تطلب صورة تذكارية ب 20 ريال صورتين .. انصح فيه للي حاب يخوض تجربة فريدة من نوعها 🌹👍🏼,Al Khobar,منتزه,-1,,,,,1,reviews_zenodo,,https://zenodo.org/records/16924532,static,,2026-09-13T06:19:18.696424+00:00,False
reviews_03291,( الهروب من الغرفه )Escape the Room,,تجربة مرة جميل بس الاسعار مبالغ فيها اتمنى ينزلون الاسعار ❤️👍🏻,Al Khobar,منتزه,-1,,,,,1,reviews_zenodo,,https://zenodo.org/records/16924532,static,,2026-09-13T06:19:18.696424+00:00,False
reviews_03292,( الهروب من الغرفه )Escape the Room,,لا انصح بالتجربة او حتى التفكير اطلاقا الاسعار : جدا مبالغ فيها لحد الجشع والطمع والاستغلال يا جماعة الخير ويا اصحاب الحلال عسى الله يرزقكم لكن بالمقابل (السعر والقيمة ليس بمستوى المنتج او الخدمة المقدمة) هل تعلمون بأن اسعار تذاكر (ديزني لاند) اقل بكثير من اسعاركم وهي لعدة ألعاب ومغامراااات مختلفة !! عجبي والله مما شاهدته منهم,Al Khobar,منتزه,-1,,,,,-1,reviews_zenodo,,https://zenodo.org/records/16924532,static,,2026-09-13T06:19:18.696424+00:00,False
reviews_03293,( الهروب من الغرفه )Escape the Room,,مكان جمييييييل واجواءه رائعه والالعاب خياااااااب انصح انصح انصح انصح فيه وكل ريال حلااااااال الله يوفقهم ويرزقهم ❤️❤️,Al Khobar,منتزه,,,,,1,1,reviews_zenodo,,https://zenodo.org/records/16924532,static,,2026-09-13T06:19:18.696424+00:00,False
reviews_03294,( الهروب من الغرفه )Escape the Room,,كانت لعبة جميله و متعة جدا وأنصح فيه جدا وكان الاستقبال جدا رائع من قبل الاخ محمد والاخت جود,Al Khobar,منتزه,,,,1,,1,reviews_zenodo,,https://zenodo.org/records/16924532,static,,2026-09-13T06:19:18.696424+00:00,False
reviews_03295,( الهروب من الغرفه )Escape the Room,,تجربة ممتعة جدا ومبهرة ولنا عودة مرة اخرى ، عشنا التجربة بشكل حقيقي وشكرا للعاملين على الأخلاق الطيبة وعيشونا التجربة فعلا.,Al Khobar,منتزه,,,,1,,1,reviews_zenodo,,https://zenodo.org/records/16924532,static,,2026-09-13T06:19:18.696424+00:00,False
reviews_03296,( الهروب من الغرفه )Escape the Room,,تجربه كانت افضل من رائعه لعبنا لعبة المافيا وكانت ماسكتنا الموظفه ريم مره اسعدتنا الله يسعدها اهنيكم 👏🏻❤️,Al Khobar,منتزه,,,,1,,1,reviews_zenodo,,https://zenodo.org/records/16924532,static,,2026-09-13T06:19:18.696424+00:00,False
reviews_03297,( الهروب من الغرفه )Escape the Room,,تجربة ممتعة جدا.. اللغز كان حلو و ممتع ومرتب، و الفريق العامل معاملتهم ممتازة و متساعدين جدا 👏🏻,Al Khobar,منتزه,,,,1,,1,reviews_zenodo,,https://zenodo.org/records/16924532,static,,2026-09-13T06:19:18.696424+00:00,False
reviews_03298,( الهروب من الغرفه )Escape the Room,,استمتاع حتى لو ماحليت اللغز وهربت يكفي التجربة الفريدة و شكرا للي بالاستقبال جود 🤝,Al Khobar,منتزه,,,,1,,1,reviews_zenodo,,https://zenodo.org/records/16924532,static,,2026-09-13T06:19:18.696424+00:00,False
reviews_03299,( الهروب من الغرفه )Escape the Room,,تجربه حلوووووه جدا واكررها مليون مره و طاقم العمل يجننن ومتعاونين خاصه جود وعمر,Al Khobar,منتزه,,,,1,,1,reviews_zenodo,,https://zenodo.org/records/16924532,static,,2026-09-13T06:19:18.696424+00:00,False
reviews_03300,( الهروب من الغرفه )Escape the Room,,زرت الغرفة السرية مع خويي وكانت تجربة جميله حقيقة، واشكر الموظفة ريم ع حسن استقبالها وتعاملها معنا. انصحكم فيها,Al Khobar,منتزه,,,,1,1,1,reviews_zenodo,,https://zenodo.org/records/16924532,static,,2026-09-13T06:19:18.696424+00:00,False
reviews_03301,( الهروب من الغرفه )Escape the Room,,مكان جميل جدا وكانت تجربه ممتعه والموظفين اخلاقهم عاليه جدا وخصيصا موظفة من أروع اسمها ريم اتوقع الله يحفظها يارررب,Al Khobar,منتزه,,,,1,1,1,reviews_zenodo,,https://zenodo.org/records/16924532,static,,2026-09-13T06:19:18.696424+00:00,False
reviews_03302,( الهروب من الغرفه )Escape the Room,,تجربه راااااااااااائعة جدا جد جدا لاتفوتكم من افضل الاماكن للالغاز في السعوديه انصح الجميع بتجربتها فعلا جميله,Al Khobar,منتزه,,,,,1,1,reviews_zenodo,,https://zenodo.org/records/16924532,static,,2026-09-13T06:19:18.696424+00:00,False
reviews_03303,( الهروب من الغرفه )Escape the Room,,جمييل يعطيكمم الف عافيه وانشاءالله لنا زياره اخرى من افضل الاماكن الترفيهيه بالدماام,Al Khobar,منتزه,,,,,1,1,reviews_zenodo,,https://zenodo.org/records/16924532,static,,2026-09-13T06:19:18.696424+00:00,False
reviews_03304,( الهروب من الغرفه )Escape the Room,,المكان جميل وتعامل راقي خصوصا الموظفة جود حببتني بالمكان اكثر وان شاءالله مو اخر مره اجي😍,Al Khobar,منتزه,,,,1,1,,reviews_zenodo,,https://zenodo.org/records/16924532,static,,2026-09-13T06:19:18.696424+00:00,False
reviews_03305,( الهروب من الغرفه )Escape the Room,,رهيب جدا. انصح كل الناس فيه الله يوفقهم ومشروع ناجح,Al Khobar,منتزه,,,,,1,1,reviews_zenodo,,https://zenodo.org/records/16924532,static,,2026-09-13T06:19:18.696424+00:00,False
reviews_03306,( الهروب من الغرفه )Escape the Room,,كانت تجربة ممتعة، الموظفين جدا متعاونين وروحهم حلوه! أكيد راح أجي مره ثانيه!,Al Khobar,منتزه,,,,1,1,1,reviews_zenodo,,https://zenodo.org/records/16924532,static,,2026-09-13T06:19:18.696424+00:00,False
reviews_03307,( الهروب من الغرفه )Escape the Room,,المكان والموظفين جدا متعاونين ورائعين كانوا متحمسين معنا لدرجة رجعت للمكان يومين ورا بعض الالعاب حلوة ومبتكرة وكانت معنا الموظفة ريم جدا متعاونة,Al Khobar,منتزه,,,,1,1,,reviews_zenodo,,https://zenodo.org/records/16924532,static,,2026-09-13T06:19:18.696424+00:00,False
reviews_03308,( الهروب من الغرفه )Escape the Room,,مكان جميييل وديكور اجمل والعاب حماااسسس يشجعع الواحد يرجع له ..وشي مو مكرر 🤩🤩 يستحق خمس نجوم,Al Khobar,منتزه,,,,,1,1,reviews_zenodo,,https://zenodo.org/records/16924532,static,,2026-09-13T06:19:18.696424+00:00,False
reviews_03309,( الهروب من الغرفه )Escape the Room,,كانت تجربه ممتعه تحتاج قروب مو نفرين ولا ثلاثه احلى ويبي لها تكون مصحصح اول تجربه لي دخلنا غرفه البنك ٥ اشخاص للشخص ١٤٠ سعرها صح مرتفع بس لمن خلصنا ع اننا ما طلعنا وخلص الوقت بس ما ندمنا ع الي دفعناه فيها استمتعنا مرا فيها ومو اخر مرة لنا ان شاء الله لنا رجعه لها وانصح فيها ك تغير وهيك,Al Khobar,منتزه,-1,,,,1,1,reviews_zenodo,,https://zenodo.org/records/16924532,static,,2026-09-13T06:19:18.696424+00:00,False
reviews_03310,( الهروب من الغرفه )Escape the Room,,جميل وممتع واحلى شي التحدي مع قروووب بطل معاك💪🏻😍,Al Khobar,منتزه,,,,,,,reviews_zenodo,,https://zenodo.org/records/16924532,static,,2026-09-13T06:19:18.696424+00:00,False
reviews_03311,( الهروب من الغرفه )Escape the Room,,تجربة جدا جميلة استقبال رائع تعامل جميل شكرا عمر و جوري,Al Khobar,منتزه,,,,1,,1,reviews_zenodo,,https://zenodo.org/records/16924532,static,,2026-09-13T06:19:18.696424+00:00,False
reviews_03312,( الهروب من الغرفه )Escape the Room,,المكان متعوب عليه من التصميم والأفكار و منظم والعاملون فيه متعاونون كانت تجربتنا رائعه وجديده من نوعها,Al Khobar,منتزه,,,,1,1,1,reviews_zenodo,,https://zenodo.org/records/16924532,static,,2026-09-13T06:19:18.696424+00:00,False
reviews_03313,( الهروب من الغرفه )Escape the Room,,مررا حلو و الموظفه جود يجنن اسولبها مع الجميع و توسع الصدر مرا,Al Khobar,منتزه,,,,1,1,,reviews_zenodo,,https://zenodo.org/records/16924532,static,,2026-09-13T06:19:18.696424+00:00,False
reviews_03314,( الهروب من الغرفه )Escape the Room,,اول شي راح اتكلم عن استقبال الموظف، كان استقبال جميل جدا. عبدالرحمن حمسنا على اللعبه قبل لا ندخل بكلمة (ما راح تقدرون تطلعون) زاد فينا روح التحدي ولا يهون زميله اللي دعا علينا اننا ما نخرج 😂. صراحة استقبال اكثر من رائع ولعبة تستحق التجربة انصح الجميع بتجربتها,Al Khobar,منتزه,,,,1,1,1,reviews_zenodo,,https://zenodo.org/records/16924532,static,,2026-09-13T06:19:18.696424+00:00,False
reviews_03315,( الهروب من الغرفه )Escape the Room,,كانت تجربه ممتعه وشي جدا جديد وانصح بالتجربه واشكر اخت جود واستاذ محمد على التعامل,Al Khobar,منتزه,,,,1,1,1,reviews_zenodo,,https://zenodo.org/records/16924532,static,,2026-09-13T06:19:18.696424+00:00,False
reviews_03316,( الهروب من الغرفه )Escape the Room,,المكان جميل، والقصة وفكرتها جميلة جدا، دخلت انا وزوجتي للسجن، ممتازة فكرته وممتعة جدا، سيكون لي زيارة قادمة بإذن الله للغرف الأخرى.. أنصح بزيارته وبشدة. العاملين في المكان واضح محترفين ويحببونك في المكان والتجربة. أتمنى يفتحو فرع في جدة.,Al Khobar,منتزه,,,,1,1,1,reviews_zenodo,,https://zenodo.org/records/16924532,static,,2026-09-13T06:19:18.696424+00:00,False
reviews_03317,( الهروب من الغرفه )Escape the Room,,التجربه احلى من المتوقع كل غرفه مغامره و تجربه غير عن الي قبلها تقريبا جربنا ٤ غرف مختلفه كل تجربه لها طعم يختلف فزنا مرتين و خسرنا مرتين و استانسنا بكل الاربع مرات.. من اهم الأشياء الي لفتت نظرنا سعة بال الموظفين و رحابة اخلاقهم وبنفس الوقت قدرتهم بتقمص الدور و الشخصيه للمغامره الي انت بتجربها يشكرون على هالروح و المهنيه.,Al Khobar,منتزه,,,,1,1,1,reviews_zenodo,,https://zenodo.org/records/16924532,static,,2026-09-13T06:19:18.696424+00:00,False
reviews_03318,( الهروب من الغرفه )Escape the Room,,كانت تجربه حلوه ومغامره شيقه وحماسيه وتعامل رائع من فريق العمل وخاصة قيم ماستر ساره ونتمنى نعيد التجربه مره ثانيه,Al Khobar,منتزه,,,,1,1,1,reviews_zenodo,,https://zenodo.org/records/16924532,static,,2026-09-13T06:19:18.696424+00:00,False
reviews_03319,( الهروب من الغرفه )Escape the Room,,تجرب ممتع وجميل وعند الستقبال في موضف اسمه جود تعامله كويس و ممتاز وشكرا,Al Khobar,منتزه,,,,,1,1,reviews_zenodo,,https://zenodo.org/records/16924532,static,,2026-09-13T06:19:18.696424+00:00,False
reviews_03320,( الهروب من الغرفه )Escape the Room,,مكان مميز للغايه تجربه جديده في عالم جديد والشكر موصول للموظف سعد العجمي,Al Khobar,منتزه,,,,1,1,1,reviews_zenodo,,https://zenodo.org/records/16924532,static,,2026-09-13T06:19:18.696424+00:00,False
reviews_03321,( الهروب من الغرفه )Escape the Room,,تجربة ممتازة والالعاب جميلة وتحمسسسسسسسسس والموظفين اخلاق وذوق وتعامل راقي ماشاء الله,Al Khobar,منتزه,,,,1,1,1,reviews_zenodo,,https://zenodo.org/records/16924532,static,,2026-09-13T06:19:18.696424+00:00,False
reviews_03322,( الهروب من الغرفه )Escape the Room,,اللعبة ممتعة ولكن السعر مبالغ فيه جدا,Al Khobar,منتزه,-1,,,,1,,reviews_zenodo,,https://zenodo.org/records/16924532,static,,2026-09-13T06:19:18.696424+00:00,False
reviews_03323,( الهروب من الغرفه )Escape the Room,,ممتاز جدا جدا جدا جدا جدا وأتمنى الكل يجرب صحيح ان السعر غالي لكن عن نفسي أفضل مكان لتعيش المغامره والمتعة .,Al Khobar,منتزه,-1,,,,1,1,reviews_zenodo,,https://zenodo.org/records/16924532,static,,2026-09-13T06:19:18.696424+00:00,False
reviews_03324,( الهروب من الغرفه )Escape the Room,,ممتع ومسلي . الاسعار مرتفعة إلى حد ما.,Al Khobar,منتزه,-1,,,,1,,reviews_zenodo,,https://zenodo.org/records/16924532,static,,2026-09-13T06:19:18.696424+00:00,False
reviews_03325,( الهروب من الغرفه )Escape the Room,,تجربة راااائعة وطاقم متعاون جدا، شكر خاص للموظفة جود😍🔥,Al Khobar,منتزه,,,,1,,1,reviews_zenodo,,https://zenodo.org/records/16924532,static,,2026-09-13T06:19:18.696424+00:00,False
reviews_03326,( الهروب من الغرفه )Escape the Room,,تجربه رائعه وكانت الموظفه اسمها جود اكثر من رائعه..اخلاق وبشاشه ومتعاونه جدا وخدماتها vip للزبائن ..انصح بالزياره فرع الخبر ..جود شكرررررااااا لك,Al Khobar,منتزه,,,,1,,1,reviews_zenodo,,https://zenodo.org/records/16924532,static,,2026-09-13T06:19:18.696424+00:00,False
reviews_03327,( الهروب من الغرفه )Escape the Room,,المكان روعه والموظفه جود خلت الاكسبيرينس احلى واحلى😍👌,Al Khobar,منتزه,,,,1,1,1,reviews_zenodo,,https://zenodo.org/records/16924532,static,,2026-09-13T06:19:18.696424+00:00,False
reviews_03328,( الهروب من الغرفه )Escape the Room,,كانت تجربة رااااائعة وألغاز ممتعة وتعيش أجواء الأفلام صراحه حبيتها وتستاهل نجي مره ثانيه ونجربها,Al Khobar,منتزه,,,,,1,1,reviews_zenodo,,https://zenodo.org/records/16924532,static,,2026-09-13T06:19:18.696424+00:00,False
reviews_03329,( الهروب من الغرفه )Escape the Room,,اللعبه ممتعه مرا، والموظفين ودودين مره وتعاملهم راقي. تجربه تتكرر اكيد,Al Khobar,منتزه,,,,1,1,1,reviews_zenodo,,https://zenodo.org/records/16924532,static,,2026-09-13T06:19:18.696424+00:00,False
reviews_03330,( الهروب من الغرفه )Escape the Room,,تجربه جدا رائعه مع الموظفه جود عسللل تعامل و اسلوب جدا راقي ١٠/١٠😍😍😍😍,Al Khobar,منتزه,,,,1,1,,reviews_zenodo,,https://zenodo.org/records/16924532,static,,2026-09-13T06:19:18.696424+00:00,False
reviews_03331,( الهروب من الغرفه )Escape the Room,,مكان جميل جدا واشكر الموظفين على حسن التعامل,Al Khobar,منتزه,,,,1,,1,reviews_zenodo,,https://zenodo.org/records/16924532,static,,2026-09-13T06:19:18.696424+00:00,False
reviews_03332,( الهروب من الغرفه )Escape the Room,,تجربة مرره حلوة وشششكرا للاخت جود .. استقبال رائع وذوق وشرح وافي,Al Khobar,منتزه,,,,1,,1,reviews_zenodo,,https://zenodo.org/records/16924532,static,,2026-09-13T06:19:18.696424+00:00,False
reviews_03333,( الهروب من الغرفه )Escape the Room,,لعبتها امس صح السعر مرتفع شوي لكن والله متعه خرافيه والشباب الي هناك بسيطين و بشوشين ملاحظة جيت حاجز اتوقع لازم تحجزون 👍🏼,Al Khobar,منتزه,-1,,,1,1,,reviews_zenodo,,https://zenodo.org/records/16924532,static,,2026-09-13T06:19:18.696424+00:00,False
reviews_03334,( الهروب من الغرفه )Escape the Room,,تجربة اكثر من رائعة وراح تتكرر ان شاء الله ،، وشكرا للاخ نادر والشباب الي معه,Al Khobar,منتزه,,,,1,,1,reviews_zenodo,,https://zenodo.org/records/16924532,static,,2026-09-13T06:19:18.696424+00:00,False
reviews_03335,( الهروب من الغرفه )Escape the Room,,للي يبي مكان ترفيهي بالخبر ومحتار وين يروح مالكم الا ايسكيب ذا روم دخلنا برزن والله انبسطنا بشكل والموظفين ونسونا اكثر واكثر بتعاملهم وروحهم الحلوه اهنيكم👏🏻👏🏻👏🏻,Al Khobar,منتزه,,,,1,1,,reviews_zenodo,,https://zenodo.org/records/16924532,static,,2026-09-13T06:19:18.696424+00:00,False
reviews_03336,( الهروب من الغرفه )Escape the Room,,كانت تجربه ممتعه جدا انصح الجميع فيها ،، يخلونك تعيش اللعبه بجميع تفاصيله مشابهه للواقع ،، كل غرفه لها تفاصيل مختلفه عن الثانيه كل مره تجي بتستمتع فيها 😍❤️,Al Khobar,منتزه,,,,,1,1,reviews_zenodo,,https://zenodo.org/records/16924532,static,,2026-09-13T06:19:18.696424+00:00,False
reviews_03337,( الهروب من الغرفه )Escape the Room,,المكان مره وناسة وتعامل الاستقبال مره راقي انصحكم تروحون عند جود,Al Khobar,منتزه,,,,1,1,,reviews_zenodo,,https://zenodo.org/records/16924532,static,,2026-09-13T06:19:18.696424+00:00,False
reviews_03338,( الهروب من الغرفه )Escape the Room,,تجربةجميلة، وممتعة مع ان جبنا العيد 😂😂💔,Al Khobar,منتزه,,,,,1,1,reviews_zenodo,,https://zenodo.org/records/16924532,static,,2026-09-13T06:19:18.696424+00:00,False
reviews_03339,( الهروب من الغرفه )Escape the Room,,انبسطناااا وفزنا 😍✌🏼 كانت تجربة كلها حماس و وناسة .. والأهم أخلاق الموظفين عسسسل 🤩,Al Khobar,منتزه,,,,1,,1,reviews_zenodo,,https://zenodo.org/records/16924532,static,,2026-09-13T06:19:18.696424+00:00,False
reviews_03340,( الهروب من الغرفه )Escape the Room,,تجربة جميلة وان شاءالله قريب اعيدها والموظفة اكثر من رائعه (جود),Al Khobar,منتزه,,,,1,,1,reviews_zenodo,,https://zenodo.org/records/16924532,static,,2026-09-13T06:19:18.696424+00:00,False
reviews_03341,( الهروب من الغرفه )Escape the Room,,مرره جميل وممتع والموظفين نادر وجود كانو لطيفين و متعاونين جدا ماقصرو,Al Khobar,منتزه,,,,1,1,,reviews_zenodo,,https://zenodo.org/records/16924532,static,,2026-09-13T06:19:18.696424+00:00,False
reviews_03342,( الهروب من الغرفه )Escape the Room,,كلعبه حلوه وممتعه لاكن الاسعار غاليه جدا جدا ،، مشكلتكم ماقلتو السعر من البدايه قلتو العبو واذا خلصتو ادفعو فجاه ننصدم بالسعر هذا ؟ بلغو العملاء من البدايه,Al Khobar,منتزه,-1,,,,1,,reviews_zenodo,,https://zenodo.org/records/16924532,static,,2026-09-13T06:19:18.696424+00:00,False
reviews_03343,( الهروب من الغرفه )Escape the Room,,المكان مره جميل و الموظفه جود تعاملها اكثر من رائع,Al Khobar,منتزه,,,,1,1,,reviews_zenodo,,https://zenodo.org/records/16924532,static,,2026-09-13T06:19:18.696424+00:00,False
reviews_03344,( الهروب من الغرفه )Escape the Room,,تجربة جميله جدا. والموظفين جدا ممتازين ومحترفين. انبسطت جدا مع اولادي الثلاثه 👍,Al Khobar,منتزه,,,,1,,1,reviews_zenodo,,https://zenodo.org/records/16924532,static,,2026-09-13T06:19:18.696424+00:00,False
reviews_03345,( الهروب من الغرفه )Escape the Room,,تجربة ممتازة وانصح اي احد محتار يروح ولا لا انه يروح بدون تفكير، تغيير جو وتحدي ووناسه، كل التحديات حلوه بس احلاهم بلاك اند وايت ونايتمير، الموظفين/ات ودودين مره وتلاحظ انه الشغل عاجبهم ويساعدونك الين ماتجيبها صح.,Al Khobar,منتزه,,,,1,,1,reviews_zenodo,,https://zenodo.org/records/16924532,static,,2026-09-13T06:19:18.696424+00:00,False
reviews_03346,( الهروب من الغرفه )Escape the Room,,جيت المكان ولعبت البنك ، واشكر الموظفة رييم الاسطوره على حسن التعامل,Al Khobar,منتزه,,,,1,1,,reviews_zenodo,,https://zenodo.org/records/16924532,static,,2026-09-13T06:19:18.696424+00:00,False
reviews_03347,( الهروب من الغرفه )Escape the Room,,المكان جدا جميل ويناسب جميع الفئات ، ومن قوه الحماس اللي فيه جيت لهم يومين ورا بعض .. والفريق اللي بالمكان جدا متعاون وخصوصا اخوي محمد الخليفه ..,Al Khobar,منتزه,,,,1,1,1,reviews_zenodo,,https://zenodo.org/records/16924532,static,,2026-09-13T06:19:18.696424+00:00,False
reviews_03348,( الهروب من الغرفه )Escape the Room,,ممتع جدا واسلوب الموظفين والموظفات راقي وجميل ✨✨,Al Khobar,منتزه,,,,1,1,,reviews_zenodo,,https://zenodo.org/records/16924532,static,,2026-09-13T06:19:18.696424+00:00,False
reviews_03349,( الهروب من الغرفه )Escape the Room,,تجربة كانت ممتعة جدا أستمتعنا بجميع تفاصيلها الصراحه عشنا جو مع اللعبه واول مره احس باحساس الرعب هذا😂 شكرا لمحمد خليفه وجود على الاستقبال الاكثر من رائع وعيشونا تجربه جميله ماراح انساها ابدا,Al Khobar,منتزه,,,,1,,1,reviews_zenodo,,https://zenodo.org/records/16924532,static,,2026-09-13T06:19:18.696424+00:00,False
reviews_03350,( الهروب من الغرفه )Escape the Room,,ممتاز 👌🏻🤩 دخلت مع زوجتي لعبة البنك، كانت ممتعة وحلوة لشخصين بس للأسف مافزنا ☹️ و جود يعطيها العافية ماقصرت معنا 👍🏻,Al Khobar,منتزه,,,,1,1,,reviews_zenodo,,https://zenodo.org/records/16924532,static,,2026-09-13T06:19:18.696424+00:00,False
reviews_03351,( الهروب من الغرفه )Escape the Room,,جدا ممتازه و فيها تشغيل مخ و اشكر الموظف محمد الخليفه على حسن خلقه,Al Khobar,منتزه,,,,1,1,,reviews_zenodo,,https://zenodo.org/records/16924532,static,,2026-09-13T06:19:18.696424+00:00,False
reviews_03352,( الهروب من الغرفه )Escape the Room,,يجننننن المكان متعة لاتوصف احلا من الكوفيات اللي مضيعين فلوس عليها أكشن تغيير جو في غرفة السجن لو تحطوا كشاف يدوي للمساعدة والباقي تمام 👍🏻يصلح لاكثر من شخصين عشان تكمل المتعة ينفع لعائلة كاملة لازم ارجع اجرب كل الألغاز,Al Khobar,منتزه,,,,,1,1,reviews_zenodo,,https://zenodo.org/records/16924532,static,,2026-09-13T06:19:18.696424+00:00,False
reviews_03353,( الهروب من الغرفه )Escape the Room,,العاب وتسليه للكبار انا فخورة انها بالسعوديه ..والاخوه وبالمقدمه عبد الاله روعه وقمة بالتعامل ..لمن يرغب بتمضيه وقت جميل مع العائله لم لا يفكر بالذهاب شرط الافراد كبار ولا يتجاوز العدد٧..الاسعارة مرتفعة لكن تستحق التجربه..عبارة عن غرف وبها الغاز وعليكم حلها قبل مضي الساعه ..المكان نظيف ومجهز لهذه النوعيه من الالعاب اتمنى لهم التوفيق,Al Khobar,منتزه,-1,1,,1,1,1,reviews_zenodo,,https://zenodo.org/records/16924532,static,,2026-09-13T06:19:18.696424+00:00,False
reviews_03354,( الهروب من الغرفه )Escape the Room,,"ممتع جدا ضروري تزورنه مارح تندمون وتعامل الموظين راقي جدا خصوصا الأخ المحترم ""عبدالرحمن"" قمة بالرقي والله وجميع الطاقم ماقصروا👍🏻",Al Khobar,منتزه,,,,1,,1,reviews_zenodo,,https://zenodo.org/records/16924532,static,,2026-09-13T06:19:18.696424+00:00,False
reviews_03355,( الهروب من الغرفه )Escape the Room,,مكان جميل واستقبال رائع جدا,Al Khobar,منتزه,,,,1,1,,reviews_zenodo,,https://zenodo.org/records/16924532,static,,2026-09-13T06:19:18.696424+00:00,False
reviews_03356,( الهروب من الغرفه )Escape the Room,,انا من الزوار الدايمين للمحل والفضل يعود للموظف المثالي محمد الناس صراحه شخص ذوق وادب واحترام يجيرناا ننكرر التجربه ونرجع مره ثانيه شكرا محمد الناس♥️✨,Al Khobar,منتزه,,,,1,,1,reviews_zenodo,,https://zenodo.org/records/16924532,static,,2026-09-13T06:19:18.696424+00:00,False
reviews_03357,( الهروب من الغرفه )Escape the Room,,اللعبة ممتعة جدا وتستحق التجربة ، الاستقبال ممتاز جدا جدا ، يعيشك واقع انك مسجون واستطعنا نخلص اللعبه في ٥٦ دقيقه 🌺 شكرا ولنا تجربه ثانيه باذن الله,Al Khobar,منتزه,,,,1,1,1,reviews_zenodo,,https://zenodo.org/records/16924532,static,,2026-09-13T06:19:18.696424+00:00,False
reviews_03358,( الهروب من الغرفه )Escape the Room,,رااااائع جدا يستحق الزيارة 👍🏻,Al Khobar,منتزه,,,,,1,1,reviews_zenodo,,https://zenodo.org/records/16924532,static,,2026-09-13T06:19:18.696424+00:00,False
reviews_03359,( الهروب من الغرفه )Escape the Room,,المكان مرتم وجميل مررررره و تعامل المظفين جميل بس غالي شوي وشكر خاض للموظفين المحترمين ترتيب الغرف و الأفكار الجميله,Al Khobar,منتزه,-1,,,1,1,,reviews_zenodo,,https://zenodo.org/records/16924532,static,,2026-09-13T06:19:18.696424+00:00,False
reviews_03360,( الهروب من الغرفه )Escape the Room,,"تجربة جميلة انبسطت فيها ، تعامل الموظفين لطيف جدا واحب اشكر بالاخص ""جود"" على الاستقبال الحلو والاهتمام ،",Al Khobar,منتزه,,,,1,,1,reviews_zenodo,,https://zenodo.org/records/16924532,static,,2026-09-13T06:19:18.696424+00:00,False
reviews_03361,( الهروب من الغرفه )Escape the Room,,مرا استانستتت بشكل مو طبيعييي والموظفين م قصروا معنا جد من زمان م انبسطت مثل كذا,Al Khobar,منتزه,,,,1,1,,reviews_zenodo,,https://zenodo.org/records/16924532,static,,2026-09-13T06:19:18.696424+00:00,False
reviews_03362,( الهروب من الغرفه )Escape the Room,,المكان ممتع جدا و فكرة اللعبه رائعة ، اشكر جميع الموظفين تعاملهم محترم جدا و لطيف ، خصوصا الاخ محمد الناس تعامله اكثر من رائع محترم و مهذب و حمسنا في اللعبه. شكرا,Al Khobar,منتزه,,,,1,1,,reviews_zenodo,,https://zenodo.org/records/16924532,static,,2026-09-13T06:19:18.696424+00:00,False
reviews_03363,( الهروب من الغرفه )Escape the Room,,تجربة ممتعه😍🤩و موظفة الاستقبال كانت جدا لطيييفه❤️❤️❤️,Al Khobar,منتزه,,,,1,,1,reviews_zenodo,,https://zenodo.org/records/16924532,static,,2026-09-13T06:19:18.696424+00:00,False
reviews_03364,( الهروب من الغرفه )Escape the Room,,"تجربه جميله وجديدة على المنطقة الشرقية تحديدا ""الخبر"" فكرة المكان عبارة عن غرف فيها الغاز وافكار تحتاج حلول بغضون وقت معين للخروج من الغرفة يتم اختيار غرفه وحده برسوم معينه ووقت معين السعر للشخص مناسب نوعا ما تجربه تستحق الزيارة مع الاصدقاء",Al Khobar,منتزه,,,,,1,1,reviews_zenodo,,https://zenodo.org/records/16924532,static,,2026-09-13T06:19:18.696424+00:00,False
reviews_03365,( الهروب من الغرفه )Escape the Room,,تجربة كانت جمييلة جدا خلصت كل الغرف اللي موجودة وكلها كانت ممتعه و الموظفيين كلهم روحهم حلوة ورهيبين وأخص بالشكر الأخت جود الله يعطيها العافية ماقصرت معانا,Al Khobar,منتزه,,,,1,,1,reviews_zenodo,,https://zenodo.org/records/16924532,static,,2026-09-13T06:19:18.696424+00:00,False
reviews_03366,( الهروب من الغرفه )Escape the Room,,لعبة رائعة. تجربة فريدة. اهتمام ممتاز..,Al Khobar,منتزه,,,,,1,1,reviews_zenodo,,https://zenodo.org/records/16924532,static,,2026-09-13T06:19:18.696424+00:00,False
reviews_03367,( الهروب من الغرفه )Escape the Room,,تجربة رائعة جدا رحت مع ٧ أشخاص وكانت مليئة والذكريات الجميلة رحنا أول مرة السجن وثاني مرة الكابوس في اليوم الي بعده من الحماس ومضيف اللعبة ناصر عبد الرحمن موهوب جدا وساعدنا ندخل جو اللعبة بشكل كبير. تجربة جميلة جدا انصح الجميع يجربوها,Al Khobar,منتزه,,,,1,,1,reviews_zenodo,,https://zenodo.org/records/16924532,static,,2026-09-13T06:19:18.696424+00:00,False
reviews_03368,( الهروب من الغرفه )Escape the Room,,تجربة رائعة وأجواء ممتعه لمحبي المغامرات والأفكار الجديده واستقبال رائع وفريق عمل ممتاز انصح بيه بشده,Al Khobar,منتزه,,,,1,,1,reviews_zenodo,,https://zenodo.org/records/16924532,static,,2026-09-13T06:19:18.696424+00:00,False
reviews_03369,( الهروب من الغرفه )Escape the Room,,مكان جميل يستحق الزياره والتجربه ، الموظفين خلوقين ومحترمين جدا,Al Khobar,منتزه,,,,1,1,1,reviews_zenodo,,https://zenodo.org/records/16924532,static,,2026-09-13T06:19:18.696424+00:00,False
reviews_03370,( الهروب من الغرفه )Escape the Room,,اللعبه كانت مرا حلوه استمتعناااا وكل شىء كان مرتتتب,Al Khobar,منتزه,,,,,1,1,reviews_zenodo,,https://zenodo.org/records/16924532,static,,2026-09-13T06:19:18.696424+00:00,False
reviews_03371,( الهروب من الغرفه )Escape the Room,,تجربة جميلة جدا وتشويق متصاعد. ولكن قيمة الدخول مبالغ بها قليلا,Al Khobar,منتزه,-1,,,,,1,reviews_zenodo,,https://zenodo.org/records/16924532,static,,2026-09-13T06:19:18.696424+00:00,False
reviews_03372,( الهروب من الغرفه )Escape the Room,,تجربه جميله جدا .. شكرا للاخ نادر على حسن التعامل ♥️,Al Khobar,منتزه,,,,1,,1,reviews_zenodo,,https://zenodo.org/records/16924532,static,,2026-09-13T06:19:18.696424+00:00,False
reviews_03373,( الهروب من الغرفه )Escape the Room,,تجربه جميله لاكن السعر مبالغ فيه,Al Khobar,منتزه,-1,,,,,1,reviews_zenodo,,https://zenodo.org/records/16924532,static,,2026-09-13T06:19:18.696424+00:00,False
reviews_03374,( الهروب من الغرفه )Escape the Room,,مكان جميل وتجربه حلوه🙏🏻,Al Khobar,منتزه,,,,,1,1,reviews_zenodo,,https://zenodo.org/records/16924532,static,,2026-09-13T06:19:18.696424+00:00,False
reviews_03375,( الهروب من الغرفه )Escape the Room,,مكان رائع وممتع والقائمين عليه مبدعين ومتميزين اتمنى الكل يعيش التجربه والمغامره بالتوفيق يارب 👌🏻✨,Al Khobar,منتزه,,,,1,1,,reviews_zenodo,,https://zenodo.org/records/16924532,static,,2026-09-13T06:19:18.696424+00:00,False
reviews_03376,( الهروب من الغرفه )Escape the Room,,هذي التجربة الاولى ، المكان جميل التجربة حلوة ممتعة مختلفة اللعبة تستحق التجربة اكيد برجع مرة ثانية وبجرب غرفة ثانية وافوز,Al Khobar,منتزه,,,,,1,1,reviews_zenodo,,https://zenodo.org/records/16924532,static,,2026-09-13T06:19:18.696424+00:00,False
reviews_03377,( الهروب من الغرفه )Escape the Room,,تجربة مره جميييله و موظفة الاستقبال حببتنا فالمكان اكثثثر باخلاقها وتعاملها 👏🏼👏🏼 مب اخر مره نروحه اكييد,Al Khobar,منتزه,,,,1,,1,reviews_zenodo,,https://zenodo.org/records/16924532,static,,2026-09-13T06:19:18.696424+00:00,False
reviews_03378,( الهروب من الغرفه )Escape the Room,,لعبة جدا جدا جدا ممتعة من أفضل الالعاب اللي لعبتها بحياتي لعبة تستحق التجربة مرة اخرى دخلنا لعبة السجن لعبة ممتعة ومعقدة واللي يقول انا ذكي يدخل اللعبة طبعا عيشونا عيشة السجناء من كلبشات وقالو لنا انشدو النشيد الوطني سااارعييي 😂😂😂 لعبة تستحق كل ريال فيها أشكر الطاقم الموجود شكرا لكم.,Al Khobar,منتزه,,,,1,1,1,reviews_zenodo,,https://zenodo.org/records/16924532,static,,2026-09-13T06:19:18.696424+00:00,False
reviews_03379,( الهروب من الغرفه )Escape the Room,,تجربة جميلة لكن السعر غالي جدا,Al Khobar,منتزه,-1,,,,,1,reviews_zenodo,,https://zenodo.org/records/16924532,static,,2026-09-13T06:19:18.696424+00:00,False
reviews_03380,( الهروب من الغرفه )Escape the Room,,جدا جدا جدا استمتعت بالتجربه المكان جميل و الاستقبال اكثثثثثر من رائع تحياتي وانصح الجميع بالزيارة,Al Khobar,منتزه,,,,1,1,1,reviews_zenodo,,https://zenodo.org/records/16924532,static,,2026-09-13T06:19:18.696424+00:00,False
reviews_03381,( الهروب من الغرفه )Escape the Room,,ممتعه جدددا دخلنا مجموعة بنات مررره انبسطططنا واللي تشتغل هناك اسمها جود فعلا محتومه وودوده ♥️♥️,Al Khobar,منتزه,,,,1,1,1,reviews_zenodo,,https://zenodo.org/records/16924532,static,,2026-09-13T06:19:18.696424+00:00,False
reviews_03382,( الهروب من الغرفه )Escape the Room,,من اروع المغامرات في الشرقيه ، تستحق التجربة,Al Khobar,منتزه,,,,,1,1,reviews_zenodo,,https://zenodo.org/records/16924532,static,,2026-09-13T06:19:18.696424+00:00,False
reviews_03383,( الهروب من الغرفه )Escape the Room,,مرة كان ممتع جدا ومميز ويفتح النفس، جود زادت لطافة الجو وكانت مساعداتها لطيفة جدا، لما أرجع من جديد ودي تكون هي معي الله يسعدها💕,Al Khobar,منتزه,,,,1,1,,reviews_zenodo,,https://zenodo.org/records/16924532,static,,2026-09-13T06:19:18.696424+00:00,False
reviews_03384,( الهروب من الغرفه )Escape the Room,,انصحكم بزيارته مكان جدا ممتع,Al Khobar,منتزه,,,,,1,1,reviews_zenodo,,https://zenodo.org/records/16924532,static,,2026-09-13T06:19:18.696424+00:00,False
reviews_03385,( الهروب من الغرفه )Escape the Room,,اقوى مكآن ترفيهي بالخبر انصحكم تجون 😎🔥 و خصوصا الموظفين جدا محترمين علي .. علي .. عبدالرحمن .. شكرا على تعاملكم شكرا جدا 😍💛💛💛 راح تنبسطون كثثثير لا تترددون,Al Khobar,منتزه,,,,1,1,1,reviews_zenodo,,https://zenodo.org/records/16924532,static,,2026-09-13T06:19:18.696424+00:00,False
reviews_03386,( الهروب من الغرفه )Escape the Room,,المكان ممتع للزياره وتعيش جو التحدي انصح بالزياره,Al Khobar,منتزه,,,,,1,1,reviews_zenodo,,https://zenodo.org/records/16924532,static,,2026-09-13T06:19:18.696424+00:00,False
reviews_03387,( الهروب من الغرفه )Escape the Room,,بصراحة، و بالإضافة الى جودة المكان المرتبة و الترحيب الحار من الاستقبال و الترتيب المتكامل في عملية الحجز المسبق، انا شخصيا اشجع كل عائلة يروحون و يخوضون التجربة الجميلة و الدخيلة علينا حقيقة. تجربتي كانت مع عيلتي، و كانت امتع مما كنت أتصور. جربنا لعبة المافيا، عشنا الجو، صرخنا و قفزنا من الحماس. اذا كانت في تعليق او تنبيه إن صح التعبير، بيكون أولا، الشكر و التقدير للطاقم السعودي، يحلى المتجر ايا كانت بضاعته اذا اهل البلد فيه. و ثانيا من ناحية أخرى، ممكن اقول سعر الدخول كان المرتفع نسبيا. شكرا، اتمنى للجميع اوقاتا سعيده,Al Khobar,منتزه,-1,,,1,1,1,reviews_zenodo,,https://zenodo.org/records/16924532,static,,2026-09-13T06:19:18.696424+00:00,False
reviews_03388,( الهروب من الغرفه )Escape the Room,,سيء جدا جدا مهملين واهم ماعندهم الفلوس ولا فيه الا قوة نصب,Al Khobar,منتزه,-1,,,,-1,,reviews_zenodo,,https://zenodo.org/records/16924532,static,,2026-09-13T06:19:18.696424+00:00,False
reviews_03389,( الهروب من الغرفه )Escape the Room,,المكان حلو وممتع انبسطنا مرة و الموظفين تعاملهم لطيف جدا مكان يستحق الزيارة ١٠/١٠ ✅,Al Khobar,منتزه,,,,1,1,1,reviews_zenodo,,https://zenodo.org/records/16924532,static,,2026-09-13T06:19:18.696424+00:00,False
reviews_03390,( الهروب من الغرفه )Escape the Room,,لعبة رائعة وممتعة وأنصح بالتجربة,Al Khobar,منتزه,,,,,1,1,reviews_zenodo,,https://zenodo.org/records/16924532,static,,2026-09-13T06:19:18.696424+00:00,False
reviews_03391,( الهروب من الغرفه )Escape the Room,,تجربه رائعه جدا وتعامل ممتاز وشكر خاص للموظفه فوز على رقي اخلاقها,Al Khobar,منتزه,,,,1,,1,reviews_zenodo,,https://zenodo.org/records/16924532,static,,2026-09-13T06:19:18.696424+00:00,False
reviews_03392,( الهروب من الغرفه )Escape the Room,,والله مكان مره رائع و التعامل راقي جدا انصح ب زيارة هذا المكان ل الشباب و العوائل,Al Khobar,منتزه,,,,1,1,1,reviews_zenodo,,https://zenodo.org/records/16924532,static,,2026-09-13T06:19:18.696424+00:00,False
reviews_03393,( الهروب من الغرفه )Escape the Room,,تجربة جميلة وحلوة واشكر الموظف عبدالعزيز اخلاق وتعامل ممتاز👍🏻👍🏻,Al Khobar,منتزه,,,,1,,1,reviews_zenodo,,https://zenodo.org/records/16924532,static,,2026-09-13T06:19:18.696424+00:00,False
reviews_03394,( الهروب من الغرفه )Escape the Room,,يستحق التجربة لكن لو السعر ينخفض شوي ياخذ 5 نجوم,Al Khobar,منتزه,-1,,,,,1,reviews_zenodo,,https://zenodo.org/records/16924532,static,,2026-09-13T06:19:18.696424+00:00,False
reviews_03395,( الهروب من الغرفه )Escape the Room,,يعطيهم العافية الشباب ماقصروا جدا مبدعين بالأفكار والتصميم وتستاهل تجربه ثانيه مره انبسطنا👍🏼,Al Khobar,منتزه,,,,1,,1,reviews_zenodo,,https://zenodo.org/records/16924532,static,,2026-09-13T06:19:18.696424+00:00,False
reviews_03396,( الهروب من الغرفه )Escape the Room,,التجربة رائعه رائعه جدا من ناحية الأجواء والألغاز.. وطاقم العمل محترف جدا أنصح بتجربته 👍🏼,Al Khobar,منتزه,,,,1,,1,reviews_zenodo,,https://zenodo.org/records/16924532,static,,2026-09-13T06:19:18.696424+00:00,False
reviews_03397,( الهروب من الغرفه )Escape the Room,,المكان ممتع حلو تروحونه مع اصحابكم او الاهل يخليك تشغل مخك غصب ، الموضفين جدا متعاونين,Al Khobar,منتزه,,,,1,1,,reviews_zenodo,,https://zenodo.org/records/16924532,static,,2026-09-13T06:19:18.696424+00:00,False
reviews_03398,( الهروب من الغرفه )Escape the Room,,الف شكر تجربة جميله جدا في بلاك اند وايت 😍😍😍 الي يبي يشغل عقله يدخلها😉 شكرا جود السعد و عبدالرحمن الذياب على التعامل,Al Khobar,منتزه,,,,1,,1,reviews_zenodo,,https://zenodo.org/records/16924532,static,,2026-09-13T06:19:18.696424+00:00,False
reviews_03399,( الهروب من الغرفه )Escape the Room,,التجربة تجننن مره وشيء متعوب عليه صراحة وتعامل الموظفين جدا محترم خصوصا الدبدوب 🤣💜💜,Al Khobar,منتزه,,,,1,,1,reviews_zenodo,,https://zenodo.org/records/16924532,static,,2026-09-13T06:19:18.696424+00:00,False
reviews_03400,( الهروب من الغرفه )Escape the Room,,تجربه جميله جدا وممتعه 😍 نحتاج مثل هالاماكن وتعامل الموظفين ممتاز ماقصروا 👏🏻👏🏻,Al Khobar,منتزه,,,,1,,1,reviews_zenodo,,https://zenodo.org/records/16924532,static,,2026-09-13T06:19:18.696424+00:00,False
reviews_03401,( الهروب من الغرفه )Escape the Room,,صراحه لو فيه اكثر من الخمسه نجوم عطيتهم .. أنصح فيها وبشده ممتعه بشكل ما تخيلته والافكار اللي فيها خورافيه .. أنصح فيها للي مو عارف ايش يسوي هو واصحابه بالويكند وعلى ضمانتي ما تندمون .. الطاقم اللي هناك كلهم عسل والله ومحترمين .. مسك وحده من الغرف حقتنا واحد اسمه محمد فداغ وصراحه سوالنا جو حلو وما قصر معنا تعامل واخلاق لا يعلا عليها صراحه,Al Khobar,منتزه,,,,1,1,,reviews_zenodo,,https://zenodo.org/records/16924532,static,,2026-09-13T06:19:18.696424+00:00,False
reviews_03402,( الهروب من الغرفه )Escape the Room,,عجيبب مره استمتعنا والصراحه مهتمين بأدق التفاصيل وما تملين ابدا تدخلين جو تماما ، ونشكر مساعدنا عبدالله العيد يعطيه العافية ما قصر 👏🏻❤️,Al Khobar,منتزه,,,,1,1,,reviews_zenodo,,https://zenodo.org/records/16924532,static,,2026-09-13T06:19:18.696424+00:00,False
reviews_03403,( الهروب من الغرفه )Escape the Room,,افضل تجربه لي مع نايت مير كانت اليوم، انبسطنا كثير وضحكنا والموظف عبد الرحمن سوا لنا جو واستمتعنا 🥰🥰🥰 كان يوم حلو,Al Khobar,منتزه,,,,1,,1,reviews_zenodo,,https://zenodo.org/records/16924532,static,,2026-09-13T06:19:18.696424+00:00,False
reviews_03404,( الهروب من الغرفه )Escape the Room,,مرا المكان يجنن ويستاهل التجربة مره ثانية 😍♥️💃🏻💃🏻 ونبغا فرع بجدة لو سمحتو ☹️👌,Al Khobar,منتزه,,,,,1,1,reviews_zenodo,,https://zenodo.org/records/16924532,static,,2026-09-13T06:19:18.696424+00:00,False
reviews_03405,( الهروب من الغرفه )Escape the Room,,احلا مكان صدق والموظفين متعاونين خاصتا جود,Al Khobar,منتزه,,,,1,1,,reviews_zenodo,,https://zenodo.org/records/16924532,static,,2026-09-13T06:19:18.696424+00:00,False
reviews_03406,( الهروب من الغرفه )Escape the Room,,جميلللة😩❤️ تروح مره بترجع مرا ثانيه عموما اخلاق الموظفين فوق الرائعه اللعبه جميلللة جدا ❤️❤️❤️,Al Khobar,منتزه,,,,1,1,1,reviews_zenodo,,https://zenodo.org/records/16924532,static,,2026-09-13T06:19:18.696424+00:00,False
reviews_03407,( الهروب من الغرفه )Escape the Room,,اللعبة رهيبه والموظفين رائعين. يستاهل التجربة.,Al Khobar,منتزه,,,,1,1,1,reviews_zenodo,,https://zenodo.org/records/16924532,static,,2026-09-13T06:19:18.696424+00:00,False
reviews_03408,( الهروب من الغرفه )Escape the Room,,صراحة لعبة تفكير حماسية تستحق التجربة وممتعة اكثر مع قروب عشان تفوزون👏🏻👏🏻😍😂 والاكيد ماقصر معنا الموظف عبدالله الله يعطيه العافية🤍,Al Khobar,منتزه,,,,1,1,1,reviews_zenodo,,https://zenodo.org/records/16924532,static,,2026-09-13T06:19:18.696424+00:00,False
reviews_03409,جزيرة النورس ينبع,,مكان رائع و نظيف جدا,Yanbu,حديقة,,1,,,1,,reviews_zenodo,,https://zenodo.org/records/16924532,static,,2026-09-13T06:19:18.696424+00:00,False
reviews_03410,جزيرة النورس ينبع,,اجمل مكان روحت في حياتي مره جميل,Yanbu,حديقة,,,,,1,1,reviews_zenodo,,https://zenodo.org/records/16924532,static,,2026-09-13T06:19:18.696424+00:00,False
reviews_03411,جزيرة النورس ينبع,,مكان حلو وجميل مناسب للأطفال والعوائل,Yanbu,حديقة,,,,,1,1,reviews_zenodo,,https://zenodo.org/records/16924532,static,,2026-09-13T06:19:18.696424+00:00,False
reviews_03412,متحف الاحساء,,يستحق الزيارة. فيه معلومات قيمة عن تاريخ الأحساء وشبه الجزيرة العربية بصفة عامة. يعاب عليهم التكييف كانوا مطفينه على جزء من المتحف!,الاحساء,متحف,,,,,1,1,reviews_zenodo,,https://zenodo.org/records/16924532,static,,2026-09-13T06:19:18.696424+00:00,False
reviews_03413,متحف الاحساء,,متحف ممتاز ولكن لا يوجد مرشدين . ولا يمكن للكفيف ان يلمس المعروضات لانها وراء الزجاج,الاحساء,متحف,,,,-1,1,-1,reviews_zenodo,,https://zenodo.org/records/16924532,static,,2026-09-13T06:19:18.696424+00:00,False
reviews_03414,متحف الغموض,,تجربة رائعة، ولا تفوتون الفرصة مع بداية الرحلة برفقة عبدالرحمن. أسلوب شيق في الشرح! ومكان جميل!,Riyadh,متحف,,,,1,1,1,reviews_zenodo,,https://zenodo.org/records/16924532,static,,2026-09-13T06:19:18.696424+00:00,False
reviews_03415,متحف الغموض,,مكان يستحق الزيارة اسعار التذاكر غالية التنوع ليس كثير داخله الموظفين مهذبين ويقدموا الإرشاد للزوار انصح بتنويع المحتوى الداخلي و تقديم باقات سعرية للمجموعات,Riyadh,متحف,-1,,,1,0,1,reviews_zenodo,,https://zenodo.org/records/16924532,static,,2026-09-13T06:19:18.696424+00:00,False
reviews_03416,متحف الغموض,,رائع وممتع وأفكار كثيرة لتصوير ولكن سعر التذكرة مرتفع نوعا ما مقارنة بمكانه الصغير,Riyadh,متحف,-1,,,,1,,reviews_zenodo,,https://zenodo.org/records/16924532,static,,2026-09-13T06:19:18.696424+00:00,False
reviews_03417,متحف الغموض,,مره مره جمييلل صراحه يستحق الزياااره استمتعنا جدا و الطاقم كله خدوم,Riyadh,متحف,,,,1,1,1,reviews_zenodo,,https://zenodo.org/records/16924532,static,,2026-09-13T06:19:18.696424+00:00,False
reviews_03418,متحف الغموض,,المكان لطيف وتجربة ممتعه وتغيير جو 😍😂 الاطفال الى ٥ سنوات الدخول لهم مجاني الكبار الشخص ب ٨٠ ريال .. الموظفة سارة كانت معانا استمتعنا بالجولة معها شرحت لنا الأشياء بأسلوب لطيف ومحترم وكانت تصورنا وروحها حلوه الله يسعدها 💕💕,Riyadh,متحف,,,,1,1,1,reviews_zenodo,,https://zenodo.org/records/16924532,static,,2026-09-13T06:19:18.696424+00:00,False
reviews_03419,متحف الغموض,,المكان جيد و لكن السعر مبالغ فيه كما ان التعامل سئ جدا مع الاطفال و لا يحبذون وجودهم... و تم التهديد بدفع غرامه عن اي تلف يحدثه طفلي و تم تهديده و ترهيبه لدرجة انه كره المكان ... مع العلم بان سعر التذكره يشمل التأمين لو حدث خطأ مثل اي مكان محترم. و لا انصح بالذهاب اليه ..,Riyadh,متحف,-1,,,-1,0,-1,reviews_zenodo,,https://zenodo.org/records/16924532,static,,2026-09-13T06:19:18.696424+00:00,False
reviews_03420,متحف الغموض,,متحف يستحق الزيارة ومناسب للاطفال,Riyadh,متحف,,,,,1,1,reviews_zenodo,,https://zenodo.org/records/16924532,static,,2026-09-13T06:19:18.696424+00:00,False
reviews_03421,متحف الغموض,,تجربة جدا جدا جدا رائعة وممتعة مكان جميل يستاهل الزيارة ومع اننا وصلنا على اخر الدوام تقريبا ١٠ ونص الا انه تعاملهم رائع الاخ محمد سعود والأخت كذلك,Riyadh,متحف,,,,1,1,,reviews_zenodo,,https://zenodo.org/records/16924532,static,,2026-09-13T06:19:18.696424+00:00,False
reviews_03422,متحف الغموض,,مكان رائع ومتتع للاطفال والكبار استمتعنا بيومنا في المتحف وكانت تجربه اكتر من رائعه 😍😍😍😍😍,Riyadh,متحف,,,,,1,1,reviews_zenodo,,https://zenodo.org/records/16924532,static,,2026-09-13T06:19:18.696424+00:00,False
reviews_03423,متحف الغموض,,المكان مره ممتع (مع انه مو مره كبير اتمنى يوسعونه). كانت تجربة جدا جميلة و نحتاج مثل هالاماكن بالرياض. الموظفين ودودين و المكان نظيف، رحنا الظهر يوم الجمعة و ما كان زحمة.,Riyadh,متحف,,1,,1,,1,reviews_zenodo,,https://zenodo.org/records/16924532,static,,2026-09-13T06:19:18.696424+00:00,False
reviews_03424,متحف الغموض,,المعرض جميل وممتع ..في البدايه توقعت اننا بنخلص بسرعه لانه مو كبير...لكن ساره عيشتنا جو المكان وتحملت حماس الاطفال وازعاجهم واسألتهم لدرجة ماحسينا بالناس حولينا..شكرا لك👏🏼,Riyadh,متحف,,,,1,1,1,reviews_zenodo,,https://zenodo.org/records/16924532,static,,2026-09-13T06:19:18.696424+00:00,False
reviews_03425,متحف الغموض,,جميل ورائع خصوصا لمن هم بين ٧ وال ١٢ سنه أعجب الجميع صراحة..واشكر الموظف على سعة صدره واسلوبه في شرح اللوحات بارك الله فيه ...,Riyadh,متحف,,,,1,1,,reviews_zenodo,,https://zenodo.org/records/16924532,static,,2026-09-13T06:19:18.696424+00:00,False
reviews_03426,متحف الغموض,,كثير من الخدع مكرره وغير فريده من نوعها والمكان صغير خلصته في دقايق وسعر التذكره ٨٠!! توقعت بلقى شيء يسوى .. المرشدين طيبين ومتعاونين لكن مايتم الشرح للزائر بالشكل الكافي ..التنظيم عشوائي بعض الزوار استحوذوا على اماكن خدع معينه ومامداني التقط صور لنفسي داخلها تجربه جميله لكن لن تتكرر .,Riyadh,متحف,-1,,,1,-1,-1,reviews_zenodo,,https://zenodo.org/records/16924532,static,,2026-09-13T06:19:18.696424+00:00,False
reviews_03427,متحف الغموض,,حقيقة يستحق الزيارة والاكتشاف افكار روعة وخدع بصرية حقيقية وواقعية اكثر من ٦٠ فكرة وخدعة راح تجربها طاقم عمل متفاهم متعاون بدء من الاستقبال سارة في قمة الاخلاق والابتسامة وعبدالعزيز كان معنا بالجولة انبسطنا والله,Riyadh,متحف,,,,1,1,1,reviews_zenodo,,https://zenodo.org/records/16924532,static,,2026-09-13T06:19:18.696424+00:00,False
reviews_03428,متحف الغموض,,جميل وممتع تجربة جديده اطفالي اعجبهم,Riyadh,متحف,,,,,1,1,reviews_zenodo,,https://zenodo.org/records/16924532,static,,2026-09-13T06:19:18.696424+00:00,False
reviews_03429,متحف الغموض,,متحف يستحق الزيارة وانصح به للصغار والكبار ممتع جدا جدا ٢٥٠ ريال باكج العائلة ٢ كبار و٢ اطفال واللي بروحه يحسب حسابه للرياض بارك لانه مجمع متكامل والأفضل في الرباض,Riyadh,متحف,,,,,1,1,reviews_zenodo,,https://zenodo.org/records/16924532,static,,2026-09-13T06:19:18.696424+00:00,False
reviews_03430,متحف الغموض,,معرض جميل العاملين محترمين مكان يستاهل انك تزوره مع عيالك وشكرا,Riyadh,متحف,,,,1,1,1,reviews_zenodo,,https://zenodo.org/records/16924532,static,,2026-09-13T06:19:18.696424+00:00,False
reviews_03431,متحف الغموض,,مكان جميييييل جدا وشكرا للمرشدة الاخت ساره ساعدتنا واستمتعنا جدا 👏🏻👏🏻,Riyadh,متحف,,,,1,1,,reviews_zenodo,,https://zenodo.org/records/16924532,static,,2026-09-13T06:19:18.696424+00:00,False
reviews_03432,متحف الغموض,,متحف له فروع حول العالم ، يعتمد على الخدع البصرية ، تجربة جميلة 👍🏻,Riyadh,متحف,,,,,1,1,reviews_zenodo,,https://zenodo.org/records/16924532,static,,2026-09-13T06:19:18.696424+00:00,False
reviews_03433,متحف الغموض,,المكان جدا جدا جميل ورائع أفكار إبداعية فيه عصف ذهني يساعد على التفكير العميق، جدا المكان رائع والفكرة حلوة جدا جميلة ونشكر شكر خاص للتور قايد رسيل,Riyadh,متحف,,,,1,1,,reviews_zenodo,,https://zenodo.org/records/16924532,static,,2026-09-13T06:19:18.696424+00:00,False
reviews_03434,متحف الغموض,,الصراحة كانت تجربة رائعه وجميله ويستاهل خصوصا الاخت رنا كانت جدا رائعه في الشرح واتمنى لها التوفيق,Riyadh,متحف,,,,1,1,1,reviews_zenodo,,https://zenodo.org/records/16924532,static,,2026-09-13T06:19:18.696424+00:00,False
reviews_03435,متحف الغموض,,المكان عادي واقل من عادي والاسعار مرتفعه بس الاخت رزان الي ب الاستقبال كانت بشوشه وروحها حلوه اضافت للمكان روح كانت في قمة الاحترام والاسلوب الراقي,Riyadh,متحف,-1,,,1,0,,reviews_zenodo,,https://zenodo.org/records/16924532,static,,2026-09-13T06:19:18.696424+00:00,False
reviews_03436,متحف الغموض,,زرت المتحف من اجمل الاماكن في الرياض الممتعه للصغار والكبار قضينا وقت ممتع شكر خاص للموظفين سارة ومهند وعبدالعزيز حقيقة استقبالهم رائع وحبينا المكان بتواجدهم يعطيهم العافيه,Riyadh,متحف,,,,1,1,1,reviews_zenodo,,https://zenodo.org/records/16924532,static,,2026-09-13T06:19:18.696424+00:00,False
reviews_03437,متحف الغموض,,استمعت بجولة رائعة امس مع اطفالي، كان طاقم العمل اكثر من رائع وعلى الاخص الاستاذ محمد، ولا اقلل من جهد باقي الطاقم حيث ان الكل كان يكمل بعضه. ما توقعت ان الجولة بتكون بهالمتعة. اسعدني وجود مثل هالانشطة الرائعة في مدينتي 👍🏻,Riyadh,متحف,,,,1,1,1,reviews_zenodo,,https://zenodo.org/records/16924532,static,,2026-09-13T06:19:18.696424+00:00,False
reviews_03438,متحف الغموض,,حلو و تجربة ممتعة و الافكار جميلة .. الاسعار شوي غالية بالنسبة للمكان لأن المتحف صغير .. سعر الشخص الكبير 80 ريال و الصغير 60 ريال بدون القيمة المضافة,Riyadh,متحف,-1,,,,1,1,reviews_zenodo,,https://zenodo.org/records/16924532,static,,2026-09-13T06:19:18.696424+00:00,False
reviews_03439,متحف الغموض,,جميل جدا وخصوصا تعامل الموظفين جدا راقي ويشرحون لك ادق التفاصيل + المتحف جميل والحدع جدا تذهلك حقا .,Riyadh,متحف,,,,1,1,,reviews_zenodo,,https://zenodo.org/records/16924532,static,,2026-09-13T06:19:18.696424+00:00,False
reviews_03440,متحف الغموض,,جميل و ممتع وكانت المشرفه ساره ممتازه بالتعامل مع الاطفال و الشرح و الايضاح,Riyadh,متحف,,,,1,1,,reviews_zenodo,,https://zenodo.org/records/16924532,static,,2026-09-13T06:19:18.696424+00:00,False
reviews_03441,متحف الغموض,,صراحة المتحف جميل والي خلاه ممتع شرح الموظفة ساره القطان,Riyadh,متحف,,,,1,1,,reviews_zenodo,,https://zenodo.org/records/16924532,static,,2026-09-13T06:19:18.696424+00:00,False
reviews_03442,متحف الغموض,,التجربة جميله ومختلفة وفيها ابداع المساحه صغيرة الاسعار جداجدا مبالغ فبها قياس الى مكونات المكان ومساحته وخدماته ٨٠ ريال للشخص البالغ ٦٠ للاطفال كثييييير الموظفيين متعاونين وخدومين يتم تعقيم الاسطح كل فترة ارجو اعادة النظر في التسعيرة واضافة المزيد من الافكار مع مراعاه توزيع المساحات وتوفير المرشدين بشكل اكبر مع توفير المزيد من الالعاب الخاصة للبيع بالتوفيق اضافة مميزة لمدينه الرياض وتجربة ممتعه للعائله,Riyadh,متحف,-1,,,1,1,1,reviews_zenodo,,https://zenodo.org/records/16924532,static,,2026-09-13T06:19:18.696424+00:00,False
reviews_03443,متحف الغموض,,مكان جميل ومميز فالرياض، يستاهل الزيارة لمرة واحد، سعر التيكيت ب ٨٠ ريال للشخص ويعتبر سعر مناسب جدا,Riyadh,متحف,1,,,,1,1,reviews_zenodo,,https://zenodo.org/records/16924532,static,,2026-09-13T06:19:18.696424+00:00,False
reviews_03444,متحف الغموض,,جميل ولكن سعر الدخول يحتاج إعادة تقيم بالنسبة للجولة ومدتها,Riyadh,متحف,-1,,,,1,,reviews_zenodo,,https://zenodo.org/records/16924532,static,,2026-09-13T06:19:18.696424+00:00,False
reviews_03445,متحف الغموض,,خدع بصرية جميلة، وفريق خدوم ومتعاون. أسعار سلع المتجر عالية جدا.,Riyadh,متحف,-1,,,1,1,,reviews_zenodo,,https://zenodo.org/records/16924532,static,,2026-09-13T06:19:18.696424+00:00,False
reviews_03446,متحف الغموض,,متحف جميل انبسطت كثير فيه واطفالي انبسطوا اكثررر ♥️♥️,Riyadh,متحف,,,,,1,1,reviews_zenodo,,https://zenodo.org/records/16924532,static,,2026-09-13T06:19:18.696424+00:00,False
reviews_03447,متحف الغموض,,تجربه جديده وجميله السعر مرتفع نوعا ما,Riyadh,متحف,-1,,,,1,,reviews_zenodo,,https://zenodo.org/records/16924532,static,,2026-09-13T06:19:18.696424+00:00,False
reviews_03448,متحف الغموض,,المكان جميل وعبارة عن خدع بصرية وفكرته حديدة نوعا ما لكن يعيبه غلاء سعر الدخول,Riyadh,متحف,-1,,,,1,,reviews_zenodo,,https://zenodo.org/records/16924532,static,,2026-09-13T06:19:18.696424+00:00,False
reviews_03449,متحف الغموض,,المكان صغير ومافيه الشي اللي يستدعي تذكره بقيمه ٨٠ ريال !!,Riyadh,متحف,-1,,,,1,,reviews_zenodo,,https://zenodo.org/records/16924532,static,,2026-09-13T06:19:18.696424+00:00,False
reviews_03450,متحف الغموض,,متحف جميل و مرتب .. وفيه احد يشرحلك و يعلمك كل شي 👍🏻,Riyadh,متحف,,,,1,1,,reviews_zenodo,,https://zenodo.org/records/16924532,static,,2026-09-13T06:19:18.696424+00:00,False
reviews_03451,متحف الغموض,,مكان ممتاز جدا والموظفين ودودين جدا,Riyadh,متحف,,,,1,1,,reviews_zenodo,,https://zenodo.org/records/16924532,static,,2026-09-13T06:19:18.696424+00:00,False
reviews_03452,متحف الغموض,,مكان جميل بصريا ومختلف في فكرته، وتعامل الموظفين ودي، يا ليت نشوف أماكن زي كدا في السعودية 👏🏼👏🏼,Riyadh,متحف,,,,1,1,,reviews_zenodo,,https://zenodo.org/records/16924532,static,,2026-09-13T06:19:18.696424+00:00,False
reviews_03453,متحف الغموض,,رائع جدا جدا والموظفين متعاونين لأبعد حد ومهذبين و محترمين و نتمنى أن يكون المتحف أكبر وألف مبروك ومن تقدم لتقدم اكبر,Riyadh,متحف,,,,1,1,,reviews_zenodo,,https://zenodo.org/records/16924532,static,,2026-09-13T06:19:18.696424+00:00,False
reviews_03454,متحف الغموض,,الفكرة جميله وتجربة مختلفه والطاقم متعاونين ولكن السعر مبالغ فيه والمساحة صغيرة يمكنك الانتهاء من جولتك في ١٠ دقائق يليق به معرض وليس متحف السعر للكبار ٨٠ ريال للشخص الاطفال ٦٠ ريال للشخص العائلة من ٢ بالغين و٢ اطفال بسعر ٢٥٠ريال,Riyadh,متحف,-1,,,1,1,1,reviews_zenodo,,https://zenodo.org/records/16924532,static,,2026-09-13T06:19:18.696424+00:00,False
reviews_03455,متحف الغموض,,تجربه جدا جميله وممتعه بس الآسعار غاليه شوي,Riyadh,متحف,-1,,,,,1,reviews_zenodo,,https://zenodo.org/records/16924532,static,,2026-09-13T06:19:18.696424+00:00,False
reviews_03456,متحف الغموض,,متحف رائع وموظفين متعاونين وصدورهم رحبه,Riyadh,متحف,,,,1,1,,reviews_zenodo,,https://zenodo.org/records/16924532,static,,2026-09-13T06:19:18.696424+00:00,False
reviews_03457,متحف الغموض,,المكان صغير و يوجد الغرفة المائلة و نفق الدوامة و بعض الصور ، كا تجربه لن تتكرر مرة أخرى السعر مرتفع ٨٠ ريال للكبار .,Riyadh,متحف,-1,,,,0,,reviews_zenodo,,https://zenodo.org/records/16924532,static,,2026-09-13T06:19:18.696424+00:00,False
reviews_03458,متحف الغموض,,تجربه جديده وافكار حلوه السعر غالي وانصح يكون معاك مرشد عشان يشرح لك وبعض الاماكن تحتاج تصوير,Riyadh,متحف,-1,,,,1,1,reviews_zenodo,,https://zenodo.org/records/16924532,static,,2026-09-13T06:19:18.696424+00:00,False
reviews_03459,متحف الغموض,,عادي صراحه موب واو ، مو كبير خلصت الانشطه بأقل من ساعه حتى ولدي الصغير مل بسرعه ، اشوف السعر كثيررر عليه حرام ادفع للكبار٨٠ وللطفل ٦٠ علشان اقل من ساعه وكنا اكثر من شخص !!!؟ اعترف اني ندمت وتسرعت يوم دخلته,Riyadh,متحف,-1,,,,0,,reviews_zenodo,,https://zenodo.org/records/16924532,static,,2026-09-13T06:19:18.696424+00:00,False
reviews_03460,متحف الغموض,,السعر غالي والمكان صغير جدا، ما يستاهل الزيارة صدقا,Riyadh,متحف,-1,,,,-1,-1,reviews_zenodo,,https://zenodo.org/records/16924532,static,,2026-09-13T06:19:18.696424+00:00,False
reviews_03461,متحف الغموض,,مش بطال لكن ليه الاسعار المبالغ فيها ٨٠ للكبار كثيير حطو اسعار معقوله خاصة للي عندهم عيال اكثر من واحد,Riyadh,متحف,-1,,,,0,,reviews_zenodo,,https://zenodo.org/records/16924532,static,,2026-09-13T06:19:18.696424+00:00,False
reviews_03462,بحيرة ينبع الصناعية ( حديقة الطيور ),,جميل وهادئ ينقصها كوفي فقط,Yanbu,حديقة,,,-1,,1,,reviews_zenodo,,https://zenodo.org/records/16924532,static,,2026-09-13T06:19:18.696424+00:00,False
reviews_03463,بحيرة ينبع الصناعية ( حديقة الطيور ),,مكان رااااائع وهادي وانصح بزيارته,Yanbu,حديقة,,,,,1,1,reviews_zenodo,,https://zenodo.org/records/16924532,static,,2026-09-13T06:19:18.696424+00:00,False
reviews_03464,بحيرة ينبع الصناعية ( حديقة الطيور ),,جميلة وتستحق الزيارة 👍🏼,Yanbu,حديقة,,,,,1,1,reviews_zenodo,,https://zenodo.org/records/16924532,static,,2026-09-13T06:19:18.696424+00:00,False
reviews_03465,بحيرة ينبع الصناعية ( حديقة الطيور ),,جدا ممتاز واستمتعنا فيه انصح بزيارته للي جاء لينبع,Yanbu,حديقة,,,,,1,1,reviews_zenodo,,https://zenodo.org/records/16924532,static,,2026-09-13T06:19:18.696424+00:00,False
reviews_03466,بحيرة ينبع الصناعية ( حديقة الطيور ),,البحيرة يوجد بها مسطحات خضراء وبحيرات صناعية وطيور مهاجرة .عند جلوسك بجوار البحيرة و مشاهدة الطيور ولمياء تشعر بسعادة .أنصح بزيارة هذي البحيرة .,Yanbu,حديقة,,,1,,1,1,reviews_zenodo,,https://zenodo.org/records/16924532,static,,2026-09-13T06:19:18.696424+00:00,False
reviews_03467,بحيرة ينبع الصناعية ( حديقة الطيور ),,جميل جدا ونظافة عالية,Yanbu,حديقة,,1,,,1,,reviews_zenodo,,https://zenodo.org/records/16924532,static,,2026-09-13T06:19:18.696424+00:00,False
reviews_03468,بحيرة ينبع الصناعية ( حديقة الطيور ),,مكان جميل وهادئ وبه دورات مياه ويتميز بالنظافه,Yanbu,حديقة,,1,1,,1,,reviews_zenodo,,https://zenodo.org/records/16924532,static,,2026-09-13T06:19:18.696424+00:00,False
reviews_03469,بحيرة ينبع الصناعية ( حديقة الطيور ),,جمال البحيرة واجوائها الخيالية ووجود أنواع الطيور والسلاحف والاسماك الصغيرة ..ويوجد ملاهي اطفال وكشك كوفي..ودواة مياه ومصلى رائع,Yanbu,حديقة,,,1,,1,,reviews_zenodo,,https://zenodo.org/records/16924532,static,,2026-09-13T06:19:18.696424+00:00,False
reviews_03470,بحيرة ينبع الصناعية ( حديقة الطيور ),,جميل وباذن الله لنا عوده حبيت المكان,Yanbu,حديقة,,,,,1,1,reviews_zenodo,,https://zenodo.org/records/16924532,static,,2026-09-13T06:19:18.696424+00:00,False
reviews_03471,بحيرة ينبع الصناعية ( حديقة الطيور ),,مكان جميل وهادئ ولطيف،، استمتعت بالجلوس فيها,Yanbu,حديقة,,,,,1,1,reviews_zenodo,,https://zenodo.org/records/16924532,static,,2026-09-13T06:19:18.696424+00:00,False
reviews_03472,بحيرة ينبع الصناعية ( حديقة الطيور ),,ممتازة جدا روووووووووعة وأنصح بزيارتها وبخاصة العوائل,Yanbu,حديقة,,,,,1,1,reviews_zenodo,,https://zenodo.org/records/16924532,static,,2026-09-13T06:19:18.696424+00:00,False
reviews_03473,بحيرة ينبع الصناعية ( حديقة الطيور ),,حديقة جميلة وهادية والأفضل تجي وقت النهار,Yanbu,حديقة,,,,,1,1,reviews_zenodo,,https://zenodo.org/records/16924532,static,,2026-09-13T06:19:18.696424+00:00,False
reviews_03474,بحيرة ينبع الصناعية ( حديقة الطيور ),,البحيرة رائعة وهادئة ومستوى النظافة عالي. توجد بجيرة بالداخل صغيرة ولكنها جميلة جدا بالليل.,Yanbu,حديقة,,-1,,,1,1,reviews_zenodo,,https://zenodo.org/records/16924532,static,,2026-09-13T06:19:18.696424+00:00,False
reviews_03475,بحيرة ينبع الصناعية ( حديقة الطيور ),,المكان مرتب جدا ونظيف وجميل أنصح كل من يجي ينبع يروح للمكان ..❤❤,Yanbu,حديقة,,1,,,1,1,reviews_zenodo,,https://zenodo.org/records/16924532,static,,2026-09-13T06:19:18.696424+00:00,False
reviews_03476,بحيرة ينبع الصناعية ( حديقة الطيور ),,قمة في الروعة لابد من زيارتها,Yanbu,حديقة,,,,,1,1,reviews_zenodo,,https://zenodo.org/records/16924532,static,,2026-09-13T06:19:18.696424+00:00,False
reviews_03477,بحيرة ينبع الصناعية ( حديقة الطيور ),,راااااائعة تجربة جيدة جدا جدا,Yanbu,حديقة,,,,,1,1,reviews_zenodo,,https://zenodo.org/records/16924532,static,,2026-09-13T06:19:18.696424+00:00,False
reviews_03478,بحيرة ينبع الصناعية ( حديقة الطيور ),,اجمل بحيرة صناعية في المملكة العربية السعودية.. انصح بالذهاب لها بعد صلاة الفجر مباشرة,Yanbu,حديقة,,,,,1,1,reviews_zenodo,,https://zenodo.org/records/16924532,static,,2026-09-13T06:19:18.696424+00:00,False
reviews_03479,بحيرة ينبع الصناعية ( حديقة الطيور ),,مكان جميل وهادي ونظيف قضينا وقت ممتع,Yanbu,حديقة,,1,,,1,1,reviews_zenodo,,https://zenodo.org/records/16924532,static,,2026-09-13T06:19:18.696424+00:00,False
reviews_03480,بحيرة ينبع الصناعية ( حديقة الطيور ),,المكان جميل وهادئ نظيف جدآ,Yanbu,حديقة,,1,,,1,,reviews_zenodo,,https://zenodo.org/records/16924532,static,,2026-09-13T06:19:18.696424+00:00,False
reviews_03481,بحيرة ينبع الصناعية ( حديقة الطيور ),,ياجماعه انصح بزيارته وبشده جميل راييييق وهادي,Yanbu,حديقة,,,,,1,1,reviews_zenodo,,https://zenodo.org/records/16924532,static,,2026-09-13T06:19:18.696424+00:00,False
reviews_03482,بحيرة ينبع الصناعية ( حديقة الطيور ),,مكان جميل وهادئ ودورات المياة نظيفه وقريب من مطعم البيك وكودوه,Yanbu,حديقة,,1,1,,1,,reviews_zenodo,,https://zenodo.org/records/16924532,static,,2026-09-13T06:19:18.696424+00:00,False
reviews_03483,بحيرة ينبع الصناعية ( حديقة الطيور ),,مكان جميل و انصح زوار ينبع بزيارته,Yanbu,حديقة,,,,,1,1,reviews_zenodo,,https://zenodo.org/records/16924532,static,,2026-09-13T06:19:18.696424+00:00,False
reviews_03484,بحيرة ينبع الصناعية ( حديقة الطيور ),,جميلة جدا وأنصح بزيارتها,Yanbu,حديقة,,,,,1,1,reviews_zenodo,,https://zenodo.org/records/16924532,static,,2026-09-13T06:19:18.696424+00:00,False
reviews_03485,بحيرة ينبع الصناعية ( حديقة الطيور ),,جميل خدماته قليله حمل الاغراض والمشي بها داخل الحديقه متعب,Yanbu,حديقة,,,-1,,1,,reviews_zenodo,,https://zenodo.org/records/16924532,static,,2026-09-13T06:19:18.696424+00:00,False
reviews_03486,بحيرة ينبع الصناعية ( حديقة الطيور ),,المكان جميل جدآ نظيف يستحق الزيارة شكرآ للهيئة الملكية بينبع,Yanbu,حديقة,,1,,,1,,reviews_zenodo,,https://zenodo.org/records/16924532,static,,2026-09-13T06:19:18.696424+00:00,False
reviews_03487,بحيرة ينبع الصناعية ( حديقة الطيور ),,حديقة راىعة جدا ونظيفة ومخدمة تماما والحمامات نظيفة جدا والبحيرة رائعة,Yanbu,حديقة,,1,,,1,,reviews_zenodo,,https://zenodo.org/records/16924532,static,,2026-09-13T06:19:18.696424+00:00,False
reviews_03488,بحيرة ينبع الصناعية ( حديقة الطيور ),,جميله جدا ونظيفه مره,Yanbu,حديقة,,1,,,1,,reviews_zenodo,,https://zenodo.org/records/16924532,static,,2026-09-13T06:19:18.696424+00:00,False
reviews_03489,بحيرة ينبع الصناعية ( حديقة الطيور ),,تجنن نظافه وترتيب,Yanbu,حديقة,,1,,,1,,reviews_zenodo,,https://zenodo.org/records/16924532,static,,2026-09-13T06:19:18.696424+00:00,False
reviews_03490,بحيرة ينبع الصناعية ( حديقة الطيور ),,جميلة وكبيرة لكن البحيرة ماءها راكد و مقرفة.... فيها سمك وسلحفاة لكن للاسف في ماء عفن,Yanbu,حديقة,,-1,,,1,,reviews_zenodo,,https://zenodo.org/records/16924532,static,,2026-09-13T06:19:18.696424+00:00,False
reviews_03491,بحيرة ينبع الصناعية ( حديقة الطيور ),,زيارة جميلة جدا والحديقة نظيفة وفيها اهتمام واضح,Yanbu,حديقة,,1,,,1,,reviews_zenodo,,https://zenodo.org/records/16924532,static,,2026-09-13T06:19:18.696424+00:00,False
reviews_03492,بحيرة ينبع الصناعية ( حديقة الطيور ),,جميله ورائعة ونظيفه ومرتبه👍🏼,Yanbu,حديقة,,1,,,1,,reviews_zenodo,,https://zenodo.org/records/16924532,static,,2026-09-13T06:19:18.696424+00:00,False
reviews_03493,بحيرة ينبع الصناعية ( حديقة الطيور ),,جدا جميلة ولكن يا ريت لو يهتمو فيها اكثر ويفتحو كشكات اكل خفيف ومشروبات,Yanbu,حديقة,,,-1,,1,,reviews_zenodo,,https://zenodo.org/records/16924532,static,,2026-09-13T06:19:18.696424+00:00,False
reviews_03494,بحيرة ينبع الصناعية ( حديقة الطيور ),,جميله جدا.....ونظيفه ومرتبه,Yanbu,حديقة,,1,,,1,,reviews_zenodo,,https://zenodo.org/records/16924532,static,,2026-09-13T06:19:18.696424+00:00,False
reviews_03495,بحيرة ينبع الصناعية ( حديقة الطيور ),,مكان جميل ومناسب للاسترخاء وايضا للاطفال والعائله😍,Yanbu,حديقة,,,,,1,1,reviews_zenodo,,https://zenodo.org/records/16924532,static,,2026-09-13T06:19:18.696424+00:00,False
reviews_03496,بحيرة ينبع الصناعية ( حديقة الطيور ),,مكان جميل ونظيف ومرتب وهادئ,Yanbu,حديقة,,1,,,1,,reviews_zenodo,,https://zenodo.org/records/16924532,static,,2026-09-13T06:19:18.696424+00:00,False
reviews_03497,بحيرة ينبع الصناعية ( حديقة الطيور ),,مكان جميل ونظيفف جداا,Yanbu,حديقة,,1,,,1,,reviews_zenodo,,https://zenodo.org/records/16924532,static,,2026-09-13T06:19:18.696424+00:00,False
reviews_03498,بحيرة ينبع الصناعية ( حديقة الطيور ),,مكان جميل وحديقه رائعه تستحق الزياره,Yanbu,حديقة,,,,,1,1,reviews_zenodo,,https://zenodo.org/records/16924532,static,,2026-09-13T06:19:18.696424+00:00,False
reviews_03499,بحيرة ينبع الصناعية ( حديقة الطيور ),,المکان جدا رائعه ومريحه . والمصلى نظيف والحمام الله يعزکم نظيف ماشاءالله تبارك الله,Yanbu,حديقة,,1,,,1,,reviews_zenodo,,https://zenodo.org/records/16924532,static,,2026-09-13T06:19:18.696424+00:00,False
reviews_03500,بحيرة ينبع الصناعية ( حديقة الطيور ),,رائعه ولكن تحتاج لرش دائم ونظافه البحيره,Yanbu,حديقة,,-1,,,1,,reviews_zenodo,,https://zenodo.org/records/16924532,static,,2026-09-13T06:19:18.696424+00:00,False
reviews_03501,بحيرة ينبع الصناعية ( حديقة الطيور ),,المكان جدآ جميل انصح بزيارة المكان و هادي جدآ,Yanbu,حديقة,,,,,1,1,reviews_zenodo,,https://zenodo.org/records/16924532,static,,2026-09-13T06:19:18.696424+00:00,False
reviews_03502,بحيرة ينبع الصناعية ( حديقة الطيور ),,حديقة ماشاءالله تبارك الله جدا جميلة وهدوء وصوت الماء ونظيفه انصح الي خارج او داخل المنطقة بزيارتها,Yanbu,حديقة,,1,,,1,1,reviews_zenodo,,https://zenodo.org/records/16924532,static,,2026-09-13T06:19:18.696424+00:00,False
reviews_03503,بحيرة ينبع الصناعية ( حديقة الطيور ),,جميل ورااااائعه وتستحق الزيارة,Yanbu,حديقة,,,,,1,1,reviews_zenodo,,https://zenodo.org/records/16924532,static,,2026-09-13T06:19:18.696424+00:00,False
reviews_03504,بحيرة ينبع الصناعية ( حديقة الطيور ),,بحيرة جميلة لكن تحتاج الى اهتمام من حيث النظافة وتوفير دورات مياه نظيفه,Yanbu,حديقة,,-1,,,1,,reviews_zenodo,,https://zenodo.org/records/16924532,static,,2026-09-13T06:19:18.696424+00:00,False
reviews_03505,بحيرة ينبع الصناعية ( حديقة الطيور ),,مكان جميل و يفضل زيارته بالصباح الباكر,Yanbu,حديقة,,,,,1,1,reviews_zenodo,,https://zenodo.org/records/16924532,static,,2026-09-13T06:19:18.696424+00:00,False
reviews_03506,بحيرة ينبع الصناعية ( حديقة الطيور ),,مكان مناسب للتنزه .. يحتاج نظافه اكثر .. ممتع للاطفال,Yanbu,حديقة,,-1,,,1,,reviews_zenodo,,https://zenodo.org/records/16924532,static,,2026-09-13T06:19:18.696424+00:00,False
reviews_03507,بحيرة ينبع الصناعية ( حديقة الطيور ),,حلوة بس تحتاج خدمات مثل الكافيه و المطاعم,Yanbu,حديقة,,,-1,,1,,reviews_zenodo,,https://zenodo.org/records/16924532,static,,2026-09-13T06:19:18.696424+00:00,False
reviews_03508,بحيرة ينبع الصناعية ( حديقة الطيور ),,تجنن وهادية ورايقة وتقدر تاخذ غداك عشاك وتتونس مع العايلة,Yanbu,حديقة,,,,,1,1,reviews_zenodo,,https://zenodo.org/records/16924532,static,,2026-09-13T06:19:18.696424+00:00,False
reviews_03509,بحيرة ينبع الصناعية ( حديقة الطيور ),,مرتبة و نظيفة و يوجد بها دورات مياه,Yanbu,حديقة,,1,1,,1,,reviews_zenodo,,https://zenodo.org/records/16924532,static,,2026-09-13T06:19:18.696424+00:00,False
reviews_03510,بحيرة ينبع الصناعية ( حديقة الطيور ),,مكان جميل جدا يستحق ١٠/١٠,Yanbu,حديقة,,,,,1,1,reviews_zenodo,,https://zenodo.org/records/16924532,static,,2026-09-13T06:19:18.696424+00:00,False
reviews_03511,بحيرة ينبع الصناعية ( حديقة الطيور ),,مكاان ما يمل أبدا وتستحق الزيارة وأهتمام الموظفين فيها يذكر فيشكر,Yanbu,حديقة,,,,1,1,1,reviews_zenodo,,https://zenodo.org/records/16924532,static,,2026-09-13T06:19:18.696424+00:00,False
reviews_03512,بحيرة ينبع الصناعية ( حديقة الطيور ),,حديه جميله ولاكن مليانه وصاخه في الارض,Yanbu,حديقة,,-1,,,1,,reviews_zenodo,,https://zenodo.org/records/16924532,static,,2026-09-13T06:19:18.696424+00:00,False
reviews_03513,بحيرة ينبع الصناعية ( حديقة الطيور ),,البحيرة جميل جدا من الاماكن التي تستحق الزيارة في ينبع يوجد بها العاب اطفال واماكن جلوس,Yanbu,حديقة,,,1,,1,,reviews_zenodo,,https://zenodo.org/records/16924532,static,,2026-09-13T06:19:18.696424+00:00,False
reviews_03514,بحيرة ينبع الصناعية ( حديقة الطيور ),,مكان جميل يستحق الزيارة 👍,Yanbu,حديقة,,,,,1,1,reviews_zenodo,,https://zenodo.org/records/16924532,static,,2026-09-13T06:19:18.696424+00:00,False
reviews_03515,بحيرة ينبع الصناعية ( حديقة الطيور ),,بصراحة شي مرتب ومساحات واسعه يستغرب الشخص اذا حصل مكان مثل هالحديقه وبدون رسوم دخول او تدفع للجلسه شي مشرررررف لينبع,Yanbu,حديقة,,,,,1,1,reviews_zenodo,,https://zenodo.org/records/16924532,static,,2026-09-13T06:19:18.696424+00:00,False
reviews_03516,بحيرة ينبع الصناعية ( حديقة الطيور ),,من أجمل الحدائق اللتي زرتها بها مصلى ودورة مياه وكافيه,Yanbu,حديقة,,,1,,1,,reviews_zenodo,,https://zenodo.org/records/16924532,static,,2026-09-13T06:19:18.696424+00:00,False
reviews_03517,بحيرة ينبع الصناعية ( حديقة الطيور ),,الحديقة جميلة جدا ينقصها الخدمات المتكاملة من وجود المطاعم الحمامات نظيفة جدا,Yanbu,حديقة,,1,-1,,1,,reviews_zenodo,,https://zenodo.org/records/16924532,static,,2026-09-13T06:19:18.696424+00:00,False
reviews_03518,بحيرة ينبع الصناعية ( حديقة الطيور ),,صغيرة وزحمة وماتسوى المشوار ، والله لاشفنا طيور ولا سمك,Yanbu,حديقة,,,,,-1,-1,reviews_zenodo,,https://zenodo.org/records/16924532,static,,2026-09-13T06:19:18.696424+00:00,False
reviews_03519,بحيرة ينبع الصناعية ( حديقة الطيور ),,جميلة جدا الحمامات نظيفة جدا فيه ألعاب وواي فاي ...,Yanbu,حديقة,,1,1,,1,,reviews_zenodo,,https://zenodo.org/records/16924532,static,,2026-09-13T06:19:18.696424+00:00,False
reviews_03520,بحيرة ينبع الصناعية ( حديقة الطيور ),,جميلة جدا وبها خدمات مصلى ودورة مياة وكشكات بيع,Yanbu,حديقة,,,1,,1,,reviews_zenodo,,https://zenodo.org/records/16924532,static,,2026-09-13T06:19:18.696424+00:00,False
reviews_03521,بحيرة ينبع الصناعية ( حديقة الطيور ),,جميلة وهادئة تقدر تجيها بجميع الأوقات حلوة تستحق الزيارة,Yanbu,حديقة,,,,,1,1,reviews_zenodo,,https://zenodo.org/records/16924532,static,,2026-09-13T06:19:18.696424+00:00,False
reviews_03522,بحيرة ينبع الصناعية ( حديقة الطيور ),,جميله ونظيفة ومرتبه 👍🏻,Yanbu,حديقة,,1,,,1,,reviews_zenodo,,https://zenodo.org/records/16924532,static,,2026-09-13T06:19:18.696424+00:00,False
reviews_03523,بحيرة ينبع الصناعية ( حديقة الطيور ),,مكان رائع ونظيف جدا,Yanbu,حديقة,,1,,,,,reviews_zenodo,,https://zenodo.org/records/16924532,static,,2026-09-13T06:19:18.696424+00:00,False
reviews_03524,بحيرة ينبع الصناعية ( حديقة الطيور ),,مكاااان جممميل للإستكنان .. ماكأني بالسعودية اتمنى تتم على نفس المستوى من نظافة وجمال ❤️,Yanbu,حديقة,,1,,,1,,reviews_zenodo,,https://zenodo.org/records/16924532,static,,2026-09-13T06:19:18.696424+00:00,False
reviews_03525,بحيرة ينبع الصناعية ( حديقة الطيور ),,جميلة جدا بس ياريت تنظيف البحيرات دائما لأنه المياه جدا وسخة وتجمع الناموس فيها,Yanbu,حديقة,,-1,,,1,,reviews_zenodo,,https://zenodo.org/records/16924532,static,,2026-09-13T06:19:18.696424+00:00,False
reviews_03526,بحيرة ينبع الصناعية ( حديقة الطيور ),,جميلة جدا ومنظمه وفيها العاب ترفيهيه للاطفال.,Yanbu,حديقة,,,1,,1,,reviews_zenodo,,https://zenodo.org/records/16924532,static,,2026-09-13T06:19:18.696424+00:00,False
reviews_03527,بحيرة ينبع الصناعية ( حديقة الطيور ),,من اجمل الاماكن التي لم اندم ع زيرتها,Yanbu,حديقة,,,,,1,1,reviews_zenodo,,https://zenodo.org/records/16924532,static,,2026-09-13T06:19:18.696424+00:00,False
reviews_03528,بحيرة ينبع الصناعية ( حديقة الطيور ),,المكان رائع لاكن يفتقر للخدمات القريبة بقالة قهوه واحده فقط الجلسات العشوائيه,Yanbu,حديقة,,-1,,,1,,reviews_zenodo,,https://zenodo.org/records/16924532,static,,2026-09-13T06:19:18.696424+00:00,False
reviews_03529,بحيرة ينبع الصناعية ( حديقة الطيور ),,حديقة جميلة مستوى عالي,Yanbu,حديقة,,,,,1,1,reviews_zenodo,,https://zenodo.org/records/16924532,static,,2026-09-13T06:19:18.696424+00:00,False
reviews_03530,بحيرة ينبع الصناعية ( حديقة الطيور ),,ممتازة تستحق الزيارة دورة المياة نظيفة حيث يوجد صابون ومناديل,Yanbu,حديقة,,1,,,1,,reviews_zenodo,,https://zenodo.org/records/16924532,static,,2026-09-13T06:19:18.696424+00:00,False
reviews_03531,بحيرة ينبع الصناعية ( حديقة الطيور ),,جميله جدا جدا و مرتبه و يشرف على صيانتها و مراقبتها الهيئة الملكية,Yanbu,حديقة,,,,,1,1,reviews_zenodo,,https://zenodo.org/records/16924532,static,,2026-09-13T06:19:18.696424+00:00,False
reviews_03532,بحيرة ينبع الصناعية ( حديقة الطيور ),,نظيف وهادي وأنصح بزيارته,Yanbu,حديقة,,1,,,1,1,reviews_zenodo,,https://zenodo.org/records/16924532,static,,2026-09-13T06:19:18.696424+00:00,False
reviews_03533,بحيرة ينبع الصناعية ( حديقة الطيور ),,مكان جميل و هادئ .. لا يوجد اكشاك للبيع,Yanbu,حديقة,,,-1,,1,,reviews_zenodo,,https://zenodo.org/records/16924532,static,,2026-09-13T06:19:18.696424+00:00,False
reviews_03534,بحيرة ينبع الصناعية ( حديقة الطيور ),,جميلة جدا ! النظافة والصيانة ١٠/١٠ شكرا لكم,Yanbu,حديقة,,1,,,1,,reviews_zenodo,,https://zenodo.org/records/16924532,static,,2026-09-13T06:19:18.696424+00:00,False
reviews_03535,بحيرة ينبع الصناعية ( حديقة الطيور ),,مكان جميل يستحق الزيارة,Yanbu,حديقة,,,,,1,1,reviews_zenodo,,https://zenodo.org/records/16924532,static,,2026-09-13T06:19:18.696424+00:00,False
reviews_03536,بحيرة ينبع الصناعية ( حديقة الطيور ),,مكان جميل وطبيعة ساحرة... بحيرة صناعية مليئة بالاسماك والسلاحف المائية... خضرة جميلة... اصوات طيور.... هواء نظيف... العاب للاطفال... اهتمام ونظافة... شكرا للهيئة الملكية على المكان الرائع,Yanbu,حديقة,,1,1,,1,,reviews_zenodo,,https://zenodo.org/records/16924532,static,,2026-09-13T06:19:18.696424+00:00,False
reviews_03537,بحيرة ينبع الصناعية ( حديقة الطيور ),,نظيف وجميل صراحه متعوب عليه مو كبير لكن رائع,Yanbu,حديقة,,1,,,1,,reviews_zenodo,,https://zenodo.org/records/16924532,static,,2026-09-13T06:19:18.696424+00:00,False
