hotel_id,source_id,name,city,region,price_sar,star_rating,guest_rating,guest_rating_count,room_type,bed_type,max_persons,breakfast_included,free_cancellation,latitude,longitude,source_url,source,data_period,snapshot_date,retrieved_at,is_live
hotels_00000,6330099,الريم,Al Ula,Madinah,179,5,,,Economy Double Room,3 beds (3 large doubles),2,,True,26.648656,37.917525,https://www.booking.com/hotel/sa/lrym.en-gb.html?aid=304142&label=gen173nr-1BCAEoggI46AdIM1gEaMQBiAECmAEJuAEJyAER2AEB6AEBiAIBqAIDuAKmm9z0BcACAQ&sid=42146239dcdf1e519ee673686891723f&all_sr_blocks=633009902_249116704_2_0_0&checkin=2020-04-24&checkout=2020-04-25&dest_id=186&dest_type=country&group_adults=2&group_children=0&hapos=1&highlighted_blocks=633009902_249116704_2_0_0&hpos=1&no_rooms=1&sr_order=class_and_price&sr_pri_blocks=633009902_249116704_2_0_0__17940&srepoch=1587182829&srpvid=e5621cf679830031&ucfs=1&from=searchresultshttps://www.booking.com;highlight_room=#hotelTmpl,booking_kaggle,2020,2020-04-24,2026-09-13T06:37:49.339055+00:00,False
hotels_00001,5326174,Copper Crown Furnished Apartments,Khamis Mushait,Asir,195,5,9.0,169,Deluxe Room (2 Adults + 1 Child),1 bed (1 extra-large double),2,,True,18.2427413609442,42.8014022886982,https://www.booking.com/hotel/sa/kwbr-krwn-llshqq-lfndqyh.en-gb.html?aid=304142&label=gen173nr-1BCAEoggI46AdIM1gEaMQBiAECmAEJuAEJyAER2AEB6AEBiAIBqAIDuAKmm9z0BcACAQ&sid=42146239dcdf1e519ee673686891723f&all_sr_blocks=532617402_191903030_2_0_0&checkin=2020-04-24&checkout=2020-04-25&dest_id=186&dest_type=country&group_adults=2&group_children=0&hapos=2&highlighted_blocks=532617402_191903030_2_0_0&hpos=2&no_rooms=1&sr_order=class_and_price&sr_pri_blocks=532617402_191903030_2_0_0__19499&srepoch=1587182829&srpvid=e5621cf679830031&ucfs=1&from=searchresultshttps://www.booking.com;highlight_room=#hotelTmpl,booking_kaggle,2020,2020-04-24,2026-09-13T06:37:49.339055+00:00,False
hotels_00002,5987844,فندق راية الشلال 2,Abū Qa‘Ar,,200,5,8.7,17,Deluxe Double or Twin Room,1 bed (1 double),2,,True,28.370666,45.990981,https://www.booking.com/hotel/sa/fndq-ry-lshll-2.en-gb.html?aid=304142&label=gen173nr-1BCAEoggI46AdIM1gEaMQBiAECmAEJuAEJyAER2AEB6AEBiAIBqAIDuAKmm9z0BcACAQ&sid=42146239dcdf1e519ee673686891723f&all_sr_blocks=598784401_234887103_2_0_0&checkin=2020-04-24&checkout=2020-04-25&dest_id=186&dest_type=country&group_adults=2&group_children=0&hapos=3&highlighted_blocks=598784401_234887103_2_0_0&hpos=3&no_rooms=1&sr_order=class_and_price&sr_pri_blocks=598784401_234887103_2_0_0__20000&srepoch=1587182829&srpvid=e5621cf679830031&ucfs=1&from=searchresultshttps://www.booking.com;highlight_room=#hotelTmpl,booking_kaggle,2020,2020-04-24,2026-09-13T06:37:49.339055+00:00,False
hotels_00003,3889445,Four Points by Sheraton Makkah Al Naseem,Makkah,Makkah,225,5,8.7,9,Superior Twin Room,2 beds (2 singles),2,,True,21.38081,39.874312,https://www.booking.com/hotel/sa/four-points-by-sheraton-makkah-al-naseem.en-gb.html?aid=304142&label=gen173nr-1BCAEoggI46AdIM1gEaMQBiAECmAEJuAEJyAER2AEB6AEBiAIBqAIDuAKmm9z0BcACAQ&sid=42146239dcdf1e519ee673686891723f&all_sr_blocks=388944505_251376099_0_2_0&checkin=2020-04-24&checkout=2020-04-25&dest_id=186&dest_type=country&group_adults=2&group_children=0&hapos=4&highlighted_blocks=388944505_251376099_0_2_0&hpos=4&no_rooms=1&sr_order=class_and_price&sr_pri_blocks=388944505_251376099_0_2_0__22500&srepoch=1587182829&srpvid=e5621cf679830031&ucfs=1&from=searchresultshttps://www.booking.com;highlight_room=#hotelTmpl,booking_kaggle,2020,2020-04-24,2026-09-13T06:37:49.339055+00:00,False
hotels_00004,6284346,نزل الثريا للوحدات السكنية,Taif,Makkah,250,5,,,Budget Double Room,1 bed (1 double),2,,True,21.4945239908093,40.4873830197907,https://www.booking.com/hotel/sa/nzl-lthry-llwhdt-lskny.en-gb.html?aid=304142&label=gen173nr-1BCAEoggI46AdIM1gEaMQBiAECmAEJuAEJyAER2AEB6AEBiAIBqAIDuAKmm9z0BcACAQ&sid=42146239dcdf1e519ee673686891723f&all_sr_blocks=628434602_244840443_2_0_0&checkin=2020-04-24&checkout=2020-04-25&dest_id=186&dest_type=country&group_adults=2&group_children=0&hapos=5&highlighted_blocks=628434602_244840443_2_0_0&hpos=5&no_rooms=1&sr_order=class_and_price&sr_pri_blocks=628434602_244840443_2_0_0__24999&srepoch=1587182829&srpvid=e5621cf679830031&ucfs=1&from=searchresultshttps://www.booking.com;highlight_room=#hotelTmpl,booking_kaggle,2020,2020-04-24,2026-09-13T06:37:49.339055+00:00,False
hotels_00005,1224842,فندق رفاف المشاعر,Makkah,Makkah,295,5,8.4,719,Standard Room King,1 bed (1 extra-large double),2,True,True,21.4030676544103,39.8731560116089,https://www.booking.com/hotel/sa/reefaf-al-mashaer-makkah.en-gb.html?aid=304142&label=gen173nr-1BCAEoggI46AdIM1gEaMQBiAECmAEJuAEJyAER2AEB6AEBiAIBqAIDuAKmm9z0BcACAQ&sid=42146239dcdf1e519ee673686891723f&all_sr_blocks=122484213_235715549_2_1_0&checkin=2020-04-24&checkout=2020-04-25&dest_id=186&dest_type=country&group_adults=2&group_children=0&hapos=6&highlighted_blocks=122484213_235715549_2_1_0&hpos=6&no_rooms=1&sr_order=class_and_price&sr_pri_blocks=122484213_235715549_2_1_0__29478&srepoch=1587182829&srpvid=e5621cf679830031&ucfs=1&from=searchresultshttps://www.booking.com;highlight_room=#hotelTmpl,booking_kaggle,2020,2020-04-24,2026-09-13T06:37:49.339055+00:00,False
hotels_00006,6367195,مسكن الراحة,An Nikāshah,,300,5,,,Two-Bedroom Apartment,"3 beds (2 singles, 1 extra-large double)",4,,True,21.368414,39.82266,https://www.booking.com/hotel/sa/mskn-lrh.en-gb.html?aid=304142&label=gen173nr-1BCAEoggI46AdIM1gEaMQBiAECmAEJuAEJyAER2AEB6AEBiAIBqAIDuAKmm9z0BcACAQ&sid=42146239dcdf1e519ee673686891723f&all_sr_blocks=636719502_249718498_4_0_0&checkin=2020-04-24&checkout=2020-04-25&dest_id=186&dest_type=country&group_adults=2&group_children=0&hapos=7&highlighted_blocks=636719502_249718498_4_0_0&hpos=7&no_rooms=1&sr_order=class_and_price&sr_pri_blocks=636719502_249718498_4_0_0__30000&srepoch=1587182829&srpvid=e5621cf679830031&ucfs=1&from=searchresultshttps://www.booking.com;highlight_room=#hotelTmpl,booking_kaggle,2020,2020-04-24,2026-09-13T06:37:49.339055+00:00,False
hotels_00007,254592,Corp Inn Deira.,Riyadh,Riyadh,312,5,7.0,397,Grand Room,1 bed (1 large double),2,,True,24.6343470435907,46.7165037989616,https://www.booking.com/hotel/sa/corp-city-center.en-gb.html?aid=304142&label=gen173nr-1BCAEoggI46AdIM1gEaMQBiAECmAEJuAEJyAER2AEB6AEBiAIBqAIDuAKmm9z0BcACAQ&sid=42146239dcdf1e519ee673686891723f&all_sr_blocks=25459201_98662375_2_0_0&checkin=2020-04-24&checkout=2020-04-25&dest_id=186&dest_type=country&group_adults=2&group_children=0&hapos=8&highlighted_blocks=25459201_98662375_2_0_0&hpos=8&no_rooms=1&sr_order=class_and_price&sr_pri_blocks=25459201_98662375_2_0_0__31150&srepoch=1587182829&srpvid=e5621cf679830031&ucfs=1&from=searchresultshttps://www.booking.com;highlight_room=#hotelTmpl,booking_kaggle,2020,2020-04-24,2026-09-13T06:37:49.339055+00:00,False
hotels_00008,352664,Al Gosaibi Hotel,Al Khobar,Eastern Province,340,5,8.1,2,Superior Twin Room,2 beds (2 singles),2,,True,26.3069709,50.2207306,https://www.booking.com/hotel/sa/al-gosaibi.en-gb.html?aid=304142&label=gen173nr-1BCAEoggI46AdIM1gEaMQBiAECmAEJuAEJyAER2AEB6AEBiAIBqAIDuAKmm9z0BcACAQ&sid=42146239dcdf1e519ee673686891723f&all_sr_blocks=35266419_243587419_0_2_0&checkin=2020-04-24&checkout=2020-04-25&dest_id=186&dest_type=country&group_adults=2&group_children=0&hapos=9&highlighted_blocks=35266419_243587419_0_2_0&hpos=9&no_rooms=1&sr_order=class_and_price&sr_pri_blocks=35266419_243587419_0_2_0__34000&srepoch=1587182829&srpvid=e5621cf679830031&ucfs=1&from=searchresultshttps://www.booking.com;highlight_room=#hotelTmpl,booking_kaggle,2020,2020-04-24,2026-09-13T06:37:49.339055+00:00,False
hotels_00009,247347,Makarem Umm Al Qura Hotel,Makkah,Makkah,350,5,7.7,6,Deluxe Twin Room,2 beds (2 singles),2,,,21.4026930012578,39.8304417729378,https://www.booking.com/hotel/sa/umm-alqura-makarim.en-gb.html?aid=304142&label=gen173nr-1BCAEoggI46AdIM1gEaMQBiAECmAEJuAEJyAER2AEB6AEBiAIBqAIDuAKmm9z0BcACAQ&sid=42146239dcdf1e519ee673686891723f&all_sr_blocks=24734709_127047022_0_2_0&checkin=2020-04-24&checkout=2020-04-25&dest_id=186&dest_type=country&group_adults=2&group_children=0&hapos=10&highlighted_blocks=24734709_127047022_0_2_0&hpos=10&no_rooms=1&sr_order=class_and_price&sr_pri_blocks=24734709_127047022_0_2_0__35000&srepoch=1587182829&srpvid=e5621cf679830031&ucfs=1&from=searchresultshttps://www.booking.com;highlight_room=#hotelTmpl,booking_kaggle,2020,2020-04-24,2026-09-13T06:37:49.339055+00:00,False
hotels_00010,2106646,Best Western Premier Al Ahsa Grand Hotel,Al Ahsa,Eastern Province,354,5,8.2,440,Junior Suite,1 bed (1 extra-large double),3,,True,25.3460791878717,49.5899771153927,https://www.booking.com/hotel/sa/best-western-premier-al-ahsa.en-gb.html?aid=304142&label=gen173nr-1BCAEoggI46AdIM1gEaMQBiAECmAEJuAEJyAER2AEB6AEBiAIBqAIDuAKmm9z0BcACAQ&sid=42146239dcdf1e519ee673686891723f&all_sr_blocks=210664618_120535671_3_42_0&checkin=2020-04-24&checkout=2020-04-25&dest_id=186&dest_type=country&group_adults=2&group_children=0&hapos=11&highlighted_blocks=210664618_120535671_3_42_0&hpos=11&no_rooms=1&sr_order=class_and_price&sr_pri_blocks=210664618_120535671_3_42_0__35409&srepoch=1587182829&srpvid=e5621cf679830031&ucfs=1&from=searchresultshttps://www.booking.com;highlight_room=#hotelTmpl,booking_kaggle,2020,2020-04-24,2026-09-13T06:37:49.339055+00:00,False
hotels_00011,1688405,Millennium Hail Hotel,Hail,Hail,360,5,7.8,1,Deluxe Twin Room,2 beds (2 singles),2,,True,27.6532832447828,41.7237567901611,https://www.booking.com/hotel/sa/millennium-hail.en-gb.html?aid=304142&label=gen173nr-1BCAEoggI46AdIM1gEaMQBiAECmAEJuAEJyAER2AEB6AEBiAIBqAIDuAKmm9z0BcACAQ&sid=42146239dcdf1e519ee673686891723f&all_sr_blocks=168840516_254863118_0_42_0&checkin=2020-04-24&checkout=2020-04-25&dest_id=186&dest_type=country&group_adults=2&group_children=0&hapos=12&highlighted_blocks=168840516_254863118_0_42_0&hpos=12&no_rooms=1&sr_order=class_and_price&sr_pri_blocks=168840516_254863118_0_42_0__36000&srepoch=1587182829&srpvid=e5621cf679830031&ucfs=1&from=searchresultshttps://www.booking.com;highlight_room=#hotelTmpl,booking_kaggle,2020,2020-04-24,2026-09-13T06:37:49.339055+00:00,False
hotels_00012,73210,"Radisson Blu Hotel, Riyadh",Riyadh,Riyadh,383,5,7.6,617,Standard Room,1 bed (1 large double),2,,True,24.6707107596759,46.7186522483826,https://www.booking.com/hotel/sa/radisson-sas-riyadh.en-gb.html?aid=304142&label=gen173nr-1BCAEoggI46AdIM1gEaMQBiAECmAEJuAEJyAER2AEB6AEBiAIBqAIDuAKmm9z0BcACAQ&sid=42146239dcdf1e519ee673686891723f&all_sr_blocks=7321001_255463422_2_42_0&checkin=2020-04-24&checkout=2020-04-25&dest_id=186&dest_type=country&group_adults=2&group_children=0&hapos=13&highlighted_blocks=7321001_255463422_2_42_0&hpos=13&no_rooms=1&sr_order=class_and_price&sr_pri_blocks=7321001_255463422_2_42_0__38250&srepoch=1587182829&srpvid=e5621cf679830031&ucfs=1&from=searchresultshttps://www.booking.com;highlight_room=#hotelTmpl,booking_kaggle,2020,2020-04-24,2026-09-13T06:37:49.339055+00:00,False
hotels_00013,3947892,Shaza Riyadh,Riyadh,Riyadh,400,5,8.8,1,Deluxe Room,1 bed (1 large double),2,,True,24.676176713243,46.7792256258297,https://www.booking.com/hotel/sa/shaza-riyadh.en-gb.html?aid=304142&label=gen173nr-1BCAEoggI46AdIM1gEaMQBiAECmAEJuAEJyAER2AEB6AEBiAIBqAIDuAKmm9z0BcACAQ&sid=42146239dcdf1e519ee673686891723f&all_sr_blocks=394789201_250994519_2_0_0&checkin=2020-04-24&checkout=2020-04-25&dest_id=186&dest_type=country&group_adults=2&group_children=0&hapos=14&highlighted_blocks=394789201_250994519_2_0_0&hpos=14&no_rooms=1&sr_order=class_and_price&sr_pri_blocks=394789201_250994519_2_0_0__40000&srepoch=1587182829&srpvid=e5621cf679830031&ucfs=1&from=searchresultshttps://www.booking.com;highlight_room=#hotelTmpl,booking_kaggle,2020,2020-04-24,2026-09-13T06:37:49.339055+00:00,False
hotels_00014,312215,Awaliv International Hotel,Taif,Makkah,400,5,8.7,1,Superior Room,1 bed (1 large double),2,,True,21.2869526389713,40.4192698001862,https://www.booking.com/hotel/sa/awaliv-international.en-gb.html?aid=304142&label=gen173nr-1BCAEoggI46AdIM1gEaMQBiAECmAEJuAEJyAER2AEB6AEBiAIBqAIDuAKmm9z0BcACAQ&sid=42146239dcdf1e519ee673686891723f&all_sr_blocks=31221502_202946595_0_2_0&checkin=2020-04-24&checkout=2020-04-25&dest_id=186&dest_type=country&group_adults=2&group_children=0&hapos=15&highlighted_blocks=31221502_202946595_0_2_0&hpos=15&no_rooms=1&sr_order=class_and_price&sr_pri_blocks=31221502_202946595_0_2_0__40000&srepoch=1587182829&srpvid=e5621cf679830031&ucfs=1&from=searchresultshttps://www.booking.com;highlight_room=#hotelTmpl,booking_kaggle,2020,2020-04-24,2026-09-13T06:37:49.339055+00:00,False
hotels_00015,253717,Carlton Al Moaibed Hotel,Al Khobar,Eastern Province,425,5,7.8,663,Superior Twin Room,1 bed (1 single),2,,True,26.3665092631766,50.1857614517212,https://www.booking.com/hotel/sa/carlton-al-moaibed.en-gb.html?aid=304142&label=gen173nr-1BCAEoggI46AdIM1gEaMQBiAECmAEJuAEJyAER2AEB6AEBiAIBqAIDuAKmm9z0BcACAQ&sid=42146239dcdf1e519ee673686891723f&all_sr_blocks=25371701_203699341_2_10_0&checkin=2020-04-24&checkout=2020-04-25&dest_id=186&dest_type=country&group_adults=2&group_children=0&hapos=16&highlighted_blocks=25371701_203699341_2_10_0&hpos=16&no_rooms=1&sr_order=class_and_price&sr_pri_blocks=25371701_203699341_2_10_0__42500&srepoch=1587182829&srpvid=e5621cf679830031&ucfs=1&from=searchresultshttps://www.booking.com;highlight_room=#hotelTmpl,booking_kaggle,2020,2020-04-24,2026-09-13T06:37:49.339055+00:00,False
hotels_00016,2415563,"Radisson Blu Resort, Al Khobar Half Moon Bay",Half Moon Bay,,450,5,7.1,2,Standard Room,1 bed (1 large double),2,,True,26.039166,49.992777,https://www.booking.com/hotel/sa/radisson-blu-resort-al-khobar-half-moon-bay.en-gb.html?aid=304142&label=gen173nr-1BCAEoggI46AdIM1gEaMQBiAECmAEJuAEJyAER2AEB6AEBiAIBqAIDuAKmm9z0BcACAQ&sid=42146239dcdf1e519ee673686891723f&all_sr_blocks=241556301_222704501_0_2_0&checkin=2020-04-24&checkout=2020-04-25&dest_id=186&dest_type=country&group_adults=2&group_children=0&hapos=17&highlighted_blocks=241556301_222704501_0_2_0&hpos=17&no_rooms=1&sr_order=class_and_price&sr_pri_blocks=241556301_222704501_0_2_0__45000&srepoch=1587182829&srpvid=e5621cf679830031&ucfs=1&from=searchresultshttps://www.booking.com;highlight_room=#hotelTmpl,booking_kaggle,2020,2020-04-24,2026-09-13T06:37:49.339055+00:00,False
hotels_00017,25309,Crowne Plaza Jeddah,Jeddah,Makkah,466,5,8.4,574,King Leisure Room - Smoking,1 bed (1 extra-large double),2,,True,21.51737113843,39.1555175185204,https://www.booking.com/hotel/sa/crowne-plaza-jeddah.en-gb.html?aid=304142&label=gen173nr-1BCAEoggI46AdIM1gEaMQBiAECmAEJuAEJyAER2AEB6AEBiAIBqAIDuAKmm9z0BcACAQ&sid=42146239dcdf1e519ee673686891723f&all_sr_blocks=2530911_251339066_2_42_0&checkin=2020-04-24&checkout=2020-04-25&dest_id=186&dest_type=country&group_adults=2&group_children=0&hapos=18&highlighted_blocks=2530911_251339066_2_42_0&hpos=18&no_rooms=1&sr_order=class_and_price&sr_pri_blocks=2530911_251339066_2_42_0__46550&srepoch=1587182829&srpvid=e5621cf679830031&ucfs=1&from=searchresultshttps://www.booking.com;highlight_room=#hotelTmpl,booking_kaggle,2020,2020-04-24,2026-09-13T06:37:49.339055+00:00,False
hotels_00018,4049970,Blue inn Boutique,Abha,Asir,480,5,7.7,641,Twin Room with City View,2 beds (2 singles),2,True,True,18.2143123716702,42.5011925222511,https://www.booking.com/hotel/sa/blw-n-bwtyk-blue-inn-boutique.en-gb.html?aid=304142&label=gen173nr-1BCAEoggI46AdIM1gEaMQBiAECmAEJuAEJyAER2AEB6AEBiAIBqAIDuAKmm9z0BcACAQ&sid=42146239dcdf1e519ee673686891723f&all_sr_blocks=404997002_207987898_2_1_0&checkin=2020-04-24&checkout=2020-04-25&dest_id=186&dest_type=country&group_adults=2&group_children=0&hapos=19&highlighted_blocks=404997002_207987898_2_1_0&hpos=19&no_rooms=1&sr_order=class_and_price&sr_pri_blocks=404997002_207987898_2_1_0__48000&srepoch=1587182829&srpvid=e5621cf679830031&ucfs=1&from=searchresultshttps://www.booking.com;highlight_room=;has_campaign_deals_breakaway20_customer_label=1#hotelTmpl,booking_kaggle,2020,2020-04-24,2026-09-13T06:37:49.339055+00:00,False
hotels_00019,74591,Riyadh Marriott Hotel,Riyadh,Riyadh,495,5,7.8,707,"Guest Room, 1 King",1 bed (1 extra-large double),2,,True,24.6859970792523,46.712241768837,https://www.booking.com/hotel/sa/riyadh-marriott.en-gb.html?aid=304142&label=gen173nr-1BCAEoggI46AdIM1gEaMQBiAECmAEJuAEJyAER2AEB6AEBiAIBqAIDuAKmm9z0BcACAQ&sid=42146239dcdf1e519ee673686891723f&all_sr_blocks=7459102_94288383_0_2_0&checkin=2020-04-24&checkout=2020-04-25&dest_id=186&dest_type=country&group_adults=2&group_children=0&hapos=20&highlighted_blocks=7459102_94288383_0_2_0&hpos=20&no_rooms=1&sr_order=class_and_price&sr_pri_blocks=7459102_94288383_0_2_0__49500&srepoch=1587182829&srpvid=e5621cf679830031&ucfs=1&from=searchresultshttps://www.booking.com;highlight_room=#hotelTmpl,booking_kaggle,2020,2020-04-24,2026-09-13T06:37:49.339055+00:00,False
hotels_00020,2223633,Warwick Al Khobar,Al Khobar,Eastern Province,500,5,8.5,1,Superior Twin Room,2 beds (2 doubles),2,,True,26.2996120823014,50.2206188101604,https://www.booking.com/hotel/sa/warwick-al-khobar.en-gb.html?aid=304142&label=gen173nr-1BCAEoggI46AdIM1gEaMQBiAECmAEJuAEJyAER2AEB6AEBiAIBqAIDuAKmm9z0BcACAQ&sid=42146239dcdf1e519ee673686891723f&all_sr_blocks=222363304_118211737_0_42_0&checkin=2020-04-24&checkout=2020-04-25&dest_id=186&dest_type=country&group_adults=2&group_children=0&hapos=21&highlighted_blocks=222363304_118211737_0_42_0&hpos=21&no_rooms=1&sr_order=class_and_price&sr_pri_blocks=222363304_118211737_0_42_0__50000&srepoch=1587182829&srpvid=e5621cf679830031&ucfs=1&from=searchresultshttps://www.booking.com;highlight_room=#hotelTmpl,booking_kaggle,2020,2020-04-24,2026-09-13T06:37:49.339055+00:00,False
hotels_00021,79497,Sheraton Riyadh Hotel & Towers,Riyadh,Riyadh,500,5,8.1,438,"Classic Room, Guest room, 1 Queen",1 bed (1 extra-large double),2,,True,24.7273572535733,46.6651180386543,https://www.booking.com/hotel/sa/sheraton-riyadh-towers.en-gb.html?aid=304142&label=gen173nr-1BCAEoggI46AdIM1gEaMQBiAECmAEJuAEJyAER2AEB6AEBiAIBqAIDuAKmm9z0BcACAQ&sid=42146239dcdf1e519ee673686891723f&all_sr_blocks=7949713_246421278_0_42_0&checkin=2020-04-24&checkout=2020-04-25&dest_id=186&dest_type=country&group_adults=2&group_children=0&hapos=22&highlighted_blocks=7949713_246421278_0_42_0&hpos=22&no_rooms=1&sr_order=class_and_price&sr_pri_blocks=7949713_246421278_0_42_0__50000&srepoch=1587182829&srpvid=e5621cf679830031&ucfs=1&from=searchresultshttps://www.booking.com;highlight_room=#hotelTmpl,booking_kaggle,2020,2020-04-24,2026-09-13T06:37:49.339055+00:00,False
hotels_00022,174568,Sofitel Al Khobar The Corniche,Al Khobar,Eastern Province,500,5,8.0,2,Superior Room with 1 Queen Bed - City View,1 bed (1 large double),2,,True,26.2765664485645,50.2201473712921,https://www.booking.com/hotel/sa/sofitel-al-khobar-the-corniche.en-gb.html?aid=304142&label=gen173nr-1BCAEoggI46AdIM1gEaMQBiAECmAEJuAEJyAER2AEB6AEBiAIBqAIDuAKmm9z0BcACAQ&sid=42146239dcdf1e519ee673686891723f&all_sr_blocks=17456807_246090001_2_10_0&checkin=2020-04-24&checkout=2020-04-25&dest_id=186&dest_type=country&group_adults=2&group_children=0&hapos=23&highlighted_blocks=17456807_246090001_2_10_0&hpos=23&no_rooms=1&sr_order=class_and_price&sr_pri_blocks=17456807_246090001_2_10_0__50000&srepoch=1587182829&srpvid=e5621cf679830031&ucfs=1&from=searchresultshttps://www.booking.com;highlight_room=#hotelTmpl,booking_kaggle,2020,2020-04-24,2026-09-13T06:37:49.339055+00:00,False
hotels_00023,395918,Gloria Inn Najran,Najran,Najran,500,5,7.0,29,Twin Room with Pool View,2 beds (2 singles),2,,True,17.5485698663014,44.2614912986755,https://www.booking.com/hotel/sa/holiday-inn-najran.en-gb.html?aid=304142&label=gen173nr-1BCAEoggI46AdIM1gEaMQBiAECmAEJuAEJyAER2AEB6AEBiAIBqAIDuAKmm9z0BcACAQ&sid=42146239dcdf1e519ee673686891723f&all_sr_blocks=39591816_195180396_0_42_0&checkin=2020-04-24&checkout=2020-04-25&dest_id=186&dest_type=country&group_adults=2&group_children=0&hapos=24&highlighted_blocks=39591816_195180396_0_42_0&hpos=24&no_rooms=1&sr_order=class_and_price&sr_pri_blocks=39591816_195180396_0_42_0__50000&srepoch=1587182829&srpvid=e5621cf679830031&ucfs=1&from=searchresultshttps://www.booking.com;highlight_room=#hotelTmpl,booking_kaggle,2020,2020-04-24,2026-09-13T06:37:49.339055+00:00,False
hotels_00024,3108107,Somewhere Hotel Al Ahsa,Al Ahsa,Eastern Province,518,5,8.6,1,Deluxe Room King (Smoking),1 bed (1 large double),2,,,25.4050000516521,49.5670829140167,https://www.booking.com/hotel/sa/somewhere-bliss-al-ahsa.en-gb.html?aid=304142&label=gen173nr-1BCAEoggI46AdIM1gEaMQBiAECmAEJuAEJyAER2AEB6AEBiAIBqAIDuAKmm9z0BcACAQ&sid=42146239dcdf1e519ee673686891723f&all_sr_blocks=310810711_112913064_0_42_0&checkin=2020-04-24&checkout=2020-04-25&dest_id=186&dest_type=country&group_adults=2&group_children=0&hapos=25&highlighted_blocks=310810711_112913064_0_42_0&hpos=25&no_rooms=1&sr_order=class_and_price&sr_pri_blocks=310810711_112913064_0_42_0__51750&srepoch=1587182829&srpvid=e5621cf679830031&ucfs=1&from=searchresultshttps://www.booking.com;highlight_room=#hotelTmpl,booking_kaggle,2020,2020-04-24,2026-09-13T06:37:49.339055+00:00,False
hotels_00025,3157714,Novotel Jazan,Jazan,Jazan,540,5,8.6,4,Superior King Room with Pool View,1 bed (1 extra-large double),2,,,16.881032,42.541455,https://www.booking.com/hotel/sa/novotel-jizan.en-gb.html?aid=304142&label=gen173nr-1DCAEoggI46AdIM1gEaMQBiAECmAEJuAEJyAER2AED6AEBiAIBqAIDuAKmm9z0BcACAQ&sid=42146239dcdf1e519ee673686891723f&all_sr_blocks=315771401_113716993_2_42_0&checkin=2020-04-24&checkout=2020-04-25&dest_id=186&dest_type=country&group_adults=2&group_children=0&hapos=26&highlighted_blocks=315771401_113716993_2_42_0&hpos=1&no_rooms=1&sr_order=class_and_price&sr_pri_blocks=315771401_113716993_2_42_0__54000&srepoch=1587182843&srpvid=597e1cfd2ca2008e&ucfs=1&from=searchresultshttps://www.booking.com;highlight_room=#hotelTmpl,booking_kaggle,2020,2020-04-24,2026-09-13T06:37:49.339055+00:00,False
hotels_00026,2337211,Fraser Suites Riyadh,Riyadh,Riyadh,550,5,8.3,2,Deluxe Studio,2 beds (2 singles),2,,True,24.6791622458524,46.6918113827705,https://www.booking.com/hotel/sa/fraser-suites-riyadh.en-gb.html?aid=304142&label=gen173nr-1DCAEoggI46AdIM1gEaMQBiAECmAEJuAEJyAER2AED6AEBiAIBqAIDuAKmm9z0BcACAQ&sid=42146239dcdf1e519ee673686891723f&all_sr_blocks=233721101_195140868_0_2_0&checkin=2020-04-24&checkout=2020-04-25&dest_id=186&dest_type=country&group_adults=2&group_children=0&hapos=27&highlighted_blocks=233721101_195140868_0_2_0&hpos=2&no_rooms=1&sr_order=class_and_price&sr_pri_blocks=233721101_195140868_0_2_0__55000&srepoch=1587182843&srpvid=597e1cfd2ca2008e&ucfs=1&from=searchresultshttps://www.booking.com;highlight_room=#hotelTmpl,booking_kaggle,2020,2020-04-24,2026-09-13T06:37:49.339055+00:00,False
hotels_00027,294033,Frontel Al Harithia Hotel,Madinah,Madinah,550,5,8.1,788,Superior Twin Room,2 beds (2 singles),2,,,24.4721455547334,39.6088993549347,https://www.booking.com/hotel/sa/western-alharithia-madina.en-gb.html?aid=304142&label=gen173nr-1DCAEoggI46AdIM1gEaMQBiAECmAEJuAEJyAER2AED6AEBiAIBqAIDuAKmm9z0BcACAQ&sid=42146239dcdf1e519ee673686891723f&all_sr_blocks=29403328_94398643_0_34_0&checkin=2020-04-24&checkout=2020-04-25&dest_id=186&dest_type=country&group_adults=2&group_children=0&hapos=28&highlighted_blocks=29403328_94398643_0_34_0&hpos=3&no_rooms=1&sr_order=class_and_price&sr_pri_blocks=29403328_94398643_0_34_0__55000&srepoch=1587182843&srpvid=597e1cfd2ca2008e&ucfs=1&from=searchresultshttps://www.booking.com;highlight_room=#hotelTmpl,booking_kaggle,2020,2020-04-24,2026-09-13T06:37:49.339055+00:00,False
hotels_00028,1136597,Al Rawasi Hotel Suites,Jeddah,Makkah,550,5,8.2,384,Deluxe King Studio City View,1 bed (1 large double),2,,True,21.5680998252146,39.150032937232,https://www.booking.com/hotel/sa/alrawasi-suites.en-gb.html?aid=304142&label=gen173nr-1DCAEoggI46AdIM1gEaMQBiAECmAEJuAEJyAER2AED6AEBiAIBqAIDuAKmm9z0BcACAQ&sid=42146239dcdf1e519ee673686891723f&all_sr_blocks=113659708_117917571_0_1_0&checkin=2020-04-24&checkout=2020-04-25&dest_id=186&dest_type=country&group_adults=2&group_children=0&hapos=29&highlighted_blocks=113659708_117917571_0_1_0&hpos=4&no_rooms=1&sr_order=class_and_price&sr_pri_blocks=113659708_117917571_0_1_0__55000&srepoch=1587182843&srpvid=597e1cfd2ca2008e&ucfs=1&from=searchresultshttps://www.booking.com;highlight_room=#hotelTmpl,booking_kaggle,2020,2020-04-24,2026-09-13T06:37:49.339055+00:00,False
hotels_00029,79962,InterContinental Riyadh,Riyadh,Riyadh,555,5,8.0,496,Standard Room,1 bed (1 double),2,,True,24.6665476426845,46.6912615299225,https://www.booking.com/hotel/sa/intercontinental-riyadh.en-gb.html?aid=304142&label=gen173nr-1DCAEoggI46AdIM1gEaMQBiAECmAEJuAEJyAER2AED6AEBiAIBqAIDuAKmm9z0BcACAQ&sid=42146239dcdf1e519ee673686891723f&all_sr_blocks=7996205_246109568_0_42_0&checkin=2020-04-24&checkout=2020-04-25&dest_id=186&dest_type=country&group_adults=2&group_children=0&hapos=30&highlighted_blocks=7996205_246109568_0_42_0&hpos=5&no_rooms=1&sr_order=class_and_price&sr_pri_blocks=7996205_246109568_0_42_0__55500&srepoch=1587182843&srpvid=597e1cfd2ca2008e&ucfs=1&from=searchresultshttps://www.booking.com;highlight_room=#hotelTmpl,booking_kaggle,2020,2020-04-24,2026-09-13T06:37:49.339055+00:00,False
hotels_00030,1508055,voco - Riyadh,Riyadh,Riyadh,556,5,8.5,530,Superior Twin Room - Smoking,,2,,True,24.666184,46.696358,https://www.booking.com/hotel/sa/movenpick-riyadh.en-gb.html?aid=304142&label=gen173nr-1DCAEoggI46AdIM1gEaMQBiAECmAEJuAEJyAER2AED6AEBiAIBqAIDuAKmm9z0BcACAQ&sid=42146239dcdf1e519ee673686891723f&all_sr_blocks=150805529_251358014_2_42_0&checkin=2020-04-24&checkout=2020-04-25&dest_id=186&dest_type=country&group_adults=2&group_children=0&hapos=31&highlighted_blocks=150805529_251358014_2_42_0&hpos=6&no_rooms=1&sr_order=class_and_price&sr_pri_blocks=150805529_251358014_2_42_0__55575&srepoch=1587182843&srpvid=597e1cfd2ca2008e&ucfs=1&from=searchresultshttps://www.booking.com;highlight_room=#hotelTmpl,booking_kaggle,2020,2020-04-24,2026-09-13T06:37:49.339055+00:00,False
hotels_00031,246619,Le Meridien Al Khobar,Al Khobar,Eastern Province,567,5,8.6,1,"Deluxe Room Twin, Guest room, 2 Twin/Single Bed(s), Sea view",,2,,True,26.3016772609841,50.2236342430115,https://www.booking.com/hotel/sa/le-meridien-al-khobar.en-gb.html?aid=304142&label=gen173nr-1DCAEoggI46AdIM1gEaMQBiAECmAEJuAEJyAER2AED6AEBiAIBqAIDuAKmm9z0BcACAQ&sid=42146239dcdf1e519ee673686891723f&all_sr_blocks=24661917_251393997_0_42_0&checkin=2020-04-24&checkout=2020-04-25&dest_id=186&dest_type=country&group_adults=2&group_children=0&hapos=32&highlighted_blocks=24661917_251393997_0_42_0&hpos=7&no_rooms=1&sr_order=class_and_price&sr_pri_blocks=24661917_251393997_0_42_0__56700&srepoch=1587182843&srpvid=597e1cfd2ca2008e&ucfs=1&from=searchresultshttps://www.booking.com;highlight_room=#hotelTmpl,booking_kaggle,2020,2020-04-24,2026-09-13T06:37:49.339055+00:00,False
hotels_00032,2570643,Crowne Plaza Riyadh - RDC Hotel & Convention,Riyadh,Riyadh,584,5,8.7,628,Deluxe Room with Two Beds - Smoking,2 beds (2 singles),2,,True,24.742907,46.639589,https://www.booking.com/hotel/sa/crowne-plaza-riyadh-rdc-convention.en-gb.html?aid=304142&label=gen173nr-1DCAEoggI46AdIM1gEaMQBiAECmAEJuAEJyAER2AED6AEBiAIBqAIDuAKmm9z0BcACAQ&sid=42146239dcdf1e519ee673686891723f&all_sr_blocks=257064321_251357732_0_42_0&checkin=2020-04-24&checkout=2020-04-25&dest_id=186&dest_type=country&group_adults=2&group_children=0&hapos=33&highlighted_blocks=257064321_251357732_0_42_0&hpos=8&no_rooms=1&sr_order=class_and_price&sr_pri_blocks=257064321_251357732_0_42_0__58425&srepoch=1587182843&srpvid=597e1cfd2ca2008e&ucfs=1&from=searchresultshttps://www.booking.com;highlight_room=#hotelTmpl,booking_kaggle,2020,2020-04-24,2026-09-13T06:37:49.339055+00:00,False
hotels_00033,185125,Le Meridien Jeddah,Jeddah,Makkah,616,5,8.0,903,"Standard Room Twin, Guest room, Twin/Single Bed(s)",1 bed (1 extra-large double),2,,True,21.5589863827365,39.1719621419907,https://www.booking.com/hotel/sa/le-meridien-jeddah.en-gb.html?aid=304142&label=gen173nr-1DCAEoggI46AdIM1gEaMQBiAECmAEJuAEJyAER2AED6AEBiAIBqAIDuAKmm9z0BcACAQ&sid=42146239dcdf1e519ee673686891723f&all_sr_blocks=18512511_251369388_0_10_0&checkin=2020-04-24&checkout=2020-04-25&dest_id=186&dest_type=country&group_adults=2&group_children=0&hapos=34&highlighted_blocks=18512511_251369388_0_10_0&hpos=9&no_rooms=1&sr_order=class_and_price&sr_pri_blocks=18512511_251369388_0_10_0__61625&srepoch=1587182843&srpvid=597e1cfd2ca2008e&ucfs=1&from=searchresultshttps://www.booking.com;highlight_room=#hotelTmpl,booking_kaggle,2020,2020-04-24,2026-09-13T06:37:49.339055+00:00,False
hotels_00034,74782,Mövenpick Hotel Al Khobar,Al Khobar,Eastern Province,620,5,8.5,1,Deluxe Twin Room,2 beds (2 singles),2,,True,26.322323,50.216769,https://www.booking.com/hotel/sa/movenpick-al-khobar.en-gb.html?aid=304142&label=gen173nr-1DCAEoggI46AdIM1gEaMQBiAECmAEJuAEJyAER2AED6AEBiAIBqAIDuAKmm9z0BcACAQ&sid=42146239dcdf1e519ee673686891723f&all_sr_blocks=7478222_244693046_2_42_0&checkin=2020-04-24&checkout=2020-04-25&dest_id=186&dest_type=country&group_adults=2&group_children=0&hapos=35&highlighted_blocks=7478222_244693046_2_42_0&hpos=10&no_rooms=1&sr_order=class_and_price&sr_pri_blocks=7478222_244693046_2_42_0__62000&srepoch=1587182843&srpvid=597e1cfd2ca2008e&ucfs=1&from=searchresultshttps://www.booking.com;highlight_room=#hotelTmpl,booking_kaggle,2020,2020-04-24,2026-09-13T06:37:49.339055+00:00,False
hotels_00035,2228560,Alreem Village Hotel,Jubail,Eastern Province,650,5,8.7,180,Standard Double Room,1 bed (1 extra-large double),2,True,True,26.9946494955012,49.6351307630539,https://www.booking.com/hotel/sa/alreem-al-jubail.en-gb.html?aid=304142&label=gen173nr-1DCAEoggI46AdIM1gEaMQBiAECmAEJuAEJyAER2AED6AEBiAIBqAIDuAKmm9z0BcACAQ&sid=42146239dcdf1e519ee673686891723f&all_sr_blocks=222856001_243150426_0_1_0&checkin=2020-04-24&checkout=2020-04-25&dest_id=186&dest_type=country&group_adults=2&group_children=0&hapos=36&highlighted_blocks=222856001_243150426_0_1_0&hpos=11&no_rooms=1&sr_order=class_and_price&sr_pri_blocks=222856001_243150426_0_1_0__65000&srepoch=1587182843&srpvid=597e1cfd2ca2008e&ucfs=1&from=searchresultshttps://www.booking.com;highlight_room=#hotelTmpl,booking_kaggle,2020,2020-04-24,2026-09-13T06:37:49.339055+00:00,False
hotels_00036,3836381,Mövenpick Hotel Tahlia Jeddah,Jeddah,Makkah,655,5,8.7,556,Classic King Room,1 bed (1 extra-large double),2,True,True,21.5472946119312,39.1567064996834,https://www.booking.com/hotel/sa/movenpick-tahlia.en-gb.html?aid=304142&label=gen173nr-1DCAEoggI46AdIM1gEaMQBiAECmAEJuAEJyAER2AED6AEBiAIBqAIDuAKmm9z0BcACAQ&sid=42146239dcdf1e519ee673686891723f&all_sr_blocks=383638113_246102097_2_1_0&checkin=2020-04-24&checkout=2020-04-25&dest_id=186&dest_type=country&group_adults=2&group_children=0&hapos=37&highlighted_blocks=383638113_246102097_2_1_0&hpos=12&no_rooms=1&sr_order=class_and_price&sr_pri_blocks=383638113_246102097_2_1_0__65500&srepoch=1587182843&srpvid=597e1cfd2ca2008e&ucfs=1&from=searchresultshttps://www.booking.com;highlight_room=#hotelTmpl,booking_kaggle,2020,2020-04-24,2026-09-13T06:37:49.339055+00:00,False
hotels_00037,245490,The Venue Jeddah Corniche,Jeddah,Makkah,689,5,7.9,1,Classic King Room with City View City Tower,1 bed (1 large double),2,,,21.6018266298165,39.108259677887,https://www.booking.com/hotel/sa/sofitel-jeddah-corniche.en-gb.html?aid=304142&label=gen173nr-1DCAEoggI46AdIM1gEaMQBiAECmAEJuAEJyAER2AED6AEBiAIBqAIDuAKmm9z0BcACAQ&sid=42146239dcdf1e519ee673686891723f&all_sr_blocks=24549013_94363221_0_42_0&checkin=2020-04-24&checkout=2020-04-25&dest_id=186&dest_type=country&group_adults=2&group_children=0&hapos=38&highlighted_blocks=24549013_94363221_0_42_0&hpos=13&no_rooms=1&sr_order=class_and_price&sr_pri_blocks=24549013_94363221_0_42_0__68850&srepoch=1587182843&srpvid=597e1cfd2ca2008e&ucfs=1&from=searchresultshttps://www.booking.com;highlight_room=#hotelTmpl,booking_kaggle,2020,2020-04-24,2026-09-13T06:37:49.339055+00:00,False
hotels_00038,2044421,Durrat Al Riyadh Resort & Spa,Riyadh,Riyadh,700,5,7.6,1,Superior King with Balcony City View,1 bed (1 large double),2,,True,25.0011022311378,46.5108733187662,https://www.booking.com/hotel/sa/al-faisaliah-resorts-amp-spa.en-gb.html?aid=304142&label=gen173nr-1DCAEoggI46AdIM1gEaMQBiAECmAEJuAEJyAER2AED6AEBiAIBqAIDuAKmm9z0BcACAQ&sid=42146239dcdf1e519ee673686891723f&all_sr_blocks=204442113_238024965_0_42_0&checkin=2020-04-24&checkout=2020-04-25&dest_id=186&dest_type=country&group_adults=2&group_children=0&hapos=39&highlighted_blocks=204442113_238024965_0_42_0&hpos=14&no_rooms=1&sr_order=class_and_price&sr_pri_blocks=204442113_238024965_0_42_0__70000&srepoch=1587182843&srpvid=597e1cfd2ca2008e&ucfs=1&from=searchresultshttps://www.booking.com;highlight_room=#hotelTmpl,booking_kaggle,2020,2020-04-24,2026-09-13T06:37:49.339055+00:00,False
hotels_00039,1881270,Kempinski Al Othman Hotel Al Khobar,Al Khobar,Eastern Province,709,5,8.5,2,Deluxe King Room,1 bed (1 extra-large double),2,,True,26.3671325452871,50.1781771236481,https://www.booking.com/hotel/sa/kempinski-al-othman-alkhobar.en-gb.html?aid=304142&label=gen173nr-1DCAEoggI46AdIM1gEaMQBiAECmAEJuAEJyAER2AED6AEBiAIBqAIDuAKmm9z0BcACAQ&sid=42146239dcdf1e519ee673686891723f&all_sr_blocks=188127002_193931428_2_34_0&checkin=2020-04-24&checkout=2020-04-25&dest_id=186&dest_type=country&group_adults=2&group_children=0&hapos=40&highlighted_blocks=188127002_193931428_2_34_0&hpos=15&no_rooms=1&sr_order=class_and_price&sr_pri_blocks=188127002_193931428_2_34_0__70900&srepoch=1587182843&srpvid=597e1cfd2ca2008e&ucfs=1&from=searchresultshttps://www.booking.com;highlight_room=#hotelTmpl,booking_kaggle,2020,2020-04-24,2026-09-13T06:37:49.339055+00:00,False
hotels_00040,345463,Abha Palace Hotel,Abha,Asir,727,5,7.2,1,Superior Double Room with Mountain View,1 bed (1 large double),2,True,True,18.2101898282673,42.4830043315887,https://www.booking.com/hotel/sa/abha-palace.en-gb.html?aid=304142&label=gen173nr-1DCAEoggI46AdIM1gEaMQBiAECmAEJuAEJyAER2AED6AEBiAIBqAIDuAKmm9z0BcACAQ&sid=42146239dcdf1e519ee673686891723f&all_sr_blocks=34546301_240596489_2_41_0&checkin=2020-04-24&checkout=2020-04-25&dest_id=186&dest_type=country&group_adults=2&group_children=0&hapos=41&highlighted_blocks=34546301_240596489_2_41_0&hpos=16&no_rooms=1&sr_order=class_and_price&sr_pri_blocks=34546301_240596489_2_41_0__72727&srepoch=1587182843&srpvid=597e1cfd2ca2008e&ucfs=1&from=searchresultshttps://www.booking.com;highlight_room=#hotelTmpl,booking_kaggle,2020,2020-04-24,2026-09-13T06:37:49.339055+00:00,False
hotels_00041,44388,Sheraton Jeddah Hotel,Jeddah,Makkah,750,5,7.2,1,"Standard Room, Guest room, Queen, City view, Side Wing",1 bed (1 large double),2,,True,21.614375004895,39.1080370545387,https://www.booking.com/hotel/sa/sheraton-jeddah-hotels-resorts.en-gb.html?aid=304142&label=gen173nr-1DCAEoggI46AdIM1gEaMQBiAECmAEJuAEJyAER2AED6AEBiAIBqAIDuAKmm9z0BcACAQ&sid=42146239dcdf1e519ee673686891723f&all_sr_blocks=4438814_127963759_0_42_0&checkin=2020-04-24&checkout=2020-04-25&dest_id=186&dest_type=country&group_adults=2&group_children=0&hapos=42&highlighted_blocks=4438814_127963759_0_42_0&hpos=17&no_rooms=1&sr_order=class_and_price&sr_pri_blocks=4438814_127963759_0_42_0__75000&srepoch=1587182843&srpvid=597e1cfd2ca2008e&ucfs=1&from=searchresultshttps://www.booking.com;highlight_room=#hotelTmpl,booking_kaggle,2020,2020-04-24,2026-09-13T06:37:49.339055+00:00,False
hotels_00042,3541372,Sunset Beach Resort Marina & Spa,Al Khobar,Eastern Province,750,5,7.9,458,Deluxe Double Room - Beach Front,1 bed (1 extra-large double),2,,True,26.157037,50.192259,https://www.booking.com/hotel/sa/sunset-beach-resort-marina-amp-spa-al-khobar.en-gb.html?aid=304142&label=gen173nr-1DCAEoggI46AdIM1gEaMQBiAECmAEJuAEJyAER2AED6AEBiAIBqAIDuAKmm9z0BcACAQ&sid=42146239dcdf1e519ee673686891723f&all_sr_blocks=354137202_199298575_2_0_0&checkin=2020-04-24&checkout=2020-04-25&dest_id=186&dest_type=country&group_adults=2&group_children=0&hapos=43&highlighted_blocks=354137202_199298575_2_0_0&hpos=18&no_rooms=1&sr_order=class_and_price&sr_pri_blocks=354137202_199298575_2_0_0__75000&srepoch=1587182843&srpvid=597e1cfd2ca2008e&ucfs=1&from=searchresultshttps://www.booking.com;highlight_room=#hotelTmpl,booking_kaggle,2020,2020-04-24,2026-09-13T06:37:49.339055+00:00,False
hotels_00043,247346,Makarem Ajyad Makkah Hotel,Makkah,Makkah,775,5,7.6,1,Standard King Room,1 bed (1 extra-large double),2,,True,21.4170601671044,39.8282584547997,https://www.booking.com/hotel/sa/ajyad-makkah-makarim.en-gb.html?aid=304142&label=gen173nr-1DCAEoggI46AdIM1gEaMQBiAECmAEJuAEJyAER2AED6AEBiAIBqAIDuAKmm9z0BcACAQ&sid=42146239dcdf1e519ee673686891723f&all_sr_blocks=24734620_95197879_0_42_0&checkin=2020-04-24&checkout=2020-04-25&dest_id=186&dest_type=country&group_adults=2&group_children=0&hapos=44&highlighted_blocks=24734620_95197879_0_42_0&hpos=19&no_rooms=1&sr_order=class_and_price&sr_pri_blocks=24734620_95197879_0_42_0__77500&srepoch=1587182843&srpvid=597e1cfd2ca2008e&ucfs=1&from=searchresultshttps://www.booking.com;highlight_room=#hotelTmpl,booking_kaggle,2020,2020-04-24,2026-09-13T06:37:49.339055+00:00,False
hotels_00044,2449244,Bayat Hotel By Cristal,Khamis Mushait,Asir,800,5,8.3,679,Ruby,1 bed (1 extra-large double),2,,True,18.2877222000366,42.7259266376495,https://www.booking.com/hotel/sa/bayat-by-cristal.en-gb.html?aid=304142&label=gen173nr-1DCAEoggI46AdIM1gEaMQBiAECmAEJuAEJyAER2AED6AEBiAIBqAIDuAKmm9z0BcACAQ&sid=42146239dcdf1e519ee673686891723f&all_sr_blocks=244924401_198605063_0_2_0&checkin=2020-04-24&checkout=2020-04-25&dest_id=186&dest_type=country&group_adults=2&group_children=0&hapos=45&highlighted_blocks=244924401_198605063_0_2_0&hpos=20&no_rooms=1&sr_order=class_and_price&sr_pri_blocks=244924401_198605063_0_2_0__80000&srepoch=1587182843&srpvid=597e1cfd2ca2008e&ucfs=1&from=searchresultshttps://www.booking.com;highlight_room=#hotelTmpl,booking_kaggle,2020,2020-04-24,2026-09-13T06:37:49.339055+00:00,False
hotels_00045,2718655,Sheraton Makkah Jabal Al Kaaba Hotel,Makkah,Makkah,800,5,7.8,1,"Traditional King City Vie, Guest room, 1 King, City view",1 bed (1 extra-large double),2,,True,21.426273,39.819497,https://www.booking.com/hotel/sa/sheraton-makkah-jabal-al-kaaba.en-gb.html?aid=304142&label=gen173nr-1DCAEoggI46AdIM1gEaMQBiAECmAEJuAEJyAER2AED6AEBiAIBqAIDuAKmm9z0BcACAQ&sid=42146239dcdf1e519ee673686891723f&all_sr_blocks=271865515_251401556_0_2_0&checkin=2020-04-24&checkout=2020-04-25&dest_id=186&dest_type=country&group_adults=2&group_children=0&hapos=46&highlighted_blocks=271865515_251401556_0_2_0&hpos=21&no_rooms=1&sr_order=class_and_price&sr_pri_blocks=271865515_251401556_0_2_0__80000&srepoch=1587182843&srpvid=597e1cfd2ca2008e&ucfs=1&from=searchresultshttps://www.booking.com;highlight_room=#hotelTmpl,booking_kaggle,2020,2020-04-24,2026-09-13T06:37:49.339055+00:00,False
hotels_00046,4597412,"Radisson Blu Hotel & Residence, Riyadh Diplomatic Quarter",Riyadh,Riyadh,806,5,8.7,152,Standard Room,1 bed (1 extra-large double),2,,,24.68442,46.625375,https://www.booking.com/hotel/sa/radisson-blu-residence-riyadh-diplomatic-quarters.en-gb.html?aid=304142&label=gen173nr-1DCAEoggI46AdIM1gEaMQBiAECmAEJuAEJyAER2AED6AEBiAIBqAIDuAKmm9z0BcACAQ&sid=42146239dcdf1e519ee673686891723f&all_sr_blocks=459741201_256656340_2_42_0&checkin=2020-04-24&checkout=2020-04-25&dest_id=186&dest_type=country&group_adults=2&group_children=0&hapos=47&highlighted_blocks=459741201_256656340_2_42_0&hpos=22&no_rooms=1&sr_order=class_and_price&sr_pri_blocks=459741201_256656340_2_42_0__80550&srepoch=1587182843&srpvid=597e1cfd2ca2008e&ucfs=1&from=searchresultshttps://www.booking.com;highlight_room=#hotelTmpl,booking_kaggle,2020,2020-04-24,2026-09-13T06:37:49.339055+00:00,False
hotels_00047,4569947,Marriott Riyadh Diplomatic Quarter,Riyadh,Riyadh,850,5,8.7,106,"Deluxe Room, Guest room, 2 Double",1 bed (1 extra-large double),3,,True,24.674269,46.623472,https://www.booking.com/hotel/sa/marriott-riyadh-diplomatic-quarter.en-gb.html?aid=304142&label=gen173nr-1DCAEoggI46AdIM1gEaMQBiAECmAEJuAEJyAER2AED6AEBiAIBqAIDuAKmm9z0BcACAQ&sid=42146239dcdf1e519ee673686891723f&all_sr_blocks=456994702_246436060_0_42_0&checkin=2020-04-24&checkout=2020-04-25&dest_id=186&dest_type=country&group_adults=2&group_children=0&hapos=48&highlighted_blocks=456994702_246436060_0_42_0&hpos=23&no_rooms=1&sr_order=class_and_price&sr_pri_blocks=456994702_246436060_0_42_0__85000&srepoch=1587182843&srpvid=597e1cfd2ca2008e&ucfs=1&from=searchresultshttps://www.booking.com;highlight_room=#hotelTmpl,booking_kaggle,2020,2020-04-24,2026-09-13T06:37:49.339055+00:00,False
hotels_00048,1994018,Casablanca Grand Hotel,Jeddah,Makkah,850,5,8.9,2,Twin Room,2 beds (2 singles),2,,True,21.6325372977989,39.1508102416992,https://www.booking.com/hotel/sa/casablanca-grand.en-gb.html?aid=304142&label=gen173nr-1DCAEoggI46AdIM1gEaMQBiAECmAEJuAEJyAER2AED6AEBiAIBqAIDuAKmm9z0BcACAQ&sid=42146239dcdf1e519ee673686891723f&all_sr_blocks=199401813_199356661_0_42_0&checkin=2020-04-24&checkout=2020-04-25&dest_id=186&dest_type=country&group_adults=2&group_children=0&hapos=49&highlighted_blocks=199401813_199356661_0_42_0&hpos=24&no_rooms=1&sr_order=class_and_price&sr_pri_blocks=199401813_199356661_0_42_0__85000&srepoch=1587182843&srpvid=597e1cfd2ca2008e&ucfs=1&from=searchresultshttps://www.booking.com;highlight_room=#hotelTmpl,booking_kaggle,2020,2020-04-24,2026-09-13T06:37:49.339055+00:00,False
hotels_00049,183803,Mövenpick Hotel Qassim,Buraydah,Qassim,860,5,8.8,610,Deluxe Twin Room,2 beds (2 singles),3,,True,26.3580545567432,43.9682346582413,https://www.booking.com/hotel/sa/movenpick-qassim.en-gb.html?aid=304142&label=gen173nr-1DCAEoggI46AdIM1gEaMQBiAECmAEJuAEJyAER2AED6AEBiAIBqAIDuAKmm9z0BcACAQ&sid=42146239dcdf1e519ee673686891723f&all_sr_blocks=18380326_244914087_3_42_0&checkin=2020-04-24&checkout=2020-04-25&dest_id=186&dest_type=country&group_adults=2&group_children=0&hapos=50&highlighted_blocks=18380326_244914087_3_42_0&hpos=25&no_rooms=1&sr_order=class_and_price&sr_pri_blocks=18380326_244914087_3_42_0__86000&srepoch=1587182843&srpvid=597e1cfd2ca2008e&ucfs=1&from=searchresultshttps://www.booking.com;highlight_room=#hotelTmpl,booking_kaggle,2020,2020-04-24,2026-09-13T06:37:49.339055+00:00,False
hotels_00050,244308,Al Shohada Hotel,Makkah,Makkah,880,5,7.2,1,Twin Room,2 beds (2 singles),2,,True,21.4147891326939,39.8278883099556,https://www.booking.com/hotel/sa/al-shohada.en-gb.html?aid=304142&label=gen173nr-1DCAEoggI46AdIM1gEaMQBiAECmAEJuAEJyAER2AED6AEBiAIBqAIDuAKmm9z0BcACAQ&sid=42146239dcdf1e519ee673686891723f&all_sr_blocks=24430801_235192640_0_40_0&checkin=2020-04-24&checkout=2020-04-25&dest_id=186&dest_type=country&group_adults=2&group_children=0&hapos=51&highlighted_blocks=24430801_235192640_0_40_0&hpos=1&no_rooms=1&sr_order=class_and_price&sr_pri_blocks=24430801_235192640_0_40_0__88000&srepoch=1587182853&srpvid=597e1d022bde0098&ucfs=1&from=searchresultshttps://www.booking.com;highlight_room=#hotelTmpl,booking_kaggle,2020,2020-04-24,2026-09-13T06:37:49.339055+00:00,False
hotels_00051,4569948,Riyadh Diplomatic Quarter - Marriott Executive Apartments,Riyadh,Riyadh,900,5,8.9,88,"1 Bedroom Apartment, 1 King",1 bed (1 extra-large double),3,,True,24.674269,46.623472,https://www.booking.com/hotel/sa/riyadh-diplomatic-quarter-marriott-executive-apartments.en-gb.html?aid=304142&label=gen173nr-1DCAEoggI46AdIM1gEaMQBiAECmAEJuAEJyAER2AED6AEBiAIBqAIDuAKmm9z0BcACAQ&sid=42146239dcdf1e519ee673686891723f&all_sr_blocks=456994801_246436061_0_42_0&checkin=2020-04-24&checkout=2020-04-25&dest_id=186&dest_type=country&group_adults=2&group_children=0&hapos=52&highlighted_blocks=456994801_246436061_0_42_0&hpos=2&no_rooms=1&sr_order=class_and_price&sr_pri_blocks=456994801_246436061_0_42_0__90000&srepoch=1587182853&srpvid=597e1d022bde0098&ucfs=1&from=searchresultshttps://www.booking.com;highlight_room=#hotelTmpl,booking_kaggle,2020,2020-04-24,2026-09-13T06:37:49.339055+00:00,False
hotels_00052,268109,Mövenpick Hotel & Resort Yanbu,Yanbu,Madinah,900,5,7.6,810,Deluxe King Room,1 bed (1 extra-large double),2,True,True,23.9946823244217,38.1886911392212,https://www.booking.com/hotel/sa/movenpick-resort-yanbu.en-gb.html?aid=304142&label=gen173nr-1DCAEoggI46AdIM1gEaMQBiAECmAEJuAEJyAER2AED6AEBiAIBqAIDuAKmm9z0BcACAQ&sid=42146239dcdf1e519ee673686891723f&all_sr_blocks=26810936_246086820_2_33_0&checkin=2020-04-24&checkout=2020-04-25&dest_id=186&dest_type=country&group_adults=2&group_children=0&hapos=53&highlighted_blocks=26810936_246086820_2_33_0&hpos=3&no_rooms=1&sr_order=class_and_price&sr_pri_blocks=26810936_246086820_2_33_0__90000&srepoch=1587182853&srpvid=597e1d022bde0098&ucfs=1&from=searchresultshttps://www.booking.com;highlight_room=#hotelTmpl,booking_kaggle,2020,2020-04-24,2026-09-13T06:37:49.339055+00:00,False
hotels_00053,2258749,Hilton Makkah Convention Hotel,Makkah,Makkah,950,5,8.2,7,Twin Guest Room,2 beds (2 singles),2,,,21.423,39.820047,https://www.booking.com/hotel/sa/hilton-makkah-convention.en-gb.html?aid=304142&label=gen173nr-1DCAEoggI46AdIM1gEaMQBiAECmAEJuAEJyAER2AED6AEBiAIBqAIDuAKmm9z0BcACAQ&sid=42146239dcdf1e519ee673686891723f&all_sr_blocks=225874906_99025888_2_0_0&checkin=2020-04-24&checkout=2020-04-25&dest_id=186&dest_type=country&group_adults=2&group_children=0&hapos=54&highlighted_blocks=225874906_99025888_2_0_0&hpos=4&no_rooms=1&sr_order=class_and_price&sr_pri_blocks=225874906_99025888_2_0_0__95000&srepoch=1587182853&srpvid=597e1d022bde0098&ucfs=1&from=searchresultshttps://www.booking.com;highlight_room=#hotelTmpl,booking_kaggle,2020,2020-04-24,2026-09-13T06:37:49.339055+00:00,False
hotels_00054,238661,Le Meridien Makkah,Makkah,Makkah,1000,5,7.9,3,"Classic Guest Room, Guest room, 1 Queen, City view",1 bed (1 extra-large double),2,,True,21.4203274482384,39.8290792107582,https://www.booking.com/hotel/sa/le-meridien-makkah.en-gb.html?aid=304142&label=gen173nr-1DCAEoggI46AdIM1gEaMQBiAECmAEJuAEJyAER2AED6AEBiAIBqAIDuAKmm9z0BcACAQ&sid=42146239dcdf1e519ee673686891723f&all_sr_blocks=23866118_251374531_0_34_0&checkin=2020-04-24&checkout=2020-04-25&dest_id=186&dest_type=country&group_adults=2&group_children=0&hapos=55&highlighted_blocks=23866118_251374531_0_34_0&hpos=5&no_rooms=1&sr_order=class_and_price&sr_pri_blocks=23866118_251374531_0_34_0__100000&srepoch=1587182853&srpvid=597e1d022bde0098&ucfs=1&from=searchresultshttps://www.booking.com;highlight_room=#hotelTmpl,booking_kaggle,2020,2020-04-24,2026-09-13T06:37:49.339055+00:00,False
hotels_00055,294201,Elaf Al Mashaer Hotel Makkah,Makkah,Makkah,1025,5,7.4,4,Queen Room,1 bed (1 extra-large double),2,True,,21.4166294348689,39.8279567062855,https://www.booking.com/hotel/sa/elaf-al-mashaer-makkah.en-gb.html?aid=304142&label=gen173nr-1DCAEoggI46AdIM1gEaMQBiAECmAEJuAEJyAER2AED6AEBiAIBqAIDuAKmm9z0BcACAQ&sid=42146239dcdf1e519ee673686891723f&all_sr_blocks=29420109_88785494_0_41_0&checkin=2020-04-24&checkout=2020-04-25&dest_id=186&dest_type=country&group_adults=2&group_children=0&hapos=56&highlighted_blocks=29420109_88785494_0_41_0&hpos=6&no_rooms=1&sr_order=class_and_price&sr_pri_blocks=29420109_88785494_0_41_0__102500&srepoch=1587182853&srpvid=597e1d022bde0098&ucfs=1&from=searchresultshttps://www.booking.com;highlight_room=#hotelTmpl,booking_kaggle,2020,2020-04-24,2026-09-13T06:37:49.339055+00:00,False
hotels_00056,571831,Hilton Suites Makkah,Makkah,Makkah,1175,5,8.9,7,Twin Room City View,2 beds (2 singles),2,,,21.4213264284213,39.8216100185891,https://www.booking.com/hotel/sa/hilton-suites-makkah.en-gb.html?aid=304142&label=gen173nr-1DCAEoggI46AdIM1gEaMQBiAECmAEJuAEJyAER2AED6AEBiAIBqAIDuAKmm9z0BcACAQ&sid=42146239dcdf1e519ee673686891723f&all_sr_blocks=57183110_94493893_2_42_0&checkin=2020-04-24&checkout=2020-04-25&dest_id=186&dest_type=country&group_adults=2&group_children=0&hapos=57&highlighted_blocks=57183110_94493893_2_42_0&hpos=7&no_rooms=1&sr_order=class_and_price&sr_pri_blocks=57183110_94493893_2_42_0__117500&srepoch=1587182853&srpvid=597e1d022bde0098&ucfs=1&from=searchresultshttps://www.booking.com;highlight_room=#hotelTmpl,booking_kaggle,2020,2020-04-24,2026-09-13T06:37:49.339055+00:00,False
hotels_00057,1442850,Conrad Makkah,Makkah,Makkah,1200,5,8.9,7,Superior Queen Room with Two Queen Beds,2 beds (2 doubles),2,,,21.4191913937226,39.8217455681229,https://www.booking.com/hotel/sa/conrad-makkah.en-gb.html?aid=304142&label=gen173nr-1DCAEoggI46AdIM1gEaMQBiAECmAEJuAEJyAER2AED6AEBiAIBqAIDuAKmm9z0BcACAQ&sid=42146239dcdf1e519ee673686891723f&all_sr_blocks=144285004_94599333_2_34_0&checkin=2020-04-24&checkout=2020-04-25&dest_id=186&dest_type=country&group_adults=2&group_children=0&hapos=58&highlighted_blocks=144285004_94599333_2_34_0&hpos=8&no_rooms=1&sr_order=class_and_price&sr_pri_blocks=144285004_94599333_2_34_0__120000&srepoch=1587182853&srpvid=597e1d022bde0098&ucfs=1&from=searchresultshttps://www.booking.com;highlight_room=#hotelTmpl,booking_kaggle,2020,2020-04-24,2026-09-13T06:37:49.339055+00:00,False
hotels_00058,881903,Burj Rafal Hotel Riyadh,Riyadh,Riyadh,1200,5,8.0,3,Deluxe Room,1 bed (1 extra-large double),2,,True,24.7921691811633,46.6319666951676,https://www.booking.com/hotel/sa/burj-rafal-kempinski.en-gb.html?aid=304142&label=gen173nr-1DCAEoggI46AdIM1gEaMQBiAECmAEJuAEJyAER2AED6AEBiAIBqAIDuAKmm9z0BcACAQ&sid=42146239dcdf1e519ee673686891723f&all_sr_blocks=88190301_179822009_0_2_0&checkin=2020-04-24&checkout=2020-04-25&dest_id=186&dest_type=country&group_adults=2&group_children=0&hapos=59&highlighted_blocks=88190301_179822009_0_2_0&hpos=9&no_rooms=1&sr_order=class_and_price&sr_pri_blocks=88190301_179822009_0_2_0__120000&srepoch=1587182853&srpvid=597e1d022bde0098&ucfs=1&from=searchresultshttps://www.booking.com;highlight_room=#hotelTmpl,booking_kaggle,2020,2020-04-24,2026-09-13T06:37:49.339055+00:00,False
hotels_00059,3241649,Narcissus Resort & Spa Obhur Jeddah,Jeddah,Makkah,1200,5,8.2,1,Junior Villa,1 bed (1 extra-large double),2,True,,21.7221483554612,39.0795493125916,https://www.booking.com/hotel/sa/narcissus-resort-amp-spa-obhur-jeddah.en-gb.html?aid=304142&label=gen173nr-1DCAEoggI46AdIM1gEaMQBiAECmAEJuAEJyAER2AED6AEBiAIBqAIDuAKmm9z0BcACAQ&sid=42146239dcdf1e519ee673686891723f&all_sr_blocks=324164901_118993565_0_41_0&checkin=2020-04-24&checkout=2020-04-25&dest_id=186&dest_type=country&group_adults=2&group_children=0&hapos=60&highlighted_blocks=324164901_118993565_0_41_0&hpos=10&no_rooms=1&sr_order=class_and_price&sr_pri_blocks=324164901_118993565_0_41_0__120000&srepoch=1587182853&srpvid=597e1d022bde0098&ucfs=1&from=searchresultshttps://www.booking.com;highlight_room=#hotelTmpl,booking_kaggle,2020,2020-04-24,2026-09-13T06:37:49.339055+00:00,False
hotels_00060,3129791,Shaza Makkah,Makkah,Makkah,1320,5,8.5,6,Deluxe King Room with Partial Haram View,1 bed (1 extra-large double),2,True,,21.4257050495547,39.8195709606438,https://www.booking.com/hotel/sa/shaza-makkah.en-gb.html?aid=304142&label=gen173nr-1DCAEoggI46AdIM1gEaMQBiAECmAEJuAEJyAER2AED6AEBiAIBqAIDuAKmm9z0BcACAQ&sid=42146239dcdf1e519ee673686891723f&all_sr_blocks=312979110_122242549_0_41_0&checkin=2020-04-24&checkout=2020-04-25&dest_id=186&dest_type=country&group_adults=2&group_children=0&hapos=61&highlighted_blocks=312979110_122242549_0_41_0&hpos=11&no_rooms=1&sr_order=class_and_price&sr_pri_blocks=312979110_122242549_0_41_0__132000&srepoch=1587182853&srpvid=597e1d022bde0098&ucfs=1&from=searchresultshttps://www.booking.com;highlight_room=#hotelTmpl,booking_kaggle,2020,2020-04-24,2026-09-13T06:37:49.339055+00:00,False
hotels_00061,418602,Four Seasons Hotel Riyadh,Riyadh,Riyadh,1350,5,8.6,943,Premium Room King Bed,1 bed (1 extra-large double),2,,True,24.7119151947692,46.6756430268288,https://www.booking.com/hotel/sa/four-season-riyadh.en-gb.html?aid=304142&label=gen173nr-1DCAEoggI46AdIM1gEaMQBiAECmAEJuAEJyAER2AED6AEBiAIBqAIDuAKmm9z0BcACAQ&sid=42146239dcdf1e519ee673686891723f&all_sr_blocks=41860202_202736051_2_42_0&checkin=2020-04-24&checkout=2020-04-25&dest_id=186&dest_type=country&group_adults=2&group_children=0&hapos=62&highlighted_blocks=41860202_202736051_2_42_0&hpos=12&no_rooms=1&sr_order=class_and_price&sr_pri_blocks=41860202_202736051_2_42_0__135000&srepoch=1587182853&srpvid=597e1d022bde0098&ucfs=1&from=searchresultshttps://www.booking.com;highlight_room=#hotelTmpl,booking_kaggle,2020,2020-04-24,2026-09-13T06:37:49.339055+00:00,False
hotels_00062,184752,Al Marwa Rayhaan by Rotana - Makkah,Makkah,Makkah,1360,5,7.8,6,Classic King Room with City View,1 bed (1 extra-large double),2,True,,21.4196507762208,39.8255909979343,https://www.booking.com/hotel/sa/al-marwa-rayhaan-makkah.en-gb.html?aid=304142&label=gen173nr-1DCAEoggI46AdIM1gEaMQBiAECmAEJuAEJyAER2AED6AEBiAIBqAIDuAKmm9z0BcACAQ&sid=42146239dcdf1e519ee673686891723f&all_sr_blocks=18475230_91466012_0_41_0&checkin=2020-04-24&checkout=2020-04-25&dest_id=186&dest_type=country&group_adults=2&group_children=0&hapos=63&highlighted_blocks=18475230_91466012_0_41_0&hpos=13&no_rooms=1&sr_order=class_and_price&sr_pri_blocks=18475230_91466012_0_41_0__136000&srepoch=1587182853&srpvid=597e1d022bde0098&ucfs=1&from=searchresultshttps://www.booking.com;highlight_room=#hotelTmpl,booking_kaggle,2020,2020-04-24,2026-09-13T06:37:49.339055+00:00,False
hotels_00063,311291,Al Safwah Royale Orchid Hotel,Makkah,Makkah,1397,5,8.1,1,Standard Double Room,2 beds (2 singles),2,,,21.4196732487736,39.8265887796879,https://www.booking.com/hotel/sa/al-jewar-royal-orchid.en-gb.html?aid=304142&label=gen173nr-1DCAEoggI46AdIM1gEaMQBiAECmAEJuAEJyAER2AED6AEBiAIBqAIDuAKmm9z0BcACAQ&sid=42146239dcdf1e519ee673686891723f&all_sr_blocks=31129101_91920650_0_2_0&checkin=2020-04-24&checkout=2020-04-25&dest_id=186&dest_type=country&group_adults=2&group_children=0&hapos=64&highlighted_blocks=31129101_91920650_0_2_0&hpos=14&no_rooms=1&sr_order=class_and_price&sr_pri_blocks=31129101_91920650_0_2_0__139725&srepoch=1587182853&srpvid=597e1d022bde0098&ucfs=1&from=searchresultshttps://www.booking.com;highlight_room=#hotelTmpl,booking_kaggle,2020,2020-04-24,2026-09-13T06:37:49.339055+00:00,False
hotels_00064,319889,Al Ghufran Safwah Hotel Makkah,Makkah,Makkah,1400,5,8.7,5,Superior Double Room,1 bed (1 double),2,,,21.4196982182726,39.82661023736,https://www.booking.com/hotel/sa/dar-al-ghufran-makkah.en-gb.html?aid=304142&label=gen173nr-1DCAEoggI46AdIM1gEaMQBiAECmAEJuAEJyAER2AED6AEBiAIBqAIDuAKmm9z0BcACAQ&sid=42146239dcdf1e519ee673686891723f&all_sr_blocks=31988901_91921465_0_34_0&checkin=2020-04-24&checkout=2020-04-25&dest_id=186&dest_type=country&group_adults=2&group_children=0&hapos=65&highlighted_blocks=31988901_91921465_0_34_0&hpos=15&no_rooms=1&sr_order=class_and_price&sr_pri_blocks=31988901_91921465_0_34_0__140000&srepoch=1587182853&srpvid=597e1d022bde0098&ucfs=1&from=searchresultshttps://www.booking.com;highlight_room=#hotelTmpl,booking_kaggle,2020,2020-04-24,2026-09-13T06:37:49.339055+00:00,False
hotels_00065,1970986,Swissotel Al Maqam Makkah,Makkah,Makkah,1560,5,8.3,20,Classic Twin Room with City View,2 beds (2 singles),2,True,,21.4201876195914,39.8253214359283,https://www.booking.com/hotel/sa/swissotel-al-maqam-makkah.en-gb.html?aid=304142&label=gen173nr-1DCAEoggI46AdIM1gEaMQBiAECmAEJuAEJyAER2AED6AEBiAIBqAIDuAKmm9z0BcACAQ&sid=42146239dcdf1e519ee673686891723f&all_sr_blocks=197098603_93938057_2_41_0&checkin=2020-04-24&checkout=2020-04-25&dest_id=186&dest_type=country&group_adults=2&group_children=0&hapos=66&highlighted_blocks=197098603_93938057_2_41_0&hpos=16&no_rooms=1&sr_order=class_and_price&sr_pri_blocks=197098603_93938057_2_41_0__156000&srepoch=1587182853&srpvid=597e1d022bde0098&ucfs=1&from=searchresultshttps://www.booking.com;highlight_room=#hotelTmpl,booking_kaggle,2020,2020-04-24,2026-09-13T06:37:49.339055+00:00,False
hotels_00066,298606,Dar Al Taqwa Hotel,Madinah,Madinah,1650,5,8.4,2,Standard King Bed Room Haram View,1 bed (1 large double),2,True,,24.4714424736976,39.6115118265152,https://www.booking.com/hotel/sa/dar-al-taqwa.en-gb.html?aid=304142&label=gen173nr-1DCAEoggI46AdIM1gEaMQBiAECmAEJuAEJyAER2AED6AEBiAIBqAIDuAKmm9z0BcACAQ&sid=42146239dcdf1e519ee673686891723f&all_sr_blocks=29860618_191060240_0_41_0&checkin=2020-04-24&checkout=2020-04-25&dest_id=186&dest_type=country&group_adults=2&group_children=0&hapos=67&highlighted_blocks=29860618_191060240_0_41_0&hpos=17&no_rooms=1&sr_order=class_and_price&sr_pri_blocks=29860618_191060240_0_41_0__165000&srepoch=1587182853&srpvid=597e1d022bde0098&ucfs=1&from=searchresultshttps://www.booking.com;highlight_room=#hotelTmpl,booking_kaggle,2020,2020-04-24,2026-09-13T06:37:49.339055+00:00,False
hotels_00067,401077,Swissôtel Makkah,Makkah,Makkah,1690,5,8.1,14,Classic King Room Haram,,2,,,21.4182649621198,39.8269575834274,https://www.booking.com/hotel/sa/swissotel-makkah.en-gb.html?aid=304142&label=gen173nr-1DCAEoggI46AdIM1gEaMQBiAECmAEJuAEJyAER2AED6AEBiAIBqAIDuAKmm9z0BcACAQ&sid=42146239dcdf1e519ee673686891723f&all_sr_blocks=40107743_88785568_2_42_0&checkin=2020-04-24&checkout=2020-04-25&dest_id=186&dest_type=country&group_adults=2&group_children=0&hapos=68&highlighted_blocks=40107743_88785568_2_42_0&hpos=18&no_rooms=1&sr_order=class_and_price&sr_pri_blocks=40107743_88785568_2_42_0__169000&srepoch=1587182853&srpvid=597e1d022bde0098&ucfs=1&from=searchresultshttps://www.booking.com;highlight_room=#hotelTmpl,booking_kaggle,2020,2020-04-24,2026-09-13T06:37:49.339055+00:00,False
hotels_00068,74787,Jeddah Hilton,Jeddah,Makkah,1718,5,8.2,3,Deluxe Twin Room with Partial Sea View,2 beds (2 singles),2,,True,21.6035972335918,39.1088443994522,https://www.booking.com/hotel/sa/jeddah-hilton.en-gb.html?aid=304142&label=gen173nr-1DCAEoggI46AdIM1gEaMQBiAECmAEJuAEJyAER2AED6AEBiAIBqAIDuAKmm9z0BcACAQ&sid=42146239dcdf1e519ee673686891723f&all_sr_blocks=7478719_128730512_2_0_0&checkin=2020-04-24&checkout=2020-04-25&dest_id=186&dest_type=country&group_adults=2&group_children=0&hapos=69&highlighted_blocks=7478719_128730512_2_0_0&hpos=19&no_rooms=1&sr_order=class_and_price&sr_pri_blocks=7478719_128730512_2_0_0__171840&srepoch=1587182853&srpvid=597e1d022bde0098&ucfs=1&from=searchresultshttps://www.booking.com;highlight_room=#hotelTmpl,booking_kaggle,2020,2020-04-24,2026-09-13T06:37:49.339055+00:00,False
hotels_00069,269009,"Makkah Clock Royal Tower, A Fairmont Hotel",Makkah,Makkah,1740,5,8.3,17,Fairmont Room Twin City View,2 beds (2 singles),2,True,,21.4196957213229,39.8255829513073,https://www.booking.com/hotel/sa/makkah-clock-royal-tower-a-fairmont.en-gb.html?aid=304142&label=gen173nr-1DCAEoggI46AdIM1gEaMQBiAECmAEJuAEJyAER2AED6AEBiAIBqAIDuAKmm9z0BcACAQ&sid=42146239dcdf1e519ee673686891723f&all_sr_blocks=26900901_88785780_2_41_0&checkin=2020-04-24&checkout=2020-04-25&dest_id=186&dest_type=country&group_adults=2&group_children=0&hapos=70&highlighted_blocks=26900901_88785780_2_41_0&hpos=20&no_rooms=1&sr_order=class_and_price&sr_pri_blocks=26900901_88785780_2_41_0__174000&srepoch=1587182853&srpvid=597e1d022bde0098&ucfs=1&from=searchresultshttps://www.booking.com;highlight_room=#hotelTmpl,booking_kaggle,2020,2020-04-24,2026-09-13T06:37:49.339055+00:00,False
hotels_00070,3582778,Braira Hettin Resort & Villas,Riyadh,Riyadh,1760,5,8.6,242,Two-Bedroom Villa,"3 beds (2 singles, 1 large double)",4,,,24.7544207431559,46.5867509160004,https://www.booking.com/hotel/sa/braira-hettin-resort-amp-villas.en-gb.html?aid=304142&label=gen173nr-1DCAEoggI46AdIM1gEaMQBiAECmAEJuAEJyAER2AED6AEBiAIBqAIDuAKmm9z0BcACAQ&sid=42146239dcdf1e519ee673686891723f&all_sr_blocks=358277801_195390583_4_42_0&checkin=2020-04-24&checkout=2020-04-25&dest_id=186&dest_type=country&group_adults=2&group_children=0&hapos=71&highlighted_blocks=358277801_195390583_4_42_0&hpos=21&no_rooms=1&sr_order=class_and_price&sr_pri_blocks=358277801_195390583_4_42_0__176000&srepoch=1587182853&srpvid=597e1d022bde0098&ucfs=1&from=searchresultshttps://www.booking.com;highlight_room=#hotelTmpl,booking_kaggle,2020,2020-04-24,2026-09-13T06:37:49.339055+00:00,False
hotels_00071,250855,Makkah Towers,Makkah,Makkah,1800,5,7.9,6,2 Single Deluxe Partial Haram View,"3 beds (2 singles, 1 sofa bed)",2,,,21.4202625278118,39.8239883780479,https://www.booking.com/hotel/sa/makkah-millennium-towers.en-gb.html?aid=304142&label=gen173nr-1DCAEoggI46AdIM1gEaMQBiAECmAEJuAEJyAER2AED6AEBiAIBqAIDuAKmm9z0BcACAQ&sid=42146239dcdf1e519ee673686891723f&all_sr_blocks=25085509_94366062_0_34_0&checkin=2020-04-24&checkout=2020-04-25&dest_id=186&dest_type=country&group_adults=2&group_children=0&hapos=72&highlighted_blocks=25085509_94366062_0_34_0&hpos=22&no_rooms=1&sr_order=class_and_price&sr_pri_blocks=25085509_94366062_0_34_0__180000&srepoch=1587182853&srpvid=597e1d022bde0098&ucfs=1&from=searchresultshttps://www.booking.com;highlight_room=#hotelTmpl,booking_kaggle,2020,2020-04-24,2026-09-13T06:37:49.339055+00:00,False
hotels_00072,183802,Le Meridien Towers Makkah,Makkah,Makkah,1814,5,7.6,4,"Executive Suite, 1 Bedroom Executive Suite, Mountain view",1 bed (1 extra-large double),2,,True,21.4023558734285,39.8268811404705,https://www.booking.com/hotel/sa/le-meridien-towers-makkah.en-gb.html?aid=304142&label=gen173nr-1DCAEoggI46AdIM1gEaMQBiAECmAEJuAEJyAER2AED6AEBiAIBqAIDuAKmm9z0BcACAQ&sid=42146239dcdf1e519ee673686891723f&all_sr_blocks=18380208_95470591_0_34_0&checkin=2020-04-24&checkout=2020-04-25&dest_id=186&dest_type=country&group_adults=2&group_children=0&hapos=73&highlighted_blocks=18380208_95470591_0_34_0&hpos=23&no_rooms=1&sr_order=class_and_price&sr_pri_blocks=18380208_95470591_0_34_0__181405&srepoch=1587182853&srpvid=597e1d022bde0098&ucfs=1&from=searchresultshttps://www.booking.com;highlight_room=#hotelTmpl,booking_kaggle,2020,2020-04-24,2026-09-13T06:37:49.339055+00:00,False
hotels_00073,302318,Mövenpick Beach Resort Al Khobar,Half Moon Bay,,1980,5,6.6,296,Three-Bedroom Garden Villa,"4 beds (1 single, 1 double, 2 large doubles)",6,,,26.0863110620758,50.1563215255737,https://www.booking.com/hotel/sa/movenpick-beach-resort-al-khobar.en-gb.html?aid=304142&label=gen173nr-1DCAEoggI46AdIM1gEaMQBiAECmAEJuAEJyAER2AED6AEBiAIBqAIDuAKmm9z0BcACAQ&sid=42146239dcdf1e519ee673686891723f&all_sr_blocks=30231810_88786237_6_2_0&checkin=2020-04-24&checkout=2020-04-25&dest_id=186&dest_type=country&group_adults=2&group_children=0&hapos=74&highlighted_blocks=30231810_88786237_6_2_0&hpos=24&no_rooms=1&sr_order=class_and_price&sr_pri_blocks=30231810_88786237_6_2_0__198000&srepoch=1587182853&srpvid=597e1d022bde0098&ucfs=1&from=searchresultshttps://www.booking.com;highlight_room=#hotelTmpl,booking_kaggle,2020,2020-04-24,2026-09-13T06:37:49.339055+00:00,False
hotels_00074,45915,Makkah Hotel,Makkah,Makkah,1990,5,8.7,5,1 King Guestroom,1 bed (1 large double),2,True,,21.4202375584093,39.8240312933922,https://www.booking.com/hotel/sa/makkah-millennium-hotel.en-gb.html?aid=304142&label=gen173nr-1DCAEoggI46AdIM1gEaMQBiAECmAEJuAEJyAER2AED6AEBiAIBqAIDuAKmm9z0BcACAQ&sid=42146239dcdf1e519ee673686891723f&all_sr_blocks=4591539_95461487_0_33_0&checkin=2020-04-24&checkout=2020-04-25&dest_id=186&dest_type=country&group_adults=2&group_children=0&hapos=75&highlighted_blocks=4591539_95461487_0_33_0&hpos=25&no_rooms=1&sr_order=class_and_price&sr_pri_blocks=4591539_95461487_0_33_0__199000&srepoch=1587182853&srpvid=597e1d022bde0098&ucfs=1&from=searchresultshttps://www.booking.com;highlight_room=#hotelTmpl,booking_kaggle,2020,2020-04-24,2026-09-13T06:37:49.339055+00:00,False
hotels_00075,183810,"Park Hyatt Jeddah - Marina, Club and Spa",Jeddah,Makkah,2000,5,8.3,1,King Room,1 bed (1 extra-large double),2,,True,21.5139076537473,39.1549783945084,https://www.booking.com/hotel/sa/park-hyatt-jeddah-marina-club-spa.en-gb.html?aid=304142&label=gen173nr-1DCAEoggI46AdIM1gEaMQBiAECmAEJuAEJyAER2AED6AEBiAIBqAIDuAKmm9z0BcACAQ&sid=42146239dcdf1e519ee673686891723f&all_sr_blocks=18381010_257196482_2_41_0&checkin=2020-04-24&checkout=2020-04-25&dest_id=186&dest_type=country&group_adults=2&group_children=0&hapos=76&highlighted_blocks=18381010_257196482_2_41_0&hpos=1&no_rooms=1&sr_order=class_and_price&sr_pri_blocks=18381010_257196482_2_41_0__200000&srepoch=1587182862&srpvid=597e1d07181100a8&ucfs=1&from=searchresultshttps://www.booking.com;highlight_room=#hotelTmpl,booking_kaggle,2020,2020-04-24,2026-09-13T06:37:49.339055+00:00,False
hotels_00076,1814423,"Assila, a Luxury Collection Hotel, Jeddah",Jeddah,Makkah,2099,5,9.2,46,"Deluxe Guest Room, 1 King, City View",,2,,True,21.5519304162399,39.1624937218292,https://www.booking.com/hotel/sa/assila-a-luxury-collection-hotel-jeddah.en-gb.html?aid=304142&label=gen173nr-1DCAEoggI46AdIM1gEaMQBiAECmAEJuAEJyAER2AED6AEBiAIBqAIDuAKmm9z0BcACAQ&sid=42146239dcdf1e519ee673686891723f&all_sr_blocks=181442312_233657464_0_2_0&checkin=2020-04-24&checkout=2020-04-25&dest_id=186&dest_type=country&group_adults=2&group_children=0&hapos=77&highlighted_blocks=181442312_233657464_0_2_0&hpos=2&no_rooms=1&sr_order=class_and_price&sr_pri_blocks=181442312_233657464_0_2_0__209900&srepoch=1587182862&srpvid=597e1d07181100a8&ucfs=1&from=searchresultshttps://www.booking.com;highlight_room=#hotelTmpl,booking_kaggle,2020,2020-04-24,2026-09-13T06:37:49.339055+00:00,False
hotels_00077,75898,Rosewood Jeddah,Jeddah,Makkah,2100,5,8.7,2,Superior Double Room,1 bed (1 large double),2,,True,21.57636744201,39.1105046868324,https://www.booking.com/hotel/sa/rosewood-corniche.en-gb.html?aid=304142&label=gen173nr-1DCAEoggI46AdIM1gEaMQBiAECmAEJuAEJyAER2AED6AEBiAIBqAIDuAKmm9z0BcACAQ&sid=42146239dcdf1e519ee673686891723f&all_sr_blocks=7589802_195151248_0_41_0&checkin=2020-04-24&checkout=2020-04-25&dest_id=186&dest_type=country&group_adults=2&group_children=0&hapos=78&highlighted_blocks=7589802_195151248_0_41_0&hpos=3&no_rooms=1&sr_order=class_and_price&sr_pri_blocks=7589802_195151248_0_41_0__210000&srepoch=1587182862&srpvid=597e1d07181100a8&ucfs=1&from=searchresultshttps://www.booking.com;highlight_room=#hotelTmpl,booking_kaggle,2020,2020-04-24,2026-09-13T06:37:49.339055+00:00,False
hotels_00078,173283,Mövenpick Al Nawras Jeddah - Family Resort,Jeddah,Makkah,2470,5,7.2,1,One-Bedroom King Villa,1 bed (1 extra-large double),2,True,,21.587701,39.105894,https://www.booking.com/hotel/sa/movenpick-resort-al-nawras-jeddah.en-gb.html?aid=304142&label=gen173nr-1DCAEoggI46AdIM1gEaMQBiAECmAEJuAEJyAER2AED6AEBiAIBqAIDuAKmm9z0BcACAQ&sid=42146239dcdf1e519ee673686891723f&all_sr_blocks=17328316_88785768_2_1_0&checkin=2020-04-24&checkout=2020-04-25&dest_id=186&dest_type=country&group_adults=2&group_children=0&hapos=79&highlighted_blocks=17328316_88785768_2_1_0&hpos=4&no_rooms=1&sr_order=class_and_price&sr_pri_blocks=17328316_88785768_2_1_0__247000&srepoch=1587182862&srpvid=597e1d07181100a8&ucfs=1&from=searchresultshttps://www.booking.com;highlight_room=#hotelTmpl,booking_kaggle,2020,2020-04-24,2026-09-13T06:37:49.339055+00:00,False
hotels_00079,279869,Shaza Al Madina,Madinah,Madinah,2600,5,8.4,3,Family Suite,"4 beds (1 double, 1 sofa bed, 2 large doubles)",4,True,,24.4720552285702,39.6114313602448,https://www.booking.com/hotel/sa/shaza-al-madina.en-gb.html?aid=304142&label=gen173nr-1DCAEoggI46AdIM1gEaMQBiAECmAEJuAEJyAER2AED6AEBiAIBqAIDuAKmm9z0BcACAQ&sid=42146239dcdf1e519ee673686891723f&all_sr_blocks=27986914_88786114_4_33_0&checkin=2020-04-24&checkout=2020-04-25&dest_id=186&dest_type=country&group_adults=2&group_children=0&hapos=80&highlighted_blocks=27986914_88786114_4_33_0&hpos=5&no_rooms=1&sr_order=class_and_price&sr_pri_blocks=27986914_88786114_4_33_0__260000&srepoch=1587182862&srpvid=597e1d07181100a8&ucfs=1&from=searchresultshttps://www.booking.com;highlight_room=#hotelTmpl,booking_kaggle,2020,2020-04-24,2026-09-13T06:37:49.339055+00:00,False
hotels_00080,278695,Dar Al Tawhid Intercontinental Makkah,Makkah,Makkah,3444,5,8.8,3,Standard Room,2 beds (2 singles),2,True,,21.420622086735,39.8224434256554,https://www.booking.com/hotel/sa/dar-al-tawhid-intercontinental-makkah.en-gb.html?aid=304142&label=gen173nr-1DCAEoggI46AdIM1gEaMQBiAECmAEJuAEJyAER2AED6AEBiAIBqAIDuAKmm9z0BcACAQ&sid=42146239dcdf1e519ee673686891723f&all_sr_blocks=27869507_95437779_2_1_0&checkin=2020-04-24&checkout=2020-04-25&dest_id=186&dest_type=country&group_adults=2&group_children=0&hapos=81&highlighted_blocks=27869507_95437779_2_1_0&hpos=6&no_rooms=1&sr_order=class_and_price&sr_pri_blocks=27869507_95437779_2_1_0__344445&srepoch=1587182862&srpvid=597e1d07181100a8&ucfs=1&from=searchresultshttps://www.booking.com;highlight_room=#hotelTmpl,booking_kaggle,2020,2020-04-24,2026-09-13T06:37:49.339055+00:00,False
hotels_00081,1348503,Dana Beach Resort (Families Only),Half Moon Bay,,3500,5,8.2,914,Two-Bedroom Sunset Villa with Sea View,"3 beds (2 singles, 1 large double)",4,True,True,26.0793490547758,50.011932849884,https://www.booking.com/hotel/sa/dana-beach-resort.en-gb.html?aid=304142&label=gen173nr-1DCAEoggI46AdIM1gEaMQBiAECmAEJuAEJyAER2AED6AEBiAIBqAIDuAKmm9z0BcACAQ&sid=42146239dcdf1e519ee673686891723f&all_sr_blocks=134850301_123995562_0_1_0&checkin=2020-04-24&checkout=2020-04-25&dest_id=186&dest_type=country&group_adults=2&group_children=0&hapos=82&highlighted_blocks=134850301_123995562_0_1_0&hpos=7&no_rooms=1&sr_order=class_and_price&sr_pri_blocks=134850301_123995562_0_1_0__350000&srepoch=1587182862&srpvid=597e1d07181100a8&ucfs=1&from=searchresultshttps://www.booking.com;highlight_room=#hotelTmpl,booking_kaggle,2020,2020-04-24,2026-09-13T06:37:49.339055+00:00,False
hotels_00082,269018,Raffles Makkah Palace,Makkah,Makkah,3600,5,9.1,4,Signature Suite City View,1 bed (1 extra-large double),2,True,,21.4196432853692,39.8255655169487,https://www.booking.com/hotel/sa/raffles-makkah-palace.en-gb.html?aid=304142&label=gen173nr-1DCAEoggI46AdIM1gEaMQBiAECmAEJuAEJyAER2AED6AEBiAIBqAIDuAKmm9z0BcACAQ&sid=42146239dcdf1e519ee673686891723f&all_sr_blocks=26901802_91470430_2_41_0&checkin=2020-04-24&checkout=2020-04-25&dest_id=186&dest_type=country&group_adults=2&group_children=0&hapos=83&highlighted_blocks=26901802_91470430_2_41_0&hpos=8&no_rooms=1&sr_order=class_and_price&sr_pri_blocks=26901802_91470430_2_41_0__360000&srepoch=1587182862&srpvid=597e1d07181100a8&ucfs=1&from=searchresultshttps://www.booking.com;highlight_room=#hotelTmpl,booking_kaggle,2020,2020-04-24,2026-09-13T06:37:49.339055+00:00,False
hotels_00083,6112688,فندق قصر الحياة,Makkah,Makkah,26,4,5.6,88,Quadruple Room with Private Bathroom,4 beds (4 singles),4,,True,21.439952,39.834166,https://www.booking.com/hotel/sa/fndq-qsr-lhy.en-gb.html?aid=304142&label=gen173nr-1DCAEoggI46AdIM1gEaMQBiAECmAEJuAEJyAER2AED6AEBiAIBqAIDuAKmm9z0BcACAQ&sid=42146239dcdf1e519ee673686891723f&all_sr_blocks=611268803_241772834_4_0_0&checkin=2020-04-24&checkout=2020-04-25&dest_id=186&dest_type=country&group_adults=2&group_children=0&hapos=84&highlighted_blocks=611268803_241772834_4_0_0&hpos=9&no_rooms=1&sr_order=class_and_price&sr_pri_blocks=611268803_241772834_4_0_0__2599&srepoch=1587182862&srpvid=597e1d07181100a8&ucfs=1&from=searchresultshttps://www.booking.com;highlight_room=#hotelTmpl,booking_kaggle,2020,2020-04-24,2026-09-13T06:37:49.339055+00:00,False
hotels_00084,2335725,Almakan Hotel 108,Riyadh,Riyadh,65,4,7.2,3,Studio,1 bed (1 double),2,,True,24.6395766404321,46.6932141780853,https://www.booking.com/hotel/sa/mywn-lmlq-1.en-gb.html?aid=304142&label=gen173nr-1DCAEoggI46AdIM1gEaMQBiAECmAEJuAEJyAER2AED6AEBiAIBqAIDuAKmm9z0BcACAQ&sid=42146239dcdf1e519ee673686891723f&all_sr_blocks=233572503_202929980_2_0_0&checkin=2020-04-24&checkout=2020-04-25&dest_id=186&dest_type=country&group_adults=2&group_children=0&hapos=85&highlighted_blocks=233572503_202929980_2_0_0&hpos=10&no_rooms=1&sr_order=class_and_price&sr_pri_blocks=233572503_202929980_2_0_0__6480&srepoch=1587182862&srpvid=597e1d07181100a8&ucfs=1&from=searchresultshttps://www.booking.com;highlight_room=#hotelTmpl,booking_kaggle,2020,2020-04-24,2026-09-13T06:37:49.339055+00:00,False
hotels_00085,5304975,تولاي بارك TULAY PARK,Al Khobar,Eastern Province,90,4,7.8,189,King Room,1 bed (1 large double),2,,True,26.2985043184142,50.1767561851196,https://www.booking.com/hotel/sa/twly-brk-tulay-park.en-gb.html?aid=304142&label=gen173nr-1DCAEoggI46AdIM1gEaMQBiAECmAEJuAEJyAER2AED6AEBiAIBqAIDuAKmm9z0BcACAQ&sid=42146239dcdf1e519ee673686891723f&all_sr_blocks=530497501_187688047_0_0_0&checkin=2020-04-24&checkout=2020-04-25&dest_id=186&dest_type=country&group_adults=2&group_children=0&hapos=86&highlighted_blocks=530497501_187688047_0_0_0&hpos=11&no_rooms=1&sr_order=class_and_price&sr_pri_blocks=530497501_187688047_0_0_0__9000&srepoch=1587182862&srpvid=597e1d07181100a8&ucfs=1&from=searchresultshttps://www.booking.com;highlight_room=#hotelTmpl,booking_kaggle,2020,2020-04-24,2026-09-13T06:37:49.339055+00:00,False
hotels_00086,2830387,Samaya Royal Afif,‘Afīf,Riyadh,110,4,8.5,164,Superior Apartment,"2 beds (1 extra-large double, 1 sofa bed)",2,True,True,23.8837809,42.8988065999999,https://www.booking.com/hotel/sa/smy-fyf.en-gb.html?aid=304142&label=gen173nr-1DCAEoggI46AdIM1gEaMQBiAECmAEJuAEJyAER2AED6AEBiAIBqAIDuAKmm9z0BcACAQ&sid=42146239dcdf1e519ee673686891723f&all_sr_blocks=283038701_228473233_2_1_0&checkin=2020-04-24&checkout=2020-04-25&dest_id=186&dest_type=country&group_adults=2&group_children=0&hapos=87&highlighted_blocks=283038701_228473233_2_1_0&hpos=12&no_rooms=1&sr_order=class_and_price&sr_pri_blocks=283038701_228473233_2_1_0__11000&srepoch=1587182862&srpvid=597e1d07181100a8&ucfs=1&from=searchresultshttps://www.booking.com;highlight_room=#hotelTmpl,booking_kaggle,2020,2020-04-24,2026-09-13T06:37:49.339055+00:00,False
hotels_00087,1869521,منازل جدة 2,Jeddah,Makkah,114,4,7.7,166,Studio Apartment,2 beds (2 singles),2,,True,21.5905331948642,39.1567163166474,https://www.booking.com/hotel/sa/manazil-jeddah-2.en-gb.html?aid=304142&label=gen173nr-1DCAEoggI46AdIM1gEaMQBiAECmAEJuAEJyAER2AED6AEBiAIBqAIDuAKmm9z0BcACAQ&sid=42146239dcdf1e519ee673686891723f&all_sr_blocks=186952104_219251297_2_0_0&checkin=2020-04-24&checkout=2020-04-25&dest_id=186&dest_type=country&group_adults=2&group_children=0&hapos=88&highlighted_blocks=186952104_219251297_2_0_0&hpos=13&no_rooms=1&sr_order=class_and_price&sr_pri_blocks=186952104_219251297_2_0_0__11358&srepoch=1587182862&srpvid=597e1d07181100a8&ucfs=1&from=searchresultshttps://www.booking.com;highlight_room=#hotelTmpl,booking_kaggle,2020,2020-04-24,2026-09-13T06:37:49.339055+00:00,False
hotels_00088,6279829,shams alshate شمس الشاطئ ابوبكر 2,Buraydah,Qassim,120,4,5.4,5,Budget Double Room,1 bed (1 large double),2,,True,26.4057934264006,43.9348626134033,https://www.booking.com/hotel/sa/shams-alshate-shms-lshty-bwbkr-2.en-gb.html?aid=304142&label=gen173nr-1DCAEoggI46AdIM1gEaMQBiAECmAEJuAEJyAER2AED6AEBiAIBqAIDuAKmm9z0BcACAQ&sid=42146239dcdf1e519ee673686891723f&all_sr_blocks=627982901_244664533_2_0_0&checkin=2020-04-24&checkout=2020-04-25&dest_id=186&dest_type=country&group_adults=2&group_children=0&hapos=89&highlighted_blocks=627982901_244664533_2_0_0&hpos=14&no_rooms=1&sr_order=class_and_price&sr_pri_blocks=627982901_244664533_2_0_0__11999&srepoch=1587182862&srpvid=597e1d07181100a8&ucfs=1&from=searchresultshttps://www.booking.com;highlight_room=#hotelTmpl,booking_kaggle,2020,2020-04-24,2026-09-13T06:37:49.339055+00:00,False
hotels_00089,1882046,منازل جدة للوحدات السكنية,Jeddah,Makkah,123,4,7.8,233,One-Bedroom Apartment,1 bed (1 large double),2,,True,21.5116243861948,39.2295945744522,https://www.booking.com/hotel/sa/manazil-jeddah-for-furnished-appartment.en-gb.html?aid=304142&label=gen173nr-1DCAEoggI46AdIM1gEaMQBiAECmAEJuAEJyAER2AED6AEBiAIBqAIDuAKmm9z0BcACAQ&sid=42146239dcdf1e519ee673686891723f&all_sr_blocks=188204607_99847264_2_2_0&checkin=2020-04-24&checkout=2020-04-25&dest_id=186&dest_type=country&group_adults=2&group_children=0&hapos=90&highlighted_blocks=188204607_99847264_2_2_0&hpos=15&no_rooms=1&sr_order=class_and_price&sr_pri_blocks=188204607_99847264_2_2_0__12250&srepoch=1587182862&srpvid=597e1d07181100a8&ucfs=1&from=searchresultshttps://www.booking.com;highlight_room=#hotelTmpl,booking_kaggle,2020,2020-04-24,2026-09-13T06:37:49.339055+00:00,False
hotels_00090,3660087,Al Reef Homes Hotel,Abha,Asir,125,4,7.8,523,Deluxe Studio,1 bed (1 extra-large double),2,,True,18.1875489964749,42.6027227908821,https://www.booking.com/hotel/sa/al-reef-homes.en-gb.html?aid=304142&label=gen173nr-1DCAEoggI46AdIM1gEaMQBiAECmAEJuAEJyAER2AED6AEBiAIBqAIDuAKmm9z0BcACAQ&sid=42146239dcdf1e519ee673686891723f&all_sr_blocks=366008701_125021729_2_0_0&checkin=2020-04-24&checkout=2020-04-25&dest_id=186&dest_type=country&group_adults=2&group_children=0&hapos=91&highlighted_blocks=366008701_125021729_2_0_0&hpos=16&no_rooms=1&sr_order=class_and_price&sr_pri_blocks=366008701_125021729_2_0_0__12500&srepoch=1587182862&srpvid=597e1d07181100a8&ucfs=1&from=searchresultshttps://www.booking.com;highlight_room=#hotelTmpl,booking_kaggle,2020,2020-04-24,2026-09-13T06:37:49.339055+00:00,False
hotels_00091,6402009,هوم للشقق الفندقيه,Ar Riyad,,130,4,,,One-Bedroom Apartment,,2,,True,24.7752773877168,46.8359567417602,https://www.booking.com/hotel/sa/hwm-llshqq-lfndqyh.en-gb.html?aid=304142&label=gen173nr-1DCAEoggI46AdIM1gEaMQBiAECmAEJuAEJyAER2AED6AEBiAIBqAIDuAKmm9z0BcACAQ&sid=42146239dcdf1e519ee673686891723f&all_sr_blocks=640200902_256707912_2_0_0&checkin=2020-04-24&checkout=2020-04-25&dest_id=186&dest_type=country&group_adults=2&group_children=0&hapos=92&highlighted_blocks=640200902_256707912_2_0_0&hpos=17&no_rooms=1&sr_order=class_and_price&sr_pri_blocks=640200902_256707912_2_0_0__13000&srepoch=1587182862&srpvid=597e1d07181100a8&ucfs=1&from=searchresultshttps://www.booking.com;highlight_room=#hotelTmpl,booking_kaggle,2020,2020-04-24,2026-09-13T06:37:49.339055+00:00,False
hotels_00092,6224145,Hotel nab'a Alsafa Almansour,Makkah,Makkah,140,4,,,Deluxe Double or Twin Room,2 beds (2 doubles),2,True,True,21.4261281074936,39.8071186984253,https://www.booking.com/hotel/sa/fndq-nb-lsf-lmnswr.en-gb.html?aid=304142&label=gen173nr-1DCAEoggI46AdIM1gEaMQBiAECmAEJuAEJyAER2AED6AEBiAIBqAIDuAKmm9z0BcACAQ&sid=42146239dcdf1e519ee673686891723f&all_sr_blocks=622414501_242549440_2_1_0&checkin=2020-04-24&checkout=2020-04-25&dest_id=186&dest_type=country&group_adults=2&group_children=0&hapos=93&highlighted_blocks=622414501_242549440_2_1_0&hpos=18&no_rooms=1&sr_order=class_and_price&sr_pri_blocks=622414501_242549440_2_1_0__14000&srepoch=1587182862&srpvid=597e1d07181100a8&ucfs=1&from=searchresultshttps://www.booking.com;highlight_room=#hotelTmpl,booking_kaggle,2020,2020-04-24,2026-09-13T06:37:49.339055+00:00,False
hotels_00093,6379329,إطلالة الشرفه,Al ‘Aqrabīyah,,140,4,,,One-Bedroom Apartment,"3 beds (1 extra-large double, 2 sofa beds)",4,,True,26.287908,50.188335,https://www.booking.com/hotel/sa/tll-lshrfh.en-gb.html?aid=304142&label=gen173nr-1DCAEoggI46AdIM1gEaMQBiAECmAEJuAEJyAER2AED6AEBiAIBqAIDuAKmm9z0BcACAQ&sid=42146239dcdf1e519ee673686891723f&all_sr_blocks=637932901_251809905_4_0_0&checkin=2020-04-24&checkout=2020-04-25&dest_id=186&dest_type=country&group_adults=2&group_children=0&hapos=94&highlighted_blocks=637932901_251809905_4_0_0&hpos=19&no_rooms=1&sr_order=class_and_price&sr_pri_blocks=637932901_251809905_4_0_0__14000&srepoch=1587182862&srpvid=597e1d07181100a8&ucfs=1&from=searchresultshttps://www.booking.com;highlight_room=#hotelTmpl,booking_kaggle,2020,2020-04-24,2026-09-13T06:37:49.339055+00:00,False
hotels_00094,5762896,shams alshate شمس الشاطئ,Buraydah,Qassim,140,4,7.4,34,Deluxe Double Room (2 Adults + 1 Child),1 bed (1 large double),2,,,26.4091293779193,43.9265193425446,https://www.booking.com/hotel/sa/shams-alshate-shms-lshty.en-gb.html?aid=304142&label=gen173nr-1DCAEoggI46AdIM1gEaMQBiAECmAEJuAEJyAER2AED6AEBiAIBqAIDuAKmm9z0BcACAQ&sid=42146239dcdf1e519ee673686891723f&all_sr_blocks=576289601_222539425_2_0_0&checkin=2020-04-24&checkout=2020-04-25&dest_id=186&dest_type=country&group_adults=2&group_children=0&hapos=95&highlighted_blocks=576289601_222539425_2_0_0&hpos=20&no_rooms=1&sr_order=class_and_price&sr_pri_blocks=576289601_222539425_2_0_0__13999&srepoch=1587182862&srpvid=597e1d07181100a8&ucfs=1&from=searchresultshttps://www.booking.com;highlight_room=#hotelTmpl,booking_kaggle,2020,2020-04-24,2026-09-13T06:37:49.339055+00:00,False
hotels_00095,5137410,Jeddah Blue Plus Hotel,Jeddah,Makkah,149,4,7.2,420,Studio Apartment,1 bed (1 large double),2,,True,21.5202021421921,39.1593226405449,https://www.booking.com/hotel/sa/fndq-jd-blw-bls.en-gb.html?aid=304142&label=gen173nr-1DCAEoggI46AdIM1gEaMQBiAECmAEJuAEJyAER2AED6AEBiAIBqAIDuAKmm9z0BcACAQ&sid=42146239dcdf1e519ee673686891723f&all_sr_blocks=513741001_251406291_2_0_0&checkin=2020-04-24&checkout=2020-04-25&dest_id=186&dest_type=country&group_adults=2&group_children=0&hapos=96&highlighted_blocks=513741001_251406291_2_0_0&hpos=21&no_rooms=1&sr_order=class_and_price&sr_pri_blocks=513741001_251406291_2_0_0__14899&srepoch=1587182862&srpvid=597e1d07181100a8&ucfs=1&from=searchresultshttps://www.booking.com;highlight_room=#hotelTmpl,booking_kaggle,2020,2020-04-24,2026-09-13T06:37:49.339055+00:00,False
hotels_00096,4669607,New Suite,Riyadh,Riyadh,149,4,7.7,62,Deluxe Room (1 adult + 2 children),1 bed (1 extra-large double),2,,True,24.5512422718838,46.6694089141197,https://www.booking.com/hotel/sa/new-suite.en-gb.html?aid=304142&label=gen173nr-1DCAEoggI46AdIM1gEaMQBiAECmAEJuAEJyAER2AED6AEBiAIBqAIDuAKmm9z0BcACAQ&sid=42146239dcdf1e519ee673686891723f&all_sr_blocks=466960703_144042336_2_0_0&checkin=2020-04-24&checkout=2020-04-25&dest_id=186&dest_type=country&group_adults=2&group_children=0&hapos=97&highlighted_blocks=466960703_144042336_2_0_0&hpos=22&no_rooms=1&sr_order=class_and_price&sr_pri_blocks=466960703_144042336_2_0_0__14900&srepoch=1587182862&srpvid=597e1d07181100a8&ucfs=1&from=searchresultshttps://www.booking.com;highlight_room=#hotelTmpl,booking_kaggle,2020,2020-04-24,2026-09-13T06:37:49.339055+00:00,False
hotels_00097,2343311,Seher Aloyon Funished Apartments,Buraydah,Qassim,150,,8.8,250,One-Bedroom Apartment,"4 beds (1 double, 3 sofa beds)",5,,True,26.3991633774795,43.9330190978944,https://www.booking.com/hotel/sa/seher-aloyon-funished-apartments.en-gb.html?aid=304142&label=gen173nr-1DCAEoggI46AdIM1gEaMQBiAECmAEJuAEJyAER2AED6AEBiAIBqAIDuAKmm9z0BcACAQ&sid=42146239dcdf1e519ee673686891723f&all_sr_blocks=234331102_195330920_5_0_0&checkin=2020-04-24&checkout=2020-04-25&dest_id=186&dest_type=country&group_adults=2&group_children=0&hapos=98&highlighted_blocks=234331102_195330920_5_0_0&hpos=23&no_rooms=1&sr_order=class_and_price&sr_pri_blocks=234331102_195330920_5_0_0__15000&srepoch=1587182862&srpvid=597e1d07181100a8&ucfs=1&from=searchresultshttps://www.booking.com;highlight_room=#hotelTmpl,booking_kaggle,2020,2020-04-24,2026-09-13T06:37:49.339055+00:00,False
hotels_00098,5082119,JEDDAH PALACE,Jeddah,Makkah,150,4,7.3,210,Deluxe King Room,1 bed (1 extra-large double),2,,True,21.485787,39.25855,https://www.booking.com/hotel/sa/jeddah-palace.en-gb.html?aid=304142&label=gen173nr-1DCAEoggI46AdIM1gEaMQBiAECmAEJuAEJyAER2AED6AEBiAIBqAIDuAKmm9z0BcACAQ&sid=42146239dcdf1e519ee673686891723f&all_sr_blocks=508211907_200209978_2_0_0&checkin=2020-04-24&checkout=2020-04-25&dest_id=186&dest_type=country&group_adults=2&group_children=0&hapos=99&highlighted_blocks=508211907_200209978_2_0_0&hpos=24&no_rooms=1&sr_order=class_and_price&sr_pri_blocks=508211907_200209978_2_0_0__15000&srepoch=1587182862&srpvid=597e1d07181100a8&ucfs=1&from=searchresultshttps://www.booking.com;highlight_room=#hotelTmpl,booking_kaggle,2020,2020-04-24,2026-09-13T06:37:49.339055+00:00,False
hotels_00099,5478000,افانين نجد,Riyadh,Riyadh,150,4,,,One-Bedroom Apartment,"2 beds (1 extra-large double, 1 sofa bed)",3,,True,24.7823299816931,46.8774697125455,https://www.booking.com/hotel/sa/fnyn-njd.en-gb.html?aid=304142&label=gen173nr-1DCAEoggI46AdIM1gEaMQBiAECmAEJuAEJyAER2AED6AEBiAIBqAIDuAKmm9z0BcACAQ&sid=42146239dcdf1e519ee673686891723f&all_sr_blocks=547800001_212838522_3_0_0&checkin=2020-04-24&checkout=2020-04-25&dest_id=186&dest_type=country&group_adults=2&group_children=0&hapos=100&highlighted_blocks=547800001_212838522_3_0_0&hpos=25&no_rooms=1&sr_order=class_and_price&sr_pri_blocks=547800001_212838522_3_0_0__15000&srepoch=1587182862&srpvid=597e1d07181100a8&ucfs=1&from=searchresultshttps://www.booking.com;highlight_room=#hotelTmpl,booking_kaggle,2020,2020-04-24,2026-09-13T06:37:49.339055+00:00,False
hotels_00100,439725,Reef Global Hotel,Makkah,Makkah,150,4,8.0,808,Double Room,1 bed (1 double),2,,True,21.4449516813,39.8605240881443,https://www.booking.com/hotel/sa/boudl-makka.en-gb.html?aid=304142&label=gen173nr-1DCAEoggI46AdIM1gEaMQBiAECmAEJuAEJyAER2AED6AEBiAIBqAIDuAKmm9z0BcACAQ&sid=42146239dcdf1e519ee673686891723f&all_sr_blocks=43972504_144725347_0_2_0&checkin=2020-04-24&checkout=2020-04-25&dest_id=186&dest_type=country&group_adults=2&group_children=0&hapos=101&highlighted_blocks=43972504_144725347_0_2_0&hpos=1&no_rooms=1&sr_order=class_and_price&sr_pri_blocks=43972504_144725347_0_2_0__15000&srepoch=1587182871&srpvid=b7ae1d0bdd6f009f&ucfs=1&from=searchresultshttps://www.booking.com;highlight_room=#hotelTmpl,booking_kaggle,2020,2020-04-24,2026-09-13T06:37:49.339055+00:00,False
hotels_00101,861672,Golden Tulip Dammam Corniche Hotel,Dammam,Eastern Province,159,4,7.5,1,Business King Room,,2,,True,26.4577408806723,50.0964151474909,https://www.booking.com/hotel/sa/golden-tulip-dammam-corniche.en-gb.html?aid=304142&label=gen173nr-1DCAEoggI46AdIM1gEaMQBiAECmAEJuAEJyAER2AED6AEBiAIBqAIDuAKmm9z0BcACAQ&sid=42146239dcdf1e519ee673686891723f&all_sr_blocks=86167235_246989390_2_1_0&checkin=2020-04-24&checkout=2020-04-25&dest_id=186&dest_type=country&group_adults=2&group_children=0&hapos=102&highlighted_blocks=86167235_246989390_2_1_0&hpos=2&no_rooms=1&sr_order=class_and_price&sr_pri_blocks=86167235_246989390_2_1_0__15900&srepoch=1587182871&srpvid=b7ae1d0bdd6f009f&ucfs=1&from=searchresultshttps://www.booking.com;highlight_room=#hotelTmpl,booking_kaggle,2020,2020-04-24,2026-09-13T06:37:49.339055+00:00,False
hotels_00102,768429,Sofi Hotel,Dammam,Eastern Province,159,4,7.1,860,Double Studio,1 bed (1 double),2,,True,26.4637779482714,50.0634527206421,https://www.booking.com/hotel/sa/o3uuu-uuoauu.en-gb.html?aid=304142&label=gen173nr-1DCAEoggI46AdIM1gEaMQBiAECmAEJuAEJyAER2AED6AEBiAIBqAIDuAKmm9z0BcACAQ&sid=42146239dcdf1e519ee673686891723f&all_sr_blocks=76842902_204808926_0_0_0&checkin=2020-04-24&checkout=2020-04-25&dest_id=186&dest_type=country&group_adults=2&group_children=0&hapos=103&highlighted_blocks=76842902_204808926_0_0_0&hpos=3&no_rooms=1&sr_order=class_and_price&sr_pri_blocks=76842902_204808926_0_0_0__15900&srepoch=1587182871&srpvid=b7ae1d0bdd6f009f&ucfs=1&from=searchresultshttps://www.booking.com;highlight_room=#hotelTmpl,booking_kaggle,2020,2020-04-24,2026-09-13T06:37:49.339055+00:00,False
hotels_00103,3152804,Odst Hotel Suites,Jeddah,Makkah,168,4,7.2,271,Studio Apartment,1 bed (1 extra-large double),2,,True,21.5837204766313,39.1733672336045,https://www.booking.com/hotel/sa/wdst-lljnh-lfndqy-jd.en-gb.html?aid=304142&label=gen173nr-1DCAEoggI46AdIM1gEaMQBiAECmAEJuAEJyAER2AED6AEBiAIBqAIDuAKmm9z0BcACAQ&sid=42146239dcdf1e519ee673686891723f&all_sr_blocks=315280401_113840402_2_0_0&checkin=2020-04-24&checkout=2020-04-25&dest_id=186&dest_type=country&group_adults=2&group_children=0&hapos=104&highlighted_blocks=315280401_113840402_2_0_0&hpos=4&no_rooms=1&sr_order=class_and_price&sr_pri_blocks=315280401_113840402_2_0_0__16750&srepoch=1587182871&srpvid=b7ae1d0bdd6f009f&ucfs=1&from=searchresultshttps://www.booking.com;highlight_room=#hotelTmpl,booking_kaggle,2020,2020-04-24,2026-09-13T06:37:49.339055+00:00,False
hotels_00104,5950347,كلاس هوم,Jeddah,Makkah,170,4,9.1,42,Deluxe Suite,,2,,True,21.6089450816652,39.1330333368683,https://www.booking.com/hotel/sa/kls-hwm.en-gb.html?aid=304142&label=gen173nr-1DCAEoggI46AdIM1gEaMQBiAECmAEJuAEJyAER2AED6AEBiAIBqAIDuAKmm9z0BcACAQ&sid=42146239dcdf1e519ee673686891723f&all_sr_blocks=595034701_233486797_2_0_0&checkin=2020-04-24&checkout=2020-04-25&dest_id=186&dest_type=country&group_adults=2&group_children=0&hapos=105&highlighted_blocks=595034701_233486797_2_0_0&hpos=5&no_rooms=1&sr_order=class_and_price&sr_pri_blocks=595034701_233486797_2_0_0__17000&srepoch=1587182871&srpvid=b7ae1d0bdd6f009f&ucfs=1&from=searchresultshttps://www.booking.com;highlight_room=#hotelTmpl,booking_kaggle,2020,2020-04-24,2026-09-13T06:37:49.339055+00:00,False
hotels_00105,1850476,Retaj Al Rayyan Makkah,Makkah,Makkah,171,4,7.9,1,Standard Twin Room,2 beds (2 singles),2,,,21.4313363490947,39.8513517715037,https://www.booking.com/hotel/sa/retaj-al-rayyan-makkah-makkah3.en-gb.html?aid=304142&label=gen173nr-1DCAEoggI46AdIM1gEaMQBiAECmAEJuAEJyAER2AED6AEBiAIBqAIDuAKmm9z0BcACAQ&sid=42146239dcdf1e519ee673686891723f&all_sr_blocks=185047601_137267773_0_2_0&checkin=2020-04-24&checkout=2020-04-25&dest_id=186&dest_type=country&group_adults=2&group_children=0&hapos=106&highlighted_blocks=185047601_137267773_0_2_0&hpos=6&no_rooms=1&sr_order=class_and_price&sr_pri_blocks=185047601_137267773_0_2_0__17100&srepoch=1587182871&srpvid=b7ae1d0bdd6f009f&ucfs=1&from=searchresultshttps://www.booking.com;highlight_room=#hotelTmpl,booking_kaggle,2020,2020-04-24,2026-09-13T06:37:49.339055+00:00,False
hotels_00106,1615141,امواج ينبع للوحدات السكنية,Yanbu,Madinah,173,4,7.6,856,King Studio,1 bed (1 extra-large double),2,,True,24.091540982121,38.0414915084839,https://www.booking.com/hotel/sa/amwag-yenbea-residential-units.en-gb.html?aid=304142&label=gen173nr-1DCAEoggI46AdIM1gEaMQBiAECmAEJuAEJyAER2AED6AEBiAIBqAIDuAKmm9z0BcACAQ&sid=42146239dcdf1e519ee673686891723f&all_sr_blocks=161514101_201708290_2_0_0&checkin=2020-04-24&checkout=2020-04-25&dest_id=186&dest_type=country&group_adults=2&group_children=0&hapos=107&highlighted_blocks=161514101_201708290_2_0_0&hpos=7&no_rooms=1&sr_order=class_and_price&sr_pri_blocks=161514101_201708290_2_0_0__17250&srepoch=1587182871&srpvid=b7ae1d0bdd6f009f&ucfs=1&from=searchresultshttps://www.booking.com;highlight_room=#hotelTmpl,booking_kaggle,2020,2020-04-24,2026-09-13T06:37:49.339055+00:00,False
hotels_00107,3598606,Golden Dune Hotel,Ţurayf,Northern Borders,179,4,9.2,1,Small Double Room,1 bed (1 double),2,,True,31.6723575545476,38.6596888770905,https://www.booking.com/hotel/sa/golden-dune-turaif.en-gb.html?aid=304142&label=gen173nr-1DCAEoggI46AdIM1gEaMQBiAECmAEJuAEJyAER2AED6AEBiAIBqAIDuAKmm9z0BcACAQ&sid=42146239dcdf1e519ee673686891723f&all_sr_blocks=359860616_247159084_2_0_0&checkin=2020-04-24&checkout=2020-04-25&dest_id=186&dest_type=country&group_adults=2&group_children=0&hapos=108&highlighted_blocks=359860616_247159084_2_0_0&hpos=8&no_rooms=1&sr_order=class_and_price&sr_pri_blocks=359860616_247159084_2_0_0__17910&srepoch=1587182871&srpvid=b7ae1d0bdd6f009f&ucfs=1&from=searchresultshttps://www.booking.com;highlight_room=#hotelTmpl,booking_kaggle,2020,2020-04-24,2026-09-13T06:37:49.339055+00:00,False
hotels_00108,1525301,Suite Inn Hotel Riyadh,Riyadh,Riyadh,182,4,8.4,1,Standard Apartment,1 bed (1 double),2,,True,24.694056251084,46.7110884189606,https://www.booking.com/hotel/sa/suite-inn-riyadh.en-gb.html?aid=304142&label=gen173nr-1DCAEoggI46AdIM1gEaMQBiAECmAEJuAEJyAER2AED6AEBiAIBqAIDuAKmm9z0BcACAQ&sid=42146239dcdf1e519ee673686891723f&all_sr_blocks=152530121_249055197_0_0_0&checkin=2020-04-24&checkout=2020-04-25&dest_id=186&dest_type=country&group_adults=2&group_children=0&hapos=109&highlighted_blocks=152530121_249055197_0_0_0&hpos=9&no_rooms=1&sr_order=class_and_price&sr_pri_blocks=152530121_249055197_0_0_0__18182&srepoch=1587182871&srpvid=b7ae1d0bdd6f009f&ucfs=1&from=searchresultshttps://www.booking.com;highlight_room=#hotelTmpl,booking_kaggle,2020,2020-04-24,2026-09-13T06:37:49.339055+00:00,False
hotels_00109,5700500,Business Tower,Nimrān,,183,4,8.1,113,Economy Double Room,2 beds (2 extra-large doubles),2,,True,19.9975106886028,42.6152528723526,https://www.booking.com/hotel/sa/brj-l-ml.en-gb.html?aid=304142&label=gen173nr-1DCAEoggI46AdIM1gEaMQBiAECmAEJuAEJyAER2AED6AEBiAIBqAIDuAKmm9z0BcACAQ&sid=42146239dcdf1e519ee673686891723f&all_sr_blocks=570050002_220049566_2_0_0&checkin=2020-04-24&checkout=2020-04-25&dest_id=186&dest_type=country&group_adults=2&group_children=0&hapos=110&highlighted_blocks=570050002_220049566_2_0_0&hpos=10&no_rooms=1&sr_order=class_and_price&sr_pri_blocks=570050002_220049566_2_0_0__18300&srepoch=1587182871&srpvid=b7ae1d0bdd6f009f&ucfs=1&from=searchresultshttps://www.booking.com;highlight_room=#hotelTmpl,booking_kaggle,2020,2020-04-24,2026-09-13T06:37:49.339055+00:00,False
hotels_00110,876519,Sadeem Al Fajr Hotel Suites,Taif,Makkah,199,4,7.5,632,One-Bedroom Apartment,1 bed (1 single),2,,True,21.288304290128,40.4161270111581,https://www.booking.com/hotel/sa/sadeem-suites.en-gb.html?aid=304142&label=gen173nr-1DCAEoggI46AdIM1gEaMQBiAECmAEJuAEJyAER2AED6AEBiAIBqAIDuAKmm9z0BcACAQ&sid=42146239dcdf1e519ee673686891723f&all_sr_blocks=87651901_190353096_0_0_0&checkin=2020-04-24&checkout=2020-04-25&dest_id=186&dest_type=country&group_adults=2&group_children=0&hapos=111&highlighted_blocks=87651901_190353096_0_0_0&hpos=11&no_rooms=1&sr_order=class_and_price&sr_pri_blocks=87651901_190353096_0_0_0__19900&srepoch=1587182871&srpvid=b7ae1d0bdd6f009f&ucfs=1&from=searchresultshttps://www.booking.com;highlight_room=#hotelTmpl,booking_kaggle,2020,2020-04-24,2026-09-13T06:37:49.339055+00:00,False
hotels_00111,4794664,Naviti Warwick Dammam,Dammam,Eastern Province,199,4,8.5,1,Standard Double Room,1 bed (1 extra-large double),2,,True,26.4592418466342,50.093667488729,https://www.booking.com/hotel/sa/naviti-warwick-dammam.en-gb.html?aid=304142&label=gen173nr-1DCAEoggI46AdIM1gEaMQBiAECmAEJuAEJyAER2AED6AEBiAIBqAIDuAKmm9z0BcACAQ&sid=42146239dcdf1e519ee673686891723f&all_sr_blocks=479466401_237134159_2_0_0&checkin=2020-04-24&checkout=2020-04-25&dest_id=186&dest_type=country&group_adults=2&group_children=0&hapos=112&highlighted_blocks=479466401_237134159_2_0_0&hpos=12&no_rooms=1&sr_order=class_and_price&sr_pri_blocks=479466401_237134159_2_0_0__19900&srepoch=1587182871&srpvid=b7ae1d0bdd6f009f&ucfs=1&from=searchresultshttps://www.booking.com;highlight_room=#hotelTmpl,booking_kaggle,2020,2020-04-24,2026-09-13T06:37:49.339055+00:00,False
hotels_00112,3685075,AlBaha Palace Furnished Apartment,Al Bahah,Al Bahah,200,4,7.7,260,Double Room,1 bed (1 extra-large double),2,,True,20.0181546234611,41.4726524762573,https://www.booking.com/hotel/sa/qsr-lbh-llwhdt-lskny-lmfrwsh.en-gb.html?aid=304142&label=gen173nr-1DCAEoggI46AdIM1gEaMQBiAECmAEJuAEJyAER2AED6AEBiAIBqAIDuAKmm9z0BcACAQ&sid=42146239dcdf1e519ee673686891723f&all_sr_blocks=368507503_184339117_2_0_0&checkin=2020-04-24&checkout=2020-04-25&dest_id=186&dest_type=country&group_adults=2&group_children=0&hapos=113&highlighted_blocks=368507503_184339117_2_0_0&hpos=13&no_rooms=1&sr_order=class_and_price&sr_pri_blocks=368507503_184339117_2_0_0__19977&srepoch=1587182871&srpvid=b7ae1d0bdd6f009f&ucfs=1&from=searchresultshttps://www.booking.com;highlight_room=#hotelTmpl,booking_kaggle,2020,2020-04-24,2026-09-13T06:37:49.339055+00:00,False
hotels_00113,5836989,ضيافة الفيحاء Dayafat Alfayha'a,Riyadh,Riyadh,200,4,8.9,16,Deluxe Junior Suite,1 bed (1 large double),2,,True,24.687933,46.803294,https://www.booking.com/hotel/sa/dyf-lfyh.en-gb.html?aid=304142&label=gen173nr-1DCAEoggI46AdIM1gEaMQBiAECmAEJuAEJyAER2AED6AEBiAIBqAIDuAKmm9z0BcACAQ&sid=42146239dcdf1e519ee673686891723f&all_sr_blocks=583698901_227891427_2_2_0&checkin=2020-04-24&checkout=2020-04-25&dest_id=186&dest_type=country&group_adults=2&group_children=0&hapos=114&highlighted_blocks=583698901_227891427_2_2_0&hpos=14&no_rooms=1&sr_order=class_and_price&sr_pri_blocks=583698901_227891427_2_2_0__20000&srepoch=1587182871&srpvid=b7ae1d0bdd6f009f&ucfs=1&from=searchresultshttps://www.booking.com;highlight_room=#hotelTmpl,booking_kaggle,2020,2020-04-24,2026-09-13T06:37:49.339055+00:00,False
hotels_00114,6384318,الأوفاز 3 للوحدات السكنية,Nughaylah,,200,4,,,Double or Twin Room with Private Bathroom,2 beds (2 large doubles),4,,True,20.009925,42.619664,https://www.booking.com/hotel/sa/wfz-3-llwhdt-lskny.en-gb.html?aid=304142&label=gen173nr-1DCAEoggI46AdIM1gEaMQBiAECmAEJuAEJyAER2AED6AEBiAIBqAIDuAKmm9z0BcACAQ&sid=42146239dcdf1e519ee673686891723f&all_sr_blocks=638431803_252966935_4_0_0&checkin=2020-04-24&checkout=2020-04-25&dest_id=186&dest_type=country&group_adults=2&group_children=0&hapos=115&highlighted_blocks=638431803_252966935_4_0_0&hpos=15&no_rooms=1&sr_order=class_and_price&sr_pri_blocks=638431803_252966935_4_0_0__20000&srepoch=1587182871&srpvid=b7ae1d0bdd6f009f&ucfs=1&from=searchresultshttps://www.booking.com;highlight_room=#hotelTmpl,booking_kaggle,2020,2020-04-24,2026-09-13T06:37:49.339055+00:00,False
hotels_00115,6190518,امواج الدار,Al Fayşalīyah,,200,4,,,Apartment,,2,,True,26.365922,50.075361,https://www.booking.com/hotel/sa/mwj-ldr-ldmm1.en-gb.html?aid=304142&label=gen173nr-1DCAEoggI46AdIM1gEaMQBiAECmAEJuAEJyAER2AED6AEBiAIBqAIDuAKmm9z0BcACAQ&sid=42146239dcdf1e519ee673686891723f&all_sr_blocks=619051802_241565072_2_0_0&checkin=2020-04-24&checkout=2020-04-25&dest_id=186&dest_type=country&group_adults=2&group_children=0&hapos=116&highlighted_blocks=619051802_241565072_2_0_0&hpos=16&no_rooms=1&sr_order=class_and_price&sr_pri_blocks=619051802_241565072_2_0_0__20000&srepoch=1587182871&srpvid=b7ae1d0bdd6f009f&ucfs=1&from=searchresultshttps://www.booking.com;highlight_room=#hotelTmpl,booking_kaggle,2020,2020-04-24,2026-09-13T06:37:49.339055+00:00,False
hotels_00116,5313428,اجنحه ميثاق الفندقيه,Riyadh,Riyadh,200,4,6.7,107,Family Room,1 bed (1 single),2,True,True,24.7938159731357,46.7743432182465,https://www.booking.com/hotel/sa/jnhh-mythq-lfndqyh.en-gb.html?aid=304142&label=gen173nr-1DCAEoggI46AdIM1gEaMQBiAECmAEJuAEJyAER2AED6AEBiAIBqAIDuAKmm9z0BcACAQ&sid=42146239dcdf1e519ee673686891723f&all_sr_blocks=531342801_235839129_2_1_0&checkin=2020-04-24&checkout=2020-04-25&dest_id=186&dest_type=country&group_adults=2&group_children=0&hapos=117&highlighted_blocks=531342801_235839129_2_1_0&hpos=17&no_rooms=1&sr_order=class_and_price&sr_pri_blocks=531342801_235839129_2_1_0__20000&srepoch=1587182871&srpvid=b7ae1d0bdd6f009f&ucfs=1&from=searchresultshttps://www.booking.com;highlight_room=#hotelTmpl,booking_kaggle,2020,2020-04-24,2026-09-13T06:37:49.339055+00:00,False
hotels_00117,5922792,Hayat Al Riyadh Hotel,Riyadh,Riyadh,203,4,8.5,322,Deluxe Double or Twin Room,2 beds (2 singles),2,,True,24.6600974187461,46.7094564087372,https://www.booking.com/hotel/sa/fndq-hy-lryd.en-gb.html?aid=304142&label=gen173nr-1DCAEoggI46AdIM1gEaMQBiAECmAEJuAEJyAER2AED6AEBiAIBqAIDuAKmm9z0BcACAQ&sid=42146239dcdf1e519ee673686891723f&all_sr_blocks=592279202_242840836_0_2_0&checkin=2020-04-24&checkout=2020-04-25&dest_id=186&dest_type=country&group_adults=2&group_children=0&hapos=118&highlighted_blocks=592279202_242840836_0_2_0&hpos=18&no_rooms=1&sr_order=class_and_price&sr_pri_blocks=592279202_242840836_0_2_0__20250&srepoch=1587182871&srpvid=b7ae1d0bdd6f009f&ucfs=1&from=searchresultshttps://www.booking.com;highlight_room=#hotelTmpl,booking_kaggle,2020,2020-04-24,2026-09-13T06:37:49.339055+00:00,False
hotels_00118,2648474,Sumou Al Khobar Hotel,Al Khobar,Eastern Province,210,4,8.3,1,Standard King Room,1 bed (1 large double),2,True,True,26.2713402327613,50.215976536274,https://www.booking.com/hotel/sa/sumou-alkhobar.en-gb.html?aid=304142&label=gen173nr-1DCAEoggI46AdIM1gEaMQBiAECmAEJuAEJyAER2AED6AEBiAIBqAIDuAKmm9z0BcACAQ&sid=42146239dcdf1e519ee673686891723f&all_sr_blocks=264847410_203121827_2_1_0&checkin=2020-04-24&checkout=2020-04-25&dest_id=186&dest_type=country&group_adults=2&group_children=0&hapos=119&highlighted_blocks=264847410_203121827_2_1_0&hpos=19&no_rooms=1&sr_order=class_and_price&sr_pri_blocks=264847410_203121827_2_1_0__21000&srepoch=1587182871&srpvid=b7ae1d0bdd6f009f&ucfs=1&from=searchresultshttps://www.booking.com;highlight_room=#hotelTmpl,booking_kaggle,2020,2020-04-24,2026-09-13T06:37:49.339055+00:00,False
hotels_00119,5849745,( راندان ) Randan~,Riyadh,Riyadh,213,4,7.5,24,One-Bedroom Apartment,"2 beds (1 double, 1 sofa bed)",2,,True,24.6353737952456,46.5722681070404,https://www.booking.com/hotel/sa/rndn-randan.en-gb.html?aid=304142&label=gen173nr-1DCAEoggI46AdIM1gEaMQBiAECmAEJuAEJyAER2AED6AEBiAIBqAIDuAKmm9z0BcACAQ&sid=42146239dcdf1e519ee673686891723f&all_sr_blocks=584974502_228751079_2_0_0&checkin=2020-04-24&checkout=2020-04-25&dest_id=186&dest_type=country&group_adults=2&group_children=0&hapos=120&highlighted_blocks=584974502_228751079_2_0_0&hpos=20&no_rooms=1&sr_order=class_and_price&sr_pri_blocks=584974502_228751079_2_0_0__21250&srepoch=1587182871&srpvid=b7ae1d0bdd6f009f&ucfs=1&from=searchresultshttps://www.booking.com;highlight_room=#hotelTmpl,booking_kaggle,2020,2020-04-24,2026-09-13T06:37:49.339055+00:00,False
hotels_00120,6229395,نوفا مخرج 25 الدائرى الجنوبى,Riyadh,Riyadh,215,4,6.3,5,Deluxe Double Room,1 bed (1 double),2,,True,24.596519,46.646863,https://www.booking.com/hotel/sa/nova-riyadh.en-gb.html?aid=304142&label=gen173nr-1DCAEoggI46AdIM1gEaMQBiAECmAEJuAEJyAER2AED6AEBiAIBqAIDuAKmm9z0BcACAQ&sid=42146239dcdf1e519ee673686891723f&all_sr_blocks=622939501_242686295_2_0_0&checkin=2020-04-24&checkout=2020-04-25&dest_id=186&dest_type=country&group_adults=2&group_children=0&hapos=121&highlighted_blocks=622939501_242686295_2_0_0&hpos=21&no_rooms=1&sr_order=class_and_price&sr_pri_blocks=622939501_242686295_2_0_0__21500&srepoch=1587182871&srpvid=b7ae1d0bdd6f009f&ucfs=1&from=searchresultshttps://www.booking.com;highlight_room=#hotelTmpl,booking_kaggle,2020,2020-04-24,2026-09-13T06:37:49.339055+00:00,False
hotels_00121,2871982,Address Sharurah Hotel,Sharurah,Najran,219,4,8.3,91,Standard Double Room,2 beds (2 singles),2,,True,17.494336,47.100416,https://www.booking.com/hotel/sa/rens-inn-sharourah.en-gb.html?aid=304142&label=gen173nr-1DCAEoggI46AdIM1gEaMQBiAECmAEJuAEJyAER2AED6AEBiAIBqAIDuAKmm9z0BcACAQ&sid=42146239dcdf1e519ee673686891723f&all_sr_blocks=287198202_108305687_2_2_0&checkin=2020-04-24&checkout=2020-04-25&dest_id=186&dest_type=country&group_adults=2&group_children=0&hapos=122&highlighted_blocks=287198202_108305687_2_2_0&hpos=22&no_rooms=1&sr_order=class_and_price&sr_pri_blocks=287198202_108305687_2_2_0__21900&srepoch=1587182871&srpvid=b7ae1d0bdd6f009f&ucfs=1&from=searchresultshttps://www.booking.com;highlight_room=#hotelTmpl,booking_kaggle,2020,2020-04-24,2026-09-13T06:37:49.339055+00:00,False
hotels_00122,183809,Dammam Palace Hotel,Dammam,Eastern Province,220,4,8.1,1,Standard Twin Room,2 beds (2 singles),2,,True,26.4288274046326,50.1036603748799,https://www.booking.com/hotel/sa/dammam-palace.en-gb.html?aid=304142&label=gen173nr-1DCAEoggI46AdIM1gEaMQBiAECmAEJuAEJyAER2AED6AEBiAIBqAIDuAKmm9z0BcACAQ&sid=42146239dcdf1e519ee673686891723f&all_sr_blocks=18380910_181957317_0_2_0&checkin=2020-04-24&checkout=2020-04-25&dest_id=186&dest_type=country&group_adults=2&group_children=0&hapos=123&highlighted_blocks=18380910_181957317_0_2_0&hpos=23&no_rooms=1&sr_order=class_and_price&sr_pri_blocks=18380910_181957317_0_2_0__22000&srepoch=1587182871&srpvid=b7ae1d0bdd6f009f&ucfs=1&from=searchresultshttps://www.booking.com;highlight_room=#hotelTmpl,booking_kaggle,2020,2020-04-24,2026-09-13T06:37:49.339055+00:00,False
hotels_00123,6132723,السمحة للوحدات السكنية,Jeddah,Makkah,225,4,,,King Studio with Sofa Bed,"2 beds (1 extra-large double, 1 sofa bed)",2,,True,21.737821,39.201172,https://www.booking.com/hotel/sa/lsmh-llwhdt-lskny.en-gb.html?aid=304142&label=gen173nr-1DCAEoggI46AdIM1gEaMQBiAECmAEJuAEJyAER2AED6AEBiAIBqAIDuAKmm9z0BcACAQ&sid=42146239dcdf1e519ee673686891723f&all_sr_blocks=613272302_239896680_2_0_0&checkin=2020-04-24&checkout=2020-04-25&dest_id=186&dest_type=country&group_adults=2&group_children=0&hapos=124&highlighted_blocks=613272302_239896680_2_0_0&hpos=24&no_rooms=1&sr_order=class_and_price&sr_pri_blocks=613272302_239896680_2_0_0__22500&srepoch=1587182871&srpvid=b7ae1d0bdd6f009f&ucfs=1&from=searchresultshttps://www.booking.com;highlight_room=#hotelTmpl,booking_kaggle,2020,2020-04-24,2026-09-13T06:37:49.339055+00:00,False
hotels_00124,2013730,Best Western Plus Buraidah,Buraydah,Qassim,226,4,7.9,1,Grand Non-smoking 1 King Bed Room,,2,,,26.3629386791089,43.9301865175366,https://www.booking.com/hotel/sa/best-western-plus-buraidah.en-gb.html?aid=304142&label=gen173nr-1DCAEoggI46AdIM1gEaMQBiAECmAEJuAEJyAER2AED6AEBiAIBqAIDuAKmm9z0BcACAQ&sid=42146239dcdf1e519ee673686891723f&all_sr_blocks=201373024_123505245_2_2_0&checkin=2020-04-24&checkout=2020-04-25&dest_id=186&dest_type=country&group_adults=2&group_children=0&hapos=125&highlighted_blocks=201373024_123505245_2_2_0&hpos=25&no_rooms=1&sr_order=class_and_price&sr_pri_blocks=201373024_123505245_2_2_0__22644&srepoch=1587182871&srpvid=b7ae1d0bdd6f009f&ucfs=1&from=searchresultshttps://www.booking.com;highlight_room=#hotelTmpl,booking_kaggle,2020,2020-04-24,2026-09-13T06:37:49.339055+00:00,False
hotels_00125,2238301,Al Muhaidab Residence Al Ahsa,Al Ahsa,Eastern Province,229,4,8.1,1,Deluxe Double Room (2 Adults + 1 Child),1 bed (1 extra-large double),2,,True,25.3620676203119,49.5541567588225,https://www.booking.com/hotel/sa/garden-plaza-salmaniah.en-gb.html?aid=304142&label=gen173nr-1DCAEoggI46AdIM1gEaMQBiAECmAEJuAEJyAER2AED6AEBiAIBqAIDuAKmm9z0BcACAQ&sid=42146239dcdf1e519ee673686891723f&all_sr_blocks=223830107_204140614_2_2_0&checkin=2020-04-24&checkout=2020-04-25&dest_id=186&dest_type=country&group_adults=2&group_children=0&hapos=126&highlighted_blocks=223830107_204140614_2_2_0&hpos=1&no_rooms=1&sr_order=class_and_price&sr_pri_blocks=223830107_204140614_2_2_0__22900&srepoch=1587182880&srpvid=11841d0f99d3006e&ucfs=1&from=searchresultshttps://www.booking.com;highlight_room=#hotelTmpl,booking_kaggle,2020,2020-04-24,2026-09-13T06:37:49.339055+00:00,False
hotels_00126,3597731,Gulanar Hotel,Unayzah,Qassim,230,4,8.6,827,Standard Double Room,1 bed (1 large double),2,,True,26.0928055180451,43.9985034653321,https://www.booking.com/hotel/sa/fndq-jlnr.en-gb.html?aid=304142&label=gen173nr-1DCAEoggI46AdIM1gEaMQBiAECmAEJuAEJyAER2AED6AEBiAIBqAIDuAKmm9z0BcACAQ&sid=42146239dcdf1e519ee673686891723f&all_sr_blocks=359773114_235869339_2_0_0&checkin=2020-04-24&checkout=2020-04-25&dest_id=186&dest_type=country&group_adults=2&group_children=0&hapos=127&highlighted_blocks=359773114_235869339_2_0_0&hpos=2&no_rooms=1&sr_order=class_and_price&sr_pri_blocks=359773114_235869339_2_0_0__23000&srepoch=1587182880&srpvid=11841d0f99d3006e&ucfs=1&from=searchresultshttps://www.booking.com;highlight_room=#hotelTmpl,booking_kaggle,2020,2020-04-24,2026-09-13T06:37:49.339055+00:00,False
hotels_00127,458432,Intour Al Khafji Hotel,Al Khafji,Eastern Province,230,4,8.4,554,Standard Room,1 bed (1 large double),2,,True,28.461376930902,48.4861287474632,https://www.booking.com/hotel/sa/antour-al-khafji-for-furnished-aprtments.en-gb.html?aid=304142&label=gen173nr-1DCAEoggI46AdIM1gEaMQBiAECmAEJuAEJyAER2AED6AEBiAIBqAIDuAKmm9z0BcACAQ&sid=42146239dcdf1e519ee673686891723f&all_sr_blocks=45843205_219837798_0_42_0&checkin=2020-04-24&checkout=2020-04-25&dest_id=186&dest_type=country&group_adults=2&group_children=0&hapos=128&highlighted_blocks=45843205_219837798_0_42_0&hpos=3&no_rooms=1&sr_order=class_and_price&sr_pri_blocks=45843205_219837798_0_42_0__23000&srepoch=1587182880&srpvid=11841d0f99d3006e&ucfs=1&from=searchresultshttps://www.booking.com;highlight_room=#hotelTmpl,booking_kaggle,2020,2020-04-24,2026-09-13T06:37:49.339055+00:00,False
hotels_00128,5638019,Lahoya Hotel & Suites,Jeddah,Makkah,230,4,7.9,85,Standard Double Room,1 bed (1 double),2,,True,21.6050710128494,39.1164089205322,https://www.booking.com/hotel/sa/lahoya-aparthotel.en-gb.html?aid=304142&label=gen173nr-1DCAEoggI46AdIM1gEaMQBiAECmAEJuAEJyAER2AED6AEBiAIBqAIDuAKmm9z0BcACAQ&sid=42146239dcdf1e519ee673686891723f&all_sr_blocks=563801905_230112438_0_2_0&checkin=2020-04-24&checkout=2020-04-25&dest_id=186&dest_type=country&group_adults=2&group_children=0&hapos=129&highlighted_blocks=563801905_230112438_0_2_0&hpos=4&no_rooms=1&sr_order=class_and_price&sr_pri_blocks=563801905_230112438_0_2_0__23040&srepoch=1587182880&srpvid=11841d0f99d3006e&ucfs=1&from=searchresultshttps://www.booking.com;highlight_room=#hotelTmpl,booking_kaggle,2020,2020-04-24,2026-09-13T06:37:49.339055+00:00,False
hotels_00129,6269930,SEVEN PALACES HOTEL,Hafr Al Baten,Eastern Province,237,4,9.1,16,Budget Double Room,1 bed (1 large double),2,True,,28.428074020898,45.9747283326798,https://www.booking.com/hotel/sa/seven-palaces-hafer-al-baten.en-gb.html?aid=304142&label=gen173nr-1DCAEoggI46AdIM1gEaMQBiAECmAEJuAEJyAER2AED6AEBiAIBqAIDuAKmm9z0BcACAQ&sid=42146239dcdf1e519ee673686891723f&all_sr_blocks=626993004_254318565_2_1_0&checkin=2020-04-24&checkout=2020-04-25&dest_id=186&dest_type=country&group_adults=2&group_children=0&hapos=130&highlighted_blocks=626993004_254318565_2_1_0&hpos=5&no_rooms=1&sr_order=class_and_price&sr_pri_blocks=626993004_254318565_2_1_0__23699&srepoch=1587182880&srpvid=11841d0f99d3006e&ucfs=1&from=searchresultshttps://www.booking.com;highlight_room=#hotelTmpl,booking_kaggle,2020,2020-04-24,2026-09-13T06:37:49.339055+00:00,False
hotels_00130,1082562,Ofoq Al Raha Hotel Apartment,Taif,Makkah,239,4,8.6,842,One-Bedroom Apartment,1 bed (1 extra-large double),2,,True,21.3259689122384,40.4346777498722,https://www.booking.com/hotel/sa/fq-lrhh-llshqq-lfndqyh.en-gb.html?aid=304142&label=gen173nr-1DCAEoggI46AdIM1gEaMQBiAECmAEJuAEJyAER2AED6AEBiAIBqAIDuAKmm9z0BcACAQ&sid=42146239dcdf1e519ee673686891723f&all_sr_blocks=108256201_184422034_2_0_0&checkin=2020-04-24&checkout=2020-04-25&dest_id=186&dest_type=country&group_adults=2&group_children=0&hapos=131&highlighted_blocks=108256201_184422034_2_0_0&hpos=6&no_rooms=1&sr_order=class_and_price&sr_pri_blocks=108256201_184422034_2_0_0__23946&srepoch=1587182880&srpvid=11841d0f99d3006e&ucfs=1&from=searchresultshttps://www.booking.com;highlight_room=#hotelTmpl,booking_kaggle,2020,2020-04-24,2026-09-13T06:37:49.339055+00:00,False
hotels_00131,1306380,Oasis Najran Hotel,Najran,Najran,245,4,8.8,595,Twin Room,2 beds (2 singles),2,,True,17.557069588741,44.2341183744522,https://www.booking.com/hotel/sa/oasis-najran-apartments.en-gb.html?aid=304142&label=gen173nr-1DCAEoggI46AdIM1gEaMQBiAECmAEJuAEJyAER2AED6AEBiAIBqAIDuAKmm9z0BcACAQ&sid=42146239dcdf1e519ee673686891723f&all_sr_blocks=130638001_190380670_0_34_0&checkin=2020-04-24&checkout=2020-04-25&dest_id=186&dest_type=country&group_adults=2&group_children=0&hapos=132&highlighted_blocks=130638001_190380670_0_34_0&hpos=7&no_rooms=1&sr_order=class_and_price&sr_pri_blocks=130638001_190380670_0_34_0__24500&srepoch=1587182880&srpvid=11841d0f99d3006e&ucfs=1&from=searchresultshttps://www.booking.com;highlight_room=#hotelTmpl,booking_kaggle,2020,2020-04-24,2026-09-13T06:37:49.339055+00:00,False
hotels_00132,1348653,Novotel Suites Riyadh Dyar,Riyadh,Riyadh,248,4,7.1,1,Standard Queen Room,1 bed (1 large double),2,,,24.70737,46.676333,https://www.booking.com/hotel/sa/suite-novotel-riyadh-dyar.en-gb.html?aid=304142&label=gen173nr-1DCAEoggI46AdIM1gEaMQBiAECmAEJuAEJyAER2AED6AEBiAIBqAIDuAKmm9z0BcACAQ&sid=42146239dcdf1e519ee673686891723f&all_sr_blocks=134865301_94589967_2_42_0&checkin=2020-04-24&checkout=2020-04-25&dest_id=186&dest_type=country&group_adults=2&group_children=0&hapos=133&highlighted_blocks=134865301_94589967_2_42_0&hpos=8&no_rooms=1&sr_order=class_and_price&sr_pri_blocks=134865301_94589967_2_42_0__24750&srepoch=1587182880&srpvid=11841d0f99d3006e&ucfs=1&from=searchresultshttps://www.booking.com;highlight_room=#hotelTmpl,booking_kaggle,2020,2020-04-24,2026-09-13T06:37:49.339055+00:00,False
hotels_00133,1755842,Al Rashid Residence,Al Khobar,Eastern Province,250,4,8.5,1,Studio,1 bed (1 extra-large double),2,,True,26.2933380348301,50.1803272658844,https://www.booking.com/hotel/sa/lrshd-rzydns.en-gb.html?aid=304142&label=gen173nr-1DCAEoggI46AdIM1gEaMQBiAECmAEJuAEJyAER2AED6AEBiAIBqAIDuAKmm9z0BcACAQ&sid=42146239dcdf1e519ee673686891723f&all_sr_blocks=175584201_233219877_0_0_0&checkin=2020-04-24&checkout=2020-04-25&dest_id=186&dest_type=country&group_adults=2&group_children=0&hapos=134&highlighted_blocks=175584201_233219877_0_0_0&hpos=9&no_rooms=1&sr_order=class_and_price&sr_pri_blocks=175584201_233219877_0_0_0__25000&srepoch=1587182880&srpvid=11841d0f99d3006e&ucfs=1&from=searchresultshttps://www.booking.com;highlight_room=#hotelTmpl,booking_kaggle,2020,2020-04-24,2026-09-13T06:37:49.339055+00:00,False
hotels_00134,1307507,Il Villaggio Luxury Villas,Jeddah,Makkah,250,,8.4,362,Apartment in The Roof (2 Adults + 1 Child),1 bed (1 large double),2,,True,21.5514589993217,39.1284137964249,https://www.booking.com/hotel/sa/il-villaggio-apartments.en-gb.html?aid=304142&label=gen173nr-1DCAEoggI46AdIM1gEaMQBiAECmAEJuAEJyAER2AED6AEBiAIBqAIDuAKmm9z0BcACAQ&sid=42146239dcdf1e519ee673686891723f&all_sr_blocks=130750705_186817688_0_2_0&checkin=2020-04-24&checkout=2020-04-25&dest_id=186&dest_type=country&group_adults=2&group_children=0&hapos=135&highlighted_blocks=130750705_186817688_0_2_0&hpos=10&no_rooms=1&sr_order=class_and_price&sr_pri_blocks=130750705_186817688_0_2_0__25000&srepoch=1587182880&srpvid=11841d0f99d3006e&ucfs=1&from=searchresultshttps://www.booking.com;highlight_room=#hotelTmpl,booking_kaggle,2020,2020-04-24,2026-09-13T06:37:49.339055+00:00,False
hotels_00135,2941267,Velvet Hotel,Jeddah,Makkah,250,4,8.0,1,Deluxe Twin Room,2 beds (2 singles),2,,True,21.553008437118,39.1880061104507,https://www.booking.com/hotel/sa/velvet-jeddah-ksa.en-gb.html?aid=304142&label=gen173nr-1DCAEoggI46AdIM1gEaMQBiAECmAEJuAEJyAER2AED6AEBiAIBqAIDuAKmm9z0BcACAQ&sid=42146239dcdf1e519ee673686891723f&all_sr_blocks=294126701_109627876_2_42_0&checkin=2020-04-24&checkout=2020-04-25&dest_id=186&dest_type=country&group_adults=2&group_children=0&hapos=136&highlighted_blocks=294126701_109627876_2_42_0&hpos=11&no_rooms=1&sr_order=class_and_price&sr_pri_blocks=294126701_109627876_2_42_0__25000&srepoch=1587182880&srpvid=11841d0f99d3006e&ucfs=1&from=searchresultshttps://www.booking.com;highlight_room=#hotelTmpl,booking_kaggle,2020,2020-04-24,2026-09-13T06:37:49.339055+00:00,False
hotels_00136,2666420,Le Park Concord Hotel,Al Majmaah,Riyadh,250,4,8.2,183,Deluxe Room,1 bed (1 extra-large double),2,,True,25.89592376245,45.350938059069,https://www.booking.com/hotel/sa/le-park-concord-al-majmaah.en-gb.html?aid=304142&label=gen173nr-1DCAEoggI46AdIM1gEaMQBiAECmAEJuAEJyAER2AED6AEBiAIBqAIDuAKmm9z0BcACAQ&sid=42146239dcdf1e519ee673686891723f&all_sr_blocks=266642001_253522937_0_2_0&checkin=2020-04-24&checkout=2020-04-25&dest_id=186&dest_type=country&group_adults=2&group_children=0&hapos=137&highlighted_blocks=266642001_253522937_0_2_0&hpos=12&no_rooms=1&sr_order=class_and_price&sr_pri_blocks=266642001_253522937_0_2_0__25000&srepoch=1587182880&srpvid=11841d0f99d3006e&ucfs=1&from=searchresultshttps://www.booking.com;highlight_room=#hotelTmpl,booking_kaggle,2020,2020-04-24,2026-09-13T06:37:49.339055+00:00,False
hotels_00137,6206811,قصر الجادل,Ahad Rafidah,Asir,250,4,,,Maisonette,"6 beds (1 extra-large double, 3 sofa beds, 2 large doubles)",7,,True,18.165476,42.790639,https://www.booking.com/hotel/sa/qsr-ljdl.en-gb.html?aid=304142&label=gen173nr-1DCAEoggI46AdIM1gEaMQBiAECmAEJuAEJyAER2AED6AEBiAIBqAIDuAKmm9z0BcACAQ&sid=42146239dcdf1e519ee673686891723f&all_sr_blocks=620681101_242078696_7_0_0&checkin=2020-04-24&checkout=2020-04-25&dest_id=186&dest_type=country&group_adults=2&group_children=0&hapos=138&highlighted_blocks=620681101_242078696_7_0_0&hpos=13&no_rooms=1&sr_order=class_and_price&sr_pri_blocks=620681101_242078696_7_0_0__24999&srepoch=1587182880&srpvid=11841d0f99d3006e&ucfs=1&from=searchresultshttps://www.booking.com;highlight_room=#hotelTmpl,booking_kaggle,2020,2020-04-24,2026-09-13T06:37:49.339055+00:00,False
hotels_00138,5134024,فندق ذا دستركت نجران The District Hotel Najran,Najran,Najran,252,4,8.8,72,Deluxe Double Room (2 Adults + 1 Child),1 bed (1 extra-large double),2,,True,17.549082,44.205237,https://www.booking.com/hotel/sa/the-district-najran.en-gb.html?aid=304142&label=gen173nr-1DCAEoggI46AdIM1gEaMQBiAECmAEJuAEJyAER2AED6AEBiAIBqAIDuAKmm9z0BcACAQ&sid=42146239dcdf1e519ee673686891723f&all_sr_blocks=513402403_232309265_0_42_0&checkin=2020-04-24&checkout=2020-04-25&dest_id=186&dest_type=country&group_adults=2&group_children=0&hapos=139&highlighted_blocks=513402403_232309265_0_42_0&hpos=14&no_rooms=1&sr_order=class_and_price&sr_pri_blocks=513402403_232309265_0_42_0__25200&srepoch=1587182880&srpvid=11841d0f99d3006e&ucfs=1&from=searchresultshttps://www.booking.com;highlight_room=#hotelTmpl,booking_kaggle,2020,2020-04-24,2026-09-13T06:37:49.339055+00:00,False
hotels_00139,5356354,Tripper Inn,Dammam,Eastern Province,260,4,9.3,310,Deluxe King Suite,1 bed (1 extra-large double),2,,True,26.4852121969549,50.1282597989502,https://www.booking.com/hotel/sa/tripper-inn.en-gb.html?aid=304142&label=gen173nr-1DCAEoggI46AdIM1gEaMQBiAECmAEJuAEJyAER2AED6AEBiAIBqAIDuAKmm9z0BcACAQ&sid=42146239dcdf1e519ee673686891723f&all_sr_blocks=535635407_217203918_2_0_0&checkin=2020-04-24&checkout=2020-04-25&dest_id=186&dest_type=country&group_adults=2&group_children=0&hapos=140&highlighted_blocks=535635407_217203918_2_0_0&hpos=15&no_rooms=1&sr_order=class_and_price&sr_pri_blocks=535635407_217203918_2_0_0__26000&srepoch=1587182880&srpvid=11841d0f99d3006e&ucfs=1&from=searchresultshttps://www.booking.com;highlight_room=#hotelTmpl,booking_kaggle,2020,2020-04-24,2026-09-13T06:37:49.339055+00:00,False
hotels_00140,2177797,"Radisson Blu Residence, Dhahran",Al Khobar,Eastern Province,260,4,8.3,1,Standard Room,1 bed (1 large double),2,,True,26.303864,50.17431,https://www.booking.com/hotel/sa/radisson-blu-residence-dhahran.en-gb.html?aid=304142&label=gen173nr-1DCAEoggI46AdIM1gEaMQBiAECmAEJuAEJyAER2AED6AEBiAIBqAIDuAKmm9z0BcACAQ&sid=42146239dcdf1e519ee673686891723f&all_sr_blocks=217779701_255465574_2_2_0&checkin=2020-04-24&checkout=2020-04-25&dest_id=186&dest_type=country&group_adults=2&group_children=0&hapos=141&highlighted_blocks=217779701_255465574_2_2_0&hpos=16&no_rooms=1&sr_order=class_and_price&sr_pri_blocks=217779701_255465574_2_2_0__26010&srepoch=1587182880&srpvid=11841d0f99d3006e&ucfs=1&from=searchresultshttps://www.booking.com;highlight_room=#hotelTmpl,booking_kaggle,2020,2020-04-24,2026-09-13T06:37:49.339055+00:00,False
hotels_00141,191611,Executives Hotel - Olaya,Riyadh,Riyadh,261,4,8.3,2,Standard King Room,1 bed (1 extra-large double),2,,True,24.7086866901241,46.6780006885529,https://www.booking.com/hotel/sa/executives.en-gb.html?aid=304142&label=gen173nr-1DCAEoggI46AdIM1gEaMQBiAECmAEJuAEJyAER2AED6AEBiAIBqAIDuAKmm9z0BcACAQ&sid=42146239dcdf1e519ee673686891723f&all_sr_blocks=19161101_248125914_0_2_0&checkin=2020-04-24&checkout=2020-04-25&dest_id=186&dest_type=country&group_adults=2&group_children=0&hapos=142&highlighted_blocks=19161101_248125914_0_2_0&hpos=17&no_rooms=1&sr_order=class_and_price&sr_pri_blocks=19161101_248125914_0_2_0__26100&srepoch=1587182880&srpvid=11841d0f99d3006e&ucfs=1&from=searchresultshttps://www.booking.com;highlight_room=#hotelTmpl,booking_kaggle,2020,2020-04-24,2026-09-13T06:37:49.339055+00:00,False
hotels_00142,1041895,Grand Mayral Hotel,Al Khobar,Eastern Province,261,4,8.2,1,Studio,1 bed (1 extra-large double),2,,True,26.291087230768,50.1826500892639,https://www.booking.com/hotel/sa/grand-mayral.en-gb.html?aid=304142&label=gen173nr-1DCAEoggI46AdIM1gEaMQBiAECmAEJuAEJyAER2AED6AEBiAIBqAIDuAKmm9z0BcACAQ&sid=42146239dcdf1e519ee673686891723f&all_sr_blocks=104189510_186796537_0_0_0&checkin=2020-04-24&checkout=2020-04-25&dest_id=186&dest_type=country&group_adults=2&group_children=0&hapos=143&highlighted_blocks=104189510_186796537_0_0_0&hpos=18&no_rooms=1&sr_order=class_and_price&sr_pri_blocks=104189510_186796537_0_0_0__26130&srepoch=1587182880&srpvid=11841d0f99d3006e&ucfs=1&from=searchresultshttps://www.booking.com;highlight_room=#hotelTmpl,booking_kaggle,2020,2020-04-24,2026-09-13T06:37:49.339055+00:00,False
hotels_00143,4053752,Golden Night Hotel,Najran,Najran,263,4,9.2,486,Superior King Room,1 bed (1 extra-large double),2,True,,17.5536974596409,44.2419302586441,https://www.booking.com/hotel/sa/fndq-jwldn-nyt-golden-night.en-gb.html?aid=304142&label=gen173nr-1DCAEoggI46AdIM1gEaMQBiAECmAEJuAEJyAER2AED6AEBiAIBqAIDuAKmm9z0BcACAQ&sid=42146239dcdf1e519ee673686891723f&all_sr_blocks=405375202_253261969_2_1_0&checkin=2020-04-24&checkout=2020-04-25&dest_id=186&dest_type=country&group_adults=2&group_children=0&hapos=144&highlighted_blocks=405375202_253261969_2_1_0&hpos=19&no_rooms=1&sr_order=class_and_price&sr_pri_blocks=405375202_253261969_2_1_0__26250&srepoch=1587182880&srpvid=11841d0f99d3006e&ucfs=1&from=searchresultshttps://www.booking.com;highlight_room=;has_campaign_deals_breakaway20_customer_label=1#hotelTmpl,booking_kaggle,2020,2020-04-24,2026-09-13T06:37:49.339055+00:00,False
hotels_00144,1569887,One to One Grand Marbia,Al Khobar,Eastern Province,266,4,8.3,490,Deluxe Room,1 bed (1 large double),2,,True,26.2916745891804,50.2167785167694,https://www.booking.com/hotel/sa/grand-marbia.en-gb.html?aid=304142&label=gen173nr-1DCAEoggI46AdIM1gEaMQBiAECmAEJuAEJyAER2AED6AEBiAIBqAIDuAKmm9z0BcACAQ&sid=42146239dcdf1e519ee673686891723f&all_sr_blocks=156988701_203692003_2_2_0&checkin=2020-04-24&checkout=2020-04-25&dest_id=186&dest_type=country&group_adults=2&group_children=0&hapos=145&highlighted_blocks=156988701_203692003_2_2_0&hpos=20&no_rooms=1&sr_order=class_and_price&sr_pri_blocks=156988701_203692003_2_2_0__26600&srepoch=1587182880&srpvid=11841d0f99d3006e&ucfs=1&from=searchresultshttps://www.booking.com;highlight_room=#hotelTmpl,booking_kaggle,2020,2020-04-24,2026-09-13T06:37:49.339055+00:00,False
hotels_00145,2418386,Meda Furnished Apartments,Riyadh,Riyadh,270,,8.5,178,One-Bedroom Apartment,1 bed (1 large double),2,,,24.8295709978375,46.6893728147261,https://www.booking.com/hotel/sa/myd-llshqq-lmfrwsh.en-gb.html?aid=304142&label=gen173nr-1DCAEoggI46AdIM1gEaMQBiAECmAEJuAEJyAER2AED6AEBiAIBqAIDuAKmm9z0BcACAQ&sid=42146239dcdf1e519ee673686891723f&all_sr_blocks=241838605_219829124_2_0_0&checkin=2020-04-24&checkout=2020-04-25&dest_id=186&dest_type=country&group_adults=2&group_children=0&hapos=146&highlighted_blocks=241838605_219829124_2_0_0&hpos=21&no_rooms=1&sr_order=class_and_price&sr_pri_blocks=241838605_219829124_2_0_0__27000&srepoch=1587182880&srpvid=11841d0f99d3006e&ucfs=1&from=searchresultshttps://www.booking.com;highlight_room=#hotelTmpl,booking_kaggle,2020,2020-04-24,2026-09-13T06:37:49.339055+00:00,False
hotels_00146,1379362,Intour Al Sahafa Hotel,Riyadh,Riyadh,275,4,7.3,1,Economy Double Room,1 bed (1 large double),2,True,True,24.8168705330376,46.6453608870506,https://www.booking.com/hotel/sa/intour-al-sahafa.en-gb.html?aid=304142&label=gen173nr-1DCAEoggI46AdIM1gEaMQBiAECmAEJuAEJyAER2AED6AEBiAIBqAIDuAKmm9z0BcACAQ&sid=42146239dcdf1e519ee673686891723f&all_sr_blocks=137936201_200373979_0_1_0&checkin=2020-04-24&checkout=2020-04-25&dest_id=186&dest_type=country&group_adults=2&group_children=0&hapos=147&highlighted_blocks=137936201_200373979_0_1_0&hpos=22&no_rooms=1&sr_order=class_and_price&sr_pri_blocks=137936201_200373979_0_1_0__27500&srepoch=1587182880&srpvid=11841d0f99d3006e&ucfs=1&from=searchresultshttps://www.booking.com;highlight_room=#hotelTmpl,booking_kaggle,2020,2020-04-24,2026-09-13T06:37:49.339055+00:00,False
hotels_00147,2141840,Noon Hotel Suites,Al Khafji,Eastern Province,275,4,8.6,449,Standard Studio,1 bed (1 extra-large double),2,,True,28.4378859509389,48.4948030114174,https://www.booking.com/hotel/sa/noon-suites.en-gb.html?aid=304142&label=gen173nr-1DCAEoggI46AdIM1gEaMQBiAECmAEJuAEJyAER2AED6AEBiAIBqAIDuAKmm9z0BcACAQ&sid=42146239dcdf1e519ee673686891723f&all_sr_blocks=214184023_192392104_2_0_0&checkin=2020-04-24&checkout=2020-04-25&dest_id=186&dest_type=country&group_adults=2&group_children=0&hapos=148&highlighted_blocks=214184023_192392104_2_0_0&hpos=23&no_rooms=1&sr_order=class_and_price&sr_pri_blocks=214184023_192392104_2_0_0__27500&srepoch=1587182880&srpvid=11841d0f99d3006e&ucfs=1&from=searchresultshttps://www.booking.com;highlight_room=#hotelTmpl,booking_kaggle,2020,2020-04-24,2026-09-13T06:37:49.339055+00:00,False
hotels_00148,468838,Crown Tower Hotel,Jubail,Eastern Province,275,4,8.2,353,Double or Twin Bed with Sea View Room,1 bed (1 double),2,,True,26.9810771785942,49.6648576855659,https://www.booking.com/hotel/sa/crown-tower.en-gb.html?aid=304142&label=gen173nr-1DCAEoggI46AdIM1gEaMQBiAECmAEJuAEJyAER2AED6AEBiAIBqAIDuAKmm9z0BcACAQ&sid=42146239dcdf1e519ee673686891723f&all_sr_blocks=46883808_226115269_0_34_0&checkin=2020-04-24&checkout=2020-04-25&dest_id=186&dest_type=country&group_adults=2&group_children=0&hapos=149&highlighted_blocks=46883808_226115269_0_34_0&hpos=24&no_rooms=1&sr_order=class_and_price&sr_pri_blocks=46883808_226115269_0_34_0__27500&srepoch=1587182880&srpvid=11841d0f99d3006e&ucfs=1&from=searchresultshttps://www.booking.com;highlight_room=#hotelTmpl,booking_kaggle,2020,2020-04-24,2026-09-13T06:37:49.339055+00:00,False
hotels_00149,3938167,Centro Olaya by Rotana,Riyadh,Riyadh,280,4,8.3,1,Queen Room,1 bed (1 large double),2,,True,24.6930997471014,46.6841090729522,https://www.booking.com/hotel/sa/centro-olaya-by-rotana.en-gb.html?aid=304142&label=gen173nr-1DCAEoggI46AdIM1gEaMQBiAECmAEJuAEJyAER2AED6AEBiAIBqAIDuAKmm9z0BcACAQ&sid=42146239dcdf1e519ee673686891723f&all_sr_blocks=393816701_232286091_0_42_0&checkin=2020-04-24&checkout=2020-04-25&dest_id=186&dest_type=country&group_adults=2&group_children=0&hapos=150&highlighted_blocks=393816701_232286091_0_42_0&hpos=25&no_rooms=1&sr_order=class_and_price&sr_pri_blocks=393816701_232286091_0_42_0__28000&srepoch=1587182880&srpvid=11841d0f99d3006e&ucfs=1&from=searchresultshttps://www.booking.com;highlight_room=#hotelTmpl,booking_kaggle,2020,2020-04-24,2026-09-13T06:37:49.339055+00:00,False
hotels_00150,4478732,Pinetree Suites Hail,Hail,Hail,280,4,8.2,340,Standard Suite,2 beds (2 sofa beds),2,,True,27.5581317444792,41.6907301170884,https://www.booking.com/hotel/sa/pinetree-suite-hail.en-gb.html?aid=304142&label=gen173nr-1DCAEoggI46AdIM1gEaMQBiAECmAEJuAEJyAER2AED6AEBiAIBqAIDuAKmm9z0BcACAQ&sid=42146239dcdf1e519ee673686891723f&all_sr_blocks=447873202_134926879_2_2_0&checkin=2020-04-24&checkout=2020-04-25&dest_id=186&dest_type=country&group_adults=2&group_children=0&hapos=151&highlighted_blocks=447873202_134926879_2_2_0&hpos=1&no_rooms=1&sr_order=class_and_price&sr_pri_blocks=447873202_134926879_2_2_0__28000&srepoch=1587182888&srpvid=11841d14ac6a0008&ucfs=1&from=searchresultshttps://www.booking.com;highlight_room=#hotelTmpl,booking_kaggle,2020,2020-04-24,2026-09-13T06:37:49.339055+00:00,False
hotels_00151,577824,Zara Continental Hotel,Al Khobar,Eastern Province,280,4,8.2,1,Junior Suite,1 bed (1 double),2,,True,26.3054402880925,50.1746323076229,https://www.booking.com/hotel/sa/ossuo-r-o-o.en-gb.html?aid=304142&label=gen173nr-1DCAEoggI46AdIM1gEaMQBiAECmAEJuAEJyAER2AED6AEBiAIBqAIDuAKmm9z0BcACAQ&sid=42146239dcdf1e519ee673686891723f&all_sr_blocks=57782401_204137849_0_2_0&checkin=2020-04-24&checkout=2020-04-25&dest_id=186&dest_type=country&group_adults=2&group_children=0&hapos=152&highlighted_blocks=57782401_204137849_0_2_0&hpos=2&no_rooms=1&sr_order=class_and_price&sr_pri_blocks=57782401_204137849_0_2_0__28000&srepoch=1587182888&srpvid=11841d14ac6a0008&ucfs=1&from=searchresultshttps://www.booking.com;highlight_room=#hotelTmpl,booking_kaggle,2020,2020-04-24,2026-09-13T06:37:49.339055+00:00,False
hotels_00152,6022964,Seasons Park Hotel,Jeddah,Makkah,280,4,8.7,141,Queen Room,1 bed (1 extra-large double),2,True,True,21.6238633647002,39.2084162023773,https://www.booking.com/hotel/sa/syzwnz-brk-seasons-park.en-gb.html?aid=304142&label=gen173nr-1DCAEoggI46AdIM1gEaMQBiAECmAEJuAEJyAER2AED6AEBiAIBqAIDuAKmm9z0BcACAQ&sid=42146239dcdf1e519ee673686891723f&all_sr_blocks=602296403_249705544_0_1_0&checkin=2020-04-24&checkout=2020-04-25&dest_id=186&dest_type=country&group_adults=2&group_children=0&hapos=153&highlighted_blocks=602296403_249705544_0_1_0&hpos=3&no_rooms=1&sr_order=class_and_price&sr_pri_blocks=602296403_249705544_0_1_0__28000&srepoch=1587182888&srpvid=11841d14ac6a0008&ucfs=1&from=searchresultshttps://www.booking.com;highlight_room=#hotelTmpl,booking_kaggle,2020,2020-04-24,2026-09-13T06:37:49.339055+00:00,False
hotels_00153,246437,Crowne Plaza Riyadh Palace,Riyadh,Riyadh,285,4,7.8,744,Deluxe Twin Room - Non-Smoking,2 beds (2 singles),2,,True,24.6645976572096,46.7113137245178,https://www.booking.com/hotel/sa/riyadh-palace.en-gb.html?aid=304142&label=gen173nr-1DCAEoggI46AdIM1gEaMQBiAECmAEJuAEJyAER2AED6AEBiAIBqAIDuAKmm9z0BcACAQ&sid=42146239dcdf1e519ee673686891723f&all_sr_blocks=24643713_251335938_0_42_0&checkin=2020-04-24&checkout=2020-04-25&dest_id=186&dest_type=country&group_adults=2&group_children=0&hapos=154&highlighted_blocks=24643713_251335938_0_42_0&hpos=4&no_rooms=1&sr_order=class_and_price&sr_pri_blocks=24643713_251335938_0_42_0__28500&srepoch=1587182888&srpvid=11841d14ac6a0008&ucfs=1&from=searchresultshttps://www.booking.com;highlight_room=#hotelTmpl,booking_kaggle,2020,2020-04-24,2026-09-13T06:37:49.339055+00:00,False
hotels_00154,187743,Holiday Inn Riyadh Al Qasr,Riyadh,Riyadh,285,4,7.4,691,Standard Twin Room - Smoking,2 beds (2 singles),2,,True,24.6838962962862,46.6878926753998,https://www.booking.com/hotel/sa/holiday-inn-riyadh-al-qasr.en-gb.html?aid=304142&label=gen173nr-1DCAEoggI46AdIM1gEaMQBiAECmAEJuAEJyAER2AED6AEBiAIBqAIDuAKmm9z0BcACAQ&sid=42146239dcdf1e519ee673686891723f&all_sr_blocks=18774325_251341928_0_42_0&checkin=2020-04-24&checkout=2020-04-25&dest_id=186&dest_type=country&group_adults=2&group_children=0&hapos=155&highlighted_blocks=18774325_251341928_0_42_0&hpos=5&no_rooms=1&sr_order=class_and_price&sr_pri_blocks=18774325_251341928_0_42_0__28500&srepoch=1587182888&srpvid=11841d14ac6a0008&ucfs=1&from=searchresultshttps://www.booking.com;highlight_room=#hotelTmpl,booking_kaggle,2020,2020-04-24,2026-09-13T06:37:49.339055+00:00,False
hotels_00155,3042052,Park Inn by Radisson Jubail Industrial City,Jubail,Eastern Province,287,4,8.5,1,Standard Room,1 bed (1 extra-large double),2,,True,27.174946,49.527114,https://www.booking.com/hotel/sa/park-inn-by-radisson-jubail-industrial-city.en-gb.html?aid=304142&label=gen173nr-1DCAEoggI46AdIM1gEaMQBiAECmAEJuAEJyAER2AED6AEBiAIBqAIDuAKmm9z0BcACAQ&sid=42146239dcdf1e519ee673686891723f&all_sr_blocks=304205201_255463103_2_2_0&checkin=2020-04-24&checkout=2020-04-25&dest_id=186&dest_type=country&group_adults=2&group_children=0&hapos=156&highlighted_blocks=304205201_255463103_2_2_0&hpos=6&no_rooms=1&sr_order=class_and_price&sr_pri_blocks=304205201_255463103_2_2_0__28710&srepoch=1587182888&srpvid=11841d14ac6a0008&ucfs=1&from=searchresultshttps://www.booking.com;highlight_room=#hotelTmpl,booking_kaggle,2020,2020-04-24,2026-09-13T06:37:49.339055+00:00,False
hotels_00156,1080853,"Radisson Blu Hotel, Dhahran",Al Khobar,Eastern Province,287,4,7.9,1,Standard Room,1 bed (1 extra-large double),2,,True,26.3058414223658,50.1775338230705,https://www.booking.com/hotel/sa/radisson-blu-dhahran.en-gb.html?aid=304142&label=gen173nr-1DCAEoggI46AdIM1gEaMQBiAECmAEJuAEJyAER2AED6AEBiAIBqAIDuAKmm9z0BcACAQ&sid=42146239dcdf1e519ee673686891723f&all_sr_blocks=108085301_255464241_2_42_0&checkin=2020-04-24&checkout=2020-04-25&dest_id=186&dest_type=country&group_adults=2&group_children=0&hapos=157&highlighted_blocks=108085301_255464241_2_42_0&hpos=7&no_rooms=1&sr_order=class_and_price&sr_pri_blocks=108085301_255464241_2_42_0__28710&srepoch=1587182888&srpvid=11841d14ac6a0008&ucfs=1&from=searchresultshttps://www.booking.com;highlight_room=#hotelTmpl,booking_kaggle,2020,2020-04-24,2026-09-13T06:37:49.339055+00:00,False
hotels_00157,3280900,Centro Salama Jeddah by Rotana,Jeddah,Makkah,288,4,8.2,1,Queen Room,1 bed (1 large double),2,,,21.5853352223742,39.1635336957092,https://www.booking.com/hotel/sa/centro-salama-jeddah-by-rotana.en-gb.html?aid=304142&label=gen173nr-1DCAEoggI46AdIM1gEaMQBiAECmAEJuAEJyAER2AED6AEBiAIBqAIDuAKmm9z0BcACAQ&sid=42146239dcdf1e519ee673686891723f&all_sr_blocks=328090001_115244892_0_42_0&checkin=2020-04-24&checkout=2020-04-25&dest_id=186&dest_type=country&group_adults=2&group_children=0&hapos=158&highlighted_blocks=328090001_115244892_0_42_0&hpos=8&no_rooms=1&sr_order=class_and_price&sr_pri_blocks=328090001_115244892_0_42_0__28800&srepoch=1587182888&srpvid=11841d14ac6a0008&ucfs=1&from=searchresultshttps://www.booking.com;highlight_room=#hotelTmpl,booking_kaggle,2020,2020-04-24,2026-09-13T06:37:49.339055+00:00,False
hotels_00158,2908440,Bram Suites,Jeddah,Makkah,288,4,8.7,872,Studio,1 bed (1 extra-large double),2,,True,21.5858276922455,39.2064954364929,https://www.booking.com/hotel/sa/brm-ll-jnh-lfndqy.en-gb.html?aid=304142&label=gen173nr-1DCAEoggI46AdIM1gEaMQBiAECmAEJuAEJyAER2AED6AEBiAIBqAIDuAKmm9z0BcACAQ&sid=42146239dcdf1e519ee673686891723f&all_sr_blocks=290844001_170090254_0_2_0&checkin=2020-04-24&checkout=2020-04-25&dest_id=186&dest_type=country&group_adults=2&group_children=0&hapos=159&highlighted_blocks=290844001_170090254_0_2_0&hpos=9&no_rooms=1&sr_order=class_and_price&sr_pri_blocks=290844001_170090254_0_2_0__28800&srepoch=1587182888&srpvid=11841d14ac6a0008&ucfs=1&from=searchresultshttps://www.booking.com;highlight_room=#hotelTmpl,booking_kaggle,2020,2020-04-24,2026-09-13T06:37:49.339055+00:00,False
hotels_00159,2684480,Olian Hotel,Riyadh,Riyadh,289,4,7.9,1,Deluxe Double Room,2 beds (2 singles),2,,True,24.8053043492193,46.6570781104508,https://www.booking.com/hotel/sa/olian.en-gb.html?aid=304142&label=gen173nr-1DCAEoggI46AdIM1gEaMQBiAECmAEJuAEJyAER2AED6AEBiAIBqAIDuAKmm9z0BcACAQ&sid=42146239dcdf1e519ee673686891723f&all_sr_blocks=268448003_205676327_0_2_0&checkin=2020-04-24&checkout=2020-04-25&dest_id=186&dest_type=country&group_adults=2&group_children=0&hapos=160&highlighted_blocks=268448003_205676327_0_2_0&hpos=10&no_rooms=1&sr_order=class_and_price&sr_pri_blocks=268448003_205676327_0_2_0__28900&srepoch=1587182888&srpvid=11841d14ac6a0008&ucfs=1&from=searchresultshttps://www.booking.com;highlight_room=#hotelTmpl,booking_kaggle,2020,2020-04-24,2026-09-13T06:37:49.339055+00:00,False
hotels_00160,1867070,Lotus Hotel,Najran,Najran,290,4,9.0,137,Double Room,1 bed (1 large double),2,,True,17.5588119128656,44.2304017896965,https://www.booking.com/hotel/sa/lotus.en-gb.html?aid=304142&label=gen173nr-1DCAEoggI46AdIM1gEaMQBiAECmAEJuAEJyAER2AED6AEBiAIBqAIDuAKmm9z0BcACAQ&sid=42146239dcdf1e519ee673686891723f&all_sr_blocks=186707001_180865104_0_42_0&checkin=2020-04-24&checkout=2020-04-25&dest_id=186&dest_type=country&group_adults=2&group_children=0&hapos=161&highlighted_blocks=186707001_180865104_0_42_0&hpos=11&no_rooms=1&sr_order=class_and_price&sr_pri_blocks=186707001_180865104_0_42_0__29000&srepoch=1587182888&srpvid=11841d14ac6a0008&ucfs=1&from=searchresultshttps://www.booking.com;highlight_room=#hotelTmpl,booking_kaggle,2020,2020-04-24,2026-09-13T06:37:49.339055+00:00,False
hotels_00161,2008941,Aswar Boutique Hotel,Al Khobar,Eastern Province,297,4,8.5,1,Deluxe Room Twin,2 beds (2 singles),2,,True,26.3061015102682,50.1750889420509,https://www.booking.com/hotel/sa/aswar-al-zahran-suites.en-gb.html?aid=304142&label=gen173nr-1DCAEoggI46AdIM1gEaMQBiAECmAEJuAEJyAER2AED6AEBiAIBqAIDuAKmm9z0BcACAQ&sid=42146239dcdf1e519ee673686891723f&all_sr_blocks=200894103_246791259_0_2_0&checkin=2020-04-24&checkout=2020-04-25&dest_id=186&dest_type=country&group_adults=2&group_children=0&hapos=162&highlighted_blocks=200894103_246791259_0_2_0&hpos=12&no_rooms=1&sr_order=class_and_price&sr_pri_blocks=200894103_246791259_0_2_0__29700&srepoch=1587182888&srpvid=11841d14ac6a0008&ucfs=1&from=searchresultshttps://www.booking.com;highlight_room=;has_campaign_deals_breakaway20_customer_label=1#hotelTmpl,booking_kaggle,2020,2020-04-24,2026-09-13T06:37:49.339055+00:00,False
hotels_00162,290285,Al Hamra Palace By Warwick,Riyadh,Riyadh,297,4,7.6,842,Deluxe Room,1 bed (1 extra-large double),2,True,True,24.7303270353889,46.6691359877586,https://www.booking.com/hotel/sa/coral-al-hamra-riyadh.en-gb.html?aid=304142&label=gen173nr-1DCAEoggI46AdIM1gEaMQBiAECmAEJuAEJyAER2AED6AEBiAIBqAIDuAKmm9z0BcACAQ&sid=42146239dcdf1e519ee673686891723f&all_sr_blocks=29028501_203134763_2_41_0&checkin=2020-04-24&checkout=2020-04-25&dest_id=186&dest_type=country&group_adults=2&group_children=0&hapos=163&highlighted_blocks=29028501_203134763_2_41_0&hpos=13&no_rooms=1&sr_order=class_and_price&sr_pri_blocks=29028501_203134763_2_41_0__29700&srepoch=1587182888&srpvid=11841d14ac6a0008&ucfs=1&from=searchresultshttps://www.booking.com;highlight_room=#hotelTmpl,booking_kaggle,2020,2020-04-24,2026-09-13T06:37:49.339055+00:00,False
hotels_00163,340255,Le Meridien Medina,Madinah,Madinah,299,4,7.9,1,"Standard two single bed, Guest room",2 beds (2 doubles),2,,True,24.4889597393014,39.5638757944107,https://www.booking.com/hotel/sa/le-meridien-madina.en-gb.html?aid=304142&label=gen173nr-1DCAEoggI46AdIM1gEaMQBiAECmAEJuAEJyAER2AED6AEBiAIBqAIDuAKmm9z0BcACAQ&sid=42146239dcdf1e519ee673686891723f&all_sr_blocks=34025513_246430405_0_2_0&checkin=2020-04-24&checkout=2020-04-25&dest_id=186&dest_type=country&group_adults=2&group_children=0&hapos=164&highlighted_blocks=34025513_246430405_0_2_0&hpos=14&no_rooms=1&sr_order=class_and_price&sr_pri_blocks=34025513_246430405_0_2_0__29900&srepoch=1587182888&srpvid=11841d14ac6a0008&ucfs=1&from=searchresultshttps://www.booking.com;highlight_room=#hotelTmpl,booking_kaggle,2020,2020-04-24,2026-09-13T06:37:49.339055+00:00,False
hotels_00164,1481374,Grand Plaza Dhabab Hotel,Riyadh,Riyadh,299,4,7.8,878,Standard Queen Room,1 bed (1 large double),2,,True,24.6638447718504,46.7058527469635,https://www.booking.com/hotel/sa/grand-plaza-al-dhabab.en-gb.html?aid=304142&label=gen173nr-1DCAEoggI46AdIM1gEaMQBiAECmAEJuAEJyAER2AED6AEBiAIBqAIDuAKmm9z0BcACAQ&sid=42146239dcdf1e519ee673686891723f&all_sr_blocks=148137401_223399456_0_42_0&checkin=2020-04-24&checkout=2020-04-25&dest_id=186&dest_type=country&group_adults=2&group_children=0&hapos=165&highlighted_blocks=148137401_223399456_0_42_0&hpos=15&no_rooms=1&sr_order=class_and_price&sr_pri_blocks=148137401_223399456_0_42_0__29900&srepoch=1587182888&srpvid=11841d14ac6a0008&ucfs=1&from=searchresultshttps://www.booking.com;highlight_room=#hotelTmpl,booking_kaggle,2020,2020-04-24,2026-09-13T06:37:49.339055+00:00,False
hotels_00165,299890,Coral Jubail Hotel,Jubail,Eastern Province,299,4,7.4,516,Standard Double Room,1 bed (1 large double),2,,True,27.0226744861859,49.6417450904846,https://www.booking.com/hotel/sa/coral-beach-jubail.en-gb.html?aid=304142&label=gen173nr-1DCAEoggI46AdIM1gEaMQBiAECmAEJuAEJyAER2AED6AEBiAIBqAIDuAKmm9z0BcACAQ&sid=42146239dcdf1e519ee673686891723f&all_sr_blocks=29989002_228397092_0_0_0&checkin=2020-04-24&checkout=2020-04-25&dest_id=186&dest_type=country&group_adults=2&group_children=0&hapos=166&highlighted_blocks=29989002_228397092_0_0_0&hpos=16&no_rooms=1&sr_order=class_and_price&sr_pri_blocks=29989002_228397092_0_0_0__29900&srepoch=1587182888&srpvid=11841d14ac6a0008&ucfs=1&from=searchresultshttps://www.booking.com;highlight_room=#hotelTmpl,booking_kaggle,2020,2020-04-24,2026-09-13T06:37:49.339055+00:00,False
hotels_00166,5945564,Centro Corniche Al Khobar by Rotana,Al Khobar,Eastern Province,300,4,,,Twin Room,2 beds (2 singles),2,,True,26.291804,50.220506,https://www.booking.com/hotel/sa/centro-corniche-al-khobar-by-rotana.en-gb.html?aid=304142&label=gen173nr-1DCAEoggI46AdIM1gEaMQBiAECmAEJuAEJyAER2AED6AEBiAIBqAIDuAKmm9z0BcACAQ&sid=42146239dcdf1e519ee673686891723f&all_sr_blocks=594556402_233485865_0_42_0&checkin=2020-04-24&checkout=2020-04-25&dest_id=186&dest_type=country&group_adults=2&group_children=0&hapos=167&highlighted_blocks=594556402_233485865_0_42_0&hpos=17&no_rooms=1&sr_order=class_and_price&sr_pri_blocks=594556402_233485865_0_42_0__30000&srepoch=1587182888&srpvid=11841d14ac6a0008&ucfs=1&from=searchresultshttps://www.booking.com;highlight_room=#hotelTmpl,booking_kaggle,2020,2020-04-24,2026-09-13T06:37:49.339055+00:00,False
hotels_00167,5169791,دار التلال لللأجنحة الفندقية,Abha,Asir,300,4,8.6,39,Deluxe Junior Suite,1 bed (1 extra-large double),2,,,18.2015650829954,42.5023283045768,https://www.booking.com/hotel/sa/dr-ltll-lll-jnh-lfndqy.en-gb.html?aid=304142&label=gen173nr-1DCAEoggI46AdIM1gEaMQBiAECmAEJuAEJyAER2AED6AEBiAIBqAIDuAKmm9z0BcACAQ&sid=42146239dcdf1e519ee673686891723f&all_sr_blocks=516979101_204548316_2_0_0&checkin=2020-04-24&checkout=2020-04-25&dest_id=186&dest_type=country&group_adults=2&group_children=0&hapos=168&highlighted_blocks=516979101_204548316_2_0_0&hpos=18&no_rooms=1&sr_order=class_and_price&sr_pri_blocks=516979101_204548316_2_0_0__30000&srepoch=1587182888&srpvid=11841d14ac6a0008&ucfs=1&from=searchresultshttps://www.booking.com;highlight_room=#hotelTmpl,booking_kaggle,2020,2020-04-24,2026-09-13T06:37:49.339055+00:00,False
hotels_00168,2262514,Green Leaf Hotel,Jeddah,Makkah,300,4,7.3,1,Duplex Studio,1 bed (1 large double),2,,True,21.5991402115629,39.1657488048077,https://www.booking.com/hotel/sa/green-leaf.en-gb.html?aid=304142&label=gen173nr-1DCAEoggI46AdIM1gEaMQBiAECmAEJuAEJyAER2AED6AEBiAIBqAIDuAKmm9z0BcACAQ&sid=42146239dcdf1e519ee673686891723f&all_sr_blocks=226251421_188702802_0_2_0&checkin=2020-04-24&checkout=2020-04-25&dest_id=186&dest_type=country&group_adults=2&group_children=0&hapos=169&highlighted_blocks=226251421_188702802_0_2_0&hpos=19&no_rooms=1&sr_order=class_and_price&sr_pri_blocks=226251421_188702802_0_2_0__30000&srepoch=1587182888&srpvid=11841d14ac6a0008&ucfs=1&from=searchresultshttps://www.booking.com;highlight_room=#hotelTmpl,booking_kaggle,2020,2020-04-24,2026-09-13T06:37:49.339055+00:00,False
hotels_00169,5723245,Gold Inn Hotel,Riyadh,Riyadh,300,4,8.5,16,One-Bedroom Suite,1 bed (1 large double),3,,True,24.817263930114,46.7970694139863,https://www.booking.com/hotel/sa/goldinn-qwld-n-riyadh.en-gb.html?aid=304142&label=gen173nr-1DCAEoggI46AdIM1gEaMQBiAECmAEJuAEJyAER2AED6AEBiAIBqAIDuAKmm9z0BcACAQ&sid=42146239dcdf1e519ee673686891723f&all_sr_blocks=572324504_249200104_3_0_0&checkin=2020-04-24&checkout=2020-04-25&dest_id=186&dest_type=country&group_adults=2&group_children=0&hapos=170&highlighted_blocks=572324504_249200104_3_0_0&hpos=20&no_rooms=1&sr_order=class_and_price&sr_pri_blocks=572324504_249200104_3_0_0__30000&srepoch=1587182888&srpvid=11841d14ac6a0008&ucfs=1&from=searchresultshttps://www.booking.com;highlight_room=#hotelTmpl,booking_kaggle,2020,2020-04-24,2026-09-13T06:37:49.339055+00:00,False
hotels_00170,5856871,DAR AL MISFALAH 2,Makkah,Makkah,300,4,,,Executive Queen Room with Two Queen Beds,4 beds (4 singles),4,,True,21.386609,39.807772,https://www.booking.com/hotel/sa/dar-al-misfalah-2.en-gb.html?aid=304142&label=gen173nr-1DCAEoggI46AdIM1gEaMQBiAECmAEJuAEJyAER2AED6AEBiAIBqAIDuAKmm9z0BcACAQ&sid=42146239dcdf1e519ee673686891723f&all_sr_blocks=585687101_229246394_4_0_0&checkin=2020-04-24&checkout=2020-04-25&dest_id=186&dest_type=country&group_adults=2&group_children=0&hapos=171&highlighted_blocks=585687101_229246394_4_0_0&hpos=21&no_rooms=1&sr_order=class_and_price&sr_pri_blocks=585687101_229246394_4_0_0__30000&srepoch=1587182888&srpvid=11841d14ac6a0008&ucfs=1&from=searchresultshttps://www.booking.com;highlight_room=#hotelTmpl,booking_kaggle,2020,2020-04-24,2026-09-13T06:37:49.339055+00:00,False
hotels_00171,362719,DoubleTree by Hilton Dhahran,Al Khobar,Eastern Province,305,4,7.7,1,Queen Guest Room,1 bed (1 extra-large double),2,,True,26.3041394727295,50.1746302843094,https://www.booking.com/hotel/sa/coral-dhahran.en-gb.html?aid=304142&label=gen173nr-1DCAEoggI46AdIM1gEaMQBiAECmAEJuAEJyAER2AED6AEBiAIBqAIDuAKmm9z0BcACAQ&sid=42146239dcdf1e519ee673686891723f&all_sr_blocks=36271909_187954307_2_42_0&checkin=2020-04-24&checkout=2020-04-25&dest_id=186&dest_type=country&group_adults=2&group_children=0&hapos=172&highlighted_blocks=36271909_187954307_2_42_0&hpos=22&no_rooms=1&sr_order=class_and_price&sr_pri_blocks=36271909_187954307_2_42_0__30500&srepoch=1587182888&srpvid=11841d14ac6a0008&ucfs=1&from=searchresultshttps://www.booking.com;highlight_room=#hotelTmpl,booking_kaggle,2020,2020-04-24,2026-09-13T06:37:49.339055+00:00,False
hotels_00172,2277932,Crown Town Hotel,Jeddah,Makkah,305,4,8.4,868,Budget Double Room,1 bed (1 extra-large double),2,,True,21.502574021065,39.1659244894981,https://www.booking.com/hotel/sa/crown-town.en-gb.html?aid=304142&label=gen173nr-1DCAEoggI46AdIM1gEaMQBiAECmAEJuAEJyAER2AED6AEBiAIBqAIDuAKmm9z0BcACAQ&sid=42146239dcdf1e519ee673686891723f&all_sr_blocks=227793202_237154867_2_2_0&checkin=2020-04-24&checkout=2020-04-25&dest_id=186&dest_type=country&group_adults=2&group_children=0&hapos=173&highlighted_blocks=227793202_237154867_2_2_0&hpos=23&no_rooms=1&sr_order=class_and_price&sr_pri_blocks=227793202_237154867_2_2_0__30500&srepoch=1587182888&srpvid=11841d14ac6a0008&ucfs=1&from=searchresultshttps://www.booking.com;highlight_room=#hotelTmpl,booking_kaggle,2020,2020-04-24,2026-09-13T06:37:49.339055+00:00,False
hotels_00173,2228999,Holiday Khaleej Hotel,Riyadh,Riyadh,305,4,8.5,2,Standard King Room,1 bed (1 extra-large double),2,True,True,24.7983684162504,46.6972661577165,https://www.booking.com/hotel/sa/holiday-kheieej.en-gb.html?aid=304142&label=gen173nr-1DCAEoggI46AdIM1gEaMQBiAECmAEJuAEJyAER2AED6AEBiAIBqAIDuAKmm9z0BcACAQ&sid=42146239dcdf1e519ee673686891723f&all_sr_blocks=222899911_229327890_2_1_0&checkin=2020-04-24&checkout=2020-04-25&dest_id=186&dest_type=country&group_adults=2&group_children=0&hapos=174&highlighted_blocks=222899911_229327890_2_1_0&hpos=24&no_rooms=1&sr_order=class_and_price&sr_pri_blocks=222899911_229327890_2_1_0__30500&srepoch=1587182888&srpvid=11841d14ac6a0008&ucfs=1&from=searchresultshttps://www.booking.com;highlight_room=#hotelTmpl,booking_kaggle,2020,2020-04-24,2026-09-13T06:37:49.339055+00:00,False
hotels_00174,337063,Grand Plaza Takhasosi-Riyadh,Riyadh,Riyadh,309,4,7.8,1,Standard Double or Twin Room,1 bed (1 large double),2,,True,24.6797263078208,46.6777056455612,https://www.booking.com/hotel/sa/grand-plaza.en-gb.html?aid=304142&label=gen173nr-1DCAEoggI46AdIM1gEaMQBiAECmAEJuAEJyAER2AED6AEBiAIBqAIDuAKmm9z0BcACAQ&sid=42146239dcdf1e519ee673686891723f&all_sr_blocks=33706301_248712887_0_42_0&checkin=2020-04-24&checkout=2020-04-25&dest_id=186&dest_type=country&group_adults=2&group_children=0&hapos=175&highlighted_blocks=33706301_248712887_0_42_0&hpos=25&no_rooms=1&sr_order=class_and_price&sr_pri_blocks=33706301_248712887_0_42_0__30900&srepoch=1587182888&srpvid=11841d14ac6a0008&ucfs=1&from=searchresultshttps://www.booking.com;highlight_room=#hotelTmpl,booking_kaggle,2020,2020-04-24,2026-09-13T06:37:49.339055+00:00,False
hotels_00175,44397,Park Inn by Radisson Al Khobar,Al Khobar,Eastern Province,310,4,7.8,1,Standard Room,1 bed (1 large double),2,,True,26.3291818103943,50.2110600471497,https://www.booking.com/hotel/sa/park-inn-al-khobar.en-gb.html?aid=304142&label=gen173nr-1DCAEoggI46AdIM1gEaMQBiAECmAEJuAEJyAER2AED6AEBiAIBqAIDuAKmm9z0BcACAQ&sid=42146239dcdf1e519ee673686891723f&all_sr_blocks=4439701_209636966_2_42_0&checkin=2020-04-24&checkout=2020-04-25&dest_id=186&dest_type=country&group_adults=2&group_children=0&hapos=176&highlighted_blocks=4439701_209636966_2_42_0&hpos=1&no_rooms=1&sr_order=class_and_price&sr_pri_blocks=4439701_209636966_2_42_0__31000&srepoch=1587182897&srpvid=11841d189d740063&ucfs=1&from=searchresultshttps://www.booking.com;highlight_room=#hotelTmpl,booking_kaggle,2020,2020-04-24,2026-09-13T06:37:49.339055+00:00,False
hotels_00176,48066,Novotel Riyadh Al Anoud,Riyadh,Riyadh,315,4,7.7,1,Superior Queen Room,1 bed (1 large double),2,,,24.7068299574635,46.6752701997757,https://www.booking.com/hotel/sa/novotel-alanoud.en-gb.html?aid=304142&label=gen173nr-1DCAEoggI46AdIM1gEaMQBiAECmAEJuAEJyAER2AED6AEBiAIBqAIDuAKmm9z0BcACAQ&sid=42146239dcdf1e519ee673686891723f&all_sr_blocks=4806601_94270368_2_42_0&checkin=2020-04-24&checkout=2020-04-25&dest_id=186&dest_type=country&group_adults=2&group_children=0&hapos=177&highlighted_blocks=4806601_94270368_2_42_0&hpos=2&no_rooms=1&sr_order=class_and_price&sr_pri_blocks=4806601_94270368_2_42_0__31500&srepoch=1587182897&srpvid=11841d189d740063&ucfs=1&from=searchresultshttps://www.booking.com;highlight_room=#hotelTmpl,booking_kaggle,2020,2020-04-24,2026-09-13T06:37:49.339055+00:00,False
hotels_00177,3858408,IntercityHotel Riyadh Malaz,Riyadh,Riyadh,315,4,8.4,1,Superior Twin Room,2 beds (2 singles),2,,,24.672087,46.736375,https://www.booking.com/hotel/sa/intercityhotel-riyadh-malaz.en-gb.html?aid=304142&label=gen173nr-1DCAEoggI46AdIM1gEaMQBiAECmAEJuAEJyAER2AED6AEBiAIBqAIDuAKmm9z0BcACAQ&sid=42146239dcdf1e519ee673686891723f&all_sr_blocks=385840802_121471004_2_42_0&checkin=2020-04-24&checkout=2020-04-25&dest_id=186&dest_type=country&group_adults=2&group_children=0&hapos=178&highlighted_blocks=385840802_121471004_2_42_0&hpos=3&no_rooms=1&sr_order=class_and_price&sr_pri_blocks=385840802_121471004_2_42_0__31500&srepoch=1587182897&srpvid=11841d189d740063&ucfs=1&from=searchresultshttps://www.booking.com;highlight_room=#hotelTmpl,booking_kaggle,2020,2020-04-24,2026-09-13T06:37:49.339055+00:00,False
hotels_00178,4264314,Wyndham Garden Dammam,Dammam,Eastern Province,315,4,8.5,4,Superior Room - Smoking,1 bed (1 extra-large double),2,,True,26.427632,50.097594,https://www.booking.com/hotel/sa/wyndham-garden-dammam.en-gb.html?aid=304142&label=gen173nr-1DCAEoggI46AdIM1gEaMQBiAECmAEJuAEJyAER2AED6AEBiAIBqAIDuAKmm9z0BcACAQ&sid=42146239dcdf1e519ee673686891723f&all_sr_blocks=426431402_246025706_2_42_0&checkin=2020-04-24&checkout=2020-04-25&dest_id=186&dest_type=country&group_adults=2&group_children=0&hapos=179&highlighted_blocks=426431402_246025706_2_42_0&hpos=4&no_rooms=1&sr_order=class_and_price&sr_pri_blocks=426431402_246025706_2_42_0__31500&srepoch=1587182897&srpvid=11841d189d740063&ucfs=1&from=searchresultshttps://www.booking.com;highlight_room=#hotelTmpl,booking_kaggle,2020,2020-04-24,2026-09-13T06:37:49.339055+00:00,False
hotels_00179,342706,Gulf Terrace Hotel,Al Khobar,Eastern Province,323,4,6.9,734,Deluxe Double Room,1 bed (1 large double),2,,True,26.3045626601059,50.2234840393066,https://www.booking.com/hotel/sa/gulf-terrace.en-gb.html?aid=304142&label=gen173nr-1DCAEoggI46AdIM1gEaMQBiAECmAEJuAEJyAER2AED6AEBiAIBqAIDuAKmm9z0BcACAQ&sid=42146239dcdf1e519ee673686891723f&all_sr_blocks=34270607_122671973_0_2_0&checkin=2020-04-24&checkout=2020-04-25&dest_id=186&dest_type=country&group_adults=2&group_children=0&hapos=180&highlighted_blocks=34270607_122671973_0_2_0&hpos=5&no_rooms=1&sr_order=class_and_price&sr_pri_blocks=34270607_122671973_0_2_0__32300&srepoch=1587182897&srpvid=11841d189d740063&ucfs=1&from=searchresultshttps://www.booking.com;highlight_room=#hotelTmpl,booking_kaggle,2020,2020-04-24,2026-09-13T06:37:49.339055+00:00,False
hotels_00180,5071688,Accor Palace Hotel,Riyadh,Riyadh,325,4,7.9,52,Junior Suite,1 bed (1 extra-large double),2,,True,24.7886890580738,46.6511254454383,https://www.booking.com/hotel/sa/accor-palace.en-gb.html?aid=304142&label=gen173nr-1DCAEoggI46AdIM1gEaMQBiAECmAEJuAEJyAER2AED6AEBiAIBqAIDuAKmm9z0BcACAQ&sid=42146239dcdf1e519ee673686891723f&all_sr_blocks=507168801_174606968_2_2_0&checkin=2020-04-24&checkout=2020-04-25&dest_id=186&dest_type=country&group_adults=2&group_children=0&hapos=181&highlighted_blocks=507168801_174606968_2_2_0&hpos=6&no_rooms=1&sr_order=class_and_price&sr_pri_blocks=507168801_174606968_2_2_0__32500&srepoch=1587182897&srpvid=11841d189d740063&ucfs=1&from=searchresultshttps://www.booking.com;highlight_room=#hotelTmpl,booking_kaggle,2020,2020-04-24,2026-09-13T06:37:49.339055+00:00,False
hotels_00181,1643320,Grand Plaza Gulf Hotel,Riyadh,Riyadh,329,4,8.1,1,Standard Double Room,1 bed (1 extra-large double),2,,True,24.6847958963424,46.7185315489769,https://www.booking.com/hotel/sa/grand-plaza-gulf.en-gb.html?aid=304142&label=gen173nr-1DCAEoggI46AdIM1gEaMQBiAECmAEJuAEJyAER2AED6AEBiAIBqAIDuAKmm9z0BcACAQ&sid=42146239dcdf1e519ee673686891723f&all_sr_blocks=164332001_248710632_0_2_0&checkin=2020-04-24&checkout=2020-04-25&dest_id=186&dest_type=country&group_adults=2&group_children=0&hapos=182&highlighted_blocks=164332001_248710632_0_2_0&hpos=7&no_rooms=1&sr_order=class_and_price&sr_pri_blocks=164332001_248710632_0_2_0__32900&srepoch=1587182897&srpvid=11841d189d740063&ucfs=1&from=searchresultshttps://www.booking.com;highlight_room=#hotelTmpl,booking_kaggle,2020,2020-04-24,2026-09-13T06:37:49.339055+00:00,False
hotels_00182,73111,Ramada by Wyndham Continental Jeddah,Jeddah,Makkah,333,4,8.1,371,1 King Bed Superior Room,1 bed (1 large double),2,,,21.5295450811474,39.1810736060143,https://www.booking.com/hotel/sa/ramada-continental-jeddah.en-gb.html?aid=304142&label=gen173nr-1DCAEoggI46AdIM1gEaMQBiAECmAEJuAEJyAER2AED6AEBiAIBqAIDuAKmm9z0BcACAQ&sid=42146239dcdf1e519ee673686891723f&all_sr_blocks=7311122_119937268_2_42_0&checkin=2020-04-24&checkout=2020-04-25&dest_id=186&dest_type=country&group_adults=2&group_children=0&hapos=183&highlighted_blocks=7311122_119937268_2_42_0&hpos=8&no_rooms=1&sr_order=class_and_price&sr_pri_blocks=7311122_119937268_2_42_0__33250&srepoch=1587182897&srpvid=11841d189d740063&ucfs=1&from=searchresultshttps://www.booking.com;highlight_room=#hotelTmpl,booking_kaggle,2020,2020-04-24,2026-09-13T06:37:49.339055+00:00,False
hotels_00183,298518,Boudl Al Tahlia,Jeddah,Makkah,335,4,8.6,1,Standard Room,1 bed (1 large double),2,True,True,21.5583191932196,39.1805195251312,https://www.booking.com/hotel/sa/boudl-jeddah.en-gb.html?aid=304142&label=gen173nr-1DCAEoggI46AdIM1gEaMQBiAECmAEJuAEJyAER2AED6AEBiAIBqAIDuAKmm9z0BcACAQ&sid=42146239dcdf1e519ee673686891723f&all_sr_blocks=29851806_190244609_0_1_0&checkin=2020-04-24&checkout=2020-04-25&dest_id=186&dest_type=country&group_adults=2&group_children=0&hapos=184&highlighted_blocks=29851806_190244609_0_1_0&hpos=9&no_rooms=1&sr_order=class_and_price&sr_pri_blocks=29851806_190244609_0_1_0__33500&srepoch=1587182897&srpvid=11841d189d740063&ucfs=1&from=searchresultshttps://www.booking.com;highlight_room=#hotelTmpl,booking_kaggle,2020,2020-04-24,2026-09-13T06:37:49.339055+00:00,False
hotels_00184,2008984,Shatha Alrabi3 Hotel,Riyadh,Riyadh,335,4,8.0,1,King Room,1 bed (1 large double),2,,True,24.7824915957911,46.6494775749742,https://www.booking.com/hotel/sa/shada-riyadh.en-gb.html?aid=304142&label=gen173nr-1DCAEoggI46AdIM1gEaMQBiAECmAEJuAEJyAER2AED6AEBiAIBqAIDuAKmm9z0BcACAQ&sid=42146239dcdf1e519ee673686891723f&all_sr_blocks=200898404_203160181_2_2_0&checkin=2020-04-24&checkout=2020-04-25&dest_id=186&dest_type=country&group_adults=2&group_children=0&hapos=185&highlighted_blocks=200898404_203160181_2_2_0&hpos=10&no_rooms=1&sr_order=class_and_price&sr_pri_blocks=200898404_203160181_2_2_0__33502&srepoch=1587182897&srpvid=11841d189d740063&ucfs=1&from=searchresultshttps://www.booking.com;highlight_room=#hotelTmpl,booking_kaggle,2020,2020-04-24,2026-09-13T06:37:49.339055+00:00,False
hotels_00185,4570425,Hilton Garden Inn Al Jubail,Jubail,Eastern Province,336,4,8.5,399,King Guest Room with Mobility Accessible,1 bed (1 extra-large double),2,,True,27.0104882223,49.6653636527,https://www.booking.com/hotel/sa/hilton-garden-inn-al-jubail.en-gb.html?aid=304142&label=gen173nr-1DCAEoggI46AdIM1gEaMQBiAECmAEJuAEJyAER2AED6AEBiAIBqAIDuAKmm9z0BcACAQ&sid=42146239dcdf1e519ee673686891723f&all_sr_blocks=457042505_139471613_2_0_0&checkin=2020-04-24&checkout=2020-04-25&dest_id=186&dest_type=country&group_adults=2&group_children=0&hapos=186&highlighted_blocks=457042505_139471613_2_0_0&hpos=11&no_rooms=1&sr_order=class_and_price&sr_pri_blocks=457042505_139471613_2_0_0__33600&srepoch=1587182897&srpvid=11841d189d740063&ucfs=1&from=searchresultshttps://www.booking.com;highlight_room=#hotelTmpl,booking_kaggle,2020,2020-04-24,2026-09-13T06:37:49.339055+00:00,False
hotels_00186,246505,Golden Tulip Dana Bay Resort,Half Moon Bay,,340,4,6.2,1,Mahar Chalet one bedroom with Balcony,"2 beds (1 extra-large double, 1 sofa bed)",2,,,26.0836900630141,50.0090146064758,https://www.booking.com/hotel/sa/alkhaleej-village.en-gb.html?aid=304142&label=gen173nr-1DCAEoggI46AdIM1gEaMQBiAECmAEJuAEJyAER2AED6AEBiAIBqAIDuAKmm9z0BcACAQ&sid=42146239dcdf1e519ee673686891723f&all_sr_blocks=24650506_88786202_0_0_0&checkin=2020-04-24&checkout=2020-04-25&dest_id=186&dest_type=country&group_adults=2&group_children=0&hapos=187&highlighted_blocks=24650506_88786202_0_0_0&hpos=12&no_rooms=1&sr_order=class_and_price&sr_pri_blocks=24650506_88786202_0_0_0__34000&srepoch=1587182897&srpvid=11841d189d740063&ucfs=1&from=searchresultshttps://www.booking.com;highlight_room=#hotelTmpl,booking_kaggle,2020,2020-04-24,2026-09-13T06:37:49.339055+00:00,False
hotels_00187,188090,Al Waha Palace Hotel,Riyadh,Riyadh,340,4,8.0,1,Standard Twin Room,2 beds (2 singles),2,,True,24.6809449044961,46.6894832253456,https://www.booking.com/hotel/sa/al-waha-palace.en-gb.html?aid=304142&label=gen173nr-1DCAEoggI46AdIM1gEaMQBiAECmAEJuAEJyAER2AED6AEBiAIBqAIDuAKmm9z0BcACAQ&sid=42146239dcdf1e519ee673686891723f&all_sr_blocks=18809011_204023243_0_42_0&checkin=2020-04-24&checkout=2020-04-25&dest_id=186&dest_type=country&group_adults=2&group_children=0&hapos=188&highlighted_blocks=18809011_204023243_0_42_0&hpos=13&no_rooms=1&sr_order=class_and_price&sr_pri_blocks=18809011_204023243_0_42_0__34000&srepoch=1587182897&srpvid=11841d189d740063&ucfs=1&from=searchresultshttps://www.booking.com;highlight_room=#hotelTmpl,booking_kaggle,2020,2020-04-24,2026-09-13T06:37:49.339055+00:00,False
hotels_00188,2652073,Saif Boutique Hotel International,Al Rass,Qassim,343,4,7.5,315,Classic Twin Room,2 beds (2 singles),2,True,True,25.863874844673,43.4775567766076,https://www.booking.com/hotel/sa/swiss-international-boutique-saif-al-rass.en-gb.html?aid=304142&label=gen173nr-1DCAEoggI46AdIM1gEaMQBiAECmAEJuAEJyAER2AED6AEBiAIBqAIDuAKmm9z0BcACAQ&sid=42146239dcdf1e519ee673686891723f&all_sr_blocks=265207301_195446012_2_41_0&checkin=2020-04-24&checkout=2020-04-25&dest_id=186&dest_type=country&group_adults=2&group_children=0&hapos=189&highlighted_blocks=265207301_195446012_2_41_0&hpos=14&no_rooms=1&sr_order=class_and_price&sr_pri_blocks=265207301_195446012_2_41_0__34286&srepoch=1587182897&srpvid=11841d189d740063&ucfs=1&from=searchresultshttps://www.booking.com;highlight_room=#hotelTmpl,booking_kaggle,2020,2020-04-24,2026-09-13T06:37:49.339055+00:00,False
hotels_00189,4509362,AWJ JAZAN HOTEL SUITES,Jazan,Jazan,344,4,8.9,313,Standard Studio,1 bed (1 double),2,True,True,16.929946,42.605013,https://www.booking.com/hotel/sa/awj-jazan-suites-jzn.en-gb.html?aid=304142&label=gen173nr-1DCAEoggI46AdIM1gEaMQBiAECmAEJuAEJyAER2AED6AEBiAIBqAIDuAKmm9z0BcACAQ&sid=42146239dcdf1e519ee673686891723f&all_sr_blocks=450936203_195245667_0_1_0&checkin=2020-04-24&checkout=2020-04-25&dest_id=186&dest_type=country&group_adults=2&group_children=0&hapos=190&highlighted_blocks=450936203_195245667_0_1_0&hpos=15&no_rooms=1&sr_order=class_and_price&sr_pri_blocks=450936203_195245667_0_1_0__34400&srepoch=1587182897&srpvid=11841d189d740063&ucfs=1&from=searchresultshttps://www.booking.com;highlight_room=#hotelTmpl,booking_kaggle,2020,2020-04-24,2026-09-13T06:37:49.339055+00:00,False
hotels_00190,1694023,Spectrums Hotel Riyadh,Riyadh,Riyadh,349,4,7.7,135,Deluxe King Room,1 bed (1 extra-large double),2,True,True,24.7005288605839,46.6783783771098,https://www.booking.com/hotel/sa/copthorne-riyadh.en-gb.html?aid=304142&label=gen173nr-1DCAEoggI46AdIM1gEaMQBiAECmAEJuAEJyAER2AED6AEBiAIBqAIDuAKmm9z0BcACAQ&sid=42146239dcdf1e519ee673686891723f&all_sr_blocks=169402306_246817357_2_33_0&checkin=2020-04-24&checkout=2020-04-25&dest_id=186&dest_type=country&group_adults=2&group_children=0&hapos=191&highlighted_blocks=169402306_246817357_2_33_0&hpos=16&no_rooms=1&sr_order=class_and_price&sr_pri_blocks=169402306_246817357_2_33_0__34900&srepoch=1587182897&srpvid=11841d189d740063&ucfs=1&from=searchresultshttps://www.booking.com;highlight_room=#hotelTmpl,booking_kaggle,2020,2020-04-24,2026-09-13T06:37:49.339055+00:00,False
hotels_00191,255084,Ramada by Wyndham Al Hada,Al Hada,Makkah,349,4,6.9,2,"1 King Bed, One-Bedroom, City View",1 bed (1 large double),2,True,True,21.3646026305126,40.2675265073776,https://www.booking.com/hotel/sa/ramada-al-hada-and-suites.en-gb.html?aid=304142&label=gen173nr-1DCAEoggI46AdIM1gEaMQBiAECmAEJuAEJyAER2AED6AEBiAIBqAIDuAKmm9z0BcACAQ&sid=42146239dcdf1e519ee673686891723f&all_sr_blocks=25508411_119472500_2_41_0&checkin=2020-04-24&checkout=2020-04-25&dest_id=186&dest_type=country&group_adults=2&group_children=0&hapos=192&highlighted_blocks=25508411_119472500_2_41_0&hpos=17&no_rooms=1&sr_order=class_and_price&sr_pri_blocks=25508411_119472500_2_41_0__34900&srepoch=1587182897&srpvid=11841d189d740063&ucfs=1&from=searchresultshttps://www.booking.com;highlight_room=#hotelTmpl,booking_kaggle,2020,2020-04-24,2026-09-13T06:37:49.339055+00:00,False
hotels_00192,4570094,Adagio Aparthotel Jeddah Malik Road,Jeddah,Makkah,350,4,8.6,403,Studio,1 bed (1 double),2,,True,21.6029906707738,39.1216780129653,https://www.booking.com/hotel/sa/adagio-aparthotel-jeddah-malik-road.en-gb.html?aid=304142&label=gen173nr-1DCAEoggI46AdIM1gEaMQBiAECmAEJuAEJyAER2AED6AEBiAIBqAIDuAKmm9z0BcACAQ&sid=42146239dcdf1e519ee673686891723f&all_sr_blocks=457009403_246115708_2_2_0&checkin=2020-04-24&checkout=2020-04-25&dest_id=186&dest_type=country&group_adults=2&group_children=0&hapos=193&highlighted_blocks=457009403_246115708_2_2_0&hpos=18&no_rooms=1&sr_order=class_and_price&sr_pri_blocks=457009403_246115708_2_2_0__34952&srepoch=1587182897&srpvid=11841d189d740063&ucfs=1&from=searchresultshttps://www.booking.com;highlight_room=#hotelTmpl,booking_kaggle,2020,2020-04-24,2026-09-13T06:37:49.339055+00:00,False
hotels_00193,3953568,عنوان الحمراء,Jeddah,Makkah,350,4,8.4,1,Standard Twin Room,2 beds (2 singles),2,True,True,21.5171670673425,39.1627141964341,https://www.booking.com/hotel/sa/address-al-hamra.en-gb.html?aid=304142&label=gen173nr-1DCAEoggI46AdIM1gEaMQBiAECmAEJuAEJyAER2AED6AEBiAIBqAIDuAKmm9z0BcACAQ&sid=42146239dcdf1e519ee673686891723f&all_sr_blocks=395356802_207885211_2_1_0&checkin=2020-04-24&checkout=2020-04-25&dest_id=186&dest_type=country&group_adults=2&group_children=0&hapos=194&highlighted_blocks=395356802_207885211_2_1_0&hpos=19&no_rooms=1&sr_order=class_and_price&sr_pri_blocks=395356802_207885211_2_1_0__35000&srepoch=1587182897&srpvid=11841d189d740063&ucfs=1&from=searchresultshttps://www.booking.com;highlight_room=#hotelTmpl,booking_kaggle,2020,2020-04-24,2026-09-13T06:37:49.339055+00:00,False
hotels_00194,5611204,فندق جولدن دريم,Khamis Mushait,Asir,350,4,8.9,46,Standard Double Room,1 bed (1 extra-large double),2,True,True,18.2545568441776,42.7867331235009,https://www.booking.com/hotel/sa/golden-dream.en-gb.html?aid=304142&label=gen173nr-1DCAEoggI46AdIM1gEaMQBiAECmAEJuAEJyAER2AED6AEBiAIBqAIDuAKmm9z0BcACAQ&sid=42146239dcdf1e519ee673686891723f&all_sr_blocks=561120401_210757625_2_1_0&checkin=2020-04-24&checkout=2020-04-25&dest_id=186&dest_type=country&group_adults=2&group_children=0&hapos=195&highlighted_blocks=561120401_210757625_2_1_0&hpos=20&no_rooms=1&sr_order=class_and_price&sr_pri_blocks=561120401_210757625_2_1_0__35000&srepoch=1587182897&srpvid=11841d189d740063&ucfs=1&from=searchresultshttps://www.booking.com;highlight_room=#hotelTmpl,booking_kaggle,2020,2020-04-24,2026-09-13T06:37:49.339055+00:00,False
hotels_00195,3630718,Classical Hotel Suites,Jeddah,Makkah,350,4,8.9,597,Deluxe Suite,"2 beds (1 extra-large double, 1 sofa bed)",3,,True,21.5969663292628,39.1411360343933,https://www.booking.com/hotel/sa/klsykl-ll-jnh-lfndqy.en-gb.html?aid=304142&label=gen173nr-1DCAEoggI46AdIM1gEaMQBiAECmAEJuAEJyAER2AED6AEBiAIBqAIDuAKmm9z0BcACAQ&sid=42146239dcdf1e519ee673686891723f&all_sr_blocks=363071801_198516437_3_0_0&checkin=2020-04-24&checkout=2020-04-25&dest_id=186&dest_type=country&group_adults=2&group_children=0&hapos=196&highlighted_blocks=363071801_198516437_3_0_0&hpos=21&no_rooms=1&sr_order=class_and_price&sr_pri_blocks=363071801_198516437_3_0_0__35000&srepoch=1587182897&srpvid=11841d189d740063&ucfs=1&from=searchresultshttps://www.booking.com;highlight_room=#hotelTmpl,booking_kaggle,2020,2020-04-24,2026-09-13T06:37:49.339055+00:00,False
hotels_00196,4460534,شاليه توليب,Hafr Al Baten,Eastern Province,350,,9.2,47,Apartment with Garden View,"9 beds (4 singles, 1 extra-large double, 4 sofa beds)",10,,True,28.436939564114,46.018043142088,https://www.booking.com/hotel/sa/shlyh-twlyb.en-gb.html?aid=304142&label=gen173nr-1DCAEoggI46AdIM1gEaMQBiAECmAEJuAEJyAER2AED6AEBiAIBqAIDuAKmm9z0BcACAQ&sid=42146239dcdf1e519ee673686891723f&all_sr_blocks=446053401_135362766_10_0_0&checkin=2020-04-24&checkout=2020-04-25&dest_id=186&dest_type=country&group_adults=2&group_children=0&hapos=197&highlighted_blocks=446053401_135362766_10_0_0&hpos=22&no_rooms=1&sr_order=class_and_price&sr_pri_blocks=446053401_135362766_10_0_0__35000&srepoch=1587182897&srpvid=11841d189d740063&ucfs=1&from=searchresultshttps://www.booking.com;highlight_room=#hotelTmpl,booking_kaggle,2020,2020-04-24,2026-09-13T06:37:49.339055+00:00,False
hotels_00197,5726132,Al Malqa Elite Hotel,Riyadh,Riyadh,350,4,,,Deluxe Twin Room,2 beds (2 singles),2,,True,24.8060376812863,46.6258769551087,https://www.booking.com/hotel/sa/fndq-nkhb-lmlq-lryd.en-gb.html?aid=304142&label=gen173nr-1DCAEoggI46AdIM1gEaMQBiAECmAEJuAEJyAER2AED6AEBiAIBqAIDuAKmm9z0BcACAQ&sid=42146239dcdf1e519ee673686891723f&all_sr_blocks=572613204_232080376_2_40_0&checkin=2020-04-24&checkout=2020-04-25&dest_id=186&dest_type=country&group_adults=2&group_children=0&hapos=198&highlighted_blocks=572613204_232080376_2_40_0&hpos=23&no_rooms=1&sr_order=class_and_price&sr_pri_blocks=572613204_232080376_2_40_0__35000&srepoch=1587182897&srpvid=11841d189d740063&ucfs=1&from=searchresultshttps://www.booking.com;highlight_room=#hotelTmpl,booking_kaggle,2020,2020-04-24,2026-09-13T06:37:49.339055+00:00,False
hotels_00198,316357,Novotel Dammam Business Park,Dammam,Eastern Province,360,4,8.0,1,Standard Double Room,1 bed (1 large double),2,,,26.4071975953217,50.1382970809937,https://www.booking.com/hotel/sa/novotel-dammam-business-park.en-gb.html?aid=304142&label=gen173nr-1DCAEoggI46AdIM1gEaMQBiAECmAEJuAEJyAER2AED6AEBiAIBqAIDuAKmm9z0BcACAQ&sid=42146239dcdf1e519ee673686891723f&all_sr_blocks=31635701_94405817_2_42_0&checkin=2020-04-24&checkout=2020-04-25&dest_id=186&dest_type=country&group_adults=2&group_children=0&hapos=199&highlighted_blocks=31635701_94405817_2_42_0&hpos=24&no_rooms=1&sr_order=class_and_price&sr_pri_blocks=31635701_94405817_2_42_0__36000&srepoch=1587182897&srpvid=11841d189d740063&ucfs=1&from=searchresultshttps://www.booking.com;highlight_room=#hotelTmpl,booking_kaggle,2020,2020-04-24,2026-09-13T06:37:49.339055+00:00,False
hotels_00199,2017872,Swiss International Royal Hotel Riyadh,Riyadh,Riyadh,360,4,8.1,1,Classic Room,1 bed (1 extra-large double),2,,,24.8052938999696,46.6254458806541,https://www.booking.com/hotel/sa/swiss-international-royal-riyadh.en-gb.html?aid=304142&label=gen173nr-1DCAEoggI46AdIM1gEaMQBiAECmAEJuAEJyAER2AED6AEBiAIBqAIDuAKmm9z0BcACAQ&sid=42146239dcdf1e519ee673686891723f&all_sr_blocks=201787203_133255727_2_34_0&checkin=2020-04-24&checkout=2020-04-25&dest_id=186&dest_type=country&group_adults=2&group_children=0&hapos=200&highlighted_blocks=201787203_133255727_2_34_0&hpos=25&no_rooms=1&sr_order=class_and_price&sr_pri_blocks=201787203_133255727_2_34_0__36045&srepoch=1587182897&srpvid=11841d189d740063&ucfs=1&from=searchresultshttps://www.booking.com;highlight_room=#hotelTmpl,booking_kaggle,2020,2020-04-24,2026-09-13T06:37:49.339055+00:00,False
hotels_00200,5509145,Crown Rose Hotel,Riyadh,Riyadh,363,4,6.5,8,Superior King Room,1 bed (1 extra-large double),2,True,,24.8065216641114,46.6272829790269,https://www.booking.com/hotel/sa/crown-rose.en-gb.html?aid=304142&label=gen173nr-1DCAEoggI46AdIM1gEaMQBiAECmAEJuAEJyAER2AED6AEBiAIBqAIDuAKmm9z0BcACAQ&sid=42146239dcdf1e519ee673686891723f&all_sr_blocks=550914501_201059543_0_1_0&checkin=2020-04-24&checkout=2020-04-25&dest_id=186&dest_type=country&group_adults=2&group_children=0&hapos=201&highlighted_blocks=550914501_201059543_0_1_0&hpos=1&no_rooms=1&sr_order=class_and_price&sr_pri_blocks=550914501_201059543_0_1_0__36300&srepoch=1587182906&srpvid=c8de1d1dc2a600b2&ucfs=1&from=searchresultshttps://www.booking.com;highlight_room=#hotelTmpl,booking_kaggle,2020,2020-04-24,2026-09-13T06:37:49.339055+00:00,False
hotels_00201,4301708,Al Maali Hotel Jazan,Jazan,Jazan,370,4,8.6,114,Deluxe Double Room,2 beds (2 singles),2,,True,16.9179007449654,42.553414529808,https://www.booking.com/hotel/sa/fndq-lm-ly-jzn.en-gb.html?aid=304142&label=gen173nr-1DCAEoggI46AdIM1gEaMQBiAECmAEJuAEJyAER2AED6AEBiAIBqAIDuAKmm9z0BcACAQ&sid=42146239dcdf1e519ee673686891723f&all_sr_blocks=430170802_212071876_0_2_0&checkin=2020-04-24&checkout=2020-04-25&dest_id=186&dest_type=country&group_adults=2&group_children=0&hapos=202&highlighted_blocks=430170802_212071876_0_2_0&hpos=2&no_rooms=1&sr_order=class_and_price&sr_pri_blocks=430170802_212071876_0_2_0__37000&srepoch=1587182906&srpvid=c8de1d1dc2a600b2&ucfs=1&from=searchresultshttps://www.booking.com;highlight_room=#hotelTmpl,booking_kaggle,2020,2020-04-24,2026-09-13T06:37:49.339055+00:00,False
hotels_00202,1381982,Citadines Al Salamah Jeddah,Jeddah,Makkah,371,4,8.5,1,Deluxe Studio,1 bed (1 large double),2,True,True,21.5969972075671,39.1452679374197,https://www.booking.com/hotel/sa/citadines-al-salamah-jeddah.en-gb.html?aid=304142&label=gen173nr-1DCAEoggI46AdIM1gEaMQBiAECmAEJuAEJyAER2AED6AEBiAIBqAIDuAKmm9z0BcACAQ&sid=42146239dcdf1e519ee673686891723f&all_sr_blocks=138198201_240755735_0_1_0&checkin=2020-04-24&checkout=2020-04-25&dest_id=186&dest_type=country&group_adults=2&group_children=0&hapos=203&highlighted_blocks=138198201_240755735_0_1_0&hpos=3&no_rooms=1&sr_order=class_and_price&sr_pri_blocks=138198201_240755735_0_1_0__37050&srepoch=1587182906&srpvid=c8de1d1dc2a600b2&ucfs=1&from=searchresultshttps://www.booking.com;highlight_room=#hotelTmpl,booking_kaggle,2020,2020-04-24,2026-09-13T06:37:49.339055+00:00,False
hotels_00203,3214525,Makeen Homes by Warwick Hotel,Riyadh,Riyadh,375,4,8.1,830,Junior Suite,1 bed (1 large double),2,,True,24.6485538144588,46.5570988676949,https://www.booking.com/hotel/sa/makeen-homes-by-warwick-riyadh.en-gb.html?aid=304142&label=gen173nr-1DCAEoggI46AdIM1gEaMQBiAECmAEJuAEJyAER2AED6AEBiAIBqAIDuAKmm9z0BcACAQ&sid=42146239dcdf1e519ee673686891723f&all_sr_blocks=321452501_179849000_2_42_0&checkin=2020-04-24&checkout=2020-04-25&dest_id=186&dest_type=country&group_adults=2&group_children=0&hapos=204&highlighted_blocks=321452501_179849000_2_42_0&hpos=4&no_rooms=1&sr_order=class_and_price&sr_pri_blocks=321452501_179849000_2_42_0__37500&srepoch=1587182906&srpvid=c8de1d1dc2a600b2&ucfs=1&from=searchresultshttps://www.booking.com;highlight_room=#hotelTmpl,booking_kaggle,2020,2020-04-24,2026-09-13T06:37:49.339055+00:00,False
hotels_00204,398721,Courtyard Riyadh by Marriott Diplomatic Quarter,Riyadh,Riyadh,380,4,8.3,2,"Guest room, 2 Double",2 beds (2 doubles),4,,True,24.6658822135667,46.6234043240547,https://www.booking.com/hotel/sa/courtyard-riyadh-diplomatic-quarter.en-gb.html?aid=304142&label=gen173nr-1DCAEoggI46AdIM1gEaMQBiAECmAEJuAEJyAER2AED6AEBiAIBqAIDuAKmm9z0BcACAQ&sid=42146239dcdf1e519ee673686891723f&all_sr_blocks=39872105_136033593_0_2_0&checkin=2020-04-24&checkout=2020-04-25&dest_id=186&dest_type=country&group_adults=2&group_children=0&hapos=205&highlighted_blocks=39872105_136033593_0_2_0&hpos=5&no_rooms=1&sr_order=class_and_price&sr_pri_blocks=39872105_136033593_0_2_0__38000&srepoch=1587182906&srpvid=c8de1d1dc2a600b2&ucfs=1&from=searchresultshttps://www.booking.com;highlight_room=#hotelTmpl,booking_kaggle,2020,2020-04-24,2026-09-13T06:37:49.339055+00:00,False
hotels_00205,5642382,Rfaya Hotel,Jazan,Jazan,384,4,8.0,307,Standard Studio,2 beds (2 singles),2,,True,16.8990445273911,42.5459928650818,https://www.booking.com/hotel/sa/rfy.en-gb.html?aid=304142&label=gen173nr-1DCAEoggI46AdIM1gEaMQBiAECmAEJuAEJyAER2AED6AEBiAIBqAIDuAKmm9z0BcACAQ&sid=42146239dcdf1e519ee673686891723f&all_sr_blocks=564238201_218244315_0_0_0&checkin=2020-04-24&checkout=2020-04-25&dest_id=186&dest_type=country&group_adults=2&group_children=0&hapos=206&highlighted_blocks=564238201_218244315_0_0_0&hpos=6&no_rooms=1&sr_order=class_and_price&sr_pri_blocks=564238201_218244315_0_0_0__38400&srepoch=1587182906&srpvid=c8de1d1dc2a600b2&ucfs=1&from=searchresultshttps://www.booking.com;highlight_room=#hotelTmpl,booking_kaggle,2020,2020-04-24,2026-09-13T06:37:49.339055+00:00,False
hotels_00206,2399184,Salsabil Hotel by Warwick Al Naseem,Jeddah,Makkah,390,4,8.3,3,Superior Double or Twin Room,2 beds (2 singles),2,,True,21.5103268031441,39.2369889179993,https://www.booking.com/hotel/sa/salsabil-by-warwick.en-gb.html?aid=304142&label=gen173nr-1DCAEoggI46AdIM1gEaMQBiAECmAEJuAEJyAER2AED6AEBiAIBqAIDuAKmm9z0BcACAQ&sid=42146239dcdf1e519ee673686891723f&all_sr_blocks=239918404_141405590_2_2_0&checkin=2020-04-24&checkout=2020-04-25&dest_id=186&dest_type=country&group_adults=2&group_children=0&hapos=207&highlighted_blocks=239918404_141405590_2_2_0&hpos=7&no_rooms=1&sr_order=class_and_price&sr_pri_blocks=239918404_141405590_2_2_0__39000&srepoch=1587182906&srpvid=c8de1d1dc2a600b2&ucfs=1&from=searchresultshttps://www.booking.com;highlight_room=#hotelTmpl,booking_kaggle,2020,2020-04-24,2026-09-13T06:37:49.339055+00:00,False
hotels_00207,4596121,Ascott Corniche Al Khobar,Al Khobar,Eastern Province,393,,8.8,194,Studio Premier,1 bed (1 double),2,,True,26.311655011205,50.22323950423,https://www.booking.com/hotel/sa/ascott-corniche-al-khobar.en-gb.html?aid=304142&label=gen173nr-1DCAEoggI46AdIM1gEaMQBiAECmAEJuAEJyAER2AED6AEBiAIBqAIDuAKmm9z0BcACAQ&sid=42146239dcdf1e519ee673686891723f&all_sr_blocks=459612101_240903221_0_2_0&checkin=2020-04-24&checkout=2020-04-25&dest_id=186&dest_type=country&group_adults=2&group_children=0&hapos=208&highlighted_blocks=459612101_240903221_0_2_0&hpos=8&no_rooms=1&sr_order=class_and_price&sr_pri_blocks=459612101_240903221_0_2_0__39300&srepoch=1587182906&srpvid=c8de1d1dc2a600b2&ucfs=1&from=searchresultshttps://www.booking.com;highlight_room=#hotelTmpl,booking_kaggle,2020,2020-04-24,2026-09-13T06:37:49.339055+00:00,False
hotels_00208,1939572,Novotel Jeddah Tahlia,Jeddah,Makkah,399,4,8.0,2,Superior Room With 2 Single Beds And 1 Sofa,2 beds (2 singles),2,,True,21.5548877409457,39.1723296366897,https://www.booking.com/hotel/sa/novotel-jeddah-tahlia.en-gb.html?aid=304142&label=gen173nr-1DCAEoggI46AdIM1gEaMQBiAECmAEJuAEJyAER2AED6AEBiAIBqAIDuAKmm9z0BcACAQ&sid=42146239dcdf1e519ee673686891723f&all_sr_blocks=193957204_246100854_2_42_0&checkin=2020-04-24&checkout=2020-04-25&dest_id=186&dest_type=country&group_adults=2&group_children=0&hapos=209&highlighted_blocks=193957204_246100854_2_42_0&hpos=9&no_rooms=1&sr_order=class_and_price&sr_pri_blocks=193957204_246100854_2_42_0__39900&srepoch=1587182906&srpvid=c8de1d1dc2a600b2&ucfs=1&from=searchresultshttps://www.booking.com;highlight_room=#hotelTmpl,booking_kaggle,2020,2020-04-24,2026-09-13T06:37:49.339055+00:00,False
hotels_00209,2229718,"Prime Hotel - Jeddah, Al Hamra",Jeddah,Makkah,400,4,8.6,3,Deluxe Double or Twin Room,1 bed (1 extra-large double),2,,True,21.5153394531133,39.1595713067459,https://www.booking.com/hotel/sa/prime-jeddah-al-hamra.en-gb.html?aid=304142&label=gen173nr-1DCAEoggI46AdIM1gEaMQBiAECmAEJuAEJyAER2AED6AEBiAIBqAIDuAKmm9z0BcACAQ&sid=42146239dcdf1e519ee673686891723f&all_sr_blocks=222971809_200929509_2_42_0&checkin=2020-04-24&checkout=2020-04-25&dest_id=186&dest_type=country&group_adults=2&group_children=0&hapos=210&highlighted_blocks=222971809_200929509_2_42_0&hpos=10&no_rooms=1&sr_order=class_and_price&sr_pri_blocks=222971809_200929509_2_42_0__40000&srepoch=1587182906&srpvid=c8de1d1dc2a600b2&ucfs=1&from=searchresultshttps://www.booking.com;highlight_room=#hotelTmpl,booking_kaggle,2020,2020-04-24,2026-09-13T06:37:49.339055+00:00,False
hotels_00210,5525802,Goldish Hotel,Al Khobar,Eastern Province,400,4,7.9,173,Junior Suite with Balcony,1 bed (1 large double),2,,,26.3708144269275,50.1726440978698,https://www.booking.com/hotel/sa/goldish.en-gb.html?aid=304142&label=gen173nr-1DCAEoggI46AdIM1gEaMQBiAECmAEJuAEJyAER2AED6AEBiAIBqAIDuAKmm9z0BcACAQ&sid=42146239dcdf1e519ee673686891723f&all_sr_blocks=552580201_203017211_2_42_0&checkin=2020-04-24&checkout=2020-04-25&dest_id=186&dest_type=country&group_adults=2&group_children=0&hapos=211&highlighted_blocks=552580201_203017211_2_42_0&hpos=11&no_rooms=1&sr_order=class_and_price&sr_pri_blocks=552580201_203017211_2_42_0__40000&srepoch=1587182906&srpvid=c8de1d1dc2a600b2&ucfs=1&from=searchresultshttps://www.booking.com;highlight_room=#hotelTmpl,booking_kaggle,2020,2020-04-24,2026-09-13T06:37:49.339055+00:00,False
hotels_00211,3772581,Chalet Toot,As Sayl Aş Şaghīr,,400,,8.2,73,Three-Bedroom Apartment,"5 beds (4 singles, 1 extra-large double)",6,,True,21.5359201658317,40.497141395462,https://www.booking.com/hotel/sa/shlyht-twt.en-gb.html?aid=304142&label=gen173nr-1DCAEoggI46AdIM1gEaMQBiAECmAEJuAEJyAER2AED6AEBiAIBqAIDuAKmm9z0BcACAQ&sid=42146239dcdf1e519ee673686891723f&all_sr_blocks=377258104_123541450_6_0_0&checkin=2020-04-24&checkout=2020-04-25&dest_id=186&dest_type=country&group_adults=2&group_children=0&hapos=212&highlighted_blocks=377258104_123541450_6_0_0&hpos=12&no_rooms=1&sr_order=class_and_price&sr_pri_blocks=377258104_123541450_6_0_0__40000&srepoch=1587182906&srpvid=c8de1d1dc2a600b2&ucfs=1&from=searchresultshttps://www.booking.com;highlight_room=#hotelTmpl,booking_kaggle,2020,2020-04-24,2026-09-13T06:37:49.339055+00:00,False
hotels_00212,1771215,Garden Plaza Hotel,Al Ahsa,Eastern Province,405,4,8.8,1,Deluxe King Room,1 bed (1 extra-large double),2,,True,25.3884944533759,49.5810305972672,https://www.booking.com/hotel/sa/garden-plaza.en-gb.html?aid=304142&label=gen173nr-1DCAEoggI46AdIM1gEaMQBiAECmAEJuAEJyAER2AED6AEBiAIBqAIDuAKmm9z0BcACAQ&sid=42146239dcdf1e519ee673686891723f&all_sr_blocks=177121505_204523585_2_42_0&checkin=2020-04-24&checkout=2020-04-25&dest_id=186&dest_type=country&group_adults=2&group_children=0&hapos=213&highlighted_blocks=177121505_204523585_2_42_0&hpos=13&no_rooms=1&sr_order=class_and_price&sr_pri_blocks=177121505_204523585_2_42_0__40500&srepoch=1587182906&srpvid=c8de1d1dc2a600b2&ucfs=1&from=searchresultshttps://www.booking.com;highlight_room=#hotelTmpl,booking_kaggle,2020,2020-04-24,2026-09-13T06:37:49.339055+00:00,False
hotels_00213,4574309,Cristal Amaken Hotel Riyadh,Riyadh,Riyadh,410,4,8.6,188,Twin Room,2 beds (2 singles),2,,True,24.5589807232734,46.8934480874054,https://www.booking.com/hotel/sa/industrial-city-2-new-industrial-city-riyadh.en-gb.html?aid=304142&label=gen173nr-1DCAEoggI46AdIM1gEaMQBiAECmAEJuAEJyAER2AED6AEBiAIBqAIDuAKmm9z0BcACAQ&sid=42146239dcdf1e519ee673686891723f&all_sr_blocks=457430909_184086175_2_0_0&checkin=2020-04-24&checkout=2020-04-25&dest_id=186&dest_type=country&group_adults=2&group_children=0&hapos=214&highlighted_blocks=457430909_184086175_2_0_0&hpos=14&no_rooms=1&sr_order=class_and_price&sr_pri_blocks=457430909_184086175_2_0_0__41000&srepoch=1587182906&srpvid=c8de1d1dc2a600b2&ucfs=1&from=searchresultshttps://www.booking.com;highlight_room=#hotelTmpl,booking_kaggle,2020,2020-04-24,2026-09-13T06:37:49.339055+00:00,False
hotels_00214,1736651,Grand Park Hotel,Jeddah,Makkah,410,4,7.6,396,Standard Double Room,1 bed (1 extra-large double),2,True,True,21.5967918245306,39.1580066084862,https://www.booking.com/hotel/sa/grand-park-jeddah.en-gb.html?aid=304142&label=gen173nr-1DCAEoggI46AdIM1gEaMQBiAECmAEJuAEJyAER2AED6AEBiAIBqAIDuAKmm9z0BcACAQ&sid=42146239dcdf1e519ee673686891723f&all_sr_blocks=173665104_98230193_0_1_0&checkin=2020-04-24&checkout=2020-04-25&dest_id=186&dest_type=country&group_adults=2&group_children=0&hapos=215&highlighted_blocks=173665104_98230193_0_1_0&hpos=15&no_rooms=1&sr_order=class_and_price&sr_pri_blocks=173665104_98230193_0_1_0__41000&srepoch=1587182906&srpvid=c8de1d1dc2a600b2&ucfs=1&from=searchresultshttps://www.booking.com;highlight_room=#hotelTmpl,booking_kaggle,2020,2020-04-24,2026-09-13T06:37:49.339055+00:00,False
hotels_00215,243956,"Ramada Al Qassim Hotel & Suites, Bukayriah",Al Bukayriyah,Qassim,415,4,7.8,540,Double Room - Mobility Access/Smoking,,2,True,True,26.1523225512288,43.6534345149994,https://www.booking.com/hotel/sa/ramada-suites.en-gb.html?aid=304142&label=gen173nr-1DCAEoggI46AdIM1gEaMQBiAECmAEJuAEJyAER2AED6AEBiAIBqAIDuAKmm9z0BcACAQ&sid=42146239dcdf1e519ee673686891723f&all_sr_blocks=24395618_246031325_2_1_0&checkin=2020-04-24&checkout=2020-04-25&dest_id=186&dest_type=country&group_adults=2&group_children=0&hapos=216&highlighted_blocks=24395618_246031325_2_1_0&hpos=16&no_rooms=1&sr_order=class_and_price&sr_pri_blocks=24395618_246031325_2_1_0__41500&srepoch=1587182906&srpvid=c8de1d1dc2a600b2&ucfs=1&from=searchresultshttps://www.booking.com;highlight_room=#hotelTmpl,booking_kaggle,2020,2020-04-24,2026-09-13T06:37:49.339055+00:00,False
hotels_00216,5637783,"Mabaat homes - luxury Villas near obhour beach, perfect location",Jeddah,Makkah,420,,9.5,46,Villa,"3 beds (2 singles, 1 extra-large double)",4,,True,21.7030785614793,39.1083620420502,https://www.booking.com/hotel/sa/white-pearl.en-gb.html?aid=304142&label=gen173nr-1DCAEoggI46AdIM1gEaMQBiAECmAEJuAEJyAER2AED6AEBiAIBqAIDuAKmm9z0BcACAQ&sid=42146239dcdf1e519ee673686891723f&all_sr_blocks=563778312_251450149_0_0_0&checkin=2020-04-24&checkout=2020-04-25&dest_id=186&dest_type=country&group_adults=2&group_children=0&hapos=217&highlighted_blocks=563778312_251450149_0_0_0&hpos=17&no_rooms=1&sr_order=class_and_price&sr_pri_blocks=563778312_251450149_0_0_0__42000&srepoch=1587182906&srpvid=c8de1d1dc2a600b2&ucfs=1&from=searchresultshttps://www.booking.com;highlight_room=#hotelTmpl,booking_kaggle,2020,2020-04-24,2026-09-13T06:37:49.339055+00:00,False
hotels_00217,322638,Casablanca Hotel Jeddah,Jeddah,Makkah,420,4,6.8,932,Double or Twin Room,1 bed (1 double),2,True,,21.5852791657448,39.1616785526276,https://www.booking.com/hotel/sa/casablanca.en-gb.html?aid=304142&label=gen173nr-1DCAEoggI46AdIM1gEaMQBiAECmAEJuAEJyAER2AED6AEBiAIBqAIDuAKmm9z0BcACAQ&sid=42146239dcdf1e519ee673686891723f&all_sr_blocks=32263801_133430801_0_41_0&checkin=2020-04-24&checkout=2020-04-25&dest_id=186&dest_type=country&group_adults=2&group_children=0&hapos=218&highlighted_blocks=32263801_133430801_0_41_0&hpos=18&no_rooms=1&sr_order=class_and_price&sr_pri_blocks=32263801_133430801_0_41_0__42000&srepoch=1587182906&srpvid=c8de1d1dc2a600b2&ucfs=1&from=searchresultshttps://www.booking.com;highlight_room=#hotelTmpl,booking_kaggle,2020,2020-04-24,2026-09-13T06:37:49.339055+00:00,False
hotels_00218,1381991,Ascott Sari Jeddah,Jeddah,Makkah,423,4,8.5,555,Executive Studio,1 bed (1 extra-large double),2,True,True,21.5725204410254,39.1324373247335,https://www.booking.com/hotel/sa/ascott-sari-jeddah-jeddah.en-gb.html?aid=304142&label=gen173nr-1DCAEoggI46AdIM1gEaMQBiAECmAEJuAEJyAER2AED6AEBiAIBqAIDuAKmm9z0BcACAQ&sid=42146239dcdf1e519ee673686891723f&all_sr_blocks=138199101_240755887_0_1_0&checkin=2020-04-24&checkout=2020-04-25&dest_id=186&dest_type=country&group_adults=2&group_children=0&hapos=219&highlighted_blocks=138199101_240755887_0_1_0&hpos=19&no_rooms=1&sr_order=class_and_price&sr_pri_blocks=138199101_240755887_0_1_0__42300&srepoch=1587182906&srpvid=c8de1d1dc2a600b2&ucfs=1&from=searchresultshttps://www.booking.com;highlight_room=#hotelTmpl,booking_kaggle,2020,2020-04-24,2026-09-13T06:37:49.339055+00:00,False
hotels_00219,6357318,Le Park Concord Rabwah Boutique Hotel,Riyadh,Riyadh,429,4,,,Deluxe Room,1 bed (1 extra-large double),2,,True,24.678411,46.697098,https://www.booking.com/hotel/sa/le-park-concord-al-rabwah.en-gb.html?aid=304142&label=gen173nr-1DCAEoggI46AdIM1gEaMQBiAECmAEJuAEJyAER2AED6AEBiAIBqAIDuAKmm9z0BcACAQ&sid=42146239dcdf1e519ee673686891723f&all_sr_blocks=635731801_248536759_2_2_0&checkin=2020-04-24&checkout=2020-04-25&dest_id=186&dest_type=country&group_adults=2&group_children=0&hapos=220&highlighted_blocks=635731801_248536759_2_2_0&hpos=20&no_rooms=1&sr_order=class_and_price&sr_pri_blocks=635731801_248536759_2_2_0__42900&srepoch=1587182906&srpvid=c8de1d1dc2a600b2&ucfs=1&from=searchresultshttps://www.booking.com;highlight_room=#hotelTmpl,booking_kaggle,2020,2020-04-24,2026-09-13T06:37:49.339055+00:00,False
hotels_00220,4509737,Braira Al Nakheel Hotel,Riyadh,Riyadh,444,4,8.2,1,Superior Twin Room,2 beds (2 singles),2,,True,24.767934,46.714913,https://www.booking.com/hotel/sa/braira-al-nakheel.en-gb.html?aid=304142&label=gen173nr-1DCAEoggI46AdIM1gEaMQBiAECmAEJuAEJyAER2AED6AEBiAIBqAIDuAKmm9z0BcACAQ&sid=42146239dcdf1e519ee673686891723f&all_sr_blocks=450973704_187589133_0_0_0&checkin=2020-04-24&checkout=2020-04-25&dest_id=186&dest_type=country&group_adults=2&group_children=0&hapos=221&highlighted_blocks=450973704_187589133_0_0_0&hpos=21&no_rooms=1&sr_order=class_and_price&sr_pri_blocks=450973704_187589133_0_0_0__44400&srepoch=1587182906&srpvid=c8de1d1dc2a600b2&ucfs=1&from=searchresultshttps://www.booking.com;highlight_room=#hotelTmpl,booking_kaggle,2020,2020-04-24,2026-09-13T06:37:49.339055+00:00,False
hotels_00221,2285248,Boudl Al Sahafa,Riyadh,Riyadh,446,4,8.3,1,Superior Twin Room,2 beds (2 singles),2,True,True,24.810563207365,46.6473269462585,https://www.booking.com/hotel/sa/braira-al-sahafa.en-gb.html?aid=304142&label=gen173nr-1DCAEoggI46AdIM1gEaMQBiAECmAEJuAEJyAER2AED6AEBiAIBqAIDuAKmm9z0BcACAQ&sid=42146239dcdf1e519ee673686891723f&all_sr_blocks=228524801_203594964_2_1_0&checkin=2020-04-24&checkout=2020-04-25&dest_id=186&dest_type=country&group_adults=2&group_children=0&hapos=222&highlighted_blocks=228524801_203594964_2_1_0&hpos=22&no_rooms=1&sr_order=class_and_price&sr_pri_blocks=228524801_203594964_2_1_0__44600&srepoch=1587182906&srpvid=c8de1d1dc2a600b2&ucfs=1&from=searchresultshttps://www.booking.com;highlight_room=#hotelTmpl,booking_kaggle,2020,2020-04-24,2026-09-13T06:37:49.339055+00:00,False
hotels_00222,1953023,Alazhar Palace Hotel,Al Qunfudhah,Makkah,450,4,7.7,426,Deluxe Junior Suite,2 beds (2 extra-large doubles),2,True,True,19.1335678033729,41.0721248305542,https://www.booking.com/hotel/sa/alazhar-palace.en-gb.html?aid=304142&label=gen173nr-1DCAEoggI46AdIM1gEaMQBiAECmAEJuAEJyAER2AED6AEBiAIBqAIDuAKmm9z0BcACAQ&sid=42146239dcdf1e519ee673686891723f&all_sr_blocks=195302303_120258739_0_1_0&checkin=2020-04-24&checkout=2020-04-25&dest_id=186&dest_type=country&group_adults=2&group_children=0&hapos=223&highlighted_blocks=195302303_120258739_0_1_0&hpos=23&no_rooms=1&sr_order=class_and_price&sr_pri_blocks=195302303_120258739_0_1_0__45000&srepoch=1587182906&srpvid=c8de1d1dc2a600b2&ucfs=1&from=searchresultshttps://www.booking.com;highlight_room=#hotelTmpl,booking_kaggle,2020,2020-04-24,2026-09-13T06:37:49.339055+00:00,False
hotels_00223,1340658,MIRA SUITES PRINCE SULTAN ROAD JEDDAH,Jeddah,Makkah,451,4,6.5,1,Two-Bedroom Suite,"5 beds (2 singles, 2 sofa beds, 1 large double)",4,,True,21.6278247472331,39.1349516808987,https://www.booking.com/hotel/sa/al-basateen-apartments-jeddah.en-gb.html?aid=304142&label=gen173nr-1DCAEoggI46AdIM1gEaMQBiAECmAEJuAEJyAER2AED6AEBiAIBqAIDuAKmm9z0BcACAQ&sid=42146239dcdf1e519ee673686891723f&all_sr_blocks=134065811_139503692_0_2_0&checkin=2020-04-24&checkout=2020-04-25&dest_id=186&dest_type=country&group_adults=2&group_children=0&hapos=224&highlighted_blocks=134065811_139503692_0_2_0&hpos=24&no_rooms=1&sr_order=class_and_price&sr_pri_blocks=134065811_139503692_0_2_0__45125&srepoch=1587182906&srpvid=c8de1d1dc2a600b2&ucfs=1&from=searchresultshttps://www.booking.com;highlight_room=#hotelTmpl,booking_kaggle,2020,2020-04-24,2026-09-13T06:37:49.339055+00:00,False
hotels_00224,1979539,Rabigh Park Hotel,Rabigh,Makkah,459,4,8.2,281,Standard Double Room,1 bed (1 double),2,True,True,22.775746904887,39.0375341179606,https://www.booking.com/hotel/sa/rabigh-park.en-gb.html?aid=304142&label=gen173nr-1DCAEoggI46AdIM1gEaMQBiAECmAEJuAEJyAER2AED6AEBiAIBqAIDuAKmm9z0BcACAQ&sid=42146239dcdf1e519ee673686891723f&all_sr_blocks=197953901_233214603_0_1_0&checkin=2020-04-24&checkout=2020-04-25&dest_id=186&dest_type=country&group_adults=2&group_children=0&hapos=225&highlighted_blocks=197953901_233214603_0_1_0&hpos=25&no_rooms=1&sr_order=class_and_price&sr_pri_blocks=197953901_233214603_0_1_0__45900&srepoch=1587182906&srpvid=c8de1d1dc2a600b2&ucfs=1&from=searchresultshttps://www.booking.com;highlight_room=#hotelTmpl,booking_kaggle,2020,2020-04-24,2026-09-13T06:37:49.339055+00:00,False
hotels_00225,2751114,Mena Airport Hotel Jeddah,Jeddah,Makkah,460,4,7.7,1,Twin Room with Private Bathroom,2 beds (2 singles),2,True,,21.670689,39.151563,https://www.booking.com/hotel/sa/mena-airport-jeddah.en-gb.html?aid=304142&label=gen173nr-1DCAEoggI46AdIM1gEaMQBiAECmAEJuAEJyAER2AED6AEBiAIBqAIDuAKmm9z0BcACAQ&sid=42146239dcdf1e519ee673686891723f&all_sr_blocks=275111401_116236799_0_1_0&checkin=2020-04-24&checkout=2020-04-25&dest_id=186&dest_type=country&group_adults=2&group_children=0&hapos=226&highlighted_blocks=275111401_116236799_0_1_0&hpos=1&no_rooms=1&sr_order=class_and_price&sr_pri_blocks=275111401_116236799_0_1_0__46000&srepoch=1587182915&srpvid=e6db1d2172fc001b&ucfs=1&from=searchresultshttps://www.booking.com;highlight_room=#hotelTmpl,booking_kaggle,2020,2020-04-24,2026-09-13T06:37:49.339055+00:00,False
hotels_00226,1381972,Ascott Tahlia Jeddah,Jeddah,Makkah,460,4,8.0,2,Executive Studio,1 bed (1 large double),2,True,True,21.5548169758662,39.1709214448929,https://www.booking.com/hotel/sa/ascott-tahlia-jeddah-jeddah.en-gb.html?aid=304142&label=gen173nr-1DCAEoggI46AdIM1gEaMQBiAECmAEJuAEJyAER2AED6AEBiAIBqAIDuAKmm9z0BcACAQ&sid=42146239dcdf1e519ee673686891723f&all_sr_blocks=138197201_240755902_0_1_0&checkin=2020-04-24&checkout=2020-04-25&dest_id=186&dest_type=country&group_adults=2&group_children=0&hapos=227&highlighted_blocks=138197201_240755902_0_1_0&hpos=2&no_rooms=1&sr_order=class_and_price&sr_pri_blocks=138197201_240755902_0_1_0__46000&srepoch=1587182915&srpvid=e6db1d2172fc001b&ucfs=1&from=searchresultshttps://www.booking.com;highlight_room=#hotelTmpl,booking_kaggle,2020,2020-04-24,2026-09-13T06:37:49.339055+00:00,False
hotels_00227,1587431,Braira Hotel-Olaya,Riyadh,Riyadh,464,4,8.3,2,Superior Double Room,1 bed (1 large double),2,,True,24.6853759262584,46.6887697577477,https://www.booking.com/hotel/sa/braira-riyadh.en-gb.html?aid=304142&label=gen173nr-1DCAEoggI46AdIM1gEaMQBiAECmAEJuAEJyAER2AED6AEBiAIBqAIDuAKmm9z0BcACAQ&sid=42146239dcdf1e519ee673686891723f&all_sr_blocks=158743105_187590158_0_0_0&checkin=2020-04-24&checkout=2020-04-25&dest_id=186&dest_type=country&group_adults=2&group_children=0&hapos=228&highlighted_blocks=158743105_187590158_0_0_0&hpos=3&no_rooms=1&sr_order=class_and_price&sr_pri_blocks=158743105_187590158_0_0_0__46400&srepoch=1587182915&srpvid=e6db1d2172fc001b&ucfs=1&from=searchresultshttps://www.booking.com;highlight_room=#hotelTmpl,booking_kaggle,2020,2020-04-24,2026-09-13T06:37:49.339055+00:00,False
hotels_00228,4209229,Danah Al-Jubail Suites,Jubail,Eastern Province,475,4,9.1,797,Standard Suite with City View,1 bed (1 extra-large double),2,,True,27.1635622116324,49.5781985662231,https://www.booking.com/hotel/sa/danah-aljubail-suites.en-gb.html?aid=304142&label=gen173nr-1DCAEoggI46AdIM1gEaMQBiAECmAEJuAEJyAER2AED6AEBiAIBqAIDuAKmm9z0BcACAQ&sid=42146239dcdf1e519ee673686891723f&all_sr_blocks=420922911_201073592_0_2_0&checkin=2020-04-24&checkout=2020-04-25&dest_id=186&dest_type=country&group_adults=2&group_children=0&hapos=229&highlighted_blocks=420922911_201073592_0_2_0&hpos=4&no_rooms=1&sr_order=class_and_price&sr_pri_blocks=420922911_201073592_0_2_0__47500&srepoch=1587182915&srpvid=e6db1d2172fc001b&ucfs=1&from=searchresultshttps://www.booking.com;highlight_room=#hotelTmpl,booking_kaggle,2020,2020-04-24,2026-09-13T06:37:49.339055+00:00,False
hotels_00229,191924,Holiday Inn Resort Half Moon Bay,Half Moon Bay,,489,4,6.9,1,Deluxe King Room - Smoking,1 bed (1 large double),2,,True,26.1745523873832,50.0662569701672,https://www.booking.com/hotel/sa/holiday-inn-resort-half-moon-bay.en-gb.html?aid=304142&label=gen173nr-1DCAEoggI46AdIM1gEaMQBiAECmAEJuAEJyAER2AED6AEBiAIBqAIDuAKmm9z0BcACAQ&sid=42146239dcdf1e519ee673686891723f&all_sr_blocks=19192420_251348677_0_42_0&checkin=2020-04-24&checkout=2020-04-25&dest_id=186&dest_type=country&group_adults=2&group_children=0&hapos=230&highlighted_blocks=19192420_251348677_0_42_0&hpos=5&no_rooms=1&sr_order=class_and_price&sr_pri_blocks=19192420_251348677_0_42_0__48925&srepoch=1587182915&srpvid=e6db1d2172fc001b&ucfs=1&from=searchresultshttps://www.booking.com;highlight_room=#hotelTmpl,booking_kaggle,2020,2020-04-24,2026-09-13T06:37:49.339055+00:00,False
hotels_00230,48955,Mercure Hotel Khamis Mushayt,Khamis Mushait,Asir,494,4,6.6,695,"Deluxe Room with 2 single beds, City side",4 beds (4 singles),1,,,18.3053920954649,42.7162478864193,https://www.booking.com/hotel/sa/mercure-khamis-mushayt.en-gb.html?aid=304142&label=gen173nr-1DCAEoggI46AdIM1gEaMQBiAECmAEJuAEJyAER2AED6AEBiAIBqAIDuAKmm9z0BcACAQ&sid=42146239dcdf1e519ee673686891723f&all_sr_blocks=4895502_94270839_1_42_0%2C4895502_94270839_1_42_0&checkin=2020-04-24&checkout=2020-04-25&dest_id=186&dest_type=country&group_adults=2&group_children=0&hapos=231&highlighted_blocks=4895502_94270839_1_42_0%2C4895502_94270839_1_42_0&hpos=6&no_rooms=1&sr_order=class_and_price&sr_pri_blocks=4895502_94270839_1_42_0__24700%2C4895502_94270839_1_42_0__24700&srepoch=1587182915&srpvid=e6db1d2172fc001b&ucfs=1&from=searchresultshttps://www.booking.com;highlight_room=#hotelTmpl,booking_kaggle,2020,2020-04-24,2026-09-13T06:37:49.339055+00:00,False
hotels_00231,1789354,Ascott Rafal Olaya Riyadh,Riyadh,Riyadh,495,4,7.6,2,Studio Executive,1 bed (1 extra-large double),2,,True,24.8089072531479,46.6264795343159,https://www.booking.com/hotel/sa/ascott-rafal-olaya-riyadh.en-gb.html?aid=304142&label=gen173nr-1DCAEoggI46AdIM1gEaMQBiAECmAEJuAEJyAER2AED6AEBiAIBqAIDuAKmm9z0BcACAQ&sid=42146239dcdf1e519ee673686891723f&all_sr_blocks=178935401_222290755_0_2_0&checkin=2020-04-24&checkout=2020-04-25&dest_id=186&dest_type=country&group_adults=2&group_children=0&hapos=232&highlighted_blocks=178935401_222290755_0_2_0&hpos=7&no_rooms=1&sr_order=class_and_price&sr_pri_blocks=178935401_222290755_0_2_0__49500&srepoch=1587182915&srpvid=e6db1d2172fc001b&ucfs=1&from=searchresultshttps://www.booking.com;highlight_room=#hotelTmpl,booking_kaggle,2020,2020-04-24,2026-09-13T06:37:49.339055+00:00,False
hotels_00232,4314135,Hyatt House Jeddah Sari Street,Jeddah,Makkah,500,4,8.7,1,Twin Studio,2 beds (2 singles),2,True,True,21.5778362505688,39.1531190263672,https://www.booking.com/hotel/sa/hyatt-house-jeddah-sari-street.en-gb.html?aid=304142&label=gen173nr-1DCAEoggI46AdIM1gEaMQBiAECmAEJuAEJyAER2AED6AEBiAIBqAIDuAKmm9z0BcACAQ&sid=42146239dcdf1e519ee673686891723f&all_sr_blocks=431413502_169867030_2_1_0&checkin=2020-04-24&checkout=2020-04-25&dest_id=186&dest_type=country&group_adults=2&group_children=0&hapos=233&highlighted_blocks=431413502_169867030_2_1_0&hpos=8&no_rooms=1&sr_order=class_and_price&sr_pri_blocks=431413502_169867030_2_1_0__50000&srepoch=1587182915&srpvid=e6db1d2172fc001b&ucfs=1&from=searchresultshttps://www.booking.com;highlight_room=#hotelTmpl,booking_kaggle,2020,2020-04-24,2026-09-13T06:37:49.339055+00:00,False
hotels_00233,1567860,National Park Hotel,Baljurashi,Al Bahah,500,4,8.4,6,Deluxe Twin Room,2 beds (2 singles),2,True,,19.8426137254341,41.5901666879654,https://www.booking.com/hotel/sa/swiss-international-park.en-gb.html?aid=304142&label=gen173nr-1DCAEoggI46AdIM1gEaMQBiAECmAEJuAEJyAER2AED6AEBiAIBqAIDuAKmm9z0BcACAQ&sid=42146239dcdf1e519ee673686891723f&all_sr_blocks=156786004_88433996_0_1_0&checkin=2020-04-24&checkout=2020-04-25&dest_id=186&dest_type=country&group_adults=2&group_children=0&hapos=234&highlighted_blocks=156786004_88433996_0_1_0&hpos=9&no_rooms=1&sr_order=class_and_price&sr_pri_blocks=156786004_88433996_0_1_0__50000&srepoch=1587182915&srpvid=e6db1d2172fc001b&ucfs=1&from=searchresultshttps://www.booking.com;highlight_room=#hotelTmpl,booking_kaggle,2020,2020-04-24,2026-09-13T06:37:49.339055+00:00,False
hotels_00234,3064298,Park Inn by Radisson Najran,Najran,Najran,509,4,7.7,211,Superior Room,1 bed (1 extra-large double),2,,True,17.5681012624195,44.2303609985504,https://www.booking.com/hotel/sa/park-inn-by-radisson-najran.en-gb.html?aid=304142&label=gen173nr-1DCAEoggI46AdIM1gEaMQBiAECmAEJuAEJyAER2AED6AEBiAIBqAIDuAKmm9z0BcACAQ&sid=42146239dcdf1e519ee673686891723f&all_sr_blocks=306429801_255464655_2_2_0&checkin=2020-04-24&checkout=2020-04-25&dest_id=186&dest_type=country&group_adults=2&group_children=0&hapos=235&highlighted_blocks=306429801_255464655_2_2_0&hpos=10&no_rooms=1&sr_order=class_and_price&sr_pri_blocks=306429801_255464655_2_2_0__50850&srepoch=1587182915&srpvid=e6db1d2172fc001b&ucfs=1&from=searchresultshttps://www.booking.com;highlight_room=#hotelTmpl,booking_kaggle,2020,2020-04-24,2026-09-13T06:37:49.339055+00:00,False
hotels_00235,4362808,V Boutique Hotel,Jeddah,Makkah,545,4,9.0,777,Deluxe King Room,1 bed (1 extra-large double),2,,True,21.5737772847281,39.1387900925598,https://www.booking.com/hotel/sa/fndq-vy-bwtyk.en-gb.html?aid=304142&label=gen173nr-1DCAEoggI46AdIM1gEaMQBiAECmAEJuAEJyAER2AED6AEBiAIBqAIDuAKmm9z0BcACAQ&sid=42146239dcdf1e519ee673686891723f&all_sr_blocks=436280803_134996571_0_0_0&checkin=2020-04-24&checkout=2020-04-25&dest_id=186&dest_type=country&group_adults=2&group_children=0&hapos=236&highlighted_blocks=436280803_134996571_0_0_0&hpos=11&no_rooms=1&sr_order=class_and_price&sr_pri_blocks=436280803_134996571_0_0_0__54500&srepoch=1587182915&srpvid=e6db1d2172fc001b&ucfs=1&from=searchresultshttps://www.booking.com;highlight_room=#hotelTmpl,booking_kaggle,2020,2020-04-24,2026-09-13T06:37:49.339055+00:00,False
hotels_00236,1240073,Holiday Inn Jeddah Gateway,Jeddah,Makkah,549,4,8.3,1,Deluxe King Room - Non-Smoking,1 bed (1 extra-large double),2,,True,21.6262326042299,39.154447,https://www.booking.com/hotel/sa/holiday-inn-jeddah-gateway.en-gb.html?aid=304142&label=gen173nr-1DCAEoggI46AdIM1gEaMQBiAECmAEJuAEJyAER2AED6AEBiAIBqAIDuAKmm9z0BcACAQ&sid=42146239dcdf1e519ee673686891723f&all_sr_blocks=124007302_251353605_0_42_0&checkin=2020-04-24&checkout=2020-04-25&dest_id=186&dest_type=country&group_adults=2&group_children=0&hapos=237&highlighted_blocks=124007302_251353605_0_42_0&hpos=12&no_rooms=1&sr_order=class_and_price&sr_pri_blocks=124007302_251353605_0_42_0__54875&srepoch=1587182915&srpvid=e6db1d2172fc001b&ucfs=1&from=searchresultshttps://www.booking.com;highlight_room=#hotelTmpl,booking_kaggle,2020,2020-04-24,2026-09-13T06:37:49.339055+00:00,False
hotels_00237,6205998,swiss eye,Jeddah,Makkah,550,4,8.5,112,Deluxe Double Room (1 adult + 2 children),1 bed (1 large double),2,,True,21.51955926569,39.1644382080765,https://www.booking.com/hotel/sa/swiss-eye.en-gb.html?aid=304142&label=gen173nr-1DCAEoggI46AdIM1gEaMQBiAECmAEJuAEJyAER2AED6AEBiAIBqAIDuAKmm9z0BcACAQ&sid=42146239dcdf1e519ee673686891723f&all_sr_blocks=620599810_245858249_2_0_0&checkin=2020-04-24&checkout=2020-04-25&dest_id=186&dest_type=country&group_adults=2&group_children=0&hapos=238&highlighted_blocks=620599810_245858249_2_0_0&hpos=13&no_rooms=1&sr_order=class_and_price&sr_pri_blocks=620599810_245858249_2_0_0__55000&srepoch=1587182915&srpvid=e6db1d2172fc001b&ucfs=1&from=searchresultshttps://www.booking.com;highlight_room=#hotelTmpl,booking_kaggle,2020,2020-04-24,2026-09-13T06:37:49.339055+00:00,False
hotels_00238,5539681,نزل الآحلام,Al Muraysīyah,,560,4,,,Deluxe Single Room,2 beds (2 singles),1,,True,21.418707,40.448813,https://www.booking.com/hotel/sa/nuzl-lahlm.en-gb.html?aid=304142&label=gen173nr-1DCAEoggI46AdIM1gEaMQBiAECmAEJuAEJyAER2AED6AEBiAIBqAIDuAKmm9z0BcACAQ&sid=42146239dcdf1e519ee673686891723f&all_sr_blocks=553968101_204624723_1_0_0%2C553968101_204624723_1_0_0&checkin=2020-04-24&checkout=2020-04-25&dest_id=186&dest_type=country&group_adults=2&group_children=0&hapos=239&highlighted_blocks=553968101_204624723_1_0_0%2C553968101_204624723_1_0_0&hpos=14&no_rooms=1&sr_order=class_and_price&sr_pri_blocks=553968101_204624723_1_0_0__28000%2C553968101_204624723_1_0_0__28000&srepoch=1587182915&srpvid=e6db1d2172fc001b&ucfs=1&from=searchresultshttps://www.booking.com;highlight_room=#hotelTmpl,booking_kaggle,2020,2020-04-24,2026-09-13T06:37:49.339055+00:00,False
hotels_00239,788854,Courtyard by Marriott Jazan,Jazan,Jazan,585,4,8.3,586,"Deluxe Room, Guest room, 1 King",1 bed (1 extra-large double),2,,True,16.9019718999952,42.5541579723358,https://www.booking.com/hotel/sa/courtyard-jazan.en-gb.html?aid=304142&label=gen173nr-1DCAEoggI46AdIM1gEaMQBiAECmAEJuAEJyAER2AED6AEBiAIBqAIDuAKmm9z0BcACAQ&sid=42146239dcdf1e519ee673686891723f&all_sr_blocks=78885404_251396138_0_10_0&checkin=2020-04-24&checkout=2020-04-25&dest_id=186&dest_type=country&group_adults=2&group_children=0&hapos=240&highlighted_blocks=78885404_251396138_0_10_0&hpos=15&no_rooms=1&sr_order=class_and_price&sr_pri_blocks=78885404_251396138_0_10_0__58500&srepoch=1587182915&srpvid=e6db1d2172fc001b&ucfs=1&from=searchresultshttps://www.booking.com;highlight_room=#hotelTmpl,booking_kaggle,2020,2020-04-24,2026-09-13T06:37:49.339055+00:00,False
hotels_00240,305818,Makarem Annakheel Hotel & Resort,Jeddah,Makkah,589,4,7.3,4,Deluxe Twin Room with Garden View,2 beds (2 singles),2,True,True,21.7593253538568,39.1266274452209,https://www.booking.com/hotel/sa/makarim-annakheel-village.en-gb.html?aid=304142&label=gen173nr-1DCAEoggI46AdIM1gEaMQBiAECmAEJuAEJyAER2AED6AEBiAIBqAIDuAKmm9z0BcACAQ&sid=42146239dcdf1e519ee673686891723f&all_sr_blocks=30581822_235309238_0_1_0&checkin=2020-04-24&checkout=2020-04-25&dest_id=186&dest_type=country&group_adults=2&group_children=0&hapos=241&highlighted_blocks=30581822_235309238_0_1_0&hpos=16&no_rooms=1&sr_order=class_and_price&sr_pri_blocks=30581822_235309238_0_1_0__58900&srepoch=1587182915&srpvid=e6db1d2172fc001b&ucfs=1&from=searchresultshttps://www.booking.com;highlight_room=#hotelTmpl,booking_kaggle,2020,2020-04-24,2026-09-13T06:37:49.339055+00:00,False
hotels_00241,73218,فندق أمجاد الأجنحة الملكية جدة,Jeddah,Makkah,595,4,8.0,302,Deluxe Room,1 bed (1 extra-large double),2,,True,21.5618501105182,39.1714364290237,https://www.booking.com/hotel/sa/radisson-sas-royal-suite-jeddah.en-gb.html?aid=304142&label=gen173nr-1DCAEoggI46AdIM1gEaMQBiAECmAEJuAEJyAER2AED6AEBiAIBqAIDuAKmm9z0BcACAQ&sid=42146239dcdf1e519ee673686891723f&all_sr_blocks=7321810_248440799_2_2_0&checkin=2020-04-24&checkout=2020-04-25&dest_id=186&dest_type=country&group_adults=2&group_children=0&hapos=242&highlighted_blocks=7321810_248440799_2_2_0&hpos=17&no_rooms=1&sr_order=class_and_price&sr_pri_blocks=7321810_248440799_2_2_0__59500&srepoch=1587182915&srpvid=e6db1d2172fc001b&ucfs=1&from=searchresultshttps://www.booking.com;highlight_room=#hotelTmpl,booking_kaggle,2020,2020-04-24,2026-09-13T06:37:49.339055+00:00,False
hotels_00242,3833834,المارينا سكوير,King Abdullah Economic City,Makkah,596,,9.4,121,Apartment with Sea View,"5 beds (4 bunk beds, 1 large double)",6,,,22.4014196924144,39.0817964126396,https://www.booking.com/hotel/sa/lbylsn-lshrwq-mdyn-lmlk-bdllh-lqtsdy.en-gb.html?aid=304142&label=gen173nr-1DCAEoggI46AdIM1gEaMQBiAECmAEJuAEJyAER2AED6AEBiAIBqAIDuAKmm9z0BcACAQ&sid=42146239dcdf1e519ee673686891723f&all_sr_blocks=383383406_229885345_6_0_0&checkin=2020-04-24&checkout=2020-04-25&dest_id=186&dest_type=country&group_adults=2&group_children=0&hapos=243&highlighted_blocks=383383406_229885345_6_0_0&hpos=18&no_rooms=1&sr_order=class_and_price&sr_pri_blocks=383383406_229885345_6_0_0__59600&srepoch=1587182915&srpvid=e6db1d2172fc001b&ucfs=1&from=searchresultshttps://www.booking.com;highlight_room=#hotelTmpl,booking_kaggle,2020,2020-04-24,2026-09-13T06:37:49.339055+00:00,False
hotels_00243,2021620,Braira Al Azizya Hotel & Resort,Al Khobar,Eastern Province,599,4,7.7,964,Superior Suite,1 bed (1 extra-large double),2,,True,26.150970063378,50.1629066839814,https://www.booking.com/hotel/sa/braira-al-azizya-and-resort.en-gb.html?aid=304142&label=gen173nr-1DCAEoggI46AdIM1gEaMQBiAECmAEJuAEJyAER2AED6AEBiAIBqAIDuAKmm9z0BcACAQ&sid=42146239dcdf1e519ee673686891723f&all_sr_blocks=202162001_229607360_0_0_0&checkin=2020-04-24&checkout=2020-04-25&dest_id=186&dest_type=country&group_adults=2&group_children=0&hapos=244&highlighted_blocks=202162001_229607360_0_0_0&hpos=19&no_rooms=1&sr_order=class_and_price&sr_pri_blocks=202162001_229607360_0_0_0__59900&srepoch=1587182915&srpvid=e6db1d2172fc001b&ucfs=1&from=searchresultshttps://www.booking.com;highlight_room=#hotelTmpl,booking_kaggle,2020,2020-04-24,2026-09-13T06:37:49.339055+00:00,False
hotels_00244,3216217,Staybridge Suites - Al Khobar,Al Khobar,Eastern Province,660,4,8.9,1,Deluxe Studio Suite - Non-Smoking,1 bed (1 extra-large double),2,True,True,26.3434293232923,50.1952556797276,https://www.booking.com/hotel/sa/staybridge-suites-al-khobar.en-gb.html?aid=304142&label=gen173nr-1DCAEoggI46AdIM1gEaMQBiAECmAEJuAEJyAER2AED6AEBiAIBqAIDuAKmm9z0BcACAQ&sid=42146239dcdf1e519ee673686891723f&all_sr_blocks=321621714_251352552_2_1_0&checkin=2020-04-24&checkout=2020-04-25&dest_id=186&dest_type=country&group_adults=2&group_children=0&hapos=245&highlighted_blocks=321621714_251352552_2_1_0&hpos=20&no_rooms=1&sr_order=class_and_price&sr_pri_blocks=321621714_251352552_2_1_0__66025&srepoch=1587182915&srpvid=e6db1d2172fc001b&ucfs=1&from=searchresultshttps://www.booking.com;highlight_room=#hotelTmpl,booking_kaggle,2020,2020-04-24,2026-09-13T06:37:49.339055+00:00,False
hotels_00245,271474,Holiday Inn Tabuk,Tabuk,Tabuk,668,4,8.1,444,Twin Room - Smoking,2 beds (2 singles),2,,True,28.410467,36.5964671,https://www.booking.com/hotel/sa/holiday-inn-tabuk.en-gb.html?aid=304142&label=gen173nr-1DCAEoggI46AdIM1gEaMQBiAECmAEJuAEJyAER2AED6AEBiAIBqAIDuAKmm9z0BcACAQ&sid=42146239dcdf1e519ee673686891723f&all_sr_blocks=27147405_251336076_0_42_0&checkin=2020-04-24&checkout=2020-04-25&dest_id=186&dest_type=country&group_adults=2&group_children=0&hapos=246&highlighted_blocks=27147405_251336076_0_42_0&hpos=21&no_rooms=1&sr_order=class_and_price&sr_pri_blocks=27147405_251336076_0_42_0__66750&srepoch=1587182915&srpvid=e6db1d2172fc001b&ucfs=1&from=searchresultshttps://www.booking.com;highlight_room=#hotelTmpl,booking_kaggle,2020,2020-04-24,2026-09-13T06:37:49.339055+00:00,False
hotels_00246,381958,"Marriott Executive Apartments Riyadh, Convention Center",Riyadh,Riyadh,725,4,8.3,545,One-Bedroom Apartment,"2 beds (1 extra-large double, 1 sofa bed)",3,,True,24.6878906781056,46.7134782671928,https://www.booking.com/hotel/sa/marriott-executive-apartments-riyadh.en-gb.html?aid=304142&label=gen173nr-1DCAEoggI46AdIM1gEaMQBiAECmAEJuAEJyAER2AED6AEBiAIBqAIDuAKmm9z0BcACAQ&sid=42146239dcdf1e519ee673686891723f&all_sr_blocks=38195801_94453554_0_0_0&checkin=2020-04-24&checkout=2020-04-25&dest_id=186&dest_type=country&group_adults=2&group_children=0&hapos=247&highlighted_blocks=38195801_94453554_0_0_0&hpos=22&no_rooms=1&sr_order=class_and_price&sr_pri_blocks=38195801_94453554_0_0_0__72500&srepoch=1587182915&srpvid=e6db1d2172fc001b&ucfs=1&from=searchresultshttps://www.booking.com;highlight_room=#hotelTmpl,booking_kaggle,2020,2020-04-24,2026-09-13T06:37:49.339055+00:00,False
hotels_00247,5148243,Doubletree By Hilton Makkah Jabal Omar,Makkah,Makkah,750,4,8.7,814,King Guest Room with Mobility Accessible,1 bed (1 extra-large double),2,,,21.423,39.818293,https://www.booking.com/hotel/sa/doubletree-by-hilton-makkah-jabal-omar.en-gb.html?aid=304142&label=gen173nr-1DCAEoggI46AdIM1gEaMQBiAECmAEJuAEJyAER2AED6AEBiAIBqAIDuAKmm9z0BcACAQ&sid=42146239dcdf1e519ee673686891723f&all_sr_blocks=514824303_178762477_2_0_0&checkin=2020-04-24&checkout=2020-04-25&dest_id=186&dest_type=country&group_adults=2&group_children=0&hapos=248&highlighted_blocks=514824303_178762477_2_0_0&hpos=23&no_rooms=1&sr_order=class_and_price&sr_pri_blocks=514824303_178762477_2_0_0__75000&srepoch=1587182915&srpvid=e6db1d2172fc001b&ucfs=1&from=searchresultshttps://www.booking.com;highlight_room=#hotelTmpl,booking_kaggle,2020,2020-04-24,2026-09-13T06:37:49.339055+00:00,False
hotels_00248,2182052,Villas And Chalets Jadeite,Hotat Bani Tamim,Riyadh,790,,9.0,23,Villa with Private Pool,"19 beds (1 extra-large double, 18 sofa beds)",2,,,23.4338649627835,46.8665465712547,https://www.booking.com/hotel/sa/villas-and-chalets-jadeite.en-gb.html?aid=304142&label=gen173nr-1DCAEoggI46AdIM1gEaMQBiAECmAEJuAEJyAER2AED6AEBiAIBqAIDuAKmm9z0BcACAQ&sid=42146239dcdf1e519ee673686891723f&all_sr_blocks=218205201_210910723_2_0_0&checkin=2020-04-24&checkout=2020-04-25&dest_id=186&dest_type=country&group_adults=2&group_children=0&hapos=249&highlighted_blocks=218205201_210910723_2_0_0&hpos=24&no_rooms=1&sr_order=class_and_price&sr_pri_blocks=218205201_210910723_2_0_0__79000&srepoch=1587182915&srpvid=e6db1d2172fc001b&ucfs=1&from=searchresultshttps://www.booking.com;highlight_room=#hotelTmpl,booking_kaggle,2020,2020-04-24,2026-09-13T06:37:49.339055+00:00,False
hotels_00249,4965814,Luxury Large Flat in Madinah close to Masjid Nabawi,Madinah,Madinah,790,,9.3,22,Apartment,"9 beds (5 singles, 2 sofa beds, 2 large doubles)",10,,,24.475721235375,39.654533061438,https://www.booking.com/hotel/sa/madinah-flat.en-gb.html?aid=304142&label=gen173nr-1DCAEoggI46AdIM1gEaMQBiAECmAEJuAEJyAER2AED6AEBiAIBqAIDuAKmm9z0BcACAQ&sid=42146239dcdf1e519ee673686891723f&all_sr_blocks=496581401_178753479_10_0_0&checkin=2020-04-24&checkout=2020-04-25&dest_id=186&dest_type=country&group_adults=2&group_children=0&hapos=250&highlighted_blocks=496581401_178753479_10_0_0&hpos=25&no_rooms=1&sr_order=class_and_price&sr_pri_blocks=496581401_178753479_10_0_0__79000&srepoch=1587182915&srpvid=e6db1d2172fc001b&ucfs=1&from=searchresultshttps://www.booking.com;highlight_room=#hotelTmpl,booking_kaggle,2020,2020-04-24,2026-09-13T06:37:49.339055+00:00,False
hotels_00250,6011667,فندق براند القصيم,Buraydah,Qassim,800,4,9.5,31,Budget Twin Room,2 beds (2 singles),2,,True,26.3554289721498,43.964181659069,https://www.booking.com/hotel/sa/fndq-brnd-lqsym.en-gb.html?aid=304142&label=gen173nr-1DCAEoggI46AdIM1gEaMQBiAECmAEJuAEJyAER2AED6AEBiAIBqAIDuAKmm9z0BcACAQ&sid=42146239dcdf1e519ee673686891723f&all_sr_blocks=601166702_237331893_2_2_0&checkin=2020-04-24&checkout=2020-04-25&dest_id=186&dest_type=country&group_adults=2&group_children=0&hapos=251&highlighted_blocks=601166702_237331893_2_2_0&hpos=1&no_rooms=1&sr_order=class_and_price&sr_pri_blocks=601166702_237331893_2_2_0__80000&srepoch=1587182924&srpvid=e6db1d2559f8007f&ucfs=1&from=searchresultshttps://www.booking.com;highlight_room=#hotelTmpl,booking_kaggle,2020,2020-04-24,2026-09-13T06:37:49.339055+00:00,False
hotels_00251,3582454,Al Kanari Resort,Taif,Makkah,800,,8.9,44,Villa with Private Pool,"5 beds (2 singles, 1 extra-large double, 2 sofa beds)",6,,True,21.226815,40.378012,https://www.booking.com/hotel/sa/canary-villas.en-gb.html?aid=304142&label=gen173nr-1DCAEoggI46AdIM1gEaMQBiAECmAEJuAEJyAER2AED6AEBiAIBqAIDuAKmm9z0BcACAQ&sid=42146239dcdf1e519ee673686891723f&all_sr_blocks=358245401_194976972_6_0_0&checkin=2020-04-24&checkout=2020-04-25&dest_id=186&dest_type=country&group_adults=2&group_children=0&hapos=252&highlighted_blocks=358245401_194976972_6_0_0&hpos=2&no_rooms=1&sr_order=class_and_price&sr_pri_blocks=358245401_194976972_6_0_0__80000&srepoch=1587182924&srpvid=e6db1d2559f8007f&ucfs=1&from=searchresultshttps://www.booking.com;highlight_room=#hotelTmpl,booking_kaggle,2020,2020-04-24,2026-09-13T06:37:49.339055+00:00,False
hotels_00252,2293914,Villa Blanche,Unayzah,Qassim,900,,8.8,41,Villa with Private Pool,"3 beds (1 extra-large double, 2 sofa beds)",2,,,26.1289401215661,43.960257768631,https://www.booking.com/hotel/sa/villa-blanche.en-gb.html?aid=304142&label=gen173nr-1DCAEoggI46AdIM1gEaMQBiAECmAEJuAEJyAER2AED6AEBiAIBqAIDuAKmm9z0BcACAQ&sid=42146239dcdf1e519ee673686891723f&all_sr_blocks=229391401_121914512_2_0_0&checkin=2020-04-24&checkout=2020-04-25&dest_id=186&dest_type=country&group_adults=2&group_children=0&hapos=253&highlighted_blocks=229391401_121914512_2_0_0&hpos=3&no_rooms=1&sr_order=class_and_price&sr_pri_blocks=229391401_121914512_2_0_0__90000&srepoch=1587182924&srpvid=e6db1d2559f8007f&ucfs=1&from=searchresultshttps://www.booking.com;highlight_room=#hotelTmpl,booking_kaggle,2020,2020-04-24,2026-09-13T06:37:49.339055+00:00,False
hotels_00253,4169714,فيلا شاطئ الرايس,Rayyis,Madinah,1000,,8.1,13,Villa with Sea View,"23 beds (10 singles, 1 extra-large double, 12 sofa beds)",12,,True,23.561568,38.60433,https://www.booking.com/hotel/sa/fyl-sht-lrys.en-gb.html?aid=304142&label=gen173nr-1DCAEoggI46AdIM1gEaMQBiAECmAEJuAEJyAER2AED6AEBiAIBqAIDuAKmm9z0BcACAQ&sid=42146239dcdf1e519ee673686891723f&all_sr_blocks=416971401_179371048_12_0_0&checkin=2020-04-24&checkout=2020-04-25&dest_id=186&dest_type=country&group_adults=2&group_children=0&hapos=254&highlighted_blocks=416971401_179371048_12_0_0&hpos=4&no_rooms=1&sr_order=class_and_price&sr_pri_blocks=416971401_179371048_12_0_0__100000&srepoch=1587182924&srpvid=e6db1d2559f8007f&ucfs=1&from=searchresultshttps://www.booking.com;highlight_room=#hotelTmpl,booking_kaggle,2020,2020-04-24,2026-09-13T06:37:49.339055+00:00,False
hotels_00254,2390196,Park Inn by Radisson Hotel & Apartments Dammam Industrial City,Dammam,Eastern Province,1027,4,8.5,806,One-Bedroom Apartment,"2 beds (1 extra-large double, 1 sofa bed)",2,,True,26.23354,49.987051,https://www.booking.com/hotel/sa/park-inn-by-radisson-apartments-dammam-industrial-city.en-gb.html?aid=304142&label=gen173nr-1DCAEoggI46AdIM1gEaMQBiAECmAEJuAEJyAER2AED6AEBiAIBqAIDuAKmm9z0BcACAQ&sid=42146239dcdf1e519ee673686891723f&all_sr_blocks=239019603_255463779_2_42_0&checkin=2020-04-24&checkout=2020-04-25&dest_id=186&dest_type=country&group_adults=2&group_children=0&hapos=255&highlighted_blocks=239019603_255463779_2_42_0&hpos=5&no_rooms=1&sr_order=class_and_price&sr_pri_blocks=239019603_255463779_2_42_0__102690&srepoch=1587182924&srpvid=e6db1d2559f8007f&ucfs=1&from=searchresultshttps://www.booking.com;highlight_room=#hotelTmpl,booking_kaggle,2020,2020-04-24,2026-09-13T06:37:49.339055+00:00,False
hotels_00255,5916882,منتجع وفلل هوليداي,Riyadh,Riyadh,1100,4,9.3,15,Two-Bedroom Villa,"3 beds (2 singles, 1 extra-large double)",4,,True,24.8404183902234,46.6825364965363,https://www.booking.com/hotel/sa/mntj-wfll-hwlydy.en-gb.html?aid=304142&label=gen173nr-1DCAEoggI46AdIM1gEaMQBiAECmAEJuAEJyAER2AED6AEBiAIBqAIDuAKmm9z0BcACAQ&sid=42146239dcdf1e519ee673686891723f&all_sr_blocks=591688202_232068365_4_0_0&checkin=2020-04-24&checkout=2020-04-25&dest_id=186&dest_type=country&group_adults=2&group_children=0&hapos=256&highlighted_blocks=591688202_232068365_4_0_0&hpos=6&no_rooms=1&sr_order=class_and_price&sr_pri_blocks=591688202_232068365_4_0_0__110000&srepoch=1587182924&srpvid=e6db1d2559f8007f&ucfs=1&from=searchresultshttps://www.booking.com;highlight_room=#hotelTmpl,booking_kaggle,2020,2020-04-24,2026-09-13T06:37:49.339055+00:00,False
hotels_00256,250494,Dar Al Iman InterContinental,Madinah,Madinah,1129,4,8.5,3,Standard King Room with City View,1 bed (1 extra-large double),2,,True,24.4711104618436,39.6088242530823,https://www.booking.com/hotel/sa/dar-al-iman-intercontinental.en-gb.html?aid=304142&label=gen173nr-1DCAEoggI46AdIM1gEaMQBiAECmAEJuAEJyAER2AED6AEBiAIBqAIDuAKmm9z0BcACAQ&sid=42146239dcdf1e519ee673686891723f&all_sr_blocks=25049439_251342042_2_42_0&checkin=2020-04-24&checkout=2020-04-25&dest_id=186&dest_type=country&group_adults=2&group_children=0&hapos=257&highlighted_blocks=25049439_251342042_2_42_0&hpos=7&no_rooms=1&sr_order=class_and_price&sr_pri_blocks=25049439_251342042_2_42_0__112860&srepoch=1587182924&srpvid=e6db1d2559f8007f&ucfs=1&from=searchresultshttps://www.booking.com;highlight_room=#hotelTmpl,booking_kaggle,2020,2020-04-24,2026-09-13T06:37:49.339055+00:00,False
hotels_00257,5819638,شاليه بدرة العروس,Durat  Alarous,,1200,4,8.7,25,Two-Bedroom Chalet,"3 beds (2 doubles, 1 large double)",5,,,21.941511082797,38.956716776415,https://www.booking.com/hotel/sa/dr-l-rws-qry-lhlm.en-gb.html?aid=304142&label=gen173nr-1DCAEoggI46AdIM1gEaMQBiAECmAEJuAEJyAER2AED6AEBiAIBqAIDuAKmm9z0BcACAQ&sid=42146239dcdf1e519ee673686891723f&all_sr_blocks=581963801_226593161_5_0_0&checkin=2020-04-24&checkout=2020-04-25&dest_id=186&dest_type=country&group_adults=2&group_children=0&hapos=258&highlighted_blocks=581963801_226593161_5_0_0&hpos=8&no_rooms=1&sr_order=class_and_price&sr_pri_blocks=581963801_226593161_5_0_0__120000&srepoch=1587182924&srpvid=e6db1d2559f8007f&ucfs=1&from=searchresultshttps://www.booking.com;highlight_room=#hotelTmpl,booking_kaggle,2020,2020-04-24,2026-09-13T06:37:49.339055+00:00,False
hotels_00258,254963,Al Massa Hotel Makkah,Makkah,Makkah,1200,4,6.4,605,Twin Room,2 beds (2 singles),2,,,21.4200977296762,39.8280693590641,https://www.booking.com/hotel/sa/al-massa-makkah.en-gb.html?aid=304142&label=gen173nr-1DCAEoggI46AdIM1gEaMQBiAECmAEJuAEJyAER2AED6AEBiAIBqAIDuAKmm9z0BcACAQ&sid=42146239dcdf1e519ee673686891723f&all_sr_blocks=25496304_91915445_0_42_0&checkin=2020-04-24&checkout=2020-04-25&dest_id=186&dest_type=country&group_adults=2&group_children=0&hapos=259&highlighted_blocks=25496304_91915445_0_42_0&hpos=9&no_rooms=1&sr_order=class_and_price&sr_pri_blocks=25496304_91915445_0_42_0__120000&srepoch=1587182924&srpvid=e6db1d2559f8007f&ucfs=1&from=searchresultshttps://www.booking.com;highlight_room=#hotelTmpl,booking_kaggle,2020,2020-04-24,2026-09-13T06:37:49.339055+00:00,False
hotels_00259,3654943,Mnazel Jawraq,Riyadh,Riyadh,1600,,8.9,49,Villa with Private Pool,"4 beds (2 extra-large doubles, 2 sofa beds)",8,,,24.6528885468688,46.5915253083954,https://www.booking.com/hotel/sa/jwrq.en-gb.html?aid=304142&label=gen173nr-1DCAEoggI46AdIM1gEaMQBiAECmAEJuAEJyAER2AED6AEBiAIBqAIDuAKmm9z0BcACAQ&sid=42146239dcdf1e519ee673686891723f&all_sr_blocks=365494301_121450793_8_0_0&checkin=2020-04-24&checkout=2020-04-25&dest_id=186&dest_type=country&group_adults=2&group_children=0&hapos=260&highlighted_blocks=365494301_121450793_8_0_0&hpos=10&no_rooms=1&sr_order=class_and_price&sr_pri_blocks=365494301_121450793_8_0_0__160000&srepoch=1587182924&srpvid=e6db1d2559f8007f&ucfs=1&from=searchresultshttps://www.booking.com;highlight_room=#hotelTmpl,booking_kaggle,2020,2020-04-24,2026-09-13T06:37:49.339055+00:00,False
hotels_00260,3343222,Beach Time Villas Hotel,Jeddah,Makkah,2500,4,8.2,578,Three-Bedroom Villa,"5 beds (2 singles, 1 extra-large double, 1 sofa bed, 1 large double)",6,,,21.577118,39.115143,https://www.booking.com/hotel/sa/time-beach-villas-resort.en-gb.html?aid=304142&label=gen173nr-1DCAEoggI46AdIM1gEaMQBiAECmAEJuAEJyAER2AED6AEBiAIBqAIDuAKmm9z0BcACAQ&sid=42146239dcdf1e519ee673686891723f&all_sr_blocks=334322201_129241034_0_42_0&checkin=2020-04-24&checkout=2020-04-25&dest_id=186&dest_type=country&group_adults=2&group_children=0&hapos=261&highlighted_blocks=334322201_129241034_0_42_0&hpos=11&no_rooms=1&sr_order=class_and_price&sr_pri_blocks=334322201_129241034_0_42_0__250000&srepoch=1587182924&srpvid=e6db1d2559f8007f&ucfs=1&from=searchresultshttps://www.booking.com;highlight_room=#hotelTmpl,booking_kaggle,2020,2020-04-24,2026-09-13T06:37:49.339055+00:00,False
hotels_00261,1769851,Ruba Al Hijaz Hotel,Makkah,Makkah,38,3,7.4,229,King Room,1 bed (1 extra-large double),2,,True,21.3922569737537,39.8718839138746,https://www.booking.com/hotel/sa/rb-lhjz.en-gb.html?aid=304142&label=gen173nr-1DCAEoggI46AdIM1gEaMQBiAECmAEJuAEJyAER2AED6AEBiAIBqAIDuAKmm9z0BcACAQ&sid=42146239dcdf1e519ee673686891723f&all_sr_blocks=176985101_101314164_0_2_0&checkin=2020-04-24&checkout=2020-04-25&dest_id=186&dest_type=country&group_adults=2&group_children=0&hapos=262&highlighted_blocks=176985101_101314164_0_2_0&hpos=12&no_rooms=1&sr_order=class_and_price&sr_pri_blocks=176985101_101314164_0_2_0__3800&srepoch=1587182924&srpvid=e6db1d2559f8007f&ucfs=1&from=searchresultshttps://www.booking.com;highlight_room=#hotelTmpl,booking_kaggle,2020,2020-04-24,2026-09-13T06:37:49.339055+00:00,False
hotels_00262,1079243,Al Rahaba Almomaiazah Furnished Units 6,Jeddah,Makkah,58,,6.9,305,Studio Apartment,1 bed (1 double),2,,,21.520606695911,39.1581963631172,https://www.booking.com/hotel/sa/al-rahaba-6-furnished-units.en-gb.html?aid=304142&label=gen173nr-1DCAEoggI46AdIM1gEaMQBiAECmAEJuAEJyAER2AED6AEBiAIBqAIDuAKmm9z0BcACAQ&sid=42146239dcdf1e519ee673686891723f&all_sr_blocks=107924303_234527593_2_0_0&checkin=2020-04-24&checkout=2020-04-25&dest_id=186&dest_type=country&group_adults=2&group_children=0&hapos=263&highlighted_blocks=107924303_234527593_2_0_0&hpos=13&no_rooms=1&sr_order=class_and_price&sr_pri_blocks=107924303_234527593_2_0_0__5800&srepoch=1587182924&srpvid=e6db1d2559f8007f&ucfs=1&from=searchresultshttps://www.booking.com;highlight_room=#hotelTmpl,booking_kaggle,2020,2020-04-24,2026-09-13T06:37:49.339055+00:00,False
hotels_00263,279870,Reef Al Malaz Hotel International,Riyadh,Riyadh,64,3,6.4,733,Double or Twin Room,2 beds (2 singles),2,,True,24.6590107800997,46.7207980155945,https://www.booking.com/hotel/sa/tulip-inn-al-reef.en-gb.html?aid=304142&label=gen173nr-1DCAEoggI46AdIM1gEaMQBiAECmAEJuAEJyAER2AED6AEBiAIBqAIDuAKmm9z0BcACAQ&sid=42146239dcdf1e519ee673686891723f&all_sr_blocks=27987002_206223153_0_2_0&checkin=2020-04-24&checkout=2020-04-25&dest_id=186&dest_type=country&group_adults=2&group_children=0&hapos=264&highlighted_blocks=27987002_206223153_0_2_0&hpos=14&no_rooms=1&sr_order=class_and_price&sr_pri_blocks=27987002_206223153_0_2_0__6400&srepoch=1587182924&srpvid=e6db1d2559f8007f&ucfs=1&from=searchresultshttps://www.booking.com;highlight_room=#hotelTmpl,booking_kaggle,2020,2020-04-24,2026-09-13T06:37:49.339055+00:00,False
hotels_00264,249640,Almakan Hotel 105,Riyadh,Riyadh,64,3,5.9,3,Suite,"2 beds (1 sofa bed, 1 large double)",2,,True,24.6618066874761,46.7024114727974,https://www.booking.com/hotel/sa/golden-prince.en-gb.html?aid=304142&label=gen173nr-1DCAEoggI46AdIM1gEaMQBiAECmAEJuAEJyAER2AED6AEBiAIBqAIDuAKmm9z0BcACAQ&sid=42146239dcdf1e519ee673686891723f&all_sr_blocks=24964003_148436368_0_2_0&checkin=2020-04-24&checkout=2020-04-25&dest_id=186&dest_type=country&group_adults=2&group_children=0&hapos=265&highlighted_blocks=24964003_148436368_0_2_0&hpos=15&no_rooms=1&sr_order=class_and_price&sr_pri_blocks=24964003_148436368_0_2_0__6400&srepoch=1587182924&srpvid=e6db1d2559f8007f&ucfs=1&from=searchresultshttps://www.booking.com;highlight_room=#hotelTmpl,booking_kaggle,2020,2020-04-24,2026-09-13T06:37:49.339055+00:00,False
hotels_00265,1784440,Rahaf Al Mashaer Hotel,Makkah,Makkah,70,3,8.0,1,Double Room,2 beds (2 singles),2,,,21.4200395831217,39.8651639380981,https://www.booking.com/hotel/sa/rahaf-al-mashaer.en-gb.html?aid=304142&label=gen173nr-1DCAEoggI46AdIM1gEaMQBiAECmAEJuAEJyAER2AED6AEBiAIBqAIDuAKmm9z0BcACAQ&sid=42146239dcdf1e519ee673686891723f&all_sr_blocks=178444001_173404282_0_0_0&checkin=2020-04-24&checkout=2020-04-25&dest_id=186&dest_type=country&group_adults=2&group_children=0&hapos=266&highlighted_blocks=178444001_173404282_0_0_0&hpos=16&no_rooms=1&sr_order=class_and_price&sr_pri_blocks=178444001_173404282_0_0_0__7000&srepoch=1587182924&srpvid=e6db1d2559f8007f&ucfs=1&from=searchresultshttps://www.booking.com;highlight_room=#hotelTmpl,booking_kaggle,2020,2020-04-24,2026-09-13T06:37:49.339055+00:00,False
hotels_00266,5897076,OYO 369 Arwa Alqosor,Abha,Asir,71,3,7.1,114,Standard Studio,1 bed (1 extra-large double),2,,True,18.2306390851494,42.5083176141472,https://www.booking.com/hotel/sa/oyo-369-arwa-alqosor.en-gb.html?aid=304142&label=gen173nr-1DCAEoggI46AdIM1gEaMQBiAECmAEJuAEJyAER2AED6AEBiAIBqAIDuAKmm9z0BcACAQ&sid=42146239dcdf1e519ee673686891723f&all_sr_blocks=589707602_231345900_2_0_0&checkin=2020-04-24&checkout=2020-04-25&dest_id=186&dest_type=country&group_adults=2&group_children=0&hapos=267&highlighted_blocks=589707602_231345900_2_0_0&hpos=17&no_rooms=1&sr_order=class_and_price&sr_pri_blocks=589707602_231345900_2_0_0__7116&srepoch=1587182924&srpvid=e6db1d2559f8007f&ucfs=1&from=searchresultshttps://www.booking.com;highlight_room=#hotelTmpl,booking_kaggle,2020,2020-04-24,2026-09-13T06:37:49.339055+00:00,False
hotels_00267,547154,Abeer Al Azizia Hotel,Makkah,Makkah,76,3,7.0,214,Double Room,1 bed (1 double),2,,True,21.4000983455598,39.8814815282822,https://www.booking.com/hotel/sa/abeer-al-azizia.en-gb.html?aid=304142&label=gen173nr-1DCAEoggI46AdIM1gEaMQBiAECmAEJuAEJyAER2AED6AEBiAIBqAIDuAKmm9z0BcACAQ&sid=42146239dcdf1e519ee673686891723f&all_sr_blocks=54715408_195442328_0_0_0&checkin=2020-04-24&checkout=2020-04-25&dest_id=186&dest_type=country&group_adults=2&group_children=0&hapos=268&highlighted_blocks=54715408_195442328_0_0_0&hpos=18&no_rooms=1&sr_order=class_and_price&sr_pri_blocks=54715408_195442328_0_0_0__7600&srepoch=1587182924&srpvid=e6db1d2559f8007f&ucfs=1&from=searchresultshttps://www.booking.com;highlight_room=#hotelTmpl,booking_kaggle,2020,2020-04-24,2026-09-13T06:37:49.339055+00:00,False
hotels_00268,390366,OYO 402 Jawhrat Asfari Hotel,Al Khobar,Eastern Province,77,3,5.2,21,Standard Studio,1 bed (1 extra-large double),2,,True,26.2826486601931,50.2110171318054,https://www.booking.com/hotel/sa/safari-al-khair.en-gb.html?aid=304142&label=gen173nr-1DCAEoggI46AdIM1gEaMQBiAECmAEJuAEJyAER2AED6AEBiAIBqAIDuAKmm9z0BcACAQ&sid=42146239dcdf1e519ee673686891723f&all_sr_blocks=39036603_256687766_2_0_0&checkin=2020-04-24&checkout=2020-04-25&dest_id=186&dest_type=country&group_adults=2&group_children=0&hapos=269&highlighted_blocks=39036603_256687766_2_0_0&hpos=19&no_rooms=1&sr_order=class_and_price&sr_pri_blocks=39036603_256687766_2_0_0__7669&srepoch=1587182924&srpvid=e6db1d2559f8007f&ucfs=1&from=searchresultshttps://www.booking.com;highlight_room=#hotelTmpl,booking_kaggle,2020,2020-04-24,2026-09-13T06:37:49.339055+00:00,False
hotels_00269,5322094,زهرة البديع للشقق الفندقيه,Sirr Āl Ghalīz̧,,86,,7.8,46,One-Bedroom Apartment,1 bed (1 extra-large double),2,,,18.2249105581791,42.5891974048156,https://www.booking.com/hotel/sa/zhr-lbdy-llshq-lfndqyh.en-gb.html?aid=304142&label=gen173nr-1DCAEoggI46AdIM1gEaMQBiAECmAEJuAEJyAER2AED6AEBiAIBqAIDuAKmm9z0BcACAQ&sid=42146239dcdf1e519ee673686891723f&all_sr_blocks=532209403_231977368_2_0_0&checkin=2020-04-24&checkout=2020-04-25&dest_id=186&dest_type=country&group_adults=2&group_children=0&hapos=270&highlighted_blocks=532209403_231977368_2_0_0&hpos=20&no_rooms=1&sr_order=class_and_price&sr_pri_blocks=532209403_231977368_2_0_0__8550&srepoch=1587182924&srpvid=e6db1d2559f8007f&ucfs=1&from=searchresultshttps://www.booking.com;highlight_room=#hotelTmpl,booking_kaggle,2020,2020-04-24,2026-09-13T06:37:49.339055+00:00,False
hotels_00270,6019474,OYO 389 Diar Rawshan,Dammam,Eastern Province,87,3,7.5,93,Standard Studio,1 bed (1 extra-large double),2,,True,26.420834,50.025402,https://www.booking.com/hotel/sa/oyo-389-diar-rawshan.en-gb.html?aid=304142&label=gen173nr-1DCAEoggI46AdIM1gEaMQBiAECmAEJuAEJyAER2AED6AEBiAIBqAIDuAKmm9z0BcACAQ&sid=42146239dcdf1e519ee673686891723f&all_sr_blocks=601947402_236094381_2_0_0&checkin=2020-04-24&checkout=2020-04-25&dest_id=186&dest_type=country&group_adults=2&group_children=0&hapos=271&highlighted_blocks=601947402_236094381_2_0_0&hpos=21&no_rooms=1&sr_order=class_and_price&sr_pri_blocks=601947402_236094381_2_0_0__8697&srepoch=1587182924&srpvid=e6db1d2559f8007f&ucfs=1&from=searchresultshttps://www.booking.com;highlight_room=#hotelTmpl,booking_kaggle,2020,2020-04-24,2026-09-13T06:37:49.339055+00:00,False
hotels_00271,375167,OYO 372 Nawazi Watheer Hotel,Makkah,Makkah,88,3,7.7,549,Deluxe Room,2 beds (2 singles),2,,True,21.4288529973363,39.816350787878,https://www.booking.com/hotel/sa/nawazi-wathier.en-gb.html?aid=304142&label=gen173nr-1DCAEoggI46AdIM1gEaMQBiAECmAEJuAEJyAER2AED6AEBiAIBqAIDuAKmm9z0BcACAQ&sid=42146239dcdf1e519ee673686891723f&all_sr_blocks=37516708_253239038_2_0_0&checkin=2020-04-24&checkout=2020-04-25&dest_id=186&dest_type=country&group_adults=2&group_children=0&hapos=272&highlighted_blocks=37516708_253239038_2_0_0&hpos=22&no_rooms=1&sr_order=class_and_price&sr_pri_blocks=37516708_253239038_2_0_0__8777&srepoch=1587182924&srpvid=e6db1d2559f8007f&ucfs=1&from=searchresultshttps://www.booking.com;highlight_room=#hotelTmpl,booking_kaggle,2020,2020-04-24,2026-09-13T06:37:49.339055+00:00,False
hotels_00272,5584189,دار ال زاهب للشقق المفروشة,Tabuk,Tabuk,90,3,8.1,141,One-Bedroom Apartment,"5 beds (1 extra-large double, 4 sofa beds)",2,,True,28.3921433789787,36.5960198426361,https://www.booking.com/hotel/sa/dr-l-zhb-ll-jnh-lfndqy.en-gb.html?aid=304142&label=gen173nr-1DCAEoggI46AdIM1gEaMQBiAECmAEJuAEJyAER2AED6AEBiAIBqAIDuAKmm9z0BcACAQ&sid=42146239dcdf1e519ee673686891723f&all_sr_blocks=558418902_221685942_2_0_0&checkin=2020-04-24&checkout=2020-04-25&dest_id=186&dest_type=country&group_adults=2&group_children=0&hapos=273&highlighted_blocks=558418902_221685942_2_0_0&hpos=23&no_rooms=1&sr_order=class_and_price&sr_pri_blocks=558418902_221685942_2_0_0__9000&srepoch=1587182924&srpvid=e6db1d2559f8007f&ucfs=1&from=searchresultshttps://www.booking.com;highlight_room=#hotelTmpl,booking_kaggle,2020,2020-04-24,2026-09-13T06:37:49.339055+00:00,False
hotels_00273,1269117,Jiwar Albyt Hotel,Makkah,Makkah,90,3,7.4,367,Triple Room,3 beds (3 singles),3,,True,21.4111201639371,39.8616814613342,https://www.booking.com/hotel/sa/jewar-al-mashaer.en-gb.html?aid=304142&label=gen173nr-1DCAEoggI46AdIM1gEaMQBiAECmAEJuAEJyAER2AED6AEBiAIBqAIDuAKmm9z0BcACAQ&sid=42146239dcdf1e519ee673686891723f&all_sr_blocks=126911702_231352316_0_0_0&checkin=2020-04-24&checkout=2020-04-25&dest_id=186&dest_type=country&group_adults=2&group_children=0&hapos=274&highlighted_blocks=126911702_231352316_0_0_0&hpos=24&no_rooms=1&sr_order=class_and_price&sr_pri_blocks=126911702_231352316_0_0_0__9000&srepoch=1587182924&srpvid=e6db1d2559f8007f&ucfs=1&from=searchresultshttps://www.booking.com;highlight_room=#hotelTmpl,booking_kaggle,2020,2020-04-24,2026-09-13T06:37:49.339055+00:00,False
hotels_00274,6384884,OYO 463 Mawada Alaziziya,Madinah,Madinah,93,3,,,Standard Studio,2 beds (2 singles),2,,True,24.459604877587,39.5285290892716,https://www.booking.com/hotel/sa/oyo-463-mawada-alaziziya.en-gb.html?aid=304142&label=gen173nr-1DCAEoggI46AdIM1gEaMQBiAECmAEJuAEJyAER2AED6AEBiAIBqAIDuAKmm9z0BcACAQ&sid=42146239dcdf1e519ee673686891723f&all_sr_blocks=638488401_253271079_2_0_0&checkin=2020-04-24&checkout=2020-04-25&dest_id=186&dest_type=country&group_adults=2&group_children=0&hapos=275&highlighted_blocks=638488401_253271079_2_0_0&hpos=25&no_rooms=1&sr_order=class_and_price&sr_pri_blocks=638488401_253271079_2_0_0__9346&srepoch=1587182924&srpvid=e6db1d2559f8007f&ucfs=1&from=searchresultshttps://www.booking.com;highlight_room=#hotelTmpl,booking_kaggle,2020,2020-04-24,2026-09-13T06:37:49.339055+00:00,False
hotels_00275,2359190,Al Rawhanya Hotel,Makkah,Makkah,95,3,7.6,1,Quadruple Room,4 beds (4 singles),4,,True,21.4562865078092,39.8455104231834,https://www.booking.com/hotel/sa/alrawhanya.en-gb.html?aid=304142&label=gen173nr-1DCAEoggI46AdIM1gEaMQBiAECmAEJuAEJyAER2AED6AEBiAIBqAIDuAKmm9z0BcACAQ&sid=42146239dcdf1e519ee673686891723f&all_sr_blocks=235919007_155199272_0_0_0&checkin=2020-04-24&checkout=2020-04-25&dest_id=186&dest_type=country&group_adults=2&group_children=0&hapos=276&highlighted_blocks=235919007_155199272_0_0_0&hpos=1&no_rooms=1&sr_order=class_and_price&sr_pri_blocks=235919007_155199272_0_0_0__9500&srepoch=1587182932&srpvid=e6db1d2a5bf60078&ucfs=1&from=searchresultshttps://www.booking.com;highlight_room=#hotelTmpl,booking_kaggle,2020,2020-04-24,2026-09-13T06:37:49.339055+00:00,False
hotels_00276,6300820,فندق دولف الخبر,Al Khobar,Eastern Province,99,3,8.6,17,Deluxe Room,1 bed (1 extra-large double),2,,True,26.283976256621,50.1957990340042,https://www.booking.com/hotel/sa/fndq-dwlf-lkhbr.en-gb.html?aid=304142&label=gen173nr-1DCAEoggI46AdIM1gEaMQBiAECmAEJuAEJyAER2AED6AEBiAIBqAIDuAKmm9z0BcACAQ&sid=42146239dcdf1e519ee673686891723f&all_sr_blocks=630082001_248310328_2_0_0&checkin=2020-04-24&checkout=2020-04-25&dest_id=186&dest_type=country&group_adults=2&group_children=0&hapos=277&highlighted_blocks=630082001_248310328_2_0_0&hpos=2&no_rooms=1&sr_order=class_and_price&sr_pri_blocks=630082001_248310328_2_0_0__9900&srepoch=1587182932&srpvid=e6db1d2a5bf60078&ucfs=1&from=searchresultshttps://www.booking.com;highlight_room=#hotelTmpl,booking_kaggle,2020,2020-04-24,2026-09-13T06:37:49.339055+00:00,False
hotels_00277,5244427,OYO 395 Al Hafof Hotel,Jeddah,Makkah,100,3,6.6,185,Standard King Room,1 bed (1 extra-large double),2,,True,21.522915156132,39.1923484182523,https://www.booking.com/hotel/sa/fndq-lhfwf.en-gb.html?aid=304142&label=gen173nr-1DCAEoggI46AdIM1gEaMQBiAECmAEJuAEJyAER2AED6AEBiAIBqAIDuAKmm9z0BcACAQ&sid=42146239dcdf1e519ee673686891723f&all_sr_blocks=524442707_237138239_2_0_0&checkin=2020-04-24&checkout=2020-04-25&dest_id=186&dest_type=country&group_adults=2&group_children=0&hapos=278&highlighted_blocks=524442707_237138239_2_0_0&hpos=3&no_rooms=1&sr_order=class_and_price&sr_pri_blocks=524442707_237138239_2_0_0__9971&srepoch=1587182932&srpvid=e6db1d2a5bf60078&ucfs=1&from=searchresultshttps://www.booking.com;highlight_room=#hotelTmpl,booking_kaggle,2020,2020-04-24,2026-09-13T06:37:49.339055+00:00,False
hotels_00278,6280778,Gardinia Inn Furnished Units,Jeddah,Makkah,100,3,5.6,15,Double Room,1 bed (1 double),2,,True,21.6276850883847,39.1618165383453,https://www.booking.com/hotel/sa/jrdyny-n-llshqq-lmfrwsh.en-gb.html?aid=304142&label=gen173nr-1DCAEoggI46AdIM1gEaMQBiAECmAEJuAEJyAER2AED6AEBiAIBqAIDuAKmm9z0BcACAQ&sid=42146239dcdf1e519ee673686891723f&all_sr_blocks=628077808_244704439_2_0_0&checkin=2020-04-24&checkout=2020-04-25&dest_id=186&dest_type=country&group_adults=2&group_children=0&hapos=279&highlighted_blocks=628077808_244704439_2_0_0&hpos=4&no_rooms=1&sr_order=class_and_price&sr_pri_blocks=628077808_244704439_2_0_0__10000&srepoch=1587182932&srpvid=e6db1d2a5bf60078&ucfs=1&from=searchresultshttps://www.booking.com;highlight_room=#hotelTmpl,booking_kaggle,2020,2020-04-24,2026-09-13T06:37:49.339055+00:00,False
hotels_00279,2080985,Reef Global Hotel -Al Maabda,Makkah,Makkah,100,3,7.7,76,Twin Room,2 beds (2 singles),2,,True,21.439675345867,39.8438973468728,https://www.booking.com/hotel/sa/reef-makkah-al-maabda.en-gb.html?aid=304142&label=gen173nr-1DCAEoggI46AdIM1gEaMQBiAECmAEJuAEJyAER2AED6AEBiAIBqAIDuAKmm9z0BcACAQ&sid=42146239dcdf1e519ee673686891723f&all_sr_blocks=208098501_98363981_2_0_0&checkin=2020-04-24&checkout=2020-04-25&dest_id=186&dest_type=country&group_adults=2&group_children=0&hapos=280&highlighted_blocks=208098501_98363981_2_0_0&hpos=5&no_rooms=1&sr_order=class_and_price&sr_pri_blocks=208098501_98363981_2_0_0__10000&srepoch=1587182932&srpvid=e6db1d2a5bf60078&ucfs=1&from=searchresultshttps://www.booking.com;highlight_room=#hotelTmpl,booking_kaggle,2020,2020-04-24,2026-09-13T06:37:49.339055+00:00,False
hotels_00280,1233748,Taj Al Munera 2,Dammam,Eastern Province,100,,6.8,91,One-Bedroom Apartment,1 bed (1 double),2,,True,26.4251881148849,50.0687715411186,https://www.booking.com/hotel/sa/taj-almunera-2-dammam.en-gb.html?aid=304142&label=gen173nr-1DCAEoggI46AdIM1gEaMQBiAECmAEJuAEJyAER2AED6AEBiAIBqAIDuAKmm9z0BcACAQ&sid=42146239dcdf1e519ee673686891723f&all_sr_blocks=123374802_195517710_2_0_0&checkin=2020-04-24&checkout=2020-04-25&dest_id=186&dest_type=country&group_adults=2&group_children=0&hapos=281&highlighted_blocks=123374802_195517710_2_0_0&hpos=6&no_rooms=1&sr_order=class_and_price&sr_pri_blocks=123374802_195517710_2_0_0__10000&srepoch=1587182932&srpvid=e6db1d2a5bf60078&ucfs=1&from=searchresultshttps://www.booking.com;highlight_room=#hotelTmpl,booking_kaggle,2020,2020-04-24,2026-09-13T06:37:49.339055+00:00,False
hotels_00281,2185273,Al Masarah Furnished Units,Yanbu,Madinah,100,,7.6,232,Standard Studio,2 beds (2 singles),2,,True,24.1266003324857,38.0033692717552,https://www.booking.com/hotel/sa/al-masarah.en-gb.html?aid=304142&label=gen173nr-1DCAEoggI46AdIM1gEaMQBiAECmAEJuAEJyAER2AED6AEBiAIBqAIDuAKmm9z0BcACAQ&sid=42146239dcdf1e519ee673686891723f&all_sr_blocks=218527302_110694950_2_0_0&checkin=2020-04-24&checkout=2020-04-25&dest_id=186&dest_type=country&group_adults=2&group_children=0&hapos=282&highlighted_blocks=218527302_110694950_2_0_0&hpos=7&no_rooms=1&sr_order=class_and_price&sr_pri_blocks=218527302_110694950_2_0_0__10000&srepoch=1587182932&srpvid=e6db1d2a5bf60078&ucfs=1&from=searchresultshttps://www.booking.com;highlight_room=#hotelTmpl,booking_kaggle,2020,2020-04-24,2026-09-13T06:37:49.339055+00:00,False
hotels_00282,6229541,مكارم ضيافة البيت1,Jarwal,,100,3,,,Standard Family Room,5 beds (5 singles),5,,True,21.414306,39.822569,https://www.booking.com/hotel/sa/mkrm-dyf-lbyt1.en-gb.html?aid=304142&label=gen173nr-1DCAEoggI46AdIM1gEaMQBiAECmAEJuAEJyAER2AED6AEBiAIBqAIDuAKmm9z0BcACAQ&sid=42146239dcdf1e519ee673686891723f&all_sr_blocks=622954104_245480714_5_0_0&checkin=2020-04-24&checkout=2020-04-25&dest_id=186&dest_type=country&group_adults=2&group_children=0&hapos=283&highlighted_blocks=622954104_245480714_5_0_0&hpos=8&no_rooms=1&sr_order=class_and_price&sr_pri_blocks=622954104_245480714_5_0_0__10000&srepoch=1587182932&srpvid=e6db1d2a5bf60078&ucfs=1&from=searchresultshttps://www.booking.com;highlight_room=#hotelTmpl,booking_kaggle,2020,2020-04-24,2026-09-13T06:37:49.339055+00:00,False
hotels_00283,6084243,OYO 401 Al Zaidan For Furnished Units,Hafa,,102,3,8.3,24,Standard Studio Twin,1 bed (1 extra-large double),2,,True,26.361454,43.95021,https://www.booking.com/hotel/sa/oyo-401-al-zaidan-for-furnished-units.en-gb.html?aid=304142&label=gen173nr-1DCAEoggI46AdIM1gEaMQBiAECmAEJuAEJyAER2AED6AEBiAIBqAIDuAKmm9z0BcACAQ&sid=42146239dcdf1e519ee673686891723f&all_sr_blocks=608424305_238655659_2_0_0&checkin=2020-04-24&checkout=2020-04-25&dest_id=186&dest_type=country&group_adults=2&group_children=0&hapos=284&highlighted_blocks=608424305_238655659_2_0_0&hpos=9&no_rooms=1&sr_order=class_and_price&sr_pri_blocks=608424305_238655659_2_0_0__10199&srepoch=1587182932&srpvid=e6db1d2a5bf60078&ucfs=1&from=searchresultshttps://www.booking.com;highlight_room=#hotelTmpl,booking_kaggle,2020,2020-04-24,2026-09-13T06:37:49.339055+00:00,False
hotels_00284,5891357,OYO 351 Darr Mesk,Hail,Hail,102,3,7.3,45,Standard Studio Double,1 bed (1 extra-large double),2,,,27.459055,41.64559,https://www.booking.com/hotel/sa/oyo-351-darr-mesk.en-gb.html?aid=304142&label=gen173nr-1DCAEoggI46AdIM1gEaMQBiAECmAEJuAEJyAER2AED6AEBiAIBqAIDuAKmm9z0BcACAQ&sid=42146239dcdf1e519ee673686891723f&all_sr_blocks=589135703_248712017_2_0_0&checkin=2020-04-24&checkout=2020-04-25&dest_id=186&dest_type=country&group_adults=2&group_children=0&hapos=285&highlighted_blocks=589135703_248712017_2_0_0&hpos=10&no_rooms=1&sr_order=class_and_price&sr_pri_blocks=589135703_248712017_2_0_0__10199&srepoch=1587182932&srpvid=e6db1d2a5bf60078&ucfs=1&from=searchresultshttps://www.booking.com;highlight_room=#hotelTmpl,booking_kaggle,2020,2020-04-24,2026-09-13T06:37:49.339055+00:00,False
hotels_00285,3172195,OYO 350 Dar Almadinah,Jeddah,Makkah,102,3,6.8,54,One-Bedroom Apartment,1 bed (1 extra-large double),2,,True,21.6093677552203,39.1334080696106,https://www.booking.com/hotel/sa/dr-lmdyn-llwhdt-lskny-lmfrwsh-shr-hr-grb-dwr-ltrykh.en-gb.html?aid=304142&label=gen173nr-1DCAEoggI46AdIM1gEaMQBiAECmAEJuAEJyAER2AED6AEBiAIBqAIDuAKmm9z0BcACAQ&sid=42146239dcdf1e519ee673686891723f&all_sr_blocks=317219503_230540559_2_0_0&checkin=2020-04-24&checkout=2020-04-25&dest_id=186&dest_type=country&group_adults=2&group_children=0&hapos=286&highlighted_blocks=317219503_230540559_2_0_0&hpos=11&no_rooms=1&sr_order=class_and_price&sr_pri_blocks=317219503_230540559_2_0_0__10200&srepoch=1587182932&srpvid=e6db1d2a5bf60078&ucfs=1&from=searchresultshttps://www.booking.com;highlight_room=#hotelTmpl,booking_kaggle,2020,2020-04-24,2026-09-13T06:37:49.339055+00:00,False
hotels_00286,5658125,اجنحة كنوز للوحدات السكنية المفروشة,Jeddah,Makkah,105,3,7.9,107,Standard Studio,1 bed (1 double),2,,True,21.5234617970707,39.2225882625655,https://www.booking.com/hotel/sa/jnh-knwz-llwhdt-lskny-lmfrwsh.en-gb.html?aid=304142&label=gen173nr-1DCAEoggI46AdIM1gEaMQBiAECmAEJuAEJyAER2AED6AEBiAIBqAIDuAKmm9z0BcACAQ&sid=42146239dcdf1e519ee673686891723f&all_sr_blocks=565812501_218265949_2_0_0&checkin=2020-04-24&checkout=2020-04-25&dest_id=186&dest_type=country&group_adults=2&group_children=0&hapos=287&highlighted_blocks=565812501_218265949_2_0_0&hpos=12&no_rooms=1&sr_order=class_and_price&sr_pri_blocks=565812501_218265949_2_0_0__10469&srepoch=1587182932&srpvid=e6db1d2a5bf60078&ucfs=1&from=searchresultshttps://www.booking.com;highlight_room=#hotelTmpl,booking_kaggle,2020,2020-04-24,2026-09-13T06:37:49.339055+00:00,False
hotels_00287,6314437,Safa Al-Mashaer,Makkah,Makkah,105,3,,,Triple Room with Bath,3 beds (3 singles),3,,True,21.405352,39.852768,https://www.booking.com/hotel/sa/safa-al-mashaer.en-gb.html?aid=304142&label=gen173nr-1DCAEoggI46AdIM1gEaMQBiAECmAEJuAEJyAER2AED6AEBiAIBqAIDuAKmm9z0BcACAQ&sid=42146239dcdf1e519ee673686891723f&all_sr_blocks=631443701_246279506_3_0_0&checkin=2020-04-24&checkout=2020-04-25&dest_id=186&dest_type=country&group_adults=2&group_children=0&hapos=288&highlighted_blocks=631443701_246279506_3_0_0&hpos=13&no_rooms=1&sr_order=class_and_price&sr_pri_blocks=631443701_246279506_3_0_0__10500&srepoch=1587182932&srpvid=e6db1d2a5bf60078&ucfs=1&from=searchresultshttps://www.booking.com;highlight_room=#hotelTmpl,booking_kaggle,2020,2020-04-24,2026-09-13T06:37:49.339055+00:00,False
hotels_00288,6018923,رنيم للأجنحة الفندقية,Jeddah,Makkah,105,3,8.0,16,Studio,1 bed (1 double),2,,True,21.515375,39.162399,https://www.booking.com/hotel/sa/rnym-ll-jnh-lfndqy.en-gb.html?aid=304142&label=gen173nr-1DCAEoggI46AdIM1gEaMQBiAECmAEJuAEJyAER2AED6AEBiAIBqAIDuAKmm9z0BcACAQ&sid=42146239dcdf1e519ee673686891723f&all_sr_blocks=601892304_243483909_2_0_0&checkin=2020-04-24&checkout=2020-04-25&dest_id=186&dest_type=country&group_adults=2&group_children=0&hapos=289&highlighted_blocks=601892304_243483909_2_0_0&hpos=14&no_rooms=1&sr_order=class_and_price&sr_pri_blocks=601892304_243483909_2_0_0__10507&srepoch=1587182932&srpvid=e6db1d2a5bf60078&ucfs=1&from=searchresultshttps://www.booking.com;highlight_room=#hotelTmpl,booking_kaggle,2020,2020-04-24,2026-09-13T06:37:49.339055+00:00,False
hotels_00289,4381607,Praha Hotel,Jeddah,Makkah,106,3,6.8,837,Studio,1 bed (1 double),2,,True,21.588054,39.169813,https://www.booking.com/hotel/sa/fndq-brh.en-gb.html?aid=304142&label=gen173nr-1DCAEoggI46AdIM1gEaMQBiAECmAEJuAEJyAER2AED6AEBiAIBqAIDuAKmm9z0BcACAQ&sid=42146239dcdf1e519ee673686891723f&all_sr_blocks=438160704_220807788_2_0_0&checkin=2020-04-24&checkout=2020-04-25&dest_id=186&dest_type=country&group_adults=2&group_children=0&hapos=290&highlighted_blocks=438160704_220807788_2_0_0&hpos=15&no_rooms=1&sr_order=class_and_price&sr_pri_blocks=438160704_220807788_2_0_0__10625&srepoch=1587182932&srpvid=e6db1d2a5bf60078&ucfs=1&from=searchresultshttps://www.booking.com;highlight_room=#hotelTmpl,booking_kaggle,2020,2020-04-24,2026-09-13T06:37:49.339055+00:00,False
hotels_00290,6182277,بيوت الشرم,Yanbu,Madinah,110,3,6.2,8,Economy Double Room,5 beds (5 singles),5,,True,24.162571,37.962307,https://www.booking.com/hotel/sa/bywt-lshrm.en-gb.html?aid=304142&label=gen173nr-1DCAEoggI46AdIM1gEaMQBiAECmAEJuAEJyAER2AED6AEBiAIBqAIDuAKmm9z0BcACAQ&sid=42146239dcdf1e519ee673686891723f&all_sr_blocks=618227702_241374680_5_0_0&checkin=2020-04-24&checkout=2020-04-25&dest_id=186&dest_type=country&group_adults=2&group_children=0&hapos=291&highlighted_blocks=618227702_241374680_5_0_0&hpos=16&no_rooms=1&sr_order=class_and_price&sr_pri_blocks=618227702_241374680_5_0_0__11000&srepoch=1587182932&srpvid=e6db1d2a5bf60078&ucfs=1&from=searchresultshttps://www.booking.com;highlight_room=#hotelTmpl,booking_kaggle,2020,2020-04-24,2026-09-13T06:37:49.339055+00:00,False
hotels_00291,6387097,Qasr alshawamekh,Riyadh,Riyadh,110,3,,,Economy Double Room,2 beds (2 singles),2,,True,24.616837,46.755547,https://www.booking.com/hotel/sa/qasr-alshawamekh.en-gb.html?aid=304142&label=gen173nr-1DCAEoggI46AdIM1gEaMQBiAECmAEJuAEJyAER2AED6AEBiAIBqAIDuAKmm9z0BcACAQ&sid=42146239dcdf1e519ee673686891723f&all_sr_blocks=638709702_253375318_2_0_0&checkin=2020-04-24&checkout=2020-04-25&dest_id=186&dest_type=country&group_adults=2&group_children=0&hapos=292&highlighted_blocks=638709702_253375318_2_0_0&hpos=17&no_rooms=1&sr_order=class_and_price&sr_pri_blocks=638709702_253375318_2_0_0__11000&srepoch=1587182932&srpvid=e6db1d2a5bf60078&ucfs=1&from=searchresultshttps://www.booking.com;highlight_room=#hotelTmpl,booking_kaggle,2020,2020-04-24,2026-09-13T06:37:49.339055+00:00,False
hotels_00292,6177448,OYO 412 Qasr Aseer,Khamis Mushait,Asir,111,3,,,Standard Studio,1 bed (1 extra-large double),2,,True,18.3090956583059,42.7578274579964,https://www.booking.com/hotel/sa/oyo-412-qasr-aseer.en-gb.html?aid=304142&label=gen173nr-1DCAEoggI46AdIM1gEaMQBiAECmAEJuAEJyAER2AED6AEBiAIBqAIDuAKmm9z0BcACAQ&sid=42146239dcdf1e519ee673686891723f&all_sr_blocks=617744801_241333574_2_0_0&checkin=2020-04-24&checkout=2020-04-25&dest_id=186&dest_type=country&group_adults=2&group_children=0&hapos=293&highlighted_blocks=617744801_241333574_2_0_0&hpos=18&no_rooms=1&sr_order=class_and_price&sr_pri_blocks=617744801_241333574_2_0_0__11148&srepoch=1587182932&srpvid=e6db1d2a5bf60078&ucfs=1&from=searchresultshttps://www.booking.com;highlight_room=#hotelTmpl,booking_kaggle,2020,2020-04-24,2026-09-13T06:37:49.339055+00:00,False
hotels_00293,3983913,Abha Sky (Families Only),Abha,Asir,112,3,8.7,211,Large Double or Twin Room,1 bed (1 large double),2,,True,18.2874216712425,42.59332499469,https://www.booking.com/hotel/sa/abha-sky.en-gb.html?aid=304142&label=gen173nr-1DCAEoggI46AdIM1gEaMQBiAECmAEJuAEJyAER2AED6AEBiAIBqAIDuAKmm9z0BcACAQ&sid=42146239dcdf1e519ee673686891723f&all_sr_blocks=398391301_253819459_2_0_0&checkin=2020-04-24&checkout=2020-04-25&dest_id=186&dest_type=country&group_adults=2&group_children=0&hapos=294&highlighted_blocks=398391301_253819459_2_0_0&hpos=19&no_rooms=1&sr_order=class_and_price&sr_pri_blocks=398391301_253819459_2_0_0__11200&srepoch=1587182932&srpvid=e6db1d2a5bf60078&ucfs=1&from=searchresultshttps://www.booking.com;highlight_room=#hotelTmpl,booking_kaggle,2020,2020-04-24,2026-09-13T06:37:49.339055+00:00,False
hotels_00294,5036687,Rozana 2 ApartHotel,Jeddah,Makkah,115,3,7.0,93,Standard Double Room,1 bed (1 extra-large double),2,,True,21.581858,39.159665,https://www.booking.com/hotel/sa/rwzn-2-ll-jnh-lfndqy.en-gb.html?aid=304142&label=gen173nr-1DCAEoggI46AdIM1gEaMQBiAECmAEJuAEJyAER2AED6AEBiAIBqAIDuAKmm9z0BcACAQ&sid=42146239dcdf1e519ee673686891723f&all_sr_blocks=503668701_172460818_0_0_0&checkin=2020-04-24&checkout=2020-04-25&dest_id=186&dest_type=country&group_adults=2&group_children=0&hapos=295&highlighted_blocks=503668701_172460818_0_0_0&hpos=20&no_rooms=1&sr_order=class_and_price&sr_pri_blocks=503668701_172460818_0_0_0__11500&srepoch=1587182932&srpvid=e6db1d2a5bf60078&ucfs=1&from=searchresultshttps://www.booking.com;highlight_room=#hotelTmpl,booking_kaggle,2020,2020-04-24,2026-09-13T06:37:49.339055+00:00,False
hotels_00295,6205982,رويال,Al Kharj,Riyadh,115,3,7.4,7,Studio,1 bed (1 extra-large double),2,,True,24.182546,47.372046,https://www.booking.com/hotel/sa/rwyl-al-kharj.en-gb.html?aid=304142&label=gen173nr-1DCAEoggI46AdIM1gEaMQBiAECmAEJuAEJyAER2AED6AEBiAIBqAIDuAKmm9z0BcACAQ&sid=42146239dcdf1e519ee673686891723f&all_sr_blocks=620598204_242047133_2_0_0&checkin=2020-04-24&checkout=2020-04-25&dest_id=186&dest_type=country&group_adults=2&group_children=0&hapos=296&highlighted_blocks=620598204_242047133_2_0_0&hpos=21&no_rooms=1&sr_order=class_and_price&sr_pri_blocks=620598204_242047133_2_0_0__11500&srepoch=1587182932&srpvid=e6db1d2a5bf60078&ucfs=1&from=searchresultshttps://www.booking.com;highlight_room=#hotelTmpl,booking_kaggle,2020,2020-04-24,2026-09-13T06:37:49.339055+00:00,False
hotels_00296,4740747,Tera Sedky Hotel,Makkah,Makkah,116,3,6.3,870,Special Offer - Twin Room,2 beds (2 singles),2,,,21.419166,39.864316,https://www.booking.com/hotel/sa/zac-sedky.en-gb.html?aid=304142&label=gen173nr-1DCAEoggI46AdIM1gEaMQBiAECmAEJuAEJyAER2AED6AEBiAIBqAIDuAKmm9z0BcACAQ&sid=42146239dcdf1e519ee673686891723f&all_sr_blocks=474074701_148015781_0_0_0&checkin=2020-04-24&checkout=2020-04-25&dest_id=186&dest_type=country&group_adults=2&group_children=0&hapos=297&highlighted_blocks=474074701_148015781_0_0_0&hpos=22&no_rooms=1&sr_order=class_and_price&sr_pri_blocks=474074701_148015781_0_0_0__11600&srepoch=1587182932&srpvid=e6db1d2a5bf60078&ucfs=1&from=searchresultshttps://www.booking.com;highlight_room=#hotelTmpl,booking_kaggle,2020,2020-04-24,2026-09-13T06:37:49.339055+00:00,False
hotels_00297,1719585,Shate Al Hayat Hotel Suites,Jeddah,Makkah,117,3,8.2,2,Superior Studio,1 bed (1 extra-large double),2,,,21.6229568452127,39.2071282111283,https://www.booking.com/hotel/sa/hayat-inn-suites.en-gb.html?aid=304142&label=gen173nr-1DCAEoggI46AdIM1gEaMQBiAECmAEJuAEJyAER2AED6AEBiAIBqAIDuAKmm9z0BcACAQ&sid=42146239dcdf1e519ee673686891723f&all_sr_blocks=171958515_221024542_0_0_0&checkin=2020-04-24&checkout=2020-04-25&dest_id=186&dest_type=country&group_adults=2&group_children=0&hapos=298&highlighted_blocks=171958515_221024542_0_0_0&hpos=23&no_rooms=1&sr_order=class_and_price&sr_pri_blocks=171958515_221024542_0_0_0__11700&srepoch=1587182932&srpvid=e6db1d2a5bf60078&ucfs=1&from=searchresultshttps://www.booking.com;highlight_room=;has_campaign_deals_breakaway20_customer_label=1#hotelTmpl,booking_kaggle,2020,2020-04-24,2026-09-13T06:37:49.339055+00:00,False
hotels_00298,5790452,درة الرومانسية (3),Tabuk,Tabuk,117,3,7.2,96,Deluxe Apartment,"2 beds (1 extra-large double, 1 sofa bed)",3,,,28.3748518186588,36.5518237542839,https://www.booking.com/hotel/sa/dr-lrwmnsy-3.en-gb.html?aid=304142&label=gen173nr-1DCAEoggI46AdIM1gEaMQBiAECmAEJuAEJyAER2AED6AEBiAIBqAIDuAKmm9z0BcACAQ&sid=42146239dcdf1e519ee673686891723f&all_sr_blocks=579045201_224333236_3_0_0&checkin=2020-04-24&checkout=2020-04-25&dest_id=186&dest_type=country&group_adults=2&group_children=0&hapos=299&highlighted_blocks=579045201_224333236_3_0_0&hpos=24&no_rooms=1&sr_order=class_and_price&sr_pri_blocks=579045201_224333236_3_0_0__11700&srepoch=1587182932&srpvid=e6db1d2a5bf60078&ucfs=1&from=searchresultshttps://www.booking.com;highlight_room=#hotelTmpl,booking_kaggle,2020,2020-04-24,2026-09-13T06:37:49.339055+00:00,False
hotels_00299,6242990,ميارا للاجنحة الفندقية,Jeddah,Makkah,119,3,6.6,34,One-Bedroom Apartment,1 bed (1 sofa bed),2,,True,21.5656959257946,39.2183258600769,https://www.booking.com/hotel/sa/myr-lljnh-lfndqy.en-gb.html?aid=304142&label=gen173nr-1DCAEoggI46AdIM1gEaMQBiAECmAEJuAEJyAER2AED6AEBiAIBqAIDuAKmm9z0BcACAQ&sid=42146239dcdf1e519ee673686891723f&all_sr_blocks=624299001_243148451_2_0_0&checkin=2020-04-24&checkout=2020-04-25&dest_id=186&dest_type=country&group_adults=2&group_children=0&hapos=300&highlighted_blocks=624299001_243148451_2_0_0&hpos=25&no_rooms=1&sr_order=class_and_price&sr_pri_blocks=624299001_243148451_2_0_0__11900&srepoch=1587182932&srpvid=e6db1d2a5bf60078&ucfs=1&from=searchresultshttps://www.booking.com;highlight_room=#hotelTmpl,booking_kaggle,2020,2020-04-24,2026-09-13T06:37:49.339055+00:00,False
hotels_00300,2691936,Park Tulip,‘Afīf,Riyadh,119,3,8.3,177,One-Bedroom Apartment,1 bed (1 large double),2,,True,23.877848,42.91219,https://www.booking.com/hotel/sa/park-tulip.en-gb.html?aid=304142&label=gen173nr-1DCAEoggI46AdIM1gEaMQBiAECmAEJuAEJyAER2AED6AEBiAIBqAIDuAKmm9z0BcACAQ&sid=42146239dcdf1e519ee673686891723f&all_sr_blocks=269193601_195414613_2_0_0&checkin=2020-04-24&checkout=2020-04-25&dest_id=186&dest_type=country&group_adults=2&group_children=0&hapos=301&highlighted_blocks=269193601_195414613_2_0_0&hpos=1&no_rooms=1&sr_order=class_and_price&sr_pri_blocks=269193601_195414613_2_0_0__11900&srepoch=1587182942&srpvid=ce581d2e5c5301e3&ucfs=1&from=searchresultshttps://www.booking.com;highlight_room=#hotelTmpl,booking_kaggle,2020,2020-04-24,2026-09-13T06:37:49.339055+00:00,False
hotels_00301,2179330,OYO 352 Lamasat Alwadi,Riyadh,Riyadh,119,3,6.9,270,Standard Double Room,1 bed (1 extra-large double),2,,True,24.7729839099454,46.7597052662704,https://www.booking.com/hotel/sa/lamasat-al-hamra-furnished-apartments.en-gb.html?aid=304142&label=gen173nr-1DCAEoggI46AdIM1gEaMQBiAECmAEJuAEJyAER2AED6AEBiAIBqAIDuAKmm9z0BcACAQ&sid=42146239dcdf1e519ee673686891723f&all_sr_blocks=217933007_231329902_2_0_0&checkin=2020-04-24&checkout=2020-04-25&dest_id=186&dest_type=country&group_adults=2&group_children=0&hapos=302&highlighted_blocks=217933007_231329902_2_0_0&hpos=2&no_rooms=1&sr_order=class_and_price&sr_pri_blocks=217933007_231329902_2_0_0__11900&srepoch=1587182942&srpvid=ce581d2e5c5301e3&ucfs=1&from=searchresultshttps://www.booking.com;highlight_room=#hotelTmpl,booking_kaggle,2020,2020-04-24,2026-09-13T06:37:49.339055+00:00,False
hotels_00302,6128722,اجواء غرناطه للوحدات السكنيه المفروشه,Dammam,Eastern Province,120,3,8.4,41,Deluxe Apartment,"3 beds (2 singles, 1 sofa bed)",4,,,26.3791585970298,50.0584058028717,https://www.booking.com/hotel/sa/jw-grnth-llwhdt-lsknyh-lmfrwshh-dammam.en-gb.html?aid=304142&label=gen173nr-1DCAEoggI46AdIM1gEaMQBiAECmAEJuAEJyAER2AED6AEBiAIBqAIDuAKmm9z0BcACAQ&sid=42146239dcdf1e519ee673686891723f&all_sr_blocks=612872202_239786062_4_0_0&checkin=2020-04-24&checkout=2020-04-25&dest_id=186&dest_type=country&group_adults=2&group_children=0&hapos=303&highlighted_blocks=612872202_239786062_4_0_0&hpos=3&no_rooms=1&sr_order=class_and_price&sr_pri_blocks=612872202_239786062_4_0_0__11999&srepoch=1587182942&srpvid=ce581d2e5c5301e3&ucfs=1&from=searchresultshttps://www.booking.com;highlight_room=;has_campaign_deals_breakaway20_customer_label=1#hotelTmpl,booking_kaggle,2020,2020-04-24,2026-09-13T06:37:49.339055+00:00,False
hotels_00303,5397067,جود الطائف للوحدات السكنية,Taif,Makkah,120,,7.1,41,Studio Apartment,2 beds (2 singles),2,,True,21.2696667307846,40.4549340106327,https://www.booking.com/hotel/sa/jwd-lty-f-llwhdt-lskny.en-gb.html?aid=304142&label=gen173nr-1DCAEoggI46AdIM1gEaMQBiAECmAEJuAEJyAER2AED6AEBiAIBqAIDuAKmm9z0BcACAQ&sid=42146239dcdf1e519ee673686891723f&all_sr_blocks=539706702_196488267_2_0_0&checkin=2020-04-24&checkout=2020-04-25&dest_id=186&dest_type=country&group_adults=2&group_children=0&hapos=304&highlighted_blocks=539706702_196488267_2_0_0&hpos=4&no_rooms=1&sr_order=class_and_price&sr_pri_blocks=539706702_196488267_2_0_0__12000&srepoch=1587182942&srpvid=ce581d2e5c5301e3&ucfs=1&from=searchresultshttps://www.booking.com;highlight_room=#hotelTmpl,booking_kaggle,2020,2020-04-24,2026-09-13T06:37:49.339055+00:00,False
hotels_00304,6239980,وسن للاجنحة الفندقية,Jeddah,Makkah,120,3,7.2,19,One-Bedroom Apartment,"3 beds (1 extra-large double, 2 sofa beds)",2,,,21.615518327309,39.1690500395202,https://www.booking.com/hotel/sa/wasan.en-gb.html?aid=304142&label=gen173nr-1DCAEoggI46AdIM1gEaMQBiAECmAEJuAEJyAER2AED6AEBiAIBqAIDuAKmm9z0BcACAQ&sid=42146239dcdf1e519ee673686891723f&all_sr_blocks=623998001_243449239_0_0_0&checkin=2020-04-24&checkout=2020-04-25&dest_id=186&dest_type=country&group_adults=2&group_children=0&hapos=305&highlighted_blocks=623998001_243449239_0_0_0&hpos=5&no_rooms=1&sr_order=class_and_price&sr_pri_blocks=623998001_243449239_0_0_0__11999&srepoch=1587182942&srpvid=ce581d2e5c5301e3&ucfs=1&from=searchresultshttps://www.booking.com;highlight_room=#hotelTmpl,booking_kaggle,2020,2020-04-24,2026-09-13T06:37:49.339055+00:00,False
hotels_00305,4528584,Lamasat Almakrunih Hotel Palace,Jeddah,Makkah,120,,7.0,41,Family Room with Bathroom,1 bed (1 extra-large double),2,,True,21.5421860927084,39.1987124838142,https://www.booking.com/hotel/sa/fndq-qsr-lmst-lmkrwnh-jdh1.en-gb.html?aid=304142&label=gen173nr-1DCAEoggI46AdIM1gEaMQBiAECmAEJuAEJyAER2AED6AEBiAIBqAIDuAKmm9z0BcACAQ&sid=42146239dcdf1e519ee673686891723f&all_sr_blocks=452858402_156375505_0_0_0&checkin=2020-04-24&checkout=2020-04-25&dest_id=186&dest_type=country&group_adults=2&group_children=0&hapos=306&highlighted_blocks=452858402_156375505_0_0_0&hpos=6&no_rooms=1&sr_order=class_and_price&sr_pri_blocks=452858402_156375505_0_0_0__12000&srepoch=1587182942&srpvid=ce581d2e5c5301e3&ucfs=1&from=searchresultshttps://www.booking.com;highlight_room=#hotelTmpl,booking_kaggle,2020,2020-04-24,2026-09-13T06:37:49.339055+00:00,False
hotels_00306,4898827,أجنحة شاطئ الياسمين,Yanbu,Madinah,120,3,8.7,106,Deluxe Room (2 Adults + 1 Child),1 bed (1 extra-large double),2,,True,24.1061510595116,38.0042082036285,https://www.booking.com/hotel/sa/shty-lysmyn-ynb-lbhr.en-gb.html?aid=304142&label=gen173nr-1DCAEoggI46AdIM1gEaMQBiAECmAEJuAEJyAER2AED6AEBiAIBqAIDuAKmm9z0BcACAQ&sid=42146239dcdf1e519ee673686891723f&all_sr_blocks=489882705_245111082_0_0_0&checkin=2020-04-24&checkout=2020-04-25&dest_id=186&dest_type=country&group_adults=2&group_children=0&hapos=307&highlighted_blocks=489882705_245111082_0_0_0&hpos=7&no_rooms=1&sr_order=class_and_price&sr_pri_blocks=489882705_245111082_0_0_0__12000&srepoch=1587182942&srpvid=ce581d2e5c5301e3&ucfs=1&from=searchresultshttps://www.booking.com;highlight_room=#hotelTmpl,booking_kaggle,2020,2020-04-24,2026-09-13T06:37:49.339055+00:00,False
hotels_00307,6189914,راحتي 2 للوحدات الفندقيه,Riyadh,Riyadh,120,3,8.2,15,Deluxe Apartment,"2 beds (1 extra-large double, 1 sofa bed)",3,True,True,24.5981859129142,46.7696744600411,https://www.booking.com/hotel/sa/rhty-2-llwhdt-lfndqyh.en-gb.html?aid=304142&label=gen173nr-1DCAEoggI46AdIM1gEaMQBiAECmAEJuAEJyAER2AED6AEBiAIBqAIDuAKmm9z0BcACAQ&sid=42146239dcdf1e519ee673686891723f&all_sr_blocks=618991404_241549511_3_1_0&checkin=2020-04-24&checkout=2020-04-25&dest_id=186&dest_type=country&group_adults=2&group_children=0&hapos=308&highlighted_blocks=618991404_241549511_3_1_0&hpos=8&no_rooms=1&sr_order=class_and_price&sr_pri_blocks=618991404_241549511_3_1_0__11999&srepoch=1587182942&srpvid=ce581d2e5c5301e3&ucfs=1&from=searchresultshttps://www.booking.com;highlight_room=#hotelTmpl,booking_kaggle,2020,2020-04-24,2026-09-13T06:37:49.339055+00:00,False
hotels_00308,571844,Al Meshan Hotel,Al Wudayy,,120,3,6.5,35,Double or Twin Room with Bathroom,1 bed (1 double),2,,True,27.3840096631123,41.5591710805893,https://www.booking.com/hotel/sa/al-meshan.en-gb.html?aid=304142&label=gen173nr-1DCAEoggI46AdIM1gEaMQBiAECmAEJuAEJyAER2AED6AEBiAIBqAIDuAKmm9z0BcACAQ&sid=42146239dcdf1e519ee673686891723f&all_sr_blocks=57184401_205129547_0_0_0&checkin=2020-04-24&checkout=2020-04-25&dest_id=186&dest_type=country&group_adults=2&group_children=0&hapos=309&highlighted_blocks=57184401_205129547_0_0_0&hpos=9&no_rooms=1&sr_order=class_and_price&sr_pri_blocks=57184401_205129547_0_0_0__12000&srepoch=1587182942&srpvid=ce581d2e5c5301e3&ucfs=1&from=searchresultshttps://www.booking.com;highlight_room=#hotelTmpl,booking_kaggle,2020,2020-04-24,2026-09-13T06:37:49.339055+00:00,False
hotels_00309,5859418,شقق عزاب الكثري,Muhayil,Asir,120,,7.2,16,Two-Bedroom Apartment,2 beds (2 singles),2,,True,18.5119891151048,42.0334816827202,https://www.booking.com/hotel/sa/shqq-zb-lkthry-mhyl-syr.en-gb.html?aid=304142&label=gen173nr-1DCAEoggI46AdIM1gEaMQBiAECmAEJuAEJyAER2AED6AEBiAIBqAIDuAKmm9z0BcACAQ&sid=42146239dcdf1e519ee673686891723f&all_sr_blocks=585941801_229479420_2_0_0&checkin=2020-04-24&checkout=2020-04-25&dest_id=186&dest_type=country&group_adults=2&group_children=0&hapos=310&highlighted_blocks=585941801_229479420_2_0_0&hpos=10&no_rooms=1&sr_order=class_and_price&sr_pri_blocks=585941801_229479420_2_0_0__11999&srepoch=1587182942&srpvid=ce581d2e5c5301e3&ucfs=1&from=searchresultshttps://www.booking.com;highlight_room=#hotelTmpl,booking_kaggle,2020,2020-04-24,2026-09-13T06:37:49.339055+00:00,False
hotels_00310,1007356,Janadrya 13,Al Khobar,Eastern Province,121,,7.5,952,Double or Twin Room,1 bed (1 large double),2,,True,26.289011913967,50.215802192688,https://www.booking.com/hotel/sa/ljndry-llwhdt-lskny-fr-13.en-gb.html?aid=304142&label=gen173nr-1DCAEoggI46AdIM1gEaMQBiAECmAEJuAEJyAER2AED6AEBiAIBqAIDuAKmm9z0BcACAQ&sid=42146239dcdf1e519ee673686891723f&all_sr_blocks=100735604_90306959_0_0_0&checkin=2020-04-24&checkout=2020-04-25&dest_id=186&dest_type=country&group_adults=2&group_children=0&hapos=311&highlighted_blocks=100735604_90306959_0_0_0&hpos=11&no_rooms=1&sr_order=class_and_price&sr_pri_blocks=100735604_90306959_0_0_0__12079&srepoch=1587182942&srpvid=ce581d2e5c5301e3&ucfs=1&from=searchresultshttps://www.booking.com;highlight_room=#hotelTmpl,booking_kaggle,2020,2020-04-24,2026-09-13T06:37:49.339055+00:00,False
hotels_00311,6019580,OYO 388 Al Dana Al Khalijia,Al Khobar,Eastern Province,123,3,7.0,35,Standard Studio,1 bed (1 extra-large double),2,,True,26.293722,50.176247,https://www.booking.com/hotel/sa/oyo-388-al-danah-al-khaleejah.en-gb.html?aid=304142&label=gen173nr-1DCAEoggI46AdIM1gEaMQBiAECmAEJuAEJyAER2AED6AEBiAIBqAIDuAKmm9z0BcACAQ&sid=42146239dcdf1e519ee673686891723f&all_sr_blocks=601958002_236119099_2_0_0&checkin=2020-04-24&checkout=2020-04-25&dest_id=186&dest_type=country&group_adults=2&group_children=0&hapos=312&highlighted_blocks=601958002_236119099_2_0_0&hpos=12&no_rooms=1&sr_order=class_and_price&sr_pri_blocks=601958002_236119099_2_0_0__12255&srepoch=1587182942&srpvid=ce581d2e5c5301e3&ucfs=1&from=searchresultshttps://www.booking.com;highlight_room=#hotelTmpl,booking_kaggle,2020,2020-04-24,2026-09-13T06:37:49.339055+00:00,False
hotels_00312,575527,Lafontaine Jeddah Hotel,Jeddah,Makkah,130,3,7.8,715,Deluxe Double Room,1 bed (1 extra-large double),2,,True,21.5650083358367,39.1733093708535,https://www.booking.com/hotel/sa/lafontaine-jeddah.en-gb.html?aid=304142&label=gen173nr-1DCAEoggI46AdIM1gEaMQBiAECmAEJuAEJyAER2AED6AEBiAIBqAIDuAKmm9z0BcACAQ&sid=42146239dcdf1e519ee673686891723f&all_sr_blocks=57552704_239998709_0_0_0&checkin=2020-04-24&checkout=2020-04-25&dest_id=186&dest_type=country&group_adults=2&group_children=0&hapos=313&highlighted_blocks=57552704_239998709_0_0_0&hpos=13&no_rooms=1&sr_order=class_and_price&sr_pri_blocks=57552704_239998709_0_0_0__13000&srepoch=1587182942&srpvid=ce581d2e5c5301e3&ucfs=1&from=searchresultshttps://www.booking.com;highlight_room=#hotelTmpl,booking_kaggle,2020,2020-04-24,2026-09-13T06:37:49.339055+00:00,False
hotels_00313,582697,Makarem Najd Funished Units 2,Riyadh,Riyadh,130,,6.5,56,Studio,1 bed (1 double),2,,True,24.7584150486971,46.7331001460934,https://www.booking.com/hotel/sa/makarim-najd-apartments.en-gb.html?aid=304142&label=gen173nr-1DCAEoggI46AdIM1gEaMQBiAECmAEJuAEJyAER2AED6AEBiAIBqAIDuAKmm9z0BcACAQ&sid=42146239dcdf1e519ee673686891723f&all_sr_blocks=58269701_171384010_0_0_0&checkin=2020-04-24&checkout=2020-04-25&dest_id=186&dest_type=country&group_adults=2&group_children=0&hapos=314&highlighted_blocks=58269701_171384010_0_0_0&hpos=14&no_rooms=1&sr_order=class_and_price&sr_pri_blocks=58269701_171384010_0_0_0__13000&srepoch=1587182942&srpvid=ce581d2e5c5301e3&ucfs=1&from=searchresultshttps://www.booking.com;highlight_room=#hotelTmpl,booking_kaggle,2020,2020-04-24,2026-09-13T06:37:49.339055+00:00,False
hotels_00314,5474240,شقق الياسمين الفندقية,Yanbu,Madinah,130,,8.0,38,One-Bedroom Apartment,"3 beds (2 singles, 1 sofa bed)",3,,True,24.0810153435046,38.1094306804666,https://www.booking.com/hotel/sa/shqq-mfrwsh-fkhr.en-gb.html?aid=304142&label=gen173nr-1DCAEoggI46AdIM1gEaMQBiAECmAEJuAEJyAER2AED6AEBiAIBqAIDuAKmm9z0BcACAQ&sid=42146239dcdf1e519ee673686891723f&all_sr_blocks=547424002_240495502_3_0_0&checkin=2020-04-24&checkout=2020-04-25&dest_id=186&dest_type=country&group_adults=2&group_children=0&hapos=315&highlighted_blocks=547424002_240495502_3_0_0&hpos=15&no_rooms=1&sr_order=class_and_price&sr_pri_blocks=547424002_240495502_3_0_0__13000&srepoch=1587182942&srpvid=ce581d2e5c5301e3&ucfs=1&from=searchresultshttps://www.booking.com;highlight_room=#hotelTmpl,booking_kaggle,2020,2020-04-24,2026-09-13T06:37:49.339055+00:00,False
hotels_00315,4865284,الماسية الأولى,Jeddah,Makkah,132,3,7.2,396,Deluxe King Studio,1 bed (1 double),2,,True,21.587808,39.150612,https://www.booking.com/hotel/sa/qsr-lms-jeddah1.en-gb.html?aid=304142&label=gen173nr-1DCAEoggI46AdIM1gEaMQBiAECmAEJuAEJyAER2AED6AEBiAIBqAIDuAKmm9z0BcACAQ&sid=42146239dcdf1e519ee673686891723f&all_sr_blocks=486528404_237151209_2_0_0&checkin=2020-04-24&checkout=2020-04-25&dest_id=186&dest_type=country&group_adults=2&group_children=0&hapos=316&highlighted_blocks=486528404_237151209_2_0_0&hpos=16&no_rooms=1&sr_order=class_and_price&sr_pri_blocks=486528404_237151209_2_0_0__13200&srepoch=1587182942&srpvid=ce581d2e5c5301e3&ucfs=1&from=searchresultshttps://www.booking.com;highlight_room=;has_campaign_deals_breakaway20_customer_label=1#hotelTmpl,booking_kaggle,2020,2020-04-24,2026-09-13T06:37:49.339055+00:00,False
hotels_00316,187844,Capital O 419 Al Safeer Hotel,Riyadh,Riyadh,134,3,6.4,534,Standard Studio,2 beds (2 singles),2,,True,24.7194659138319,46.8177035450935,https://www.booking.com/hotel/sa/al-safeer.en-gb.html?aid=304142&label=gen173nr-1DCAEoggI46AdIM1gEaMQBiAECmAEJuAEJyAER2AED6AEBiAIBqAIDuAKmm9z0BcACAQ&sid=42146239dcdf1e519ee673686891723f&all_sr_blocks=18784406_241596011_2_0_0&checkin=2020-04-24&checkout=2020-04-25&dest_id=186&dest_type=country&group_adults=2&group_children=0&hapos=317&highlighted_blocks=18784406_241596011_2_0_0&hpos=17&no_rooms=1&sr_order=class_and_price&sr_pri_blocks=18784406_241596011_2_0_0__13441&srepoch=1587182942&srpvid=ce581d2e5c5301e3&ucfs=1&from=searchresultshttps://www.booking.com;highlight_room=#hotelTmpl,booking_kaggle,2020,2020-04-24,2026-09-13T06:37:49.339055+00:00,False
hotels_00317,365948,OYO 411 Moon Hotel,Dammam,Eastern Province,139,3,7.0,271,Standard Studio,1 bed (1 extra-large double),2,,True,26.4446151196299,50.1182609796524,https://www.booking.com/hotel/sa/moon-dammam.en-gb.html?aid=304142&label=gen173nr-1DCAEoggI46AdIM1gEaMQBiAECmAEJuAEJyAER2AED6AEBiAIBqAIDuAKmm9z0BcACAQ&sid=42146239dcdf1e519ee673686891723f&all_sr_blocks=36594807_241339039_2_0_0&checkin=2020-04-24&checkout=2020-04-25&dest_id=186&dest_type=country&group_adults=2&group_children=0&hapos=318&highlighted_blocks=36594807_241339039_2_0_0&hpos=18&no_rooms=1&sr_order=class_and_price&sr_pri_blocks=36594807_241339039_2_0_0__13915&srepoch=1587182942&srpvid=ce581d2e5c5301e3&ucfs=1&from=searchresultshttps://www.booking.com;highlight_room=#hotelTmpl,booking_kaggle,2020,2020-04-24,2026-09-13T06:37:49.339055+00:00,False
hotels_00318,5891395,OYO 328 Al Mumiyaz Tower,RaʼS Tannūrah,,139,3,3.9,21,Studio,2 beds (2 singles),2,,True,26.713007,50.052074,https://www.booking.com/hotel/sa/oyo-328-al-mumiyaz-tower.en-gb.html?aid=304142&label=gen173nr-1DCAEoggI46AdIM1gEaMQBiAECmAEJuAEJyAER2AED6AEBiAIBqAIDuAKmm9z0BcACAQ&sid=42146239dcdf1e519ee673686891723f&all_sr_blocks=589139503_231613571_2_0_0&checkin=2020-04-24&checkout=2020-04-25&dest_id=186&dest_type=country&group_adults=2&group_children=0&hapos=319&highlighted_blocks=589139503_231613571_2_0_0&hpos=19&no_rooms=1&sr_order=class_and_price&sr_pri_blocks=589139503_231613571_2_0_0__13916&srepoch=1587182942&srpvid=ce581d2e5c5301e3&ucfs=1&from=searchresultshttps://www.booking.com;highlight_room=#hotelTmpl,booking_kaggle,2020,2020-04-24,2026-09-13T06:37:49.339055+00:00,False
hotels_00319,5885209,OYO 356 Durra Taraf Residential,Dammam,Eastern Province,139,3,7.3,361,Standard Studio,1 bed (1 extra-large double),2,,,26.3800360043675,50.0238364087372,https://www.booking.com/hotel/sa/oyo-356-durra-taraf-residential.en-gb.html?aid=304142&label=gen173nr-1DCAEoggI46AdIM1gEaMQBiAECmAEJuAEJyAER2AED6AEBiAIBqAIDuAKmm9z0BcACAQ&sid=42146239dcdf1e519ee673686891723f&all_sr_blocks=588520902_248711178_2_0_0&checkin=2020-04-24&checkout=2020-04-25&dest_id=186&dest_type=country&group_adults=2&group_children=0&hapos=320&highlighted_blocks=588520902_248711178_2_0_0&hpos=20&no_rooms=1&sr_order=class_and_price&sr_pri_blocks=588520902_248711178_2_0_0__13916&srepoch=1587182942&srpvid=ce581d2e5c5301e3&ucfs=1&from=searchresultshttps://www.booking.com;highlight_room=#hotelTmpl,booking_kaggle,2020,2020-04-24,2026-09-13T06:37:49.339055+00:00,False
hotels_00320,245330,Capital O 162 Brzeen Hotel,Riyadh,Riyadh,139,3,7.0,3,Standard Room King,1 bed (1 double),2,,True,24.6989763056785,46.6404470801353,https://www.booking.com/hotel/sa/brzeen.en-gb.html?aid=304142&label=gen173nr-1DCAEoggI46AdIM1gEaMQBiAECmAEJuAEJyAER2AED6AEBiAIBqAIDuAKmm9z0BcACAQ&sid=42146239dcdf1e519ee673686891723f&all_sr_blocks=24533013_168118230_2_0_0&checkin=2020-04-24&checkout=2020-04-25&dest_id=186&dest_type=country&group_adults=2&group_children=0&hapos=321&highlighted_blocks=24533013_168118230_2_0_0&hpos=21&no_rooms=1&sr_order=class_and_price&sr_pri_blocks=24533013_168118230_2_0_0__13917&srepoch=1587182942&srpvid=ce581d2e5c5301e3&ucfs=1&from=searchresultshttps://www.booking.com;highlight_room=;has_campaign_deals_breakaway20_customer_label=1#hotelTmpl,booking_kaggle,2020,2020-04-24,2026-09-13T06:37:49.339055+00:00,False
hotels_00321,1742261,Golden Garden Al Corniche,Dammam,Eastern Province,140,3,7.4,3,Junior Suite Sea View,1 bed (1 extra-large double),2,,True,26.4720401295457,50.0863491297423,https://www.booking.com/hotel/sa/golden-garden-al-corniche.en-gb.html?aid=304142&label=gen173nr-1DCAEoggI46AdIM1gEaMQBiAECmAEJuAEJyAER2AED6AEBiAIBqAIDuAKmm9z0BcACAQ&sid=42146239dcdf1e519ee673686891723f&all_sr_blocks=174226104_200605506_2_2_0&checkin=2020-04-24&checkout=2020-04-25&dest_id=186&dest_type=country&group_adults=2&group_children=0&hapos=322&highlighted_blocks=174226104_200605506_2_2_0&hpos=22&no_rooms=1&sr_order=class_and_price&sr_pri_blocks=174226104_200605506_2_2_0__14000&srepoch=1587182942&srpvid=ce581d2e5c5301e3&ucfs=1&from=searchresultshttps://www.booking.com;highlight_room=#hotelTmpl,booking_kaggle,2020,2020-04-24,2026-09-13T06:37:49.339055+00:00,False
hotels_00322,2394479,Al Alya Furnished Apartments,Jeddah,Makkah,140,,7.2,46,One-Bedroom Apartment,1 bed (1 extra-large double),2,,True,21.409265043705,39.2570731602609,https://www.booking.com/hotel/sa/al-alya-furnished-apartments.en-gb.html?aid=304142&label=gen173nr-1DCAEoggI46AdIM1gEaMQBiAECmAEJuAEJyAER2AED6AEBiAIBqAIDuAKmm9z0BcACAQ&sid=42146239dcdf1e519ee673686891723f&all_sr_blocks=239447905_195343084_2_0_0&checkin=2020-04-24&checkout=2020-04-25&dest_id=186&dest_type=country&group_adults=2&group_children=0&hapos=323&highlighted_blocks=239447905_195343084_2_0_0&hpos=23&no_rooms=1&sr_order=class_and_price&sr_pri_blocks=239447905_195343084_2_0_0__14000&srepoch=1587182942&srpvid=ce581d2e5c5301e3&ucfs=1&from=searchresultshttps://www.booking.com;highlight_room=#hotelTmpl,booking_kaggle,2020,2020-04-24,2026-09-13T06:37:49.339055+00:00,False
hotels_00323,2093493,Al-Hariri Suites,Jeddah,Makkah,140,3,8.2,189,Double Room,1 bed (1 extra-large double),2,,True,21.7490038124613,39.1919995844364,https://www.booking.com/hotel/sa/al-hariri-suites.en-gb.html?aid=304142&label=gen173nr-1DCAEoggI46AdIM1gEaMQBiAECmAEJuAEJyAER2AED6AEBiAIBqAIDuAKmm9z0BcACAQ&sid=42146239dcdf1e519ee673686891723f&all_sr_blocks=209349307_250149715_2_0_0&checkin=2020-04-24&checkout=2020-04-25&dest_id=186&dest_type=country&group_adults=2&group_children=0&hapos=324&highlighted_blocks=209349307_250149715_2_0_0&hpos=24&no_rooms=1&sr_order=class_and_price&sr_pri_blocks=209349307_250149715_2_0_0__14000&srepoch=1587182942&srpvid=ce581d2e5c5301e3&ucfs=1&from=searchresultshttps://www.booking.com;highlight_room=#hotelTmpl,booking_kaggle,2020,2020-04-24,2026-09-13T06:37:49.339055+00:00,False
hotels_00324,3864674,Refal Yanbu furnished units,Yanbu,Madinah,140,,8.1,26,One-Bedroom Apartment,"3 beds (2 singles, 1 sofa bed)",2,,,24.0727029912498,38.1071540678291,https://www.booking.com/hotel/sa/rfl-ynb.en-gb.html?aid=304142&label=gen173nr-1DCAEoggI46AdIM1gEaMQBiAECmAEJuAEJyAER2AED6AEBiAIBqAIDuAKmm9z0BcACAQ&sid=42146239dcdf1e519ee673686891723f&all_sr_blocks=386467402_121547167_0_0_0&checkin=2020-04-24&checkout=2020-04-25&dest_id=186&dest_type=country&group_adults=2&group_children=0&hapos=325&highlighted_blocks=386467402_121547167_0_0_0&hpos=25&no_rooms=1&sr_order=class_and_price&sr_pri_blocks=386467402_121547167_0_0_0__14000&srepoch=1587182942&srpvid=ce581d2e5c5301e3&ucfs=1&from=searchresultshttps://www.booking.com;highlight_room=#hotelTmpl,booking_kaggle,2020,2020-04-24,2026-09-13T06:37:49.339055+00:00,False
hotels_00325,6134734,First Room Hotel Apartments,Riyadh,Riyadh,148,3,8.7,77,Standard Double Room,1 bed (1 double),2,,True,24.655664,46.688409,https://www.booking.com/hotel/sa/firstroomhotelapartment.en-gb.html?aid=304142&label=gen173nr-1DCAEoggI46AdIM1gEaMQBiAECmAEJuAEJyAER2AED6AEBiAIBqAIDuAKmm9z0BcACAQ&sid=42146239dcdf1e519ee673686891723f&all_sr_blocks=613473410_243925858_2_2_0&checkin=2020-04-24&checkout=2020-04-25&dest_id=186&dest_type=country&group_adults=2&group_children=0&hapos=326&highlighted_blocks=613473410_243925858_2_2_0&hpos=1&no_rooms=1&sr_order=class_and_price&sr_pri_blocks=613473410_243925858_2_2_0__14760&srepoch=1587182956&srpvid=391c1d36b4bd00b8&ucfs=1&from=searchresultshttps://www.booking.com;highlight_room=#hotelTmpl,booking_kaggle,2020,2020-04-24,2026-09-13T06:37:49.339055+00:00,False
hotels_00326,551139,Lavona Hotel Dammam,Dammam,Eastern Province,149,3,8.0,1,Standard Double Room,1 bed (1 double),2,,True,26.4076588429736,50.0602260231972,https://www.booking.com/hotel/sa/lavona.en-gb.html?aid=304142&label=gen173nr-1DCAEoggI46AdIM1gEaMQBiAECmAEJuAEJyAER2AED6AEBiAIBqAIDuAKmm9z0BcACAQ&sid=42146239dcdf1e519ee673686891723f&all_sr_blocks=55113901_195173692_0_0_0&checkin=2020-04-24&checkout=2020-04-25&dest_id=186&dest_type=country&group_adults=2&group_children=0&hapos=327&highlighted_blocks=55113901_195173692_0_0_0&hpos=2&no_rooms=1&sr_order=class_and_price&sr_pri_blocks=55113901_195173692_0_0_0__14900&srepoch=1587182956&srpvid=391c1d36b4bd00b8&ucfs=1&from=searchresultshttps://www.booking.com;highlight_room=#hotelTmpl,booking_kaggle,2020,2020-04-24,2026-09-13T06:37:49.339055+00:00,False
hotels_00327,3250586,Le Park Concord Hotel,‘Afīf,Riyadh,149,3,9.3,337,Deluxe Double Room,2 beds (2 doubles),2,,True,23.9026095156459,42.9128695759659,https://www.booking.com/hotel/sa/le-park-concord-afif.en-gb.html?aid=304142&label=gen173nr-1DCAEoggI46AdIM1gEaMQBiAECmAEJuAEJyAER2AED6AEBiAIBqAIDuAKmm9z0BcACAQ&sid=42146239dcdf1e519ee673686891723f&all_sr_blocks=325058602_227905933_2_0_0&checkin=2020-04-24&checkout=2020-04-25&dest_id=186&dest_type=country&group_adults=2&group_children=0&hapos=328&highlighted_blocks=325058602_227905933_2_0_0&hpos=3&no_rooms=1&sr_order=class_and_price&sr_pri_blocks=325058602_227905933_2_0_0__14900&srepoch=1587182956&srpvid=391c1d36b4bd00b8&ucfs=1&from=searchresultshttps://www.booking.com;highlight_room=#hotelTmpl,booking_kaggle,2020,2020-04-24,2026-09-13T06:37:49.339055+00:00,False
hotels_00328,4774411,Maset Al Masem Al Khobar,Al Khobar,Eastern Province,149,3,8.5,256,Double Room with Private Bathroom,1 bed (1 extra-large double),2,,True,26.2960190143958,50.1730047805481,https://www.booking.com/hotel/sa/maset-al-masem-al-khobar.en-gb.html?aid=304142&label=gen173nr-1DCAEoggI46AdIM1gEaMQBiAECmAEJuAEJyAER2AED6AEBiAIBqAIDuAKmm9z0BcACAQ&sid=42146239dcdf1e519ee673686891723f&all_sr_blocks=477441102_151001875_2_0_0&checkin=2020-04-24&checkout=2020-04-25&dest_id=186&dest_type=country&group_adults=2&group_children=0&hapos=329&highlighted_blocks=477441102_151001875_2_0_0&hpos=4&no_rooms=1&sr_order=class_and_price&sr_pri_blocks=477441102_151001875_2_0_0__14900&srepoch=1587182956&srpvid=391c1d36b4bd00b8&ucfs=1&from=searchresultshttps://www.booking.com;highlight_room=#hotelTmpl,booking_kaggle,2020,2020-04-24,2026-09-13T06:37:49.339055+00:00,False
hotels_00329,2044415,ميرا هاوس للشقق الفندقية,Baljurashi,Al Bahah,150,3,8.5,826,Maisonette,1 bed (1 extra-large double),2,,True,19.8672331714843,41.5630712272832,https://www.booking.com/hotel/sa/mera-houses.en-gb.html?aid=304142&label=gen173nr-1DCAEoggI46AdIM1gEaMQBiAECmAEJuAEJyAER2AED6AEBiAIBqAIDuAKmm9z0BcACAQ&sid=42146239dcdf1e519ee673686891723f&all_sr_blocks=204441514_198689541_2_0_0&checkin=2020-04-24&checkout=2020-04-25&dest_id=186&dest_type=country&group_adults=2&group_children=0&hapos=330&highlighted_blocks=204441514_198689541_2_0_0&hpos=5&no_rooms=1&sr_order=class_and_price&sr_pri_blocks=204441514_198689541_2_0_0__15000&srepoch=1587182956&srpvid=391c1d36b4bd00b8&ucfs=1&from=searchresultshttps://www.booking.com;highlight_room=#hotelTmpl,booking_kaggle,2020,2020-04-24,2026-09-13T06:37:49.339055+00:00,False
hotels_00330,1630597,Nawazi Al Fateh Hotel,Makkah,Makkah,150,3,7.1,161,Deluxe Double Room,2 beds (2 singles),2,,,21.436799,39.820235,https://www.booking.com/hotel/sa/nawazi-al-fateh.en-gb.html?aid=304142&label=gen173nr-1DCAEoggI46AdIM1gEaMQBiAECmAEJuAEJyAER2AED6AEBiAIBqAIDuAKmm9z0BcACAQ&sid=42146239dcdf1e519ee673686891723f&all_sr_blocks=163059702_89231570_0_0_0&checkin=2020-04-24&checkout=2020-04-25&dest_id=186&dest_type=country&group_adults=2&group_children=0&hapos=331&highlighted_blocks=163059702_89231570_0_0_0&hpos=6&no_rooms=1&sr_order=class_and_price&sr_pri_blocks=163059702_89231570_0_0_0__15000&srepoch=1587182956&srpvid=391c1d36b4bd00b8&ucfs=1&from=searchresultshttps://www.booking.com;highlight_room=#hotelTmpl,booking_kaggle,2020,2020-04-24,2026-09-13T06:37:49.339055+00:00,False
hotels_00331,5597206,Hayat Al Rose Hotel Appartment,Jeddah,Makkah,150,3,9.4,16,Superior Double Room,1 bed (1 extra-large double),2,,True,21.610871,39.149893,https://www.booking.com/hotel/sa/hayat-al-rose-appartmenthy-lrwz-llwhdt-lfndqy.en-gb.html?aid=304142&label=gen173nr-1DCAEoggI46AdIM1gEaMQBiAECmAEJuAEJyAER2AED6AEBiAIBqAIDuAKmm9z0BcACAQ&sid=42146239dcdf1e519ee673686891723f&all_sr_blocks=559720602_227107475_2_0_0&checkin=2020-04-24&checkout=2020-04-25&dest_id=186&dest_type=country&group_adults=2&group_children=0&hapos=332&highlighted_blocks=559720602_227107475_2_0_0&hpos=7&no_rooms=1&sr_order=class_and_price&sr_pri_blocks=559720602_227107475_2_0_0__15000&srepoch=1587182956&srpvid=391c1d36b4bd00b8&ucfs=1&from=searchresultshttps://www.booking.com;highlight_room=#hotelTmpl,booking_kaggle,2020,2020-04-24,2026-09-13T06:37:49.339055+00:00,False
hotels_00332,3941318,Mahra House,Al Majmaah,Riyadh,150,,7.9,142,One-Bedroom Apartment,1 bed (1 large double),2,,True,25.9094988269086,45.3883834421692,https://www.booking.com/hotel/sa/mhr-llshqq-lmfrwsh.en-gb.html?aid=304142&label=gen173nr-1DCAEoggI46AdIM1gEaMQBiAECmAEJuAEJyAER2AED6AEBiAIBqAIDuAKmm9z0BcACAQ&sid=42146239dcdf1e519ee673686891723f&all_sr_blocks=394131811_201574543_2_0_0&checkin=2020-04-24&checkout=2020-04-25&dest_id=186&dest_type=country&group_adults=2&group_children=0&hapos=333&highlighted_blocks=394131811_201574543_2_0_0&hpos=8&no_rooms=1&sr_order=class_and_price&sr_pri_blocks=394131811_201574543_2_0_0__15000&srepoch=1587182956&srpvid=391c1d36b4bd00b8&ucfs=1&from=searchresultshttps://www.booking.com;highlight_room=#hotelTmpl,booking_kaggle,2020,2020-04-24,2026-09-13T06:37:49.339055+00:00,False
hotels_00333,4370987,السمو للشقق و الغرف,Al Bad‘,Tabuk,150,,6.4,17,One-Bedroom Apartment,1 bed (1 extra-large double),2,,True,28.418778259725,35.005599831503,https://www.booking.com/hotel/sa/nywm-llshqq-wlgrf-lmfrwsh.en-gb.html?aid=304142&label=gen173nr-1DCAEoggI46AdIM1gEaMQBiAECmAEJuAEJyAER2AED6AEBiAIBqAIDuAKmm9z0BcACAQ&sid=42146239dcdf1e519ee673686891723f&all_sr_blocks=437098702_178165943_2_0_0&checkin=2020-04-24&checkout=2020-04-25&dest_id=186&dest_type=country&group_adults=2&group_children=0&hapos=334&highlighted_blocks=437098702_178165943_2_0_0&hpos=9&no_rooms=1&sr_order=class_and_price&sr_pri_blocks=437098702_178165943_2_0_0__15000&srepoch=1587182956&srpvid=391c1d36b4bd00b8&ucfs=1&from=searchresultshttps://www.booking.com;highlight_room=#hotelTmpl,booking_kaggle,2020,2020-04-24,2026-09-13T06:37:49.339055+00:00,False
hotels_00334,1076749,Qasser AlRawsha,Jeddah,Makkah,150,3,6.2,159,One-Bedroom Apartment,1 bed (1 large double),2,,True,21.5420058474478,39.2067450284958,https://www.booking.com/hotel/sa/qasser-alrawsha.en-gb.html?aid=304142&label=gen173nr-1DCAEoggI46AdIM1gEaMQBiAECmAEJuAEJyAER2AED6AEBiAIBqAIDuAKmm9z0BcACAQ&sid=42146239dcdf1e519ee673686891723f&all_sr_blocks=107674910_127794915_2_2_0&checkin=2020-04-24&checkout=2020-04-25&dest_id=186&dest_type=country&group_adults=2&group_children=0&hapos=335&highlighted_blocks=107674910_127794915_2_2_0&hpos=10&no_rooms=1&sr_order=class_and_price&sr_pri_blocks=107674910_127794915_2_2_0__15000&srepoch=1587182956&srpvid=391c1d36b4bd00b8&ucfs=1&from=searchresultshttps://www.booking.com;highlight_room=#hotelTmpl,booking_kaggle,2020,2020-04-24,2026-09-13T06:37:49.339055+00:00,False
hotels_00335,6019534,OYO 333 Dheyof Al Wattan For Hotel Suites,Butainiyāt,,156,3,8.3,46,One-Bedroom Apartment,1 bed (1 extra-large double),2,,True,26.391235,43.920692,https://www.booking.com/hotel/sa/oyo-333-dheyof-al-wattan-for-suites.en-gb.html?aid=304142&label=gen173nr-1DCAEoggI46AdIM1gEaMQBiAECmAEJuAEJyAER2AED6AEBiAIBqAIDuAKmm9z0BcACAQ&sid=42146239dcdf1e519ee673686891723f&all_sr_blocks=601953402_236100236_2_0_0&checkin=2020-04-24&checkout=2020-04-25&dest_id=186&dest_type=country&group_adults=2&group_children=0&hapos=336&highlighted_blocks=601953402_236100236_2_0_0&hpos=11&no_rooms=1&sr_order=class_and_price&sr_pri_blocks=601953402_236100236_2_0_0__15634&srepoch=1587182956&srpvid=391c1d36b4bd00b8&ucfs=1&from=searchresultshttps://www.booking.com;highlight_room=#hotelTmpl,booking_kaggle,2020,2020-04-24,2026-09-13T06:37:49.339055+00:00,False
hotels_00336,3971381,WARD Hotel Suites,Ahad Rafidah,Asir,160,3,8.4,69,Deluxe Double Room,1 bed (1 extra-large double),2,,,18.1849855217231,42.8122276341419,https://www.booking.com/hotel/sa/ward-suites.en-gb.html?aid=304142&label=gen173nr-1DCAEoggI46AdIM1gEaMQBiAECmAEJuAEJyAER2AED6AEBiAIBqAIDuAKmm9z0BcACAQ&sid=42146239dcdf1e519ee673686891723f&all_sr_blocks=397138101_132111799_0_0_0&checkin=2020-04-24&checkout=2020-04-25&dest_id=186&dest_type=country&group_adults=2&group_children=0&hapos=337&highlighted_blocks=397138101_132111799_0_0_0&hpos=12&no_rooms=1&sr_order=class_and_price&sr_pri_blocks=397138101_132111799_0_0_0__16000&srepoch=1587182956&srpvid=391c1d36b4bd00b8&ucfs=1&from=searchresultshttps://www.booking.com;highlight_room=#hotelTmpl,booking_kaggle,2020,2020-04-24,2026-09-13T06:37:49.339055+00:00,False
hotels_00337,2257515,Al Joory Suites Hotel,Al Khafji,Eastern Province,160,3,8.3,365,Deluxe Family Room,1 bed (1 extra-large double),2,,True,28.4534526100705,48.4889793489128,https://www.booking.com/hotel/sa/al-joory-suites.en-gb.html?aid=304142&label=gen173nr-1DCAEoggI46AdIM1gEaMQBiAECmAEJuAEJyAER2AED6AEBiAIBqAIDuAKmm9z0BcACAQ&sid=42146239dcdf1e519ee673686891723f&all_sr_blocks=225751504_101705901_0_0_0&checkin=2020-04-24&checkout=2020-04-25&dest_id=186&dest_type=country&group_adults=2&group_children=0&hapos=338&highlighted_blocks=225751504_101705901_0_0_0&hpos=13&no_rooms=1&sr_order=class_and_price&sr_pri_blocks=225751504_101705901_0_0_0__16000&srepoch=1587182956&srpvid=391c1d36b4bd00b8&ucfs=1&from=searchresultshttps://www.booking.com;highlight_room=#hotelTmpl,booking_kaggle,2020,2020-04-24,2026-09-13T06:37:49.339055+00:00,False
hotels_00338,4642292,Sharq Hotel,Al Jubayl,Eastern Province,160,3,5.9,19,Double Room,2 beds (2 singles),2,,True,27.0132511460626,49.6590968772125,https://www.booking.com/hotel/sa/sharq.en-gb.html?aid=304142&label=gen173nr-1DCAEoggI46AdIM1gEaMQBiAECmAEJuAEJyAER2AED6AEBiAIBqAIDuAKmm9z0BcACAQ&sid=42146239dcdf1e519ee673686891723f&all_sr_blocks=464229202_231375727_2_42_0&checkin=2020-04-24&checkout=2020-04-25&dest_id=186&dest_type=country&group_adults=2&group_children=0&hapos=339&highlighted_blocks=464229202_231375727_2_42_0&hpos=14&no_rooms=1&sr_order=class_and_price&sr_pri_blocks=464229202_231375727_2_42_0__16000&srepoch=1587182956&srpvid=391c1d36b4bd00b8&ucfs=1&from=searchresultshttps://www.booking.com;highlight_room=#hotelTmpl,booking_kaggle,2020,2020-04-24,2026-09-13T06:37:49.339055+00:00,False
hotels_00339,2024573,Sharurah Plaza Hotel,Sharurah,Najran,160,3,8.8,211,Twin Room,2 beds (2 singles),2,True,True,17.509261497644,47.0974036306143,https://www.booking.com/hotel/sa/sharurah-plaza.en-gb.html?aid=304142&label=gen173nr-1DCAEoggI46AdIM1gEaMQBiAECmAEJuAEJyAER2AED6AEBiAIBqAIDuAKmm9z0BcACAQ&sid=42146239dcdf1e519ee673686891723f&all_sr_blocks=202457308_201460317_2_1_0&checkin=2020-04-24&checkout=2020-04-25&dest_id=186&dest_type=country&group_adults=2&group_children=0&hapos=340&highlighted_blocks=202457308_201460317_2_1_0&hpos=15&no_rooms=1&sr_order=class_and_price&sr_pri_blocks=202457308_201460317_2_1_0__16000&srepoch=1587182956&srpvid=391c1d36b4bd00b8&ucfs=1&from=searchresultshttps://www.booking.com;highlight_room=#hotelTmpl,booking_kaggle,2020,2020-04-24,2026-09-13T06:37:49.339055+00:00,False
hotels_00340,5818004,درة الرومانسية 1,Tabuk,Tabuk,160,3,5.3,31,Deluxe Apartment,"4 beds (1 extra-large double, 3 sofa beds)",5,,True,28.3666759372043,36.5639931848755,https://www.booking.com/hotel/sa/dr-lrwmnsy-1.en-gb.html?aid=304142&label=gen173nr-1DCAEoggI46AdIM1gEaMQBiAECmAEJuAEJyAER2AED6AEBiAIBqAIDuAKmm9z0BcACAQ&sid=42146239dcdf1e519ee673686891723f&all_sr_blocks=581800402_226500509_5_0_0&checkin=2020-04-24&checkout=2020-04-25&dest_id=186&dest_type=country&group_adults=2&group_children=0&hapos=341&highlighted_blocks=581800402_226500509_5_0_0&hpos=16&no_rooms=1&sr_order=class_and_price&sr_pri_blocks=581800402_226500509_5_0_0__16000&srepoch=1587182956&srpvid=391c1d36b4bd00b8&ucfs=1&from=searchresultshttps://www.booking.com;highlight_room=#hotelTmpl,booking_kaggle,2020,2020-04-24,2026-09-13T06:37:49.339055+00:00,False
hotels_00341,5165254,Al Reef Homes Hotel Apartments Alnuzhah,Abha,Asir,162,,7.6,142,Two-Bedroom Apartment,"4 beds (2 singles, 1 extra-large double, 1 sofa bed)",6,,,18.2095923128342,42.5113082442887,https://www.booking.com/hotel/sa/lryf-2-llshqq-lmfrwshh.en-gb.html?aid=304142&label=gen173nr-1DCAEoggI46AdIM1gEaMQBiAECmAEJuAEJyAER2AED6AEBiAIBqAIDuAKmm9z0BcACAQ&sid=42146239dcdf1e519ee673686891723f&all_sr_blocks=516525402_243137745_6_0_0&checkin=2020-04-24&checkout=2020-04-25&dest_id=186&dest_type=country&group_adults=2&group_children=0&hapos=342&highlighted_blocks=516525402_243137745_6_0_0&hpos=17&no_rooms=1&sr_order=class_and_price&sr_pri_blocks=516525402_243137745_6_0_0__16200&srepoch=1587182956&srpvid=391c1d36b4bd00b8&ucfs=1&from=searchresultshttps://www.booking.com;highlight_room=#hotelTmpl,booking_kaggle,2020,2020-04-24,2026-09-13T06:37:49.339055+00:00,False
hotels_00342,2304895,Snood Alazizyh Hotel,Makkah,Makkah,165,3,7.1,2,Double or Twin Room,2 beds (2 singles),2,,,21.3988531,39.8654295,https://www.booking.com/hotel/sa/snood-alazizyh.en-gb.html?aid=304142&label=gen173nr-1DCAEoggI46AdIM1gEaMQBiAECmAEJuAEJyAER2AED6AEBiAIBqAIDuAKmm9z0BcACAQ&sid=42146239dcdf1e519ee673686891723f&all_sr_blocks=230489503_232101469_0_0_0&checkin=2020-04-24&checkout=2020-04-25&dest_id=186&dest_type=country&group_adults=2&group_children=0&hapos=343&highlighted_blocks=230489503_232101469_0_0_0&hpos=18&no_rooms=1&sr_order=class_and_price&sr_pri_blocks=230489503_232101469_0_0_0__16500&srepoch=1587182956&srpvid=391c1d36b4bd00b8&ucfs=1&from=searchresultshttps://www.booking.com;highlight_room=#hotelTmpl,booking_kaggle,2020,2020-04-24,2026-09-13T06:37:49.339055+00:00,False
hotels_00343,1941603,B2-homes,Yanbu,Madinah,165,,7.9,149,Superior Apartment,"2 beds (1 extra-large double, 1 sofa bed)",4,,True,24.1115093868107,38.0930221552946,https://www.booking.com/hotel/sa/b2-homes.en-gb.html?aid=304142&label=gen173nr-1DCAEoggI46AdIM1gEaMQBiAECmAEJuAEJyAER2AED6AEBiAIBqAIDuAKmm9z0BcACAQ&sid=42146239dcdf1e519ee673686891723f&all_sr_blocks=194160306_94813780_4_0_0&checkin=2020-04-24&checkout=2020-04-25&dest_id=186&dest_type=country&group_adults=2&group_children=0&hapos=344&highlighted_blocks=194160306_94813780_4_0_0&hpos=19&no_rooms=1&sr_order=class_and_price&sr_pri_blocks=194160306_94813780_4_0_0__16500&srepoch=1587182956&srpvid=391c1d36b4bd00b8&ucfs=1&from=searchresultshttps://www.booking.com;highlight_room=#hotelTmpl,booking_kaggle,2020,2020-04-24,2026-09-13T06:37:49.339055+00:00,False
hotels_00344,1224856,فندق رفاف السلطان,Makkah,Makkah,167,3,7.1,40,Twin Room,2 beds (2 singles),2,,True,21.398777967942,39.8695926969326,https://www.booking.com/hotel/sa/reefaf-al-sultan-makkah.en-gb.html?aid=304142&label=gen173nr-1DCAEoggI46AdIM1gEaMQBiAECmAEJuAEJyAER2AED6AEBiAIBqAIDuAKmm9z0BcACAQ&sid=42146239dcdf1e519ee673686891723f&all_sr_blocks=122485609_223012156_2_0_0&checkin=2020-04-24&checkout=2020-04-25&dest_id=186&dest_type=country&group_adults=2&group_children=0&hapos=345&highlighted_blocks=122485609_223012156_2_0_0&hpos=20&no_rooms=1&sr_order=class_and_price&sr_pri_blocks=122485609_223012156_2_0_0__16725&srepoch=1587182956&srpvid=391c1d36b4bd00b8&ucfs=1&from=searchresultshttps://www.booking.com;highlight_room=#hotelTmpl,booking_kaggle,2020,2020-04-24,2026-09-13T06:37:49.339055+00:00,False
hotels_00345,4494418,فندق التيسير,Arar,Northern Borders,170,3,6.3,160,Economy Twin Room,2 beds (2 singles),2,,True,30.9784094594153,41.0177725393868,https://www.booking.com/hotel/sa/fndq-ltysyr.en-gb.html?aid=304142&label=gen173nr-1DCAEoggI46AdIM1gEaMQBiAECmAEJuAEJyAER2AED6AEBiAIBqAIDuAKmm9z0BcACAQ&sid=42146239dcdf1e519ee673686891723f&all_sr_blocks=449441807_135606844_2_0_0&checkin=2020-04-24&checkout=2020-04-25&dest_id=186&dest_type=country&group_adults=2&group_children=0&hapos=346&highlighted_blocks=449441807_135606844_2_0_0&hpos=21&no_rooms=1&sr_order=class_and_price&sr_pri_blocks=449441807_135606844_2_0_0__17000&srepoch=1587182956&srpvid=391c1d36b4bd00b8&ucfs=1&from=searchresultshttps://www.booking.com;highlight_room=#hotelTmpl,booking_kaggle,2020,2020-04-24,2026-09-13T06:37:49.339055+00:00,False
hotels_00346,5282197,سدرة الشرق,Jeddah,Makkah,170,3,,,Deluxe Double Room (1 adult + 1 child),2 beds (2 singles),2,,True,21.526015,39.202287,https://www.booking.com/hotel/sa/sdr-lshrq-jeddah.en-gb.html?aid=304142&label=gen173nr-1DCAEoggI46AdIM1gEaMQBiAECmAEJuAEJyAER2AED6AEBiAIBqAIDuAKmm9z0BcACAQ&sid=42146239dcdf1e519ee673686891723f&all_sr_blocks=528219702_186177065_2_0_0&checkin=2020-04-24&checkout=2020-04-25&dest_id=186&dest_type=country&group_adults=2&group_children=0&hapos=347&highlighted_blocks=528219702_186177065_2_0_0&hpos=22&no_rooms=1&sr_order=class_and_price&sr_pri_blocks=528219702_186177065_2_0_0__17000&srepoch=1587182956&srpvid=391c1d36b4bd00b8&ucfs=1&from=searchresultshttps://www.booking.com;highlight_room=#hotelTmpl,booking_kaggle,2020,2020-04-24,2026-09-13T06:37:49.339055+00:00,False
hotels_00347,4432315,SHALLY RESIDENCE 3,Al Khobar,Eastern Province,171,3,8.1,567,Deluxe Double Room,1 bed (1 single),2,True,True,26.2020580376942,50.2095223180771,https://www.booking.com/hotel/sa/shally-residence.en-gb.html?aid=304142&label=gen173nr-1DCAEoggI46AdIM1gEaMQBiAECmAEJuAEJyAER2AED6AEBiAIBqAIDuAKmm9z0BcACAQ&sid=42146239dcdf1e519ee673686891723f&all_sr_blocks=443231501_139237252_2_41_0&checkin=2020-04-24&checkout=2020-04-25&dest_id=186&dest_type=country&group_adults=2&group_children=0&hapos=348&highlighted_blocks=443231501_139237252_2_41_0&hpos=23&no_rooms=1&sr_order=class_and_price&sr_pri_blocks=443231501_139237252_2_41_0__17100&srepoch=1587182956&srpvid=391c1d36b4bd00b8&ucfs=1&from=searchresultshttps://www.booking.com;highlight_room=#hotelTmpl,booking_kaggle,2020,2020-04-24,2026-09-13T06:37:49.339055+00:00,False
hotels_00348,454884,Wakan Luxury Villas and Suites,Jeddah,Makkah,171,,7.0,1,One-Bedroom Apartment,1 bed (1 double),2,,True,21.5592483114078,39.13907289505,https://www.booking.com/hotel/sa/wakan-luxury-villas-and-suites.en-gb.html?aid=304142&label=gen173nr-1DCAEoggI46AdIM1gEaMQBiAECmAEJuAEJyAER2AED6AEBiAIBqAIDuAKmm9z0BcACAQ&sid=42146239dcdf1e519ee673686891723f&all_sr_blocks=45488408_226113505_0_0_0&checkin=2020-04-24&checkout=2020-04-25&dest_id=186&dest_type=country&group_adults=2&group_children=0&hapos=349&highlighted_blocks=45488408_226113505_0_0_0&hpos=24&no_rooms=1&sr_order=class_and_price&sr_pri_blocks=45488408_226113505_0_0_0__17100&srepoch=1587182956&srpvid=391c1d36b4bd00b8&ucfs=1&from=searchresultshttps://www.booking.com;highlight_room=#hotelTmpl,booking_kaggle,2020,2020-04-24,2026-09-13T06:37:49.339055+00:00,False
hotels_00349,5772042,مروج الخليج للشقق الفندقية,Al Khafji,Eastern Province,171,3,6.9,12,Duplex Suite,1 bed (1 extra-large double),2,,True,28.48186,48.491222,https://www.booking.com/hotel/sa/mrwj-lkhlyj-llshqq-fndqy.en-gb.html?aid=304142&label=gen173nr-1DCAEoggI46AdIM1gEaMQBiAECmAEJuAEJyAER2AED6AEBiAIBqAIDuAKmm9z0BcACAQ&sid=42146239dcdf1e519ee673686891723f&all_sr_blocks=577204205_223847693_2_0_0&checkin=2020-04-24&checkout=2020-04-25&dest_id=186&dest_type=country&group_adults=2&group_children=0&hapos=350&highlighted_blocks=577204205_223847693_2_0_0&hpos=25&no_rooms=1&sr_order=class_and_price&sr_pri_blocks=577204205_223847693_2_0_0__17100&srepoch=1587182956&srpvid=391c1d36b4bd00b8&ucfs=1&from=searchresultshttps://www.booking.com;highlight_room=#hotelTmpl,booking_kaggle,2020,2020-04-24,2026-09-13T06:37:49.339055+00:00,False
hotels_00350,5449143,Mabet Al Tahlia Hotel Apartments,Jeddah,Makkah,175,3,8.1,302,Deluxe King Studio,1 bed (1 large double),2,,True,21.5577146917774,39.17794446529,https://www.booking.com/hotel/sa/mbyt-lthly-lljnh-lfndqy.en-gb.html?aid=304142&label=gen173nr-1DCAEoggI46AdIM1gEaMQBiAECmAEJuAEJyAER2AED6AEBiAIBqAIDuAKmm9z0BcACAQ&sid=42146239dcdf1e519ee673686891723f&all_sr_blocks=544914301_233200409_2_0_0&checkin=2020-04-24&checkout=2020-04-25&dest_id=186&dest_type=country&group_adults=2&group_children=0&hapos=351&highlighted_blocks=544914301_233200409_2_0_0&hpos=1&no_rooms=1&sr_order=class_and_price&sr_pri_blocks=544914301_233200409_2_0_0__17480&srepoch=1587182966&srpvid=6d521d3b6f1b0067&ucfs=1&from=searchresultshttps://www.booking.com;highlight_room=;has_campaign_deals_breakaway20_customer_label=1#hotelTmpl,booking_kaggle,2020,2020-04-24,2026-09-13T06:37:49.339055+00:00,False
hotels_00351,1967293,Dyar Al Hamra Hotel,Jeddah,Makkah,175,3,7.7,2,Superior King Room,1 bed (1 extra-large double),2,,True,21.5189606696154,39.159251202655,https://www.booking.com/hotel/sa/dyar-inn.en-gb.html?aid=304142&label=gen173nr-1DCAEoggI46AdIM1gEaMQBiAECmAEJuAEJyAER2AED6AEBiAIBqAIDuAKmm9z0BcACAQ&sid=42146239dcdf1e519ee673686891723f&all_sr_blocks=196729301_105570242_2_2_0&checkin=2020-04-24&checkout=2020-04-25&dest_id=186&dest_type=country&group_adults=2&group_children=0&hapos=352&highlighted_blocks=196729301_105570242_2_2_0&hpos=2&no_rooms=1&sr_order=class_and_price&sr_pri_blocks=196729301_105570242_2_2_0__17500&srepoch=1587182966&srpvid=6d521d3b6f1b0067&ucfs=1&from=searchresultshttps://www.booking.com;highlight_room=#hotelTmpl,booking_kaggle,2020,2020-04-24,2026-09-13T06:37:49.339055+00:00,False
hotels_00352,2803291,Diyar Almashaer Hotel,Makkah,Makkah,175,3,8.1,230,Triple Room,3 beds (3 singles),3,,True,21.4017903841403,39.872996286261,https://www.booking.com/hotel/sa/mk-lmkrm-makkah.en-gb.html?aid=304142&label=gen173nr-1DCAEoggI46AdIM1gEaMQBiAECmAEJuAEJyAER2AED6AEBiAIBqAIDuAKmm9z0BcACAQ&sid=42146239dcdf1e519ee673686891723f&all_sr_blocks=280329104_192693612_3_0_0&checkin=2020-04-24&checkout=2020-04-25&dest_id=186&dest_type=country&group_adults=2&group_children=0&hapos=353&highlighted_blocks=280329104_192693612_3_0_0&hpos=3&no_rooms=1&sr_order=class_and_price&sr_pri_blocks=280329104_192693612_3_0_0__17500&srepoch=1587182966&srpvid=6d521d3b6f1b0067&ucfs=1&from=searchresultshttps://www.booking.com;highlight_room=#hotelTmpl,booking_kaggle,2020,2020-04-24,2026-09-13T06:37:49.339055+00:00,False
hotels_00353,2276863,Capital O 338 Asian Hotel,Jubail,Eastern Province,176,3,6.5,245,Standard Studio,1 bed (1 extra-large double),2,,,27.0005225129744,49.6264131420685,https://www.booking.com/hotel/sa/asian.en-gb.html?aid=304142&label=gen173nr-1DCAEoggI46AdIM1gEaMQBiAECmAEJuAEJyAER2AED6AEBiAIBqAIDuAKmm9z0BcACAQ&sid=42146239dcdf1e519ee673686891723f&all_sr_blocks=227686320_244251939_2_0_0&checkin=2020-04-24&checkout=2020-04-25&dest_id=186&dest_type=country&group_adults=2&group_children=0&hapos=354&highlighted_blocks=227686320_244251939_2_0_0&hpos=4&no_rooms=1&sr_order=class_and_price&sr_pri_blocks=227686320_244251939_2_0_0__17553&srepoch=1587182966&srpvid=6d521d3b6f1b0067&ucfs=1&from=searchresultshttps://www.booking.com;highlight_room=#hotelTmpl,booking_kaggle,2020,2020-04-24,2026-09-13T06:37:49.339055+00:00,False
hotels_00354,5112718,فندق لمار البوادى,Jeddah,Makkah,178,3,8.4,833,Studio,2 beds (2 large doubles),2,True,True,21.5895925094314,39.1694292543144,https://www.booking.com/hotel/sa/lamar-albawadi.en-gb.html?aid=304142&label=gen173nr-1DCAEoggI46AdIM1gEaMQBiAECmAEJuAEJyAER2AED6AEBiAIBqAIDuAKmm9z0BcACAQ&sid=42146239dcdf1e519ee673686891723f&all_sr_blocks=511271807_220784873_2_41_0&checkin=2020-04-24&checkout=2020-04-25&dest_id=186&dest_type=country&group_adults=2&group_children=0&hapos=355&highlighted_blocks=511271807_220784873_2_41_0&hpos=5&no_rooms=1&sr_order=class_and_price&sr_pri_blocks=511271807_220784873_2_41_0__17750&srepoch=1587182966&srpvid=6d521d3b6f1b0067&ucfs=1&from=searchresultshttps://www.booking.com;highlight_room=#hotelTmpl,booking_kaggle,2020,2020-04-24,2026-09-13T06:37:49.339055+00:00,False
hotels_00355,1742095,Kadi Hotel,Al Mikhlaf,,180,3,8.3,37,One-Bedroom Suite,2 beds (2 singles),2,,True,17.5605204451404,44.3140920996665,https://www.booking.com/hotel/sa/kadi.en-gb.html?aid=304142&label=gen173nr-1DCAEoggI46AdIM1gEaMQBiAECmAEJuAEJyAER2AED6AEBiAIBqAIDuAKmm9z0BcACAQ&sid=42146239dcdf1e519ee673686891723f&all_sr_blocks=174209501_194787051_0_42_0&checkin=2020-04-24&checkout=2020-04-25&dest_id=186&dest_type=country&group_adults=2&group_children=0&hapos=356&highlighted_blocks=174209501_194787051_0_42_0&hpos=6&no_rooms=1&sr_order=class_and_price&sr_pri_blocks=174209501_194787051_0_42_0__18000&srepoch=1587182966&srpvid=6d521d3b6f1b0067&ucfs=1&from=searchresultshttps://www.booking.com;highlight_room=#hotelTmpl,booking_kaggle,2020,2020-04-24,2026-09-13T06:37:49.339055+00:00,False
hotels_00356,701871,فندق جاردن فيو,Tabuk,Tabuk,180,3,7.3,793,Standard Studio Double,1 bed (1 extra-large double),2,,True,28.4095818380978,36.5596407651901,https://www.booking.com/hotel/sa/uuo-u-uuo3uuu-oao-uu.en-gb.html?aid=304142&label=gen173nr-1DCAEoggI46AdIM1gEaMQBiAECmAEJuAEJyAER2AED6AEBiAIBqAIDuAKmm9z0BcACAQ&sid=42146239dcdf1e519ee673686891723f&all_sr_blocks=70187114_231326945_0_0_0&checkin=2020-04-24&checkout=2020-04-25&dest_id=186&dest_type=country&group_adults=2&group_children=0&hapos=357&highlighted_blocks=70187114_231326945_0_0_0&hpos=7&no_rooms=1&sr_order=class_and_price&sr_pri_blocks=70187114_231326945_0_0_0__18000&srepoch=1587182966&srpvid=6d521d3b6f1b0067&ucfs=1&from=searchresultshttps://www.booking.com;highlight_room=#hotelTmpl,booking_kaggle,2020,2020-04-24,2026-09-13T06:37:49.339055+00:00,False
hotels_00357,5778479,يار للوحدات السكنيه شاليهات و مسابح,Jazan,Jazan,180,3,7.8,68,Studio Apartment,"3 beds (2 singles, 1 sofa bed)",3,,,16.8995841440039,42.6095761439667,https://www.booking.com/hotel/sa/nzl-yr-llshqq-wlshlyht-wlmsbh.en-gb.html?aid=304142&label=gen173nr-1DCAEoggI46AdIM1gEaMQBiAECmAEJuAEJyAER2AED6AEBiAIBqAIDuAKmm9z0BcACAQ&sid=42146239dcdf1e519ee673686891723f&all_sr_blocks=577847903_223676016_0_0_0&checkin=2020-04-24&checkout=2020-04-25&dest_id=186&dest_type=country&group_adults=2&group_children=0&hapos=358&highlighted_blocks=577847903_223676016_0_0_0&hpos=8&no_rooms=1&sr_order=class_and_price&sr_pri_blocks=577847903_223676016_0_0_0__18000&srepoch=1587182966&srpvid=6d521d3b6f1b0067&ucfs=1&from=searchresultshttps://www.booking.com;highlight_room=#hotelTmpl,booking_kaggle,2020,2020-04-24,2026-09-13T06:37:49.339055+00:00,False
hotels_00358,725899,Al Shaiki Hotel,Jubail,Eastern Province,180,3,5.6,55,Double Room,1 bed (1 double),2,,True,27.0116361862271,49.660116299965,https://www.booking.com/hotel/sa/alshaiki.en-gb.html?aid=304142&label=gen173nr-1DCAEoggI46AdIM1gEaMQBiAECmAEJuAEJyAER2AED6AEBiAIBqAIDuAKmm9z0BcACAQ&sid=42146239dcdf1e519ee673686891723f&all_sr_blocks=72589901_201553819_0_0_0&checkin=2020-04-24&checkout=2020-04-25&dest_id=186&dest_type=country&group_adults=2&group_children=0&hapos=359&highlighted_blocks=72589901_201553819_0_0_0&hpos=9&no_rooms=1&sr_order=class_and_price&sr_pri_blocks=72589901_201553819_0_0_0__18000&srepoch=1587182966&srpvid=6d521d3b6f1b0067&ucfs=1&from=searchresultshttps://www.booking.com;highlight_room=#hotelTmpl,booking_kaggle,2020,2020-04-24,2026-09-13T06:37:49.339055+00:00,False
hotels_00359,6398949,جوهرة الخليج للوحدات السكنية,Riyadh,Riyadh,180,3,,,Deluxe Double Studio,2 beds (2 extra-large doubles),2,,True,24.654945,46.72636,https://www.booking.com/hotel/sa/jwhr-lkhlyj-llwhdt-lskny.en-gb.html?aid=304142&label=gen173nr-1DCAEoggI46AdIM1gEaMQBiAECmAEJuAEJyAER2AED6AEBiAIBqAIDuAKmm9z0BcACAQ&sid=42146239dcdf1e519ee673686891723f&all_sr_blocks=639894902_256030797_2_0_0&checkin=2020-04-24&checkout=2020-04-25&dest_id=186&dest_type=country&group_adults=2&group_children=0&hapos=360&highlighted_blocks=639894902_256030797_2_0_0&hpos=10&no_rooms=1&sr_order=class_and_price&sr_pri_blocks=639894902_256030797_2_0_0__18000&srepoch=1587182966&srpvid=6d521d3b6f1b0067&ucfs=1&from=searchresultshttps://www.booking.com;highlight_room=#hotelTmpl,booking_kaggle,2020,2020-04-24,2026-09-13T06:37:49.339055+00:00,False
hotels_00360,2264454,AlMuhaidb Residence Alkhafji,Al Khafji,Eastern Province,189,3,8.5,924,Standard Double Room,1 bed (1 large double),2,,True,28.463318044318,48.4854163528144,https://www.booking.com/hotel/sa/almuhaidb-residence-alkhafji.en-gb.html?aid=304142&label=gen173nr-1DCAEoggI46AdIM1gEaMQBiAECmAEJuAEJyAER2AED6AEBiAIBqAIDuAKmm9z0BcACAQ&sid=42146239dcdf1e519ee673686891723f&all_sr_blocks=226445409_204607602_0_2_0&checkin=2020-04-24&checkout=2020-04-25&dest_id=186&dest_type=country&group_adults=2&group_children=0&hapos=361&highlighted_blocks=226445409_204607602_0_2_0&hpos=11&no_rooms=1&sr_order=class_and_price&sr_pri_blocks=226445409_204607602_0_2_0__18900&srepoch=1587182966&srpvid=6d521d3b6f1b0067&ucfs=1&from=searchresultshttps://www.booking.com;highlight_room=#hotelTmpl,booking_kaggle,2020,2020-04-24,2026-09-13T06:37:49.339055+00:00,False
hotels_00361,782604,Renz Hotel Jeddah,Jeddah,Makkah,190,3,8.4,317,Classic King Room,1 bed (1 extra-large double),2,,True,21.5349168613614,39.2104625701904,https://www.booking.com/hotel/sa/renz.en-gb.html?aid=304142&label=gen173nr-1DCAEoggI46AdIM1gEaMQBiAECmAEJuAEJyAER2AED6AEBiAIBqAIDuAKmm9z0BcACAQ&sid=42146239dcdf1e519ee673686891723f&all_sr_blocks=78260412_114057928_0_42_0&checkin=2020-04-24&checkout=2020-04-25&dest_id=186&dest_type=country&group_adults=2&group_children=0&hapos=362&highlighted_blocks=78260412_114057928_0_42_0&hpos=12&no_rooms=1&sr_order=class_and_price&sr_pri_blocks=78260412_114057928_0_42_0__19000&srepoch=1587182966&srpvid=6d521d3b6f1b0067&ucfs=1&from=searchresultshttps://www.booking.com;highlight_room=#hotelTmpl,booking_kaggle,2020,2020-04-24,2026-09-13T06:37:49.339055+00:00,False
hotels_00362,1813153,Radmah Suites Jubail,Jubail,Eastern Province,190,3,6.5,65,Studio Apartment,1 bed (1 extra-large double),2,,True,27.0048545,49.6580852,https://www.booking.com/hotel/sa/radmah-suites-jubail-al-jubail.en-gb.html?aid=304142&label=gen173nr-1DCAEoggI46AdIM1gEaMQBiAECmAEJuAEJyAER2AED6AEBiAIBqAIDuAKmm9z0BcACAQ&sid=42146239dcdf1e519ee673686891723f&all_sr_blocks=181315303_195330463_2_2_0&checkin=2020-04-24&checkout=2020-04-25&dest_id=186&dest_type=country&group_adults=2&group_children=0&hapos=363&highlighted_blocks=181315303_195330463_2_2_0&hpos=13&no_rooms=1&sr_order=class_and_price&sr_pri_blocks=181315303_195330463_2_2_0__19000&srepoch=1587182966&srpvid=6d521d3b6f1b0067&ucfs=1&from=searchresultshttps://www.booking.com;highlight_room=#hotelTmpl,booking_kaggle,2020,2020-04-24,2026-09-13T06:37:49.339055+00:00,False
hotels_00363,4681197,Nawara Sulimania Askary,Riyadh,Riyadh,190,,6.6,38,Studio Apartment,,2,,True,24.7031281,46.7155898,https://www.booking.com/hotel/sa/nawara-sulimania-askary.en-gb.html?aid=304142&label=gen173nr-1DCAEoggI46AdIM1gEaMQBiAECmAEJuAEJyAER2AED6AEBiAIBqAIDuAKmm9z0BcACAQ&sid=42146239dcdf1e519ee673686891723f&all_sr_blocks=468119702_218842188_2_0_0&checkin=2020-04-24&checkout=2020-04-25&dest_id=186&dest_type=country&group_adults=2&group_children=0&hapos=364&highlighted_blocks=468119702_218842188_2_0_0&hpos=14&no_rooms=1&sr_order=class_and_price&sr_pri_blocks=468119702_218842188_2_0_0__19000&srepoch=1587182966&srpvid=6d521d3b6f1b0067&ucfs=1&from=searchresultshttps://www.booking.com;highlight_room=#hotelTmpl,booking_kaggle,2020,2020-04-24,2026-09-13T06:37:49.339055+00:00,False
hotels_00364,447847,Capital O 309 Al-faleh Hotel,Al Bahah,Al Bahah,193,3,6.1,107,Standard Studio,1 bed (1 double),2,,True,20.038857830136,41.4483341574669,https://www.booking.com/hotel/sa/al-faleh-al-baha.en-gb.html?aid=304142&label=gen173nr-1DCAEoggI46AdIM1gEaMQBiAECmAEJuAEJyAER2AED6AEBiAIBqAIDuAKmm9z0BcACAQ&sid=42146239dcdf1e519ee673686891723f&all_sr_blocks=44784712_236430760_2_0_0&checkin=2020-04-24&checkout=2020-04-25&dest_id=186&dest_type=country&group_adults=2&group_children=0&hapos=365&highlighted_blocks=44784712_236430760_2_0_0&hpos=15&no_rooms=1&sr_order=class_and_price&sr_pri_blocks=44784712_236430760_2_0_0__19293&srepoch=1587182966&srpvid=6d521d3b6f1b0067&ucfs=1&from=searchresultshttps://www.booking.com;highlight_room=#hotelTmpl,booking_kaggle,2020,2020-04-24,2026-09-13T06:37:49.339055+00:00,False
hotels_00365,881901,Super 8 Al Riyadh,Riyadh,Riyadh,194,3,7.1,237,King Room - Non-Smoking,1 bed (1 extra-large double),2,,True,24.834531394569,46.7357057332993,https://www.booking.com/hotel/sa/super-8-al-riyadh.en-gb.html?aid=304142&label=gen173nr-1DCAEoggI46AdIM1gEaMQBiAECmAEJuAEJyAER2AED6AEBiAIBqAIDuAKmm9z0BcACAQ&sid=42146239dcdf1e519ee673686891723f&all_sr_blocks=88190106_97467481_2_2_0&checkin=2020-04-24&checkout=2020-04-25&dest_id=186&dest_type=country&group_adults=2&group_children=0&hapos=366&highlighted_blocks=88190106_97467481_2_2_0&hpos=16&no_rooms=1&sr_order=class_and_price&sr_pri_blocks=88190106_97467481_2_2_0__19350&srepoch=1587182966&srpvid=6d521d3b6f1b0067&ucfs=1&from=searchresultshttps://www.booking.com;highlight_room=#hotelTmpl,booking_kaggle,2020,2020-04-24,2026-09-13T06:37:49.339055+00:00,False
hotels_00366,1988260,فندق رفاف الحياة,Makkah,Makkah,195,3,8.1,298,Deluxe King Room,1 bed (1 large double),2,True,True,21.3958607043063,39.8684714734554,https://www.booking.com/hotel/sa/refaf-alhaya.en-gb.html?aid=304142&label=gen173nr-1DCAEoggI46AdIM1gEaMQBiAECmAEJuAEJyAER2AED6AEBiAIBqAIDuAKmm9z0BcACAQ&sid=42146239dcdf1e519ee673686891723f&all_sr_blocks=198826026_223672246_2_1_0&checkin=2020-04-24&checkout=2020-04-25&dest_id=186&dest_type=country&group_adults=2&group_children=0&hapos=367&highlighted_blocks=198826026_223672246_2_1_0&hpos=17&no_rooms=1&sr_order=class_and_price&sr_pri_blocks=198826026_223672246_2_1_0__19512&srepoch=1587182966&srpvid=6d521d3b6f1b0067&ucfs=1&from=searchresultshttps://www.booking.com;highlight_room=#hotelTmpl,booking_kaggle,2020,2020-04-24,2026-09-13T06:37:49.339055+00:00,False
hotels_00367,352417,Howard Johnson Dammam Hotel,Dammam,Eastern Province,199,3,7.9,1,King Room with City View - Non-Smoking,,2,,True,26.4684697136906,50.086315870285,https://www.booking.com/hotel/sa/johnson-cornich-hotel-dammam.en-gb.html?aid=304142&label=gen173nr-1DCAEoggI46AdIM1gEaMQBiAECmAEJuAEJyAER2AED6AEBiAIBqAIDuAKmm9z0BcACAQ&sid=42146239dcdf1e519ee673686891723f&all_sr_blocks=35241718_246073855_2_2_0&checkin=2020-04-24&checkout=2020-04-25&dest_id=186&dest_type=country&group_adults=2&group_children=0&hapos=368&highlighted_blocks=35241718_246073855_2_2_0&hpos=18&no_rooms=1&sr_order=class_and_price&sr_pri_blocks=35241718_246073855_2_2_0__19900&srepoch=1587182966&srpvid=6d521d3b6f1b0067&ucfs=1&from=searchresultshttps://www.booking.com;highlight_room=#hotelTmpl,booking_kaggle,2020,2020-04-24,2026-09-13T06:37:49.339055+00:00,False
hotels_00368,2995207,Sadeem Village & Chalet,Al Shafa,Makkah,199,,7.4,160,One-Bedroom Chalet,"2 beds (1 sofa bed, 1 large double)",3,,True,21.0636266213551,40.3351128101349,https://www.booking.com/hotel/sa/sadeem-village-amp-chalet-resort-alshafa-taif.en-gb.html?aid=304142&label=gen173nr-1DCAEoggI46AdIM1gEaMQBiAECmAEJuAEJyAER2AED6AEBiAIBqAIDuAKmm9z0BcACAQ&sid=42146239dcdf1e519ee673686891723f&all_sr_blocks=299520702_122231678_3_0_0&checkin=2020-04-24&checkout=2020-04-25&dest_id=186&dest_type=country&group_adults=2&group_children=0&hapos=369&highlighted_blocks=299520702_122231678_3_0_0&hpos=19&no_rooms=1&sr_order=class_and_price&sr_pri_blocks=299520702_122231678_3_0_0__19900&srepoch=1587182966&srpvid=6d521d3b6f1b0067&ucfs=1&from=searchresultshttps://www.booking.com;highlight_room=#hotelTmpl,booking_kaggle,2020,2020-04-24,2026-09-13T06:37:49.339055+00:00,False
hotels_00369,5840481,Acacia Aparthotelاكاسا للشقق,Jeddah,Makkah,199,3,8.1,390,Standard Studio,"2 beds (1 extra-large double, 1 sofa bed)",2,,True,21.583074,39.153293,https://www.booking.com/hotel/sa/ks.en-gb.html?aid=304142&label=gen173nr-1DCAEoggI46AdIM1gEaMQBiAECmAEJuAEJyAER2AED6AEBiAIBqAIDuAKmm9z0BcACAQ&sid=42146239dcdf1e519ee673686891723f&all_sr_blocks=584048102_228153651_2_0_0&checkin=2020-04-24&checkout=2020-04-25&dest_id=186&dest_type=country&group_adults=2&group_children=0&hapos=370&highlighted_blocks=584048102_228153651_2_0_0&hpos=20&no_rooms=1&sr_order=class_and_price&sr_pri_blocks=584048102_228153651_2_0_0__19900&srepoch=1587182966&srpvid=6d521d3b6f1b0067&ucfs=1&from=searchresultshttps://www.booking.com;highlight_room=#hotelTmpl,booking_kaggle,2020,2020-04-24,2026-09-13T06:37:49.339055+00:00,False
hotels_00370,3380389,Armada Hotel Jazan,Jazan,Jazan,199,3,8.7,520,Deluxe Room,1 bed (1 extra-large double),2,,True,16.848112,42.605969,https://www.booking.com/hotel/sa/fndq-rmd-jyzn.en-gb.html?aid=304142&label=gen173nr-1DCAEoggI46AdIM1gEaMQBiAECmAEJuAEJyAER2AED6AEBiAIBqAIDuAKmm9z0BcACAQ&sid=42146239dcdf1e519ee673686891723f&all_sr_blocks=338038901_202313698_2_0_0&checkin=2020-04-24&checkout=2020-04-25&dest_id=186&dest_type=country&group_adults=2&group_children=0&hapos=371&highlighted_blocks=338038901_202313698_2_0_0&hpos=21&no_rooms=1&sr_order=class_and_price&sr_pri_blocks=338038901_202313698_2_0_0__19900&srepoch=1587182966&srpvid=6d521d3b6f1b0067&ucfs=1&from=searchresultshttps://www.booking.com;highlight_room=#hotelTmpl,booking_kaggle,2020,2020-04-24,2026-09-13T06:37:49.339055+00:00,False
hotels_00371,4979476,Lavona Tiba Hotel,Dammam,Eastern Province,199,3,8.8,604,Deluxe King Room,1 bed (1 extra-large double),2,True,True,26.3697948071432,50.0583832513732,https://www.booking.com/hotel/sa/ldmm-dammam123.en-gb.html?aid=304142&label=gen173nr-1DCAEoggI46AdIM1gEaMQBiAECmAEJuAEJyAER2AED6AEBiAIBqAIDuAKmm9z0BcACAQ&sid=42146239dcdf1e519ee673686891723f&all_sr_blocks=497947605_167798050_2_1_0&checkin=2020-04-24&checkout=2020-04-25&dest_id=186&dest_type=country&group_adults=2&group_children=0&hapos=372&highlighted_blocks=497947605_167798050_2_1_0&hpos=22&no_rooms=1&sr_order=class_and_price&sr_pri_blocks=497947605_167798050_2_1_0__19900&srepoch=1587182966&srpvid=6d521d3b6f1b0067&ucfs=1&from=searchresultshttps://www.booking.com;highlight_room=#hotelTmpl,booking_kaggle,2020,2020-04-24,2026-09-13T06:37:49.339055+00:00,False
hotels_00372,4953467,Alraqi Plaza Hotel,Makkah,Makkah,199,,7.0,276,Triple Room with Private Bathroom,3 beds (3 singles),3,,,21.430803714111,39.835609898141,https://www.booking.com/hotel/sa/alraage-plaza-lrqy-blz.en-gb.html?aid=304142&label=gen173nr-1DCAEoggI46AdIM1gEaMQBiAECmAEJuAEJyAER2AED6AEBiAIBqAIDuAKmm9z0BcACAQ&sid=42146239dcdf1e519ee673686891723f&all_sr_blocks=495346704_168889714_3_0_0&checkin=2020-04-24&checkout=2020-04-25&dest_id=186&dest_type=country&group_adults=2&group_children=0&hapos=373&highlighted_blocks=495346704_168889714_3_0_0&hpos=23&no_rooms=1&sr_order=class_and_price&sr_pri_blocks=495346704_168889714_3_0_0__19900&srepoch=1587182966&srpvid=6d521d3b6f1b0067&ucfs=1&from=searchresultshttps://www.booking.com;highlight_room=#hotelTmpl,booking_kaggle,2020,2020-04-24,2026-09-13T06:37:49.339055+00:00,False
hotels_00373,5418308,Aldura al raqya الدرة الراقية,Madinah,Madinah,199,,8.3,134,One-Bedroom Apartment,1 bed (1 large double),2,,,24.5094505070685,39.6932682859917,https://www.booking.com/hotel/sa/ldr-lrqy.en-gb.html?aid=304142&label=gen173nr-1DCAEoggI46AdIM1gEaMQBiAECmAEJuAEJyAER2AED6AEBiAIBqAIDuAKmm9z0BcACAQ&sid=42146239dcdf1e519ee673686891723f&all_sr_blocks=541830801_195119218_2_0_0&checkin=2020-04-24&checkout=2020-04-25&dest_id=186&dest_type=country&group_adults=2&group_children=0&hapos=374&highlighted_blocks=541830801_195119218_2_0_0&hpos=24&no_rooms=1&sr_order=class_and_price&sr_pri_blocks=541830801_195119218_2_0_0__19900&srepoch=1587182966&srpvid=6d521d3b6f1b0067&ucfs=1&from=searchresultshttps://www.booking.com;highlight_room=#hotelTmpl,booking_kaggle,2020,2020-04-24,2026-09-13T06:37:49.339055+00:00,False
hotels_00374,1996983,Auris Al Fanar Apartments,Riyadh,Riyadh,200,3,7.8,357,One-Bedroom Apartment,1 bed (1 extra-large double),2,,True,24.7735070531332,46.7607795594813,https://www.booking.com/hotel/sa/auris-al-fanar-riyadh.en-gb.html?aid=304142&label=gen173nr-1DCAEoggI46AdIM1gEaMQBiAECmAEJuAEJyAER2AED6AEBiAIBqAIDuAKmm9z0BcACAQ&sid=42146239dcdf1e519ee673686891723f&all_sr_blocks=199698301_200026223_0_0_0&checkin=2020-04-24&checkout=2020-04-25&dest_id=186&dest_type=country&group_adults=2&group_children=0&hapos=375&highlighted_blocks=199698301_200026223_0_0_0&hpos=25&no_rooms=1&sr_order=class_and_price&sr_pri_blocks=199698301_200026223_0_0_0__20000&srepoch=1587182966&srpvid=6d521d3b6f1b0067&ucfs=1&from=searchresultshttps://www.booking.com;highlight_room=#hotelTmpl,booking_kaggle,2020,2020-04-24,2026-09-13T06:37:49.339055+00:00,False
hotels_00375,4278970,Qasr el Aon Furnished Apartments,Sharurah,Najran,200,3,7.7,26,Studio Apartment,"2 beds (1 extra-large double, 1 sofa bed)",3,,,17.4829569967995,47.0999127295913,https://www.booking.com/hotel/sa/qsr-l-wn-llshqq-lfndqy.en-gb.html?aid=304142&label=gen173nr-1DCAEoggI46AdIM1gEaMQBiAECmAEJuAEJyAER2AED6AEBiAIBqAIDuAKmm9z0BcACAQ&sid=42146239dcdf1e519ee673686891723f&all_sr_blocks=427897002_129062233_0_0_0&checkin=2020-04-24&checkout=2020-04-25&dest_id=186&dest_type=country&group_adults=2&group_children=0&hapos=376&highlighted_blocks=427897002_129062233_0_0_0&hpos=1&no_rooms=1&sr_order=class_and_price&sr_pri_blocks=427897002_129062233_0_0_0__19999&srepoch=1587182976&srpvid=391c1d40dd830024&ucfs=1&from=searchresultshttps://www.booking.com;highlight_room=#hotelTmpl,booking_kaggle,2020,2020-04-24,2026-09-13T06:37:49.339055+00:00,False
hotels_00376,454898,Crystal Blue Hotel,Rabigh,Makkah,200,3,7.9,91,Double Room,1 bed (1 single),2,True,True,22.7824876662623,39.0341126918793,https://www.booking.com/hotel/sa/crystal-blue.en-gb.html?aid=304142&label=gen173nr-1DCAEoggI46AdIM1gEaMQBiAECmAEJuAEJyAER2AED6AEBiAIBqAIDuAKmm9z0BcACAQ&sid=42146239dcdf1e519ee673686891723f&all_sr_blocks=45489801_209057817_0_1_0&checkin=2020-04-24&checkout=2020-04-25&dest_id=186&dest_type=country&group_adults=2&group_children=0&hapos=377&highlighted_blocks=45489801_209057817_0_1_0&hpos=2&no_rooms=1&sr_order=class_and_price&sr_pri_blocks=45489801_209057817_0_1_0__20000&srepoch=1587182976&srpvid=391c1d40dd830024&ucfs=1&from=searchresultshttps://www.booking.com;highlight_room=#hotelTmpl,booking_kaggle,2020,2020-04-24,2026-09-13T06:37:49.339055+00:00,False
hotels_00377,1642978,Ertiaad Hotel,Tabuk,Tabuk,200,3,8.4,465,Studio,1 bed (1 large double),2,,,28.3646442326485,36.5676417946815,https://www.booking.com/hotel/sa/ertiaad-tabuk.en-gb.html?aid=304142&label=gen173nr-1DCAEoggI46AdIM1gEaMQBiAECmAEJuAEJyAER2AED6AEBiAIBqAIDuAKmm9z0BcACAQ&sid=42146239dcdf1e519ee673686891723f&all_sr_blocks=164297811_94771483_2_2_0&checkin=2020-04-24&checkout=2020-04-25&dest_id=186&dest_type=country&group_adults=2&group_children=0&hapos=378&highlighted_blocks=164297811_94771483_2_2_0&hpos=3&no_rooms=1&sr_order=class_and_price&sr_pri_blocks=164297811_94771483_2_2_0__20000&srepoch=1587182976&srpvid=391c1d40dd830024&ucfs=1&from=searchresultshttps://www.booking.com;highlight_room=#hotelTmpl,booking_kaggle,2020,2020-04-24,2026-09-13T06:37:49.339055+00:00,False
hotels_00378,5585484,المنارات الراقيه 2 للوحدات السكنيه المفروشة,Jeddah,Makkah,200,3,7.0,10,Economy Double or Twin Room,"3 beds (2 singles, 1 extra-large double)",4,,True,21.6205284031899,39.1929866996918,https://www.booking.com/hotel/sa/lmnrt-lrqyh-2-llwhdt-lsknyh-lmfrwsh.en-gb.html?aid=304142&label=gen173nr-1DCAEoggI46AdIM1gEaMQBiAECmAEJuAEJyAER2AED6AEBiAIBqAIDuAKmm9z0BcACAQ&sid=42146239dcdf1e519ee673686891723f&all_sr_blocks=558548403_209029141_4_0_0&checkin=2020-04-24&checkout=2020-04-25&dest_id=186&dest_type=country&group_adults=2&group_children=0&hapos=379&highlighted_blocks=558548403_209029141_4_0_0&hpos=4&no_rooms=1&sr_order=class_and_price&sr_pri_blocks=558548403_209029141_4_0_0__20000&srepoch=1587182976&srpvid=391c1d40dd830024&ucfs=1&from=searchresultshttps://www.booking.com;highlight_room=#hotelTmpl,booking_kaggle,2020,2020-04-24,2026-09-13T06:37:49.339055+00:00,False
hotels_00379,5865084,وحدات الرمال للشقق المفروشة,Riyadh,Riyadh,200,3,5.5,14,Standard Apartment,2 beds (2 singles),2,,True,24.752326,46.845639,https://www.booking.com/hotel/sa/whdt-lrml-llshqq-lmfrwsh.en-gb.html?aid=304142&label=gen173nr-1DCAEoggI46AdIM1gEaMQBiAECmAEJuAEJyAER2AED6AEBiAIBqAIDuAKmm9z0BcACAQ&sid=42146239dcdf1e519ee673686891723f&all_sr_blocks=586508402_244926767_2_0_0&checkin=2020-04-24&checkout=2020-04-25&dest_id=186&dest_type=country&group_adults=2&group_children=0&hapos=380&highlighted_blocks=586508402_244926767_2_0_0&hpos=5&no_rooms=1&sr_order=class_and_price&sr_pri_blocks=586508402_244926767_2_0_0__20000&srepoch=1587182976&srpvid=391c1d40dd830024&ucfs=1&from=searchresultshttps://www.booking.com;highlight_room=#hotelTmpl,booking_kaggle,2020,2020-04-24,2026-09-13T06:37:49.339055+00:00,False
hotels_00380,4378027,رستن,Buraydah,Qassim,200,3,6.6,114,One-Bedroom Apartment,1 bed (1 extra-large double),2,,True,26.3458802772351,43.9443119252701,https://www.booking.com/hotel/sa/rstwn.en-gb.html?aid=304142&label=gen173nr-1DCAEoggI46AdIM1gEaMQBiAECmAEJuAEJyAER2AED6AEBiAIBqAIDuAKmm9z0BcACAQ&sid=42146239dcdf1e519ee673686891723f&all_sr_blocks=437802702_131123506_2_0_0&checkin=2020-04-24&checkout=2020-04-25&dest_id=186&dest_type=country&group_adults=2&group_children=0&hapos=381&highlighted_blocks=437802702_131123506_2_0_0&hpos=6&no_rooms=1&sr_order=class_and_price&sr_pri_blocks=437802702_131123506_2_0_0__20000&srepoch=1587182976&srpvid=391c1d40dd830024&ucfs=1&from=searchresultshttps://www.booking.com;highlight_room=#hotelTmpl,booking_kaggle,2020,2020-04-24,2026-09-13T06:37:49.339055+00:00,False
hotels_00381,1553443,Platinum The First,Madinah,Madinah,200,3,8.2,367,Twin Room,2 beds (2 singles),2,,True,24.4889234306021,39.602837562561,https://www.booking.com/hotel/sa/platinum-the-first.en-gb.html?aid=304142&label=gen173nr-1DCAEoggI46AdIM1gEaMQBiAECmAEJuAEJyAER2AED6AEBiAIBqAIDuAKmm9z0BcACAQ&sid=42146239dcdf1e519ee673686891723f&all_sr_blocks=155344302_136701155_2_0_0&checkin=2020-04-24&checkout=2020-04-25&dest_id=186&dest_type=country&group_adults=2&group_children=0&hapos=382&highlighted_blocks=155344302_136701155_2_0_0&hpos=7&no_rooms=1&sr_order=class_and_price&sr_pri_blocks=155344302_136701155_2_0_0__20000&srepoch=1587182976&srpvid=391c1d40dd830024&ucfs=1&from=searchresultshttps://www.booking.com;highlight_room=#hotelTmpl,booking_kaggle,2020,2020-04-24,2026-09-13T06:37:49.339055+00:00,False
hotels_00382,1990236,Jubail Inn,Jubail,Eastern Province,200,3,7.7,215,Deluxe Twin Room,2 beds (2 singles),2,,True,26.964647968172,49.64883685112,https://www.booking.com/hotel/sa/jubail-inn.en-gb.html?aid=304142&label=gen173nr-1DCAEoggI46AdIM1gEaMQBiAECmAEJuAEJyAER2AED6AEBiAIBqAIDuAKmm9z0BcACAQ&sid=42146239dcdf1e519ee673686891723f&all_sr_blocks=199023603_94319583_2_2_0&checkin=2020-04-24&checkout=2020-04-25&dest_id=186&dest_type=country&group_adults=2&group_children=0&hapos=383&highlighted_blocks=199023603_94319583_2_2_0&hpos=8&no_rooms=1&sr_order=class_and_price&sr_pri_blocks=199023603_94319583_2_2_0__20000&srepoch=1587182976&srpvid=391c1d40dd830024&ucfs=1&from=searchresultshttps://www.booking.com;highlight_room=#hotelTmpl,booking_kaggle,2020,2020-04-24,2026-09-13T06:37:49.339055+00:00,False
hotels_00383,1771542,Al Waleed Tower Hotel,Makkah,Makkah,207,3,8.3,3,Double Room,1 bed (1 extra-large double),2,,True,21.3977711699311,39.866052120924,https://www.booking.com/hotel/sa/fndq-brj-lwlyd-makkah.en-gb.html?aid=304142&label=gen173nr-1DCAEoggI46AdIM1gEaMQBiAECmAEJuAEJyAER2AED6AEBiAIBqAIDuAKmm9z0BcACAQ&sid=42146239dcdf1e519ee673686891723f&all_sr_blocks=177154201_131515900_2_0_0&checkin=2020-04-24&checkout=2020-04-25&dest_id=186&dest_type=country&group_adults=2&group_children=0&hapos=384&highlighted_blocks=177154201_131515900_2_0_0&hpos=9&no_rooms=1&sr_order=class_and_price&sr_pri_blocks=177154201_131515900_2_0_0__20700&srepoch=1587182976&srpvid=391c1d40dd830024&ucfs=1&from=searchresultshttps://www.booking.com;highlight_room=#hotelTmpl,booking_kaggle,2020,2020-04-24,2026-09-13T06:37:49.339055+00:00,False
hotels_00384,26198,Signature Al Khobar Hotel,Al Khobar,Eastern Province,208,3,7.5,830,Standard Room,1 bed (1 extra-large double),2,,True,26.3161275805519,50.2101695537567,https://www.booking.com/hotel/sa/tulip-inn-al-khobar.en-gb.html?aid=304142&label=gen173nr-1DCAEoggI46AdIM1gEaMQBiAECmAEJuAEJyAER2AED6AEBiAIBqAIDuAKmm9z0BcACAQ&sid=42146239dcdf1e519ee673686891723f&all_sr_blocks=2619813_233236147_0_42_0&checkin=2020-04-24&checkout=2020-04-25&dest_id=186&dest_type=country&group_adults=2&group_children=0&hapos=385&highlighted_blocks=2619813_233236147_0_42_0&hpos=10&no_rooms=1&sr_order=class_and_price&sr_pri_blocks=2619813_233236147_0_42_0__20805&srepoch=1587182977&srpvid=391c1d40dd830024&ucfs=1&from=searchresultshttps://www.booking.com;highlight_room=#hotelTmpl,booking_kaggle,2020,2020-04-24,2026-09-13T06:37:49.339055+00:00,False
hotels_00385,3604982,Wow Boutique Hotel Jeddah,Jeddah,Makkah,213,3,8.5,567,Standard Double Room,1 bed (1 large double),2,,True,21.618061455906,39.1513912033577,https://www.booking.com/hotel/sa/fndq-ww-jd.en-gb.html?aid=304142&label=gen173nr-1DCAEoggI46AdIM1gEaMQBiAECmAEJuAEJyAER2AED6AEBiAIBqAIDuAKmm9z0BcACAQ&sid=42146239dcdf1e519ee673686891723f&all_sr_blocks=360498208_216263831_2_0_0&checkin=2020-04-24&checkout=2020-04-25&dest_id=186&dest_type=country&group_adults=2&group_children=0&hapos=386&highlighted_blocks=360498208_216263831_2_0_0&hpos=11&no_rooms=1&sr_order=class_and_price&sr_pri_blocks=360498208_216263831_2_0_0__21250&srepoch=1587182977&srpvid=391c1d40dd830024&ucfs=1&from=searchresultshttps://www.booking.com;highlight_room=#hotelTmpl,booking_kaggle,2020,2020-04-24,2026-09-13T06:37:49.339055+00:00,False
hotels_00386,4436561,فندق كراوان جدة carawan jeddah hotel,Jeddah,Makkah,213,3,8.4,507,Standard Double Room,1 bed (1 extra-large double),2,,True,21.6187066356217,39.1530303234482,https://www.booking.com/hotel/sa/crown-al-naeem-jd.en-gb.html?aid=304142&label=gen173nr-1DCAEoggI46AdIM1gEaMQBiAECmAEJuAEJyAER2AED6AEBiAIBqAIDuAKmm9z0BcACAQ&sid=42146239dcdf1e519ee673686891723f&all_sr_blocks=443656104_216264142_2_2_0&checkin=2020-04-24&checkout=2020-04-25&dest_id=186&dest_type=country&group_adults=2&group_children=0&hapos=387&highlighted_blocks=443656104_216264142_2_2_0&hpos=12&no_rooms=1&sr_order=class_and_price&sr_pri_blocks=443656104_216264142_2_2_0__21250&srepoch=1587182977&srpvid=391c1d40dd830024&ucfs=1&from=searchresultshttps://www.booking.com;highlight_room=#hotelTmpl,booking_kaggle,2020,2020-04-24,2026-09-13T06:37:49.339055+00:00,False
hotels_00387,4683859,Tanuma Aram Hospitality - Hotel Apartments تنومة آرام للضيافة - شقق فندقية,Tanomah,Asir,215,3,9.0,139,Studio with Mountain View,1 bed (1 extra-large double),2,,True,18.9543080942671,42.1644975916004,https://www.booking.com/hotel/sa/aram-apartments.en-gb.html?aid=304142&label=gen173nr-1DCAEoggI46AdIM1gEaMQBiAECmAEJuAEJyAER2AED6AEBiAIBqAIDuAKmm9z0BcACAQ&sid=42146239dcdf1e519ee673686891723f&all_sr_blocks=468385901_242520180_2_42_0&checkin=2020-04-24&checkout=2020-04-25&dest_id=186&dest_type=country&group_adults=2&group_children=0&hapos=388&highlighted_blocks=468385901_242520180_2_42_0&hpos=13&no_rooms=1&sr_order=class_and_price&sr_pri_blocks=468385901_242520180_2_42_0__21500&srepoch=1587182977&srpvid=391c1d40dd830024&ucfs=1&from=searchresultshttps://www.booking.com;highlight_room=#hotelTmpl,booking_kaggle,2020,2020-04-24,2026-09-13T06:37:49.339055+00:00,False
hotels_00388,5624262,Quiet Rooms Apart,Riyadh,Riyadh,220,,7.7,77,Two-Bedroom Apartment,"3 beds (2 singles, 1 extra-large double)",4,,True,24.8129941173862,46.8050271661327,https://www.booking.com/hotel/sa/quiet-rooms.en-gb.html?aid=304142&label=gen173nr-1DCAEoggI46AdIM1gEaMQBiAECmAEJuAEJyAER2AED6AEBiAIBqAIDuAKmm9z0BcACAQ&sid=42146239dcdf1e519ee673686891723f&all_sr_blocks=562426202_227625784_4_0_0&checkin=2020-04-24&checkout=2020-04-25&dest_id=186&dest_type=country&group_adults=2&group_children=0&hapos=389&highlighted_blocks=562426202_227625784_4_0_0&hpos=14&no_rooms=1&sr_order=class_and_price&sr_pri_blocks=562426202_227625784_4_0_0__22000&srepoch=1587182977&srpvid=391c1d40dd830024&ucfs=1&from=searchresultshttps://www.booking.com;highlight_room=#hotelTmpl,booking_kaggle,2020,2020-04-24,2026-09-13T06:37:49.339055+00:00,False
hotels_00389,5259031,Alfarhan Panda Alfayha,Riyadh,Riyadh,220,3,8.2,482,Budget Double Room,1 bed (1 extra-large double),2,,,24.6834619245039,46.8140788588485,https://www.booking.com/hotel/sa/alfarhan-panda-alfayha.en-gb.html?aid=304142&label=gen173nr-1DCAEoggI46AdIM1gEaMQBiAECmAEJuAEJyAER2AED6AEBiAIBqAIDuAKmm9z0BcACAQ&sid=42146239dcdf1e519ee673686891723f&all_sr_blocks=525903103_248356918_0_0_0&checkin=2020-04-24&checkout=2020-04-25&dest_id=186&dest_type=country&group_adults=2&group_children=0&hapos=390&highlighted_blocks=525903103_248356918_0_0_0&hpos=15&no_rooms=1&sr_order=class_and_price&sr_pri_blocks=525903103_248356918_0_0_0__22000&srepoch=1587182977&srpvid=391c1d40dd830024&ucfs=1&from=searchresultshttps://www.booking.com;highlight_room=#hotelTmpl,booking_kaggle,2020,2020-04-24,2026-09-13T06:37:49.339055+00:00,False
hotels_00390,5053507,Taleen Al Hamra'a Hotel,Jeddah,Makkah,220,3,8.4,583,Double Room,1 bed (1 large double),2,,,21.515375,39.162399,https://www.booking.com/hotel/sa/fndq-tlyn-lhmr.en-gb.html?aid=304142&label=gen173nr-1DCAEoggI46AdIM1gEaMQBiAECmAEJuAEJyAER2AED6AEBiAIBqAIDuAKmm9z0BcACAQ&sid=42146239dcdf1e519ee673686891723f&all_sr_blocks=505350701_218901682_0_0_0&checkin=2020-04-24&checkout=2020-04-25&dest_id=186&dest_type=country&group_adults=2&group_children=0&hapos=391&highlighted_blocks=505350701_218901682_0_0_0&hpos=16&no_rooms=1&sr_order=class_and_price&sr_pri_blocks=505350701_218901682_0_0_0__22000&srepoch=1587182977&srpvid=391c1d40dd830024&ucfs=1&from=searchresultshttps://www.booking.com;highlight_room=#hotelTmpl,booking_kaggle,2020,2020-04-24,2026-09-13T06:37:49.339055+00:00,False
hotels_00391,5184786,لادي فانس بلو,Jeddah,Makkah,220,3,8.7,266,Deluxe Studio,1 bed (1 double),2,,True,21.517823,39.163256,https://www.booking.com/hotel/sa/ldy-fns-blw.en-gb.html?aid=304142&label=gen173nr-1DCAEoggI46AdIM1gEaMQBiAECmAEJuAEJyAER2AED6AEBiAIBqAIDuAKmm9z0BcACAQ&sid=42146239dcdf1e519ee673686891723f&all_sr_blocks=518478610_236961549_2_0_0&checkin=2020-04-24&checkout=2020-04-25&dest_id=186&dest_type=country&group_adults=2&group_children=0&hapos=392&highlighted_blocks=518478610_236961549_2_0_0&hpos=17&no_rooms=1&sr_order=class_and_price&sr_pri_blocks=518478610_236961549_2_0_0__22000&srepoch=1587182977&srpvid=391c1d40dd830024&ucfs=1&from=searchresultshttps://www.booking.com;highlight_room=#hotelTmpl,booking_kaggle,2020,2020-04-24,2026-09-13T06:37:49.339055+00:00,False
hotels_00392,1923607,Gloria Inn Riyadh,Riyadh,Riyadh,225,3,7.9,2,Standard Double Room,1 bed (1 double),2,,True,24.6304400872925,46.7171958088875,https://www.booking.com/hotel/sa/gloria-inn.en-gb.html?aid=304142&label=gen173nr-1DCAEoggI46AdIM1gEaMQBiAECmAEJuAEJyAER2AED6AEBiAIBqAIDuAKmm9z0BcACAQ&sid=42146239dcdf1e519ee673686891723f&all_sr_blocks=192360703_223650341_0_0_0&checkin=2020-04-24&checkout=2020-04-25&dest_id=186&dest_type=country&group_adults=2&group_children=0&hapos=393&highlighted_blocks=192360703_223650341_0_0_0&hpos=18&no_rooms=1&sr_order=class_and_price&sr_pri_blocks=192360703_223650341_0_0_0__22500&srepoch=1587182977&srpvid=391c1d40dd830024&ucfs=1&from=searchresultshttps://www.booking.com;highlight_room=#hotelTmpl,booking_kaggle,2020,2020-04-24,2026-09-13T06:37:49.339055+00:00,False
hotels_00393,69881,Hibatullah Hotel Makkah managed by Accorhotels,Makkah,Makkah,225,3,7.5,1,Classic Twin Room - Cityside,2 beds (2 singles),2,,,21.4243274896229,39.8160450160503,https://www.booking.com/hotel/sa/hibatullah-open-the-16-sept-2007.en-gb.html?aid=304142&label=gen173nr-1DCAEoggI46AdIM1gEaMQBiAECmAEJuAEJyAER2AED6AEBiAIBqAIDuAKmm9z0BcACAQ&sid=42146239dcdf1e519ee673686891723f&all_sr_blocks=6988117_98291765_2_0_0&checkin=2020-04-24&checkout=2020-04-25&dest_id=186&dest_type=country&group_adults=2&group_children=0&hapos=394&highlighted_blocks=6988117_98291765_2_0_0&hpos=19&no_rooms=1&sr_order=class_and_price&sr_pri_blocks=6988117_98291765_2_0_0__22500&srepoch=1587182977&srpvid=391c1d40dd830024&ucfs=1&from=searchresultshttps://www.booking.com;highlight_room=#hotelTmpl,booking_kaggle,2020,2020-04-24,2026-09-13T06:37:49.339055+00:00,False
hotels_00394,899590,Canary Beach Hotel,Yanbu,Madinah,225,3,8.0,486,Double Room,2 beds (2 singles),2,,True,24.0869614552757,38.0660498142242,https://www.booking.com/hotel/sa/uuo-u-o-osso-uo-ossuuuosso-u.en-gb.html?aid=304142&label=gen173nr-1DCAEoggI46AdIM1gEaMQBiAECmAEJuAEJyAER2AED6AEBiAIBqAIDuAKmm9z0BcACAQ&sid=42146239dcdf1e519ee673686891723f&all_sr_blocks=89959002_207143299_0_2_0&checkin=2020-04-24&checkout=2020-04-25&dest_id=186&dest_type=country&group_adults=2&group_children=0&hapos=395&highlighted_blocks=89959002_207143299_0_2_0&hpos=20&no_rooms=1&sr_order=class_and_price&sr_pri_blocks=89959002_207143299_0_2_0__22500&srepoch=1587182977&srpvid=391c1d40dd830024&ucfs=1&from=searchresultshttps://www.booking.com;highlight_room=#hotelTmpl,booking_kaggle,2020,2020-04-24,2026-09-13T06:37:49.339055+00:00,False
hotels_00395,48156,Tulip Inn Riyadh,Riyadh,Riyadh,225,3,6.5,387,Standard Twin Room,,2,,True,24.6434139768925,46.7168658971786,https://www.booking.com/hotel/sa/tulip-inn-riyadh.en-gb.html?aid=304142&label=gen173nr-1DCAEoggI46AdIM1gEaMQBiAECmAEJuAEJyAER2AED6AEBiAIBqAIDuAKmm9z0BcACAQ&sid=42146239dcdf1e519ee673686891723f&all_sr_blocks=4815617_147345081_2_10_0&checkin=2020-04-24&checkout=2020-04-25&dest_id=186&dest_type=country&group_adults=2&group_children=0&hapos=396&highlighted_blocks=4815617_147345081_2_10_0&hpos=21&no_rooms=1&sr_order=class_and_price&sr_pri_blocks=4815617_147345081_2_10_0__22500&srepoch=1587182977&srpvid=391c1d40dd830024&ucfs=1&from=searchresultshttps://www.booking.com;highlight_room=#hotelTmpl,booking_kaggle,2020,2020-04-24,2026-09-13T06:37:49.339055+00:00,False
hotels_00396,2691090,فندق رتاج الساحل,Yanbu,Madinah,225,3,8.3,263,Deluxe Room,1 bed (1 large double),2,True,True,24.0826264816987,38.0634204272591,https://www.booking.com/hotel/sa/la-fontaine-revalhotel.en-gb.html?aid=304142&label=gen173nr-1DCAEoggI46AdIM1gEaMQBiAECmAEJuAEJyAER2AED6AEBiAIBqAIDuAKmm9z0BcACAQ&sid=42146239dcdf1e519ee673686891723f&all_sr_blocks=269109002_125990001_2_1_0&checkin=2020-04-24&checkout=2020-04-25&dest_id=186&dest_type=country&group_adults=2&group_children=0&hapos=397&highlighted_blocks=269109002_125990001_2_1_0&hpos=22&no_rooms=1&sr_order=class_and_price&sr_pri_blocks=269109002_125990001_2_1_0__22500&srepoch=1587182977&srpvid=391c1d40dd830024&ucfs=1&from=searchresultshttps://www.booking.com;highlight_room=#hotelTmpl,booking_kaggle,2020,2020-04-24,2026-09-13T06:37:49.339055+00:00,False
hotels_00397,5218712,فندق ميراج,Jeddah,Makkah,228,3,9.1,630,Deluxe Double Room,1 bed (1 double),2,,,21.5197314882909,39.1892992576027,https://www.booking.com/hotel/sa/mirage.en-gb.html?aid=304142&label=gen173nr-1DCAEoggI46AdIM1gEaMQBiAECmAEJuAEJyAER2AED6AEBiAIBqAIDuAKmm9z0BcACAQ&sid=42146239dcdf1e519ee673686891723f&all_sr_blocks=521871202_182631638_2_0_0&checkin=2020-04-24&checkout=2020-04-25&dest_id=186&dest_type=country&group_adults=2&group_children=0&hapos=398&highlighted_blocks=521871202_182631638_2_0_0&hpos=23&no_rooms=1&sr_order=class_and_price&sr_pri_blocks=521871202_182631638_2_0_0__22795&srepoch=1587182977&srpvid=391c1d40dd830024&ucfs=1&from=searchresultshttps://www.booking.com;highlight_room=#hotelTmpl,booking_kaggle,2020,2020-04-24,2026-09-13T06:37:49.339055+00:00,False
hotels_00398,6372909,فندق لابيرلا la perla,Riyadh,Riyadh,229,3,,,Economy Double Room,1 bed (1 large double),2,True,True,24.7945178992008,46.8184607328186,https://www.booking.com/hotel/sa/fndq-lbyrl-la-perla-lryd.en-gb.html?aid=304142&label=gen173nr-1DCAEoggI46AdIM1gEaMQBiAECmAEJuAEJyAER2AED6AEBiAIBqAIDuAKmm9z0BcACAQ&sid=42146239dcdf1e519ee673686891723f&all_sr_blocks=637290901_252336579_2_1_0&checkin=2020-04-24&checkout=2020-04-25&dest_id=186&dest_type=country&group_adults=2&group_children=0&hapos=399&highlighted_blocks=637290901_252336579_2_1_0&hpos=24&no_rooms=1&sr_order=class_and_price&sr_pri_blocks=637290901_252336579_2_1_0__22949&srepoch=1587182977&srpvid=391c1d40dd830024&ucfs=1&from=searchresultshttps://www.booking.com;highlight_room=#hotelTmpl,booking_kaggle,2020,2020-04-24,2026-09-13T06:37:49.339055+00:00,False
hotels_00399,2750438,Garden Palace Hotel,Jeddah,Makkah,230,3,7.8,856,Superior King Room,1 bed (1 extra-large double),2,True,True,21.6737833,39.1267746,https://www.booking.com/hotel/sa/garden-palace.en-gb.html?aid=304142&label=gen173nr-1DCAEoggI46AdIM1gEaMQBiAECmAEJuAEJyAER2AED6AEBiAIBqAIDuAKmm9z0BcACAQ&sid=42146239dcdf1e519ee673686891723f&all_sr_blocks=275043815_240582271_2_1_0&checkin=2020-04-24&checkout=2020-04-25&dest_id=186&dest_type=country&group_adults=2&group_children=0&hapos=400&highlighted_blocks=275043815_240582271_2_1_0&hpos=25&no_rooms=1&sr_order=class_and_price&sr_pri_blocks=275043815_240582271_2_1_0__23000&srepoch=1587182977&srpvid=391c1d40dd830024&ucfs=1&from=searchresultshttps://www.booking.com;highlight_room=#hotelTmpl,booking_kaggle,2020,2020-04-24,2026-09-13T06:37:49.339055+00:00,False
hotels_00400,309340,Al Ansar New Palace Hotel,Madinah,Madinah,230,3,6.2,1,Double Room,2 beds (2 singles),2,,,24.4737323551388,39.6093499660492,https://www.booking.com/hotel/sa/al-ansar-new-palace.en-gb.html?aid=304142&label=gen173nr-1DCAEoggI46AdIM1gEaMQBiAECmAEJuAEJyAER2AED6AEBiAIBqAIDuAKmm9z0BcACAQ&sid=42146239dcdf1e519ee673686891723f&all_sr_blocks=30934002_93241490_0_42_0&checkin=2020-04-24&checkout=2020-04-25&dest_id=186&dest_type=country&group_adults=2&group_children=0&hapos=401&highlighted_blocks=30934002_93241490_0_42_0&hpos=1&no_rooms=1&sr_order=class_and_price&sr_pri_blocks=30934002_93241490_0_42_0__23000&srepoch=1587182988&srpvid=e2bb1d46ee64000c&ucfs=1&from=searchresultshttps://www.booking.com;highlight_room=#hotelTmpl,booking_kaggle,2020,2020-04-24,2026-09-13T06:37:49.339055+00:00,False
hotels_00401,1669023,Nawaress Hotel,Jazan,Jazan,230,3,8.1,514,Standard Room,1 bed (1 large double),2,,True,16.9334333314897,42.5618850812316,https://www.booking.com/hotel/sa/nawaress.en-gb.html?aid=304142&label=gen173nr-1DCAEoggI46AdIM1gEaMQBiAECmAEJuAEJyAER2AED6AEBiAIBqAIDuAKmm9z0BcACAQ&sid=42146239dcdf1e519ee673686891723f&all_sr_blocks=166902301_245112210_2_2_0&checkin=2020-04-24&checkout=2020-04-25&dest_id=186&dest_type=country&group_adults=2&group_children=0&hapos=402&highlighted_blocks=166902301_245112210_2_2_0&hpos=2&no_rooms=1&sr_order=class_and_price&sr_pri_blocks=166902301_245112210_2_2_0__23000&srepoch=1587182988&srpvid=e2bb1d46ee64000c&ucfs=1&from=searchresultshttps://www.booking.com;highlight_room=#hotelTmpl,booking_kaggle,2020,2020-04-24,2026-09-13T06:37:49.339055+00:00,False
hotels_00402,5150470,اوراسيا للوحدات السكنيه,Jeddah,Makkah,234,3,8.1,150,One-Bedroom Apartment,"3 beds (2 singles, 1 sofa bed)",3,,True,21.552262,39.214104,https://www.booking.com/hotel/sa/wrsy-llwhdt-lskny.en-gb.html?aid=304142&label=gen173nr-1DCAEoggI46AdIM1gEaMQBiAECmAEJuAEJyAER2AED6AEBiAIBqAIDuAKmm9z0BcACAQ&sid=42146239dcdf1e519ee673686891723f&all_sr_blocks=515047002_179979828_3_0_0&checkin=2020-04-24&checkout=2020-04-25&dest_id=186&dest_type=country&group_adults=2&group_children=0&hapos=403&highlighted_blocks=515047002_179979828_3_0_0&hpos=3&no_rooms=1&sr_order=class_and_price&sr_pri_blocks=515047002_179979828_3_0_0__23400&srepoch=1587182988&srpvid=e2bb1d46ee64000c&ucfs=1&from=searchresultshttps://www.booking.com;highlight_room=#hotelTmpl,booking_kaggle,2020,2020-04-24,2026-09-13T06:37:49.339055+00:00,False
hotels_00403,860078,Almasem Luxury Hotel suite 6,Riyadh,Riyadh,235,3,7.8,251,Double Room,1 bed (1 extra-large double),2,,True,24.7845575351308,46.7352443933487,https://www.booking.com/hotel/sa/ossuuosso3u-uuosso-uoo-c-ossuuuo-uuo-c.en-gb.html?aid=304142&label=gen173nr-1DCAEoggI46AdIM1gEaMQBiAECmAEJuAEJyAER2AED6AEBiAIBqAIDuAKmm9z0BcACAQ&sid=42146239dcdf1e519ee673686891723f&all_sr_blocks=86007802_190350321_0_0_0&checkin=2020-04-24&checkout=2020-04-25&dest_id=186&dest_type=country&group_adults=2&group_children=0&hapos=404&highlighted_blocks=86007802_190350321_0_0_0&hpos=4&no_rooms=1&sr_order=class_and_price&sr_pri_blocks=86007802_190350321_0_0_0__23500&srepoch=1587182988&srpvid=e2bb1d46ee64000c&ucfs=1&from=searchresultshttps://www.booking.com;highlight_room=#hotelTmpl,booking_kaggle,2020,2020-04-24,2026-09-13T06:37:49.339055+00:00,False
hotels_00404,5729096,Rouh Taiba Hotel,Madinah,Madinah,235,3,7.9,205,Family Room,"4 beds (3 singles, 1 extra-large double)",6,,True,24.4720977456334,39.6265351626098,https://www.booking.com/hotel/sa/fndq-rwh-tybh-lmdyn-lmnwr.en-gb.html?aid=304142&label=gen173nr-1DCAEoggI46AdIM1gEaMQBiAECmAEJuAEJyAER2AED6AEBiAIBqAIDuAKmm9z0BcACAQ&sid=42146239dcdf1e519ee673686891723f&all_sr_blocks=572909611_233577465_6_0_0&checkin=2020-04-24&checkout=2020-04-25&dest_id=186&dest_type=country&group_adults=2&group_children=0&hapos=405&highlighted_blocks=572909611_233577465_6_0_0&hpos=5&no_rooms=1&sr_order=class_and_price&sr_pri_blocks=572909611_233577465_6_0_0__23500&srepoch=1587182988&srpvid=e2bb1d46ee64000c&ucfs=1&from=searchresultshttps://www.booking.com;highlight_room=#hotelTmpl,booking_kaggle,2020,2020-04-24,2026-09-13T06:37:49.339055+00:00,False
hotels_00405,3923041,Aral Hotel Apartments,Tabuk,Tabuk,238,3,9.2,447,Economy Single Room,2 beds (2 singles),2,True,True,28.3524300466222,36.5330757190304,https://www.booking.com/hotel/sa/arl-lshrwy.en-gb.html?aid=304142&label=gen173nr-1DCAEoggI46AdIM1gEaMQBiAECmAEJuAEJyAER2AED6AEBiAIBqAIDuAKmm9z0BcACAQ&sid=42146239dcdf1e519ee673686891723f&all_sr_blocks=392304105_242272776_0_1_0&checkin=2020-04-24&checkout=2020-04-25&dest_id=186&dest_type=country&group_adults=2&group_children=0&hapos=406&highlighted_blocks=392304105_242272776_0_1_0&hpos=6&no_rooms=1&sr_order=class_and_price&sr_pri_blocks=392304105_242272776_0_1_0__23750&srepoch=1587182988&srpvid=e2bb1d46ee64000c&ucfs=1&from=searchresultshttps://www.booking.com;highlight_room=#hotelTmpl,booking_kaggle,2020,2020-04-24,2026-09-13T06:37:49.339055+00:00,False
hotels_00406,5673501,فندق الفاو بلازا,Sharurah,Najran,240,3,9.2,27,Standard Double Room,2 beds (2 singles),2,True,True,17.4828722043746,47.108076449707,https://www.booking.com/hotel/sa/fndq-lfw-blz.en-gb.html?aid=304142&label=gen173nr-1DCAEoggI46AdIM1gEaMQBiAECmAEJuAEJyAER2AED6AEBiAIBqAIDuAKmm9z0BcACAQ&sid=42146239dcdf1e519ee673686891723f&all_sr_blocks=567350106_215793623_2_1_0&checkin=2020-04-24&checkout=2020-04-25&dest_id=186&dest_type=country&group_adults=2&group_children=0&hapos=407&highlighted_blocks=567350106_215793623_2_1_0&hpos=7&no_rooms=1&sr_order=class_and_price&sr_pri_blocks=567350106_215793623_2_1_0__24000&srepoch=1587182988&srpvid=e2bb1d46ee64000c&ucfs=1&from=searchresultshttps://www.booking.com;highlight_room=#hotelTmpl,booking_kaggle,2020,2020-04-24,2026-09-13T06:37:49.339055+00:00,False
hotels_00407,1531178,Al Shahbaa Hotel Jeddah,Jeddah,Makkah,240,3,8.0,469,Deluxe Twin Room,2 beds (2 singles),2,True,True,21.4381573125319,39.286387860775,https://www.booking.com/hotel/sa/al-shahbaa.en-gb.html?aid=304142&label=gen173nr-1DCAEoggI46AdIM1gEaMQBiAECmAEJuAEJyAER2AED6AEBiAIBqAIDuAKmm9z0BcACAQ&sid=42146239dcdf1e519ee673686891723f&all_sr_blocks=153117802_99473027_0_1_0&checkin=2020-04-24&checkout=2020-04-25&dest_id=186&dest_type=country&group_adults=2&group_children=0&hapos=408&highlighted_blocks=153117802_99473027_0_1_0&hpos=8&no_rooms=1&sr_order=class_and_price&sr_pri_blocks=153117802_99473027_0_1_0__24000&srepoch=1587182988&srpvid=e2bb1d46ee64000c&ucfs=1&from=searchresultshttps://www.booking.com;highlight_room=#hotelTmpl,booking_kaggle,2020,2020-04-24,2026-09-13T06:37:49.339055+00:00,False
hotels_00408,1599404,Auris Al Fanar Villas & Private Pools - Alshatieaa,Jeddah,Makkah,249,,6.7,725,One-Bedroom Villa,1 bed (1 double),2,,True,21.6016420867678,39.1105341911316,https://www.booking.com/hotel/sa/auris-alfanar-villa.en-gb.html?aid=304142&label=gen173nr-1DCAEoggI46AdIM1gEaMQBiAECmAEJuAEJyAER2AED6AEBiAIBqAIDuAKmm9z0BcACAQ&sid=42146239dcdf1e519ee673686891723f&all_sr_blocks=159940406_103859972_0_0_0&checkin=2020-04-24&checkout=2020-04-25&dest_id=186&dest_type=country&group_adults=2&group_children=0&hapos=409&highlighted_blocks=159940406_103859972_0_0_0&hpos=9&no_rooms=1&sr_order=class_and_price&sr_pri_blocks=159940406_103859972_0_0_0__24900&srepoch=1587182988&srpvid=e2bb1d46ee64000c&ucfs=1&from=searchresultshttps://www.booking.com;highlight_room=#hotelTmpl,booking_kaggle,2020,2020-04-24,2026-09-13T06:37:49.339055+00:00,False
hotels_00409,1792670,Rollins Hotel,Buraydah,Qassim,249,3,7.8,776,Superior Triple Room,3 beds (3 singles),3,,True,26.3681055663641,43.9425860345364,https://www.booking.com/hotel/sa/rollins.en-gb.html?aid=304142&label=gen173nr-1DCAEoggI46AdIM1gEaMQBiAECmAEJuAEJyAER2AED6AEBiAIBqAIDuAKmm9z0BcACAQ&sid=42146239dcdf1e519ee673686891723f&all_sr_blocks=179267025_237009152_3_2_0&checkin=2020-04-24&checkout=2020-04-25&dest_id=186&dest_type=country&group_adults=2&group_children=0&hapos=410&highlighted_blocks=179267025_237009152_3_2_0&hpos=10&no_rooms=1&sr_order=class_and_price&sr_pri_blocks=179267025_237009152_3_2_0__24930&srepoch=1587182988&srpvid=e2bb1d46ee64000c&ucfs=1&from=searchresultshttps://www.booking.com;highlight_room=#hotelTmpl,booking_kaggle,2020,2020-04-24,2026-09-13T06:37:49.339055+00:00,False
hotels_00410,5157554,Ewaa Express Hotel - Buraydah ايوا اكسبريس - بريدة,Buraydah,Qassim,250,3,8.6,752,Standard Room,1 bed (1 large double),2,,True,26.358865,43.947516,https://www.booking.com/hotel/sa/ewaa-express-buraydah.en-gb.html?aid=304142&label=gen173nr-1DCAEoggI46AdIM1gEaMQBiAECmAEJuAEJyAER2AED6AEBiAIBqAIDuAKmm9z0BcACAQ&sid=42146239dcdf1e519ee673686891723f&all_sr_blocks=515755404_218491682_0_0_0&checkin=2020-04-24&checkout=2020-04-25&dest_id=186&dest_type=country&group_adults=2&group_children=0&hapos=411&highlighted_blocks=515755404_218491682_0_0_0&hpos=11&no_rooms=1&sr_order=class_and_price&sr_pri_blocks=515755404_218491682_0_0_0__25000&srepoch=1587182988&srpvid=e2bb1d46ee64000c&ucfs=1&from=searchresultshttps://www.booking.com;highlight_room=#hotelTmpl,booking_kaggle,2020,2020-04-24,2026-09-13T06:37:49.339055+00:00,False
hotels_00411,3068616,Ewaa Express Hotel - Al hamra ايوا اكسبريس - الحمرا,Jeddah,Makkah,250,3,8.4,995,Standard Double Room,1 bed (1 extra-large double),2,,True,21.5144080383153,39.1626005156631,https://www.booking.com/hotel/sa/muhaidb-hotels.en-gb.html?aid=304142&label=gen173nr-1DCAEoggI46AdIM1gEaMQBiAECmAEJuAEJyAER2AED6AEBiAIBqAIDuAKmm9z0BcACAQ&sid=42146239dcdf1e519ee673686891723f&all_sr_blocks=306861606_218436915_2_0_0&checkin=2020-04-24&checkout=2020-04-25&dest_id=186&dest_type=country&group_adults=2&group_children=0&hapos=412&highlighted_blocks=306861606_218436915_2_0_0&hpos=12&no_rooms=1&sr_order=class_and_price&sr_pri_blocks=306861606_218436915_2_0_0__25000&srepoch=1587182988&srpvid=e2bb1d46ee64000c&ucfs=1&from=searchresultshttps://www.booking.com;highlight_room=#hotelTmpl,booking_kaggle,2020,2020-04-24,2026-09-13T06:37:49.339055+00:00,False
hotels_00412,297091,Al Mutlaq Hotel Riyadh,Riyadh,Riyadh,250,3,7.9,462,Standard Twin Room,2 beds (2 singles),2,,True,24.7000290112932,46.7181345820427,https://www.booking.com/hotel/sa/al-mutlaq-riyadh.en-gb.html?aid=304142&label=gen173nr-1DCAEoggI46AdIM1gEaMQBiAECmAEJuAEJyAER2AED6AEBiAIBqAIDuAKmm9z0BcACAQ&sid=42146239dcdf1e519ee673686891723f&all_sr_blocks=29709102_198510292_2_2_0&checkin=2020-04-24&checkout=2020-04-25&dest_id=186&dest_type=country&group_adults=2&group_children=0&hapos=413&highlighted_blocks=29709102_198510292_2_2_0&hpos=13&no_rooms=1&sr_order=class_and_price&sr_pri_blocks=29709102_198510292_2_2_0__25000&srepoch=1587182988&srpvid=e2bb1d46ee64000c&ucfs=1&from=searchresultshttps://www.booking.com;highlight_room=#hotelTmpl,booking_kaggle,2020,2020-04-24,2026-09-13T06:37:49.339055+00:00,False
hotels_00413,5097024,Diamond Elite - النخبة الماسي,Jazan,Jazan,250,3,8.5,793,Twin Room,2 beds (2 singles),2,,True,16.9002011443419,42.5567744648438,https://www.booking.com/hotel/sa/diamond-elite-corner.en-gb.html?aid=304142&label=gen173nr-1DCAEoggI46AdIM1gEaMQBiAECmAEJuAEJyAER2AED6AEBiAIBqAIDuAKmm9z0BcACAQ&sid=42146239dcdf1e519ee673686891723f&all_sr_blocks=509702405_182542856_2_0_0&checkin=2020-04-24&checkout=2020-04-25&dest_id=186&dest_type=country&group_adults=2&group_children=0&hapos=414&highlighted_blocks=509702405_182542856_2_0_0&hpos=14&no_rooms=1&sr_order=class_and_price&sr_pri_blocks=509702405_182542856_2_0_0__25000&srepoch=1587182988&srpvid=e2bb1d46ee64000c&ucfs=1&from=searchresultshttps://www.booking.com;highlight_room=#hotelTmpl,booking_kaggle,2020,2020-04-24,2026-09-13T06:37:49.339055+00:00,False
hotels_00414,2039630,Golden Dune Hotel & Suite,Riyadh,Riyadh,250,3,8.3,2,Superior Double Room,1 bed (1 extra-large double),2,True,True,24.688252731174,46.8028676602989,https://www.booking.com/hotel/sa/golden-dune.en-gb.html?aid=304142&label=gen173nr-1DCAEoggI46AdIM1gEaMQBiAECmAEJuAEJyAER2AED6AEBiAIBqAIDuAKmm9z0BcACAQ&sid=42146239dcdf1e519ee673686891723f&all_sr_blocks=203963001_248716457_2_1_0&checkin=2020-04-24&checkout=2020-04-25&dest_id=186&dest_type=country&group_adults=2&group_children=0&hapos=415&highlighted_blocks=203963001_248716457_2_1_0&hpos=15&no_rooms=1&sr_order=class_and_price&sr_pri_blocks=203963001_248716457_2_1_0__25000&srepoch=1587182988&srpvid=e2bb1d46ee64000c&ucfs=1&from=searchresultshttps://www.booking.com;highlight_room=#hotelTmpl,booking_kaggle,2020,2020-04-24,2026-09-13T06:37:49.339055+00:00,False
hotels_00415,726400,Hayat Redwa Hotel,Yanbu,Madinah,250,3,7.7,31,Standard Double Room,1 bed (1 large double),2,,True,24.0869345199993,38.0741983652115,https://www.booking.com/hotel/sa/uuo-o1-uuo-o1.en-gb.html?aid=304142&label=gen173nr-1DCAEoggI46AdIM1gEaMQBiAECmAEJuAEJyAER2AED6AEBiAIBqAIDuAKmm9z0BcACAQ&sid=42146239dcdf1e519ee673686891723f&all_sr_blocks=72640005_173531785_2_0_0&checkin=2020-04-24&checkout=2020-04-25&dest_id=186&dest_type=country&group_adults=2&group_children=0&hapos=416&highlighted_blocks=72640005_173531785_2_0_0&hpos=16&no_rooms=1&sr_order=class_and_price&sr_pri_blocks=72640005_173531785_2_0_0__25000&srepoch=1587182988&srpvid=e2bb1d46ee64000c&ucfs=1&from=searchresultshttps://www.booking.com;highlight_room=#hotelTmpl,booking_kaggle,2020,2020-04-24,2026-09-13T06:37:49.339055+00:00,False
hotels_00416,6038105,ايوا اكسبريس خريص,Riyadh,Riyadh,250,3,,,Deluxe Room,1 bed (1 double),2,True,True,24.6767225174008,46.6846698248005,https://www.booking.com/hotel/sa/ewaa-express-jaber-yw-ksbrys-jbr.en-gb.html?aid=304142&label=gen173nr-1DCAEoggI46AdIM1gEaMQBiAECmAEJuAEJyAER2AED6AEBiAIBqAIDuAKmm9z0BcACAQ&sid=42146239dcdf1e519ee673686891723f&all_sr_blocks=603810503_236893578_2_1_0&checkin=2020-04-24&checkout=2020-04-25&dest_id=186&dest_type=country&group_adults=2&group_children=0&hapos=417&highlighted_blocks=603810503_236893578_2_1_0&hpos=17&no_rooms=1&sr_order=class_and_price&sr_pri_blocks=603810503_236893578_2_1_0__24999&srepoch=1587182988&srpvid=e2bb1d46ee64000c&ucfs=1&from=searchresultshttps://www.booking.com;highlight_room=#hotelTmpl,booking_kaggle,2020,2020-04-24,2026-09-13T06:37:49.339055+00:00,False
hotels_00417,6373129,LAPERLA HOTEL,Riyadh,Riyadh,250,3,,,Deluxe Room (2 Adults + 1 Child),2 beds (2 singles),2,,True,24.778645,46.810756,https://www.booking.com/hotel/sa/laperla.en-gb.html?aid=304142&label=gen173nr-1DCAEoggI46AdIM1gEaMQBiAECmAEJuAEJyAER2AED6AEBiAIBqAIDuAKmm9z0BcACAQ&sid=42146239dcdf1e519ee673686891723f&all_sr_blocks=637312902_250690348_2_2_0&checkin=2020-04-24&checkout=2020-04-25&dest_id=186&dest_type=country&group_adults=2&group_children=0&hapos=418&highlighted_blocks=637312902_250690348_2_2_0&hpos=18&no_rooms=1&sr_order=class_and_price&sr_pri_blocks=637312902_250690348_2_2_0__24999&srepoch=1587182988&srpvid=e2bb1d46ee64000c&ucfs=1&from=searchresultshttps://www.booking.com;highlight_room=#hotelTmpl,booking_kaggle,2020,2020-04-24,2026-09-13T06:37:49.339055+00:00,False
hotels_00418,5506870,فندق ميلانو,Hajlah,,250,3,,,One-Bedroom Apartment,1 bed (1 extra-large double),2,,True,18.1925207432169,42.8191858793946,https://www.booking.com/hotel/sa/fndq-lwlwh-lfrsn.en-gb.html?aid=304142&label=gen173nr-1DCAEoggI46AdIM1gEaMQBiAECmAEJuAEJyAER2AED6AEBiAIBqAIDuAKmm9z0BcACAQ&sid=42146239dcdf1e519ee673686891723f&all_sr_blocks=550687001_202800903_2_0_0&checkin=2020-04-24&checkout=2020-04-25&dest_id=186&dest_type=country&group_adults=2&group_children=0&hapos=419&highlighted_blocks=550687001_202800903_2_0_0&hpos=19&no_rooms=1&sr_order=class_and_price&sr_pri_blocks=550687001_202800903_2_0_0__25000&srepoch=1587182988&srpvid=e2bb1d46ee64000c&ucfs=1&from=searchresultshttps://www.booking.com;highlight_room=#hotelTmpl,booking_kaggle,2020,2020-04-24,2026-09-13T06:37:49.339055+00:00,False
hotels_00419,5166471,اللمسة الذهبية للوحدات السكنية,Khamis Mushait,Asir,250,,8.2,157,Apartment,"2 beds (1 extra-large double, 1 sofa bed)",2,,True,18.32068,42.733625,https://www.booking.com/hotel/sa/llms-ldhhby-llwhdt-lskny.en-gb.html?aid=304142&label=gen173nr-1DCAEoggI46AdIM1gEaMQBiAECmAEJuAEJyAER2AED6AEBiAIBqAIDuAKmm9z0BcACAQ&sid=42146239dcdf1e519ee673686891723f&all_sr_blocks=516647101_186382397_2_0_0&checkin=2020-04-24&checkout=2020-04-25&dest_id=186&dest_type=country&group_adults=2&group_children=0&hapos=420&highlighted_blocks=516647101_186382397_2_0_0&hpos=20&no_rooms=1&sr_order=class_and_price&sr_pri_blocks=516647101_186382397_2_0_0__25000&srepoch=1587182988&srpvid=e2bb1d46ee64000c&ucfs=1&from=searchresultshttps://www.booking.com;highlight_room=#hotelTmpl,booking_kaggle,2020,2020-04-24,2026-09-13T06:37:49.339055+00:00,False
hotels_00420,538913,Tulip Inn Suites and Residence Dammam,Dammam,Eastern Province,251,3,6.7,894,Junior Suite,1 bed (1 large double),2,,True,26.4849983772454,50.1280671358109,https://www.booking.com/hotel/sa/tulip-inn-dammam-dammam.en-gb.html?aid=304142&label=gen173nr-1DCAEoggI46AdIM1gEaMQBiAECmAEJuAEJyAER2AED6AEBiAIBqAIDuAKmm9z0BcACAQ&sid=42146239dcdf1e519ee673686891723f&all_sr_blocks=53891301_203085686_0_2_0&checkin=2020-04-24&checkout=2020-04-25&dest_id=186&dest_type=country&group_adults=2&group_children=0&hapos=421&highlighted_blocks=53891301_203085686_0_2_0&hpos=21&no_rooms=1&sr_order=class_and_price&sr_pri_blocks=53891301_203085686_0_2_0__25080&srepoch=1587182988&srpvid=e2bb1d46ee64000c&ucfs=1&from=searchresultshttps://www.booking.com;highlight_room=#hotelTmpl,booking_kaggle,2020,2020-04-24,2026-09-13T06:37:49.339055+00:00,False
hotels_00421,455798,Ibis Riyadh Olaya Street,Riyadh,Riyadh,257,3,7.2,2,Standard room with 2 Single size beds,2 beds (2 singles),2,,,24.712172253239,46.6764329373837,https://www.booking.com/hotel/sa/ibis-hotels.en-gb.html?aid=304142&label=gen173nr-1DCAEoggI46AdIM1gEaMQBiAECmAEJuAEJyAER2AED6AEBiAIBqAIDuAKmm9z0BcACAQ&sid=42146239dcdf1e519ee673686891723f&all_sr_blocks=45579801_94469789_2_42_0&checkin=2020-04-24&checkout=2020-04-25&dest_id=186&dest_type=country&group_adults=2&group_children=0&hapos=422&highlighted_blocks=45579801_94469789_2_42_0&hpos=22&no_rooms=1&sr_order=class_and_price&sr_pri_blocks=45579801_94469789_2_42_0__25650&srepoch=1587182988&srpvid=e2bb1d46ee64000c&ucfs=1&from=searchresultshttps://www.booking.com;highlight_room=#hotelTmpl,booking_kaggle,2020,2020-04-24,2026-09-13T06:37:49.339055+00:00,False
hotels_00422,1026786,Elaf Al Salam,Makkah,Makkah,260,3,7.1,1,Twin Room,2 beds (2 singles),2,True,,21.4064412828475,39.8334028843002,https://www.booking.com/hotel/sa/elaf-al-salam-mecca.en-gb.html?aid=304142&label=gen173nr-1DCAEoggI46AdIM1gEaMQBiAECmAEJuAEJyAER2AED6AEBiAIBqAIDuAKmm9z0BcACAQ&sid=42146239dcdf1e519ee673686891723f&all_sr_blocks=102678601_88785660_0_1_0&checkin=2020-04-24&checkout=2020-04-25&dest_id=186&dest_type=country&group_adults=2&group_children=0&hapos=423&highlighted_blocks=102678601_88785660_0_1_0&hpos=23&no_rooms=1&sr_order=class_and_price&sr_pri_blocks=102678601_88785660_0_1_0__26000&srepoch=1587182988&srpvid=e2bb1d46ee64000c&ucfs=1&from=searchresultshttps://www.booking.com;highlight_room=#hotelTmpl,booking_kaggle,2020,2020-04-24,2026-09-13T06:37:49.339055+00:00,False
hotels_00423,1365510,Borj Al Deafah Hotel,Makkah,Makkah,260,3,7.3,781,Double Room,1 bed (1 large double),2,,,21.4105207035243,39.8226955533028,https://www.booking.com/hotel/sa/al-deyafah-tower.en-gb.html?aid=304142&label=gen173nr-1DCAEoggI46AdIM1gEaMQBiAECmAEJuAEJyAER2AED6AEBiAIBqAIDuAKmm9z0BcACAQ&sid=42146239dcdf1e519ee673686891723f&all_sr_blocks=136551001_86505300_0_0_0&checkin=2020-04-24&checkout=2020-04-25&dest_id=186&dest_type=country&group_adults=2&group_children=0&hapos=424&highlighted_blocks=136551001_86505300_0_0_0&hpos=24&no_rooms=1&sr_order=class_and_price&sr_pri_blocks=136551001_86505300_0_0_0__26000&srepoch=1587182988&srpvid=e2bb1d46ee64000c&ucfs=1&from=searchresultshttps://www.booking.com;highlight_room=#hotelTmpl,booking_kaggle,2020,2020-04-24,2026-09-13T06:37:49.339055+00:00,False
hotels_00424,1303969,Park Inn by Radisson Dammam,Dammam,Eastern Province,266,3,8.1,2,Standard Room,1 bed (1 large double),2,,True,26.453129,50.130533,https://www.booking.com/hotel/sa/park-inn-by-radisson-dammam.en-gb.html?aid=304142&label=gen173nr-1DCAEoggI46AdIM1gEaMQBiAECmAEJuAEJyAER2AED6AEBiAIBqAIDuAKmm9z0BcACAQ&sid=42146239dcdf1e519ee673686891723f&all_sr_blocks=130396901_255464133_2_2_0&checkin=2020-04-24&checkout=2020-04-25&dest_id=186&dest_type=country&group_adults=2&group_children=0&hapos=425&highlighted_blocks=130396901_255464133_2_2_0&hpos=25&no_rooms=1&sr_order=class_and_price&sr_pri_blocks=130396901_255464133_2_2_0__26550&srepoch=1587182988&srpvid=e2bb1d46ee64000c&ucfs=1&from=searchresultshttps://www.booking.com;highlight_room=#hotelTmpl,booking_kaggle,2020,2020-04-24,2026-09-13T06:37:49.339055+00:00,False
hotels_00425,5178425,كود العربية للأجنحة الفندقية,Khamis Mushait,Asir,269,,9.6,82,Deluxe Apartment,1 bed (1 large double),2,,,18.3337824272457,42.7636106684804,https://www.booking.com/hotel/sa/kwd-l-rby-ll-jnh-lfndqy.en-gb.html?aid=304142&label=gen173nr-1DCAEoggI46AdIM1gEaMQBiAECmAEJuAEJyAER2AED6AEBiAIBqAIDuAKmm9z0BcACAQ&sid=42146239dcdf1e519ee673686891723f&all_sr_blocks=517842517_243616903_0_2_0&checkin=2020-04-24&checkout=2020-04-25&dest_id=186&dest_type=country&group_adults=2&group_children=0&hapos=426&highlighted_blocks=517842517_243616903_0_2_0&hpos=1&no_rooms=1&sr_order=class_and_price&sr_pri_blocks=517842517_243616903_0_2_0__26900&srepoch=1587182998&srpvid=e2bb1d4ad9f40083&ucfs=1&from=searchresultshttps://www.booking.com;highlight_room=#hotelTmpl,booking_kaggle,2020,2020-04-24,2026-09-13T06:37:49.339055+00:00,False
hotels_00426,4570098,Ibis Jeddah Malik Road,Jeddah,Makkah,277,3,8.5,864,Standard Twin Room,2 beds (2 singles),2,,True,21.60339,39.121506,https://www.booking.com/hotel/sa/ibis-jeddah-malik-road.en-gb.html?aid=304142&label=gen173nr-1DCAEoggI46AdIM1gEaMQBiAECmAEJuAEJyAER2AED6AEBiAIBqAIDuAKmm9z0BcACAQ&sid=42146239dcdf1e519ee673686891723f&all_sr_blocks=457009802_246101594_2_2_0&checkin=2020-04-24&checkout=2020-04-25&dest_id=186&dest_type=country&group_adults=2&group_children=0&hapos=427&highlighted_blocks=457009802_246101594_2_2_0&hpos=2&no_rooms=1&sr_order=class_and_price&sr_pri_blocks=457009802_246101594_2_2_0__27662&srepoch=1587182998&srpvid=e2bb1d4ad9f40083&ucfs=1&from=searchresultshttps://www.booking.com;highlight_room=#hotelTmpl,booking_kaggle,2020,2020-04-24,2026-09-13T06:37:49.339055+00:00,False
hotels_00427,25484,Golden Tulip Al Khobar,Al Khobar,Eastern Province,278,3,7.2,1,King Room,1 bed (1 extra-large double),2,,True,26.267143080777,50.2158451080322,https://www.booking.com/hotel/sa/golden-tulip-al-khobar.en-gb.html?aid=304142&label=gen173nr-1DCAEoggI46AdIM1gEaMQBiAECmAEJuAEJyAER2AED6AEBiAIBqAIDuAKmm9z0BcACAQ&sid=42146239dcdf1e519ee673686891723f&all_sr_blocks=2548410_144341655_2_42_0&checkin=2020-04-24&checkout=2020-04-25&dest_id=186&dest_type=country&group_adults=2&group_children=0&hapos=428&highlighted_blocks=2548410_144341655_2_42_0&hpos=3&no_rooms=1&sr_order=class_and_price&sr_pri_blocks=2548410_144341655_2_42_0__27800&srepoch=1587182998&srpvid=e2bb1d4ad9f40083&ucfs=1&from=searchresultshttps://www.booking.com;highlight_room=#hotelTmpl,booking_kaggle,2020,2020-04-24,2026-09-13T06:37:49.339055+00:00,False
hotels_00428,1306525,Abha Airport Hotel,Abha,Asir,279,3,6.0,361,Double Room,2 beds (2 singles),2,,True,18.2334051502736,42.6483088731766,https://www.booking.com/hotel/sa/abha-airport.en-gb.html?aid=304142&label=gen173nr-1DCAEoggI46AdIM1gEaMQBiAECmAEJuAEJyAER2AED6AEBiAIBqAIDuAKmm9z0BcACAQ&sid=42146239dcdf1e519ee673686891723f&all_sr_blocks=130652502_103327469_2_1_0&checkin=2020-04-24&checkout=2020-04-25&dest_id=186&dest_type=country&group_adults=2&group_children=0&hapos=429&highlighted_blocks=130652502_103327469_2_1_0&hpos=4&no_rooms=1&sr_order=class_and_price&sr_pri_blocks=130652502_103327469_2_1_0__27876&srepoch=1587182998&srpvid=e2bb1d4ad9f40083&ucfs=1&from=searchresultshttps://www.booking.com;highlight_room=#hotelTmpl,booking_kaggle,2020,2020-04-24,2026-09-13T06:37:49.339055+00:00,False
hotels_00429,2454439,Ramada Encore Al Khobar Olaya,Al Khobar,Eastern Province,279,3,7.9,2,Twin Room with Two Twin Beds - Non-Smoking,2 beds (2 singles),2,,True,26.3051801896529,50.1780047076569,https://www.booking.com/hotel/sa/ramada-encore-al-khobar-olaya.en-gb.html?aid=304142&label=gen173nr-1DCAEoggI46AdIM1gEaMQBiAECmAEJuAEJyAER2AED6AEBiAIBqAIDuAKmm9z0BcACAQ&sid=42146239dcdf1e519ee673686891723f&all_sr_blocks=245443907_166399959_2_1_0&checkin=2020-04-24&checkout=2020-04-25&dest_id=186&dest_type=country&group_adults=2&group_children=0&hapos=430&highlighted_blocks=245443907_166399959_2_1_0&hpos=5&no_rooms=1&sr_order=class_and_price&sr_pri_blocks=245443907_166399959_2_1_0__27900&srepoch=1587182998&srpvid=e2bb1d4ad9f40083&ucfs=1&from=searchresultshttps://www.booking.com;highlight_room=#hotelTmpl,booking_kaggle,2020,2020-04-24,2026-09-13T06:37:49.339055+00:00,False
hotels_00430,5999973,Joury Ajyad,Makkah,Makkah,280,3,,,Deluxe Room (2 Adults + 1 Child),2 beds (2 singles),2,,,21.4068000135278,39.8298607619018,https://www.booking.com/hotel/sa/jwry-jyd.en-gb.html?aid=304142&label=gen173nr-1DCAEoggI46AdIM1gEaMQBiAECmAEJuAEJyAER2AED6AEBiAIBqAIDuAKmm9z0BcACAQ&sid=42146239dcdf1e519ee673686891723f&all_sr_blocks=599997301_235350784_0_0_0&checkin=2020-04-24&checkout=2020-04-25&dest_id=186&dest_type=country&group_adults=2&group_children=0&hapos=431&highlighted_blocks=599997301_235350784_0_0_0&hpos=6&no_rooms=1&sr_order=class_and_price&sr_pri_blocks=599997301_235350784_0_0_0__27999&srepoch=1587182998&srpvid=e2bb1d4ad9f40083&ucfs=1&from=searchresultshttps://www.booking.com;highlight_room=#hotelTmpl,booking_kaggle,2020,2020-04-24,2026-09-13T06:37:49.339055+00:00,False
hotels_00431,3860441,Viola Hotel,Jazan,Jazan,280,3,8.4,705,Studio,"2 beds (1 extra-large double, 1 sofa bed)",2,,True,16.9337738938182,42.5522224023857,https://www.booking.com/hotel/sa/sm-jyzn.en-gb.html?aid=304142&label=gen173nr-1DCAEoggI46AdIM1gEaMQBiAECmAEJuAEJyAER2AED6AEBiAIBqAIDuAKmm9z0BcACAQ&sid=42146239dcdf1e519ee673686891723f&all_sr_blocks=386044101_122819224_0_2_0&checkin=2020-04-24&checkout=2020-04-25&dest_id=186&dest_type=country&group_adults=2&group_children=0&hapos=432&highlighted_blocks=386044101_122819224_0_2_0&hpos=7&no_rooms=1&sr_order=class_and_price&sr_pri_blocks=386044101_122819224_0_2_0__28024&srepoch=1587182998&srpvid=e2bb1d4ad9f40083&ucfs=1&from=searchresultshttps://www.booking.com;highlight_room=#hotelTmpl,booking_kaggle,2020,2020-04-24,2026-09-13T06:37:49.339055+00:00,False
hotels_00432,299896,Executives Hotel - Azizia,Riyadh,Riyadh,288,3,8.2,2,Standard Double Room,1 bed (1 large double),2,,True,24.5969191749926,46.7446964979172,https://www.booking.com/hotel/sa/executives-azizia.en-gb.html?aid=304142&label=gen173nr-1DCAEoggI46AdIM1gEaMQBiAECmAEJuAEJyAER2AED6AEBiAIBqAIDuAKmm9z0BcACAQ&sid=42146239dcdf1e519ee673686891723f&all_sr_blocks=29989601_93319561_0_2_0&checkin=2020-04-24&checkout=2020-04-25&dest_id=186&dest_type=country&group_adults=2&group_children=0&hapos=433&highlighted_blocks=29989601_93319561_0_2_0&hpos=8&no_rooms=1&sr_order=class_and_price&sr_pri_blocks=29989601_93319561_0_2_0__28800&srepoch=1587182998&srpvid=e2bb1d4ad9f40083&ucfs=1&from=searchresultshttps://www.booking.com;highlight_room=#hotelTmpl,booking_kaggle,2020,2020-04-24,2026-09-13T06:37:49.339055+00:00,False
hotels_00433,623070,Mercure Jeddah Al Hamra,Jeddah,Makkah,293,3,7.9,1,Superior Room with Twin beds,2 beds (2 singles),2,,,21.5156543782408,39.1594952344894,https://www.booking.com/hotel/sa/mercure-jeddah-al-hamra.en-gb.html?aid=304142&label=gen173nr-1DCAEoggI46AdIM1gEaMQBiAECmAEJuAEJyAER2AED6AEBiAIBqAIDuAKmm9z0BcACAQ&sid=42146239dcdf1e519ee673686891723f&all_sr_blocks=62307002_94498002_2_42_0&checkin=2020-04-24&checkout=2020-04-25&dest_id=186&dest_type=country&group_adults=2&group_children=0&hapos=434&highlighted_blocks=62307002_94498002_2_42_0&hpos=9&no_rooms=1&sr_order=class_and_price&sr_pri_blocks=62307002_94498002_2_42_0__29250&srepoch=1587182998&srpvid=e2bb1d4ad9f40083&ucfs=1&from=searchresultshttps://www.booking.com;highlight_room=#hotelTmpl,booking_kaggle,2020,2020-04-24,2026-09-13T06:37:49.339055+00:00,False
hotels_00434,2541447,Swiss Spirit Hotel & Suites Metropolitan,Riyadh,Riyadh,293,3,8.1,994,Deluxe Twin Room,2 beds (2 singles),2,,,24.806781,46.625601,https://www.booking.com/hotel/sa/swiss-spirit-metropolitan-riyadh.en-gb.html?aid=304142&label=gen173nr-1DCAEoggI46AdIM1gEaMQBiAECmAEJuAEJyAER2AED6AEBiAIBqAIDuAKmm9z0BcACAQ&sid=42146239dcdf1e519ee673686891723f&all_sr_blocks=254144705_103954611_2_2_0&checkin=2020-04-24&checkout=2020-04-25&dest_id=186&dest_type=country&group_adults=2&group_children=0&hapos=435&highlighted_blocks=254144705_103954611_2_2_0&hpos=10&no_rooms=1&sr_order=class_and_price&sr_pri_blocks=254144705_103954611_2_2_0__29250&srepoch=1587182998&srpvid=e2bb1d4ad9f40083&ucfs=1&from=searchresultshttps://www.booking.com;highlight_room=#hotelTmpl,booking_kaggle,2020,2020-04-24,2026-09-13T06:37:49.339055+00:00,False
hotels_00435,2022848,Al Rawda Al Aqeeq Hotel,Madinah,Madinah,293,3,7.1,2,Quadruple Room,4 beds (4 singles),4,,,24.4681458501606,39.6042489409774,https://www.booking.com/hotel/sa/rawdat-al-aqiq-al-madinah1.en-gb.html?aid=304142&label=gen173nr-1DCAEoggI46AdIM1gEaMQBiAECmAEJuAEJyAER2AED6AEBiAIBqAIDuAKmm9z0BcACAQ&sid=42146239dcdf1e519ee673686891723f&all_sr_blocks=202284804_163275156_0_2_0&checkin=2020-04-24&checkout=2020-04-25&dest_id=186&dest_type=country&group_adults=2&group_children=0&hapos=436&highlighted_blocks=202284804_163275156_0_2_0&hpos=11&no_rooms=1&sr_order=class_and_price&sr_pri_blocks=202284804_163275156_0_2_0__29300&srepoch=1587182998&srpvid=e2bb1d4ad9f40083&ucfs=1&from=searchresultshttps://www.booking.com;highlight_room=#hotelTmpl,booking_kaggle,2020,2020-04-24,2026-09-13T06:37:49.339055+00:00,False
hotels_00436,2624392,Aber Yasmin,Riyadh,Riyadh,295,3,8.6,2,Standard Double Room,1 bed (1 extra-large double),2,,True,24.820198053858,46.648405702369,https://www.booking.com/hotel/sa/aber-101-hotels.en-gb.html?aid=304142&label=gen173nr-1DCAEoggI46AdIM1gEaMQBiAECmAEJuAEJyAER2AED6AEBiAIBqAIDuAKmm9z0BcACAQ&sid=42146239dcdf1e519ee673686891723f&all_sr_blocks=262439202_183446843_0_0_0&checkin=2020-04-24&checkout=2020-04-25&dest_id=186&dest_type=country&group_adults=2&group_children=0&hapos=437&highlighted_blocks=262439202_183446843_0_0_0&hpos=12&no_rooms=1&sr_order=class_and_price&sr_pri_blocks=262439202_183446843_0_0_0__29500&srepoch=1587182998&srpvid=e2bb1d4ad9f40083&ucfs=1&from=searchresultshttps://www.booking.com;highlight_room=#hotelTmpl,booking_kaggle,2020,2020-04-24,2026-09-13T06:37:49.339055+00:00,False
hotels_00437,2822128,Aber Al Sahafa,Riyadh,Riyadh,295,3,8.2,1,Twin Room,2 beds (2 singles),2,,True,24.81862538777,46.6412978484796,https://www.booking.com/hotel/sa/aber-102.en-gb.html?aid=304142&label=gen173nr-1DCAEoggI46AdIM1gEaMQBiAECmAEJuAEJyAER2AED6AEBiAIBqAIDuAKmm9z0BcACAQ&sid=42146239dcdf1e519ee673686891723f&all_sr_blocks=282212801_230145021_2_0_0&checkin=2020-04-24&checkout=2020-04-25&dest_id=186&dest_type=country&group_adults=2&group_children=0&hapos=438&highlighted_blocks=282212801_230145021_2_0_0&hpos=13&no_rooms=1&sr_order=class_and_price&sr_pri_blocks=282212801_230145021_2_0_0__29500&srepoch=1587182998&srpvid=e2bb1d4ad9f40083&ucfs=1&from=searchresultshttps://www.booking.com;highlight_room=#hotelTmpl,booking_kaggle,2020,2020-04-24,2026-09-13T06:37:49.339055+00:00,False
hotels_00438,1142121,Hawthorn Suites by Wyndham Al Khobar,Al Khobar,Eastern Province,296,3,7.4,674,Junior Suite,1 bed (1 large double),2,,True,26.2874319549593,50.2184468507767,https://www.booking.com/hotel/sa/hawthorn-suites-by-wyndham-al-khobar.en-gb.html?aid=304142&label=gen173nr-1DCAEoggI46AdIM1gEaMQBiAECmAEJuAEJyAER2AED6AEBiAIBqAIDuAKmm9z0BcACAQ&sid=42146239dcdf1e519ee673686891723f&all_sr_blocks=114212108_246104260_2_2_0&checkin=2020-04-24&checkout=2020-04-25&dest_id=186&dest_type=country&group_adults=2&group_children=0&hapos=439&highlighted_blocks=114212108_246104260_2_2_0&hpos=14&no_rooms=1&sr_order=class_and_price&sr_pri_blocks=114212108_246104260_2_2_0__29610&srepoch=1587182998&srpvid=e2bb1d4ad9f40083&ucfs=1&from=searchresultshttps://www.booking.com;highlight_room=#hotelTmpl,booking_kaggle,2020,2020-04-24,2026-09-13T06:37:49.339055+00:00,False
hotels_00439,4972413,VERTA Jeddah Hotel فندق فيرتا جدة,Jeddah,Makkah,299,3,8.3,385,Standard King Room,1 bed (1 extra-large double),2,,,21.6550777539615,39.1355095552979,https://www.booking.com/hotel/sa/verta-jeddah.en-gb.html?aid=304142&label=gen173nr-1DCAEoggI46AdIM1gEaMQBiAECmAEJuAEJyAER2AED6AEBiAIBqAIDuAKmm9z0BcACAQ&sid=42146239dcdf1e519ee673686891723f&all_sr_blocks=497241324_240910820_2_42_0&checkin=2020-04-24&checkout=2020-04-25&dest_id=186&dest_type=country&group_adults=2&group_children=0&hapos=440&highlighted_blocks=497241324_240910820_2_42_0&hpos=15&no_rooms=1&sr_order=class_and_price&sr_pri_blocks=497241324_240910820_2_42_0__29900&srepoch=1587182998&srpvid=e2bb1d4ad9f40083&ucfs=1&from=searchresultshttps://www.booking.com;highlight_room=#hotelTmpl,booking_kaggle,2020,2020-04-24,2026-09-13T06:37:49.339055+00:00,False
hotels_00440,1854135,Saf Hotel,Baljurashi,Al Bahah,300,3,6.6,174,Double Room,1 bed (1 extra-large double),2,,True,19.8935910513786,41.565996799618,https://www.booking.com/hotel/sa/saf.en-gb.html?aid=304142&label=gen173nr-1DCAEoggI46AdIM1gEaMQBiAECmAEJuAEJyAER2AED6AEBiAIBqAIDuAKmm9z0BcACAQ&sid=42146239dcdf1e519ee673686891723f&all_sr_blocks=185413505_233696182_2_0_0&checkin=2020-04-24&checkout=2020-04-25&dest_id=186&dest_type=country&group_adults=2&group_children=0&hapos=441&highlighted_blocks=185413505_233696182_2_0_0&hpos=16&no_rooms=1&sr_order=class_and_price&sr_pri_blocks=185413505_233696182_2_0_0__30000&srepoch=1587182998&srpvid=e2bb1d4ad9f40083&ucfs=1&from=searchresultshttps://www.booking.com;highlight_room=#hotelTmpl,booking_kaggle,2020,2020-04-24,2026-09-13T06:37:49.339055+00:00,False
hotels_00441,5829711,Baraket Al Saada Hotel,Sulţānah,,300,3,6.5,8,Quadruple Room,4 beds (4 singles),4,,True,24.4678791659569,39.6030982751045,https://www.booking.com/hotel/sa/baraket-al-saada-formerly-al-sadda-al-massi.en-gb.html?aid=304142&label=gen173nr-1DCAEoggI46AdIM1gEaMQBiAECmAEJuAEJyAER2AED6AEBiAIBqAIDuAKmm9z0BcACAQ&sid=42146239dcdf1e519ee673686891723f&all_sr_blocks=582971102_233205097_4_0_0&checkin=2020-04-24&checkout=2020-04-25&dest_id=186&dest_type=country&group_adults=2&group_children=0&hapos=442&highlighted_blocks=582971102_233205097_4_0_0&hpos=17&no_rooms=1&sr_order=class_and_price&sr_pri_blocks=582971102_233205097_4_0_0__30000&srepoch=1587182998&srpvid=e2bb1d4ad9f40083&ucfs=1&from=searchresultshttps://www.booking.com;highlight_room=#hotelTmpl,booking_kaggle,2020,2020-04-24,2026-09-13T06:37:49.339055+00:00,False
hotels_00442,5953902,شقق الوافي,Al Ula,Madinah,300,,6.2,24,Two-Bedroom Apartment,4 beds (4 singles),4,,,26.5611742718319,37.9571760958672,https://www.booking.com/hotel/sa/shqq-lwfy-al-ula.en-gb.html?aid=304142&label=gen173nr-1DCAEoggI46AdIM1gEaMQBiAECmAEJuAEJyAER2AED6AEBiAIBqAIDuAKmm9z0BcACAQ&sid=42146239dcdf1e519ee673686891723f&all_sr_blocks=595390201_238039579_4_0_0&checkin=2020-04-24&checkout=2020-04-25&dest_id=186&dest_type=country&group_adults=2&group_children=0&hapos=443&highlighted_blocks=595390201_238039579_4_0_0&hpos=18&no_rooms=1&sr_order=class_and_price&sr_pri_blocks=595390201_238039579_4_0_0__30000&srepoch=1587182998&srpvid=e2bb1d4ad9f40083&ucfs=1&from=searchresultshttps://www.booking.com;highlight_room=#hotelTmpl,booking_kaggle,2020,2020-04-24,2026-09-13T06:37:49.339055+00:00,False
hotels_00443,5169953,منتجع ريف جبل دكا,Taif,Makkah,300,,7.8,27,Holiday Home,"4 beds (3 sofa beds, 1 large double)",5,,,21.095688,40.278525,https://www.booking.com/hotel/sa/mntj-ryf-jbl-dk.en-gb.html?aid=304142&label=gen173nr-1DCAEoggI46AdIM1gEaMQBiAECmAEJuAEJyAER2AED6AEBiAIBqAIDuAKmm9z0BcACAQ&sid=42146239dcdf1e519ee673686891723f&all_sr_blocks=516995303_237648518_5_0_0&checkin=2020-04-24&checkout=2020-04-25&dest_id=186&dest_type=country&group_adults=2&group_children=0&hapos=444&highlighted_blocks=516995303_237648518_5_0_0&hpos=19&no_rooms=1&sr_order=class_and_price&sr_pri_blocks=516995303_237648518_5_0_0__30000&srepoch=1587182998&srpvid=e2bb1d4ad9f40083&ucfs=1&from=searchresultshttps://www.booking.com;highlight_room=#hotelTmpl,booking_kaggle,2020,2020-04-24,2026-09-13T06:37:49.339055+00:00,False
hotels_00444,6293952,Masayef Jeddah Al Gharbeah,Jeddah,Makkah,312,3,,,Deluxe Apartment,"6 beds (2 singles, 1 double, 3 sofa beds)",7,,True,21.554337,39.190779,https://www.booking.com/hotel/sa/masayef-jeddah-al-gharbeah.en-gb.html?aid=304142&label=gen173nr-1DCAEoggI46AdIM1gEaMQBiAECmAEJuAEJyAER2AED6AEBiAIBqAIDuAKmm9z0BcACAQ&sid=42146239dcdf1e519ee673686891723f&all_sr_blocks=629395202_245334592_7_0_0&checkin=2020-04-24&checkout=2020-04-25&dest_id=186&dest_type=country&group_adults=2&group_children=0&hapos=445&highlighted_blocks=629395202_245334592_7_0_0&hpos=20&no_rooms=1&sr_order=class_and_price&sr_pri_blocks=629395202_245334592_7_0_0__31199&srepoch=1587182998&srpvid=e2bb1d4ad9f40083&ucfs=1&from=searchresultshttps://www.booking.com;highlight_room=#hotelTmpl,booking_kaggle,2020,2020-04-24,2026-09-13T06:37:49.339055+00:00,False
hotels_00445,3580795,Aquila Hotel,Jeddah,Makkah,315,3,8.5,1,Deluxe Twin Room,2 beds (2 singles),2,,True,21.5205685970802,39.1602433899689,https://www.booking.com/hotel/sa/aquila.en-gb.html?aid=304142&label=gen173nr-1DCAEoggI46AdIM1gEaMQBiAECmAEJuAEJyAER2AED6AEBiAIBqAIDuAKmm9z0BcACAQ&sid=42146239dcdf1e519ee673686891723f&all_sr_blocks=358079506_208636299_2_2_0&checkin=2020-04-24&checkout=2020-04-25&dest_id=186&dest_type=country&group_adults=2&group_children=0&hapos=446&highlighted_blocks=358079506_208636299_2_2_0&hpos=21&no_rooms=1&sr_order=class_and_price&sr_pri_blocks=358079506_208636299_2_2_0__31500&srepoch=1587182998&srpvid=e2bb1d4ad9f40083&ucfs=1&from=searchresultshttps://www.booking.com;highlight_room=#hotelTmpl,booking_kaggle,2020,2020-04-24,2026-09-13T06:37:49.339055+00:00,False
hotels_00446,5727335,Sixty Three Hotel Suites ثلاثة وستون أجنحة فندقية,Riyadh,Riyadh,315,,7.4,34,One-Bedroom Apartment,1 bed (1 extra-large double),2,,True,24.68347260221,46.696725629425,https://www.booking.com/hotel/sa/sixty-three-suites-st-wthlthwn-jnh-fndqy.en-gb.html?aid=304142&label=gen173nr-1DCAEoggI46AdIM1gEaMQBiAECmAEJuAEJyAER2AED6AEBiAIBqAIDuAKmm9z0BcACAQ&sid=42146239dcdf1e519ee673686891723f&all_sr_blocks=572733505_230717897_2_2_0&checkin=2020-04-24&checkout=2020-04-25&dest_id=186&dest_type=country&group_adults=2&group_children=0&hapos=447&highlighted_blocks=572733505_230717897_2_2_0&hpos=22&no_rooms=1&sr_order=class_and_price&sr_pri_blocks=572733505_230717897_2_2_0__31500&srepoch=1587182998&srpvid=e2bb1d4ad9f40083&ucfs=1&from=searchresultshttps://www.booking.com;highlight_room=#hotelTmpl,booking_kaggle,2020,2020-04-24,2026-09-13T06:37:49.339055+00:00,False
hotels_00447,3941558,OYO 357 Blue Diamond Hotel,Madinah,Madinah,319,3,6.7,112,Standard Studio,2 beds (2 singles),2,,True,24.4836029936778,39.6441497836151,https://www.booking.com/hotel/sa/blue-dimond.en-gb.html?aid=304142&label=gen173nr-1DCAEoggI46AdIM1gEaMQBiAECmAEJuAEJyAER2AED6AEBiAIBqAIDuAKmm9z0BcACAQ&sid=42146239dcdf1e519ee673686891723f&all_sr_blocks=394155805_239504876_2_0_0&checkin=2020-04-24&checkout=2020-04-25&dest_id=186&dest_type=country&group_adults=2&group_children=0&hapos=448&highlighted_blocks=394155805_239504876_2_0_0&hpos=23&no_rooms=1&sr_order=class_and_price&sr_pri_blocks=394155805_239504876_2_0_0__31947&srepoch=1587182998&srpvid=e2bb1d4ad9f40083&ucfs=1&from=searchresultshttps://www.booking.com;highlight_room=#hotelTmpl,booking_kaggle,2020,2020-04-24,2026-09-13T06:37:49.339055+00:00,False
hotels_00448,2737157,Rose White Hotel,Jeddah,Makkah,320,3,8.5,420,Twin Room,1 bed (1 single),2,True,True,21.578033,39.156079,https://www.booking.com/hotel/sa/rose-white.en-gb.html?aid=304142&label=gen173nr-1DCAEoggI46AdIM1gEaMQBiAECmAEJuAEJyAER2AED6AEBiAIBqAIDuAKmm9z0BcACAQ&sid=42146239dcdf1e519ee673686891723f&all_sr_blocks=273715701_106463730_0_1_0&checkin=2020-04-24&checkout=2020-04-25&dest_id=186&dest_type=country&group_adults=2&group_children=0&hapos=449&highlighted_blocks=273715701_106463730_0_1_0&hpos=24&no_rooms=1&sr_order=class_and_price&sr_pri_blocks=273715701_106463730_0_1_0__32000&srepoch=1587182998&srpvid=e2bb1d4ad9f40083&ucfs=1&from=searchresultshttps://www.booking.com;highlight_room=#hotelTmpl,booking_kaggle,2020,2020-04-24,2026-09-13T06:37:49.339055+00:00,False
hotels_00449,1292482,Arkan Bakkah Hotel,Makkah,Makkah,325,3,7.8,1,Twin Room,2 beds (2 singles),2,True,True,21.4210183183946,39.8503786325455,https://www.booking.com/hotel/sa/arkan-bakkah-mecca28.en-gb.html?aid=304142&label=gen173nr-1DCAEoggI46AdIM1gEaMQBiAECmAEJuAEJyAER2AED6AEBiAIBqAIDuAKmm9z0BcACAQ&sid=42146239dcdf1e519ee673686891723f&all_sr_blocks=129248205_212616255_0_1_0&checkin=2020-04-24&checkout=2020-04-25&dest_id=186&dest_type=country&group_adults=2&group_children=0&hapos=450&highlighted_blocks=129248205_212616255_0_1_0&hpos=25&no_rooms=1&sr_order=class_and_price&sr_pri_blocks=129248205_212616255_0_1_0__32520&srepoch=1587182998&srpvid=e2bb1d4ad9f40083&ucfs=1&from=searchresultshttps://www.booking.com;highlight_room=#hotelTmpl,booking_kaggle,2020,2020-04-24,2026-09-13T06:37:49.339055+00:00,False
hotels_00450,5397264,شاليهات أوسلو,Buraydah,Qassim,326,,7.5,53,Apartment with Pool View,"15 beds (2 singles, 1 extra-large double, 12 sofa beds)",2,,True,26.2536827946639,43.9087859629516,https://www.booking.com/hotel/sa/shlyht-wslw.en-gb.html?aid=304142&label=gen173nr-1DCAEoggI46AdIM1gEaMQBiAECmAEJuAEJyAER2AED6AEBiAIBqAIDuAKmm9z0BcACAQ&sid=42146239dcdf1e519ee673686891723f&all_sr_blocks=539726401_212468459_2_0_0&checkin=2020-04-24&checkout=2020-04-25&dest_id=186&dest_type=country&group_adults=2&group_children=0&hapos=451&highlighted_blocks=539726401_212468459_2_0_0&hpos=1&no_rooms=1&sr_order=class_and_price&sr_pri_blocks=539726401_212468459_2_0_0__32550&srepoch=1587183007&srpvid=d7691d4fd2750054&ucfs=1&from=searchresultshttps://www.booking.com;highlight_room=#hotelTmpl,booking_kaggle,2020,2020-04-24,2026-09-13T06:37:49.339055+00:00,False
hotels_00451,1908401,Aloft Riyadh Hotel,Riyadh,Riyadh,340,3,8.3,1,"Aloft Room, Guest room, 1 King",1 bed (1 extra-large double),2,,True,24.6797758644171,46.6925128698131,https://www.booking.com/hotel/sa/aloft-riyadh.en-gb.html?aid=304142&label=gen173nr-1DCAEoggI46AdIM1gEaMQBiAECmAEJuAEJyAER2AED6AEBiAIBqAIDuAKmm9z0BcACAQ&sid=42146239dcdf1e519ee673686891723f&all_sr_blocks=190840112_251373417_0_2_0&checkin=2020-04-24&checkout=2020-04-25&dest_id=186&dest_type=country&group_adults=2&group_children=0&hapos=452&highlighted_blocks=190840112_251373417_0_2_0&hpos=2&no_rooms=1&sr_order=class_and_price&sr_pri_blocks=190840112_251373417_0_2_0__34000&srepoch=1587183007&srpvid=d7691d4fd2750054&ucfs=1&from=searchresultshttps://www.booking.com;highlight_room=#hotelTmpl,booking_kaggle,2020,2020-04-24,2026-09-13T06:37:49.339055+00:00,False
hotels_00452,6185841,رواسي رند للوحدات السكنيه,Unayzah,Qassim,340,3,,,Apartment,"4 beds (3 singles, 1 sofa bed)",5,,True,26.110011,43.983509,https://www.booking.com/hotel/sa/rwsy-rnd-llwhdt-lsknyh-unayzah.en-gb.html?aid=304142&label=gen173nr-1DCAEoggI46AdIM1gEaMQBiAECmAEJuAEJyAER2AED6AEBiAIBqAIDuAKmm9z0BcACAQ&sid=42146239dcdf1e519ee673686891723f&all_sr_blocks=618584101_241455009_5_0_0&checkin=2020-04-24&checkout=2020-04-25&dest_id=186&dest_type=country&group_adults=2&group_children=0&hapos=453&highlighted_blocks=618584101_241455009_5_0_0&hpos=3&no_rooms=1&sr_order=class_and_price&sr_pri_blocks=618584101_241455009_5_0_0__34000&srepoch=1587183007&srpvid=d7691d4fd2750054&ucfs=1&from=searchresultshttps://www.booking.com;highlight_room=#hotelTmpl,booking_kaggle,2020,2020-04-24,2026-09-13T06:37:49.339055+00:00,False
hotels_00453,73323,"Radisson Blu Hotel, Yanbu",Yanbu,Madinah,342,3,7.0,1,Standard Room,1 bed (1 large double),2,,True,24.0659404240286,38.0864667892456,https://www.booking.com/hotel/sa/radisson-sas-yanbu.en-gb.html?aid=304142&label=gen173nr-1DCAEoggI46AdIM1gEaMQBiAECmAEJuAEJyAER2AED6AEBiAIBqAIDuAKmm9z0BcACAQ&sid=42146239dcdf1e519ee673686891723f&all_sr_blocks=7332307_255465511_2_42_0&checkin=2020-04-24&checkout=2020-04-25&dest_id=186&dest_type=country&group_adults=2&group_children=0&hapos=454&highlighted_blocks=7332307_255465511_2_42_0&hpos=4&no_rooms=1&sr_order=class_and_price&sr_pri_blocks=7332307_255465511_2_42_0__34200&srepoch=1587183007&srpvid=d7691d4fd2750054&ucfs=1&from=searchresultshttps://www.booking.com;highlight_room=#hotelTmpl,booking_kaggle,2020,2020-04-24,2026-09-13T06:37:49.339055+00:00,False
hotels_00454,507141,Meral Crown Hotel,Riyadh,Riyadh,344,3,7.8,831,Junior Suite,1 bed (1 double),2,,True,24.7904480281747,46.7376798391342,https://www.booking.com/hotel/sa/meral-crown.en-gb.html?aid=304142&label=gen173nr-1DCAEoggI46AdIM1gEaMQBiAECmAEJuAEJyAER2AED6AEBiAIBqAIDuAKmm9z0BcACAQ&sid=42146239dcdf1e519ee673686891723f&all_sr_blocks=50714104_203665902_0_42_0&checkin=2020-04-24&checkout=2020-04-25&dest_id=186&dest_type=country&group_adults=2&group_children=0&hapos=455&highlighted_blocks=50714104_203665902_0_42_0&hpos=5&no_rooms=1&sr_order=class_and_price&sr_pri_blocks=50714104_203665902_0_42_0__34400&srepoch=1587183007&srpvid=d7691d4fd2750054&ucfs=1&from=searchresultshttps://www.booking.com;highlight_room=#hotelTmpl,booking_kaggle,2020,2020-04-24,2026-09-13T06:37:49.339055+00:00,False
hotels_00455,5082536,فندق إيليت جدة,Jeddah,Makkah,345,3,8.5,360,Budget Double Room,2 beds (2 singles),2,,True,21.5946215266674,39.1086827139472,https://www.booking.com/hotel/sa/fndq-ylyt-jd-jd.en-gb.html?aid=304142&label=gen173nr-1DCAEoggI46AdIM1gEaMQBiAECmAEJuAEJyAER2AED6AEBiAIBqAIDuAKmm9z0BcACAQ&sid=42146239dcdf1e519ee673686891723f&all_sr_blocks=508253601_201413104_2_2_0&checkin=2020-04-24&checkout=2020-04-25&dest_id=186&dest_type=country&group_adults=2&group_children=0&hapos=456&highlighted_blocks=508253601_201413104_2_2_0&hpos=6&no_rooms=1&sr_order=class_and_price&sr_pri_blocks=508253601_201413104_2_2_0__34500&srepoch=1587183007&srpvid=d7691d4fd2750054&ucfs=1&from=searchresultshttps://www.booking.com;highlight_room=#hotelTmpl,booking_kaggle,2020,2020-04-24,2026-09-13T06:37:49.339055+00:00,False
hotels_00456,237748,Habitat Hotel All Suites - Jeddah,Jeddah,Makkah,350,3,8.3,1,Junior Suite with King Bed,"2 beds (1 extra-large double, 1 sofa bed)",2,,,21.60747,39.1565643,https://www.booking.com/hotel/sa/habitat.en-gb.html?aid=304142&label=gen173nr-1DCAEoggI46AdIM1gEaMQBiAECmAEJuAEJyAER2AED6AEBiAIBqAIDuAKmm9z0BcACAQ&sid=42146239dcdf1e519ee673686891723f&all_sr_blocks=23774804_136864474_2_0_0&checkin=2020-04-24&checkout=2020-04-25&dest_id=186&dest_type=country&group_adults=2&group_children=0&hapos=457&highlighted_blocks=23774804_136864474_2_0_0&hpos=7&no_rooms=1&sr_order=class_and_price&sr_pri_blocks=23774804_136864474_2_0_0__35000&srepoch=1587183007&srpvid=d7691d4fd2750054&ucfs=1&from=searchresultshttps://www.booking.com;highlight_room=#hotelTmpl,booking_kaggle,2020,2020-04-24,2026-09-13T06:37:49.339055+00:00,False
hotels_00457,4209844,FLAMINGO Boutique Hotel By ALBALAD INN,Jeddah,Makkah,350,3,8.9,156,King Suite,"2 beds (1 sofa bed, 1 large double)",3,,True,21.5219873594548,39.1604995512123,https://www.booking.com/hotel/sa/flamingo.en-gb.html?aid=304142&label=gen173nr-1DCAEoggI46AdIM1gEaMQBiAECmAEJuAEJyAER2AED6AEBiAIBqAIDuAKmm9z0BcACAQ&sid=42146239dcdf1e519ee673686891723f&all_sr_blocks=420984401_133573166_0_0_0&checkin=2020-04-24&checkout=2020-04-25&dest_id=186&dest_type=country&group_adults=2&group_children=0&hapos=458&highlighted_blocks=420984401_133573166_0_0_0&hpos=8&no_rooms=1&sr_order=class_and_price&sr_pri_blocks=420984401_133573166_0_0_0__35000&srepoch=1587183007&srpvid=d7691d4fd2750054&ucfs=1&from=searchresultshttps://www.booking.com;highlight_room=#hotelTmpl,booking_kaggle,2020,2020-04-24,2026-09-13T06:37:49.339055+00:00,False
hotels_00458,3413614,Lareen Suites,Jeddah,Makkah,350,3,8.4,443,Two-Bedroom Suite,"3 beds (2 singles, 1 extra-large double)",4,,True,21.565412,39.166215,https://www.booking.com/hotel/sa/lareen-suites.en-gb.html?aid=304142&label=gen173nr-1DCAEoggI46AdIM1gEaMQBiAECmAEJuAEJyAER2AED6AEBiAIBqAIDuAKmm9z0BcACAQ&sid=42146239dcdf1e519ee673686891723f&all_sr_blocks=341361401_237366346_4_0_0&checkin=2020-04-24&checkout=2020-04-25&dest_id=186&dest_type=country&group_adults=2&group_children=0&hapos=459&highlighted_blocks=341361401_237366346_4_0_0&hpos=9&no_rooms=1&sr_order=class_and_price&sr_pri_blocks=341361401_237366346_4_0_0__35000&srepoch=1587183007&srpvid=d7691d4fd2750054&ucfs=1&from=searchresultshttps://www.booking.com;highlight_room=#hotelTmpl,booking_kaggle,2020,2020-04-24,2026-09-13T06:37:49.339055+00:00,False
hotels_00459,5501770,منتجع لاند مارك شرما,Al Khuraybah,,350,3,6.8,11,Deluxe Double Room (2 Adults + 1 Child),1 bed (1 extra-large double),2,,,28.043746467172,35.2338738643456,https://www.booking.com/hotel/sa/mntj-ldyr.en-gb.html?aid=304142&label=gen173nr-1DCAEoggI46AdIM1gEaMQBiAECmAEJuAEJyAER2AED6AEBiAIBqAIDuAKmm9z0BcACAQ&sid=42146239dcdf1e519ee673686891723f&all_sr_blocks=550177001_200126328_0_0_0&checkin=2020-04-24&checkout=2020-04-25&dest_id=186&dest_type=country&group_adults=2&group_children=0&hapos=460&highlighted_blocks=550177001_200126328_0_0_0&hpos=10&no_rooms=1&sr_order=class_and_price&sr_pri_blocks=550177001_200126328_0_0_0__35000&srepoch=1587183007&srpvid=d7691d4fd2750054&ucfs=1&from=searchresultshttps://www.booking.com;highlight_room=#hotelTmpl,booking_kaggle,2020,2020-04-24,2026-09-13T06:37:49.339055+00:00,False
hotels_00460,244312,Al Olayan Al Khalil Makkah Hotel,Makkah,Makkah,350,3,5.9,353,Twin Room,2 beds (2 singles),2,,True,21.4140387721687,39.8221108317375,https://www.booking.com/hotel/sa/dar-al-manasek-makkah.en-gb.html?aid=304142&label=gen173nr-1DCAEoggI46AdIM1gEaMQBiAECmAEJuAEJyAER2AED6AEBiAIBqAIDuAKmm9z0BcACAQ&sid=42146239dcdf1e519ee673686891723f&all_sr_blocks=24431205_215969718_0_42_0&checkin=2020-04-24&checkout=2020-04-25&dest_id=186&dest_type=country&group_adults=2&group_children=0&hapos=461&highlighted_blocks=24431205_215969718_0_42_0&hpos=11&no_rooms=1&sr_order=class_and_price&sr_pri_blocks=24431205_215969718_0_42_0__35000&srepoch=1587183007&srpvid=d7691d4fd2750054&ucfs=1&from=searchresultshttps://www.booking.com;highlight_room=#hotelTmpl,booking_kaggle,2020,2020-04-24,2026-09-13T06:37:49.339055+00:00,False
hotels_00461,238658,Madinah Mövenpick Hotel,Madinah,Madinah,359,3,7.6,2,Deluxe Twin Room,2 beds (2 singles),2,,,24.4642356667009,39.6115386486053,https://www.booking.com/hotel/sa/madinah-movenpick.en-gb.html?aid=304142&label=gen173nr-1DCAEoggI46AdIM1gEaMQBiAECmAEJuAEJyAER2AED6AEBiAIBqAIDuAKmm9z0BcACAQ&sid=42146239dcdf1e519ee673686891723f&all_sr_blocks=23865824_88786091_2_0_0&checkin=2020-04-24&checkout=2020-04-25&dest_id=186&dest_type=country&group_adults=2&group_children=0&hapos=462&highlighted_blocks=23865824_88786091_2_0_0&hpos=12&no_rooms=1&sr_order=class_and_price&sr_pri_blocks=23865824_88786091_2_0_0__35910&srepoch=1587183007&srpvid=d7691d4fd2750054&ucfs=1&from=searchresultshttps://www.booking.com;highlight_room=#hotelTmpl,booking_kaggle,2020,2020-04-24,2026-09-13T06:37:49.339055+00:00,False
hotels_00462,5898043,Ewaa Express Hotel - Gaber,Riyadh,Riyadh,375,3,9.1,86,Suite,1 bed (1 large double),2,,True,24.7918369812724,46.8201876415253,https://www.booking.com/hotel/sa/yw-ksbrys-lryd.en-gb.html?aid=304142&label=gen173nr-1DCAEoggI46AdIM1gEaMQBiAECmAEJuAEJyAER2AED6AEBiAIBqAIDuAKmm9z0BcACAQ&sid=42146239dcdf1e519ee673686891723f&all_sr_blocks=589804301_236146796_2_0_0&checkin=2020-04-24&checkout=2020-04-25&dest_id=186&dest_type=country&group_adults=2&group_children=0&hapos=463&highlighted_blocks=589804301_236146796_2_0_0&hpos=13&no_rooms=1&sr_order=class_and_price&sr_pri_blocks=589804301_236146796_2_0_0__37500&srepoch=1587183007&srpvid=d7691d4fd2750054&ucfs=1&from=searchresultshttps://www.booking.com;highlight_room=#hotelTmpl,booking_kaggle,2020,2020-04-24,2026-09-13T06:37:49.339055+00:00,False
hotels_00463,2418413,Spectrums Residence Managed by The Ascott Limited,Jeddah,Makkah,380,3,8.5,616,One-Bedroom Apartment,1 bed (1 extra-large double),2,True,True,21.6081645431491,39.1419777274132,https://www.booking.com/hotel/sa/spectrums-residence.en-gb.html?aid=304142&label=gen173nr-1DCAEoggI46AdIM1gEaMQBiAECmAEJuAEJyAER2AED6AEBiAIBqAIDuAKmm9z0BcACAQ&sid=42146239dcdf1e519ee673686891723f&all_sr_blocks=241841304_240755874_0_1_0&checkin=2020-04-24&checkout=2020-04-25&dest_id=186&dest_type=country&group_adults=2&group_children=0&hapos=464&highlighted_blocks=241841304_240755874_0_1_0&hpos=14&no_rooms=1&sr_order=class_and_price&sr_pri_blocks=241841304_240755874_0_1_0__38000&srepoch=1587183007&srpvid=d7691d4fd2750054&ucfs=1&from=searchresultshttps://www.booking.com;highlight_room=#hotelTmpl,booking_kaggle,2020,2020-04-24,2026-09-13T06:37:49.339055+00:00,False
hotels_00464,2798884,Snaf Inn Azizia Hotel,Makkah,Makkah,380,3,7.7,123,Twin Room with Private Bathroom,2 beds (2 singles),2,True,,21.41178,39.86614,https://www.booking.com/hotel/sa/snaf-inn.en-gb.html?aid=304142&label=gen173nr-1DCAEoggI46AdIM1gEaMQBiAECmAEJuAEJyAER2AED6AEBiAIBqAIDuAKmm9z0BcACAQ&sid=42146239dcdf1e519ee673686891723f&all_sr_blocks=279888401_248108916_0_1_0&checkin=2020-04-24&checkout=2020-04-25&dest_id=186&dest_type=country&group_adults=2&group_children=0&hapos=465&highlighted_blocks=279888401_248108916_0_1_0&hpos=15&no_rooms=1&sr_order=class_and_price&sr_pri_blocks=279888401_248108916_0_1_0__38000&srepoch=1587183007&srpvid=d7691d4fd2750054&ucfs=1&from=searchresultshttps://www.booking.com;highlight_room=#hotelTmpl,booking_kaggle,2020,2020-04-24,2026-09-13T06:37:49.339055+00:00,False
hotels_00465,1589635,Mira Waterfront Hotel Jeddah,Jeddah,Makkah,399,3,7.0,2,Superior Twin Room with City View,2 beds (2 singles),2,,True,21.5091501592725,39.1637974817841,https://www.booking.com/hotel/sa/ramada-jeddah-corniche.en-gb.html?aid=304142&label=gen173nr-1DCAEoggI46AdIM1gEaMQBiAECmAEJuAEJyAER2AED6AEBiAIBqAIDuAKmm9z0BcACAQ&sid=42146239dcdf1e519ee673686891723f&all_sr_blocks=158963522_89746753_0_2_0&checkin=2020-04-24&checkout=2020-04-25&dest_id=186&dest_type=country&group_adults=2&group_children=0&hapos=466&highlighted_blocks=158963522_89746753_0_2_0&hpos=16&no_rooms=1&sr_order=class_and_price&sr_pri_blocks=158963522_89746753_0_2_0__39900&srepoch=1587183007&srpvid=d7691d4fd2750054&ucfs=1&from=searchresultshttps://www.booking.com;highlight_room=#hotelTmpl,booking_kaggle,2020,2020-04-24,2026-09-13T06:37:49.339055+00:00,False
hotels_00466,3370462,Diwan Residence Hotel- Alsalamah,Jeddah,Makkah,400,3,8.9,986,Deluxe Twin Room,"3 beds (2 doubles, 1 sofa bed)",2,True,True,21.595148780346,39.1561897850418,https://www.booking.com/hotel/sa/dywn-lljnh-lfndqy-jd.en-gb.html?aid=304142&label=gen173nr-1DCAEoggI46AdIM1gEaMQBiAECmAEJuAEJyAER2AED6AEBiAIBqAIDuAKmm9z0BcACAQ&sid=42146239dcdf1e519ee673686891723f&all_sr_blocks=337046206_197145959_2_9_0&checkin=2020-04-24&checkout=2020-04-25&dest_id=186&dest_type=country&group_adults=2&group_children=0&hapos=467&highlighted_blocks=337046206_197145959_2_9_0&hpos=17&no_rooms=1&sr_order=class_and_price&sr_pri_blocks=337046206_197145959_2_9_0__40000&srepoch=1587183007&srpvid=d7691d4fd2750054&ucfs=1&from=searchresultshttps://www.booking.com;highlight_room=#hotelTmpl,booking_kaggle,2020,2020-04-24,2026-09-13T06:37:49.339055+00:00,False
hotels_00467,2427616,Light Moon,Taif,Makkah,400,,7.7,49,Deluxe Villa,"4 beds (1 extra-large double, 3 sofa beds)",5,,True,21.4043389855037,40.5165266990662,https://www.booking.com/hotel/sa/light-moon-taif.en-gb.html?aid=304142&label=gen173nr-1DCAEoggI46AdIM1gEaMQBiAECmAEJuAEJyAER2AED6AEBiAIBqAIDuAKmm9z0BcACAQ&sid=42146239dcdf1e519ee673686891723f&all_sr_blocks=242761601_101996154_5_0_0&checkin=2020-04-24&checkout=2020-04-25&dest_id=186&dest_type=country&group_adults=2&group_children=0&hapos=468&highlighted_blocks=242761601_101996154_5_0_0&hpos=18&no_rooms=1&sr_order=class_and_price&sr_pri_blocks=242761601_101996154_5_0_0__40000&srepoch=1587183007&srpvid=d7691d4fd2750054&ucfs=1&from=searchresultshttps://www.booking.com;highlight_room=#hotelTmpl,booking_kaggle,2020,2020-04-24,2026-09-13T06:37:49.339055+00:00,False
hotels_00468,4727179,Tulip Inn Al Dar Rawafed,Madinah,Madinah,446,3,8.2,1,Deluxe King Room,1 bed (1 extra-large double),2,,,24.4688719166701,39.6044710234177,https://www.booking.com/hotel/sa/tulip-inn-al-dar-madinah.en-gb.html?aid=304142&label=gen173nr-1DCAEoggI46AdIM1gEaMQBiAECmAEJuAEJyAER2AED6AEBiAIBqAIDuAKmm9z0BcACAQ&sid=42146239dcdf1e519ee673686891723f&all_sr_blocks=472717903_147323835_2_2_0&checkin=2020-04-24&checkout=2020-04-25&dest_id=186&dest_type=country&group_adults=2&group_children=0&hapos=469&highlighted_blocks=472717903_147323835_2_2_0&hpos=19&no_rooms=1&sr_order=class_and_price&sr_pri_blocks=472717903_147323835_2_2_0__44550&srepoch=1587183007&srpvid=d7691d4fd2750054&ucfs=1&from=searchresultshttps://www.booking.com;highlight_room=#hotelTmpl,booking_kaggle,2020,2020-04-24,2026-09-13T06:37:49.339055+00:00,False
hotels_00469,6097103,المواسم الأربعة,Tabuk,Tabuk,450,3,9.4,14,Deluxe King Suite,1 bed (1 extra-large double),2,,True,28.4205825631453,36.5791663443928,https://www.booking.com/hotel/sa/4seasons.en-gb.html?aid=304142&label=gen173nr-1DCAEoggI46AdIM1gEaMQBiAECmAEJuAEJyAER2AED6AEBiAIBqAIDuAKmm9z0BcACAQ&sid=42146239dcdf1e519ee673686891723f&all_sr_blocks=609710303_238746742_2_0_0&checkin=2020-04-24&checkout=2020-04-25&dest_id=186&dest_type=country&group_adults=2&group_children=0&hapos=470&highlighted_blocks=609710303_238746742_2_0_0&hpos=20&no_rooms=1&sr_order=class_and_price&sr_pri_blocks=609710303_238746742_2_0_0__45000&srepoch=1587183007&srpvid=d7691d4fd2750054&ucfs=1&from=searchresultshttps://www.booking.com;highlight_room=#hotelTmpl,booking_kaggle,2020,2020-04-24,2026-09-13T06:37:49.339055+00:00,False
hotels_00470,375171,Nawazi Ajyad Hotel,Makkah,Makkah,450,3,6.4,3,Double Room,2 beds (2 singles),2,,,21.4198405443354,39.828954488039,https://www.booking.com/hotel/sa/nawazi-ajyad.en-gb.html?aid=304142&label=gen173nr-1DCAEoggI46AdIM1gEaMQBiAECmAEJuAEJyAER2AED6AEBiAIBqAIDuAKmm9z0BcACAQ&sid=42146239dcdf1e519ee673686891723f&all_sr_blocks=37517101_88785536_0_0_0&checkin=2020-04-24&checkout=2020-04-25&dest_id=186&dest_type=country&group_adults=2&group_children=0&hapos=471&highlighted_blocks=37517101_88785536_0_0_0&hpos=21&no_rooms=1&sr_order=class_and_price&sr_pri_blocks=37517101_88785536_0_0_0__45000&srepoch=1587183007&srpvid=d7691d4fd2750054&ucfs=1&from=searchresultshttps://www.booking.com;highlight_room=#hotelTmpl,booking_kaggle,2020,2020-04-24,2026-09-13T06:37:49.339055+00:00,False
hotels_00471,4291097,Lamar Al Bait Hotel,Makkah,Makkah,450,3,8.0,338,Deluxe Double Room,2 beds (2 singles),2,,True,21.4010438890868,39.8321432275391,https://www.booking.com/hotel/sa/lamar-al-bait.en-gb.html?aid=304142&label=gen173nr-1DCAEoggI46AdIM1gEaMQBiAECmAEJuAEJyAER2AED6AEBiAIBqAIDuAKmm9z0BcACAQ&sid=42146239dcdf1e519ee673686891723f&all_sr_blocks=429109701_241607009_0_0_0&checkin=2020-04-24&checkout=2020-04-25&dest_id=186&dest_type=country&group_adults=2&group_children=0&hapos=472&highlighted_blocks=429109701_241607009_0_0_0&hpos=22&no_rooms=1&sr_order=class_and_price&sr_pri_blocks=429109701_241607009_0_0_0__45000&srepoch=1587183007&srpvid=d7691d4fd2750054&ucfs=1&from=searchresultshttps://www.booking.com;highlight_room=#hotelTmpl,booking_kaggle,2020,2020-04-24,2026-09-13T06:37:49.339055+00:00,False
hotels_00472,3940646,شاليهات Costa De Sol,Buraydah,Qassim,460,,7.4,25,Apartment,"12 beds (2 singles, 1 extra-large double, 9 sofa beds)",4,,,26.3738711398955,44.0591890513697,https://www.booking.com/hotel/sa/shlyht-costa-de-sol.en-gb.html?aid=304142&label=gen173nr-1DCAEoggI46AdIM1gEaMQBiAECmAEJuAEJyAER2AED6AEBiAIBqAIDuAKmm9z0BcACAQ&sid=42146239dcdf1e519ee673686891723f&all_sr_blocks=394064601_191180318_4_0_0&checkin=2020-04-24&checkout=2020-04-25&dest_id=186&dest_type=country&group_adults=2&group_children=0&hapos=473&highlighted_blocks=394064601_191180318_4_0_0&hpos=23&no_rooms=1&sr_order=class_and_price&sr_pri_blocks=394064601_191180318_4_0_0__46000&srepoch=1587183007&srpvid=d7691d4fd2750054&ucfs=1&from=searchresultshttps://www.booking.com;highlight_room=#hotelTmpl,booking_kaggle,2020,2020-04-24,2026-09-13T06:37:49.339055+00:00,False
hotels_00473,5848630,Myrtle ميرتل,Riyadh,Riyadh,470,3,7.8,115,Deluxe Studio,1 bed (1 large double),2,,True,24.784909,46.735683,https://www.booking.com/hotel/sa/myrtle.en-gb.html?aid=304142&label=gen173nr-1DCAEoggI46AdIM1gEaMQBiAECmAEJuAEJyAER2AED6AEBiAIBqAIDuAKmm9z0BcACAQ&sid=42146239dcdf1e519ee673686891723f&all_sr_blocks=584863001_231764858_2_2_0&checkin=2020-04-24&checkout=2020-04-25&dest_id=186&dest_type=country&group_adults=2&group_children=0&hapos=474&highlighted_blocks=584863001_231764858_2_2_0&hpos=24&no_rooms=1&sr_order=class_and_price&sr_pri_blocks=584863001_231764858_2_2_0__47000&srepoch=1587183007&srpvid=d7691d4fd2750054&ucfs=1&from=searchresultshttps://www.booking.com;highlight_room=#hotelTmpl,booking_kaggle,2020,2020-04-24,2026-09-13T06:37:49.339055+00:00,False
hotels_00474,3708806,Swiss Blue,Jazan,Jazan,500,3,8.8,688,One-Bedroom Suite,"2 beds (1 extra-large double, 1 sofa bed)",2,True,True,16.8804936559658,42.5760628462524,https://www.booking.com/hotel/sa/swiss-blue-jazan.en-gb.html?aid=304142&label=gen173nr-1DCAEoggI46AdIM1gEaMQBiAECmAEJuAEJyAER2AED6AEBiAIBqAIDuAKmm9z0BcACAQ&sid=42146239dcdf1e519ee673686891723f&all_sr_blocks=370880603_119780619_2_41_0&checkin=2020-04-24&checkout=2020-04-25&dest_id=186&dest_type=country&group_adults=2&group_children=0&hapos=475&highlighted_blocks=370880603_119780619_2_41_0&hpos=25&no_rooms=1&sr_order=class_and_price&sr_pri_blocks=370880603_119780619_2_41_0__50000&srepoch=1587183007&srpvid=d7691d4fd2750054&ucfs=1&from=searchresultshttps://www.booking.com;highlight_room=#hotelTmpl,booking_kaggle,2020,2020-04-24,2026-09-13T06:37:49.339055+00:00,False
hotels_00475,5000708,أجنحة ساوث الفندقية,Khamis Mushait,Asir,500,3,9.3,156,Standard King Room,1 bed (1 extra-large double),2,,True,18.2843044524197,42.7284479385453,https://www.booking.com/hotel/sa/jnh-swth-lfndqy.en-gb.html?aid=304142&label=gen173nr-1DCAEoggI46AdIM1gEaMQBiAECmAEJuAEJyAER2AED6AEBiAIBqAIDuAKmm9z0BcACAQ&sid=42146239dcdf1e519ee673686891723f&all_sr_blocks=500070804_182187069_2_2_0&checkin=2020-04-24&checkout=2020-04-25&dest_id=186&dest_type=country&group_adults=2&group_children=0&hapos=476&highlighted_blocks=500070804_182187069_2_2_0&hpos=1&no_rooms=1&sr_order=class_and_price&sr_pri_blocks=500070804_182187069_2_2_0__49999&srepoch=1587183019&srpvid=b42f1d55ae5900c3&ucfs=1&from=searchresultshttps://www.booking.com;highlight_room=#hotelTmpl,booking_kaggle,2020,2020-04-24,2026-09-13T06:37:49.339055+00:00,False
hotels_00476,1058059,Konoz Al Yam Hotel Jeddah,Jeddah,Makkah,515,3,8.0,93,Twin Junior Suite,2 beds (2 singles),2,,True,21.5581648382096,39.1193117201328,https://www.booking.com/hotel/sa/venecia-jeddah.en-gb.html?aid=304142&label=gen173nr-1DCAEoggI46AdIM1gEaMQBiAECmAEJuAEJyAER2AED6AEBiAIBqAIDuAKmm9z0BcACAQ&sid=42146239dcdf1e519ee673686891723f&all_sr_blocks=105805912_203284184_0_1_0&checkin=2020-04-24&checkout=2020-04-25&dest_id=186&dest_type=country&group_adults=2&group_children=0&hapos=477&highlighted_blocks=105805912_203284184_0_1_0&hpos=2&no_rooms=1&sr_order=class_and_price&sr_pri_blocks=105805912_203284184_0_1_0__51500&srepoch=1587183019&srpvid=b42f1d55ae5900c3&ucfs=1&from=searchresultshttps://www.booking.com;highlight_room=#hotelTmpl,booking_kaggle,2020,2020-04-24,2026-09-13T06:37:49.339055+00:00,False
hotels_00477,5714353,180 Executive Suites AlNarjes,Riyadh,Riyadh,590,3,8.7,5,Standard Double Room,"3 beds (2 singles, 1 large double)",2,,True,24.84531,46.679848,https://www.booking.com/hotel/sa/180-executive-suites.en-gb.html?aid=304142&label=gen173nr-1DCAEoggI46AdIM1gEaMQBiAECmAEJuAEJyAER2AED6AEBiAIBqAIDuAKmm9z0BcACAQ&sid=42146239dcdf1e519ee673686891723f&all_sr_blocks=571435302_218970990_2_0_0&checkin=2020-04-24&checkout=2020-04-25&dest_id=186&dest_type=country&group_adults=2&group_children=0&hapos=478&highlighted_blocks=571435302_218970990_2_0_0&hpos=3&no_rooms=1&sr_order=class_and_price&sr_pri_blocks=571435302_218970990_2_0_0__59000&srepoch=1587183019&srpvid=b42f1d55ae5900c3&ucfs=1&from=searchresultshttps://www.booking.com;highlight_room=#hotelTmpl,booking_kaggle,2020,2020-04-24,2026-09-13T06:37:49.339055+00:00,False
hotels_00478,1361085,Al Wadi Touristic Resort,Al Shafa,Makkah,599,,7.2,352,Three-Bedroom Villa,"5 beds (4 singles, 1 large double)",6,,True,21.0536616,40.3630139,https://www.booking.com/hotel/sa/al-wadi-touristic-resort-taif-saudi-arabia.en-gb.html?aid=304142&label=gen173nr-1DCAEoggI46AdIM1gEaMQBiAECmAEJuAEJyAER2AED6AEBiAIBqAIDuAKmm9z0BcACAQ&sid=42146239dcdf1e519ee673686891723f&all_sr_blocks=136108501_195564681_0_0_0&checkin=2020-04-24&checkout=2020-04-25&dest_id=186&dest_type=country&group_adults=2&group_children=0&hapos=479&highlighted_blocks=136108501_195564681_0_0_0&hpos=4&no_rooms=1&sr_order=class_and_price&sr_pri_blocks=136108501_195564681_0_0_0__59900&srepoch=1587183019&srpvid=b42f1d55ae5900c3&ucfs=1&from=searchresultshttps://www.booking.com;highlight_room=#hotelTmpl,booking_kaggle,2020,2020-04-24,2026-09-13T06:37:49.339055+00:00,False
hotels_00479,3330145,Wardedt Al-Shifa Resort,Taif,Makkah,600,,8.1,38,Villa with Private Pool,"7 beds (4 singles, 1 extra-large double, 2 sofa beds)",9,,True,21.0916623526121,40.3186200270843,https://www.booking.com/hotel/sa/mntj-wrdh-lshf.en-gb.html?aid=304142&label=gen173nr-1DCAEoggI46AdIM1gEaMQBiAECmAEJuAEJyAER2AED6AEBiAIBqAIDuAKmm9z0BcACAQ&sid=42146239dcdf1e519ee673686891723f&all_sr_blocks=333014501_119986980_9_0_0&checkin=2020-04-24&checkout=2020-04-25&dest_id=186&dest_type=country&group_adults=2&group_children=0&hapos=480&highlighted_blocks=333014501_119986980_9_0_0&hpos=5&no_rooms=1&sr_order=class_and_price&sr_pri_blocks=333014501_119986980_9_0_0__60000&srepoch=1587183019&srpvid=b42f1d55ae5900c3&ucfs=1&from=searchresultshttps://www.booking.com;highlight_room=#hotelTmpl,booking_kaggle,2020,2020-04-24,2026-09-13T06:37:49.339055+00:00,False
hotels_00480,3238282,Lamar Ajyad Hotel 2 - Tower B,Makkah,Makkah,610,3,7.8,2,Deluxe King Room,1 bed (1 extra-large double),2,,True,21.4010993933991,39.8311234001388,https://www.booking.com/hotel/sa/lamar-ajyad-2.en-gb.html?aid=304142&label=gen173nr-1DCAEoggI46AdIM1gEaMQBiAECmAEJuAEJyAER2AED6AEBiAIBqAIDuAKmm9z0BcACAQ&sid=42146239dcdf1e519ee673686891723f&all_sr_blocks=323828208_241605515_0_2_0&checkin=2020-04-24&checkout=2020-04-25&dest_id=186&dest_type=country&group_adults=2&group_children=0&hapos=481&highlighted_blocks=323828208_241605515_0_2_0&hpos=6&no_rooms=1&sr_order=class_and_price&sr_pri_blocks=323828208_241605515_0_2_0__61000&srepoch=1587183019&srpvid=b42f1d55ae5900c3&ucfs=1&from=searchresultshttps://www.booking.com;highlight_room=#hotelTmpl,booking_kaggle,2020,2020-04-24,2026-09-13T06:37:49.339055+00:00,False
hotels_00481,2077178,Lamar Ajyad Hotel,Makkah,Makkah,610,3,7.6,2,Twin Room,2 beds (2 singles),2,,True,21.40062277439,39.8307234048843,https://www.booking.com/hotel/sa/lamar-ajyad.en-gb.html?aid=304142&label=gen173nr-1DCAEoggI46AdIM1gEaMQBiAECmAEJuAEJyAER2AED6AEBiAIBqAIDuAKmm9z0BcACAQ&sid=42146239dcdf1e519ee673686891723f&all_sr_blocks=207717801_241606819_0_34_0&checkin=2020-04-24&checkout=2020-04-25&dest_id=186&dest_type=country&group_adults=2&group_children=0&hapos=482&highlighted_blocks=207717801_241606819_0_34_0&hpos=7&no_rooms=1&sr_order=class_and_price&sr_pri_blocks=207717801_241606819_0_34_0__61000&srepoch=1587183019&srpvid=b42f1d55ae5900c3&ucfs=1&from=searchresultshttps://www.booking.com;highlight_room=#hotelTmpl,booking_kaggle,2020,2020-04-24,2026-09-13T06:37:49.339055+00:00,False
hotels_00482,308265,Rove Al Madinah Hotel,Madinah,Madinah,613,3,8.2,1,Standard Twin Room,2 beds (2 singles),2,,,24.4726533330394,39.6122950315475,https://www.booking.com/hotel/sa/holiday-villa-madinah.en-gb.html?aid=304142&label=gen173nr-1DCAEoggI46AdIM1gEaMQBiAECmAEJuAEJyAER2AED6AEBiAIBqAIDuAKmm9z0BcACAQ&sid=42146239dcdf1e519ee673686891723f&all_sr_blocks=30826501_88786097_0_2_0&checkin=2020-04-24&checkout=2020-04-25&dest_id=186&dest_type=country&group_adults=2&group_children=0&hapos=483&highlighted_blocks=30826501_88786097_0_2_0&hpos=8&no_rooms=1&sr_order=class_and_price&sr_pri_blocks=30826501_88786097_0_2_0__61275&srepoch=1587183019&srpvid=b42f1d55ae5900c3&ucfs=1&from=searchresultshttps://www.booking.com;highlight_room=#hotelTmpl,booking_kaggle,2020,2020-04-24,2026-09-13T06:37:49.339055+00:00,False
hotels_00483,5897389,Rayanat Ajyad Hotel - Makkah,Makkah,Makkah,792,3,7.1,46,Twin Room,2 beds (2 singles),2,,,21.4166756375769,39.8285087010803,https://www.booking.com/hotel/sa/rayanat-ajyad-makkah.en-gb.html?aid=304142&label=gen173nr-1DCAEoggI46AdIM1gEaMQBiAECmAEJuAEJyAER2AED6AEBiAIBqAIDuAKmm9z0BcACAQ&sid=42146239dcdf1e519ee673686891723f&all_sr_blocks=589738901_231344525_2_0_0&checkin=2020-04-24&checkout=2020-04-25&dest_id=186&dest_type=country&group_adults=2&group_children=0&hapos=484&highlighted_blocks=589738901_231344525_2_0_0&hpos=9&no_rooms=1&sr_order=class_and_price&sr_pri_blocks=589738901_231344525_2_0_0__79200&srepoch=1587183019&srpvid=b42f1d55ae5900c3&ucfs=1&from=searchresultshttps://www.booking.com;highlight_room=#hotelTmpl,booking_kaggle,2020,2020-04-24,2026-09-13T06:37:49.339055+00:00,False
hotels_00484,2404813,That Msa Resort,Khamis Mushait,Asir,800,,7.8,49,Villa with Private Pool,"5 beds (2 doubles, 1 extra-large double, 2 futons)",6,,True,18.2835811546163,42.6668134331703,https://www.booking.com/hotel/sa/that-msa.en-gb.html?aid=304142&label=gen173nr-1DCAEoggI46AdIM1gEaMQBiAECmAEJuAEJyAER2AED6AEBiAIBqAIDuAKmm9z0BcACAQ&sid=42146239dcdf1e519ee673686891723f&all_sr_blocks=240481302_127559305_6_0_0&checkin=2020-04-24&checkout=2020-04-25&dest_id=186&dest_type=country&group_adults=2&group_children=0&hapos=485&highlighted_blocks=240481302_127559305_6_0_0&hpos=10&no_rooms=1&sr_order=class_and_price&sr_pri_blocks=240481302_127559305_6_0_0__80000&srepoch=1587183019&srpvid=b42f1d55ae5900c3&ucfs=1&from=searchresultshttps://www.booking.com;highlight_room=#hotelTmpl,booking_kaggle,2020,2020-04-24,2026-09-13T06:37:49.339055+00:00,False
hotels_00485,2596084,Villa Rekaaz,Unayzah,Qassim,850,,8.8,3,Villa,"5 beds (2 singles, 1 extra-large double, 2 sofa beds)",6,,,26.0352931086043,43.9728182387989,https://www.booking.com/hotel/sa/villa-rekaaz-unayzah.en-gb.html?aid=304142&label=gen173nr-1DCAEoggI46AdIM1gEaMQBiAECmAEJuAEJyAER2AED6AEBiAIBqAIDuAKmm9z0BcACAQ&sid=42146239dcdf1e519ee673686891723f&all_sr_blocks=259608401_239371369_6_0_0&checkin=2020-04-24&checkout=2020-04-25&dest_id=186&dest_type=country&group_adults=2&group_children=0&hapos=486&highlighted_blocks=259608401_239371369_6_0_0&hpos=11&no_rooms=1&sr_order=class_and_price&sr_pri_blocks=259608401_239371369_6_0_0__85000&srepoch=1587183019&srpvid=b42f1d55ae5900c3&ucfs=1&from=searchresultshttps://www.booking.com;highlight_room=#hotelTmpl,booking_kaggle,2020,2020-04-24,2026-09-13T06:37:49.339055+00:00,False
hotels_00486,4045002,فلل الطائف,Taif,Makkah,900,,9.3,5,Villa,"5 beds (4 singles, 1 double)",6,,True,21.398806807342,40.513086741268,https://www.booking.com/hotel/sa/fll-lty-f.en-gb.html?aid=304142&label=gen173nr-1DCAEoggI46AdIM1gEaMQBiAECmAEJuAEJyAER2AED6AEBiAIBqAIDuAKmm9z0BcACAQ&sid=42146239dcdf1e519ee673686891723f&all_sr_blocks=404500201_215969975_6_0_0&checkin=2020-04-24&checkout=2020-04-25&dest_id=186&dest_type=country&group_adults=2&group_children=0&hapos=487&highlighted_blocks=404500201_215969975_6_0_0&hpos=12&no_rooms=1&sr_order=class_and_price&sr_pri_blocks=404500201_215969975_6_0_0__90000&srepoch=1587183019&srpvid=b42f1d55ae5900c3&ucfs=1&from=searchresultshttps://www.booking.com;highlight_room=#hotelTmpl,booking_kaggle,2020,2020-04-24,2026-09-13T06:37:49.339055+00:00,False
hotels_00487,4557562,Furnished Units in Tiba Arak,Madinah,Madinah,1260,,9.3,40,One-Bedroom Apartment,2 beds (2 singles),2,,,24.471322795156,39.610352382803,https://www.booking.com/hotel/sa/jnh-fndqy-fkhm-fy-brj-tyb-rk.en-gb.html?aid=304142&label=gen173nr-1DCAEoggI46AdIM1gEaMQBiAECmAEJuAEJyAER2AED6AEBiAIBqAIDuAKmm9z0BcACAQ&sid=42146239dcdf1e519ee673686891723f&all_sr_blocks=455756201_172409808_2_0_0&checkin=2020-04-24&checkout=2020-04-25&dest_id=186&dest_type=country&group_adults=2&group_children=0&hapos=488&highlighted_blocks=455756201_172409808_2_0_0&hpos=13&no_rooms=1&sr_order=class_and_price&sr_pri_blocks=455756201_172409808_2_0_0__126000&srepoch=1587183019&srpvid=b42f1d55ae5900c3&ucfs=1&from=searchresultshttps://www.booking.com;highlight_room=#hotelTmpl,booking_kaggle,2020,2020-04-24,2026-09-13T06:37:49.339055+00:00,False
hotels_00488,2861212,AL Masarat Tower,Jeddah,Makkah,1300,,7.9,13,Apartment with Sea View,"4 beds (2 singles, 2 doubles)",6,,,21.6239617,39.1093515,https://www.booking.com/hotel/sa/brj-lmsrt.en-gb.html?aid=304142&label=gen173nr-1DCAEoggI46AdIM1gEaMQBiAECmAEJuAEJyAER2AED6AEBiAIBqAIDuAKmm9z0BcACAQ&sid=42146239dcdf1e519ee673686891723f&all_sr_blocks=286121201_207948789_6_0_0&checkin=2020-04-24&checkout=2020-04-25&dest_id=186&dest_type=country&group_adults=2&group_children=0&hapos=489&highlighted_blocks=286121201_207948789_6_0_0&hpos=14&no_rooms=1&sr_order=class_and_price&sr_pri_blocks=286121201_207948789_6_0_0__130000&srepoch=1587183019&srpvid=b42f1d55ae5900c3&ucfs=1&from=searchresultshttps://www.booking.com;highlight_room=#hotelTmpl,booking_kaggle,2020,2020-04-24,2026-09-13T06:37:49.339055+00:00,False
hotels_00489,4583665,KAEC 2 Bed Rooms Apartment In Al Waha Dist شقة مفروشة بحي الواحه بمدينه الملك عبدالله الاقتصادية,King Abdullah Economic City,Makkah,1500,,8.4,38,Two-Bedroom Apartment,"3 beds (1 single, 1 double, 1 sofa bed)",6,,,22.459877114573,39.102403571503,https://www.booking.com/hotel/sa/kaec-2-bed-rooms-apartment-in-al-waha-dist-shq-mfrwsh-bhy-lwhh-bmdynh-lmlk-bdllh.en-gb.html?aid=304142&label=gen173nr-1DCAEoggI46AdIM1gEaMQBiAECmAEJuAEJyAER2AED6AEBiAIBqAIDuAKmm9z0BcACAQ&sid=42146239dcdf1e519ee673686891723f&all_sr_blocks=458366501_141537423_6_0_0&checkin=2020-04-24&checkout=2020-04-25&dest_id=186&dest_type=country&group_adults=2&group_children=0&hapos=490&highlighted_blocks=458366501_141537423_6_0_0&hpos=15&no_rooms=1&sr_order=class_and_price&sr_pri_blocks=458366501_141537423_6_0_0__150000&srepoch=1587183019&srpvid=b42f1d55ae5900c3&ucfs=1&from=searchresultshttps://www.booking.com;highlight_room=#hotelTmpl,booking_kaggle,2020,2020-04-24,2026-09-13T06:37:49.339055+00:00,False
hotels_00490,6019548,OYO 381 Afg Aldurrah 1,Butainiyāt,,4651,3,,,One-Bedroom Apartment,1 bed (1 extra-large double),2,,True,26.386261,43.954533,https://www.booking.com/hotel/sa/oyo-381-afg-aldurrah-1.en-gb.html?aid=304142&label=gen173nr-1DCAEoggI46AdIM1gEaMQBiAECmAEJuAEJyAER2AED6AEBiAIBqAIDuAKmm9z0BcACAQ&sid=42146239dcdf1e519ee673686891723f&all_sr_blocks=601954802_236101251_2_0_0&checkin=2020-04-24&checkout=2020-04-25&dest_id=186&dest_type=country&group_adults=2&group_children=0&hapos=491&highlighted_blocks=601954802_236101251_2_0_0&hpos=16&no_rooms=1&sr_order=class_and_price&sr_pri_blocks=601954802_236101251_2_0_0__465066&srepoch=1587183019&srpvid=b42f1d55ae5900c3&ucfs=1&from=searchresultshttps://www.booking.com;highlight_room=#hotelTmpl,booking_kaggle,2020,2020-04-24,2026-09-13T06:37:49.339055+00:00,False
hotels_00491,5908104,ميرادا البنفسجي-القريات,Jeddah,Makkah,62,2,8.4,632,Studio,2 beds (2 singles),2,,,21.464557,39.196915,https://www.booking.com/hotel/sa/mirada-al-gorayat.en-gb.html?aid=304142&label=gen173nr-1DCAEoggI46AdIM1gEaMQBiAECmAEJuAEJyAER2AED6AEBiAIBqAIDuAKmm9z0BcACAQ&sid=42146239dcdf1e519ee673686891723f&all_sr_blocks=590810401_231804874_2_0_0&checkin=2020-04-24&checkout=2020-04-25&dest_id=186&dest_type=country&group_adults=2&group_children=0&hapos=492&highlighted_blocks=590810401_231804874_2_0_0&hpos=17&no_rooms=1&sr_order=class_and_price&sr_pri_blocks=590810401_231804874_2_0_0__6209&srepoch=1587183019&srpvid=b42f1d55ae5900c3&ucfs=1&from=searchresultshttps://www.booking.com;highlight_room=#hotelTmpl,booking_kaggle,2020,2020-04-24,2026-09-13T06:37:49.339055+00:00,False
hotels_00492,5764824,OYO 324 Green House Hotel Abha,Abha,Asir,66,2,7.6,111,Standard Studio,1 bed (1 extra-large double),2,,True,18.2057849019547,42.5146785546226,https://www.booking.com/hotel/sa/oyo-324-green-house-abha.en-gb.html?aid=304142&label=gen173nr-1DCAEoggI46AdIM1gEaMQBiAECmAEJuAEJyAER2AED6AEBiAIBqAIDuAKmm9z0BcACAQ&sid=42146239dcdf1e519ee673686891723f&all_sr_blocks=576482402_222672115_2_0_0&checkin=2020-04-24&checkout=2020-04-25&dest_id=186&dest_type=country&group_adults=2&group_children=0&hapos=493&highlighted_blocks=576482402_222672115_2_0_0&hpos=18&no_rooms=1&sr_order=class_and_price&sr_pri_blocks=576482402_222672115_2_0_0__6638&srepoch=1587183019&srpvid=b42f1d55ae5900c3&ucfs=1&from=searchresultshttps://www.booking.com;highlight_room=#hotelTmpl,booking_kaggle,2020,2020-04-24,2026-09-13T06:37:49.339055+00:00,False
hotels_00493,3230549,OYO 176 Hotel Safari Al Hada,Taif,Makkah,70,2,6.5,1,Standard Studio,1 bed (1 large double),2,,True,21.2786550196917,40.4047094285488,https://www.booking.com/hotel/sa/fndq-lhd-sfry.en-gb.html?aid=304142&label=gen173nr-1DCAEoggI46AdIM1gEaMQBiAECmAEJuAEJyAER2AED6AEBiAIBqAIDuAKmm9z0BcACAQ&sid=42146239dcdf1e519ee673686891723f&all_sr_blocks=323054911_175714475_2_0_0&checkin=2020-04-24&checkout=2020-04-25&dest_id=186&dest_type=country&group_adults=2&group_children=0&hapos=494&highlighted_blocks=323054911_175714475_2_0_0&hpos=19&no_rooms=1&sr_order=class_and_price&sr_pri_blocks=323054911_175714475_2_0_0__6958&srepoch=1587183019&srpvid=b42f1d55ae5900c3&ucfs=1&from=searchresultshttps://www.booking.com;highlight_room=#hotelTmpl,booking_kaggle,2020,2020-04-24,2026-09-13T06:37:49.339055+00:00,False
hotels_00494,1478470,Khobar Palace Hotel,Al Khobar,Eastern Province,70,2,7.0,598,Standard Twin Room,2 beds (2 singles),2,,True,26.2914256986708,50.2007777988911,https://www.booking.com/hotel/sa/khobar-palace-modern.en-gb.html?aid=304142&label=gen173nr-1DCAEoggI46AdIM1gEaMQBiAECmAEJuAEJyAER2AED6AEBiAIBqAIDuAKmm9z0BcACAQ&sid=42146239dcdf1e519ee673686891723f&all_sr_blocks=147847008_187405227_2_0_0&checkin=2020-04-24&checkout=2020-04-25&dest_id=186&dest_type=country&group_adults=2&group_children=0&hapos=495&highlighted_blocks=147847008_187405227_2_0_0&hpos=20&no_rooms=1&sr_order=class_and_price&sr_pri_blocks=147847008_187405227_2_0_0__7000&srepoch=1587183019&srpvid=b42f1d55ae5900c3&ucfs=1&from=searchresultshttps://www.booking.com;highlight_room=#hotelTmpl,booking_kaggle,2020,2020-04-24,2026-09-13T06:37:49.339055+00:00,False
hotels_00495,1391354,فندق العروبة,Riyadh,Riyadh,74,2,6.4,1,King Studio,1 bed (1 large double),2,,True,24.6426229899002,46.7171455858445,https://www.booking.com/hotel/sa/al-39-oroba.en-gb.html?aid=304142&label=gen173nr-1DCAEoggI46AdIM1gEaMQBiAECmAEJuAEJyAER2AED6AEBiAIBqAIDuAKmm9z0BcACAQ&sid=42146239dcdf1e519ee673686891723f&all_sr_blocks=139135405_169497837_0_2_0&checkin=2020-04-24&checkout=2020-04-25&dest_id=186&dest_type=country&group_adults=2&group_children=0&hapos=496&highlighted_blocks=139135405_169497837_0_2_0&hpos=21&no_rooms=1&sr_order=class_and_price&sr_pri_blocks=139135405_169497837_0_2_0__7373&srepoch=1587183019&srpvid=b42f1d55ae5900c3&ucfs=1&from=searchresultshttps://www.booking.com;highlight_room=#hotelTmpl,booking_kaggle,2020,2020-04-24,2026-09-13T06:37:49.339055+00:00,False
hotels_00496,5710720,فندق حياة ريفان جدة,Jeddah,Makkah,80,2,7.9,152,Double Studio,1 bed (1 extra-large double),2,,True,21.6184024247812,39.138781885229,https://www.booking.com/hotel/sa/fndq-hy-ryfn-jd.en-gb.html?aid=304142&label=gen173nr-1DCAEoggI46AdIM1gEaMQBiAECmAEJuAEJyAER2AED6AEBiAIBqAIDuAKmm9z0BcACAQ&sid=42146239dcdf1e519ee673686891723f&all_sr_blocks=571072002_239861661_2_0_0&checkin=2020-04-24&checkout=2020-04-25&dest_id=186&dest_type=country&group_adults=2&group_children=0&hapos=497&highlighted_blocks=571072002_239861661_2_0_0&hpos=22&no_rooms=1&sr_order=class_and_price&sr_pri_blocks=571072002_239861661_2_0_0__8000&srepoch=1587183019&srpvid=b42f1d55ae5900c3&ucfs=1&from=searchresultshttps://www.booking.com;highlight_room=#hotelTmpl,booking_kaggle,2020,2020-04-24,2026-09-13T06:37:49.339055+00:00,False
hotels_00497,353094,Golden Prince Hotel Al Rabwah,Buraydah,Qassim,89,2,6.3,118,Studio,1 bed (1 large double),2,,,26.3522382826617,43.9726978540421,https://www.booking.com/hotel/sa/golden-prince-1.en-gb.html?aid=304142&label=gen173nr-1DCAEoggI46AdIM1gEaMQBiAECmAEJuAEJyAER2AED6AEBiAIBqAIDuAKmm9z0BcACAQ&sid=42146239dcdf1e519ee673686891723f&all_sr_blocks=35309401_190255459_0_42_0&checkin=2020-04-24&checkout=2020-04-25&dest_id=186&dest_type=country&group_adults=2&group_children=0&hapos=498&highlighted_blocks=35309401_190255459_0_42_0&hpos=23&no_rooms=1&sr_order=class_and_price&sr_pri_blocks=35309401_190255459_0_42_0__8900&srepoch=1587183019&srpvid=b42f1d55ae5900c3&ucfs=1&from=searchresultshttps://www.booking.com;highlight_room=#hotelTmpl,booking_kaggle,2020,2020-04-24,2026-09-13T06:37:49.339055+00:00,False
hotels_00498,5424023,OYO 285 Masharef Furnished Units In,Taif,Makkah,95,2,7.8,134,One-Bedroom Apartment,"2 beds (1 double, 1 sofa bed)",2,,True,21.2773482463265,40.4141299644527,https://www.booking.com/hotel/sa/oyo-285-masharef-furnished-units-in.en-gb.html?aid=304142&label=gen173nr-1DCAEoggI46AdIM1gEaMQBiAECmAEJuAEJyAER2AED6AEBiAIBqAIDuAKmm9z0BcACAQ&sid=42146239dcdf1e519ee673686891723f&all_sr_blocks=542402301_194464877_2_0_0&checkin=2020-04-24&checkout=2020-04-25&dest_id=186&dest_type=country&group_adults=2&group_children=0&hapos=499&highlighted_blocks=542402301_194464877_2_0_0&hpos=24&no_rooms=1&sr_order=class_and_price&sr_pri_blocks=542402301_194464877_2_0_0__9488&srepoch=1587183019&srpvid=b42f1d55ae5900c3&ucfs=1&from=searchresultshttps://www.booking.com;highlight_room=#hotelTmpl,booking_kaggle,2020,2020-04-24,2026-09-13T06:37:49.339055+00:00,False
hotels_00499,5657184,OYO 302 Maamoura,Riyadh,Riyadh,97,2,6.3,189,Twin Studio,2 beds (2 singles),2,,True,24.8135478609941,46.7868806590691,https://www.booking.com/hotel/sa/oyo-302-maamoura.en-gb.html?aid=304142&label=gen173nr-1DCAEoggI46AdIM1gEaMQBiAECmAEJuAEJyAER2AED6AEBiAIBqAIDuAKmm9z0BcACAQ&sid=42146239dcdf1e519ee673686891723f&all_sr_blocks=565718407_234215365_2_0_0&checkin=2020-04-24&checkout=2020-04-25&dest_id=186&dest_type=country&group_adults=2&group_children=0&hapos=500&highlighted_blocks=565718407_234215365_2_0_0&hpos=25&no_rooms=1&sr_order=class_and_price&sr_pri_blocks=565718407_234215365_2_0_0__9725&srepoch=1587183019&srpvid=b42f1d55ae5900c3&ucfs=1&from=searchresultshttps://www.booking.com;highlight_room=#hotelTmpl,booking_kaggle,2020,2020-04-24,2026-09-13T06:37:49.339055+00:00,False
hotels_00500,4657817,Genac Hotel Yanbu,Yanbu,Madinah,100,2,7.6,214,Deluxe Double Room,2 beds (2 singles),2,,True,24.0804432047996,38.0545384332047,https://www.booking.com/hotel/sa/genac.en-gb.html?aid=304142&label=gen173nr-1DCAEoggI46AdIM1gEaMQBiAECmAEJuAEJyAER2AED6AEBiAIBqAIDuAKmm9z0BcACAQ&sid=42146239dcdf1e519ee673686891723f&all_sr_blocks=465781702_207145082_2_0_0&checkin=2020-04-24&checkout=2020-04-25&dest_id=186&dest_type=country&group_adults=2&group_children=0&hapos=501&highlighted_blocks=465781702_207145082_2_0_0&hpos=1&no_rooms=1&sr_order=class_and_price&sr_pri_blocks=465781702_207145082_2_0_0__10000&srepoch=1587183028&srpvid=b42f1d5ac6780058&ucfs=1&from=searchresultshttps://www.booking.com;highlight_room=#hotelTmpl,booking_kaggle,2020,2020-04-24,2026-09-13T06:37:49.339055+00:00,False
hotels_00501,5404457,OYO 273 Star Yanbu Hotel Suites,Yanbu,Madinah,102,2,6.9,72,Standard Studio,1 bed (1 double),2,,True,24.1017165960127,38.0523646153222,https://www.booking.com/hotel/sa/oyo-273-star-yanbu-suites.en-gb.html?aid=304142&label=gen173nr-1DCAEoggI46AdIM1gEaMQBiAECmAEJuAEJyAER2AED6AEBiAIBqAIDuAKmm9z0BcACAQ&sid=42146239dcdf1e519ee673686891723f&all_sr_blocks=540445703_193640240_2_0_0&checkin=2020-04-24&checkout=2020-04-25&dest_id=186&dest_type=country&group_adults=2&group_children=0&hapos=502&highlighted_blocks=540445703_193640240_2_0_0&hpos=2&no_rooms=1&sr_order=class_and_price&sr_pri_blocks=540445703_193640240_2_0_0__10199&srepoch=1587183028&srpvid=b42f1d5ac6780058&ucfs=1&from=searchresultshttps://www.booking.com;highlight_room=#hotelTmpl,booking_kaggle,2020,2020-04-24,2026-09-13T06:37:49.339055+00:00,False
hotels_00502,2247819,تبوك ستار1,Tabuk,Tabuk,103,2,5.3,106,Two-Bedroom Apartment,"3 beds (2 singles, 1 large double)",4,,True,28.4073904247193,36.5788105130196,https://www.booking.com/hotel/sa/tabuk-star-for-suites-and-furnished-apartments.en-gb.html?aid=304142&label=gen173nr-1DCAEoggI46AdIM1gEaMQBiAECmAEJuAEJyAER2AED6AEBiAIBqAIDuAKmm9z0BcACAQ&sid=42146239dcdf1e519ee673686891723f&all_sr_blocks=224781902_98893564_0_0_0&checkin=2020-04-24&checkout=2020-04-25&dest_id=186&dest_type=country&group_adults=2&group_children=0&hapos=503&highlighted_blocks=224781902_98893564_0_0_0&hpos=3&no_rooms=1&sr_order=class_and_price&sr_pri_blocks=224781902_98893564_0_0_0__10300&srepoch=1587183028&srpvid=b42f1d5ac6780058&ucfs=1&from=searchresultshttps://www.booking.com;highlight_room=#hotelTmpl,booking_kaggle,2020,2020-04-24,2026-09-13T06:37:49.339055+00:00,False
hotels_00503,5554058,OYO 288 Diafati Residential Units,Al Khobar,Eastern Province,103,2,7.4,123,Standard Studio,1 bed (1 double),2,,True,26.2932779664599,50.1790417053489,https://www.booking.com/hotel/sa/oyo-288-diafati-residential-units.en-gb.html?aid=304142&label=gen173nr-1DCAEoggI46AdIM1gEaMQBiAECmAEJuAEJyAER2AED6AEBiAIBqAIDuAKmm9z0BcACAQ&sid=42146239dcdf1e519ee673686891723f&all_sr_blocks=555405801_206392156_2_2_0&checkin=2020-04-24&checkout=2020-04-25&dest_id=186&dest_type=country&group_adults=2&group_children=0&hapos=504&highlighted_blocks=555405801_206392156_2_2_0&hpos=4&no_rooms=1&sr_order=class_and_price&sr_pri_blocks=555405801_206392156_2_2_0__10339&srepoch=1587183028&srpvid=b42f1d5ac6780058&ucfs=1&from=searchresultshttps://www.booking.com;highlight_room=#hotelTmpl,booking_kaggle,2020,2020-04-24,2026-09-13T06:37:49.339055+00:00,False
hotels_00504,6157635,tuline blue,Jubail,Eastern Province,109,2,7.3,11,Standard King Room,1 bed (1 large double),2,,True,26.9800656515657,49.6551240118408,https://www.booking.com/hotel/sa/tuline-blue-al-jubail1.en-gb.html?aid=304142&label=gen173nr-1DCAEoggI46AdIM1gEaMQBiAECmAEJuAEJyAER2AED6AEBiAIBqAIDuAKmm9z0BcACAQ&sid=42146239dcdf1e519ee673686891723f&all_sr_blocks=615763501_240639940_2_0_0&checkin=2020-04-24&checkout=2020-04-25&dest_id=186&dest_type=country&group_adults=2&group_children=0&hapos=505&highlighted_blocks=615763501_240639940_2_0_0&hpos=5&no_rooms=1&sr_order=class_and_price&sr_pri_blocks=615763501_240639940_2_0_0__10900&srepoch=1587183028&srpvid=b42f1d5ac6780058&ucfs=1&from=searchresultshttps://www.booking.com;highlight_room=#hotelTmpl,booking_kaggle,2020,2020-04-24,2026-09-13T06:37:49.339055+00:00,False
hotels_00505,4832354,OYO 165 Orchida Al Hamra,Riyadh,Riyadh,111,2,7.2,467,Standard Studio Twin,1 bed (1 double),2,,True,24.6417112622236,46.7186014252395,https://www.booking.com/hotel/sa/oyo-165-orchida-al-hamra.en-gb.html?aid=304142&label=gen173nr-1DCAEoggI46AdIM1gEaMQBiAECmAEJuAEJyAER2AED6AEBiAIBqAIDuAKmm9z0BcACAQ&sid=42146239dcdf1e519ee673686891723f&all_sr_blocks=483235405_157598191_2_0_0&checkin=2020-04-24&checkout=2020-04-25&dest_id=186&dest_type=country&group_adults=2&group_children=0&hapos=506&highlighted_blocks=483235405_157598191_2_0_0&hpos=6&no_rooms=1&sr_order=class_and_price&sr_pri_blocks=483235405_157598191_2_0_0__11149&srepoch=1587183028&srpvid=b42f1d5ac6780058&ucfs=1&from=searchresultshttps://www.booking.com;highlight_room=#hotelTmpl,booking_kaggle,2020,2020-04-24,2026-09-13T06:37:49.339055+00:00,False
hotels_00506,5404900,OYO 279 Joahrat Al Taif,Taif,Makkah,113,2,8.3,262,One-Bedroom Apartment,"2 beds (1 double, 1 sofa bed)",2,,True,21.2291247084676,40.4104821947784,https://www.booking.com/hotel/sa/oyo-279-joahrat-al-taif.en-gb.html?aid=304142&label=gen173nr-1DCAEoggI46AdIM1gEaMQBiAECmAEJuAEJyAER2AED6AEBiAIBqAIDuAKmm9z0BcACAQ&sid=42146239dcdf1e519ee673686891723f&all_sr_blocks=540490001_193653696_2_0_0&checkin=2020-04-24&checkout=2020-04-25&dest_id=186&dest_type=country&group_adults=2&group_children=0&hapos=507&highlighted_blocks=540490001_193653696_2_0_0&hpos=7&no_rooms=1&sr_order=class_and_price&sr_pri_blocks=540490001_193653696_2_0_0__11331&srepoch=1587183028&srpvid=b42f1d5ac6780058&ucfs=1&from=searchresultshttps://www.booking.com;highlight_room=#hotelTmpl,booking_kaggle,2020,2020-04-24,2026-09-13T06:37:49.339055+00:00,False
hotels_00507,369200,Odst Jeddah Hotel,Jeddah,Makkah,128,2,7.4,507,Double Room,1 bed (1 extra-large double),2,,True,21.4976471370763,39.1935968399048,https://www.booking.com/hotel/sa/mokhtara-al-attas.en-gb.html?aid=304142&label=gen173nr-1DCAEoggI46AdIM1gEaMQBiAECmAEJuAEJyAER2AED6AEBiAIBqAIDuAKmm9z0BcACAQ&sid=42146239dcdf1e519ee673686891723f&all_sr_blocks=36920002_256275368_0_2_0&checkin=2020-04-24&checkout=2020-04-25&dest_id=186&dest_type=country&group_adults=2&group_children=0&hapos=508&highlighted_blocks=36920002_256275368_0_2_0&hpos=8&no_rooms=1&sr_order=class_and_price&sr_pri_blocks=36920002_256275368_0_2_0__12750&srepoch=1587183028&srpvid=b42f1d5ac6780058&ucfs=1&from=searchresultshttps://www.booking.com;highlight_room=#hotelTmpl,booking_kaggle,2020,2020-04-24,2026-09-13T06:37:49.339055+00:00,False
hotels_00508,5975484,جازان روز- Jazan Rose,Jazan,Jazan,129,2,7.1,10,Economy Twin Room,2 beds (2 singles),2,,True,16.941664,42.566022,https://www.booking.com/hotel/sa/jzn-rwz.en-gb.html?aid=304142&label=gen173nr-1DCAEoggI46AdIM1gEaMQBiAECmAEJuAEJyAER2AED6AEBiAIBqAIDuAKmm9z0BcACAQ&sid=42146239dcdf1e519ee673686891723f&all_sr_blocks=597548407_239276413_2_0_0&checkin=2020-04-24&checkout=2020-04-25&dest_id=186&dest_type=country&group_adults=2&group_children=0&hapos=509&highlighted_blocks=597548407_239276413_2_0_0&hpos=9&no_rooms=1&sr_order=class_and_price&sr_pri_blocks=597548407_239276413_2_0_0__12900&srepoch=1587183028&srpvid=b42f1d5ac6780058&ucfs=1&from=searchresultshttps://www.booking.com;highlight_room=#hotelTmpl,booking_kaggle,2020,2020-04-24,2026-09-13T06:37:49.339055+00:00,False
hotels_00509,4964863,الفهد الذهبى للوحدات الفندقيه,Yanbu,Madinah,130,2,8.4,24,Studio Apartment,1 bed (1 extra-large double),2,,True,24.1208620638277,38.0576727560566,https://www.booking.com/hotel/sa/lfhd-ldhhby-llwhdt-lfndqyh.en-gb.html?aid=304142&label=gen173nr-1DCAEoggI46AdIM1gEaMQBiAECmAEJuAEJyAER2AED6AEBiAIBqAIDuAKmm9z0BcACAQ&sid=42146239dcdf1e519ee673686891723f&all_sr_blocks=496486301_169668389_2_0_0&checkin=2020-04-24&checkout=2020-04-25&dest_id=186&dest_type=country&group_adults=2&group_children=0&hapos=510&highlighted_blocks=496486301_169668389_2_0_0&hpos=10&no_rooms=1&sr_order=class_and_price&sr_pri_blocks=496486301_169668389_2_0_0__13000&srepoch=1587183028&srpvid=b42f1d5ac6780058&ucfs=1&from=searchresultshttps://www.booking.com;highlight_room=#hotelTmpl,booking_kaggle,2020,2020-04-24,2026-09-13T06:37:49.339055+00:00,False
hotels_00510,6208867,كما للوحدات السكنيه,Al ‘Awālī,,130,2,,,Studio - Split Level,3 beds (3 doubles),6,,True,24.463916,39.638042,https://www.booking.com/hotel/sa/km-llwhdt-lsknyh.en-gb.html?aid=304142&label=gen173nr-1DCAEoggI46AdIM1gEaMQBiAECmAEJuAEJyAER2AED6AEBiAIBqAIDuAKmm9z0BcACAQ&sid=42146239dcdf1e519ee673686891723f&all_sr_blocks=620886702_242170942_6_0_0&checkin=2020-04-24&checkout=2020-04-25&dest_id=186&dest_type=country&group_adults=2&group_children=0&hapos=511&highlighted_blocks=620886702_242170942_6_0_0&hpos=11&no_rooms=1&sr_order=class_and_price&sr_pri_blocks=620886702_242170942_6_0_0__13000&srepoch=1587183028&srpvid=b42f1d5ac6780058&ucfs=1&from=searchresultshttps://www.booking.com;highlight_room=#hotelTmpl,booking_kaggle,2020,2020-04-24,2026-09-13T06:37:49.339055+00:00,False
hotels_00511,402430,Tathleeth Palace,Tathleeth,Asir,130,2,4.8,8,Standard Twin Room,2 beds (2 singles),2,,True,19.541806499482,43.5219338536263,https://www.booking.com/hotel/sa/tathleeth-palace.en-gb.html?aid=304142&label=gen173nr-1DCAEoggI46AdIM1gEaMQBiAECmAEJuAEJyAER2AED6AEBiAIBqAIDuAKmm9z0BcACAQ&sid=42146239dcdf1e519ee673686891723f&all_sr_blocks=40243002_226099812_0_0_0&checkin=2020-04-24&checkout=2020-04-25&dest_id=186&dest_type=country&group_adults=2&group_children=0&hapos=512&highlighted_blocks=40243002_226099812_0_0_0&hpos=12&no_rooms=1&sr_order=class_and_price&sr_pri_blocks=40243002_226099812_0_0_0__13000&srepoch=1587183028&srpvid=b42f1d5ac6780058&ucfs=1&from=searchresultshttps://www.booking.com;highlight_room=#hotelTmpl,booking_kaggle,2020,2020-04-24,2026-09-13T06:37:49.339055+00:00,False
hotels_00512,3601007,Jazan Heart Hotel,Jazan,Jazan,135,2,7.8,198,Deluxe Room,2 beds (2 singles),2,,True,16.8917638127799,42.5582824827117,https://www.booking.com/hotel/sa/fndq-qlb-jzn.en-gb.html?aid=304142&label=gen173nr-1DCAEoggI46AdIM1gEaMQBiAECmAEJuAEJyAER2AED6AEBiAIBqAIDuAKmm9z0BcACAQ&sid=42146239dcdf1e519ee673686891723f&all_sr_blocks=360100701_118609787_2_0_0&checkin=2020-04-24&checkout=2020-04-25&dest_id=186&dest_type=country&group_adults=2&group_children=0&hapos=513&highlighted_blocks=360100701_118609787_2_0_0&hpos=13&no_rooms=1&sr_order=class_and_price&sr_pri_blocks=360100701_118609787_2_0_0__13500&srepoch=1587183028&srpvid=b42f1d5ac6780058&ucfs=1&from=searchresultshttps://www.booking.com;highlight_room=#hotelTmpl,booking_kaggle,2020,2020-04-24,2026-09-13T06:37:49.339055+00:00,False
hotels_00513,2049166,Aliqbal Hotel,Al Khobar,Eastern Province,140,2,6.7,83,Standard Double Room,1 bed (1 extra-large double),2,,True,26.2830603822946,50.2109017968178,https://www.booking.com/hotel/sa/aliqbal.en-gb.html?aid=304142&label=gen173nr-1DCAEoggI46AdIM1gEaMQBiAECmAEJuAEJyAER2AED6AEBiAIBqAIDuAKmm9z0BcACAQ&sid=42146239dcdf1e519ee673686891723f&all_sr_blocks=204916605_95676422_0_2_0&checkin=2020-04-24&checkout=2020-04-25&dest_id=186&dest_type=country&group_adults=2&group_children=0&hapos=514&highlighted_blocks=204916605_95676422_0_2_0&hpos=14&no_rooms=1&sr_order=class_and_price&sr_pri_blocks=204916605_95676422_0_2_0__14000&srepoch=1587183028&srpvid=b42f1d5ac6780058&ucfs=1&from=searchresultshttps://www.booking.com;highlight_room=#hotelTmpl,booking_kaggle,2020,2020-04-24,2026-09-13T06:37:49.339055+00:00,False
hotels_00514,5560850,Kayan Al Taif Hotel,Taif,Makkah,144,2,8.7,513,Superior King Room,1 bed (1 extra-large double),2,,True,21.2945329816798,40.4350820515899,https://www.booking.com/hotel/sa/kyn-lty-f-llwhdt-lskny.en-gb.html?aid=304142&label=gen173nr-1DCAEoggI46AdIM1gEaMQBiAECmAEJuAEJyAER2AED6AEBiAIBqAIDuAKmm9z0BcACAQ&sid=42146239dcdf1e519ee673686891723f&all_sr_blocks=556085001_232025449_2_0_0&checkin=2020-04-24&checkout=2020-04-25&dest_id=186&dest_type=country&group_adults=2&group_children=0&hapos=515&highlighted_blocks=556085001_232025449_2_0_0&hpos=15&no_rooms=1&sr_order=class_and_price&sr_pri_blocks=556085001_232025449_2_0_0__14418&srepoch=1587183028&srpvid=b42f1d5ac6780058&ucfs=1&from=searchresultshttps://www.booking.com;highlight_room=#hotelTmpl,booking_kaggle,2020,2020-04-24,2026-09-13T06:37:49.339055+00:00,False
hotels_00515,2798404,ROSHAN ALdar Faqeeh Inn,Makkah,Makkah,150,2,7.7,385,Quadruple Room with Private Bathroom,4 beds (4 singles),4,,,21.3851734111117,39.8320256749867,https://www.booking.com/hotel/sa/rwshn-ldr.en-gb.html?aid=304142&label=gen173nr-1DCAEoggI46AdIM1gEaMQBiAECmAEJuAEJyAER2AED6AEBiAIBqAIDuAKmm9z0BcACAQ&sid=42146239dcdf1e519ee673686891723f&all_sr_blocks=279840402_107098548_0_0_0&checkin=2020-04-24&checkout=2020-04-25&dest_id=186&dest_type=country&group_adults=2&group_children=0&hapos=516&highlighted_blocks=279840402_107098548_0_0_0&hpos=16&no_rooms=1&sr_order=class_and_price&sr_pri_blocks=279840402_107098548_0_0_0__15000&srepoch=1587183028&srpvid=b42f1d5ac6780058&ucfs=1&from=searchresultshttps://www.booking.com;highlight_room=#hotelTmpl,booking_kaggle,2020,2020-04-24,2026-09-13T06:37:49.339055+00:00,False
hotels_00516,5276179,Durrat Manzli ApartHotel,Al Khobar,Eastern Province,160,2,8.2,82,Deluxe Double Room,1 bed (1 double),2,,True,26.1797336471911,50.1851109747772,https://www.booking.com/hotel/sa/dr-mnzly-llshqq-lfndqy-lkhbr.en-gb.html?aid=304142&label=gen173nr-1DCAEoggI46AdIM1gEaMQBiAECmAEJuAEJyAER2AED6AEBiAIBqAIDuAKmm9z0BcACAQ&sid=42146239dcdf1e519ee673686891723f&all_sr_blocks=527617901_190530931_2_0_0&checkin=2020-04-24&checkout=2020-04-25&dest_id=186&dest_type=country&group_adults=2&group_children=0&hapos=517&highlighted_blocks=527617901_190530931_2_0_0&hpos=17&no_rooms=1&sr_order=class_and_price&sr_pri_blocks=527617901_190530931_2_0_0__16000&srepoch=1587183028&srpvid=b42f1d5ac6780058&ucfs=1&from=searchresultshttps://www.booking.com;highlight_room=#hotelTmpl,booking_kaggle,2020,2020-04-24,2026-09-13T06:37:49.339055+00:00,False
hotels_00517,3637210,Hayat Alasayal Hotel,Jeddah,Makkah,160,2,7.9,74,Deluxe Double Room,1 bed (1 extra-large double),2,,,21.573095,39.158212,https://www.booking.com/hotel/sa/hayat-al-aseel.en-gb.html?aid=304142&label=gen173nr-1DCAEoggI46AdIM1gEaMQBiAECmAEJuAEJyAER2AED6AEBiAIBqAIDuAKmm9z0BcACAQ&sid=42146239dcdf1e519ee673686891723f&all_sr_blocks=363721007_127559200_0_2_0&checkin=2020-04-24&checkout=2020-04-25&dest_id=186&dest_type=country&group_adults=2&group_children=0&hapos=518&highlighted_blocks=363721007_127559200_0_2_0&hpos=18&no_rooms=1&sr_order=class_and_price&sr_pri_blocks=363721007_127559200_0_2_0__16000&srepoch=1587183028&srpvid=b42f1d5ac6780058&ucfs=1&from=searchresultshttps://www.booking.com;highlight_room=#hotelTmpl,booking_kaggle,2020,2020-04-24,2026-09-13T06:37:49.339055+00:00,False
hotels_00518,1808064,Almudawah Hotel,Ţurayf,Northern Borders,160,2,8.5,66,Budget Double Room,2 beds (2 large doubles),2,True,True,31.6768565716084,38.6643540859222,https://www.booking.com/hotel/sa/almudawah.en-gb.html?aid=304142&label=gen173nr-1DCAEoggI46AdIM1gEaMQBiAECmAEJuAEJyAER2AED6AEBiAIBqAIDuAKmm9z0BcACAQ&sid=42146239dcdf1e519ee673686891723f&all_sr_blocks=180806415_200635039_0_1_0&checkin=2020-04-24&checkout=2020-04-25&dest_id=186&dest_type=country&group_adults=2&group_children=0&hapos=519&highlighted_blocks=180806415_200635039_0_1_0&hpos=19&no_rooms=1&sr_order=class_and_price&sr_pri_blocks=180806415_200635039_0_1_0__16000&srepoch=1587183028&srpvid=b42f1d5ac6780058&ucfs=1&from=searchresultshttps://www.booking.com;highlight_room=#hotelTmpl,booking_kaggle,2020,2020-04-24,2026-09-13T06:37:49.339055+00:00,False
hotels_00519,4979502,فندق الشرق,Al Jubayl,Eastern Province,160,2,7.0,8,Double Room,2 beds (2 singles),2,,True,27.0132429209278,49.659017583664,https://www.booking.com/hotel/sa/fndq-lshrq.en-gb.html?aid=304142&label=gen173nr-1DCAEoggI46AdIM1gEaMQBiAECmAEJuAEJyAER2AED6AEBiAIBqAIDuAKmm9z0BcACAQ&sid=42146239dcdf1e519ee673686891723f&all_sr_blocks=497950202_231372327_2_2_0&checkin=2020-04-24&checkout=2020-04-25&dest_id=186&dest_type=country&group_adults=2&group_children=0&hapos=520&highlighted_blocks=497950202_231372327_2_2_0&hpos=20&no_rooms=1&sr_order=class_and_price&sr_pri_blocks=497950202_231372327_2_2_0__16000&srepoch=1587183028&srpvid=b42f1d5ac6780058&ucfs=1&from=searchresultshttps://www.booking.com;highlight_room=#hotelTmpl,booking_kaggle,2020,2020-04-24,2026-09-13T06:37:49.339055+00:00,False
hotels_00520,2185121,Royal El Naser Hotel,Al Khobar,Eastern Province,160,2,6.5,104,Budget Double Room,2 beds (2 singles),2,,,26.296725027334,50.2004277706146,https://www.booking.com/hotel/sa/royal-el-naser.en-gb.html?aid=304142&label=gen173nr-1DCAEoggI46AdIM1gEaMQBiAECmAEJuAEJyAER2AED6AEBiAIBqAIDuAKmm9z0BcACAQ&sid=42146239dcdf1e519ee673686891723f&all_sr_blocks=218512112_174414597_0_42_0&checkin=2020-04-24&checkout=2020-04-25&dest_id=186&dest_type=country&group_adults=2&group_children=0&hapos=521&highlighted_blocks=218512112_174414597_0_42_0&hpos=21&no_rooms=1&sr_order=class_and_price&sr_pri_blocks=218512112_174414597_0_42_0__16000&srepoch=1587183028&srpvid=b42f1d5ac6780058&ucfs=1&from=searchresultshttps://www.booking.com;highlight_room=#hotelTmpl,booking_kaggle,2020,2020-04-24,2026-09-13T06:37:49.339055+00:00,False
hotels_00521,5017432,Swiss Blue 2,Jeddah,Makkah,168,2,8.3,214,Studio,1 bed (1 large double),2,,True,21.565599,39.242883,https://www.booking.com/hotel/sa/swiss-blue-2-swys-blw.en-gb.html?aid=304142&label=gen173nr-1DCAEoggI46AdIM1gEaMQBiAECmAEJuAEJyAER2AED6AEBiAIBqAIDuAKmm9z0BcACAQ&sid=42146239dcdf1e519ee673686891723f&all_sr_blocks=501743203_236267766_0_0_0&checkin=2020-04-24&checkout=2020-04-25&dest_id=186&dest_type=country&group_adults=2&group_children=0&hapos=522&highlighted_blocks=501743203_236267766_0_0_0&hpos=22&no_rooms=1&sr_order=class_and_price&sr_pri_blocks=501743203_236267766_0_0_0__16800&srepoch=1587183028&srpvid=b42f1d5ac6780058&ucfs=1&from=searchresultshttps://www.booking.com;highlight_room=#hotelTmpl,booking_kaggle,2020,2020-04-24,2026-09-13T06:37:49.339055+00:00,False
hotels_00522,1686481,Safwat Al Amal Hotel,Al Hada,Makkah,171,2,7.9,363,Studio with City View,1 bed (1 extra-large double),2,,,21.3506366590807,40.2977887984162,https://www.booking.com/hotel/sa/safwat-al-amal.en-gb.html?aid=304142&label=gen173nr-1DCAEoggI46AdIM1gEaMQBiAECmAEJuAEJyAER2AED6AEBiAIBqAIDuAKmm9z0BcACAQ&sid=42146239dcdf1e519ee673686891723f&all_sr_blocks=168648107_89776537_0_0_0&checkin=2020-04-24&checkout=2020-04-25&dest_id=186&dest_type=country&group_adults=2&group_children=0&hapos=523&highlighted_blocks=168648107_89776537_0_0_0&hpos=23&no_rooms=1&sr_order=class_and_price&sr_pri_blocks=168648107_89776537_0_0_0__17100&srepoch=1587183028&srpvid=b42f1d5ac6780058&ucfs=1&from=searchresultshttps://www.booking.com;highlight_room=#hotelTmpl,booking_kaggle,2020,2020-04-24,2026-09-13T06:37:49.339055+00:00,False
hotels_00523,5439685,Mirage Hotel,Jazan,Jazan,176,2,7.8,83,Deluxe Twin Room,2 beds (2 singles),2,,True,16.8870449647588,42.5796836127892,https://www.booking.com/hotel/sa/fndq-myrj.en-gb.html?aid=304142&label=gen173nr-1DCAEoggI46AdIM1gEaMQBiAECmAEJuAEJyAER2AED6AEBiAIBqAIDuAKmm9z0BcACAQ&sid=42146239dcdf1e519ee673686891723f&all_sr_blocks=543968502_220758091_2_0_0&checkin=2020-04-24&checkout=2020-04-25&dest_id=186&dest_type=country&group_adults=2&group_children=0&hapos=524&highlighted_blocks=543968502_220758091_2_0_0&hpos=24&no_rooms=1&sr_order=class_and_price&sr_pri_blocks=543968502_220758091_2_0_0__17600&srepoch=1587183028&srpvid=b42f1d5ac6780058&ucfs=1&from=searchresultshttps://www.booking.com;highlight_room=#hotelTmpl,booking_kaggle,2020,2020-04-24,2026-09-13T06:37:49.339055+00:00,False
hotels_00524,242992,Al Nimran Hotel,Al Khobar,Eastern Province,178,2,6.4,100,Deluxe Double or Twin Room,2 beds (2 singles),2,,True,26.3018912638849,50.2116769552231,https://www.booking.com/hotel/sa/al-nimran.en-gb.html?aid=304142&label=gen173nr-1DCAEoggI46AdIM1gEaMQBiAECmAEJuAEJyAER2AED6AEBiAIBqAIDuAKmm9z0BcACAQ&sid=42146239dcdf1e519ee673686891723f&all_sr_blocks=24299227_199954558_2_42_0&checkin=2020-04-24&checkout=2020-04-25&dest_id=186&dest_type=country&group_adults=2&group_children=0&hapos=525&highlighted_blocks=24299227_199954558_2_42_0&hpos=25&no_rooms=1&sr_order=class_and_price&sr_pri_blocks=24299227_199954558_2_42_0__17820&srepoch=1587183028&srpvid=b42f1d5ac6780058&ucfs=1&from=searchresultshttps://www.booking.com;highlight_room=#hotelTmpl,booking_kaggle,2020,2020-04-24,2026-09-13T06:37:49.339055+00:00,False
hotels_00525,3748872,Shafa Abha Hotel,Abha,Asir,200,2,6.9,821,Double or Twin Room,2 beds (2 singles),2,True,True,18.1949281305258,42.5206997036744,https://www.booking.com/hotel/sa/shafa-abha-abha.en-gb.html?aid=304142&label=gen173nr-1DCAEoggI46AdIM1gEaMQBiAECmAEJuAEJyAER2AED6AEBiAIBqAIDuAKmm9z0BcACAQ&sid=42146239dcdf1e519ee673686891723f&all_sr_blocks=374887202_198461998_2_41_0&checkin=2020-04-24&checkout=2020-04-25&dest_id=186&dest_type=country&group_adults=2&group_children=0&hapos=526&highlighted_blocks=374887202_198461998_2_41_0&hpos=1&no_rooms=1&sr_order=class_and_price&sr_pri_blocks=374887202_198461998_2_41_0__20000&srepoch=1587183036&srpvid=b42f1d5ec7130055&ucfs=1&from=searchresultshttps://www.booking.com;highlight_room=#hotelTmpl,booking_kaggle,2020,2020-04-24,2026-09-13T06:37:49.339055+00:00,False
hotels_00526,5062827,فندق الحمدان,Tabuk,Tabuk,225,2,8.5,19,Standard Double Room,"2 beds (1 single, 1 large double)",2,True,True,28.405116,36.588094,https://www.booking.com/hotel/sa/fndq-lhmdn.en-gb.html?aid=304142&label=gen173nr-1DCAEoggI46AdIM1gEaMQBiAECmAEJuAEJyAER2AED6AEBiAIBqAIDuAKmm9z0BcACAQ&sid=42146239dcdf1e519ee673686891723f&all_sr_blocks=506282703_195256629_2_1_0&checkin=2020-04-24&checkout=2020-04-25&dest_id=186&dest_type=country&group_adults=2&group_children=0&hapos=527&highlighted_blocks=506282703_195256629_2_1_0&hpos=2&no_rooms=1&sr_order=class_and_price&sr_pri_blocks=506282703_195256629_2_1_0__22500&srepoch=1587183036&srpvid=b42f1d5ec7130055&ucfs=1&from=searchresultshttps://www.booking.com;highlight_room=#hotelTmpl,booking_kaggle,2020,2020-04-24,2026-09-13T06:37:49.339055+00:00,False
hotels_00527,5717473,فندق قصر الخليج,Riyadh,Riyadh,226,2,8.2,47,Family Studio,,2,,True,24.7793812851691,46.8254309194489,https://www.booking.com/hotel/sa/fndq-qsr-lkhlyj.en-gb.html?aid=304142&label=gen173nr-1DCAEoggI46AdIM1gEaMQBiAECmAEJuAEJyAER2AED6AEBiAIBqAIDuAKmm9z0BcACAQ&sid=42146239dcdf1e519ee673686891723f&all_sr_blocks=571747304_219277677_2_0_0&checkin=2020-04-24&checkout=2020-04-25&dest_id=186&dest_type=country&group_adults=2&group_children=0&hapos=528&highlighted_blocks=571747304_219277677_2_0_0&hpos=3&no_rooms=1&sr_order=class_and_price&sr_pri_blocks=571747304_219277677_2_0_0__22600&srepoch=1587183036&srpvid=b42f1d5ec7130055&ucfs=1&from=searchresultshttps://www.booking.com;highlight_room=#hotelTmpl,booking_kaggle,2020,2020-04-24,2026-09-13T06:37:49.339055+00:00,False
hotels_00528,352142,Al Hyatt Jeddah Continental Hotel,Jeddah,Makkah,230,2,7.8,1,Hyatt Twin Deluxe,2 beds (2 singles),2,,True,21.5287017460032,39.1921055316925,https://www.booking.com/hotel/sa/al-hyatt-jeddah-continental.en-gb.html?aid=304142&label=gen173nr-1DCAEoggI46AdIM1gEaMQBiAECmAEJuAEJyAER2AED6AEBiAIBqAIDuAKmm9z0BcACAQ&sid=42146239dcdf1e519ee673686891723f&all_sr_blocks=35214211_195193315_0_42_0&checkin=2020-04-24&checkout=2020-04-25&dest_id=186&dest_type=country&group_adults=2&group_children=0&hapos=529&highlighted_blocks=35214211_195193315_0_42_0&hpos=4&no_rooms=1&sr_order=class_and_price&sr_pri_blocks=35214211_195193315_0_42_0__23000&srepoch=1587183036&srpvid=b42f1d5ec7130055&ucfs=1&from=searchresultshttps://www.booking.com;highlight_room=#hotelTmpl,booking_kaggle,2020,2020-04-24,2026-09-13T06:37:49.339055+00:00,False
hotels_00529,5765393,OYO 326 Barjas Furnished Apartment,Al Fanātīr,,232,2,6.1,53,Standard Studio,1 bed (1 extra-large double),2,,True,27.1321818143471,49.5694719828034,https://www.booking.com/hotel/sa/oyo-326-barjas-furnished-apartment.en-gb.html?aid=304142&label=gen173nr-1DCAEoggI46AdIM1gEaMQBiAECmAEJuAEJyAER2AED6AEBiAIBqAIDuAKmm9z0BcACAQ&sid=42146239dcdf1e519ee673686891723f&all_sr_blocks=576539302_222704826_2_0_0&checkin=2020-04-24&checkout=2020-04-25&dest_id=186&dest_type=country&group_adults=2&group_children=0&hapos=530&highlighted_blocks=576539302_222704826_2_0_0&hpos=5&no_rooms=1&sr_order=class_and_price&sr_pri_blocks=576539302_222704826_2_0_0__23246&srepoch=1587183036&srpvid=b42f1d5ec7130055&ucfs=1&from=searchresultshttps://www.booking.com;highlight_room=#hotelTmpl,booking_kaggle,2020,2020-04-24,2026-09-13T06:37:49.339055+00:00,False
hotels_00530,2700515,Al Kamil Hotel,Al Kāmil,,250,2,8.9,24,Double or Twin Room,1 bed (1 extra-large double),2,,True,22.306486,39.82786,https://www.booking.com/hotel/sa/al-kamil.en-gb.html?aid=304142&label=gen173nr-1DCAEoggI46AdIM1gEaMQBiAECmAEJuAEJyAER2AED6AEBiAIBqAIDuAKmm9z0BcACAQ&sid=42146239dcdf1e519ee673686891723f&all_sr_blocks=270051501_106167832_2_0_0&checkin=2020-04-24&checkout=2020-04-25&dest_id=186&dest_type=country&group_adults=2&group_children=0&hapos=531&highlighted_blocks=270051501_106167832_2_0_0&hpos=6&no_rooms=1&sr_order=class_and_price&sr_pri_blocks=270051501_106167832_2_0_0__25000&srepoch=1587183036&srpvid=b42f1d5ec7130055&ucfs=1&from=searchresultshttps://www.booking.com;highlight_room=#hotelTmpl,booking_kaggle,2020,2020-04-24,2026-09-13T06:37:49.339055+00:00,False
hotels_00531,4331417,كروان الشرق,Dammam,Eastern Province,250,2,7.0,4,Two-Bedroom Apartment,"5 beds (2 singles, 2 sofa beds, 1 large double)",3,,True,26.372714,50.063645,https://www.booking.com/hotel/sa/krwn-lshrq.en-gb.html?aid=304142&label=gen173nr-1DCAEoggI46AdIM1gEaMQBiAECmAEJuAEJyAER2AED6AEBiAIBqAIDuAKmm9z0BcACAQ&sid=42146239dcdf1e519ee673686891723f&all_sr_blocks=433141703_141376144_3_0_0&checkin=2020-04-24&checkout=2020-04-25&dest_id=186&dest_type=country&group_adults=2&group_children=0&hapos=532&highlighted_blocks=433141703_141376144_3_0_0&hpos=7&no_rooms=1&sr_order=class_and_price&sr_pri_blocks=433141703_141376144_3_0_0__25000&srepoch=1587183036&srpvid=b42f1d5ec7130055&ucfs=1&from=searchresultshttps://www.booking.com;highlight_room=#hotelTmpl,booking_kaggle,2020,2020-04-24,2026-09-13T06:37:49.339055+00:00,False
hotels_00532,69835,Golden Hotel,Jeddah,Makkah,260,2,7.0,220,Deluxe Double or Twin Room,2 beds (2 singles),2,,,21.490113,39.197217,https://www.booking.com/hotel/sa/grand-golden-jeddah.en-gb.html?aid=304142&label=gen173nr-1DCAEoggI46AdIM1gEaMQBiAECmAEJuAEJyAER2AED6AEBiAIBqAIDuAKmm9z0BcACAQ&sid=42146239dcdf1e519ee673686891723f&all_sr_blocks=6983504_91905694_0_2_0&checkin=2020-04-24&checkout=2020-04-25&dest_id=186&dest_type=country&group_adults=2&group_children=0&hapos=533&highlighted_blocks=6983504_91905694_0_2_0&hpos=8&no_rooms=1&sr_order=class_and_price&sr_pri_blocks=6983504_91905694_0_2_0__26047&srepoch=1587183036&srpvid=b42f1d5ec7130055&ucfs=1&from=searchresultshttps://www.booking.com;highlight_room=#hotelTmpl,booking_kaggle,2020,2020-04-24,2026-09-13T06:37:49.339055+00:00,False
hotels_00533,328017,Le Meridien Al Hada,Al Hada,Makkah,288,2,7.4,638,"Standard, Guest room, 2 Twin/Single Bed(s)",2 beds (2 singles),2,,True,21.359129650289,40.2749133110046,https://www.booking.com/hotel/sa/le-meridien-al-hada.en-gb.html?aid=304142&label=gen173nr-1DCAEoggI46AdIM1gEaMQBiAECmAEJuAEJyAER2AED6AEBiAIBqAIDuAKmm9z0BcACAQ&sid=42146239dcdf1e519ee673686891723f&all_sr_blocks=32801711_251379046_0_0_0&checkin=2020-04-24&checkout=2020-04-25&dest_id=186&dest_type=country&group_adults=2&group_children=0&hapos=534&highlighted_blocks=32801711_251379046_0_0_0&hpos=9&no_rooms=1&sr_order=class_and_price&sr_pri_blocks=32801711_251379046_0_0_0__28797&srepoch=1587183036&srpvid=b42f1d5ec7130055&ucfs=1&from=searchresultshttps://www.booking.com;highlight_room=#hotelTmpl,booking_kaggle,2020,2020-04-24,2026-09-13T06:37:49.339055+00:00,False
hotels_00534,5239469,Nada Al Salam Hotel فندق ندى السلام,Madinah,Madinah,290,2,5.9,122,Quadruple Room,4 beds (4 singles),4,,,24.4656960501775,39.6047525217818,https://www.booking.com/hotel/sa/nd-lslm.en-gb.html?aid=304142&label=gen173nr-1DCAEoggI46AdIM1gEaMQBiAECmAEJuAEJyAER2AED6AEBiAIBqAIDuAKmm9z0BcACAQ&sid=42146239dcdf1e519ee673686891723f&all_sr_blocks=523946904_239432451_0_0_0&checkin=2020-04-24&checkout=2020-04-25&dest_id=186&dest_type=country&group_adults=2&group_children=0&hapos=535&highlighted_blocks=523946904_239432451_0_0_0&hpos=10&no_rooms=1&sr_order=class_and_price&sr_pri_blocks=523946904_239432451_0_0_0__29000&srepoch=1587183036&srpvid=b42f1d5ec7130055&ucfs=1&from=searchresultshttps://www.booking.com;highlight_room=#hotelTmpl,booking_kaggle,2020,2020-04-24,2026-09-13T06:37:49.339055+00:00,False
hotels_00535,6344693,Landmark Furnished Units,Jeddah,Makkah,315,2,,,Deluxe Room,"3 beds (2 singles, 1 extra-large double)",3,,,21.608416,39.139955,https://www.booking.com/hotel/sa/landmark-furnished-units.en-gb.html?aid=304142&label=gen173nr-1DCAEoggI46AdIM1gEaMQBiAECmAEJuAEJyAER2AED6AEBiAIBqAIDuAKmm9z0BcACAQ&sid=42146239dcdf1e519ee673686891723f&all_sr_blocks=634469302_247433952_3_2_0&checkin=2020-04-24&checkout=2020-04-25&dest_id=186&dest_type=country&group_adults=2&group_children=0&hapos=536&highlighted_blocks=634469302_247433952_3_2_0&hpos=11&no_rooms=1&sr_order=class_and_price&sr_pri_blocks=634469302_247433952_3_2_0__31500&srepoch=1587183036&srpvid=b42f1d5ec7130055&ucfs=1&from=searchresultshttps://www.booking.com;highlight_room=#hotelTmpl,booking_kaggle,2020,2020-04-24,2026-09-13T06:37:49.339055+00:00,False
hotels_00536,5288414,OYO 246 Hotel Hadeel Al Motamayezah,Jeddah,Makkah,328,2,7.7,339,Two-Bedroom Deluxe Apartment,2 beds (2 doubles),5,,True,21.5176508185687,39.2230239067459,https://www.booking.com/hotel/sa/oyo-246-hadeel-al-motamayezah.en-gb.html?aid=304142&label=gen173nr-1DCAEoggI46AdIM1gEaMQBiAECmAEJuAEJyAER2AED6AEBiAIBqAIDuAKmm9z0BcACAQ&sid=42146239dcdf1e519ee673686891723f&all_sr_blocks=528841403_186605555_5_0_0&checkin=2020-04-24&checkout=2020-04-25&dest_id=186&dest_type=country&group_adults=2&group_children=0&hapos=537&highlighted_blocks=528841403_186605555_5_0_0&hpos=12&no_rooms=1&sr_order=class_and_price&sr_pri_blocks=528841403_186605555_5_0_0__32786&srepoch=1587183036&srpvid=b42f1d5ec7130055&ucfs=1&from=searchresultshttps://www.booking.com;highlight_room=#hotelTmpl,booking_kaggle,2020,2020-04-24,2026-09-13T06:37:49.339055+00:00,False
hotels_00537,1703107,Al Battal Hotel,Makkah,Makkah,360,2,7.0,459,Twin Room,2 beds (2 singles),2,,,21.4177983393226,39.829036295414,https://www.booking.com/hotel/sa/al-battal.en-gb.html?aid=304142&label=gen173nr-1DCAEoggI46AdIM1gEaMQBiAECmAEJuAEJyAER2AED6AEBiAIBqAIDuAKmm9z0BcACAQ&sid=42146239dcdf1e519ee673686891723f&all_sr_blocks=170310703_91173657_2_0_0&checkin=2020-04-24&checkout=2020-04-25&dest_id=186&dest_type=country&group_adults=2&group_children=0&hapos=538&highlighted_blocks=170310703_91173657_2_0_0&hpos=13&no_rooms=1&sr_order=class_and_price&sr_pri_blocks=170310703_91173657_2_0_0__36000&srepoch=1587183036&srpvid=b42f1d5ec7130055&ucfs=1&from=searchresultshttps://www.booking.com;highlight_room=#hotelTmpl,booking_kaggle,2020,2020-04-24,2026-09-13T06:37:49.339055+00:00,False
hotels_00538,6289924,المرفا,Qal'At Bishah,,400,2,,,Two-Bedroom Apartment,3 beds (3 sofa beds),7,,True,20.005275,42.61182,https://www.booking.com/hotel/sa/lmrf.en-gb.html?aid=304142&label=gen173nr-1DCAEoggI46AdIM1gEaMQBiAECmAEJuAEJyAER2AED6AEBiAIBqAIDuAKmm9z0BcACAQ&sid=42146239dcdf1e519ee673686891723f&all_sr_blocks=628992402_245132783_7_0_0&checkin=2020-04-24&checkout=2020-04-25&dest_id=186&dest_type=country&group_adults=2&group_children=0&hapos=539&highlighted_blocks=628992402_245132783_7_0_0&hpos=14&no_rooms=1&sr_order=class_and_price&sr_pri_blocks=628992402_245132783_7_0_0__40000&srepoch=1587183036&srpvid=b42f1d5ec7130055&ucfs=1&from=searchresultshttps://www.booking.com;highlight_room=#hotelTmpl,booking_kaggle,2020,2020-04-24,2026-09-13T06:37:49.339055+00:00,False
hotels_00539,3557325,Roaya Rawaabi Ajyad,Makkah,Makkah,420,2,7.9,19,Quadruple Room,4 beds (4 singles),4,,,21.4097903269806,39.8291647946205,https://www.booking.com/hotel/sa/rw-y-rwby-jyd.en-gb.html?aid=304142&label=gen173nr-1DCAEoggI46AdIM1gEaMQBiAECmAEJuAEJyAER2AED6AEBiAIBqAIDuAKmm9z0BcACAQ&sid=42146239dcdf1e519ee673686891723f&all_sr_blocks=355732501_118162695_4_0_0&checkin=2020-04-24&checkout=2020-04-25&dest_id=186&dest_type=country&group_adults=2&group_children=0&hapos=540&highlighted_blocks=355732501_118162695_4_0_0&hpos=15&no_rooms=1&sr_order=class_and_price&sr_pri_blocks=355732501_118162695_4_0_0__42000&srepoch=1587183036&srpvid=b42f1d5ec7130055&ucfs=1&from=searchresultshttps://www.booking.com;highlight_room=#hotelTmpl,booking_kaggle,2020,2020-04-24,2026-09-13T06:37:49.339055+00:00,False
hotels_00540,5085911,The New Address Hotel,Al Majmaah,Riyadh,631,2,7.7,545,Deluxe Studio Twin,1 bed (1 extra-large double),2,,,25.8892810673488,45.3577512634849,https://www.booking.com/hotel/sa/oyo-227-the-new-address.en-gb.html?aid=304142&label=gen173nr-1DCAEoggI46AdIM1gEaMQBiAECmAEJuAEJyAER2AED6AEBiAIBqAIDuAKmm9z0BcACAQ&sid=42146239dcdf1e519ee673686891723f&all_sr_blocks=508591105_242312297_0_0_0&checkin=2020-04-24&checkout=2020-04-25&dest_id=186&dest_type=country&group_adults=2&group_children=0&hapos=541&highlighted_blocks=508591105_242312297_0_0_0&hpos=16&no_rooms=1&sr_order=class_and_price&sr_pri_blocks=508591105_242312297_0_0_0__63066&srepoch=1587183036&srpvid=b42f1d5ec7130055&ucfs=1&from=searchresultshttps://www.booking.com;highlight_room=;has_campaign_deals_breakaway20_customer_label=1#hotelTmpl,booking_kaggle,2020,2020-04-24,2026-09-13T06:37:49.339055+00:00,False
hotels_00541,5658276,OYO 307 Jubail Rose,Al Jubayl,Eastern Province,7907,2,,,One-Bedroom Apartment,1 bed (1 double),3,,True,26.989835,49.656016,https://www.booking.com/hotel/sa/oyo-307-jubail-rose.en-gb.html?aid=304142&label=gen173nr-1DCAEoggI46AdIM1gEaMQBiAECmAEJuAEJyAER2AED6AEBiAIBqAIDuAKmm9z0BcACAQ&sid=42146239dcdf1e519ee673686891723f&all_sr_blocks=565827602_214656183_3_0_0&checkin=2020-04-24&checkout=2020-04-25&dest_id=186&dest_type=country&group_adults=2&group_children=0&hapos=542&highlighted_blocks=565827602_214656183_3_0_0&hpos=17&no_rooms=1&sr_order=class_and_price&sr_pri_blocks=565827602_214656183_3_0_0__790697&srepoch=1587183036&srpvid=b42f1d5ec7130055&ucfs=1&from=searchresultshttps://www.booking.com;highlight_room=#hotelTmpl,booking_kaggle,2020,2020-04-24,2026-09-13T06:37:49.339055+00:00,False
hotels_00542,6197452,برج مروية الخليل,Makkah,Makkah,50,1,8.4,41,Budget Double Room,2 beds (2 singles),2,,True,21.374596,39.821895,https://www.booking.com/hotel/sa/brj-mrwy-lkhlyl.en-gb.html?aid=304142&label=gen173nr-1DCAEoggI46AdIM1gEaMQBiAECmAEJuAEJyAER2AED6AEBiAIBqAIDuAKmm9z0BcACAQ&sid=42146239dcdf1e519ee673686891723f&all_sr_blocks=619745201_241774150_2_0_0&checkin=2020-04-24&checkout=2020-04-25&dest_id=186&dest_type=country&group_adults=2&group_children=0&hapos=543&highlighted_blocks=619745201_241774150_2_0_0&hpos=18&no_rooms=1&sr_order=class_and_price&sr_pri_blocks=619745201_241774150_2_0_0__5000&srepoch=1587183036&srpvid=b42f1d5ec7130055&ucfs=1&from=searchresultshttps://www.booking.com;highlight_room=#hotelTmpl,booking_kaggle,2020,2020-04-24,2026-09-13T06:37:49.339055+00:00,False
hotels_00543,6078272,مروية المعابدة,Makkah,Makkah,60,1,6.5,22,Economy Double or Twin Room,2 beds (2 singles),2,,True,21.443378,39.85166,https://www.booking.com/hotel/sa/mrwy-lm-bd.en-gb.html?aid=304142&label=gen173nr-1DCAEoggI46AdIM1gEaMQBiAECmAEJuAEJyAER2AED6AEBiAIBqAIDuAKmm9z0BcACAQ&sid=42146239dcdf1e519ee673686891723f&all_sr_blocks=607827204_244550113_2_0_0&checkin=2020-04-24&checkout=2020-04-25&dest_id=186&dest_type=country&group_adults=2&group_children=0&hapos=544&highlighted_blocks=607827204_244550113_2_0_0&hpos=19&no_rooms=1&sr_order=class_and_price&sr_pri_blocks=607827204_244550113_2_0_0__5999&srepoch=1587183036&srpvid=b42f1d5ec7130055&ucfs=1&from=searchresultshttps://www.booking.com;highlight_room=#hotelTmpl,booking_kaggle,2020,2020-04-24,2026-09-13T06:37:49.339055+00:00,False
hotels_00544,74592,Madinah Marriott Hotel,Madinah,Madinah,185,1,6.9,1,"Standard King Room, Guest room, 1 King",1 bed (1 extra-large double),2,,True,24.4641233622441,39.6032881736755,https://www.booking.com/hotel/sa/madinah-marriott.en-gb.html?aid=304142&label=gen173nr-1DCAEoggI46AdIM1gEaMQBiAECmAEJuAEJyAER2AED6AEBiAIBqAIDuAKmm9z0BcACAQ&sid=42146239dcdf1e519ee673686891723f&all_sr_blocks=7459201_246420778_0_2_0&checkin=2020-04-24&checkout=2020-04-25&dest_id=186&dest_type=country&group_adults=2&group_children=0&hapos=545&highlighted_blocks=7459201_246420778_0_2_0&hpos=20&no_rooms=1&sr_order=class_and_price&sr_pri_blocks=7459201_246420778_0_2_0__18500&srepoch=1587183036&srpvid=b42f1d5ec7130055&ucfs=1&from=searchresultshttps://www.booking.com;highlight_room=#hotelTmpl,booking_kaggle,2020,2020-04-24,2026-09-13T06:37:49.339055+00:00,False
hotels_00545,5759043,فندق دار الرحمه دانه,Makkah,Makkah,195,1,5.3,17,Quadruple Room,4 beds (4 singles),4,,True,21.4175327321501,39.8294566304455,https://www.booking.com/hotel/sa/fndq-dr-lrhmh-dnh.en-gb.html?aid=304142&label=gen173nr-1DCAEoggI46AdIM1gEaMQBiAECmAEJuAEJyAER2AED6AEBiAIBqAIDuAKmm9z0BcACAQ&sid=42146239dcdf1e519ee673686891723f&all_sr_blocks=575904303_241658200_4_0_0&checkin=2020-04-24&checkout=2020-04-25&dest_id=186&dest_type=country&group_adults=2&group_children=0&hapos=546&highlighted_blocks=575904303_241658200_4_0_0&hpos=21&no_rooms=1&sr_order=class_and_price&sr_pri_blocks=575904303_241658200_4_0_0__19499&srepoch=1587183036&srpvid=b42f1d5ec7130055&ucfs=1&from=searchresultshttps://www.booking.com;highlight_room=#hotelTmpl,booking_kaggle,2020,2020-04-24,2026-09-13T06:37:49.339055+00:00,False
hotels_00546,4339977,NASEEM,Riyadh,Riyadh,23,,3.9,7,Twin Room,2 beds (2 doubles),2,,True,24.7355713488843,46.8137418356514,https://www.booking.com/hotel/sa/nwf9.en-gb.html?aid=304142&label=gen173nr-1DCAEoggI46AdIM1gEaMQBiAECmAEJuAEJyAER2AED6AEBiAIBqAIDuAKmm9z0BcACAQ&sid=42146239dcdf1e519ee673686891723f&all_sr_blocks=433997701_206290977_0_0_0&checkin=2020-04-24&checkout=2020-04-25&dest_id=186&dest_type=country&group_adults=2&group_children=0&hapos=547&highlighted_blocks=433997701_206290977_0_0_0&hpos=22&no_rooms=1&sr_order=class_and_price&sr_pri_blocks=433997701_206290977_0_0_0__2250&srepoch=1587183036&srpvid=b42f1d5ec7130055&ucfs=1&from=searchresultshttps://www.booking.com;highlight_room=#hotelTmpl,booking_kaggle,2020,2020-04-24,2026-09-13T06:37:49.339055+00:00,False
hotels_00547,1887908,Yamamah,Riyadh,Riyadh,24,,4.1,45,Twin Room,2 beds (2 singles),2,,True,24.6017384979876,46.7160585522652,https://www.booking.com/hotel/sa/nof-residential-units-10.en-gb.html?aid=304142&label=gen173nr-1DCAEoggI46AdIM1gEaMQBiAECmAEJuAEJyAER2AED6AEBiAIBqAIDuAKmm9z0BcACAQ&sid=42146239dcdf1e519ee673686891723f&all_sr_blocks=188790802_206289308_0_0_0&checkin=2020-04-24&checkout=2020-04-25&dest_id=186&dest_type=country&group_adults=2&group_children=0&hapos=548&highlighted_blocks=188790802_206289308_0_0_0&hpos=23&no_rooms=1&sr_order=class_and_price&sr_pri_blocks=188790802_206289308_0_0_0__2375&srepoch=1587183036&srpvid=b42f1d5ec7130055&ucfs=1&from=searchresultshttps://www.booking.com;highlight_room=#hotelTmpl,booking_kaggle,2020,2020-04-24,2026-09-13T06:37:49.339055+00:00,False
hotels_00548,1892336,‏Al Marqab (Males Only),Riyadh,Riyadh,25,,4.0,14,Triple Room with Private Bathroom,3 beds (3 singles),3,,True,24.638360382521,46.7249876260757,https://www.booking.com/hotel/sa/nouf-furnished-apartments-12.en-gb.html?aid=304142&label=gen173nr-1DCAEoggI46AdIM1gEaMQBiAECmAEJuAEJyAER2AED6AEBiAIBqAIDuAKmm9z0BcACAQ&sid=42146239dcdf1e519ee673686891723f&all_sr_blocks=189233602_99806651_0_0_0&checkin=2020-04-24&checkout=2020-04-25&dest_id=186&dest_type=country&group_adults=2&group_children=0&hapos=549&highlighted_blocks=189233602_99806651_0_0_0&hpos=24&no_rooms=1&sr_order=class_and_price&sr_pri_blocks=189233602_99806651_0_0_0__2500&srepoch=1587183036&srpvid=b42f1d5ec7130055&ucfs=1&from=searchresultshttps://www.booking.com;highlight_room=#hotelTmpl,booking_kaggle,2020,2020-04-24,2026-09-13T06:37:49.339055+00:00,False
hotels_00549,3939379,REEMAL,Riyadh,Riyadh,25,,3.4,6,Small Room,3 beds (3 singles),3,,True,24.8707159103527,46.8299581842614,https://www.booking.com/hotel/sa/mjm-strht-nwf.en-gb.html?aid=304142&label=gen173nr-1DCAEoggI46AdIM1gEaMQBiAECmAEJuAEJyAER2AED6AEBiAIBqAIDuAKmm9z0BcACAQ&sid=42146239dcdf1e519ee673686891723f&all_sr_blocks=393937901_123484638_0_0_0&checkin=2020-04-24&checkout=2020-04-25&dest_id=186&dest_type=country&group_adults=2&group_children=0&hapos=550&highlighted_blocks=393937901_123484638_0_0_0&hpos=25&no_rooms=1&sr_order=class_and_price&sr_pri_blocks=393937901_123484638_0_0_0__2500&srepoch=1587183036&srpvid=b42f1d5ec7130055&ucfs=1&from=searchresultshttps://www.booking.com;highlight_room=#hotelTmpl,booking_kaggle,2020,2020-04-24,2026-09-13T06:37:49.339055+00:00,False
hotels_00550,5727646,Sunset fog,Dammam,Eastern Province,25,,5.8,12,Double Room with Shared Bathroom,2 beds (2 singles),2,,True,26.434519,50.046496,https://www.booking.com/hotel/sa/sunset-fog.en-gb.html?aid=304142&label=gen173nr-1DCAEoggI46AdIM1gEaMQBiAECmAEJuAEJyAER2AED6AEBiAIBqAIDuAKmm9z0BcACAQ&sid=42146239dcdf1e519ee673686891723f&all_sr_blocks=572764602_220312866_2_0_0&checkin=2020-04-24&checkout=2020-04-25&dest_id=186&dest_type=country&group_adults=2&group_children=0&hapos=551&highlighted_blocks=572764602_220312866_2_0_0&hpos=1&no_rooms=1&sr_order=class_and_price&sr_pri_blocks=572764602_220312866_2_0_0__2500&srepoch=1587183045&srpvid=3b9c1d622c61002c&ucfs=1&from=searchresultshttps://www.booking.com;highlight_room=#hotelTmpl,booking_kaggle,2020,2020-04-24,2026-09-13T06:37:49.339055+00:00,False
hotels_00551,5663419,Al Batha2,Riyadh,Riyadh,29,,,,Budget Twin Room,3 beds (3 singles),3,,True,24.619498,46.724649,https://www.booking.com/hotel/sa/al-batha2.en-gb.html?aid=304142&label=gen173nr-1DCAEoggI46AdIM1gEaMQBiAECmAEJuAEJyAER2AED6AEBiAIBqAIDuAKmm9z0BcACAQ&sid=42146239dcdf1e519ee673686891723f&all_sr_blocks=566341904_215029454_3_0_0&checkin=2020-04-24&checkout=2020-04-25&dest_id=186&dest_type=country&group_adults=2&group_children=0&hapos=552&highlighted_blocks=566341904_215029454_3_0_0&hpos=2&no_rooms=1&sr_order=class_and_price&sr_pri_blocks=566341904_215029454_3_0_0__2899&srepoch=1587183045&srpvid=3b9c1d622c61002c&ucfs=1&from=searchresultshttps://www.booking.com;highlight_room=#hotelTmpl,booking_kaggle,2020,2020-04-24,2026-09-13T06:37:49.339055+00:00,False
hotels_00552,3935994,BATHA,Riyadh,Riyadh,35,,4.2,13,Basic Triple Room with Shared Bathroom,3 beds (3 doubles),3,,True,24.6383403894996,46.7228036401978,https://www.booking.com/hotel/sa/shqq-nwf-lbth-ll-zb.en-gb.html?aid=304142&label=gen173nr-1DCAEoggI46AdIM1gEaMQBiAECmAEJuAEJyAER2AED6AEBiAIBqAIDuAKmm9z0BcACAQ&sid=42146239dcdf1e519ee673686891723f&all_sr_blocks=393599401_122729212_0_0_0&checkin=2020-04-24&checkout=2020-04-25&dest_id=186&dest_type=country&group_adults=2&group_children=0&hapos=553&highlighted_blocks=393599401_122729212_0_0_0&hpos=3&no_rooms=1&sr_order=class_and_price&sr_pri_blocks=393599401_122729212_0_0_0__3510&srepoch=1587183045&srpvid=3b9c1d622c61002c&ucfs=1&from=searchresultshttps://www.booking.com;highlight_room=#hotelTmpl,booking_kaggle,2020,2020-04-24,2026-09-13T06:37:49.339055+00:00,False
hotels_00553,2316642,ALthuqbah 2 Males only,Dhahran,Eastern Province,37,,5.6,26,Triple Room with Private Bathroom,3 beds (3 singles),3,,True,26.2686270050484,50.1875161422504,https://www.booking.com/hotel/sa/nof-aparthotel-7.en-gb.html?aid=304142&label=gen173nr-1DCAEoggI46AdIM1gEaMQBiAECmAEJuAEJyAER2AED6AEBiAIBqAIDuAKmm9z0BcACAQ&sid=42146239dcdf1e519ee673686891723f&all_sr_blocks=231664203_102257427_0_0_0&checkin=2020-04-24&checkout=2020-04-25&dest_id=186&dest_type=country&group_adults=2&group_children=0&hapos=554&highlighted_blocks=231664203_102257427_0_0_0&hpos=4&no_rooms=1&sr_order=class_and_price&sr_pri_blocks=231664203_102257427_0_0_0__3705&srepoch=1587183045&srpvid=3b9c1d622c61002c&ucfs=1&from=searchresultshttps://www.booking.com;highlight_room=#hotelTmpl,booking_kaggle,2020,2020-04-24,2026-09-13T06:37:49.339055+00:00,False
hotels_00554,2193048,Masat Al Mohand Al Rouda,Makkah,Makkah,40,,6.6,388,Deluxe Double Room,2 beds (2 singles),2,,True,21.4323866190899,39.8504797182977,https://www.booking.com/hotel/sa/masat-al-mohand-al-rouda.en-gb.html?aid=304142&label=gen173nr-1DCAEoggI46AdIM1gEaMQBiAECmAEJuAEJyAER2AED6AEBiAIBqAIDuAKmm9z0BcACAQ&sid=42146239dcdf1e519ee673686891723f&all_sr_blocks=219304801_203445847_2_0_0&checkin=2020-04-24&checkout=2020-04-25&dest_id=186&dest_type=country&group_adults=2&group_children=0&hapos=555&highlighted_blocks=219304801_203445847_2_0_0&hpos=5&no_rooms=1&sr_order=class_and_price&sr_pri_blocks=219304801_203445847_2_0_0__4000&srepoch=1587183045&srpvid=3b9c1d622c61002c&ucfs=1&from=searchresultshttps://www.booking.com;highlight_room=#hotelTmpl,booking_kaggle,2020,2020-04-24,2026-09-13T06:37:49.339055+00:00,False
hotels_00555,6312263,فندق شقة غرف عزاب شقق,Madinah,Madinah,40,,,,Apartment - Ground Floor,"21 beds (15 singles, 6 sofa beds)",21,,,24.453196,39.530317,https://www.booking.com/hotel/sa/fndq-shq-grf-zb-shqq.en-gb.html?aid=304142&label=gen173nr-1DCAEoggI46AdIM1gEaMQBiAECmAEJuAEJyAER2AED6AEBiAIBqAIDuAKmm9z0BcACAQ&sid=42146239dcdf1e519ee673686891723f&all_sr_blocks=631226301_246510763_21_0_0&checkin=2020-04-24&checkout=2020-04-25&dest_id=186&dest_type=country&group_adults=2&group_children=0&hapos=556&highlighted_blocks=631226301_246510763_21_0_0&hpos=6&no_rooms=1&sr_order=class_and_price&sr_pri_blocks=631226301_246510763_21_0_0__4000&srepoch=1587183045&srpvid=3b9c1d622c61002c&ucfs=1&from=searchresultshttps://www.booking.com;highlight_room=#hotelTmpl,booking_kaggle,2020,2020-04-24,2026-09-13T06:37:49.339055+00:00,False
hotels_00556,2225889,Al Eairy Apartments - Makkah 6,Makkah,Makkah,42,,6.9,355,Double or Twin Room,2 beds (2 singles),2,,True,21.3696757581557,39.8786759376526,https://www.booking.com/hotel/sa/l-yyry-llwhdt-lskny-lmfrwsh-mk-6.en-gb.html?aid=304142&label=gen173nr-1DCAEoggI46AdIM1gEaMQBiAECmAEJuAEJyAER2AED6AEBiAIBqAIDuAKmm9z0BcACAQ&sid=42146239dcdf1e519ee673686891723f&all_sr_blocks=222588905_101116998_2_0_0&checkin=2020-04-24&checkout=2020-04-25&dest_id=186&dest_type=country&group_adults=2&group_children=0&hapos=557&highlighted_blocks=222588905_101116998_2_0_0&hpos=7&no_rooms=1&sr_order=class_and_price&sr_pri_blocks=222588905_101116998_2_0_0__4200&srepoch=1587183045&srpvid=3b9c1d622c61002c&ucfs=1&from=searchresultshttps://www.booking.com;highlight_room=#hotelTmpl,booking_kaggle,2020,2020-04-24,2026-09-13T06:37:49.339055+00:00,False
hotels_00557,1896616,Masaya 2 Furnished Units,Al Khobar,Eastern Province,43,,6.5,546,Studio,1 bed (1 double),2,,True,26.2887813543191,50.1872440427542,https://www.booking.com/hotel/sa/mazaya-tolin.en-gb.html?aid=304142&label=gen173nr-1DCAEoggI46AdIM1gEaMQBiAECmAEJuAEJyAER2AED6AEBiAIBqAIDuAKmm9z0BcACAQ&sid=42146239dcdf1e519ee673686891723f&all_sr_blocks=189661601_203711004_0_0_0&checkin=2020-04-24&checkout=2020-04-25&dest_id=186&dest_type=country&group_adults=2&group_children=0&hapos=558&highlighted_blocks=189661601_203711004_0_0_0&hpos=8&no_rooms=1&sr_order=class_and_price&sr_pri_blocks=189661601_203711004_0_0_0__4347&srepoch=1587183045&srpvid=3b9c1d622c61002c&ucfs=1&from=searchresultshttps://www.booking.com;highlight_room=;has_campaign_deals_breakaway20_customer_label=1#hotelTmpl,booking_kaggle,2020,2020-04-24,2026-09-13T06:37:49.339055+00:00,False
hotels_00558,2230574,Al Eairy Apartments - Makkah 8,Makkah,Makkah,44,,6.3,228,Double or Twin Room,2 beds (2 singles),2,,True,21.3694122745299,39.8819443915177,https://www.booking.com/hotel/sa/al-eairy-apartments-makkah-8.en-gb.html?aid=304142&label=gen173nr-1DCAEoggI46AdIM1gEaMQBiAECmAEJuAEJyAER2AED6AEBiAIBqAIDuAKmm9z0BcACAQ&sid=42146239dcdf1e519ee673686891723f&all_sr_blocks=223057401_101117184_2_0_0&checkin=2020-04-24&checkout=2020-04-25&dest_id=186&dest_type=country&group_adults=2&group_children=0&hapos=559&highlighted_blocks=223057401_101117184_2_0_0&hpos=9&no_rooms=1&sr_order=class_and_price&sr_pri_blocks=223057401_101117184_2_0_0__4400&srepoch=1587183045&srpvid=3b9c1d622c61002c&ucfs=1&from=searchresultshttps://www.booking.com;highlight_room=#hotelTmpl,booking_kaggle,2020,2020-04-24,2026-09-13T06:37:49.339055+00:00,False
hotels_00559,2225815,Al Eairy Apartments - Al Baha 2,Al Bahah,Al Bahah,45,,5.5,746,Double or Twin Room,2 beds (2 singles),2,,,20.0409316359456,41.4486050605774,https://www.booking.com/hotel/sa/al-eairy-apartments-al-baha-2.en-gb.html?aid=304142&label=gen173nr-1DCAEoggI46AdIM1gEaMQBiAECmAEJuAEJyAER2AED6AEBiAIBqAIDuAKmm9z0BcACAQ&sid=42146239dcdf1e519ee673686891723f&all_sr_blocks=222581502_201852654_0_0_0&checkin=2020-04-24&checkout=2020-04-25&dest_id=186&dest_type=country&group_adults=2&group_children=0&hapos=560&highlighted_blocks=222581502_201852654_0_0_0&hpos=10&no_rooms=1&sr_order=class_and_price&sr_pri_blocks=222581502_201852654_0_0_0__4500&srepoch=1587183045&srpvid=3b9c1d622c61002c&ucfs=1&from=searchresultshttps://www.booking.com;highlight_room=#hotelTmpl,booking_kaggle,2020,2020-04-24,2026-09-13T06:37:49.339055+00:00,False
hotels_00560,4436171,Flower,Dammam,Eastern Province,47,,,,Twin Room with Private Bathroom,2 beds (2 singles),2,,True,26.449741,50.088557,https://www.booking.com/hotel/sa/nwf13.en-gb.html?aid=304142&label=gen173nr-1DCAEoggI46AdIM1gEaMQBiAECmAEJuAEJyAER2AED6AEBiAIBqAIDuAKmm9z0BcACAQ&sid=42146239dcdf1e519ee673686891723f&all_sr_blocks=443617101_206291229_0_0_0&checkin=2020-04-24&checkout=2020-04-25&dest_id=186&dest_type=country&group_adults=2&group_children=0&hapos=561&highlighted_blocks=443617101_206291229_0_0_0&hpos=11&no_rooms=1&sr_order=class_and_price&sr_pri_blocks=443617101_206291229_0_0_0__4655&srepoch=1587183045&srpvid=3b9c1d622c61002c&ucfs=1&from=searchresultshttps://www.booking.com;highlight_room=#hotelTmpl,booking_kaggle,2020,2020-04-24,2026-09-13T06:37:49.339055+00:00,False
hotels_00561,4436152,Rose,Dammam,Eastern Province,47,,,,Twin Room with Private External Bathroom,2 beds (2 singles),2,,True,26.420683,50.088794,https://www.booking.com/hotel/sa/nwf14.en-gb.html?aid=304142&label=gen173nr-1DCAEoggI46AdIM1gEaMQBiAECmAEJuAEJyAER2AED6AEBiAIBqAIDuAKmm9z0BcACAQ&sid=42146239dcdf1e519ee673686891723f&all_sr_blocks=443615202_206291113_0_0_0&checkin=2020-04-24&checkout=2020-04-25&dest_id=186&dest_type=country&group_adults=2&group_children=0&hapos=562&highlighted_blocks=443615202_206291113_0_0_0&hpos=12&no_rooms=1&sr_order=class_and_price&sr_pri_blocks=443615202_206291113_0_0_0__4655&srepoch=1587183045&srpvid=3b9c1d622c61002c&ucfs=1&from=searchresultshttps://www.booking.com;highlight_room=#hotelTmpl,booking_kaggle,2020,2020-04-24,2026-09-13T06:37:49.339055+00:00,False
hotels_00562,1887507,Adamah,Dammam,Eastern Province,47,,5.7,51,Apartment,3 beds (3 singles),3,,True,26.4343599827324,50.0978896204072,https://www.booking.com/hotel/sa/nof-residential-units-8.en-gb.html?aid=304142&label=gen173nr-1DCAEoggI46AdIM1gEaMQBiAECmAEJuAEJyAER2AED6AEBiAIBqAIDuAKmm9z0BcACAQ&sid=42146239dcdf1e519ee673686891723f&all_sr_blocks=188750709_102257675_0_2_0&checkin=2020-04-24&checkout=2020-04-25&dest_id=186&dest_type=country&group_adults=2&group_children=0&hapos=563&highlighted_blocks=188750709_102257675_0_2_0&hpos=13&no_rooms=1&sr_order=class_and_price&sr_pri_blocks=188750709_102257675_0_2_0__4655&srepoch=1587183045&srpvid=3b9c1d622c61002c&ucfs=1&from=searchresultshttps://www.booking.com;highlight_room=#hotelTmpl,booking_kaggle,2020,2020-04-24,2026-09-13T06:37:49.339055+00:00,False
hotels_00563,1887529,Althuqbah,Al Khobar,Eastern Province,47,,5.0,54,Studio Apartment,"2 beds (1 sofa bed, 1 large double)",3,,True,26.2728385614481,50.1940441131592,https://www.booking.com/hotel/sa/nof-residential-units-4-al-khobar3.en-gb.html?aid=304142&label=gen173nr-1DCAEoggI46AdIM1gEaMQBiAECmAEJuAEJyAER2AED6AEBiAIBqAIDuAKmm9z0BcACAQ&sid=42146239dcdf1e519ee673686891723f&all_sr_blocks=188752902_96966768_0_0_0&checkin=2020-04-24&checkout=2020-04-25&dest_id=186&dest_type=country&group_adults=2&group_children=0&hapos=564&highlighted_blocks=188752902_96966768_0_0_0&hpos=14&no_rooms=1&sr_order=class_and_price&sr_pri_blocks=188752902_96966768_0_0_0__4655&srepoch=1587183045&srpvid=3b9c1d622c61002c&ucfs=1&from=searchresultshttps://www.booking.com;highlight_room=#hotelTmpl,booking_kaggle,2020,2020-04-24,2026-09-13T06:37:49.339055+00:00,False
hotels_00564,4866652,دار الشرق للوحدات السكنية,Riyadh,Riyadh,48,,7.4,258,One-Bedroom Apartment,"4 beds (1 extra-large double, 3 sofa beds)",3,,True,24.7922598857426,46.8253329843044,https://www.booking.com/hotel/sa/daaralsharq.en-gb.html?aid=304142&label=gen173nr-1DCAEoggI46AdIM1gEaMQBiAECmAEJuAEJyAER2AED6AEBiAIBqAIDuAKmm9z0BcACAQ&sid=42146239dcdf1e519ee673686891723f&all_sr_blocks=486665201_232201637_3_0_0&checkin=2020-04-24&checkout=2020-04-25&dest_id=186&dest_type=country&group_adults=2&group_children=0&hapos=565&highlighted_blocks=486665201_232201637_3_0_0&hpos=15&no_rooms=1&sr_order=class_and_price&sr_pri_blocks=486665201_232201637_3_0_0__4800&srepoch=1587183045&srpvid=3b9c1d622c61002c&ucfs=1&from=searchresultshttps://www.booking.com;highlight_room=#hotelTmpl,booking_kaggle,2020,2020-04-24,2026-09-13T06:37:49.339055+00:00,False
hotels_00565,2226110,Al Eairy Furnished Apartments - Al Bahah 3,Al Bahah,Al Bahah,48,,5.6,666,Double Room,1 bed (1 double),2,,True,20.0155048516249,41.4544120440186,https://www.booking.com/hotel/sa/al-eairy-furnished-apartments-al-bahah-3.en-gb.html?aid=304142&label=gen173nr-1DCAEoggI46AdIM1gEaMQBiAECmAEJuAEJyAER2AED6AEBiAIBqAIDuAKmm9z0BcACAQ&sid=42146239dcdf1e519ee673686891723f&all_sr_blocks=222611002_101032069_2_0_0&checkin=2020-04-24&checkout=2020-04-25&dest_id=186&dest_type=country&group_adults=2&group_children=0&hapos=566&highlighted_blocks=222611002_101032069_2_0_0&hpos=16&no_rooms=1&sr_order=class_and_price&sr_pri_blocks=222611002_101032069_2_0_0__4800&srepoch=1587183045&srpvid=3b9c1d622c61002c&ucfs=1&from=searchresultshttps://www.booking.com;highlight_room=#hotelTmpl,booking_kaggle,2020,2020-04-24,2026-09-13T06:37:49.339055+00:00,False
hotels_00566,4436236,Rose 2,Dammam,Eastern Province,49,,,,One-Bedroom Apartment,2 beds (2 singles),2,,True,26.449741,50.088557,https://www.booking.com/hotel/sa/nwf15.en-gb.html?aid=304142&label=gen173nr-1DCAEoggI46AdIM1gEaMQBiAECmAEJuAEJyAER2AED6AEBiAIBqAIDuAKmm9z0BcACAQ&sid=42146239dcdf1e519ee673686891723f&all_sr_blocks=443623602_206291393_0_0_0&checkin=2020-04-24&checkout=2020-04-25&dest_id=186&dest_type=country&group_adults=2&group_children=0&hapos=567&highlighted_blocks=443623602_206291393_0_0_0&hpos=17&no_rooms=1&sr_order=class_and_price&sr_pri_blocks=443623602_206291393_0_0_0__4900&srepoch=1587183045&srpvid=3b9c1d622c61002c&ucfs=1&from=searchresultshttps://www.booking.com;highlight_room=#hotelTmpl,booking_kaggle,2020,2020-04-24,2026-09-13T06:37:49.339055+00:00,False
hotels_00567,6249124,مارينا السلام,Dammam,Eastern Province,49,,4.0,21,Deluxe Studio,2 beds (2 singles),2,,True,26.4515338991695,50.1031935972061,https://www.booking.com/hotel/sa/mryn-lslm.en-gb.html?aid=304142&label=gen173nr-1DCAEoggI46AdIM1gEaMQBiAECmAEJuAEJyAER2AED6AEBiAIBqAIDuAKmm9z0BcACAQ&sid=42146239dcdf1e519ee673686891723f&all_sr_blocks=624912404_249198844_2_0_0&checkin=2020-04-24&checkout=2020-04-25&dest_id=186&dest_type=country&group_adults=2&group_children=0&hapos=568&highlighted_blocks=624912404_249198844_2_0_0&hpos=18&no_rooms=1&sr_order=class_and_price&sr_pri_blocks=624912404_249198844_2_0_0__4900&srepoch=1587183045&srpvid=3b9c1d622c61002c&ucfs=1&from=searchresultshttps://www.booking.com;highlight_room=#hotelTmpl,booking_kaggle,2020,2020-04-24,2026-09-13T06:37:49.339055+00:00,False
hotels_00568,3999708,Zahrat Al Yassir Hotel,Makkah,Makkah,50,,7.5,2,Standard Queen Room with Two Queen Beds,2 beds (2 singles),2,,True,21.3907432224349,39.8731867643319,https://www.booking.com/hotel/sa/fndf-zhr-lysr.en-gb.html?aid=304142&label=gen173nr-1DCAEoggI46AdIM1gEaMQBiAECmAEJuAEJyAER2AED6AEBiAIBqAIDuAKmm9z0BcACAQ&sid=42146239dcdf1e519ee673686891723f&all_sr_blocks=399970804_206527079_2_0_0&checkin=2020-04-24&checkout=2020-04-25&dest_id=186&dest_type=country&group_adults=2&group_children=0&hapos=569&highlighted_blocks=399970804_206527079_2_0_0&hpos=19&no_rooms=1&sr_order=class_and_price&sr_pri_blocks=399970804_206527079_2_0_0__5000&srepoch=1587183045&srpvid=3b9c1d622c61002c&ucfs=1&from=searchresultshttps://www.booking.com;highlight_room=#hotelTmpl,booking_kaggle,2020,2020-04-24,2026-09-13T06:37:49.339055+00:00,False
hotels_00569,6053104,منازل النور-Manzel Alnour Units,Makkah,Makkah,50,,7.0,79,Double Room with Private Bathroom,2 beds (2 singles),2,,True,21.410771,39.861874,https://www.booking.com/hotel/sa/mnzl-lnwr.en-gb.html?aid=304142&label=gen173nr-1DCAEoggI46AdIM1gEaMQBiAECmAEJuAEJyAER2AED6AEBiAIBqAIDuAKmm9z0BcACAQ&sid=42146239dcdf1e519ee673686891723f&all_sr_blocks=605310404_237375510_2_0_0&checkin=2020-04-24&checkout=2020-04-25&dest_id=186&dest_type=country&group_adults=2&group_children=0&hapos=570&highlighted_blocks=605310404_237375510_2_0_0&hpos=20&no_rooms=1&sr_order=class_and_price&sr_pri_blocks=605310404_237375510_2_0_0__5000&srepoch=1587183045&srpvid=3b9c1d622c61002c&ucfs=1&from=searchresultshttps://www.booking.com;highlight_room=#hotelTmpl,booking_kaggle,2020,2020-04-24,2026-09-13T06:37:49.339055+00:00,False
hotels_00570,1888979,Helm Jeddah Hotel Apartments,Jeddah,Makkah,50,,5.3,2,One-Bedroom Apartment,2 beds (2 singles),2,,True,21.5111945952634,39.2284172812715,https://www.booking.com/hotel/sa/helm-jeddah-apartments.en-gb.html?aid=304142&label=gen173nr-1DCAEoggI46AdIM1gEaMQBiAECmAEJuAEJyAER2AED6AEBiAIBqAIDuAKmm9z0BcACAQ&sid=42146239dcdf1e519ee673686891723f&all_sr_blocks=188897921_251003577_2_0_0&checkin=2020-04-24&checkout=2020-04-25&dest_id=186&dest_type=country&group_adults=2&group_children=0&hapos=571&highlighted_blocks=188897921_251003577_2_0_0&hpos=21&no_rooms=1&sr_order=class_and_price&sr_pri_blocks=188897921_251003577_2_0_0__5000&srepoch=1587183045&srpvid=3b9c1d622c61002c&ucfs=1&from=searchresultshttps://www.booking.com;highlight_room=#hotelTmpl,booking_kaggle,2020,2020-04-24,2026-09-13T06:37:49.339055+00:00,False
hotels_00571,3517723,Hidayah Al Yaser,Makkah,Makkah,50,,6.4,596,Classic Triple Room,3 beds (3 singles),3,,True,21.3957079282592,39.8704997893715,https://www.booking.com/hotel/sa/hdy-lysr-makkah.en-gb.html?aid=304142&label=gen173nr-1DCAEoggI46AdIM1gEaMQBiAECmAEJuAEJyAER2AED6AEBiAIBqAIDuAKmm9z0BcACAQ&sid=42146239dcdf1e519ee673686891723f&all_sr_blocks=351772301_117799939_3_0_0&checkin=2020-04-24&checkout=2020-04-25&dest_id=186&dest_type=country&group_adults=2&group_children=0&hapos=572&highlighted_blocks=351772301_117799939_3_0_0&hpos=22&no_rooms=1&sr_order=class_and_price&sr_pri_blocks=351772301_117799939_3_0_0__5000&srepoch=1587183045&srpvid=3b9c1d622c61002c&ucfs=1&from=searchresultshttps://www.booking.com;highlight_room=#hotelTmpl,booking_kaggle,2020,2020-04-24,2026-09-13T06:37:49.339055+00:00,False
hotels_00572,2226209,Al Eairy Furnished Apartments - Al Bahah 4,Al Bahah,Al Bahah,50,,5.6,851,Double Room,1 bed (1 double),2,,True,20.0122713825917,41.465470790863,https://www.booking.com/hotel/sa/al-eairy-furnished-apartments-al-bahah-4.en-gb.html?aid=304142&label=gen173nr-1DCAEoggI46AdIM1gEaMQBiAECmAEJuAEJyAER2AED6AEBiAIBqAIDuAKmm9z0BcACAQ&sid=42146239dcdf1e519ee673686891723f&all_sr_blocks=222620902_101032132_2_0_0&checkin=2020-04-24&checkout=2020-04-25&dest_id=186&dest_type=country&group_adults=2&group_children=0&hapos=573&highlighted_blocks=222620902_101032132_2_0_0&hpos=23&no_rooms=1&sr_order=class_and_price&sr_pri_blocks=222620902_101032132_2_0_0__5000&srepoch=1587183045&srpvid=3b9c1d622c61002c&ucfs=1&from=searchresultshttps://www.booking.com;highlight_room=#hotelTmpl,booking_kaggle,2020,2020-04-24,2026-09-13T06:37:49.339055+00:00,False
hotels_00573,4011387,سرور الياسر,Makkah,Makkah,50,,6.7,444,Classic Triple Room,3 beds (3 singles),3,,True,21.3940947544015,39.8841811390839,https://www.booking.com/hotel/sa/srwr-lysr.en-gb.html?aid=304142&label=gen173nr-1DCAEoggI46AdIM1gEaMQBiAECmAEJuAEJyAER2AED6AEBiAIBqAIDuAKmm9z0BcACAQ&sid=42146239dcdf1e519ee673686891723f&all_sr_blocks=401138701_179205077_3_0_0&checkin=2020-04-24&checkout=2020-04-25&dest_id=186&dest_type=country&group_adults=2&group_children=0&hapos=574&highlighted_blocks=401138701_179205077_3_0_0&hpos=24&no_rooms=1&sr_order=class_and_price&sr_pri_blocks=401138701_179205077_3_0_0__5000&srepoch=1587183045&srpvid=3b9c1d622c61002c&ucfs=1&from=searchresultshttps://www.booking.com;highlight_room=#hotelTmpl,booking_kaggle,2020,2020-04-24,2026-09-13T06:37:49.339055+00:00,False
hotels_00574,1896629,Masaya Furnished Apartments,Al Khobar,Eastern Province,51,,6.1,194,Studio,1 bed (1 double),2,,True,26.2919553418437,50.1834306120872,https://www.booking.com/hotel/sa/masaya-furnished-apartments.en-gb.html?aid=304142&label=gen173nr-1DCAEoggI46AdIM1gEaMQBiAECmAEJuAEJyAER2AED6AEBiAIBqAIDuAKmm9z0BcACAQ&sid=42146239dcdf1e519ee673686891723f&all_sr_blocks=189662904_204590513_2_0_0&checkin=2020-04-24&checkout=2020-04-25&dest_id=186&dest_type=country&group_adults=2&group_children=0&hapos=575&highlighted_blocks=189662904_204590513_2_0_0&hpos=25&no_rooms=1&sr_order=class_and_price&sr_pri_blocks=189662904_204590513_2_0_0__5072&srepoch=1587183045&srpvid=3b9c1d622c61002c&ucfs=1&from=searchresultshttps://www.booking.com;highlight_room=#hotelTmpl,booking_kaggle,2020,2020-04-24,2026-09-13T06:37:49.339055+00:00,False
hotels_00575,2231749,Al Eairy Apartments - Makkah 3,Makkah,Makkah,52,,6.1,168,Standard Twin Room,2 beds (2 singles),2,,True,21.3693610345229,39.8751112818718,https://www.booking.com/hotel/sa/al-eairy-apartments-makkah-3.en-gb.html?aid=304142&label=gen173nr-1DCAEoggI46AdIM1gEaMQBiAECmAEJuAEJyAER2AED6AEBiAIBqAIDuAKmm9z0BcACAQ&sid=42146239dcdf1e519ee673686891723f&all_sr_blocks=223174905_101115732_2_0_0&checkin=2020-04-24&checkout=2020-04-25&dest_id=186&dest_type=country&group_adults=2&group_children=0&hapos=576&highlighted_blocks=223174905_101115732_2_0_0&hpos=1&no_rooms=1&sr_order=class_and_price&sr_pri_blocks=223174905_101115732_2_0_0__5200&srepoch=1587183054&srpvid=35481d66a0c40001&ucfs=1&from=searchresultshttps://www.booking.com;highlight_room=#hotelTmpl,booking_kaggle,2020,2020-04-24,2026-09-13T06:37:49.339055+00:00,False
hotels_00576,2231794,Al Eairy Apartments - Makkah 4,Makkah,Makkah,52,,6.2,155,Double or Twin Room,2 beds (2 singles),2,,True,21.3706249205707,39.8819214105606,https://www.booking.com/hotel/sa/al-eairy-apartments-makkah-4.en-gb.html?aid=304142&label=gen173nr-1DCAEoggI46AdIM1gEaMQBiAECmAEJuAEJyAER2AED6AEBiAIBqAIDuAKmm9z0BcACAQ&sid=42146239dcdf1e519ee673686891723f&all_sr_blocks=223179405_101410226_2_0_0&checkin=2020-04-24&checkout=2020-04-25&dest_id=186&dest_type=country&group_adults=2&group_children=0&hapos=577&highlighted_blocks=223179405_101410226_2_0_0&hpos=2&no_rooms=1&sr_order=class_and_price&sr_pri_blocks=223179405_101410226_2_0_0__5200&srepoch=1587183054&srpvid=35481d66a0c40001&ucfs=1&from=searchresultshttps://www.booking.com;highlight_room=#hotelTmpl,booking_kaggle,2020,2020-04-24,2026-09-13T06:37:49.339055+00:00,False
hotels_00577,1944680,تاج العروس,Jeddah,Makkah,53,,5.8,791,One-Bedroom with Shared Bathroom,2 beds (2 singles),2,,True,21.5583680421036,39.1883194260299,https://www.booking.com/hotel/sa/jdh.en-gb.html?aid=304142&label=gen173nr-1DCAEoggI46AdIM1gEaMQBiAECmAEJuAEJyAER2AED6AEBiAIBqAIDuAKmm9z0BcACAQ&sid=42146239dcdf1e519ee673686891723f&all_sr_blocks=194468016_151091930_2_0_0&checkin=2020-04-24&checkout=2020-04-25&dest_id=186&dest_type=country&group_adults=2&group_children=0&hapos=578&highlighted_blocks=194468016_151091930_2_0_0&hpos=3&no_rooms=1&sr_order=class_and_price&sr_pri_blocks=194468016_151091930_2_0_0__5250&srepoch=1587183054&srpvid=35481d66a0c40001&ucfs=1&from=searchresultshttps://www.booking.com;highlight_room=#hotelTmpl,booking_kaggle,2020,2020-04-24,2026-09-13T06:37:49.339055+00:00,False
hotels_00578,2231807,Al Eairy Apartments- Alqunfudah 3,Al Qunfudhah,Makkah,55,,5.3,497,Double Room,1 bed (1 double),2,,True,19.137140739473,41.0819309949875,https://www.booking.com/hotel/sa/al-eairy-apartments-alqunfudah-3.en-gb.html?aid=304142&label=gen173nr-1DCAEoggI46AdIM1gEaMQBiAECmAEJuAEJyAER2AED6AEBiAIBqAIDuAKmm9z0BcACAQ&sid=42146239dcdf1e519ee673686891723f&all_sr_blocks=223180703_101375905_2_0_0&checkin=2020-04-24&checkout=2020-04-25&dest_id=186&dest_type=country&group_adults=2&group_children=0&hapos=579&highlighted_blocks=223180703_101375905_2_0_0&hpos=4&no_rooms=1&sr_order=class_and_price&sr_pri_blocks=223180703_101375905_2_0_0__5500&srepoch=1587183054&srpvid=35481d66a0c40001&ucfs=1&from=searchresultshttps://www.booking.com;highlight_room=#hotelTmpl,booking_kaggle,2020,2020-04-24,2026-09-13T06:37:49.339055+00:00,False
hotels_00579,2251142,Al Eairy Apartments - Makkah 5,Makkah,Makkah,55,,6.7,256,Double Room,2 beds (2 singles),2,,True,21.3518903144686,39.9075418710709,https://www.booking.com/hotel/sa/al-eairy-apartments-makkah-5.en-gb.html?aid=304142&label=gen173nr-1DCAEoggI46AdIM1gEaMQBiAECmAEJuAEJyAER2AED6AEBiAIBqAIDuAKmm9z0BcACAQ&sid=42146239dcdf1e519ee673686891723f&all_sr_blocks=225114201_101116698_0_0_0&checkin=2020-04-24&checkout=2020-04-25&dest_id=186&dest_type=country&group_adults=2&group_children=0&hapos=580&highlighted_blocks=225114201_101116698_0_0_0&hpos=5&no_rooms=1&sr_order=class_and_price&sr_pri_blocks=225114201_101116698_0_0_0__5500&srepoch=1587183054&srpvid=35481d66a0c40001&ucfs=1&from=searchresultshttps://www.booking.com;highlight_room=#hotelTmpl,booking_kaggle,2020,2020-04-24,2026-09-13T06:37:49.339055+00:00,False
hotels_00580,1887474,Nzha,Al Khobar,Eastern Province,56,,5.4,72,One-Bedroom Apartment,"2 beds (1 extra-large double, 1 sofa bed)",2,,True,26.29162138437,50.185375213623,https://www.booking.com/hotel/sa/nof-residential-units-4-al-khobar2.en-gb.html?aid=304142&label=gen173nr-1DCAEoggI46AdIM1gEaMQBiAECmAEJuAEJyAER2AED6AEBiAIBqAIDuAKmm9z0BcACAQ&sid=42146239dcdf1e519ee673686891723f&all_sr_blocks=188747401_206288699_0_0_0&checkin=2020-04-24&checkout=2020-04-25&dest_id=186&dest_type=country&group_adults=2&group_children=0&hapos=581&highlighted_blocks=188747401_206288699_0_0_0&hpos=6&no_rooms=1&sr_order=class_and_price&sr_pri_blocks=188747401_206288699_0_0_0__5605&srepoch=1587183054&srpvid=35481d66a0c40001&ucfs=1&from=searchresultshttps://www.booking.com;highlight_room=#hotelTmpl,booking_kaggle,2020,2020-04-24,2026-09-13T06:37:49.339055+00:00,False
hotels_00581,1926763,Khaleej,Dammam,Eastern Province,56,,4.3,5,Quadruple Room with Shared Bathroom,3 beds (3 singles),4,,True,26.4486148429912,50.0961837172508,https://www.booking.com/hotel/sa/nouf-furnished-apartments-dammam.en-gb.html?aid=304142&label=gen173nr-1DCAEoggI46AdIM1gEaMQBiAECmAEJuAEJyAER2AED6AEBiAIBqAIDuAKmm9z0BcACAQ&sid=42146239dcdf1e519ee673686891723f&all_sr_blocks=192676315_206290275_0_0_0&checkin=2020-04-24&checkout=2020-04-25&dest_id=186&dest_type=country&group_adults=2&group_children=0&hapos=582&highlighted_blocks=192676315_206290275_0_0_0&hpos=7&no_rooms=1&sr_order=class_and_price&sr_pri_blocks=192676315_206290275_0_0_0__5605&srepoch=1587183054&srpvid=35481d66a0c40001&ucfs=1&from=searchresultshttps://www.booking.com;highlight_room=#hotelTmpl,booking_kaggle,2020,2020-04-24,2026-09-13T06:37:49.339055+00:00,False
hotels_00582,2856238,Nuzul mena 109,Riyadh,Riyadh,58,,6.9,349,One-Bedroom Apartment,1 bed (1 extra-large double),2,,True,24.5659621739336,46.6231862224026,https://www.booking.com/hotel/sa/taliah-apart.en-gb.html?aid=304142&label=gen173nr-1DCAEoggI46AdIM1gEaMQBiAECmAEJuAEJyAER2AED6AEBiAIBqAIDuAKmm9z0BcACAQ&sid=42146239dcdf1e519ee673686891723f&all_sr_blocks=285623801_158666054_2_0_0&checkin=2020-04-24&checkout=2020-04-25&dest_id=186&dest_type=country&group_adults=2&group_children=0&hapos=583&highlighted_blocks=285623801_158666054_2_0_0&hpos=8&no_rooms=1&sr_order=class_and_price&sr_pri_blocks=285623801_158666054_2_0_0__5760&srepoch=1587183054&srpvid=35481d66a0c40001&ucfs=1&from=searchresultshttps://www.booking.com;highlight_room=#hotelTmpl,booking_kaggle,2020,2020-04-24,2026-09-13T06:37:49.339055+00:00,False
hotels_00583,1745257,Almakan Hotel 103,Riyadh,Riyadh,58,,6.2,1,Studio,1 bed (1 large double),2,,True,24.8495986010082,46.6819264367223,https://www.booking.com/hotel/sa/mayyun.en-gb.html?aid=304142&label=gen173nr-1DCAEoggI46AdIM1gEaMQBiAECmAEJuAEJyAER2AED6AEBiAIBqAIDuAKmm9z0BcACAQ&sid=42146239dcdf1e519ee673686891723f&all_sr_blocks=174525703_195279088_2_0_0&checkin=2020-04-24&checkout=2020-04-25&dest_id=186&dest_type=country&group_adults=2&group_children=0&hapos=584&highlighted_blocks=174525703_195279088_2_0_0&hpos=9&no_rooms=1&sr_order=class_and_price&sr_pri_blocks=174525703_195279088_2_0_0__5760&srepoch=1587183054&srpvid=35481d66a0c40001&ucfs=1&from=searchresultshttps://www.booking.com;highlight_room=#hotelTmpl,booking_kaggle,2020,2020-04-24,2026-09-13T06:37:49.339055+00:00,False
hotels_00584,5154310,أمجاد للغرف المفروشة,Al Khobar,Eastern Province,58,,5.6,214,Studio Apartment,2 beds (2 singles),2,,True,26.269904335922,50.192928347051,https://www.booking.com/hotel/sa/mjd-llgrf-lmfrwsh.en-gb.html?aid=304142&label=gen173nr-1DCAEoggI46AdIM1gEaMQBiAECmAEJuAEJyAER2AED6AEBiAIBqAIDuAKmm9z0BcACAQ&sid=42146239dcdf1e519ee673686891723f&all_sr_blocks=515431002_247826850_2_0_0&checkin=2020-04-24&checkout=2020-04-25&dest_id=186&dest_type=country&group_adults=2&group_children=0&hapos=585&highlighted_blocks=515431002_247826850_2_0_0&hpos=10&no_rooms=1&sr_order=class_and_price&sr_pri_blocks=515431002_247826850_2_0_0__5799&srepoch=1587183054&srpvid=35481d66a0c40001&ucfs=1&from=searchresultshttps://www.booking.com;highlight_room=#hotelTmpl,booking_kaggle,2020,2020-04-24,2026-09-13T06:37:49.339055+00:00,False
hotels_00585,2220389,OYO 341 Sorooh Taibah Furnished Apartments,Jeddah,Makkah,59,,5.9,1,Standard Studio,1 bed (1 double),2,,,21.60122592886,39.1648018173873,https://www.booking.com/hotel/sa/sorouh-taiba-aparthotels.en-gb.html?aid=304142&label=gen173nr-1DCAEoggI46AdIM1gEaMQBiAECmAEJuAEJyAER2AED6AEBiAIBqAIDuAKmm9z0BcACAQ&sid=42146239dcdf1e519ee673686891723f&all_sr_blocks=222038907_248712937_2_0_0&checkin=2020-04-24&checkout=2020-04-25&dest_id=186&dest_type=country&group_adults=2&group_children=0&hapos=586&highlighted_blocks=222038907_248712937_2_0_0&hpos=11&no_rooms=1&sr_order=class_and_price&sr_pri_blocks=222038907_248712937_2_0_0__5851&srepoch=1587183054&srpvid=35481d66a0c40001&ucfs=1&from=searchresultshttps://www.booking.com;highlight_room=#hotelTmpl,booking_kaggle,2020,2020-04-24,2026-09-13T06:37:49.339055+00:00,False
hotels_00586,434740,Durat Al Matar Apartment,Jeddah,Makkah,59,,7.1,728,Studio (2 Adults),2 beds (2 singles),2,,True,21.6315399768567,39.1631430387497,https://www.booking.com/hotel/sa/dura-al-matar.en-gb.html?aid=304142&label=gen173nr-1DCAEoggI46AdIM1gEaMQBiAECmAEJuAEJyAER2AED6AEBiAIBqAIDuAKmm9z0BcACAQ&sid=42146239dcdf1e519ee673686891723f&all_sr_blocks=43474001_190283414_0_0_0&checkin=2020-04-24&checkout=2020-04-25&dest_id=186&dest_type=country&group_adults=2&group_children=0&hapos=587&highlighted_blocks=43474001_190283414_0_0_0&hpos=12&no_rooms=1&sr_order=class_and_price&sr_pri_blocks=43474001_190283414_0_0_0__5900&srepoch=1587183054&srpvid=35481d66a0c40001&ucfs=1&from=searchresultshttps://www.booking.com;highlight_room=#hotelTmpl,booking_kaggle,2020,2020-04-24,2026-09-13T06:37:49.339055+00:00,False
hotels_00587,6384905,OYO 467 Al Dahya Hotel,Abha,Asir,59,,,,Standard Studio,1 bed (1 extra-large double),2,,True,18.216583,42.502773,https://www.booking.com/hotel/sa/oyo-467-al-dahya.en-gb.html?aid=304142&label=gen173nr-1DCAEoggI46AdIM1gEaMQBiAECmAEJuAEJyAER2AED6AEBiAIBqAIDuAKmm9z0BcACAQ&sid=42146239dcdf1e519ee673686891723f&all_sr_blocks=638490502_255204858_2_0_0&checkin=2020-04-24&checkout=2020-04-25&dest_id=186&dest_type=country&group_adults=2&group_children=0&hapos=588&highlighted_blocks=638490502_255204858_2_0_0&hpos=13&no_rooms=1&sr_order=class_and_price&sr_pri_blocks=638490502_255204858_2_0_0__5930&srepoch=1587183054&srpvid=35481d66a0c40001&ucfs=1&from=searchresultshttps://www.booking.com;highlight_room=#hotelTmpl,booking_kaggle,2020,2020-04-24,2026-09-13T06:37:49.339055+00:00,False
hotels_00588,2222839,Al Eairy Furnished Apartments- Jeddah 1,Jeddah,Makkah,60,,5.7,1,Double Room,2 beds (2 singles),2,,True,21.5310178286717,39.1885860909019,https://www.booking.com/hotel/sa/al-eairy-furnished-apartments-jeddah-1.en-gb.html?aid=304142&label=gen173nr-1DCAEoggI46AdIM1gEaMQBiAECmAEJuAEJyAER2AED6AEBiAIBqAIDuAKmm9z0BcACAQ&sid=42146239dcdf1e519ee673686891723f&all_sr_blocks=222283901_101061750_2_0_0&checkin=2020-04-24&checkout=2020-04-25&dest_id=186&dest_type=country&group_adults=2&group_children=0&hapos=589&highlighted_blocks=222283901_101061750_2_0_0&hpos=14&no_rooms=1&sr_order=class_and_price&sr_pri_blocks=222283901_101061750_2_0_0__6000&srepoch=1587183054&srpvid=35481d66a0c40001&ucfs=1&from=searchresultshttps://www.booking.com;highlight_room=#hotelTmpl,booking_kaggle,2020,2020-04-24,2026-09-13T06:37:49.339055+00:00,False
hotels_00589,6275760,شقق وغرف مؤثثة ( شهري وسنوي ),Dammam,Eastern Province,60,,,,Deluxe Double Room,1 bed (1 extra-large double),2,,True,26.424601,50.033332,https://www.booking.com/hotel/sa/shqq-wgrf-mw-thth-shhry-wsnwy.en-gb.html?aid=304142&label=gen173nr-1DCAEoggI46AdIM1gEaMQBiAECmAEJuAEJyAER2AED6AEBiAIBqAIDuAKmm9z0BcACAQ&sid=42146239dcdf1e519ee673686891723f&all_sr_blocks=627576001_254033876_2_2_0&checkin=2020-04-24&checkout=2020-04-25&dest_id=186&dest_type=country&group_adults=2&group_children=0&hapos=590&highlighted_blocks=627576001_254033876_2_2_0&hpos=15&no_rooms=1&sr_order=class_and_price&sr_pri_blocks=627576001_254033876_2_2_0__5999&srepoch=1587183054&srpvid=35481d66a0c40001&ucfs=1&from=searchresultshttps://www.booking.com;highlight_room=#hotelTmpl,booking_kaggle,2020,2020-04-24,2026-09-13T06:37:49.339055+00:00,False
hotels_00590,1056496,Hodooa Al Masaken,Riyadh,Riyadh,60,,7.6,285,Superior One-Bedroom Apartment,1 bed (1 extra-large double),2,,True,24.8046378295613,46.7648077011108,https://www.booking.com/hotel/sa/hdw-lmskn-lljnh-lfndqy.en-gb.html?aid=304142&label=gen173nr-1DCAEoggI46AdIM1gEaMQBiAECmAEJuAEJyAER2AED6AEBiAIBqAIDuAKmm9z0BcACAQ&sid=42146239dcdf1e519ee673686891723f&all_sr_blocks=105649603_184409793_2_0_0&checkin=2020-04-24&checkout=2020-04-25&dest_id=186&dest_type=country&group_adults=2&group_children=0&hapos=591&highlighted_blocks=105649603_184409793_2_0_0&hpos=16&no_rooms=1&sr_order=class_and_price&sr_pri_blocks=105649603_184409793_2_0_0__6000&srepoch=1587183054&srpvid=35481d66a0c40001&ucfs=1&from=searchresultshttps://www.booking.com;highlight_room=#hotelTmpl,booking_kaggle,2020,2020-04-24,2026-09-13T06:37:49.339055+00:00,False
hotels_00591,4890237,السعادة,Yanbu,Madinah,60,,7.2,293,Studio Apartment,1 bed (1 large double),3,,True,24.082996185895,38.041127392195,https://www.booking.com/hotel/sa/dyf-s-ny.en-gb.html?aid=304142&label=gen173nr-1DCAEoggI46AdIM1gEaMQBiAECmAEJuAEJyAER2AED6AEBiAIBqAIDuAKmm9z0BcACAQ&sid=42146239dcdf1e519ee673686891723f&all_sr_blocks=489023703_213927402_3_0_0&checkin=2020-04-24&checkout=2020-04-25&dest_id=186&dest_type=country&group_adults=2&group_children=0&hapos=592&highlighted_blocks=489023703_213927402_3_0_0&hpos=17&no_rooms=1&sr_order=class_and_price&sr_pri_blocks=489023703_213927402_3_0_0__6000&srepoch=1587183054&srpvid=35481d66a0c40001&ucfs=1&from=searchresultshttps://www.booking.com;highlight_room=#hotelTmpl,booking_kaggle,2020,2020-04-24,2026-09-13T06:37:49.339055+00:00,False
hotels_00592,2262306,The Blue Bow,Makkah,Makkah,60,,6.1,6,Deluxe Double Room,2 beds (2 singles),2,,True,21.3990908438234,39.8637054394931,https://www.booking.com/hotel/sa/waqf-habib-ashi.en-gb.html?aid=304142&label=gen173nr-1DCAEoggI46AdIM1gEaMQBiAECmAEJuAEJyAER2AED6AEBiAIBqAIDuAKmm9z0BcACAQ&sid=42146239dcdf1e519ee673686891723f&all_sr_blocks=226230602_115955853_2_0_0&checkin=2020-04-24&checkout=2020-04-25&dest_id=186&dest_type=country&group_adults=2&group_children=0&hapos=593&highlighted_blocks=226230602_115955853_2_0_0&hpos=18&no_rooms=1&sr_order=class_and_price&sr_pri_blocks=226230602_115955853_2_0_0__6000&srepoch=1587183054&srpvid=35481d66a0c40001&ucfs=1&from=searchresultshttps://www.booking.com;highlight_room=#hotelTmpl,booking_kaggle,2020,2020-04-24,2026-09-13T06:37:49.339055+00:00,False
hotels_00593,2217146,Al Eairy Apartment-Alqaseem 2,Buraydah,Qassim,60,,5.2,486,Double Room,2 beds (2 singles),2,,True,26.3268128354095,43.9715830609202,https://www.booking.com/hotel/sa/aleairy-furnished-residential-units-2.en-gb.html?aid=304142&label=gen173nr-1DCAEoggI46AdIM1gEaMQBiAECmAEJuAEJyAER2AED6AEBiAIBqAIDuAKmm9z0BcACAQ&sid=42146239dcdf1e519ee673686891723f&all_sr_blocks=221714601_98557373_2_0_0&checkin=2020-04-24&checkout=2020-04-25&dest_id=186&dest_type=country&group_adults=2&group_children=0&hapos=594&highlighted_blocks=221714601_98557373_2_0_0&hpos=19&no_rooms=1&sr_order=class_and_price&sr_pri_blocks=221714601_98557373_2_0_0__6000&srepoch=1587183054&srpvid=35481d66a0c40001&ucfs=1&from=searchresultshttps://www.booking.com;highlight_room=#hotelTmpl,booking_kaggle,2020,2020-04-24,2026-09-13T06:37:49.339055+00:00,False
hotels_00594,2514384,OYO 342 Dar Taibah Furnished Units,Jeddah,Makkah,60,,7.6,940,Deluxe Apartment,1 bed (1 extra-large double),2,,,21.6169404050583,39.1770784556866,https://www.booking.com/hotel/sa/dar-teeba-aparthotel.en-gb.html?aid=304142&label=gen173nr-1DCAEoggI46AdIM1gEaMQBiAECmAEJuAEJyAER2AED6AEBiAIBqAIDuAKmm9z0BcACAQ&sid=42146239dcdf1e519ee673686891723f&all_sr_blocks=251438406_249349293_2_0_0&checkin=2020-04-24&checkout=2020-04-25&dest_id=186&dest_type=country&group_adults=2&group_children=0&hapos=595&highlighted_blocks=251438406_249349293_2_0_0&hpos=20&no_rooms=1&sr_order=class_and_price&sr_pri_blocks=251438406_249349293_2_0_0__6009&srepoch=1587183054&srpvid=35481d66a0c40001&ucfs=1&from=searchresultshttps://www.booking.com;highlight_room=#hotelTmpl,booking_kaggle,2020,2020-04-24,2026-09-13T06:37:49.339055+00:00,False
hotels_00595,2230522,Al Eairy Furnished Apartments- Jeddah 2,Jeddah,Makkah,61,,5.6,949,Small Double Room,1 bed (1 double),2,,True,21.5336800139176,39.2025255311523,https://www.booking.com/hotel/sa/al-eairy-furnished-apartments-jeddah-2.en-gb.html?aid=304142&label=gen173nr-1DCAEoggI46AdIM1gEaMQBiAECmAEJuAEJyAER2AED6AEBiAIBqAIDuAKmm9z0BcACAQ&sid=42146239dcdf1e519ee673686891723f&all_sr_blocks=223052206_101061924_2_0_0&checkin=2020-04-24&checkout=2020-04-25&dest_id=186&dest_type=country&group_adults=2&group_children=0&hapos=596&highlighted_blocks=223052206_101061924_2_0_0&hpos=21&no_rooms=1&sr_order=class_and_price&sr_pri_blocks=223052206_101061924_2_0_0__6100&srepoch=1587183054&srpvid=35481d66a0c40001&ucfs=1&from=searchresultshttps://www.booking.com;highlight_room=#hotelTmpl,booking_kaggle,2020,2020-04-24,2026-09-13T06:37:49.339055+00:00,False
hotels_00596,2972631,إثراء الإبداع,Jeddah,Makkah,61,,7.3,454,Apartment With Shared Bathroom,1 bed (1 large double),2,,True,21.6141032014692,39.1492518782616,https://www.booking.com/hotel/sa/thr-lbd.en-gb.html?aid=304142&label=gen173nr-1DCAEoggI46AdIM1gEaMQBiAECmAEJuAEJyAER2AED6AEBiAIBqAIDuAKmm9z0BcACAQ&sid=42146239dcdf1e519ee673686891723f&all_sr_blocks=297263105_223994013_0_0_0&checkin=2020-04-24&checkout=2020-04-25&dest_id=186&dest_type=country&group_adults=2&group_children=0&hapos=597&highlighted_blocks=297263105_223994013_0_0_0&hpos=22&no_rooms=1&sr_order=class_and_price&sr_pri_blocks=297263105_223994013_0_0_0__6106&srepoch=1587183054&srpvid=35481d66a0c40001&ucfs=1&from=searchresultshttps://www.booking.com;highlight_room=#hotelTmpl,booking_kaggle,2020,2020-04-24,2026-09-13T06:37:49.339055+00:00,False
hotels_00597,6026585,Almakan Suites 111,Riyadh,Riyadh,61,,4.8,95,Studio Apartment,,2,,True,24.59285,46.735891,https://www.booking.com/hotel/sa/almakan-suites-111.en-gb.html?aid=304142&label=gen173nr-1DCAEoggI46AdIM1gEaMQBiAECmAEJuAEJyAER2AED6AEBiAIBqAIDuAKmm9z0BcACAQ&sid=42146239dcdf1e519ee673686891723f&all_sr_blocks=602658501_236439779_2_0_0&checkin=2020-04-24&checkout=2020-04-25&dest_id=186&dest_type=country&group_adults=2&group_children=0&hapos=598&highlighted_blocks=602658501_236439779_2_0_0&hpos=23&no_rooms=1&sr_order=class_and_price&sr_pri_blocks=602658501_236439779_2_0_0__6120&srepoch=1587183054&srpvid=35481d66a0c40001&ucfs=1&from=searchresultshttps://www.booking.com;highlight_room=#hotelTmpl,booking_kaggle,2020,2020-04-24,2026-09-13T06:37:49.339055+00:00,False
hotels_00598,2230508,Al Eairy Apartments Jeddah 3,Jeddah,Makkah,62,,5.4,579,Double or Twin Room,1 bed (1 double),2,,True,21.6198850996559,39.1682402681522,https://www.booking.com/hotel/sa/al-eairy-apartments-jeddah-3.en-gb.html?aid=304142&label=gen173nr-1DCAEoggI46AdIM1gEaMQBiAECmAEJuAEJyAER2AED6AEBiAIBqAIDuAKmm9z0BcACAQ&sid=42146239dcdf1e519ee673686891723f&all_sr_blocks=223050801_107281079_2_0_0&checkin=2020-04-24&checkout=2020-04-25&dest_id=186&dest_type=country&group_adults=2&group_children=0&hapos=599&highlighted_blocks=223050801_107281079_2_0_0&hpos=24&no_rooms=1&sr_order=class_and_price&sr_pri_blocks=223050801_107281079_2_0_0__6200&srepoch=1587183054&srpvid=35481d66a0c40001&ucfs=1&from=searchresultshttps://www.booking.com;highlight_room=#hotelTmpl,booking_kaggle,2020,2020-04-24,2026-09-13T06:37:49.339055+00:00,False
hotels_00599,1194108,Towlan Hotel Suites 1,Riyadh,Riyadh,63,,6.3,563,One-Bedroom Apartment,1 bed (1 large double),2,,,24.7754847400482,46.834724843502,https://www.booking.com/hotel/sa/towlan-suites-al-jaber.en-gb.html?aid=304142&label=gen173nr-1DCAEoggI46AdIM1gEaMQBiAECmAEJuAEJyAER2AED6AEBiAIBqAIDuAKmm9z0BcACAQ&sid=42146239dcdf1e519ee673686891723f&all_sr_blocks=119410801_222096155_2_0_0&checkin=2020-04-24&checkout=2020-04-25&dest_id=186&dest_type=country&group_adults=2&group_children=0&hapos=600&highlighted_blocks=119410801_222096155_2_0_0&hpos=25&no_rooms=1&sr_order=class_and_price&sr_pri_blocks=119410801_222096155_2_0_0__6300&srepoch=1587183054&srpvid=35481d66a0c40001&ucfs=1&from=searchresultshttps://www.booking.com;highlight_room=#hotelTmpl,booking_kaggle,2020,2020-04-24,2026-09-13T06:37:49.339055+00:00,False
hotels_00600,2225949,Al Eairy Apartments - Tabuk 1,Tabuk,Tabuk,63,,5.6,197,Double or Twin Room,1 bed (1 double),2,,True,28.4091831482928,36.5859424784653,https://www.booking.com/hotel/sa/al-eairy-apartments-tabuk-1.en-gb.html?aid=304142&label=gen173nr-1DCAEoggI46AdIM1gEaMQBiAECmAEJuAEJyAER2AED6AEBiAIBqAIDuAKmm9z0BcACAQ&sid=42146239dcdf1e519ee673686891723f&all_sr_blocks=222594902_101120233_2_0_0&checkin=2020-04-24&checkout=2020-04-25&dest_id=186&dest_type=country&group_adults=2&group_children=0&hapos=601&highlighted_blocks=222594902_101120233_2_0_0&hpos=1&no_rooms=1&sr_order=class_and_price&sr_pri_blocks=222594902_101120233_2_0_0__6300&srepoch=1587183062&srpvid=35481d6b80c2009b&ucfs=1&from=searchresultshttps://www.booking.com;highlight_room=#hotelTmpl,booking_kaggle,2020,2020-04-24,2026-09-13T06:37:49.339055+00:00,False
hotels_00601,2225976,Al Eairy Apartments - Jeddah 4,Jeddah,Makkah,63,,5.5,973,Double or Twin Room,1 bed (1 double),2,,True,21.6136742587326,39.1677296440278,https://www.booking.com/hotel/sa/al-eairy-apartments-jeddah-4.en-gb.html?aid=304142&label=gen173nr-1DCAEoggI46AdIM1gEaMQBiAECmAEJuAEJyAER2AED6AEBiAIBqAIDuAKmm9z0BcACAQ&sid=42146239dcdf1e519ee673686891723f&all_sr_blocks=222597604_101062113_0_0_0&checkin=2020-04-24&checkout=2020-04-25&dest_id=186&dest_type=country&group_adults=2&group_children=0&hapos=602&highlighted_blocks=222597604_101062113_0_0_0&hpos=2&no_rooms=1&sr_order=class_and_price&sr_pri_blocks=222597604_101062113_0_0_0__6300&srepoch=1587183062&srpvid=35481d6b80c2009b&ucfs=1&from=searchresultshttps://www.booking.com;highlight_room=#hotelTmpl,booking_kaggle,2020,2020-04-24,2026-09-13T06:37:49.339055+00:00,False
hotels_00602,2231679,Al Eairy Apartments - Tabuk 3,Tabuk,Tabuk,64,,5.4,274,Double Room,2 beds (2 singles),2,,True,28.3994981888984,36.5300667285919,https://www.booking.com/hotel/sa/al-eairy-apartments-tabuk-3.en-gb.html?aid=304142&label=gen173nr-1DCAEoggI46AdIM1gEaMQBiAECmAEJuAEJyAER2AED6AEBiAIBqAIDuAKmm9z0BcACAQ&sid=42146239dcdf1e519ee673686891723f&all_sr_blocks=223167906_101119971_2_0_0&checkin=2020-04-24&checkout=2020-04-25&dest_id=186&dest_type=country&group_adults=2&group_children=0&hapos=603&highlighted_blocks=223167906_101119971_2_0_0&hpos=3&no_rooms=1&sr_order=class_and_price&sr_pri_blocks=223167906_101119971_2_0_0__6400&srepoch=1587183062&srpvid=35481d6b80c2009b&ucfs=1&from=searchresultshttps://www.booking.com;highlight_room=#hotelTmpl,booking_kaggle,2020,2020-04-24,2026-09-13T06:37:49.339055+00:00,False
hotels_00603,2231700,Al Eairy Apartments - Jeddah 6,Jeddah,Makkah,64,,5.8,461,Double or Twin Room,2 beds (2 singles),2,,True,21.4064438080655,39.2645305395126,https://www.booking.com/hotel/sa/al-eairy-apartments-jeddah-6-khumrah.en-gb.html?aid=304142&label=gen173nr-1DCAEoggI46AdIM1gEaMQBiAECmAEJuAEJyAER2AED6AEBiAIBqAIDuAKmm9z0BcACAQ&sid=42146239dcdf1e519ee673686891723f&all_sr_blocks=223170005_101062619_0_0_0&checkin=2020-04-24&checkout=2020-04-25&dest_id=186&dest_type=country&group_adults=2&group_children=0&hapos=604&highlighted_blocks=223170005_101062619_0_0_0&hpos=4&no_rooms=1&sr_order=class_and_price&sr_pri_blocks=223170005_101062619_0_0_0__6400&srepoch=1587183062&srpvid=35481d6b80c2009b&ucfs=1&from=searchresultshttps://www.booking.com;highlight_room=#hotelTmpl,booking_kaggle,2020,2020-04-24,2026-09-13T06:37:49.339055+00:00,False
hotels_00604,5925677,بسمة بلازا شقق فندقية,Abha,Asir,65,,6.0,105,Budget Double Room,1 bed (1 extra-large double),2,,True,18.2266108542023,42.5050712148972,https://www.booking.com/hotel/sa/njm-syr-llwhdt-lskny-lmfrwsh.en-gb.html?aid=304142&label=gen173nr-1DCAEoggI46AdIM1gEaMQBiAECmAEJuAEJyAER2AED6AEBiAIBqAIDuAKmm9z0BcACAQ&sid=42146239dcdf1e519ee673686891723f&all_sr_blocks=592567701_232328272_2_0_0&checkin=2020-04-24&checkout=2020-04-25&dest_id=186&dest_type=country&group_adults=2&group_children=0&hapos=605&highlighted_blocks=592567701_232328272_2_0_0&hpos=5&no_rooms=1&sr_order=class_and_price&sr_pri_blocks=592567701_232328272_2_0_0__6500&srepoch=1587183062&srpvid=35481d6b80c2009b&ucfs=1&from=searchresultshttps://www.booking.com;highlight_room=#hotelTmpl,booking_kaggle,2020,2020-04-24,2026-09-13T06:37:49.339055+00:00,False
hotels_00605,2225931,Al Eairy Apartments - Jeddah 5,Jeddah,Makkah,65,,5.8,498,Double or Twin Room,2 beds (2 singles),2,,True,21.4144246118139,39.2905613944397,https://www.booking.com/hotel/sa/al-eairy-apartments-jeddah-5-jeddah.en-gb.html?aid=304142&label=gen173nr-1DCAEoggI46AdIM1gEaMQBiAECmAEJuAEJyAER2AED6AEBiAIBqAIDuAKmm9z0BcACAQ&sid=42146239dcdf1e519ee673686891723f&all_sr_blocks=222593105_101062473_2_0_0&checkin=2020-04-24&checkout=2020-04-25&dest_id=186&dest_type=country&group_adults=2&group_children=0&hapos=606&highlighted_blocks=222593105_101062473_2_0_0&hpos=6&no_rooms=1&sr_order=class_and_price&sr_pri_blocks=222593105_101062473_2_0_0__6500&srepoch=1587183063&srpvid=35481d6b80c2009b&ucfs=1&from=searchresultshttps://www.booking.com;highlight_room=#hotelTmpl,booking_kaggle,2020,2020-04-24,2026-09-13T06:37:49.339055+00:00,False
hotels_00606,3492313,Wardah Al Khobar Apartment,Al Khobar,Eastern Province,65,,5.4,188,Standard Apartment,1 bed (1 double),2,,,26.295514,50.196121,https://www.booking.com/hotel/sa/shqq-wrd-lkhbr-lmfrwshh.en-gb.html?aid=304142&label=gen173nr-1DCAEoggI46AdIM1gEaMQBiAECmAEJuAEJyAER2AED6AEBiAIBqAIDuAKmm9z0BcACAQ&sid=42146239dcdf1e519ee673686891723f&all_sr_blocks=349231307_117574231_2_0_0&checkin=2020-04-24&checkout=2020-04-25&dest_id=186&dest_type=country&group_adults=2&group_children=0&hapos=607&highlighted_blocks=349231307_117574231_2_0_0&hpos=7&no_rooms=1&sr_order=class_and_price&sr_pri_blocks=349231307_117574231_2_0_0__6500&srepoch=1587183063&srpvid=35481d6b80c2009b&ucfs=1&from=searchresultshttps://www.booking.com;highlight_room=#hotelTmpl,booking_kaggle,2020,2020-04-24,2026-09-13T06:37:49.339055+00:00,False
hotels_00607,3377456,Amwaj Al Corniche Hotel Suites,Al Khobar,Eastern Province,65,,5.9,497,Deluxe Double Room,1 bed (1 large double),2,,True,26.2942030702062,50.219829847252,https://www.booking.com/hotel/sa/mwj-lkwrnysh.en-gb.html?aid=304142&label=gen173nr-1DCAEoggI46AdIM1gEaMQBiAECmAEJuAEJyAER2AED6AEBiAIBqAIDuAKmm9z0BcACAQ&sid=42146239dcdf1e519ee673686891723f&all_sr_blocks=337745609_228108749_2_0_0&checkin=2020-04-24&checkout=2020-04-25&dest_id=186&dest_type=country&group_adults=2&group_children=0&hapos=608&highlighted_blocks=337745609_228108749_2_0_0&hpos=8&no_rooms=1&sr_order=class_and_price&sr_pri_blocks=337745609_228108749_2_0_0__6500&srepoch=1587183063&srpvid=35481d6b80c2009b&ucfs=1&from=searchresultshttps://www.booking.com;highlight_room=#hotelTmpl,booking_kaggle,2020,2020-04-24,2026-09-13T06:37:49.339055+00:00,False
hotels_00608,3452790,Al Qimah Apartments,Dammam,Eastern Province,65,,5.6,261,Standard Double Room with Shared Bathroom,2 beds (2 singles),2,,,26.440642,50.082908,https://www.booking.com/hotel/sa/lqmh-lshqq-lfndqyh.en-gb.html?aid=304142&label=gen173nr-1DCAEoggI46AdIM1gEaMQBiAECmAEJuAEJyAER2AED6AEBiAIBqAIDuAKmm9z0BcACAQ&sid=42146239dcdf1e519ee673686891723f&all_sr_blocks=345279001_206483173_2_0_0&checkin=2020-04-24&checkout=2020-04-25&dest_id=186&dest_type=country&group_adults=2&group_children=0&hapos=609&highlighted_blocks=345279001_206483173_2_0_0&hpos=9&no_rooms=1&sr_order=class_and_price&sr_pri_blocks=345279001_206483173_2_0_0__6500&srepoch=1587183063&srpvid=35481d6b80c2009b&ucfs=1&from=searchresultshttps://www.booking.com;highlight_room=#hotelTmpl,booking_kaggle,2020,2020-04-24,2026-09-13T06:37:49.339055+00:00,False
hotels_00609,2250074,Al Eairy Apartment-Riyadh 6,Riyadh,Riyadh,65,,5.7,490,Twin Room with Private External Bathroom,2 beds (2 singles),2,,,24.6128314723423,46.7279031872749,https://www.booking.com/hotel/sa/al-eairy-apartment-riyadh-6.en-gb.html?aid=304142&label=gen173nr-1DCAEoggI46AdIM1gEaMQBiAECmAEJuAEJyAER2AED6AEBiAIBqAIDuAKmm9z0BcACAQ&sid=42146239dcdf1e519ee673686891723f&all_sr_blocks=225007408_201856822_2_0_0&checkin=2020-04-24&checkout=2020-04-25&dest_id=186&dest_type=country&group_adults=2&group_children=0&hapos=610&highlighted_blocks=225007408_201856822_2_0_0&hpos=10&no_rooms=1&sr_order=class_and_price&sr_pri_blocks=225007408_201856822_2_0_0__6500&srepoch=1587183063&srpvid=35481d6b80c2009b&ucfs=1&from=searchresultshttps://www.booking.com;highlight_room=#hotelTmpl,booking_kaggle,2020,2020-04-24,2026-09-13T06:37:49.339055+00:00,False
hotels_00610,2231816,Al Eairy Apartments - Tabuk 6,Tabuk,Tabuk,65,,6.0,289,Double or Twin Room,2 beds (2 singles),2,,True,28.4025747959043,36.5525972850892,https://www.booking.com/hotel/sa/al-eairy-apartments-tabuk-6.en-gb.html?aid=304142&label=gen173nr-1DCAEoggI46AdIM1gEaMQBiAECmAEJuAEJyAER2AED6AEBiAIBqAIDuAKmm9z0BcACAQ&sid=42146239dcdf1e519ee673686891723f&all_sr_blocks=223181605_101120169_2_0_0&checkin=2020-04-24&checkout=2020-04-25&dest_id=186&dest_type=country&group_adults=2&group_children=0&hapos=611&highlighted_blocks=223181605_101120169_2_0_0&hpos=11&no_rooms=1&sr_order=class_and_price&sr_pri_blocks=223181605_101120169_2_0_0__6500&srepoch=1587183063&srpvid=35481d6b80c2009b&ucfs=1&from=searchresultshttps://www.booking.com;highlight_room=#hotelTmpl,booking_kaggle,2020,2020-04-24,2026-09-13T06:37:49.339055+00:00,False
hotels_00611,2448401,The Pacific River,Dammam,Eastern Province,66,,4.0,7,Studio Apartment,6 beds (6 singles),6,,True,26.4484347323468,50.0964546203613,https://www.booking.com/hotel/sa/nouf-16-aparthotel.en-gb.html?aid=304142&label=gen173nr-1DCAEoggI46AdIM1gEaMQBiAECmAEJuAEJyAER2AED6AEBiAIBqAIDuAKmm9z0BcACAQ&sid=42146239dcdf1e519ee673686891723f&all_sr_blocks=244840112_206290611_0_0_0&checkin=2020-04-24&checkout=2020-04-25&dest_id=186&dest_type=country&group_adults=2&group_children=0&hapos=612&highlighted_blocks=244840112_206290611_0_0_0&hpos=12&no_rooms=1&sr_order=class_and_price&sr_pri_blocks=244840112_206290611_0_0_0__6555&srepoch=1587183063&srpvid=35481d6b80c2009b&ucfs=1&from=searchresultshttps://www.booking.com;highlight_room=#hotelTmpl,booking_kaggle,2020,2020-04-24,2026-09-13T06:37:49.339055+00:00,False
hotels_00612,2231723,Al Eairy Apartments- Tabuk 2,Tabuk,Tabuk,66,,5.9,744,Double Room,1 bed (1 double),2,,True,28.4198956833789,36.5686905391785,https://www.booking.com/hotel/sa/al-eairy-apartments-tabuk-2.en-gb.html?aid=304142&label=gen173nr-1DCAEoggI46AdIM1gEaMQBiAECmAEJuAEJyAER2AED6AEBiAIBqAIDuAKmm9z0BcACAQ&sid=42146239dcdf1e519ee673686891723f&all_sr_blocks=223172302_101119909_2_0_0&checkin=2020-04-24&checkout=2020-04-25&dest_id=186&dest_type=country&group_adults=2&group_children=0&hapos=613&highlighted_blocks=223172302_101119909_2_0_0&hpos=13&no_rooms=1&sr_order=class_and_price&sr_pri_blocks=223172302_101119909_2_0_0__6600&srepoch=1587183063&srpvid=35481d6b80c2009b&ucfs=1&from=searchresultshttps://www.booking.com;highlight_room=#hotelTmpl,booking_kaggle,2020,2020-04-24,2026-09-13T06:37:49.339055+00:00,False
hotels_00613,5251730,OYO 315 Ramz Abha Hotel,Abha,Asir,66,,7.5,200,Standard Studio,1 bed (1 double),2,,,18.2288329493074,42.509127881691,https://www.booking.com/hotel/sa/rmz-bh-llwhdt-lskny.en-gb.html?aid=304142&label=gen173nr-1DCAEoggI46AdIM1gEaMQBiAECmAEJuAEJyAER2AED6AEBiAIBqAIDuAKmm9z0BcACAQ&sid=42146239dcdf1e519ee673686891723f&all_sr_blocks=525173005_249346761_2_0_0&checkin=2020-04-24&checkout=2020-04-25&dest_id=186&dest_type=country&group_adults=2&group_children=0&hapos=614&highlighted_blocks=525173005_249346761_2_0_0&hpos=14&no_rooms=1&sr_order=class_and_price&sr_pri_blocks=525173005_249346761_2_0_0__6638&srepoch=1587183063&srpvid=35481d6b80c2009b&ucfs=1&from=searchresultshttps://www.booking.com;highlight_room=#hotelTmpl,booking_kaggle,2020,2020-04-24,2026-09-13T06:37:49.339055+00:00,False
hotels_00614,2230560,Al Eairy Apartments - Al Taif,Taif,Makkah,68,,5.2,622,Double or Twin Room,2 beds (2 singles),2,,True,21.2791074019631,40.4141092300415,https://www.booking.com/hotel/sa/al-eairy-apartments-al-taif.en-gb.html?aid=304142&label=gen173nr-1DCAEoggI46AdIM1gEaMQBiAECmAEJuAEJyAER2AED6AEBiAIBqAIDuAKmm9z0BcACAQ&sid=42146239dcdf1e519ee673686891723f&all_sr_blocks=223056001_101117306_2_0_0&checkin=2020-04-24&checkout=2020-04-25&dest_id=186&dest_type=country&group_adults=2&group_children=0&hapos=615&highlighted_blocks=223056001_101117306_2_0_0&hpos=15&no_rooms=1&sr_order=class_and_price&sr_pri_blocks=223056001_101117306_2_0_0__6800&srepoch=1587183063&srpvid=35481d6b80c2009b&ucfs=1&from=searchresultshttps://www.booking.com;highlight_room=#hotelTmpl,booking_kaggle,2020,2020-04-24,2026-09-13T06:37:49.339055+00:00,False
hotels_00615,1352825,Almakan Suites 102,Riyadh,Riyadh,68,,5.8,632,Studio,1 bed (1 large double),2,,True,24.7977374000227,46.6272988915443,https://www.booking.com/hotel/sa/aram-house-apartments.en-gb.html?aid=304142&label=gen173nr-1DCAEoggI46AdIM1gEaMQBiAECmAEJuAEJyAER2AED6AEBiAIBqAIDuAKmm9z0BcACAQ&sid=42146239dcdf1e519ee673686891723f&all_sr_blocks=135282501_104742225_0_0_0&checkin=2020-04-24&checkout=2020-04-25&dest_id=186&dest_type=country&group_adults=2&group_children=0&hapos=616&highlighted_blocks=135282501_104742225_0_0_0&hpos=16&no_rooms=1&sr_order=class_and_price&sr_pri_blocks=135282501_104742225_0_0_0__6840&srepoch=1587183063&srpvid=35481d6b80c2009b&ucfs=1&from=searchresultshttps://www.booking.com;highlight_room=#hotelTmpl,booking_kaggle,2020,2020-04-24,2026-09-13T06:37:49.339055+00:00,False
hotels_00616,1176944,Almakan Suites 101,Riyadh,Riyadh,68,,5.8,679,Studio,1 bed (1 double),2,,True,24.797495,46.627436,https://www.booking.com/hotel/sa/meena.en-gb.html?aid=304142&label=gen173nr-1DCAEoggI46AdIM1gEaMQBiAECmAEJuAEJyAER2AED6AEBiAIBqAIDuAKmm9z0BcACAQ&sid=42146239dcdf1e519ee673686891723f&all_sr_blocks=117694402_203972596_0_0_0&checkin=2020-04-24&checkout=2020-04-25&dest_id=186&dest_type=country&group_adults=2&group_children=0&hapos=617&highlighted_blocks=117694402_203972596_0_0_0&hpos=17&no_rooms=1&sr_order=class_and_price&sr_pri_blocks=117694402_203972596_0_0_0__6840&srepoch=1587183063&srpvid=35481d6b80c2009b&ucfs=1&from=searchresultshttps://www.booking.com;highlight_room=#hotelTmpl,booking_kaggle,2020,2020-04-24,2026-09-13T06:37:49.339055+00:00,False
hotels_00617,2241257,Almakan Almosafer Hotel 106,Riyadh,Riyadh,68,,5.9,1,Studio,1 bed (1 large double),2,,True,24.78761498309,46.737118922174,https://www.booking.com/hotel/sa/mayyun-ghirnatah.en-gb.html?aid=304142&label=gen173nr-1DCAEoggI46AdIM1gEaMQBiAECmAEJuAEJyAER2AED6AEBiAIBqAIDuAKmm9z0BcACAQ&sid=42146239dcdf1e519ee673686891723f&all_sr_blocks=224125703_203983217_2_0_0&checkin=2020-04-24&checkout=2020-04-25&dest_id=186&dest_type=country&group_adults=2&group_children=0&hapos=618&highlighted_blocks=224125703_203983217_2_0_0&hpos=18&no_rooms=1&sr_order=class_and_price&sr_pri_blocks=224125703_203983217_2_0_0__6840&srepoch=1587183063&srpvid=35481d6b80c2009b&ucfs=1&from=searchresultshttps://www.booking.com;highlight_room=#hotelTmpl,booking_kaggle,2020,2020-04-24,2026-09-13T06:37:49.339055+00:00,False
hotels_00618,2698269,Danar Hotel Apartments 5,Al Khobar,Eastern Province,69,,7.1,449,Double Room,1 bed (1 extra-large double),2,,True,26.2953232687469,50.1763076707721,https://www.booking.com/hotel/sa/dnr-llwhdt-lfndqy.en-gb.html?aid=304142&label=gen173nr-1DCAEoggI46AdIM1gEaMQBiAECmAEJuAEJyAER2AED6AEBiAIBqAIDuAKmm9z0BcACAQ&sid=42146239dcdf1e519ee673686891723f&all_sr_blocks=269826901_109190925_2_0_0&checkin=2020-04-24&checkout=2020-04-25&dest_id=186&dest_type=country&group_adults=2&group_children=0&hapos=619&highlighted_blocks=269826901_109190925_2_0_0&hpos=19&no_rooms=1&sr_order=class_and_price&sr_pri_blocks=269826901_109190925_2_0_0__6900&srepoch=1587183063&srpvid=35481d6b80c2009b&ucfs=1&from=searchresultshttps://www.booking.com;highlight_room=#hotelTmpl,booking_kaggle,2020,2020-04-24,2026-09-13T06:37:49.339055+00:00,False
hotels_00619,2195534,Al Eairy Apartments Al Riyad 5,Riyadh,Riyadh,69,,4.8,146,Double Room with Private Bathroom,2 beds (2 singles),2,,True,24.6128220231111,46.7280614376068,https://www.booking.com/hotel/sa/al-eairy-furnished-apartments.en-gb.html?aid=304142&label=gen173nr-1DCAEoggI46AdIM1gEaMQBiAECmAEJuAEJyAER2AED6AEBiAIBqAIDuAKmm9z0BcACAQ&sid=42146239dcdf1e519ee673686891723f&all_sr_blocks=219553410_101117495_2_0_0&checkin=2020-04-24&checkout=2020-04-25&dest_id=186&dest_type=country&group_adults=2&group_children=0&hapos=620&highlighted_blocks=219553410_101117495_2_0_0&hpos=20&no_rooms=1&sr_order=class_and_price&sr_pri_blocks=219553410_101117495_2_0_0__6900&srepoch=1587183063&srpvid=35481d6b80c2009b&ucfs=1&from=searchresultshttps://www.booking.com;highlight_room=#hotelTmpl,booking_kaggle,2020,2020-04-24,2026-09-13T06:37:49.339055+00:00,False
hotels_00620,2618363,Makarem Al Olaya Suites,Al Khobar,Eastern Province,69,,7.6,40,Twin Room,2 beds (2 singles),2,,True,26.2938141838706,50.1779508590698,https://www.booking.com/hotel/sa/kyan-makarem-suites.en-gb.html?aid=304142&label=gen173nr-1DCAEoggI46AdIM1gEaMQBiAECmAEJuAEJyAER2AED6AEBiAIBqAIDuAKmm9z0BcACAQ&sid=42146239dcdf1e519ee673686891723f&all_sr_blocks=261836301_236080322_2_0_0&checkin=2020-04-24&checkout=2020-04-25&dest_id=186&dest_type=country&group_adults=2&group_children=0&hapos=621&highlighted_blocks=261836301_236080322_2_0_0&hpos=21&no_rooms=1&sr_order=class_and_price&sr_pri_blocks=261836301_236080322_2_0_0__6900&srepoch=1587183063&srpvid=35481d6b80c2009b&ucfs=1&from=searchresultshttps://www.booking.com;highlight_room=#hotelTmpl,booking_kaggle,2020,2020-04-24,2026-09-13T06:37:49.339055+00:00,False
hotels_00621,5596110,ابراج الحسام للشقق الفندقية,Ahad Rafidah,Asir,69,,6.3,86,Deluxe Double Room (2 Adults + 1 Child),1 bed (1 large double),2,,True,18.1891995196303,42.8167992346363,https://www.booking.com/hotel/sa/brj-lhsm-llshqq-lfndqy-hdrfyd-khmys-mshyt-bh.en-gb.html?aid=304142&label=gen173nr-1DCAEoggI46AdIM1gEaMQBiAECmAEJuAEJyAER2AED6AEBiAIBqAIDuAKmm9z0BcACAQ&sid=42146239dcdf1e519ee673686891723f&all_sr_blocks=559611001_209498687_2_0_0&checkin=2020-04-24&checkout=2020-04-25&dest_id=186&dest_type=country&group_adults=2&group_children=0&hapos=622&highlighted_blocks=559611001_209498687_2_0_0&hpos=22&no_rooms=1&sr_order=class_and_price&sr_pri_blocks=559611001_209498687_2_0_0__6900&srepoch=1587183063&srpvid=35481d6b80c2009b&ucfs=1&from=searchresultshttps://www.booking.com;highlight_room=#hotelTmpl,booking_kaggle,2020,2020-04-24,2026-09-13T06:37:49.339055+00:00,False
hotels_00622,2620193,Fadet Talla Residentials,Buraydah,Qassim,70,,8.0,221,Studio Apartment,1 bed (1 extra-large double),2,,True,26.395343,43.954329,https://www.booking.com/hotel/sa/fadet-talla-residentals-bryd.en-gb.html?aid=304142&label=gen173nr-1DCAEoggI46AdIM1gEaMQBiAECmAEJuAEJyAER2AED6AEBiAIBqAIDuAKmm9z0BcACAQ&sid=42146239dcdf1e519ee673686891723f&all_sr_blocks=262019301_198085112_2_0_0&checkin=2020-04-24&checkout=2020-04-25&dest_id=186&dest_type=country&group_adults=2&group_children=0&hapos=623&highlighted_blocks=262019301_198085112_2_0_0&hpos=23&no_rooms=1&sr_order=class_and_price&sr_pri_blocks=262019301_198085112_2_0_0__7000&srepoch=1587183063&srpvid=35481d6b80c2009b&ucfs=1&from=searchresultshttps://www.booking.com;highlight_room=#hotelTmpl,booking_kaggle,2020,2020-04-24,2026-09-13T06:37:49.339055+00:00,False
hotels_00623,2232249,Al Eairy Apartments- Tabuk 4,Tabuk,Tabuk,70,,5.3,166,One-Bedroom Apartment,1 bed (1 double),2,,,28.39615484864,36.5242302417755,https://www.booking.com/hotel/sa/al-eairy-apartments-tabuk-4.en-gb.html?aid=304142&label=gen173nr-1DCAEoggI46AdIM1gEaMQBiAECmAEJuAEJyAER2AED6AEBiAIBqAIDuAKmm9z0BcACAQ&sid=42146239dcdf1e519ee673686891723f&all_sr_blocks=223224903_201861666_2_0_0&checkin=2020-04-24&checkout=2020-04-25&dest_id=186&dest_type=country&group_adults=2&group_children=0&hapos=624&highlighted_blocks=223224903_201861666_2_0_0&hpos=24&no_rooms=1&sr_order=class_and_price&sr_pri_blocks=223224903_201861666_2_0_0__7000&srepoch=1587183063&srpvid=35481d6b80c2009b&ucfs=1&from=searchresultshttps://www.booking.com;highlight_room=#hotelTmpl,booking_kaggle,2020,2020-04-24,2026-09-13T06:37:49.339055+00:00,False
hotels_00624,4048519,Al Quba Al Zahabia Furnished Units,Riyadh,Riyadh,71,,7.0,918,Standard Twin Room with Sofa,2 beds (2 singles),2,,True,24.6593027298495,46.6959382805786,https://www.booking.com/hotel/sa/lqb-ldhhby-lljnhh-lfndqyh.en-gb.html?aid=304142&label=gen173nr-1DCAEoggI46AdIM1gEaMQBiAECmAEJuAEJyAER2AED6AEBiAIBqAIDuAKmm9z0BcACAQ&sid=42146239dcdf1e519ee673686891723f&all_sr_blocks=404851903_179248814_2_0_0&checkin=2020-04-24&checkout=2020-04-25&dest_id=186&dest_type=country&group_adults=2&group_children=0&hapos=625&highlighted_blocks=404851903_179248814_2_0_0&hpos=25&no_rooms=1&sr_order=class_and_price&sr_pri_blocks=404851903_179248814_2_0_0__7100&srepoch=1587183063&srpvid=35481d6b80c2009b&ucfs=1&from=searchresultshttps://www.booking.com;highlight_room=#hotelTmpl,booking_kaggle,2020,2020-04-24,2026-09-13T06:37:49.339055+00:00,False
hotels_00625,4766370,جوهره المواسم,Tabuk,Tabuk,73,,7.2,597,Standard Studio,1 bed (1 double),2,,True,28.3658426647605,36.5762113541871,https://www.booking.com/hotel/sa/jwhrh-lmwsm.en-gb.html?aid=304142&label=gen173nr-1DCAEoggI46AdIM1gEaMQBiAECmAEJuAEJyAER2AED6AEBiAIBqAIDuAKmm9z0BcACAQ&sid=42146239dcdf1e519ee673686891723f&all_sr_blocks=476637001_151043325_2_0_0&checkin=2020-04-24&checkout=2020-04-25&dest_id=186&dest_type=country&group_adults=2&group_children=0&hapos=626&highlighted_blocks=476637001_151043325_2_0_0&hpos=1&no_rooms=1&sr_order=class_and_price&sr_pri_blocks=476637001_151043325_2_0_0__7250&srepoch=1587183072&srpvid=1f7e1d6fa30f001a&ucfs=1&from=searchresultshttps://www.booking.com;highlight_room=#hotelTmpl,booking_kaggle,2020,2020-04-24,2026-09-13T06:37:49.339055+00:00,False
hotels_00626,2865077,دار كنان للوحدات السكنية,Jeddah,Makkah,73,,6.6,547,Budget Room,1 bed (1 double),2,,True,21.5409159044438,39.2062089219689,https://www.booking.com/hotel/sa/dr-knn-llwhdt-lskny.en-gb.html?aid=304142&label=gen173nr-1DCAEoggI46AdIM1gEaMQBiAECmAEJuAEJyAER2AED6AEBiAIBqAIDuAKmm9z0BcACAQ&sid=42146239dcdf1e519ee673686891723f&all_sr_blocks=286507702_183273991_0_0_0&checkin=2020-04-24&checkout=2020-04-25&dest_id=186&dest_type=country&group_adults=2&group_children=0&hapos=627&highlighted_blocks=286507702_183273991_0_0_0&hpos=2&no_rooms=1&sr_order=class_and_price&sr_pri_blocks=286507702_183273991_0_0_0__7250&srepoch=1587183072&srpvid=1f7e1d6fa30f001a&ucfs=1&from=searchresultshttps://www.booking.com;highlight_room=#hotelTmpl,booking_kaggle,2020,2020-04-24,2026-09-13T06:37:49.339055+00:00,False
hotels_00627,6297766,برج يزن للشقق المفروشة,Jeddah,Makkah,73,,4.8,3,Studio,2 beds (2 singles),2,,True,21.5200445996564,39.162976560955,https://www.booking.com/hotel/sa/al-yazan-tour.en-gb.html?aid=304142&label=gen173nr-1DCAEoggI46AdIM1gEaMQBiAECmAEJuAEJyAER2AED6AEBiAIBqAIDuAKmm9z0BcACAQ&sid=42146239dcdf1e519ee673686891723f&all_sr_blocks=629776604_245883122_2_0_0&checkin=2020-04-24&checkout=2020-04-25&dest_id=186&dest_type=country&group_adults=2&group_children=0&hapos=628&highlighted_blocks=629776604_245883122_2_0_0&hpos=3&no_rooms=1&sr_order=class_and_price&sr_pri_blocks=629776604_245883122_2_0_0__7337&srepoch=1587183072&srpvid=1f7e1d6fa30f001a&ucfs=1&from=searchresultshttps://www.booking.com;highlight_room=#hotelTmpl,booking_kaggle,2020,2020-04-24,2026-09-13T06:37:49.339055+00:00,False
hotels_00628,3940512,Khobar Fantastic Furnished Apartments,Al Khobar,Eastern Province,74,,6.0,196,Economy Triple Room with Shared Bathroom,3 beds (3 singles),3,,True,26.2934691037565,50.2173588087024,https://www.booking.com/hotel/sa/shqq-ry-lkhbr-lfndqyh.en-gb.html?aid=304142&label=gen173nr-1DCAEoggI46AdIM1gEaMQBiAECmAEJuAEJyAER2AED6AEBiAIBqAIDuAKmm9z0BcACAQ&sid=42146239dcdf1e519ee673686891723f&all_sr_blocks=394051203_122934874_3_0_0&checkin=2020-04-24&checkout=2020-04-25&dest_id=186&dest_type=country&group_adults=2&group_children=0&hapos=629&highlighted_blocks=394051203_122934874_3_0_0&hpos=4&no_rooms=1&sr_order=class_and_price&sr_pri_blocks=394051203_122934874_3_0_0__7400&srepoch=1587183072&srpvid=1f7e1d6fa30f001a&ucfs=1&from=searchresultshttps://www.booking.com;highlight_room=#hotelTmpl,booking_kaggle,2020,2020-04-24,2026-09-13T06:37:49.339055+00:00,False
hotels_00629,5088903,الحمدانية الراقى للأجنحة الفندقية,Jeddah,Makkah,75,,6.9,189,One-Bedroom Apartment,1 bed (1 large double),2,,True,21.7617726627724,39.1848914303856,https://www.booking.com/hotel/sa/lhmdny-lrq-ll-jnh-lfndqy.en-gb.html?aid=304142&label=gen173nr-1DCAEoggI46AdIM1gEaMQBiAECmAEJuAEJyAER2AED6AEBiAIBqAIDuAKmm9z0BcACAQ&sid=42146239dcdf1e519ee673686891723f&all_sr_blocks=508890301_187971459_2_0_0&checkin=2020-04-24&checkout=2020-04-25&dest_id=186&dest_type=country&group_adults=2&group_children=0&hapos=630&highlighted_blocks=508890301_187971459_2_0_0&hpos=5&no_rooms=1&sr_order=class_and_price&sr_pri_blocks=508890301_187971459_2_0_0__7500&srepoch=1587183072&srpvid=1f7e1d6fa30f001a&ucfs=1&from=searchresultshttps://www.booking.com;highlight_room=#hotelTmpl,booking_kaggle,2020,2020-04-24,2026-09-13T06:37:49.339055+00:00,False
hotels_00630,5000865,القبة الذهبية للأجنحة الفندقية 2,Riyadh,Riyadh,75,,6.9,542,Family Studio,1 bed (1 extra-large double),2,,True,24.631251134778,46.6926278456859,https://www.booking.com/hotel/sa/ldhhby-2.en-gb.html?aid=304142&label=gen173nr-1DCAEoggI46AdIM1gEaMQBiAECmAEJuAEJyAER2AED6AEBiAIBqAIDuAKmm9z0BcACAQ&sid=42146239dcdf1e519ee673686891723f&all_sr_blocks=500086501_183496007_2_0_0&checkin=2020-04-24&checkout=2020-04-25&dest_id=186&dest_type=country&group_adults=2&group_children=0&hapos=631&highlighted_blocks=500086501_183496007_2_0_0&hpos=6&no_rooms=1&sr_order=class_and_price&sr_pri_blocks=500086501_183496007_2_0_0__7500&srepoch=1587183072&srpvid=1f7e1d6fa30f001a&ucfs=1&from=searchresultshttps://www.booking.com;highlight_room=#hotelTmpl,booking_kaggle,2020,2020-04-24,2026-09-13T06:37:49.339055+00:00,False
hotels_00631,1286622,Hana Yanbu Hotel Apartments,Yanbu,Madinah,75,,7.2,245,Double Room with Private Bathroom,2 beds (2 singles),2,,True,24.13080871,38.00112158,https://www.booking.com/hotel/sa/hana-yanbu-apartments.en-gb.html?aid=304142&label=gen173nr-1DCAEoggI46AdIM1gEaMQBiAECmAEJuAEJyAER2AED6AEBiAIBqAIDuAKmm9z0BcACAQ&sid=42146239dcdf1e519ee673686891723f&all_sr_blocks=128662201_238107408_2_0_0&checkin=2020-04-24&checkout=2020-04-25&dest_id=186&dest_type=country&group_adults=2&group_children=0&hapos=632&highlighted_blocks=128662201_238107408_2_0_0&hpos=7&no_rooms=1&sr_order=class_and_price&sr_pri_blocks=128662201_238107408_2_0_0__7500&srepoch=1587183072&srpvid=1f7e1d6fa30f001a&ucfs=1&from=searchresultshttps://www.booking.com;highlight_room=#hotelTmpl,booking_kaggle,2020,2020-04-24,2026-09-13T06:37:49.339055+00:00,False
hotels_00632,1815017,OYO 286 Anhaar Al Taif,Taif,Makkah,75,,5.1,400,Standard Studio,1 bed (1 extra-large double),2,,True,21.2951647992705,40.4397324125114,https://www.booking.com/hotel/sa/anhaar-altaif.en-gb.html?aid=304142&label=gen173nr-1DCAEoggI46AdIM1gEaMQBiAECmAEJuAEJyAER2AED6AEBiAIBqAIDuAKmm9z0BcACAQ&sid=42146239dcdf1e519ee673686891723f&all_sr_blocks=181501705_211811713_2_0_0&checkin=2020-04-24&checkout=2020-04-25&dest_id=186&dest_type=country&group_adults=2&group_children=0&hapos=633&highlighted_blocks=181501705_211811713_2_0_0&hpos=8&no_rooms=1&sr_order=class_and_price&sr_pri_blocks=181501705_211811713_2_0_0__7511&srepoch=1587183072&srpvid=1f7e1d6fa30f001a&ucfs=1&from=searchresultshttps://www.booking.com;highlight_room=#hotelTmpl,booking_kaggle,2020,2020-04-24,2026-09-13T06:37:49.339055+00:00,False
hotels_00633,6357629,منازل فرح,Jeddah,Makkah,76,,,,Studio,1 bed (1 double),2,,True,21.577702,39.230724,https://www.booking.com/hotel/sa/mnzl-frh-jeddah.en-gb.html?aid=304142&label=gen173nr-1DCAEoggI46AdIM1gEaMQBiAECmAEJuAEJyAER2AED6AEBiAIBqAIDuAKmm9z0BcACAQ&sid=42146239dcdf1e519ee673686891723f&all_sr_blocks=635762901_252573024_2_0_0&checkin=2020-04-24&checkout=2020-04-25&dest_id=186&dest_type=country&group_adults=2&group_children=0&hapos=634&highlighted_blocks=635762901_252573024_2_0_0&hpos=9&no_rooms=1&sr_order=class_and_price&sr_pri_blocks=635762901_252573024_2_0_0__7636&srepoch=1587183072&srpvid=1f7e1d6fa30f001a&ucfs=1&from=searchresultshttps://www.booking.com;highlight_room=#hotelTmpl,booking_kaggle,2020,2020-04-24,2026-09-13T06:37:49.339055+00:00,False
hotels_00634,2464566,الياسمين الأبيض للشقق المفروشة,Jeddah,Makkah,77,,7.4,23,Studio,1 bed (1 double),2,,True,21.6097417895942,39.136752807399,https://www.booking.com/hotel/sa/lysmyn.en-gb.html?aid=304142&label=gen173nr-1DCAEoggI46AdIM1gEaMQBiAECmAEJuAEJyAER2AED6AEBiAIBqAIDuAKmm9z0BcACAQ&sid=42146239dcdf1e519ee673686891723f&all_sr_blocks=246456604_241251742_2_0_0&checkin=2020-04-24&checkout=2020-04-25&dest_id=186&dest_type=country&group_adults=2&group_children=0&hapos=635&highlighted_blocks=246456604_241251742_2_0_0&hpos=10&no_rooms=1&sr_order=class_and_price&sr_pri_blocks=246456604_241251742_2_0_0__7660&srepoch=1587183072&srpvid=1f7e1d6fa30f001a&ucfs=1&from=searchresultshttps://www.booking.com;highlight_room=#hotelTmpl,booking_kaggle,2020,2020-04-24,2026-09-13T06:37:49.339055+00:00,False
hotels_00635,5733934,نوركم للوحدات السكنية المفروشة,Jeddah,Makkah,78,,6.2,339,One-Bedroom Apartment,1 bed (1 large double),2,,True,21.4829700637868,39.2109909908295,https://www.booking.com/hotel/sa/nwrkm-llwhdt-lskny-lmfrwsh.en-gb.html?aid=304142&label=gen173nr-1DCAEoggI46AdIM1gEaMQBiAECmAEJuAEJyAER2AED6AEBiAIBqAIDuAKmm9z0BcACAQ&sid=42146239dcdf1e519ee673686891723f&all_sr_blocks=573393401_220930485_2_0_0&checkin=2020-04-24&checkout=2020-04-25&dest_id=186&dest_type=country&group_adults=2&group_children=0&hapos=636&highlighted_blocks=573393401_220930485_2_0_0&hpos=11&no_rooms=1&sr_order=class_and_price&sr_pri_blocks=573393401_220930485_2_0_0__7750&srepoch=1587183072&srpvid=1f7e1d6fa30f001a&ucfs=1&from=searchresultshttps://www.booking.com;highlight_room=#hotelTmpl,booking_kaggle,2020,2020-04-24,2026-09-13T06:37:49.339055+00:00,False
hotels_00636,1910492,ارقي المساكن للوحدات السكنية,Jeddah,Makkah,78,,6.9,133,Studio Apartment,1 bed (1 double),2,,True,21.4946402021733,39.1765366494656,https://www.booking.com/hotel/sa/arqa-almasaken.en-gb.html?aid=304142&label=gen173nr-1DCAEoggI46AdIM1gEaMQBiAECmAEJuAEJyAER2AED6AEBiAIBqAIDuAKmm9z0BcACAQ&sid=42146239dcdf1e519ee673686891723f&all_sr_blocks=191049202_242482756_0_0_0&checkin=2020-04-24&checkout=2020-04-25&dest_id=186&dest_type=country&group_adults=2&group_children=0&hapos=637&highlighted_blocks=191049202_242482756_0_0_0&hpos=12&no_rooms=1&sr_order=class_and_price&sr_pri_blocks=191049202_242482756_0_0_0__7750&srepoch=1587183072&srpvid=1f7e1d6fa30f001a&ucfs=1&from=searchresultshttps://www.booking.com;highlight_room=#hotelTmpl,booking_kaggle,2020,2020-04-24,2026-09-13T06:37:49.339055+00:00,False
hotels_00637,2514391,Leen Aparthotel,Jeddah,Makkah,79,,7.9,191,One-Bedroom Apartment,1 bed (1 large double),3,,True,21.5913184817701,39.1382843675285,https://www.booking.com/hotel/sa/leen-aparthotel.en-gb.html?aid=304142&label=gen173nr-1DCAEoggI46AdIM1gEaMQBiAECmAEJuAEJyAER2AED6AEBiAIBqAIDuAKmm9z0BcACAQ&sid=42146239dcdf1e519ee673686891723f&all_sr_blocks=251439103_199440686_3_0_0&checkin=2020-04-24&checkout=2020-04-25&dest_id=186&dest_type=country&group_adults=2&group_children=0&hapos=638&highlighted_blocks=251439103_199440686_3_0_0&hpos=13&no_rooms=1&sr_order=class_and_price&sr_pri_blocks=251439103_199440686_3_0_0__7900&srepoch=1587183072&srpvid=1f7e1d6fa30f001a&ucfs=1&from=searchresultshttps://www.booking.com;highlight_room=#hotelTmpl,booking_kaggle,2020,2020-04-24,2026-09-13T06:37:49.339055+00:00,False
hotels_00638,1043229,Marasi Al Madinah,Al Khobar,Eastern Province,79,,7.1,220,Studio,1 bed (1 large double),2,,True,26.2909405409971,50.1845115423203,https://www.booking.com/hotel/sa/marasikom-partment-1.en-gb.html?aid=304142&label=gen173nr-1DCAEoggI46AdIM1gEaMQBiAECmAEJuAEJyAER2AED6AEBiAIBqAIDuAKmm9z0BcACAQ&sid=42146239dcdf1e519ee673686891723f&all_sr_blocks=104322901_195217239_2_0_0&checkin=2020-04-24&checkout=2020-04-25&dest_id=186&dest_type=country&group_adults=2&group_children=0&hapos=639&highlighted_blocks=104322901_195217239_2_0_0&hpos=14&no_rooms=1&sr_order=class_and_price&sr_pri_blocks=104322901_195217239_2_0_0__7900&srepoch=1587183072&srpvid=1f7e1d6fa30f001a&ucfs=1&from=searchresultshttps://www.booking.com;highlight_room=#hotelTmpl,booking_kaggle,2020,2020-04-24,2026-09-13T06:37:49.339055+00:00,False
hotels_00639,2125674,Mouj Elbahr Aparthotel,Yanbu,Madinah,79,,5.9,413,One-Bedroom Apartment,"2 beds (1 single, 1 sofa bed)",2,,True,24.1353782508407,37.9945313930511,https://www.booking.com/hotel/sa/mouj-elbahr-aparthotel.en-gb.html?aid=304142&label=gen173nr-1DCAEoggI46AdIM1gEaMQBiAECmAEJuAEJyAER2AED6AEBiAIBqAIDuAKmm9z0BcACAQ&sid=42146239dcdf1e519ee673686891723f&all_sr_blocks=212567402_206313180_2_0_0&checkin=2020-04-24&checkout=2020-04-25&dest_id=186&dest_type=country&group_adults=2&group_children=0&hapos=640&highlighted_blocks=212567402_206313180_2_0_0&hpos=15&no_rooms=1&sr_order=class_and_price&sr_pri_blocks=212567402_206313180_2_0_0__7900&srepoch=1587183072&srpvid=1f7e1d6fa30f001a&ucfs=1&from=searchresultshttps://www.booking.com;highlight_room=#hotelTmpl,booking_kaggle,2020,2020-04-24,2026-09-13T06:37:49.339055+00:00,False
hotels_00640,2211908,الروضة للغرف الفندقية,Tabuk,Tabuk,79,,8.5,1,One-Bedroom Apartment,1 bed (1 large double),2,,True,28.413587428504,36.5294037776766,https://www.booking.com/hotel/sa/4rent-suites-alrouda.en-gb.html?aid=304142&label=gen173nr-1DCAEoggI46AdIM1gEaMQBiAECmAEJuAEJyAER2AED6AEBiAIBqAIDuAKmm9z0BcACAQ&sid=42146239dcdf1e519ee673686891723f&all_sr_blocks=221190801_206648006_0_0_0&checkin=2020-04-24&checkout=2020-04-25&dest_id=186&dest_type=country&group_adults=2&group_children=0&hapos=641&highlighted_blocks=221190801_206648006_0_0_0&hpos=16&no_rooms=1&sr_order=class_and_price&sr_pri_blocks=221190801_206648006_0_0_0__7920&srepoch=1587183072&srpvid=1f7e1d6fa30f001a&ucfs=1&from=searchresultshttps://www.booking.com;highlight_room=#hotelTmpl,booking_kaggle,2020,2020-04-24,2026-09-13T06:37:49.339055+00:00,False
hotels_00641,1145510,Zwarah Hotel Suites,Jeddah,Makkah,80,,7.5,151,One-Bedroom Apartment,1 bed (1 extra-large double),2,,True,21.5777551023967,39.2194318771362,https://www.booking.com/hotel/sa/lnzwy-ll-jnhh-lfndqy.en-gb.html?aid=304142&label=gen173nr-1DCAEoggI46AdIM1gEaMQBiAECmAEJuAEJyAER2AED6AEBiAIBqAIDuAKmm9z0BcACAQ&sid=42146239dcdf1e519ee673686891723f&all_sr_blocks=114551008_145663745_2_0_0&checkin=2020-04-24&checkout=2020-04-25&dest_id=186&dest_type=country&group_adults=2&group_children=0&hapos=642&highlighted_blocks=114551008_145663745_2_0_0&hpos=17&no_rooms=1&sr_order=class_and_price&sr_pri_blocks=114551008_145663745_2_0_0__8000&srepoch=1587183072&srpvid=1f7e1d6fa30f001a&ucfs=1&from=searchresultshttps://www.booking.com;highlight_room=#hotelTmpl,booking_kaggle,2020,2020-04-24,2026-09-13T06:37:49.339055+00:00,False
hotels_00642,2837712,Najmat Sabbabah Furnished Units,Hail,Hail,80,,7.2,150,One-Bedroom Apartment,1 bed (1 large double),2,,True,27.5240460650304,41.6558067693786,https://www.booking.com/hotel/sa/njm-sbb.en-gb.html?aid=304142&label=gen173nr-1DCAEoggI46AdIM1gEaMQBiAECmAEJuAEJyAER2AED6AEBiAIBqAIDuAKmm9z0BcACAQ&sid=42146239dcdf1e519ee673686891723f&all_sr_blocks=283771201_195423589_2_0_0&checkin=2020-04-24&checkout=2020-04-25&dest_id=186&dest_type=country&group_adults=2&group_children=0&hapos=643&highlighted_blocks=283771201_195423589_2_0_0&hpos=18&no_rooms=1&sr_order=class_and_price&sr_pri_blocks=283771201_195423589_2_0_0__8000&srepoch=1587183072&srpvid=1f7e1d6fa30f001a&ucfs=1&from=searchresultshttps://www.booking.com;highlight_room=#hotelTmpl,booking_kaggle,2020,2020-04-24,2026-09-13T06:37:49.339055+00:00,False
hotels_00643,3913208,Ajwa 3,Al Khobar,Eastern Province,80,,7.8,343,Studio,1 bed (1 extra-large double),2,,True,26.2939668443776,50.1776597981338,https://www.booking.com/hotel/sa/ajwa-3.en-gb.html?aid=304142&label=gen173nr-1DCAEoggI46AdIM1gEaMQBiAECmAEJuAEJyAER2AED6AEBiAIBqAIDuAKmm9z0BcACAQ&sid=42146239dcdf1e519ee673686891723f&all_sr_blocks=391320801_122443468_2_0_0&checkin=2020-04-24&checkout=2020-04-25&dest_id=186&dest_type=country&group_adults=2&group_children=0&hapos=644&highlighted_blocks=391320801_122443468_2_0_0&hpos=19&no_rooms=1&sr_order=class_and_price&sr_pri_blocks=391320801_122443468_2_0_0__8000&srepoch=1587183072&srpvid=1f7e1d6fa30f001a&ucfs=1&from=searchresultshttps://www.booking.com;highlight_room=#hotelTmpl,booking_kaggle,2020,2020-04-24,2026-09-13T06:37:49.339055+00:00,False
hotels_00644,2231755,Al Eairy Apartments - Al Ahsa 1,Al Ahsa,Eastern Province,80,,5.4,528,Double or Twin Room,2 beds (2 singles),2,,,25.4162727902894,49.5757546790596,https://www.booking.com/hotel/sa/al-eairy-apartments-ihsa-1.en-gb.html?aid=304142&label=gen173nr-1DCAEoggI46AdIM1gEaMQBiAECmAEJuAEJyAER2AED6AEBiAIBqAIDuAKmm9z0BcACAQ&sid=42146239dcdf1e519ee673686891723f&all_sr_blocks=223175508_201858850_2_0_0&checkin=2020-04-24&checkout=2020-04-25&dest_id=186&dest_type=country&group_adults=2&group_children=0&hapos=645&highlighted_blocks=223175508_201858850_2_0_0&hpos=20&no_rooms=1&sr_order=class_and_price&sr_pri_blocks=223175508_201858850_2_0_0__8000&srepoch=1587183072&srpvid=1f7e1d6fa30f001a&ucfs=1&from=searchresultshttps://www.booking.com;highlight_room=#hotelTmpl,booking_kaggle,2020,2020-04-24,2026-09-13T06:37:49.339055+00:00,False
hotels_00645,2425362,Danat Apartments,Al Khobar,Eastern Province,80,,6.6,35,Deluxe Room (1 adult + 2 children),1 bed (1 extra-large double),2,,True,26.2914863507046,50.1859399246314,https://www.booking.com/hotel/sa/danat-apartments-2.en-gb.html?aid=304142&label=gen173nr-1DCAEoggI46AdIM1gEaMQBiAECmAEJuAEJyAER2AED6AEBiAIBqAIDuAKmm9z0BcACAQ&sid=42146239dcdf1e519ee673686891723f&all_sr_blocks=242536201_105926938_2_0_0&checkin=2020-04-24&checkout=2020-04-25&dest_id=186&dest_type=country&group_adults=2&group_children=0&hapos=646&highlighted_blocks=242536201_105926938_2_0_0&hpos=21&no_rooms=1&sr_order=class_and_price&sr_pri_blocks=242536201_105926938_2_0_0__8000&srepoch=1587183072&srpvid=1f7e1d6fa30f001a&ucfs=1&from=searchresultshttps://www.booking.com;highlight_room=;has_campaign_deals_breakaway20_customer_label=1#hotelTmpl,booking_kaggle,2020,2020-04-24,2026-09-13T06:37:49.339055+00:00,False
hotels_00646,1617006,Bahget Eljouf Furnished Apartment,Aţ Ţuwayr,,80,,7.3,68,One-Bedroom Apartment,1 bed (1 double),2,,True,29.9162922441122,40.2046528458595,https://www.booking.com/hotel/sa/bahget-eljouf-furnished-apartment.en-gb.html?aid=304142&label=gen173nr-1DCAEoggI46AdIM1gEaMQBiAECmAEJuAEJyAER2AED6AEBiAIBqAIDuAKmm9z0BcACAQ&sid=42146239dcdf1e519ee673686891723f&all_sr_blocks=161700602_195369138_2_0_0&checkin=2020-04-24&checkout=2020-04-25&dest_id=186&dest_type=country&group_adults=2&group_children=0&hapos=647&highlighted_blocks=161700602_195369138_2_0_0&hpos=22&no_rooms=1&sr_order=class_and_price&sr_pri_blocks=161700602_195369138_2_0_0__8000&srepoch=1587183072&srpvid=1f7e1d6fa30f001a&ucfs=1&from=searchresultshttps://www.booking.com;highlight_room=#hotelTmpl,booking_kaggle,2020,2020-04-24,2026-09-13T06:37:49.339055+00:00,False
hotels_00647,2155780,Fakher Yanbu II,Yanbu,Madinah,80,,6.6,230,Double Room with Two Double Beds,2 beds (2 singles),2,,True,24.0717024033891,38.1067246757448,https://www.booking.com/hotel/sa/fakher-yanbu-ii.en-gb.html?aid=304142&label=gen173nr-1DCAEoggI46AdIM1gEaMQBiAECmAEJuAEJyAER2AED6AEBiAIBqAIDuAKmm9z0BcACAQ&sid=42146239dcdf1e519ee673686891723f&all_sr_blocks=215578002_238107407_2_0_0&checkin=2020-04-24&checkout=2020-04-25&dest_id=186&dest_type=country&group_adults=2&group_children=0&hapos=648&highlighted_blocks=215578002_238107407_2_0_0&hpos=23&no_rooms=1&sr_order=class_and_price&sr_pri_blocks=215578002_238107407_2_0_0__8000&srepoch=1587183072&srpvid=1f7e1d6fa30f001a&ucfs=1&from=searchresultshttps://www.booking.com;highlight_room=#hotelTmpl,booking_kaggle,2020,2020-04-24,2026-09-13T06:37:49.339055+00:00,False
hotels_00648,6367337,شقق فندقية,Madinah,Madinah,80,,,,One-Bedroom Apartment,2 beds (2 singles),2,,,24.45745226429,39.667193504494,https://www.booking.com/hotel/sa/shqq-fndqy-lmdyn-lmnwr.en-gb.html?aid=304142&label=gen173nr-1DCAEoggI46AdIM1gEaMQBiAECmAEJuAEJyAER2AED6AEBiAIBqAIDuAKmm9z0BcACAQ&sid=42146239dcdf1e519ee673686891723f&all_sr_blocks=636733702_249747019_2_0_0&checkin=2020-04-24&checkout=2020-04-25&dest_id=186&dest_type=country&group_adults=2&group_children=0&hapos=649&highlighted_blocks=636733702_249747019_2_0_0&hpos=24&no_rooms=1&sr_order=class_and_price&sr_pri_blocks=636733702_249747019_2_0_0__8000&srepoch=1587183072&srpvid=1f7e1d6fa30f001a&ucfs=1&from=searchresultshttps://www.booking.com;highlight_room=#hotelTmpl,booking_kaggle,2020,2020-04-24,2026-09-13T06:37:49.339055+00:00,False
hotels_00649,485527,Amana AlFakhera Furnished Units 1,Jeddah,Makkah,80,,6.8,65,Two-Bedroom Apartment,"4 beds (3 singles, 1 double)",4,,True,21.6159085651093,39.1396173834801,https://www.booking.com/hotel/sa/al-amana-al-fakhera-apartment.en-gb.html?aid=304142&label=gen173nr-1DCAEoggI46AdIM1gEaMQBiAECmAEJuAEJyAER2AED6AEBiAIBqAIDuAKmm9z0BcACAQ&sid=42146239dcdf1e519ee673686891723f&all_sr_blocks=48552702_190296268_0_0_0&checkin=2020-04-24&checkout=2020-04-25&dest_id=186&dest_type=country&group_adults=2&group_children=0&hapos=650&highlighted_blocks=48552702_190296268_0_0_0&hpos=25&no_rooms=1&sr_order=class_and_price&sr_pri_blocks=48552702_190296268_0_0_0__8000&srepoch=1587183072&srpvid=1f7e1d6fa30f001a&ucfs=1&from=searchresultshttps://www.booking.com;highlight_room=#hotelTmpl,booking_kaggle,2020,2020-04-24,2026-09-13T06:37:49.339055+00:00,False
hotels_00650,5167634,Golden Abha,Abha,Asir,81,,6.2,361,Deluxe King Room,1 bed (1 extra-large double),2,,True,18.2086076891802,42.5106917770767,https://www.booking.com/hotel/sa/jwldn-bh-lmdyf-golden-abha-ll-y-lt-fqt.en-gb.html?aid=304142&label=gen173nr-1DCAEoggI46AdIM1gEaMQBiAECmAEJuAEJyAER2AED6AEBiAIBqAIDuAKmm9z0BcACAQ&sid=42146239dcdf1e519ee673686891723f&all_sr_blocks=516763401_179937094_2_0_0&checkin=2020-04-24&checkout=2020-04-25&dest_id=186&dest_type=country&group_adults=2&group_children=0&hapos=651&highlighted_blocks=516763401_179937094_2_0_0&hpos=1&no_rooms=1&sr_order=class_and_price&sr_pri_blocks=516763401_179937094_2_0_0__8100&srepoch=1587183086&srpvid=d39d1d77e42e00ba&ucfs=1&from=searchresultshttps://www.booking.com;highlight_room=#hotelTmpl,booking_kaggle,2020,2020-04-24,2026-09-13T06:37:49.339055+00:00,False
hotels_00651,1843830,Dar Alataf Furnished Apartments,Jeddah,Makkah,81,,6.1,352,Double Room,1 bed (1 large double),2,,True,21.6151707428316,39.1679054868291,https://www.booking.com/hotel/sa/dar-alataf-furnished-apartments.en-gb.html?aid=304142&label=gen173nr-1DCAEoggI46AdIM1gEaMQBiAECmAEJuAEJyAER2AED6AEBiAIBqAIDuAKmm9z0BcACAQ&sid=42146239dcdf1e519ee673686891723f&all_sr_blocks=184383003_105966053_2_0_0&checkin=2020-04-24&checkout=2020-04-25&dest_id=186&dest_type=country&group_adults=2&group_children=0&hapos=652&highlighted_blocks=184383003_105966053_2_0_0&hpos=2&no_rooms=1&sr_order=class_and_price&sr_pri_blocks=184383003_105966053_2_0_0__8100&srepoch=1587183086&srpvid=d39d1d77e42e00ba&ucfs=1&from=searchresultshttps://www.booking.com;highlight_room=#hotelTmpl,booking_kaggle,2020,2020-04-24,2026-09-13T06:37:49.339055+00:00,False
hotels_00652,2231823,Al Eairy Apartments- Hael 1,Hail,Hail,82,,5.6,402,Double Room,1 bed (1 double),2,,True,27.5037369589239,41.7044261012313,https://www.booking.com/hotel/sa/al-eairy-apartments-hael-1.en-gb.html?aid=304142&label=gen173nr-1DCAEoggI46AdIM1gEaMQBiAECmAEJuAEJyAER2AED6AEBiAIBqAIDuAKmm9z0BcACAQ&sid=42146239dcdf1e519ee673686891723f&all_sr_blocks=223182301_101291199_2_0_0&checkin=2020-04-24&checkout=2020-04-25&dest_id=186&dest_type=country&group_adults=2&group_children=0&hapos=653&highlighted_blocks=223182301_101291199_2_0_0&hpos=3&no_rooms=1&sr_order=class_and_price&sr_pri_blocks=223182301_101291199_2_0_0__8200&srepoch=1587183086&srpvid=d39d1d77e42e00ba&ucfs=1&from=searchresultshttps://www.booking.com;highlight_room=#hotelTmpl,booking_kaggle,2020,2020-04-24,2026-09-13T06:37:49.339055+00:00,False
hotels_00653,6307136,بيتاليا للوحدات السكنية,Jeddah,Makkah,83,,,,Studio,1 bed (1 large double),2,,True,21.620665,39.190615,https://www.booking.com/hotel/sa/peet-alia.en-gb.html?aid=304142&label=gen173nr-1DCAEoggI46AdIM1gEaMQBiAECmAEJuAEJyAER2AED6AEBiAIBqAIDuAKmm9z0BcACAQ&sid=42146239dcdf1e519ee673686891723f&all_sr_blocks=630713601_245912029_0_0_0&checkin=2020-04-24&checkout=2020-04-25&dest_id=186&dest_type=country&group_adults=2&group_children=0&hapos=654&highlighted_blocks=630713601_245912029_0_0_0&hpos=4&no_rooms=1&sr_order=class_and_price&sr_pri_blocks=630713601_245912029_0_0_0__8265&srepoch=1587183086&srpvid=d39d1d77e42e00ba&ucfs=1&from=searchresultshttps://www.booking.com;highlight_room=#hotelTmpl,booking_kaggle,2020,2020-04-24,2026-09-13T06:37:49.339055+00:00,False
hotels_00654,1882737,OYO 344 Almibkhara Althahbia,Jeddah,Makkah,83,,7.3,158,Standard Studio,1 bed (1 extra-large double),2,,True,21.5168206795111,39.1651117801666,https://www.booking.com/hotel/sa/almabgharah-althahabiya.en-gb.html?aid=304142&label=gen173nr-1DCAEoggI46AdIM1gEaMQBiAECmAEJuAEJyAER2AED6AEBiAIBqAIDuAKmm9z0BcACAQ&sid=42146239dcdf1e519ee673686891723f&all_sr_blocks=188273708_248991965_2_0_0&checkin=2020-04-24&checkout=2020-04-25&dest_id=186&dest_type=country&group_adults=2&group_children=0&hapos=655&highlighted_blocks=188273708_248991965_2_0_0&hpos=5&no_rooms=1&sr_order=class_and_price&sr_pri_blocks=188273708_248991965_2_0_0__8302&srepoch=1587183086&srpvid=d39d1d77e42e00ba&ucfs=1&from=searchresultshttps://www.booking.com;highlight_room=#hotelTmpl,booking_kaggle,2020,2020-04-24,2026-09-13T06:37:49.339055+00:00,False
hotels_00655,5124222,Diafah ApartHotel,Al Khobar,Eastern Province,84,,9.0,294,Twin Room,2 beds (2 singles),2,,True,26.2090042496316,50.1924026839447,https://www.booking.com/hotel/sa/dyf-llshqq-lfndqy.en-gb.html?aid=304142&label=gen173nr-1DCAEoggI46AdIM1gEaMQBiAECmAEJuAEJyAER2AED6AEBiAIBqAIDuAKmm9z0BcACAQ&sid=42146239dcdf1e519ee673686891723f&all_sr_blocks=512422201_179769416_2_0_0&checkin=2020-04-24&checkout=2020-04-25&dest_id=186&dest_type=country&group_adults=2&group_children=0&hapos=656&highlighted_blocks=512422201_179769416_2_0_0&hpos=6&no_rooms=1&sr_order=class_and_price&sr_pri_blocks=512422201_179769416_2_0_0__8400&srepoch=1587183086&srpvid=d39d1d77e42e00ba&ucfs=1&from=searchresultshttps://www.booking.com;highlight_room=#hotelTmpl,booking_kaggle,2020,2020-04-24,2026-09-13T06:37:49.339055+00:00,False
hotels_00656,6207194,حياة الحمراء للشقق الفندقية,Jeddah,Makkah,84,,6.2,28,Studio,1 bed (1 large double),2,,True,21.517767,39.155265,https://www.booking.com/hotel/sa/hy-lhmr-llshqq-lfndqy.en-gb.html?aid=304142&label=gen173nr-1DCAEoggI46AdIM1gEaMQBiAECmAEJuAEJyAER2AED6AEBiAIBqAIDuAKmm9z0BcACAQ&sid=42146239dcdf1e519ee673686891723f&all_sr_blocks=620719406_253008219_2_0_0&checkin=2020-04-24&checkout=2020-04-25&dest_id=186&dest_type=country&group_adults=2&group_children=0&hapos=657&highlighted_blocks=620719406_253008219_2_0_0&hpos=7&no_rooms=1&sr_order=class_and_price&sr_pri_blocks=620719406_253008219_2_0_0__8400&srepoch=1587183086&srpvid=d39d1d77e42e00ba&ucfs=1&from=searchresultshttps://www.booking.com;highlight_room=#hotelTmpl,booking_kaggle,2020,2020-04-24,2026-09-13T06:37:49.339055+00:00,False
hotels_00657,416019,Assal Hail Hotel Apartments,Hail,Hail,84,,7.3,225,Double Room,1 bed (1 extra-large double),2,,True,27.4840722536442,41.6750425100327,https://www.booking.com/hotel/sa/assal-hail-apartments.en-gb.html?aid=304142&label=gen173nr-1DCAEoggI46AdIM1gEaMQBiAECmAEJuAEJyAER2AED6AEBiAIBqAIDuAKmm9z0BcACAQ&sid=42146239dcdf1e519ee673686891723f&all_sr_blocks=41601901_190274893_0_0_0&checkin=2020-04-24&checkout=2020-04-25&dest_id=186&dest_type=country&group_adults=2&group_children=0&hapos=658&highlighted_blocks=41601901_190274893_0_0_0&hpos=8&no_rooms=1&sr_order=class_and_price&sr_pri_blocks=41601901_190274893_0_0_0__8400&srepoch=1587183086&srpvid=d39d1d77e42e00ba&ucfs=1&from=searchresultshttps://www.booking.com;highlight_room=#hotelTmpl,booking_kaggle,2020,2020-04-24,2026-09-13T06:37:49.339055+00:00,False
hotels_00658,249342,Layali Al Tamayoz 6,Jeddah,Makkah,84,,6.9,186,One-Bedroom Apartment,1 bed (1 double),2,,True,21.613369,39.158585,https://www.booking.com/hotel/sa/layali-al-sitteen.en-gb.html?aid=304142&label=gen173nr-1DCAEoggI46AdIM1gEaMQBiAECmAEJuAEJyAER2AED6AEBiAIBqAIDuAKmm9z0BcACAQ&sid=42146239dcdf1e519ee673686891723f&all_sr_blocks=24934203_187362281_0_0_0&checkin=2020-04-24&checkout=2020-04-25&dest_id=186&dest_type=country&group_adults=2&group_children=0&hapos=659&highlighted_blocks=24934203_187362281_0_0_0&hpos=9&no_rooms=1&sr_order=class_and_price&sr_pri_blocks=24934203_187362281_0_0_0__8400&srepoch=1587183086&srpvid=d39d1d77e42e00ba&ucfs=1&from=searchresultshttps://www.booking.com;highlight_room=#hotelTmpl,booking_kaggle,2020,2020-04-24,2026-09-13T06:37:49.339055+00:00,False
hotels_00659,249403,Layali Al Tamayoz 4,Jeddah,Makkah,84,,7.6,81,Twin Room,2 beds (2 singles),2,,True,21.5941005587145,39.1602301597595,https://www.booking.com/hotel/sa/layali-madina-road.en-gb.html?aid=304142&label=gen173nr-1DCAEoggI46AdIM1gEaMQBiAECmAEJuAEJyAER2AED6AEBiAIBqAIDuAKmm9z0BcACAQ&sid=42146239dcdf1e519ee673686891723f&all_sr_blocks=24940305_187436459_0_0_0&checkin=2020-04-24&checkout=2020-04-25&dest_id=186&dest_type=country&group_adults=2&group_children=0&hapos=660&highlighted_blocks=24940305_187436459_0_0_0&hpos=10&no_rooms=1&sr_order=class_and_price&sr_pri_blocks=24940305_187436459_0_0_0__8400&srepoch=1587183086&srpvid=d39d1d77e42e00ba&ucfs=1&from=searchresultshttps://www.booking.com;highlight_room=#hotelTmpl,booking_kaggle,2020,2020-04-24,2026-09-13T06:37:49.339055+00:00,False
hotels_00660,2231813,Al Eairy Apartments - Al Nairyah 1,Al Nairyah,Eastern Province,84,,5.5,75,Double Room,2 beds (2 singles),2,,True,27.4741136267348,48.4718406200409,https://www.booking.com/hotel/sa/al-eairy-apartments-al-nairyah-1.en-gb.html?aid=304142&label=gen173nr-1DCAEoggI46AdIM1gEaMQBiAECmAEJuAEJyAER2AED6AEBiAIBqAIDuAKmm9z0BcACAQ&sid=42146239dcdf1e519ee673686891723f&all_sr_blocks=223181301_101119492_2_0_0&checkin=2020-04-24&checkout=2020-04-25&dest_id=186&dest_type=country&group_adults=2&group_children=0&hapos=661&highlighted_blocks=223181301_101119492_2_0_0&hpos=11&no_rooms=1&sr_order=class_and_price&sr_pri_blocks=223181301_101119492_2_0_0__8400&srepoch=1587183086&srpvid=d39d1d77e42e00ba&ucfs=1&from=searchresultshttps://www.booking.com;highlight_room=#hotelTmpl,booking_kaggle,2020,2020-04-24,2026-09-13T06:37:49.339055+00:00,False
hotels_00661,4971607,OYO 212 Zahrat Al Jal,Taif,Makkah,85,,5.9,471,Deluxe Studio,1 bed (1 double),2,,True,21.3051578708029,40.4311179958925,https://www.booking.com/hotel/sa/oyo-212-zahrat-al-jal.en-gb.html?aid=304142&label=gen173nr-1DCAEoggI46AdIM1gEaMQBiAECmAEJuAEJyAER2AED6AEBiAIBqAIDuAKmm9z0BcACAQ&sid=42146239dcdf1e519ee673686891723f&all_sr_blocks=497160702_167573020_2_0_0&checkin=2020-04-24&checkout=2020-04-25&dest_id=186&dest_type=country&group_adults=2&group_children=0&hapos=662&highlighted_blocks=497160702_167573020_2_0_0&hpos=12&no_rooms=1&sr_order=class_and_price&sr_pri_blocks=497160702_167573020_2_0_0__8460&srepoch=1587183086&srpvid=d39d1d77e42e00ba&ucfs=1&from=searchresultshttps://www.booking.com;highlight_room=#hotelTmpl,booking_kaggle,2020,2020-04-24,2026-09-13T06:37:49.339055+00:00,False
hotels_00662,5510872,التوفيق ابها للشقق المفروشة,Abha,Asir,85,,7.9,100,Studio,1 bed (1 double),2,,True,18.207687449104,42.5196572278251,https://www.booking.com/hotel/sa/al-tawfeeq-abha-furnished.en-gb.html?aid=304142&label=gen173nr-1DCAEoggI46AdIM1gEaMQBiAECmAEJuAEJyAER2AED6AEBiAIBqAIDuAKmm9z0BcACAQ&sid=42146239dcdf1e519ee673686891723f&all_sr_blocks=551087201_217024745_2_0_0&checkin=2020-04-24&checkout=2020-04-25&dest_id=186&dest_type=country&group_adults=2&group_children=0&hapos=663&highlighted_blocks=551087201_217024745_2_0_0&hpos=13&no_rooms=1&sr_order=class_and_price&sr_pri_blocks=551087201_217024745_2_0_0__8486&srepoch=1587183086&srpvid=d39d1d77e42e00ba&ucfs=1&from=searchresultshttps://www.booking.com;highlight_room=#hotelTmpl,booking_kaggle,2020,2020-04-24,2026-09-13T06:37:49.339055+00:00,False
hotels_00663,2798725,Al Akhawain Furnished Units,Jeddah,Makkah,85,,6.0,329,Deluxe Double Room,1 bed (1 extra-large double),2,,True,21.5710174632023,39.210963472724,https://www.booking.com/hotel/sa/lkhwyn-ll-jnh-lfndqy-jeddah.en-gb.html?aid=304142&label=gen173nr-1DCAEoggI46AdIM1gEaMQBiAECmAEJuAEJyAER2AED6AEBiAIBqAIDuAKmm9z0BcACAQ&sid=42146239dcdf1e519ee673686891723f&all_sr_blocks=279872501_232232863_0_0_0&checkin=2020-04-24&checkout=2020-04-25&dest_id=186&dest_type=country&group_adults=2&group_children=0&hapos=664&highlighted_blocks=279872501_232232863_0_0_0&hpos=14&no_rooms=1&sr_order=class_and_price&sr_pri_blocks=279872501_232232863_0_0_0__8500&srepoch=1587183086&srpvid=d39d1d77e42e00ba&ucfs=1&from=searchresultshttps://www.booking.com;highlight_room=#hotelTmpl,booking_kaggle,2020,2020-04-24,2026-09-13T06:37:49.339055+00:00,False
hotels_00664,445908,Manazel Al Hamra Apartment 2,Buraydah,Qassim,85,,8.0,713,Deluxe Double Room,1 bed (1 large double),2,,,26.3673900263366,43.9648430049419,https://www.booking.com/hotel/sa/manazel-al-hamra-apartment.en-gb.html?aid=304142&label=gen173nr-1DCAEoggI46AdIM1gEaMQBiAECmAEJuAEJyAER2AED6AEBiAIBqAIDuAKmm9z0BcACAQ&sid=42146239dcdf1e519ee673686891723f&all_sr_blocks=44590809_181151945_0_0_0&checkin=2020-04-24&checkout=2020-04-25&dest_id=186&dest_type=country&group_adults=2&group_children=0&hapos=665&highlighted_blocks=44590809_181151945_0_0_0&hpos=15&no_rooms=1&sr_order=class_and_price&sr_pri_blocks=44590809_181151945_0_0_0__8500&srepoch=1587183086&srpvid=d39d1d77e42e00ba&ucfs=1&from=searchresultshttps://www.booking.com;highlight_room=#hotelTmpl,booking_kaggle,2020,2020-04-24,2026-09-13T06:37:49.339055+00:00,False
hotels_00665,2232254,Al Eairy Apartment- Hael 4,Hail,Hail,85,,6.2,157,Twin Room,1 bed (1 double),2,,True,27.4998518957153,41.7056531866471,https://www.booking.com/hotel/sa/al-eairy-apartment-hael-4.en-gb.html?aid=304142&label=gen173nr-1DCAEoggI46AdIM1gEaMQBiAECmAEJuAEJyAER2AED6AEBiAIBqAIDuAKmm9z0BcACAQ&sid=42146239dcdf1e519ee673686891723f&all_sr_blocks=223225401_101291607_2_0_0&checkin=2020-04-24&checkout=2020-04-25&dest_id=186&dest_type=country&group_adults=2&group_children=0&hapos=666&highlighted_blocks=223225401_101291607_2_0_0&hpos=16&no_rooms=1&sr_order=class_and_price&sr_pri_blocks=223225401_101291607_2_0_0__8500&srepoch=1587183086&srpvid=d39d1d77e42e00ba&ucfs=1&from=searchresultshttps://www.booking.com;highlight_room=#hotelTmpl,booking_kaggle,2020,2020-04-24,2026-09-13T06:37:49.339055+00:00,False
hotels_00666,2231742,Al Eairy Apartments - Al-Nairyah 2,Al Nairyah,Eastern Province,85,,5.4,140,Double or Twin Room,2 beds (2 singles),2,,True,27.4716672599906,48.4702527523041,https://www.booking.com/hotel/sa/al-eairy-apartments-al-nairyah-2.en-gb.html?aid=304142&label=gen173nr-1DCAEoggI46AdIM1gEaMQBiAECmAEJuAEJyAER2AED6AEBiAIBqAIDuAKmm9z0BcACAQ&sid=42146239dcdf1e519ee673686891723f&all_sr_blocks=223174202_101119584_2_0_0&checkin=2020-04-24&checkout=2020-04-25&dest_id=186&dest_type=country&group_adults=2&group_children=0&hapos=667&highlighted_blocks=223174202_101119584_2_0_0&hpos=17&no_rooms=1&sr_order=class_and_price&sr_pri_blocks=223174202_101119584_2_0_0__8500&srepoch=1587183086&srpvid=d39d1d77e42e00ba&ucfs=1&from=searchresultshttps://www.booking.com;highlight_room=#hotelTmpl,booking_kaggle,2020,2020-04-24,2026-09-13T06:37:49.339055+00:00,False
hotels_00667,2232258,Al Eairy Apartments- Alqaseem 3,Buraydah,Qassim,85,,5.7,246,Apartment,1 bed (1 double),2,,True,26.369073430839,43.9510980248451,https://www.booking.com/hotel/sa/al-eairy-apartments-alqaseem-3.en-gb.html?aid=304142&label=gen173nr-1DCAEoggI46AdIM1gEaMQBiAECmAEJuAEJyAER2AED6AEBiAIBqAIDuAKmm9z0BcACAQ&sid=42146239dcdf1e519ee673686891723f&all_sr_blocks=223225801_98721992_2_0_0&checkin=2020-04-24&checkout=2020-04-25&dest_id=186&dest_type=country&group_adults=2&group_children=0&hapos=668&highlighted_blocks=223225801_98721992_2_0_0&hpos=18&no_rooms=1&sr_order=class_and_price&sr_pri_blocks=223225801_98721992_2_0_0__8500&srepoch=1587183086&srpvid=d39d1d77e42e00ba&ucfs=1&from=searchresultshttps://www.booking.com;highlight_room=#hotelTmpl,booking_kaggle,2020,2020-04-24,2026-09-13T06:37:49.339055+00:00,False
hotels_00668,2232272,Al Eairy Apartment-Alqaseem 1,Buraydah,Qassim,85,,5.4,258,Twin Room,2 beds (2 singles),2,,True,26.346291921597,43.9523988962173,https://www.booking.com/hotel/sa/al-eairy-apartment-alqaseem-1.en-gb.html?aid=304142&label=gen173nr-1DCAEoggI46AdIM1gEaMQBiAECmAEJuAEJyAER2AED6AEBiAIBqAIDuAKmm9z0BcACAQ&sid=42146239dcdf1e519ee673686891723f&all_sr_blocks=223227204_101120471_0_0_0&checkin=2020-04-24&checkout=2020-04-25&dest_id=186&dest_type=country&group_adults=2&group_children=0&hapos=669&highlighted_blocks=223227204_101120471_0_0_0&hpos=19&no_rooms=1&sr_order=class_and_price&sr_pri_blocks=223227204_101120471_0_0_0__8500&srepoch=1587183086&srpvid=d39d1d77e42e00ba&ucfs=1&from=searchresultshttps://www.booking.com;highlight_room=#hotelTmpl,booking_kaggle,2020,2020-04-24,2026-09-13T06:37:49.339055+00:00,False
hotels_00669,2232274,Al Eairy Apartments- Riyadh 3,Riyadh,Riyadh,85,,5.4,529,Double or Twin Room,2 beds (2 singles),2,,,24.5959582363423,46.7948537639938,https://www.booking.com/hotel/sa/al-eairy-apartments-riyadh-3.en-gb.html?aid=304142&label=gen173nr-1DCAEoggI46AdIM1gEaMQBiAECmAEJuAEJyAER2AED6AEBiAIBqAIDuAKmm9z0BcACAQ&sid=42146239dcdf1e519ee673686891723f&all_sr_blocks=223227405_198453618_2_0_0&checkin=2020-04-24&checkout=2020-04-25&dest_id=186&dest_type=country&group_adults=2&group_children=0&hapos=670&highlighted_blocks=223227405_198453618_2_0_0&hpos=20&no_rooms=1&sr_order=class_and_price&sr_pri_blocks=223227405_198453618_2_0_0__8500&srepoch=1587183086&srpvid=d39d1d77e42e00ba&ucfs=1&from=searchresultshttps://www.booking.com;highlight_room=#hotelTmpl,booking_kaggle,2020,2020-04-24,2026-09-13T06:37:49.339055+00:00,False
hotels_00670,5757743,OYO 317 Dheyouf Al Wattan For Furnished Suites,Jeddah,Makkah,85,,7.0,210,Deluxe Studio,1 bed (1 extra-large double),2,,,21.5738860381684,39.1585673966674,https://www.booking.com/hotel/sa/oyo-317-dheyouf-al-wattan-for-furnished-suites.en-gb.html?aid=304142&label=gen173nr-1DCAEoggI46AdIM1gEaMQBiAECmAEJuAEJyAER2AED6AEBiAIBqAIDuAKmm9z0BcACAQ&sid=42146239dcdf1e519ee673686891723f&all_sr_blocks=575774304_248713191_2_0_0&checkin=2020-04-24&checkout=2020-04-25&dest_id=186&dest_type=country&group_adults=2&group_children=0&hapos=671&highlighted_blocks=575774304_248713191_2_0_0&hpos=21&no_rooms=1&sr_order=class_and_price&sr_pri_blocks=575774304_248713191_2_0_0__8539&srepoch=1587183086&srpvid=d39d1d77e42e00ba&ucfs=1&from=searchresultshttps://www.booking.com;highlight_room=#hotelTmpl,booking_kaggle,2020,2020-04-24,2026-09-13T06:37:49.339055+00:00,False
hotels_00671,853229,Lina Park 5,Al Khobar,Eastern Province,88,,7.4,306,Double Room,1 bed (1 double),2,,True,26.3045806936246,50.1784987899737,https://www.booking.com/hotel/sa/byotat-arabia-apartments.en-gb.html?aid=304142&label=gen173nr-1DCAEoggI46AdIM1gEaMQBiAECmAEJuAEJyAER2AED6AEBiAIBqAIDuAKmm9z0BcACAQ&sid=42146239dcdf1e519ee673686891723f&all_sr_blocks=85322901_211923233_0_0_0&checkin=2020-04-24&checkout=2020-04-25&dest_id=186&dest_type=country&group_adults=2&group_children=0&hapos=672&highlighted_blocks=85322901_211923233_0_0_0&hpos=22&no_rooms=1&sr_order=class_and_price&sr_pri_blocks=85322901_211923233_0_0_0__8750&srepoch=1587183086&srpvid=d39d1d77e42e00ba&ucfs=1&from=searchresultshttps://www.booking.com;highlight_room=#hotelTmpl,booking_kaggle,2020,2020-04-24,2026-09-13T06:37:49.339055+00:00,False
hotels_00672,1127200,Blue Sands Palace,Al Khobar,Eastern Province,88,,7.2,622,Double Room,1 bed (1 extra-large double),2,,True,26.2949227417106,50.1777711510658,https://www.booking.com/hotel/sa/blue-sands-palace.en-gb.html?aid=304142&label=gen173nr-1DCAEoggI46AdIM1gEaMQBiAECmAEJuAEJyAER2AED6AEBiAIBqAIDuAKmm9z0BcACAQ&sid=42146239dcdf1e519ee673686891723f&all_sr_blocks=112720001_190366339_2_0_0&checkin=2020-04-24&checkout=2020-04-25&dest_id=186&dest_type=country&group_adults=2&group_children=0&hapos=673&highlighted_blocks=112720001_190366339_2_0_0&hpos=23&no_rooms=1&sr_order=class_and_price&sr_pri_blocks=112720001_190366339_2_0_0__8750&srepoch=1587183086&srpvid=d39d1d77e42e00ba&ucfs=1&from=searchresultshttps://www.booking.com;highlight_room=#hotelTmpl,booking_kaggle,2020,2020-04-24,2026-09-13T06:37:49.339055+00:00,False
hotels_00673,4669394,OYO 161 Middle East Suite,Jeddah,Makkah,88,,6.8,21,Standard Studio,1 bed (1 extra-large double),2,,True,21.591666,39.156156,https://www.booking.com/hotel/sa/oyo-161-middle-east-suite.en-gb.html?aid=304142&label=gen173nr-1DCAEoggI46AdIM1gEaMQBiAECmAEJuAEJyAER2AED6AEBiAIBqAIDuAKmm9z0BcACAQ&sid=42146239dcdf1e519ee673686891723f&all_sr_blocks=466939403_240878825_2_0_0&checkin=2020-04-24&checkout=2020-04-25&dest_id=186&dest_type=country&group_adults=2&group_children=0&hapos=674&highlighted_blocks=466939403_240878825_2_0_0&hpos=24&no_rooms=1&sr_order=class_and_price&sr_pri_blocks=466939403_240878825_2_0_0__8776&srepoch=1587183086&srpvid=d39d1d77e42e00ba&ucfs=1&from=searchresultshttps://www.booking.com;highlight_room=#hotelTmpl,booking_kaggle,2020,2020-04-24,2026-09-13T06:37:49.339055+00:00,False
hotels_00674,6384965,OYO 472 Sweet Rooms,Taif,Makkah,88,,,,One-Bedroom Apartment,1 bed (1 extra-large double),2,,True,21.347275,40.43651,https://www.booking.com/hotel/sa/oyo-472-sweet-rooms.en-gb.html?aid=304142&label=gen173nr-1DCAEoggI46AdIM1gEaMQBiAECmAEJuAEJyAER2AED6AEBiAIBqAIDuAKmm9z0BcACAQ&sid=42146239dcdf1e519ee673686891723f&all_sr_blocks=638496502_253213025_2_0_0&checkin=2020-04-24&checkout=2020-04-25&dest_id=186&dest_type=country&group_adults=2&group_children=0&hapos=675&highlighted_blocks=638496502_253213025_2_0_0&hpos=25&no_rooms=1&sr_order=class_and_price&sr_pri_blocks=638496502_253213025_2_0_0__8776&srepoch=1587183086&srpvid=d39d1d77e42e00ba&ucfs=1&from=searchresultshttps://www.booking.com;highlight_room=#hotelTmpl,booking_kaggle,2020,2020-04-24,2026-09-13T06:37:49.339055+00:00,False
hotels_00675,2231706,Al Eairy Apartments - Al-Nairyah 4,Al Nairyah,Eastern Province,88,,6.1,77,Double or Twin Room,2 beds (2 singles),2,,True,27.4787777552412,48.4758907556534,https://www.booking.com/hotel/sa/al-eairy-apartments-al-nairyah-4.en-gb.html?aid=304142&label=gen173nr-1DCAEoggI46AdIM1gEaMQBiAECmAEJuAEJyAER2AED6AEBiAIBqAIDuAKmm9z0BcACAQ&sid=42146239dcdf1e519ee673686891723f&all_sr_blocks=223170602_101119709_2_0_0&checkin=2020-04-24&checkout=2020-04-25&dest_id=186&dest_type=country&group_adults=2&group_children=0&hapos=676&highlighted_blocks=223170602_101119709_2_0_0&hpos=1&no_rooms=1&sr_order=class_and_price&sr_pri_blocks=223170602_101119709_2_0_0__8800&srepoch=1587183099&srpvid=a0941d7d8de3007b&ucfs=1&from=searchresultshttps://www.booking.com;highlight_room=#hotelTmpl,booking_kaggle,2020,2020-04-24,2026-09-13T06:37:49.339055+00:00,False
hotels_00676,2230594,Al Eairy Apartment-Alqaseem 4,Buraydah,Qassim,88,,6.3,178,Double or Twin Room,2 beds (2 singles),2,,,26.4255224214253,43.9088331042298,https://www.booking.com/hotel/sa/al-eairy-furnished-apartments-4.en-gb.html?aid=304142&label=gen173nr-1DCAEoggI46AdIM1gEaMQBiAECmAEJuAEJyAER2AED6AEBiAIBqAIDuAKmm9z0BcACAQ&sid=42146239dcdf1e519ee673686891723f&all_sr_blocks=223059409_201860896_2_0_0&checkin=2020-04-24&checkout=2020-04-25&dest_id=186&dest_type=country&group_adults=2&group_children=0&hapos=677&highlighted_blocks=223059409_201860896_2_0_0&hpos=2&no_rooms=1&sr_order=class_and_price&sr_pri_blocks=223059409_201860896_2_0_0__8800&srepoch=1587183099&srpvid=a0941d7d8de3007b&ucfs=1&from=searchresultshttps://www.booking.com;highlight_room=#hotelTmpl,booking_kaggle,2020,2020-04-24,2026-09-13T06:37:49.339055+00:00,False
hotels_00677,1849983,Grand Plaza Hotel Suites,Al Khobar,Eastern Province,89,,7.8,247,Budget Double Room,1 bed (1 double),2,,True,26.2936389417886,50.1747556775808,https://www.booking.com/hotel/sa/grand-plaza-suites.en-gb.html?aid=304142&label=gen173nr-1DCAEoggI46AdIM1gEaMQBiAECmAEJuAEJyAER2AED6AEBiAIBqAIDuAKmm9z0BcACAQ&sid=42146239dcdf1e519ee673686891723f&all_sr_blocks=184998313_195332273_0_0_0&checkin=2020-04-24&checkout=2020-04-25&dest_id=186&dest_type=country&group_adults=2&group_children=0&hapos=678&highlighted_blocks=184998313_195332273_0_0_0&hpos=3&no_rooms=1&sr_order=class_and_price&sr_pri_blocks=184998313_195332273_0_0_0__8900&srepoch=1587183099&srpvid=a0941d7d8de3007b&ucfs=1&from=searchresultshttps://www.booking.com;highlight_room=#hotelTmpl,booking_kaggle,2020,2020-04-24,2026-09-13T06:37:49.339055+00:00,False
hotels_00678,2495282,Qasr Ma'ali Furnished Apartments 1 - Family Only,Buraydah,Qassim,89,,7.0,225,One-Bedroom Apartment,"2 beds (1 extra-large double, 1 sofa bed)",3,,True,26.371870159057,43.9513072371483,https://www.booking.com/hotel/sa/qasr-ma-39-ali-furnished-apartments-1.en-gb.html?aid=304142&label=gen173nr-1DCAEoggI46AdIM1gEaMQBiAECmAEJuAEJyAER2AED6AEBiAIBqAIDuAKmm9z0BcACAQ&sid=42146239dcdf1e519ee673686891723f&all_sr_blocks=249528201_195410277_3_0_0&checkin=2020-04-24&checkout=2020-04-25&dest_id=186&dest_type=country&group_adults=2&group_children=0&hapos=679&highlighted_blocks=249528201_195410277_3_0_0&hpos=4&no_rooms=1&sr_order=class_and_price&sr_pri_blocks=249528201_195410277_3_0_0__8900&srepoch=1587183099&srpvid=a0941d7d8de3007b&ucfs=1&from=searchresultshttps://www.booking.com;highlight_room=#hotelTmpl,booking_kaggle,2020,2020-04-24,2026-09-13T06:37:49.339055+00:00,False
hotels_00679,3853111,Mawasim Aghadeer Hotel,Abha,Asir,89,,4.8,248,One-Bedroom Suite,"2 beds (1 double, 1 sofa bed)",2,,True,18.2163150302146,42.503452067398,https://www.booking.com/hotel/sa/fndq-mwsm-gdyr.en-gb.html?aid=304142&label=gen173nr-1DCAEoggI46AdIM1gEaMQBiAECmAEJuAEJyAER2AED6AEBiAIBqAIDuAKmm9z0BcACAQ&sid=42146239dcdf1e519ee673686891723f&all_sr_blocks=385311103_206515165_2_2_0&checkin=2020-04-24&checkout=2020-04-25&dest_id=186&dest_type=country&group_adults=2&group_children=0&hapos=680&highlighted_blocks=385311103_206515165_2_2_0&hpos=5&no_rooms=1&sr_order=class_and_price&sr_pri_blocks=385311103_206515165_2_2_0__8900&srepoch=1587183099&srpvid=a0941d7d8de3007b&ucfs=1&from=searchresultshttps://www.booking.com;highlight_room=#hotelTmpl,booking_kaggle,2020,2020-04-24,2026-09-13T06:37:49.339055+00:00,False
hotels_00680,1798124,Aliah Tolan Palace,Riyadh,Riyadh,89,,6.2,958,Studio,1 bed (1 large double),2,,True,24.7863799167484,46.7421142063599,https://www.booking.com/hotel/sa/qsr-ly-twln.en-gb.html?aid=304142&label=gen173nr-1DCAEoggI46AdIM1gEaMQBiAECmAEJuAEJyAER2AED6AEBiAIBqAIDuAKmm9z0BcACAQ&sid=42146239dcdf1e519ee673686891723f&all_sr_blocks=179812401_195239310_0_0_0&checkin=2020-04-24&checkout=2020-04-25&dest_id=186&dest_type=country&group_adults=2&group_children=0&hapos=681&highlighted_blocks=179812401_195239310_0_0_0&hpos=6&no_rooms=1&sr_order=class_and_price&sr_pri_blocks=179812401_195239310_0_0_0__8910&srepoch=1587183099&srpvid=a0941d7d8de3007b&ucfs=1&from=searchresultshttps://www.booking.com;highlight_room=#hotelTmpl,booking_kaggle,2020,2020-04-24,2026-09-13T06:37:49.339055+00:00,False
hotels_00681,1347700,Nadreen Furnished Units,Riyadh,Riyadh,90,,7.0,115,One-Bedroom Apartment,1 bed (1 double),2,,True,24.7828982722919,46.8330430984497,https://www.booking.com/hotel/sa/sama-nadreen.en-gb.html?aid=304142&label=gen173nr-1DCAEoggI46AdIM1gEaMQBiAECmAEJuAEJyAER2AED6AEBiAIBqAIDuAKmm9z0BcACAQ&sid=42146239dcdf1e519ee673686891723f&all_sr_blocks=134770001_200356775_0_0_0&checkin=2020-04-24&checkout=2020-04-25&dest_id=186&dest_type=country&group_adults=2&group_children=0&hapos=682&highlighted_blocks=134770001_200356775_0_0_0&hpos=7&no_rooms=1&sr_order=class_and_price&sr_pri_blocks=134770001_200356775_0_0_0__9000&srepoch=1587183099&srpvid=a0941d7d8de3007b&ucfs=1&from=searchresultshttps://www.booking.com;highlight_room=#hotelTmpl,booking_kaggle,2020,2020-04-24,2026-09-13T06:37:49.339055+00:00,False
hotels_00682,3080886,Al Balood Residential Units,Jeddah,Makkah,90,,8.1,992,Studio Apartment,1 bed (1 extra-large double),2,,True,21.6198621722435,39.1499154244327,https://www.booking.com/hotel/sa/fndq-qsrlblwd-jd-2.en-gb.html?aid=304142&label=gen173nr-1DCAEoggI46AdIM1gEaMQBiAECmAEJuAEJyAER2AED6AEBiAIBqAIDuAKmm9z0BcACAQ&sid=42146239dcdf1e519ee673686891723f&all_sr_blocks=308088601_112735186_2_0_0&checkin=2020-04-24&checkout=2020-04-25&dest_id=186&dest_type=country&group_adults=2&group_children=0&hapos=683&highlighted_blocks=308088601_112735186_2_0_0&hpos=8&no_rooms=1&sr_order=class_and_price&sr_pri_blocks=308088601_112735186_2_0_0__9000&srepoch=1587183099&srpvid=a0941d7d8de3007b&ucfs=1&from=searchresultshttps://www.booking.com;highlight_room=#hotelTmpl,booking_kaggle,2020,2020-04-24,2026-09-13T06:37:49.339055+00:00,False
hotels_00683,2446867,Qasr Al Azizia,Riyadh,Riyadh,90,,6.3,191,Deluxe Apartment,"2 beds (1 extra-large double, 1 sofa bed)",3,,,24.5939379701176,46.7571646262893,https://www.booking.com/hotel/sa/qasr-al-azizia.en-gb.html?aid=304142&label=gen173nr-1DCAEoggI46AdIM1gEaMQBiAECmAEJuAEJyAER2AED6AEBiAIBqAIDuAKmm9z0BcACAQ&sid=42146239dcdf1e519ee673686891723f&all_sr_blocks=244686701_141263430_3_0_0&checkin=2020-04-24&checkout=2020-04-25&dest_id=186&dest_type=country&group_adults=2&group_children=0&hapos=684&highlighted_blocks=244686701_141263430_3_0_0&hpos=9&no_rooms=1&sr_order=class_and_price&sr_pri_blocks=244686701_141263430_3_0_0__9000&srepoch=1587183099&srpvid=a0941d7d8de3007b&ucfs=1&from=searchresultshttps://www.booking.com;highlight_room=#hotelTmpl,booking_kaggle,2020,2020-04-24,2026-09-13T06:37:49.339055+00:00,False
hotels_00684,3649959,Blue Sands Al Bilsan Furnished Units,Dammam,Eastern Province,90,,6.5,96,Studio Apartment,1 bed (1 large double),2,,True,26.4194060900414,50.0224097630462,https://www.booking.com/hotel/sa/blwsnds-lbylsn.en-gb.html?aid=304142&label=gen173nr-1DCAEoggI46AdIM1gEaMQBiAECmAEJuAEJyAER2AED6AEBiAIBqAIDuAKmm9z0BcACAQ&sid=42146239dcdf1e519ee673686891723f&all_sr_blocks=364995901_206495931_2_0_0&checkin=2020-04-24&checkout=2020-04-25&dest_id=186&dest_type=country&group_adults=2&group_children=0&hapos=685&highlighted_blocks=364995901_206495931_2_0_0&hpos=10&no_rooms=1&sr_order=class_and_price&sr_pri_blocks=364995901_206495931_2_0_0__9000&srepoch=1587183099&srpvid=a0941d7d8de3007b&ucfs=1&from=searchresultshttps://www.booking.com;highlight_room=#hotelTmpl,booking_kaggle,2020,2020-04-24,2026-09-13T06:37:49.339055+00:00,False
hotels_00685,2136469,Almakan Hotel 107,Riyadh,Riyadh,90,,6.7,274,One-Bedroom Apartment,1 bed (1 extra-large double),2,,True,24.7973257501803,46.6272418946028,https://www.booking.com/hotel/sa/mersal-al-malqah-aparthotel.en-gb.html?aid=304142&label=gen173nr-1DCAEoggI46AdIM1gEaMQBiAECmAEJuAEJyAER2AED6AEBiAIBqAIDuAKmm9z0BcACAQ&sid=42146239dcdf1e519ee673686891723f&all_sr_blocks=213646905_195330290_2_0_0&checkin=2020-04-24&checkout=2020-04-25&dest_id=186&dest_type=country&group_adults=2&group_children=0&hapos=686&highlighted_blocks=213646905_195330290_2_0_0&hpos=11&no_rooms=1&sr_order=class_and_price&sr_pri_blocks=213646905_195330290_2_0_0__9000&srepoch=1587183099&srpvid=a0941d7d8de3007b&ucfs=1&from=searchresultshttps://www.booking.com;highlight_room=#hotelTmpl,booking_kaggle,2020,2020-04-24,2026-09-13T06:37:49.339055+00:00,False
hotels_00686,6287528,ابراج سعيد الجهني,Makkah,Makkah,90,,9.5,3,Double or Twin Room with Bathroom,2 beds (2 singles),2,,True,21.3989906659672,39.8643899205933,https://www.booking.com/hotel/sa/brj-s-yd-ljhny.en-gb.html?aid=304142&label=gen173nr-1DCAEoggI46AdIM1gEaMQBiAECmAEJuAEJyAER2AED6AEBiAIBqAIDuAKmm9z0BcACAQ&sid=42146239dcdf1e519ee673686891723f&all_sr_blocks=628752801_244965690_2_0_0&checkin=2020-04-24&checkout=2020-04-25&dest_id=186&dest_type=country&group_adults=2&group_children=0&hapos=687&highlighted_blocks=628752801_244965690_2_0_0&hpos=12&no_rooms=1&sr_order=class_and_price&sr_pri_blocks=628752801_244965690_2_0_0__9000&srepoch=1587183099&srpvid=a0941d7d8de3007b&ucfs=1&from=searchresultshttps://www.booking.com;highlight_room=#hotelTmpl,booking_kaggle,2020,2020-04-24,2026-09-13T06:37:49.339055+00:00,False
hotels_00687,434741,Al-Fanar Global Inn & Hotel Suites 1,Jeddah,Makkah,90,,8.0,916,Maisonette,1 bed (1 large double),2,,True,21.6204517976204,39.15293186903,https://www.booking.com/hotel/sa/al-fanar-global-inn-amp-suites.en-gb.html?aid=304142&label=gen173nr-1DCAEoggI46AdIM1gEaMQBiAECmAEJuAEJyAER2AED6AEBiAIBqAIDuAKmm9z0BcACAQ&sid=42146239dcdf1e519ee673686891723f&all_sr_blocks=43474104_128115116_2_0_0&checkin=2020-04-24&checkout=2020-04-25&dest_id=186&dest_type=country&group_adults=2&group_children=0&hapos=688&highlighted_blocks=43474104_128115116_2_0_0&hpos=13&no_rooms=1&sr_order=class_and_price&sr_pri_blocks=43474104_128115116_2_0_0__9000&srepoch=1587183099&srpvid=a0941d7d8de3007b&ucfs=1&from=searchresultshttps://www.booking.com;highlight_room=#hotelTmpl,booking_kaggle,2020,2020-04-24,2026-09-13T06:37:49.339055+00:00,False
hotels_00688,1653125,الاقامة الهادئة,Al Khobar,Eastern Province,90,,6.8,206,Standard Studio,1 bed (1 extra-large double),2,,True,26.2897682185387,50.1889854669571,https://www.booking.com/hotel/sa/quiet-inn-apartments.en-gb.html?aid=304142&label=gen173nr-1DCAEoggI46AdIM1gEaMQBiAECmAEJuAEJyAER2AED6AEBiAIBqAIDuAKmm9z0BcACAQ&sid=42146239dcdf1e519ee673686891723f&all_sr_blocks=165312507_167622754_2_0_0&checkin=2020-04-24&checkout=2020-04-25&dest_id=186&dest_type=country&group_adults=2&group_children=0&hapos=689&highlighted_blocks=165312507_167622754_2_0_0&hpos=14&no_rooms=1&sr_order=class_and_price&sr_pri_blocks=165312507_167622754_2_0_0__9000&srepoch=1587183099&srpvid=a0941d7d8de3007b&ucfs=1&from=searchresultshttps://www.booking.com;highlight_room=#hotelTmpl,booking_kaggle,2020,2020-04-24,2026-09-13T06:37:49.339055+00:00,False
hotels_00689,1168261,Qasr Al Mosaidya - Al hamra Family Only,Jeddah,Makkah,90,,5.5,859,Double Room,1 bed (1 double),2,,True,21.5166523307857,39.1590030491352,https://www.booking.com/hotel/sa/qsr-lms-dy.en-gb.html?aid=304142&label=gen173nr-1DCAEoggI46AdIM1gEaMQBiAECmAEJuAEJyAER2AED6AEBiAIBqAIDuAKmm9z0BcACAQ&sid=42146239dcdf1e519ee673686891723f&all_sr_blocks=116826103_98143287_2_0_0&checkin=2020-04-24&checkout=2020-04-25&dest_id=186&dest_type=country&group_adults=2&group_children=0&hapos=690&highlighted_blocks=116826103_98143287_2_0_0&hpos=15&no_rooms=1&sr_order=class_and_price&sr_pri_blocks=116826103_98143287_2_0_0__9000&srepoch=1587183099&srpvid=a0941d7d8de3007b&ucfs=1&from=searchresultshttps://www.booking.com;highlight_room=#hotelTmpl,booking_kaggle,2020,2020-04-24,2026-09-13T06:37:49.339055+00:00,False
hotels_00690,407151,Mkani Apartment,Al Khobar,Eastern Province,90,,7.1,171,Budget Double Room,1 bed (1 large double),2,,True,26.2914335140814,50.186271071434,https://www.booking.com/hotel/sa/makani-appartment.en-gb.html?aid=304142&label=gen173nr-1DCAEoggI46AdIM1gEaMQBiAECmAEJuAEJyAER2AED6AEBiAIBqAIDuAKmm9z0BcACAQ&sid=42146239dcdf1e519ee673686891723f&all_sr_blocks=40715103_105283979_0_0_0&checkin=2020-04-24&checkout=2020-04-25&dest_id=186&dest_type=country&group_adults=2&group_children=0&hapos=691&highlighted_blocks=40715103_105283979_0_0_0&hpos=16&no_rooms=1&sr_order=class_and_price&sr_pri_blocks=40715103_105283979_0_0_0__9000&srepoch=1587183099&srpvid=a0941d7d8de3007b&ucfs=1&from=searchresultshttps://www.booking.com;highlight_room=#hotelTmpl,booking_kaggle,2020,2020-04-24,2026-09-13T06:37:49.339055+00:00,False
hotels_00691,2252597,Al Eairy Apartments - Hail 3,Hail,Hail,90,,6.5,403,Double Room,2 beds (2 singles),2,,True,27.5136429961721,41.6993004083633,https://www.booking.com/hotel/sa/al-eairy-apartments-hail-3.en-gb.html?aid=304142&label=gen173nr-1DCAEoggI46AdIM1gEaMQBiAECmAEJuAEJyAER2AED6AEBiAIBqAIDuAKmm9z0BcACAQ&sid=42146239dcdf1e519ee673686891723f&all_sr_blocks=225259704_101291531_2_0_0&checkin=2020-04-24&checkout=2020-04-25&dest_id=186&dest_type=country&group_adults=2&group_children=0&hapos=692&highlighted_blocks=225259704_101291531_2_0_0&hpos=17&no_rooms=1&sr_order=class_and_price&sr_pri_blocks=225259704_101291531_2_0_0__9000&srepoch=1587183099&srpvid=a0941d7d8de3007b&ucfs=1&from=searchresultshttps://www.booking.com;highlight_room=#hotelTmpl,booking_kaggle,2020,2020-04-24,2026-09-13T06:37:49.339055+00:00,False
hotels_00692,6303861,شقق ايواء الخرج الفندقية,Al Kharj,Riyadh,90,,,,Studio,1 bed (1 double),2,,,24.157343,47.315561,https://www.booking.com/hotel/sa/shqq-yw-lkhrj-lfndqy.en-gb.html?aid=304142&label=gen173nr-1DCAEoggI46AdIM1gEaMQBiAECmAEJuAEJyAER2AED6AEBiAIBqAIDuAKmm9z0BcACAQ&sid=42146239dcdf1e519ee673686891723f&all_sr_blocks=630386101_245805685_0_0_0&checkin=2020-04-24&checkout=2020-04-25&dest_id=186&dest_type=country&group_adults=2&group_children=0&hapos=693&highlighted_blocks=630386101_245805685_0_0_0&hpos=18&no_rooms=1&sr_order=class_and_price&sr_pri_blocks=630386101_245805685_0_0_0__9000&srepoch=1587183099&srpvid=a0941d7d8de3007b&ucfs=1&from=searchresultshttps://www.booking.com;highlight_room=#hotelTmpl,booking_kaggle,2020,2020-04-24,2026-09-13T06:37:49.339055+00:00,False
hotels_00693,2225827,Al Eairy Apartments - Al-Damam 2,Dammam,Eastern Province,90,,5.4,284,Double or Twin Room,1 bed (1 double),2,,True,26.4350311911851,50.0464893202377,https://www.booking.com/hotel/sa/al-eairy-apartments-al-damam-2.en-gb.html?aid=304142&label=gen173nr-1DCAEoggI46AdIM1gEaMQBiAECmAEJuAEJyAER2AED6AEBiAIBqAIDuAKmm9z0BcACAQ&sid=42146239dcdf1e519ee673686891723f&all_sr_blocks=222582709_101118307_2_0_0&checkin=2020-04-24&checkout=2020-04-25&dest_id=186&dest_type=country&group_adults=2&group_children=0&hapos=694&highlighted_blocks=222582709_101118307_2_0_0&hpos=19&no_rooms=1&sr_order=class_and_price&sr_pri_blocks=222582709_101118307_2_0_0__9000&srepoch=1587183099&srpvid=a0941d7d8de3007b&ucfs=1&from=searchresultshttps://www.booking.com;highlight_room=#hotelTmpl,booking_kaggle,2020,2020-04-24,2026-09-13T06:37:49.339055+00:00,False
hotels_00694,1816788,Jazli Hotel Suites,Jeddah,Makkah,90,,7.5,211,One-Bedroom Apartment,"4 beds (1 extra-large double, 3 sofa beds)",2,,True,21.5959014958669,39.1670478321612,https://www.booking.com/hotel/sa/jazli-suites.en-gb.html?aid=304142&label=gen173nr-1DCAEoggI46AdIM1gEaMQBiAECmAEJuAEJyAER2AED6AEBiAIBqAIDuAKmm9z0BcACAQ&sid=42146239dcdf1e519ee673686891723f&all_sr_blocks=181678801_183476788_2_0_0&checkin=2020-04-24&checkout=2020-04-25&dest_id=186&dest_type=country&group_adults=2&group_children=0&hapos=695&highlighted_blocks=181678801_183476788_2_0_0&hpos=20&no_rooms=1&sr_order=class_and_price&sr_pri_blocks=181678801_183476788_2_0_0__9000&srepoch=1587183099&srpvid=a0941d7d8de3007b&ucfs=1&from=searchresultshttps://www.booking.com;highlight_room=#hotelTmpl,booking_kaggle,2020,2020-04-24,2026-09-13T06:37:49.339055+00:00,False
hotels_00695,1802030,Al Taif Suites - Al Faisaliah,Taif,Makkah,90,,6.6,84,Double Room,1 bed (1 extra-large double),2,,True,21.3099910869602,40.4324018938873,https://www.booking.com/hotel/sa/al-taif-suites-al-faisaliah.en-gb.html?aid=304142&label=gen173nr-1DCAEoggI46AdIM1gEaMQBiAECmAEJuAEJyAER2AED6AEBiAIBqAIDuAKmm9z0BcACAQ&sid=42146239dcdf1e519ee673686891723f&all_sr_blocks=180203001_177785319_2_0_0&checkin=2020-04-24&checkout=2020-04-25&dest_id=186&dest_type=country&group_adults=2&group_children=0&hapos=696&highlighted_blocks=180203001_177785319_2_0_0&hpos=21&no_rooms=1&sr_order=class_and_price&sr_pri_blocks=180203001_177785319_2_0_0__9000&srepoch=1587183099&srpvid=a0941d7d8de3007b&ucfs=1&from=searchresultshttps://www.booking.com;highlight_room=#hotelTmpl,booking_kaggle,2020,2020-04-24,2026-09-13T06:37:49.339055+00:00,False
hotels_00696,1687256,La Fontaine Ronas Suites,Abha,Asir,91,,8.3,103,Double Room,1 bed (1 large double),2,,True,18.2238538619007,42.4729136936367,https://www.booking.com/hotel/sa/la-fontaine-ronas-abha-suites.en-gb.html?aid=304142&label=gen173nr-1DCAEoggI46AdIM1gEaMQBiAECmAEJuAEJyAER2AED6AEBiAIBqAIDuAKmm9z0BcACAQ&sid=42146239dcdf1e519ee673686891723f&all_sr_blocks=168725603_200151119_0_0_0&checkin=2020-04-24&checkout=2020-04-25&dest_id=186&dest_type=country&group_adults=2&group_children=0&hapos=697&highlighted_blocks=168725603_200151119_0_0_0&hpos=22&no_rooms=1&sr_order=class_and_price&sr_pri_blocks=168725603_200151119_0_0_0__9100&srepoch=1587183099&srpvid=a0941d7d8de3007b&ucfs=1&from=searchresultshttps://www.booking.com;highlight_room=#hotelTmpl,booking_kaggle,2020,2020-04-24,2026-09-13T06:37:49.339055+00:00,False
hotels_00697,249408,Layali Al Tamayoz 5,Jeddah,Makkah,91,,5.5,13,One-Bedroom Apartment,1 bed (1 double),2,,True,21.6161005706896,39.1680407524109,https://www.booking.com/hotel/sa/layali-herra.en-gb.html?aid=304142&label=gen173nr-1DCAEoggI46AdIM1gEaMQBiAECmAEJuAEJyAER2AED6AEBiAIBqAIDuAKmm9z0BcACAQ&sid=42146239dcdf1e519ee673686891723f&all_sr_blocks=24940804_190234173_0_0_0&checkin=2020-04-24&checkout=2020-04-25&dest_id=186&dest_type=country&group_adults=2&group_children=0&hapos=698&highlighted_blocks=24940804_190234173_0_0_0&hpos=23&no_rooms=1&sr_order=class_and_price&sr_pri_blocks=24940804_190234173_0_0_0__9100&srepoch=1587183099&srpvid=a0941d7d8de3007b&ucfs=1&from=searchresultshttps://www.booking.com;highlight_room=#hotelTmpl,booking_kaggle,2020,2020-04-24,2026-09-13T06:37:49.339055+00:00,False
hotels_00698,2232399,نزل مينا 110,Riyadh,Riyadh,92,,7.2,194,Studio,2 beds (2 singles),2,,True,24.7257414608892,46.6525742271915,https://www.booking.com/hotel/sa/sama-altakhassusi-aparthotel.en-gb.html?aid=304142&label=gen173nr-1DCAEoggI46AdIM1gEaMQBiAECmAEJuAEJyAER2AED6AEBiAIBqAIDuAKmm9z0BcACAQ&sid=42146239dcdf1e519ee673686891723f&all_sr_blocks=223239908_243045672_2_0_0&checkin=2020-04-24&checkout=2020-04-25&dest_id=186&dest_type=country&group_adults=2&group_children=0&hapos=699&highlighted_blocks=223239908_243045672_2_0_0&hpos=24&no_rooms=1&sr_order=class_and_price&sr_pri_blocks=223239908_243045672_2_0_0__9200&srepoch=1587183099&srpvid=a0941d7d8de3007b&ucfs=1&from=searchresultshttps://www.booking.com;highlight_room=#hotelTmpl,booking_kaggle,2020,2020-04-24,2026-09-13T06:37:49.339055+00:00,False
hotels_00699,6180944,OYO 426 Royal Al Khaleej Furnished Apartments,Dammam,Eastern Province,93,,7.1,13,Standard Studio,1 bed (1 extra-large double),2,,True,26.46267,50.06211,https://www.booking.com/hotel/sa/oyo-426-royal-al-khaleej-furnished-apartments.en-gb.html?aid=304142&label=gen173nr-1DCAEoggI46AdIM1gEaMQBiAECmAEJuAEJyAER2AED6AEBiAIBqAIDuAKmm9z0BcACAQ&sid=42146239dcdf1e519ee673686891723f&all_sr_blocks=618094402_243404787_2_0_0&checkin=2020-04-24&checkout=2020-04-25&dest_id=186&dest_type=country&group_adults=2&group_children=0&hapos=700&highlighted_blocks=618094402_243404787_2_0_0&hpos=25&no_rooms=1&sr_order=class_and_price&sr_pri_blocks=618094402_243404787_2_0_0__9250&srepoch=1587183099&srpvid=a0941d7d8de3007b&ucfs=1&from=searchresultshttps://www.booking.com;highlight_room=#hotelTmpl,booking_kaggle,2020,2020-04-24,2026-09-13T06:37:49.339055+00:00,False
hotels_00700,6180956,OYO 427 Royal Al Khaleej Furnished Apartments 2,Dammam,Eastern Province,93,,6.1,11,Standard Studio,1 bed (1 extra-large double),2,,True,26.4613540206318,50.0799741005249,https://www.booking.com/hotel/sa/oyo-427-royal-al-khaleej-furnished-apartments-2.en-gb.html?aid=304142&label=gen173nr-1DCAEoggI46AdIM1gEaMQBiAECmAEJuAEJyAER2AED6AEBiAIBqAIDuAKmm9z0BcACAQ&sid=42146239dcdf1e519ee673686891723f&all_sr_blocks=618095602_241346454_2_0_0&checkin=2020-04-24&checkout=2020-04-25&dest_id=186&dest_type=country&group_adults=2&group_children=0&hapos=701&highlighted_blocks=618095602_241346454_2_0_0&hpos=1&no_rooms=1&sr_order=class_and_price&sr_pri_blocks=618095602_241346454_2_0_0__9250&srepoch=1587183110&srpvid=d39d1d83fe9d005f&ucfs=1&from=searchresultshttps://www.booking.com;highlight_room=#hotelTmpl,booking_kaggle,2020,2020-04-24,2026-09-13T06:37:49.339055+00:00,False
hotels_00701,4672486,OYO 410 Diamy Apartments,Khamis Mushait,Asir,93,,8.2,24,Standard Studio,1 bed (1 extra-large double),2,,True,18.2974900553885,42.7547349365234,https://www.booking.com/hotel/sa/dymy-llshqq-lmfrwsh-khamis-mushait.en-gb.html?aid=304142&label=gen173nr-1DCAEoggI46AdIM1gEaMQBiAECmAEJuAEJyAER2AED6AEBiAIBqAIDuAKmm9z0BcACAQ&sid=42146239dcdf1e519ee673686891723f&all_sr_blocks=467248610_242291206_2_0_0&checkin=2020-04-24&checkout=2020-04-25&dest_id=186&dest_type=country&group_adults=2&group_children=0&hapos=702&highlighted_blocks=467248610_242291206_2_0_0&hpos=2&no_rooms=1&sr_order=class_and_price&sr_pri_blocks=467248610_242291206_2_0_0__9250&srepoch=1587183110&srpvid=d39d1d83fe9d005f&ucfs=1&from=searchresultshttps://www.booking.com;highlight_room=#hotelTmpl,booking_kaggle,2020,2020-04-24,2026-09-13T06:37:49.339055+00:00,False
hotels_00702,2530281,OYO 287 Al Hamlol Hotel,Taif,Makkah,93,,7.8,132,One-Bedroom Apartment,1 bed (1 extra-large double),2,,True,21.359103577581,40.4229417443275,https://www.booking.com/hotel/sa/al-hamlol-furnished-units.en-gb.html?aid=304142&label=gen173nr-1DCAEoggI46AdIM1gEaMQBiAECmAEJuAEJyAER2AED6AEBiAIBqAIDuAKmm9z0BcACAQ&sid=42146239dcdf1e519ee673686891723f&all_sr_blocks=253028103_212950211_2_0_0&checkin=2020-04-24&checkout=2020-04-25&dest_id=186&dest_type=country&group_adults=2&group_children=0&hapos=703&highlighted_blocks=253028103_212950211_2_0_0&hpos=3&no_rooms=1&sr_order=class_and_price&sr_pri_blocks=253028103_212950211_2_0_0__9251&srepoch=1587183110&srpvid=d39d1d83fe9d005f&ucfs=1&from=searchresultshttps://www.booking.com;highlight_room=#hotelTmpl,booking_kaggle,2020,2020-04-24,2026-09-13T06:37:49.339055+00:00,False
hotels_00703,5100429,روائع الاحلام للاجنحة الفندقية,Jeddah,Makkah,93,,7.1,64,Standard Studio,1 bed (1 large double),2,,True,21.7935850652638,39.1337905461369,https://www.booking.com/hotel/sa/rwy-lhlm-lljnh-lfndqy.en-gb.html?aid=304142&label=gen173nr-1DCAEoggI46AdIM1gEaMQBiAECmAEJuAEJyAER2AED6AEBiAIBqAIDuAKmm9z0BcACAQ&sid=42146239dcdf1e519ee673686891723f&all_sr_blocks=510042901_175834319_2_0_0&checkin=2020-04-24&checkout=2020-04-25&dest_id=186&dest_type=country&group_adults=2&group_children=0&hapos=704&highlighted_blocks=510042901_175834319_2_0_0&hpos=4&no_rooms=1&sr_order=class_and_price&sr_pri_blocks=510042901_175834319_2_0_0__9270&srepoch=1587183110&srpvid=d39d1d83fe9d005f&ucfs=1&from=searchresultshttps://www.booking.com;highlight_room=#hotelTmpl,booking_kaggle,2020,2020-04-24,2026-09-13T06:37:49.339055+00:00,False
hotels_00704,2231744,Al Eairy Apartment- Dammam 3,Dammam,Eastern Province,93,,5.5,369,Double Room,1 bed (1 double),2,,True,26.4489570217645,50.0961113180214,https://www.booking.com/hotel/sa/al-eairy-apartment-dammam-3.en-gb.html?aid=304142&label=gen173nr-1DCAEoggI46AdIM1gEaMQBiAECmAEJuAEJyAER2AED6AEBiAIBqAIDuAKmm9z0BcACAQ&sid=42146239dcdf1e519ee673686891723f&all_sr_blocks=223174401_101118382_2_0_0&checkin=2020-04-24&checkout=2020-04-25&dest_id=186&dest_type=country&group_adults=2&group_children=0&hapos=705&highlighted_blocks=223174401_101118382_2_0_0&hpos=5&no_rooms=1&sr_order=class_and_price&sr_pri_blocks=223174401_101118382_2_0_0__9300&srepoch=1587183110&srpvid=d39d1d83fe9d005f&ucfs=1&from=searchresultshttps://www.booking.com;highlight_room=#hotelTmpl,booking_kaggle,2020,2020-04-24,2026-09-13T06:37:49.339055+00:00,False
hotels_00705,2231715,Al Eairy Apartments- jazan 1,Jazan,Jazan,93,,5.7,565,Double Room,1 bed (1 double),2,,True,16.8864345942303,42.57941365242,https://www.booking.com/hotel/sa/al-eairy-apartments-jazan-1.en-gb.html?aid=304142&label=gen173nr-1DCAEoggI46AdIM1gEaMQBiAECmAEJuAEJyAER2AED6AEBiAIBqAIDuAKmm9z0BcACAQ&sid=42146239dcdf1e519ee673686891723f&all_sr_blocks=223171501_101111520_0_0_0&checkin=2020-04-24&checkout=2020-04-25&dest_id=186&dest_type=country&group_adults=2&group_children=0&hapos=706&highlighted_blocks=223171501_101111520_0_0_0&hpos=6&no_rooms=1&sr_order=class_and_price&sr_pri_blocks=223171501_101111520_0_0_0__9300&srepoch=1587183110&srpvid=d39d1d83fe9d005f&ucfs=1&from=searchresultshttps://www.booking.com;highlight_room=#hotelTmpl,booking_kaggle,2020,2020-04-24,2026-09-13T06:37:49.339055+00:00,False
hotels_00706,2506437,Al Arjowan Hotel Units,Abha,Asir,93,,6.2,158,Double or Twin Room,2 beds (2 singles),2,,,18.2311261532756,42.5755151914711,https://www.booking.com/hotel/sa/lrjwn-llwhdt-lfndqyh.en-gb.html?aid=304142&label=gen173nr-1DCAEoggI46AdIM1gEaMQBiAECmAEJuAEJyAER2AED6AEBiAIBqAIDuAKmm9z0BcACAQ&sid=42146239dcdf1e519ee673686891723f&all_sr_blocks=250643702_203915584_0_0_0&checkin=2020-04-24&checkout=2020-04-25&dest_id=186&dest_type=country&group_adults=2&group_children=0&hapos=707&highlighted_blocks=250643702_203915584_0_0_0&hpos=7&no_rooms=1&sr_order=class_and_price&sr_pri_blocks=250643702_203915584_0_0_0__9315&srepoch=1587183110&srpvid=d39d1d83fe9d005f&ucfs=1&from=searchresultshttps://www.booking.com;highlight_room=#hotelTmpl,booking_kaggle,2020,2020-04-24,2026-09-13T06:37:49.339055+00:00,False
hotels_00707,5151677,OYO 236 Al Wethenani Apartment,Taif,Makkah,93,,7.5,181,One-Bedroom Apartment,1 bed (1 double),2,,True,21.3433424883064,40.4460897866134,https://www.booking.com/hotel/sa/oyo-236-al-wethenani-apartment.en-gb.html?aid=304142&label=gen173nr-1DCAEoggI46AdIM1gEaMQBiAECmAEJuAEJyAER2AED6AEBiAIBqAIDuAKmm9z0BcACAQ&sid=42146239dcdf1e519ee673686891723f&all_sr_blocks=515167701_237727306_2_0_0&checkin=2020-04-24&checkout=2020-04-25&dest_id=186&dest_type=country&group_adults=2&group_children=0&hapos=708&highlighted_blocks=515167701_237727306_2_0_0&hpos=8&no_rooms=1&sr_order=class_and_price&sr_pri_blocks=515167701_237727306_2_0_0__9330&srepoch=1587183110&srpvid=d39d1d83fe9d005f&ucfs=1&from=searchresultshttps://www.booking.com;highlight_room=#hotelTmpl,booking_kaggle,2020,2020-04-24,2026-09-13T06:37:49.339055+00:00,False
hotels_00708,2502614,Dorar Almasyah Aparthotel,Riyadh,Riyadh,94,,5.0,316,One-Bedroom Apartment,1 bed (1 large double),2,,True,24.8067903074224,46.7709147557616,https://www.booking.com/hotel/sa/dorar-almasyah-aparthotel.en-gb.html?aid=304142&label=gen173nr-1DCAEoggI46AdIM1gEaMQBiAECmAEJuAEJyAER2AED6AEBiAIBqAIDuAKmm9z0BcACAQ&sid=42146239dcdf1e519ee673686891723f&all_sr_blocks=250261401_103616402_2_0_0&checkin=2020-04-24&checkout=2020-04-25&dest_id=186&dest_type=country&group_adults=2&group_children=0&hapos=709&highlighted_blocks=250261401_103616402_2_0_0&hpos=9&no_rooms=1&sr_order=class_and_price&sr_pri_blocks=250261401_103616402_2_0_0__9400&srepoch=1587183110&srpvid=d39d1d83fe9d005f&ucfs=1&from=searchresultshttps://www.booking.com;highlight_room=#hotelTmpl,booking_kaggle,2020,2020-04-24,2026-09-13T06:37:49.339055+00:00,False
hotels_00709,1168754,Al Eairy Furnished units Dammam 4,Dammam,Eastern Province,94,,5.6,204,Double or Twin Room,1 bed (1 double),2,,True,26.4276360631122,50.0688949227333,https://www.booking.com/hotel/sa/al-eyeery-furnitued-apartment-4.en-gb.html?aid=304142&label=gen173nr-1DCAEoggI46AdIM1gEaMQBiAECmAEJuAEJyAER2AED6AEBiAIBqAIDuAKmm9z0BcACAQ&sid=42146239dcdf1e519ee673686891723f&all_sr_blocks=116875401_86181012_2_0_0&checkin=2020-04-24&checkout=2020-04-25&dest_id=186&dest_type=country&group_adults=2&group_children=0&hapos=710&highlighted_blocks=116875401_86181012_2_0_0&hpos=10&no_rooms=1&sr_order=class_and_price&sr_pri_blocks=116875401_86181012_2_0_0__9400&srepoch=1587183110&srpvid=d39d1d83fe9d005f&ucfs=1&from=searchresultshttps://www.booking.com;highlight_room=#hotelTmpl,booking_kaggle,2020,2020-04-24,2026-09-13T06:37:49.339055+00:00,False
hotels_00710,6304591,سفن سيز للوحدات السكنية,Jeddah,Makkah,94,,,,Studio,1 bed (1 large double),2,,True,21.55601,39.187953,https://www.booking.com/hotel/sa/7-seaz.en-gb.html?aid=304142&label=gen173nr-1DCAEoggI46AdIM1gEaMQBiAECmAEJuAEJyAER2AED6AEBiAIBqAIDuAKmm9z0BcACAQ&sid=42146239dcdf1e519ee673686891723f&all_sr_blocks=630459101_245901637_2_0_0&checkin=2020-04-24&checkout=2020-04-25&dest_id=186&dest_type=country&group_adults=2&group_children=0&hapos=711&highlighted_blocks=630459101_245901637_2_0_0&hpos=11&no_rooms=1&sr_order=class_and_price&sr_pri_blocks=630459101_245901637_2_0_0__9422&srepoch=1587183110&srpvid=d39d1d83fe9d005f&ucfs=1&from=searchresultshttps://www.booking.com;highlight_room=#hotelTmpl,booking_kaggle,2020,2020-04-24,2026-09-13T06:37:49.339055+00:00,False
hotels_00711,2193753,OYO 446 Mas Hotel,Jeddah,Makkah,95,,6.7,119,Standard Room Twin,2 beds (2 singles),2,,True,21.5165246914798,39.1858093393966,https://www.booking.com/hotel/sa/fndq-w-jnh-ms-jeddah1.en-gb.html?aid=304142&label=gen173nr-1DCAEoggI46AdIM1gEaMQBiAECmAEJuAEJyAER2AED6AEBiAIBqAIDuAKmm9z0BcACAQ&sid=42146239dcdf1e519ee673686891723f&all_sr_blocks=219375312_249275003_2_0_0&checkin=2020-04-24&checkout=2020-04-25&dest_id=186&dest_type=country&group_adults=2&group_children=0&hapos=712&highlighted_blocks=219375312_249275003_2_0_0&hpos=12&no_rooms=1&sr_order=class_and_price&sr_pri_blocks=219375312_249275003_2_0_0__9488&srepoch=1587183110&srpvid=d39d1d83fe9d005f&ucfs=1&from=searchresultshttps://www.booking.com;highlight_room=#hotelTmpl,booking_kaggle,2020,2020-04-24,2026-09-13T06:37:49.339055+00:00,False
hotels_00712,1593237,منازل لينة 1 للوحدات السكنية المفروشة,Al Ahsa,Eastern Province,95,,7.9,20,Studio,2 beds (2 singles),2,,True,25.3446032562973,49.5842573046684,https://www.booking.com/hotel/sa/homes-linh.en-gb.html?aid=304142&label=gen173nr-1DCAEoggI46AdIM1gEaMQBiAECmAEJuAEJyAER2AED6AEBiAIBqAIDuAKmm9z0BcACAQ&sid=42146239dcdf1e519ee673686891723f&all_sr_blocks=159323701_245656862_0_0_0&checkin=2020-04-24&checkout=2020-04-25&dest_id=186&dest_type=country&group_adults=2&group_children=0&hapos=713&highlighted_blocks=159323701_245656862_0_0_0&hpos=13&no_rooms=1&sr_order=class_and_price&sr_pri_blocks=159323701_245656862_0_0_0__9500&srepoch=1587183110&srpvid=d39d1d83fe9d005f&ucfs=1&from=searchresultshttps://www.booking.com;highlight_room=#hotelTmpl,booking_kaggle,2020,2020-04-24,2026-09-13T06:37:49.339055+00:00,False
hotels_00713,4480637,الدره بلوساندس,Dammam,Eastern Province,95,,7.4,62,Studio Apartment,1 bed (1 double),2,,True,26.357241,50.06158,https://www.booking.com/hotel/sa/blwsnds-2.en-gb.html?aid=304142&label=gen173nr-1DCAEoggI46AdIM1gEaMQBiAECmAEJuAEJyAER2AED6AEBiAIBqAIDuAKmm9z0BcACAQ&sid=42146239dcdf1e519ee673686891723f&all_sr_blocks=448063701_134881140_2_0_0&checkin=2020-04-24&checkout=2020-04-25&dest_id=186&dest_type=country&group_adults=2&group_children=0&hapos=714&highlighted_blocks=448063701_134881140_2_0_0&hpos=14&no_rooms=1&sr_order=class_and_price&sr_pri_blocks=448063701_134881140_2_0_0__9500&srepoch=1587183110&srpvid=d39d1d83fe9d005f&ucfs=1&from=searchresultshttps://www.booking.com;highlight_room=#hotelTmpl,booking_kaggle,2020,2020-04-24,2026-09-13T06:37:49.339055+00:00,False
hotels_00714,434746,Al Fanar International Hotel Apartments 2 Jeddah,Jeddah,Makkah,95,,7.2,149,Studio Apartment,1 bed (1 double),2,,True,21.6180480414537,39.1510167717934,https://www.booking.com/hotel/sa/al-fanar-global-inn-amp-suites-2.en-gb.html?aid=304142&label=gen173nr-1DCAEoggI46AdIM1gEaMQBiAECmAEJuAEJyAER2AED6AEBiAIBqAIDuAKmm9z0BcACAQ&sid=42146239dcdf1e519ee673686891723f&all_sr_blocks=43474604_209290685_0_0_0&checkin=2020-04-24&checkout=2020-04-25&dest_id=186&dest_type=country&group_adults=2&group_children=0&hapos=715&highlighted_blocks=43474604_209290685_0_0_0&hpos=15&no_rooms=1&sr_order=class_and_price&sr_pri_blocks=43474604_209290685_0_0_0__9500&srepoch=1587183110&srpvid=d39d1d83fe9d005f&ucfs=1&from=searchresultshttps://www.booking.com;highlight_room=#hotelTmpl,booking_kaggle,2020,2020-04-24,2026-09-13T06:37:49.339055+00:00,False
hotels_00715,782693,Blue Sands Plaza,Al Khobar,Eastern Province,95,,7.6,180,Standard Double Room,1 bed (1 large double),2,,True,26.2940113684695,50.1799866557121,https://www.booking.com/hotel/sa/o-uuo3ossuo-o3-o-uosso2oss.en-gb.html?aid=304142&label=gen173nr-1DCAEoggI46AdIM1gEaMQBiAECmAEJuAEJyAER2AED6AEBiAIBqAIDuAKmm9z0BcACAQ&sid=42146239dcdf1e519ee673686891723f&all_sr_blocks=78269302_119765206_0_0_0&checkin=2020-04-24&checkout=2020-04-25&dest_id=186&dest_type=country&group_adults=2&group_children=0&hapos=716&highlighted_blocks=78269302_119765206_0_0_0&hpos=16&no_rooms=1&sr_order=class_and_price&sr_pri_blocks=78269302_119765206_0_0_0__9500&srepoch=1587183110&srpvid=d39d1d83fe9d005f&ucfs=1&from=searchresultshttps://www.booking.com;highlight_room=#hotelTmpl,booking_kaggle,2020,2020-04-24,2026-09-13T06:37:49.339055+00:00,False
hotels_00716,2231809,Al Eairy Apartments - Al Nairyah 3,Al Nairyah,Eastern Province,95,,5.7,59,One-Bedroom Apartment,1 bed (1 double),2,,True,27.475436736311,48.4932446479797,https://www.booking.com/hotel/sa/al-eairy-apartments-al-nairyah-3.en-gb.html?aid=304142&label=gen173nr-1DCAEoggI46AdIM1gEaMQBiAECmAEJuAEJyAER2AED6AEBiAIBqAIDuAKmm9z0BcACAQ&sid=42146239dcdf1e519ee673686891723f&all_sr_blocks=223180901_101119616_2_0_0&checkin=2020-04-24&checkout=2020-04-25&dest_id=186&dest_type=country&group_adults=2&group_children=0&hapos=717&highlighted_blocks=223180901_101119616_2_0_0&hpos=17&no_rooms=1&sr_order=class_and_price&sr_pri_blocks=223180901_101119616_2_0_0__9500&srepoch=1587183110&srpvid=d39d1d83fe9d005f&ucfs=1&from=searchresultshttps://www.booking.com;highlight_room=#hotelTmpl,booking_kaggle,2020,2020-04-24,2026-09-13T06:37:49.339055+00:00,False
hotels_00717,1556632,Red Sea Resort (Families Only),Rayyis,Madinah,95,,8.2,127,One-Bedroom Chalet,1 bed (1 double),2,,,23.5688233162276,38.6146929860115,https://www.booking.com/hotel/sa/red-sea-resort.en-gb.html?aid=304142&label=gen173nr-1DCAEoggI46AdIM1gEaMQBiAECmAEJuAEJyAER2AED6AEBiAIBqAIDuAKmm9z0BcACAQ&sid=42146239dcdf1e519ee673686891723f&all_sr_blocks=155663203_95609026_0_0_0&checkin=2020-04-24&checkout=2020-04-25&dest_id=186&dest_type=country&group_adults=2&group_children=0&hapos=718&highlighted_blocks=155663203_95609026_0_0_0&hpos=18&no_rooms=1&sr_order=class_and_price&sr_pri_blocks=155663203_95609026_0_0_0__9500&srepoch=1587183110&srpvid=d39d1d83fe9d005f&ucfs=1&from=searchresultshttps://www.booking.com;highlight_room=#hotelTmpl,booking_kaggle,2020,2020-04-24,2026-09-13T06:37:49.339055+00:00,False
hotels_00718,2231769,Al Eairy Apartments -Aldamam 7,Dammam,Eastern Province,95,,6.1,310,Standard Twin Room,2 beds (2 singles),2,,True,26.4418220791015,50.064195661766,https://www.booking.com/hotel/sa/al-eairy-apartments-aldamam-7.en-gb.html?aid=304142&label=gen173nr-1DCAEoggI46AdIM1gEaMQBiAECmAEJuAEJyAER2AED6AEBiAIBqAIDuAKmm9z0BcACAQ&sid=42146239dcdf1e519ee673686891723f&all_sr_blocks=223176901_101118470_0_0_0&checkin=2020-04-24&checkout=2020-04-25&dest_id=186&dest_type=country&group_adults=2&group_children=0&hapos=719&highlighted_blocks=223176901_101118470_0_0_0&hpos=19&no_rooms=1&sr_order=class_and_price&sr_pri_blocks=223176901_101118470_0_0_0__9500&srepoch=1587183110&srpvid=d39d1d83fe9d005f&ucfs=1&from=searchresultshttps://www.booking.com;highlight_room=#hotelTmpl,booking_kaggle,2020,2020-04-24,2026-09-13T06:37:49.339055+00:00,False
hotels_00719,5849882,فندق أسيا,Riyadh,Riyadh,95,,5.9,39,Twin Room with Bathroom,2 beds (2 singles),2,,True,24.6423439726405,46.7178273934403,https://www.booking.com/hotel/sa/fndq-sy.en-gb.html?aid=304142&label=gen173nr-1DCAEoggI46AdIM1gEaMQBiAECmAEJuAEJyAER2AED6AEBiAIBqAIDuAKmm9z0BcACAQ&sid=42146239dcdf1e519ee673686891723f&all_sr_blocks=584988203_228759025_2_2_0&checkin=2020-04-24&checkout=2020-04-25&dest_id=186&dest_type=country&group_adults=2&group_children=0&hapos=720&highlighted_blocks=584988203_228759025_2_2_0&hpos=20&no_rooms=1&sr_order=class_and_price&sr_pri_blocks=584988203_228759025_2_2_0__9500&srepoch=1587183110&srpvid=d39d1d83fe9d005f&ucfs=1&from=searchresultshttps://www.booking.com;highlight_room=#hotelTmpl,booking_kaggle,2020,2020-04-24,2026-09-13T06:37:49.339055+00:00,False
hotels_00720,2231792,Al Eairy Apartments -JAZAN 2,Jazan,Jazan,95,,5.5,545,Standard Double Room,1 bed (1 double),2,,True,16.9289833345529,42.5640794634819,https://www.booking.com/hotel/sa/al-eairy-apartments-jazan-2.en-gb.html?aid=304142&label=gen173nr-1DCAEoggI46AdIM1gEaMQBiAECmAEJuAEJyAER2AED6AEBiAIBqAIDuAKmm9z0BcACAQ&sid=42146239dcdf1e519ee673686891723f&all_sr_blocks=223179201_101111852_0_0_0&checkin=2020-04-24&checkout=2020-04-25&dest_id=186&dest_type=country&group_adults=2&group_children=0&hapos=721&highlighted_blocks=223179201_101111852_0_0_0&hpos=21&no_rooms=1&sr_order=class_and_price&sr_pri_blocks=223179201_101111852_0_0_0__9500&srepoch=1587183110&srpvid=d39d1d83fe9d005f&ucfs=1&from=searchresultshttps://www.booking.com;highlight_room=#hotelTmpl,booking_kaggle,2020,2020-04-24,2026-09-13T06:37:49.339055+00:00,False
hotels_00721,6394846,Fully furnished flat for rent,Jazan,Jazan,96,,,,One-Bedroom Apartment,"2 beds (1 double, 1 sofa bed)",4,,,16.952581703465,42.559892353118,https://www.booking.com/hotel/sa/fully-furnished-flat-for-rent.en-gb.html?aid=304142&label=gen173nr-1DCAEoggI46AdIM1gEaMQBiAECmAEJuAEJyAER2AED6AEBiAIBqAIDuAKmm9z0BcACAQ&sid=42146239dcdf1e519ee673686891723f&all_sr_blocks=639484601_255087035_4_0_0&checkin=2020-04-24&checkout=2020-04-25&dest_id=186&dest_type=country&group_adults=2&group_children=0&hapos=722&highlighted_blocks=639484601_255087035_4_0_0&hpos=22&no_rooms=1&sr_order=class_and_price&sr_pri_blocks=639484601_255087035_4_0_0__9600&srepoch=1587183110&srpvid=d39d1d83fe9d005f&ucfs=1&from=searchresultshttps://www.booking.com;highlight_room=#hotelTmpl,booking_kaggle,2020,2020-04-24,2026-09-13T06:37:49.339055+00:00,False
hotels_00722,4349894,OYO 243 Arkan Hotel Taif,Taif,Makkah,96,,6.1,134,One-Bedroom Apartment,1 bed (1 double),2,,True,21.3079067123866,40.4320684532013,https://www.booking.com/hotel/sa/rkn-lty-f-llwhdt-lskny.en-gb.html?aid=304142&label=gen173nr-1DCAEoggI46AdIM1gEaMQBiAECmAEJuAEJyAER2AED6AEBiAIBqAIDuAKmm9z0BcACAQ&sid=42146239dcdf1e519ee673686891723f&all_sr_blocks=434989403_187076428_2_0_0&checkin=2020-04-24&checkout=2020-04-25&dest_id=186&dest_type=country&group_adults=2&group_children=0&hapos=723&highlighted_blocks=434989403_187076428_2_0_0&hpos=23&no_rooms=1&sr_order=class_and_price&sr_pri_blocks=434989403_187076428_2_0_0__9646&srepoch=1587183110&srpvid=d39d1d83fe9d005f&ucfs=1&from=searchresultshttps://www.booking.com;highlight_room=#hotelTmpl,booking_kaggle,2020,2020-04-24,2026-09-13T06:37:49.339055+00:00,False
hotels_00723,2259661,ضيوف جدة,Jeddah,Makkah,97,,7.8,115,Studio,2 beds (2 singles),2,,True,21.4501787928566,39.250984942818,https://www.booking.com/hotel/sa/jeddah-guest-jeddah.en-gb.html?aid=304142&label=gen173nr-1DCAEoggI46AdIM1gEaMQBiAECmAEJuAEJyAER2AED6AEBiAIBqAIDuAKmm9z0BcACAQ&sid=42146239dcdf1e519ee673686891723f&all_sr_blocks=225966101_218996868_2_0_0&checkin=2020-04-24&checkout=2020-04-25&dest_id=186&dest_type=country&group_adults=2&group_children=0&hapos=724&highlighted_blocks=225966101_218996868_2_0_0&hpos=24&no_rooms=1&sr_order=class_and_price&sr_pri_blocks=225966101_218996868_2_0_0__9650&srepoch=1587183110&srpvid=d39d1d83fe9d005f&ucfs=1&from=searchresultshttps://www.booking.com;highlight_room=#hotelTmpl,booking_kaggle,2020,2020-04-24,2026-09-13T06:37:49.339055+00:00,False
hotels_00724,2830339,فخامة جدة للشقق المفروشة,Jeddah,Makkah,97,,4.3,4,Standard Studio,1 bed (1 large double),2,,True,21.49112,39.203591,https://www.booking.com/hotel/sa/al-emtiaz-al-raqi-for-furnished-apartments-1.en-gb.html?aid=304142&label=gen173nr-1DCAEoggI46AdIM1gEaMQBiAECmAEJuAEJyAER2AED6AEBiAIBqAIDuAKmm9z0BcACAQ&sid=42146239dcdf1e519ee673686891723f&all_sr_blocks=283033905_253349243_2_0_0&checkin=2020-04-24&checkout=2020-04-25&dest_id=186&dest_type=country&group_adults=2&group_children=0&hapos=725&highlighted_blocks=283033905_253349243_2_0_0&hpos=25&no_rooms=1&sr_order=class_and_price&sr_pri_blocks=283033905_253349243_2_0_0__9669&srepoch=1587183110&srpvid=d39d1d83fe9d005f&ucfs=1&from=searchresultshttps://www.booking.com;highlight_room=#hotelTmpl,booking_kaggle,2020,2020-04-24,2026-09-13T06:37:49.339055+00:00,False
hotels_00725,2222669,ابهي القصور 2 للشقق المفروشة,Jeddah,Makkah,98,,,,Studio,1 bed (1 large double),2,,True,21.6145190885566,39.1668994724751,https://www.booking.com/hotel/sa/abha-al-kosoor-aparthotel-2.en-gb.html?aid=304142&label=gen173nr-1DCAEoggI46AdIM1gEaMQBiAECmAEJuAEJyAER2AED6AEBiAIBqAIDuAKmm9z0BcACAQ&sid=42146239dcdf1e519ee673686891723f&all_sr_blocks=222266901_249418935_2_0_0&checkin=2020-04-24&checkout=2020-04-25&dest_id=186&dest_type=country&group_adults=2&group_children=0&hapos=726&highlighted_blocks=222266901_249418935_2_0_0&hpos=1&no_rooms=1&sr_order=class_and_price&sr_pri_blocks=222266901_249418935_2_0_0__9750&srepoch=1587183120&srpvid=66171d87f17d00a5&ucfs=1&from=searchresultshttps://www.booking.com;highlight_room=#hotelTmpl,booking_kaggle,2020,2020-04-24,2026-09-13T06:37:49.339055+00:00,False
hotels_00726,2302283,كارمة المدائن,Madinah,Madinah,98,,,,Deluxe Double Room with Two Double Beds,2 beds (2 singles),3,,True,24.4465825726695,39.5365226268768,https://www.booking.com/hotel/sa/l-zyzy-llshqq-lmfrwsh.en-gb.html?aid=304142&label=gen173nr-1DCAEoggI46AdIM1gEaMQBiAECmAEJuAEJyAER2AED6AEBiAIBqAIDuAKmm9z0BcACAQ&sid=42146239dcdf1e519ee673686891723f&all_sr_blocks=230228306_249685975_0_0_0&checkin=2020-04-24&checkout=2020-04-25&dest_id=186&dest_type=country&group_adults=2&group_children=0&hapos=727&highlighted_blocks=230228306_249685975_0_0_0&hpos=2&no_rooms=1&sr_order=class_and_price&sr_pri_blocks=230228306_249685975_0_0_0__9800&srepoch=1587183120&srpvid=66171d87f17d00a5&ucfs=1&from=searchresultshttps://www.booking.com;highlight_room=#hotelTmpl,booking_kaggle,2020,2020-04-24,2026-09-13T06:37:49.339055+00:00,False
hotels_00727,4056153,روز نيري للاجنحة الفندقية,Al Khobar,Eastern Province,98,,8.2,236,Deluxe Double Room,1 bed (1 extra-large double),2,,True,26.2890458012645,50.1892252842045,https://www.booking.com/hotel/sa/rwz-nyry-lljnh-lfndqy.en-gb.html?aid=304142&label=gen173nr-1DCAEoggI46AdIM1gEaMQBiAECmAEJuAEJyAER2AED6AEBiAIBqAIDuAKmm9z0BcACAQ&sid=42146239dcdf1e519ee673686891723f&all_sr_blocks=405615301_179257713_2_0_0&checkin=2020-04-24&checkout=2020-04-25&dest_id=186&dest_type=country&group_adults=2&group_children=0&hapos=728&highlighted_blocks=405615301_179257713_2_0_0&hpos=3&no_rooms=1&sr_order=class_and_price&sr_pri_blocks=405615301_179257713_2_0_0__9800&srepoch=1587183120&srpvid=66171d87f17d00a5&ucfs=1&from=searchresultshttps://www.booking.com;highlight_room=#hotelTmpl,booking_kaggle,2020,2020-04-24,2026-09-13T06:37:49.339055+00:00,False
hotels_00728,4610005,Al Abraj Hotel,Al Quway‘Īyah,,98,,5.9,122,Small Double Room,1 bed (1 large double),3,,True,24.0673187558969,45.2937044360046,https://www.booking.com/hotel/sa/brj-al-majmaah.en-gb.html?aid=304142&label=gen173nr-1DCAEoggI46AdIM1gEaMQBiAECmAEJuAEJyAER2AED6AEBiAIBqAIDuAKmm9z0BcACAQ&sid=42146239dcdf1e519ee673686891723f&all_sr_blocks=461000507_140594694_3_0_0&checkin=2020-04-24&checkout=2020-04-25&dest_id=186&dest_type=country&group_adults=2&group_children=0&hapos=729&highlighted_blocks=461000507_140594694_3_0_0&hpos=4&no_rooms=1&sr_order=class_and_price&sr_pri_blocks=461000507_140594694_3_0_0__9800&srepoch=1587183120&srpvid=66171d87f17d00a5&ucfs=1&from=searchresultshttps://www.booking.com;highlight_room=#hotelTmpl,booking_kaggle,2020,2020-04-24,2026-09-13T06:37:49.339055+00:00,False
hotels_00729,249346,Layali Al Tamayoz 2,Jeddah,Makkah,98,,5.8,14,Studio Apartment,1 bed (1 double),2,,True,21.5991856467441,39.1645726561546,https://www.booking.com/hotel/sa/layali-quraish.en-gb.html?aid=304142&label=gen173nr-1DCAEoggI46AdIM1gEaMQBiAECmAEJuAEJyAER2AED6AEBiAIBqAIDuAKmm9z0BcACAQ&sid=42146239dcdf1e519ee673686891723f&all_sr_blocks=24934608_190234166_2_0_0&checkin=2020-04-24&checkout=2020-04-25&dest_id=186&dest_type=country&group_adults=2&group_children=0&hapos=730&highlighted_blocks=24934608_190234166_2_0_0&hpos=5&no_rooms=1&sr_order=class_and_price&sr_pri_blocks=24934608_190234166_2_0_0__9800&srepoch=1587183120&srpvid=66171d87f17d00a5&ucfs=1&from=searchresultshttps://www.booking.com;highlight_room=#hotelTmpl,booking_kaggle,2020,2020-04-24,2026-09-13T06:37:49.339055+00:00,False
hotels_00730,6163716,Milá Hotel 2,Khamis Mushait,Asir,98,,6.4,15,Studio,1 bed (1 double),2,,,18.29409406164,42.765115080322,https://www.booking.com/hotel/sa/mila-for-furnished-residential-units-2.en-gb.html?aid=304142&label=gen173nr-1DCAEoggI46AdIM1gEaMQBiAECmAEJuAEJyAER2AED6AEBiAIBqAIDuAKmm9z0BcACAQ&sid=42146239dcdf1e519ee673686891723f&all_sr_blocks=616371601_240797919_2_0_0&checkin=2020-04-24&checkout=2020-04-25&dest_id=186&dest_type=country&group_adults=2&group_children=0&hapos=731&highlighted_blocks=616371601_240797919_2_0_0&hpos=6&no_rooms=1&sr_order=class_and_price&sr_pri_blocks=616371601_240797919_2_0_0__9800&srepoch=1587183120&srpvid=66171d87f17d00a5&ucfs=1&from=searchresultshttps://www.booking.com;highlight_room=#hotelTmpl,booking_kaggle,2020,2020-04-24,2026-09-13T06:37:49.339055+00:00,False
hotels_00731,6155798,ميلا للوحدات السكنية المفروشة 1,Khamis Mushait,Asir,98,,6.2,35,Studio,1 bed (1 double),2,,True,18.3026719444163,42.7375742817841,https://www.booking.com/hotel/sa/miles-for-furnished-apartments.en-gb.html?aid=304142&label=gen173nr-1DCAEoggI46AdIM1gEaMQBiAECmAEJuAEJyAER2AED6AEBiAIBqAIDuAKmm9z0BcACAQ&sid=42146239dcdf1e519ee673686891723f&all_sr_blocks=615579801_240679379_2_0_0&checkin=2020-04-24&checkout=2020-04-25&dest_id=186&dest_type=country&group_adults=2&group_children=0&hapos=732&highlighted_blocks=615579801_240679379_2_0_0&hpos=7&no_rooms=1&sr_order=class_and_price&sr_pri_blocks=615579801_240679379_2_0_0__9800&srepoch=1587183120&srpvid=66171d87f17d00a5&ucfs=1&from=searchresultshttps://www.booking.com;highlight_room=#hotelTmpl,booking_kaggle,2020,2020-04-24,2026-09-13T06:37:49.339055+00:00,False
hotels_00732,3640482,AL Faridah Furnished Units,Khamis Mushait,Asir,98,,5.6,286,One-Bedroom Apartment,"5 beds (1 extra-large double, 4 sofa beds)",6,,True,18.3300133437283,42.7673970912933,https://www.booking.com/hotel/sa/shqq-lfryd.en-gb.html?aid=304142&label=gen173nr-1DCAEoggI46AdIM1gEaMQBiAECmAEJuAEJyAER2AED6AEBiAIBqAIDuAKmm9z0BcACAQ&sid=42146239dcdf1e519ee673686891723f&all_sr_blocks=364048204_121078111_6_0_0&checkin=2020-04-24&checkout=2020-04-25&dest_id=186&dest_type=country&group_adults=2&group_children=0&hapos=733&highlighted_blocks=364048204_121078111_6_0_0&hpos=8&no_rooms=1&sr_order=class_and_price&sr_pri_blocks=364048204_121078111_6_0_0__9800&srepoch=1587183120&srpvid=66171d87f17d00a5&ucfs=1&from=searchresultshttps://www.booking.com;highlight_room=#hotelTmpl,booking_kaggle,2020,2020-04-24,2026-09-13T06:37:49.339055+00:00,False
hotels_00733,1892473,Al Bahar Furnished Unites,Yanbu,Madinah,98,,6.8,97,Standard Double Room,1 bed (1 double),2,,True,24.1222828083989,38.0604815483093,https://www.booking.com/hotel/sa/lbhr-llwhdt-lskny.en-gb.html?aid=304142&label=gen173nr-1DCAEoggI46AdIM1gEaMQBiAECmAEJuAEJyAER2AED6AEBiAIBqAIDuAKmm9z0BcACAQ&sid=42146239dcdf1e519ee673686891723f&all_sr_blocks=189247318_234893937_2_0_0&checkin=2020-04-24&checkout=2020-04-25&dest_id=186&dest_type=country&group_adults=2&group_children=0&hapos=734&highlighted_blocks=189247318_234893937_2_0_0&hpos=9&no_rooms=1&sr_order=class_and_price&sr_pri_blocks=189247318_234893937_2_0_0__9800&srepoch=1587183120&srpvid=66171d87f17d00a5&ucfs=1&from=searchresultshttps://www.booking.com;highlight_room=#hotelTmpl,booking_kaggle,2020,2020-04-24,2026-09-13T06:37:49.339055+00:00,False
hotels_00734,2511017,Grand Plaza Jeddah,Jeddah,Makkah,98,,7.4,1,Studio Apartment,1 bed (1 extra-large double),2,,,21.5946121306427,39.1480797529221,https://www.booking.com/hotel/sa/grand-plaza-jeddah.en-gb.html?aid=304142&label=gen173nr-1DCAEoggI46AdIM1gEaMQBiAECmAEJuAEJyAER2AED6AEBiAIBqAIDuAKmm9z0BcACAQ&sid=42146239dcdf1e519ee673686891723f&all_sr_blocks=251101722_239196100_2_0_0&checkin=2020-04-24&checkout=2020-04-25&dest_id=186&dest_type=country&group_adults=2&group_children=0&hapos=735&highlighted_blocks=251101722_239196100_2_0_0&hpos=10&no_rooms=1&sr_order=class_and_price&sr_pri_blocks=251101722_239196100_2_0_0__9825&srepoch=1587183120&srpvid=66171d87f17d00a5&ucfs=1&from=searchresultshttps://www.booking.com;highlight_room=#hotelTmpl,booking_kaggle,2020,2020-04-24,2026-09-13T06:37:49.339055+00:00,False
hotels_00735,2074608,Fonoun Rahiti Unites,Jeddah,Makkah,99,,7.2,67,Twin Room,2 beds (2 singles),2,,True,21.6234040332774,39.1643393318329,https://www.booking.com/hotel/sa/fonoun-rahiti-unites.en-gb.html?aid=304142&label=gen173nr-1DCAEoggI46AdIM1gEaMQBiAECmAEJuAEJyAER2AED6AEBiAIBqAIDuAKmm9z0BcACAQ&sid=42146239dcdf1e519ee673686891723f&all_sr_blocks=207460801_211988490_0_0_0&checkin=2020-04-24&checkout=2020-04-25&dest_id=186&dest_type=country&group_adults=2&group_children=0&hapos=736&highlighted_blocks=207460801_211988490_0_0_0&hpos=11&no_rooms=1&sr_order=class_and_price&sr_pri_blocks=207460801_211988490_0_0_0__9900&srepoch=1587183120&srpvid=66171d87f17d00a5&ucfs=1&from=searchresultshttps://www.booking.com;highlight_room=#hotelTmpl,booking_kaggle,2020,2020-04-24,2026-09-13T06:37:49.339055+00:00,False
hotels_00736,439052,Yanbu Inn Residential Suites,Yanbu,Madinah,99,,7.3,494,Deluxe Double Room with Bath,1 bed (1 extra-large double),2,True,True,24.0927377169427,38.0729377269745,https://www.booking.com/hotel/sa/yanbu-inn-residential-suites.en-gb.html?aid=304142&label=gen173nr-1DCAEoggI46AdIM1gEaMQBiAECmAEJuAEJyAER2AED6AEBiAIBqAIDuAKmm9z0BcACAQ&sid=42146239dcdf1e519ee673686891723f&all_sr_blocks=43905204_200167708_0_1_0&checkin=2020-04-24&checkout=2020-04-25&dest_id=186&dest_type=country&group_adults=2&group_children=0&hapos=737&highlighted_blocks=43905204_200167708_0_1_0&hpos=12&no_rooms=1&sr_order=class_and_price&sr_pri_blocks=43905204_200167708_0_1_0__9900&srepoch=1587183120&srpvid=66171d87f17d00a5&ucfs=1&from=searchresultshttps://www.booking.com;highlight_room=#hotelTmpl,booking_kaggle,2020,2020-04-24,2026-09-13T06:37:49.339055+00:00,False
hotels_00737,5442543,Golden Jwan 2 Furnished Apartments,Jeddah,Makkah,99,,8.3,180,Budget Double Room,1 bed (1 double),2,,True,21.4608850365499,39.246817395462,https://www.booking.com/hotel/sa/jwldn-jwn-ldhhby-lwl.en-gb.html?aid=304142&label=gen173nr-1DCAEoggI46AdIM1gEaMQBiAECmAEJuAEJyAER2AED6AEBiAIBqAIDuAKmm9z0BcACAQ&sid=42146239dcdf1e519ee673686891723f&all_sr_blocks=544254307_223728587_2_0_0&checkin=2020-04-24&checkout=2020-04-25&dest_id=186&dest_type=country&group_adults=2&group_children=0&hapos=738&highlighted_blocks=544254307_223728587_2_0_0&hpos=13&no_rooms=1&sr_order=class_and_price&sr_pri_blocks=544254307_223728587_2_0_0__9899&srepoch=1587183120&srpvid=66171d87f17d00a5&ucfs=1&from=searchresultshttps://www.booking.com;highlight_room=#hotelTmpl,booking_kaggle,2020,2020-04-24,2026-09-13T06:37:49.339055+00:00,False
hotels_00738,2320250,Oasis Rise Hotel Apartments,Jeddah,Makkah,99,,7.9,462,King Room,1 bed (1 extra-large double),2,,True,21.5362760705172,39.1891296207905,https://www.booking.com/hotel/sa/oasis-rise.en-gb.html?aid=304142&label=gen173nr-1DCAEoggI46AdIM1gEaMQBiAECmAEJuAEJyAER2AED6AEBiAIBqAIDuAKmm9z0BcACAQ&sid=42146239dcdf1e519ee673686891723f&all_sr_blocks=232025006_241622937_2_0_0&checkin=2020-04-24&checkout=2020-04-25&dest_id=186&dest_type=country&group_adults=2&group_children=0&hapos=739&highlighted_blocks=232025006_241622937_2_0_0&hpos=14&no_rooms=1&sr_order=class_and_price&sr_pri_blocks=232025006_241622937_2_0_0__9900&srepoch=1587183120&srpvid=66171d87f17d00a5&ucfs=1&from=searchresultshttps://www.booking.com;highlight_room=#hotelTmpl,booking_kaggle,2020,2020-04-24,2026-09-13T06:37:49.339055+00:00,False
hotels_00739,6328084,ميارللاجنحة الفدقية,Quai,,99,,4.0,3,Studio,1 bed (1 extra-large double),2,,True,21.5640116594462,39.2134498341675,https://www.booking.com/hotel/sa/myr2-lljnh-lfdqy.en-gb.html?aid=304142&label=gen173nr-1DCAEoggI46AdIM1gEaMQBiAECmAEJuAEJyAER2AED6AEBiAIBqAIDuAKmm9z0BcACAQ&sid=42146239dcdf1e519ee673686891723f&all_sr_blocks=632808401_246983696_2_0_0&checkin=2020-04-24&checkout=2020-04-25&dest_id=186&dest_type=country&group_adults=2&group_children=0&hapos=740&highlighted_blocks=632808401_246983696_2_0_0&hpos=15&no_rooms=1&sr_order=class_and_price&sr_pri_blocks=632808401_246983696_2_0_0__9900&srepoch=1587183120&srpvid=66171d87f17d00a5&ucfs=1&from=searchresultshttps://www.booking.com;highlight_room=#hotelTmpl,booking_kaggle,2020,2020-04-24,2026-09-13T06:37:49.339055+00:00,False
hotels_00740,3832125,Iwan Alandalusia Al Ajaweed,Jeddah,Makkah,99,,7.8,258,Deluxe Double or Twin Room,1 bed (1 extra-large double),2,,True,21.419867,39.294194,https://www.booking.com/hotel/sa/ywn-lndlsy-l-jwyd.en-gb.html?aid=304142&label=gen173nr-1DCAEoggI46AdIM1gEaMQBiAECmAEJuAEJyAER2AED6AEBiAIBqAIDuAKmm9z0BcACAQ&sid=42146239dcdf1e519ee673686891723f&all_sr_blocks=383212503_232232862_2_0_0&checkin=2020-04-24&checkout=2020-04-25&dest_id=186&dest_type=country&group_adults=2&group_children=0&hapos=741&highlighted_blocks=383212503_232232862_2_0_0&hpos=16&no_rooms=1&sr_order=class_and_price&sr_pri_blocks=383212503_232232862_2_0_0__9900&srepoch=1587183120&srpvid=66171d87f17d00a5&ucfs=1&from=searchresultshttps://www.booking.com;highlight_room=#hotelTmpl,booking_kaggle,2020,2020-04-24,2026-09-13T06:37:49.339055+00:00,False
hotels_00741,1694084,Oroub El Forssan,Buraydah,Qassim,99,,8.2,1,Standard Apartment,1 bed (1 extra-large double),2,,True,26.4136984345506,43.9263653755188,https://www.booking.com/hotel/sa/sakn-alfursan-residential-units.en-gb.html?aid=304142&label=gen173nr-1DCAEoggI46AdIM1gEaMQBiAECmAEJuAEJyAER2AED6AEBiAIBqAIDuAKmm9z0BcACAQ&sid=42146239dcdf1e519ee673686891723f&all_sr_blocks=169408407_200576917_2_0_0&checkin=2020-04-24&checkout=2020-04-25&dest_id=186&dest_type=country&group_adults=2&group_children=0&hapos=742&highlighted_blocks=169408407_200576917_2_0_0&hpos=17&no_rooms=1&sr_order=class_and_price&sr_pri_blocks=169408407_200576917_2_0_0__9900&srepoch=1587183120&srpvid=66171d87f17d00a5&ucfs=1&from=searchresultshttps://www.booking.com;highlight_room=#hotelTmpl,booking_kaggle,2020,2020-04-24,2026-09-13T06:37:49.339055+00:00,False
hotels_00742,708787,Towlan Hotel Suites,Al Khobar,Eastern Province,99,,7.2,1,Deluxe Double Room,1 bed (1 double),2,,True,26.3037691825076,50.1755046844482,https://www.booking.com/hotel/sa/twolan-suites-al-khobar.en-gb.html?aid=304142&label=gen173nr-1DCAEoggI46AdIM1gEaMQBiAECmAEJuAEJyAER2AED6AEBiAIBqAIDuAKmm9z0BcACAQ&sid=42146239dcdf1e519ee673686891723f&all_sr_blocks=70878701_93571606_0_2_0&checkin=2020-04-24&checkout=2020-04-25&dest_id=186&dest_type=country&group_adults=2&group_children=0&hapos=743&highlighted_blocks=70878701_93571606_0_2_0&hpos=18&no_rooms=1&sr_order=class_and_price&sr_pri_blocks=70878701_93571606_0_2_0__9900&srepoch=1587183120&srpvid=66171d87f17d00a5&ucfs=1&from=searchresultshttps://www.booking.com;highlight_room=#hotelTmpl,booking_kaggle,2020,2020-04-24,2026-09-13T06:37:49.339055+00:00,False
hotels_00743,4920849,Silent Room 3,Riyadh,Riyadh,99,,7.0,31,One-Bedroom Apartment,1 bed (1 extra-large double),2,,True,24.8124310175931,46.790186754637,https://www.booking.com/hotel/sa/silent-room-3.en-gb.html?aid=304142&label=gen173nr-1DCAEoggI46AdIM1gEaMQBiAECmAEJuAEJyAER2AED6AEBiAIBqAIDuAKmm9z0BcACAQ&sid=42146239dcdf1e519ee673686891723f&all_sr_blocks=492084902_230073139_2_0_0&checkin=2020-04-24&checkout=2020-04-25&dest_id=186&dest_type=country&group_adults=2&group_children=0&hapos=744&highlighted_blocks=492084902_230073139_2_0_0&hpos=19&no_rooms=1&sr_order=class_and_price&sr_pri_blocks=492084902_230073139_2_0_0__9900&srepoch=1587183120&srpvid=66171d87f17d00a5&ucfs=1&from=searchresultshttps://www.booking.com;highlight_room=#hotelTmpl,booking_kaggle,2020,2020-04-24,2026-09-13T06:37:49.339055+00:00,False
hotels_00744,353102,Golden Prince Al Sulaimania Hotel,Riyadh,Riyadh,99,,6.4,551,One-Bedroom Apartment,1 bed (1 large double),2,,True,24.6920019063064,46.7059305310249,https://www.booking.com/hotel/sa/golden-prince-6.en-gb.html?aid=304142&label=gen173nr-1DCAEoggI46AdIM1gEaMQBiAECmAEJuAEJyAER2AED6AEBiAIBqAIDuAKmm9z0BcACAQ&sid=42146239dcdf1e519ee673686891723f&all_sr_blocks=35310201_190255477_0_0_0&checkin=2020-04-24&checkout=2020-04-25&dest_id=186&dest_type=country&group_adults=2&group_children=0&hapos=745&highlighted_blocks=35310201_190255477_0_0_0&hpos=20&no_rooms=1&sr_order=class_and_price&sr_pri_blocks=35310201_190255477_0_0_0__9900&srepoch=1587183120&srpvid=66171d87f17d00a5&ucfs=1&from=searchresultshttps://www.booking.com;highlight_room=#hotelTmpl,booking_kaggle,2020,2020-04-24,2026-09-13T06:37:49.339055+00:00,False
hotels_00745,544805,Dorrat Al Jubail 3,Jubail,Eastern Province,99,,7.5,300,One-Bedroom Apartment,1 bed (1 large double),2,,True,26.9950067968591,49.6514493227005,https://www.booking.com/hotel/sa/dorrat-al-jubail-3.en-gb.html?aid=304142&label=gen173nr-1DCAEoggI46AdIM1gEaMQBiAECmAEJuAEJyAER2AED6AEBiAIBqAIDuAKmm9z0BcACAQ&sid=42146239dcdf1e519ee673686891723f&all_sr_blocks=54480501_190305468_0_0_0&checkin=2020-04-24&checkout=2020-04-25&dest_id=186&dest_type=country&group_adults=2&group_children=0&hapos=746&highlighted_blocks=54480501_190305468_0_0_0&hpos=21&no_rooms=1&sr_order=class_and_price&sr_pri_blocks=54480501_190305468_0_0_0__9900&srepoch=1587183120&srpvid=66171d87f17d00a5&ucfs=1&from=searchresultshttps://www.booking.com;highlight_room=#hotelTmpl,booking_kaggle,2020,2020-04-24,2026-09-13T06:37:49.339055+00:00,False
hotels_00746,6297322,RAIHANA ALSHAAB,Dammam,Eastern Province,99,,,,Budget Twin Room,2 beds (2 singles),2,,,26.40920989764,50.034822775879,https://www.booking.com/hotel/sa/raihana-alshaab.en-gb.html?aid=304142&label=gen173nr-1DCAEoggI46AdIM1gEaMQBiAECmAEJuAEJyAER2AED6AEBiAIBqAIDuAKmm9z0BcACAQ&sid=42146239dcdf1e519ee673686891723f&all_sr_blocks=629732202_246290594_2_0_0&checkin=2020-04-24&checkout=2020-04-25&dest_id=186&dest_type=country&group_adults=2&group_children=0&hapos=747&highlighted_blocks=629732202_246290594_2_0_0&hpos=22&no_rooms=1&sr_order=class_and_price&sr_pri_blocks=629732202_246290594_2_0_0__9899&srepoch=1587183120&srpvid=66171d87f17d00a5&ucfs=1&from=searchresultshttps://www.booking.com;highlight_room=#hotelTmpl,booking_kaggle,2020,2020-04-24,2026-09-13T06:37:49.339055+00:00,False
hotels_00747,6387342,فندق النخبة,Madinah,Madinah,99,,,,Budget Double Room,1 bed (1 extra-large double),3,,True,24.446068578757,39.536190977005,https://www.booking.com/hotel/sa/fndq-lnkhb.en-gb.html?aid=304142&label=gen173nr-1DCAEoggI46AdIM1gEaMQBiAECmAEJuAEJyAER2AED6AEBiAIBqAIDuAKmm9z0BcACAQ&sid=42146239dcdf1e519ee673686891723f&all_sr_blocks=638734203_253437151_3_0_0&checkin=2020-04-24&checkout=2020-04-25&dest_id=186&dest_type=country&group_adults=2&group_children=0&hapos=748&highlighted_blocks=638734203_253437151_3_0_0&hpos=23&no_rooms=1&sr_order=class_and_price&sr_pri_blocks=638734203_253437151_3_0_0__9899&srepoch=1587183120&srpvid=66171d87f17d00a5&ucfs=1&from=searchresultshttps://www.booking.com;highlight_room=#hotelTmpl,booking_kaggle,2020,2020-04-24,2026-09-13T06:37:49.339055+00:00,False
hotels_00748,2548948,Wahat Aleen Furnished Units 1,Al Ahsa,Eastern Province,99,,8.4,5,Standard Double Room,2 beds (2 singles),2,,True,25.354179,49.595461,https://www.booking.com/hotel/sa/wahat-aleen-furnished-units.en-gb.html?aid=304142&label=gen173nr-1DCAEoggI46AdIM1gEaMQBiAECmAEJuAEJyAER2AED6AEBiAIBqAIDuAKmm9z0BcACAQ&sid=42146239dcdf1e519ee673686891723f&all_sr_blocks=254894805_133721495_0_0_0&checkin=2020-04-24&checkout=2020-04-25&dest_id=186&dest_type=country&group_adults=2&group_children=0&hapos=749&highlighted_blocks=254894805_133721495_0_0_0&hpos=24&no_rooms=1&sr_order=class_and_price&sr_pri_blocks=254894805_133721495_0_0_0__9900&srepoch=1587183120&srpvid=66171d87f17d00a5&ucfs=1&from=searchresultshttps://www.booking.com;highlight_room=#hotelTmpl,booking_kaggle,2020,2020-04-24,2026-09-13T06:37:49.339055+00:00,False
hotels_00749,4666667,Al Khozama Hotel Suites,Al Khobar,Eastern Province,99,,8.3,249,King Studio,1 bed (1 extra-large double),2,,True,26.2081907989994,50.1917405753711,https://www.booking.com/hotel/sa/lkhzm-lljnhh-lfndqy.en-gb.html?aid=304142&label=gen173nr-1DCAEoggI46AdIM1gEaMQBiAECmAEJuAEJyAER2AED6AEBiAIBqAIDuAKmm9z0BcACAQ&sid=42146239dcdf1e519ee673686891723f&all_sr_blocks=466666701_143856346_2_0_0&checkin=2020-04-24&checkout=2020-04-25&dest_id=186&dest_type=country&group_adults=2&group_children=0&hapos=750&highlighted_blocks=466666701_143856346_2_0_0&hpos=25&no_rooms=1&sr_order=class_and_price&sr_pri_blocks=466666701_143856346_2_0_0__9900&srepoch=1587183120&srpvid=66171d87f17d00a5&ucfs=1&from=searchresultshttps://www.booking.com;highlight_room=#hotelTmpl,booking_kaggle,2020,2020-04-24,2026-09-13T06:37:49.339055+00:00,False
hotels_00750,4150085,مدار سويتس الدولي للأجنحة الفندقية,Yanbu,Madinah,99,,7.4,195,Standard Studio,1 bed (1 extra-large double),2,,True,24.0880177071717,38.0443300271778,https://www.booking.com/hotel/sa/mdr-swyts-ldwly-ll-jnh-lfndqy-yanbu.en-gb.html?aid=304142&label=gen173nr-1DCAEoggI46AdIM1gEaMQBiAECmAEJuAEJyAER2AED6AEBiAIBqAIDuAKmm9z0BcACAQ&sid=42146239dcdf1e519ee673686891723f&all_sr_blocks=415008505_126604866_2_0_0&checkin=2020-04-24&checkout=2020-04-25&dest_id=186&dest_type=country&group_adults=2&group_children=0&hapos=751&highlighted_blocks=415008505_126604866_2_0_0&hpos=1&no_rooms=1&sr_order=class_and_price&sr_pri_blocks=415008505_126604866_2_0_0__9900&srepoch=1587183129&srpvid=66171d8cef9e00a3&ucfs=1&from=searchresultshttps://www.booking.com;highlight_room=#hotelTmpl,booking_kaggle,2020,2020-04-24,2026-09-13T06:37:49.339055+00:00,False
hotels_00751,1542388,Al Abha,Jeddah,Makkah,99,,6.6,156,Studio,1 bed (1 large double),2,,True,21.6221127722738,39.1976550221443,https://www.booking.com/hotel/sa/al-abha.en-gb.html?aid=304142&label=gen173nr-1DCAEoggI46AdIM1gEaMQBiAECmAEJuAEJyAER2AED6AEBiAIBqAIDuAKmm9z0BcACAQ&sid=42146239dcdf1e519ee673686891723f&all_sr_blocks=154238805_99570539_0_0_0&checkin=2020-04-24&checkout=2020-04-25&dest_id=186&dest_type=country&group_adults=2&group_children=0&hapos=752&highlighted_blocks=154238805_99570539_0_0_0&hpos=2&no_rooms=1&sr_order=class_and_price&sr_pri_blocks=154238805_99570539_0_0_0__9900&srepoch=1587183130&srpvid=66171d8cef9e00a3&ucfs=1&from=searchresultshttps://www.booking.com;highlight_room=#hotelTmpl,booking_kaggle,2020,2020-04-24,2026-09-13T06:37:49.339055+00:00,False
hotels_00752,886845,Al Sharkia Star Hotel Apartments,Dammam,Eastern Province,99,,4.9,125,Studio,1 bed (1 double),2,,True,26.4251772810243,50.0349442809602,https://www.booking.com/hotel/sa/najmet-al-sharkia-apartments.en-gb.html?aid=304142&label=gen173nr-1DCAEoggI46AdIM1gEaMQBiAECmAEJuAEJyAER2AED6AEBiAIBqAIDuAKmm9z0BcACAQ&sid=42146239dcdf1e519ee673686891723f&all_sr_blocks=88684501_190355718_0_0_0&checkin=2020-04-24&checkout=2020-04-25&dest_id=186&dest_type=country&group_adults=2&group_children=0&hapos=753&highlighted_blocks=88684501_190355718_0_0_0&hpos=3&no_rooms=1&sr_order=class_and_price&sr_pri_blocks=88684501_190355718_0_0_0__9900&srepoch=1587183130&srpvid=66171d8cef9e00a3&ucfs=1&from=searchresultshttps://www.booking.com;highlight_room=#hotelTmpl,booking_kaggle,2020,2020-04-24,2026-09-13T06:37:49.339055+00:00,False
hotels_00753,2686989,Danar Hotel Units 4,Al Khobar,Eastern Province,99,,7.2,1,Double Room,1 bed (1 extra-large double),2,,True,26.2972711780703,50.1716179959476,https://www.booking.com/hotel/sa/danar-units.en-gb.html?aid=304142&label=gen173nr-1DCAEoggI46AdIM1gEaMQBiAECmAEJuAEJyAER2AED6AEBiAIBqAIDuAKmm9z0BcACAQ&sid=42146239dcdf1e519ee673686891723f&all_sr_blocks=268698901_105948815_2_0_0&checkin=2020-04-24&checkout=2020-04-25&dest_id=186&dest_type=country&group_adults=2&group_children=0&hapos=754&highlighted_blocks=268698901_105948815_2_0_0&hpos=4&no_rooms=1&sr_order=class_and_price&sr_pri_blocks=268698901_105948815_2_0_0__9900&srepoch=1587183130&srpvid=66171d8cef9e00a3&ucfs=1&from=searchresultshttps://www.booking.com;highlight_room=#hotelTmpl,booking_kaggle,2020,2020-04-24,2026-09-13T06:37:49.339055+00:00,False
hotels_00754,3242981,Qasr Al Balood Hotel Apartments - Al Madina,Madinah,Madinah,99,,7.1,329,Studio Apartment,1 bed (1 double),2,,True,24.4827899529789,39.6438295729828,https://www.booking.com/hotel/sa/qsr-lblwd-lmdyn.en-gb.html?aid=304142&label=gen173nr-1DCAEoggI46AdIM1gEaMQBiAECmAEJuAEJyAER2AED6AEBiAIBqAIDuAKmm9z0BcACAQ&sid=42146239dcdf1e519ee673686891723f&all_sr_blocks=324298108_192716725_2_0_0&checkin=2020-04-24&checkout=2020-04-25&dest_id=186&dest_type=country&group_adults=2&group_children=0&hapos=755&highlighted_blocks=324298108_192716725_2_0_0&hpos=5&no_rooms=1&sr_order=class_and_price&sr_pri_blocks=324298108_192716725_2_0_0__9900&srepoch=1587183130&srpvid=66171d8cef9e00a3&ucfs=1&from=searchresultshttps://www.booking.com;highlight_room=#hotelTmpl,booking_kaggle,2020,2020-04-24,2026-09-13T06:37:49.339055+00:00,False
hotels_00755,335981,Al Farhan Hotel Suites - Al Salam,Riyadh,Riyadh,99,,6.9,628,Double or Twin Room,1 bed (1 extra-large double),2,True,True,24.7154408698674,46.8004649877548,https://www.booking.com/hotel/sa/al-farhan-suites-al-salam.en-gb.html?aid=304142&label=gen173nr-1DCAEoggI46AdIM1gEaMQBiAECmAEJuAEJyAER2AED6AEBiAIBqAIDuAKmm9z0BcACAQ&sid=42146239dcdf1e519ee673686891723f&all_sr_blocks=33598101_201671708_0_1_0&checkin=2020-04-24&checkout=2020-04-25&dest_id=186&dest_type=country&group_adults=2&group_children=0&hapos=756&highlighted_blocks=33598101_201671708_0_1_0&hpos=6&no_rooms=1&sr_order=class_and_price&sr_pri_blocks=33598101_201671708_0_1_0__9900&srepoch=1587183130&srpvid=66171d8cef9e00a3&ucfs=1&from=searchresultshttps://www.booking.com;highlight_room=#hotelTmpl,booking_kaggle,2020,2020-04-24,2026-09-13T06:37:49.339055+00:00,False
hotels_00756,5020776,نزل سحب أبها للعزاب,Khamis Mushait,Asir,99,,6.8,51,Twin Room,2 beds (2 singles),2,,True,18.2957647493835,42.7576336984253,https://www.booking.com/hotel/sa/shb-bh-llwhdt-lskny.en-gb.html?aid=304142&label=gen173nr-1DCAEoggI46AdIM1gEaMQBiAECmAEJuAEJyAER2AED6AEBiAIBqAIDuAKmm9z0BcACAQ&sid=42146239dcdf1e519ee673686891723f&all_sr_blocks=502077602_179745218_2_0_0&checkin=2020-04-24&checkout=2020-04-25&dest_id=186&dest_type=country&group_adults=2&group_children=0&hapos=757&highlighted_blocks=502077602_179745218_2_0_0&hpos=7&no_rooms=1&sr_order=class_and_price&sr_pri_blocks=502077602_179745218_2_0_0__9900&srepoch=1587183130&srpvid=66171d8cef9e00a3&ucfs=1&from=searchresultshttps://www.booking.com;highlight_room=#hotelTmpl,booking_kaggle,2020,2020-04-24,2026-09-13T06:37:49.339055+00:00,False
hotels_00757,2515124,Rayanat Abha Aparthotel,Abha,Asir,99,,6.9,307,One-Bedroom Apartment,1 bed (1 large double),2,,,18.2354082971444,42.499369494617,https://www.booking.com/hotel/sa/rayanat-abha-aparthotel.en-gb.html?aid=304142&label=gen173nr-1DCAEoggI46AdIM1gEaMQBiAECmAEJuAEJyAER2AED6AEBiAIBqAIDuAKmm9z0BcACAQ&sid=42146239dcdf1e519ee673686891723f&all_sr_blocks=251512401_103652268_2_0_0&checkin=2020-04-24&checkout=2020-04-25&dest_id=186&dest_type=country&group_adults=2&group_children=0&hapos=758&highlighted_blocks=251512401_103652268_2_0_0&hpos=8&no_rooms=1&sr_order=class_and_price&sr_pri_blocks=251512401_103652268_2_0_0__9900&srepoch=1587183130&srpvid=66171d8cef9e00a3&ucfs=1&from=searchresultshttps://www.booking.com;highlight_room=#hotelTmpl,booking_kaggle,2020,2020-04-24,2026-09-13T06:37:49.339055+00:00,False
hotels_00758,2734953,THORA ALAMJAD FURNISHED APARTMENTS (ذرى الامجاد للوحدات السكنية المفروشة (الراحة بلازا سابقا,Sharurah,Najran,99,,7.2,155,Double or Twin Room with Private Bathroom,2 beds (2 singles),2,,True,17.4882573761436,47.1149700880051,https://www.booking.com/hotel/sa/lrh-blz-llshqq-lmfrwsh.en-gb.html?aid=304142&label=gen173nr-1DCAEoggI46AdIM1gEaMQBiAECmAEJuAEJyAER2AED6AEBiAIBqAIDuAKmm9z0BcACAQ&sid=42146239dcdf1e519ee673686891723f&all_sr_blocks=273495301_238763950_0_0_0&checkin=2020-04-24&checkout=2020-04-25&dest_id=186&dest_type=country&group_adults=2&group_children=0&hapos=759&highlighted_blocks=273495301_238763950_0_0_0&hpos=9&no_rooms=1&sr_order=class_and_price&sr_pri_blocks=273495301_238763950_0_0_0__9900&srepoch=1587183130&srpvid=66171d8cef9e00a3&ucfs=1&from=searchresultshttps://www.booking.com;highlight_room=#hotelTmpl,booking_kaggle,2020,2020-04-24,2026-09-13T06:37:49.339055+00:00,False
hotels_00759,1293756,Fakhamet Al Taif Hotel Apartments,Taif,Makkah,99,,7.6,266,Studio,1 bed (1 double),2,,True,21.3195029941285,40.4285502433777,https://www.booking.com/hotel/sa/fakhamet-al-taif-apartments.en-gb.html?aid=304142&label=gen173nr-1DCAEoggI46AdIM1gEaMQBiAECmAEJuAEJyAER2AED6AEBiAIBqAIDuAKmm9z0BcACAQ&sid=42146239dcdf1e519ee673686891723f&all_sr_blocks=129375601_204857716_2_0_0&checkin=2020-04-24&checkout=2020-04-25&dest_id=186&dest_type=country&group_adults=2&group_children=0&hapos=760&highlighted_blocks=129375601_204857716_2_0_0&hpos=10&no_rooms=1&sr_order=class_and_price&sr_pri_blocks=129375601_204857716_2_0_0__9900&srepoch=1587183130&srpvid=66171d8cef9e00a3&ucfs=1&from=searchresultshttps://www.booking.com;highlight_room=#hotelTmpl,booking_kaggle,2020,2020-04-24,2026-09-13T06:37:49.339055+00:00,False
hotels_00760,1780187,Rahati ApartHotel,Yanbu,Madinah,99,,6.7,87,One-Bedroom Apartment,"3 beds (1 sofa bed, 2 large doubles)",3,,True,24.1316074589783,38.000282049179,https://www.booking.com/hotel/sa/rhty-llshqq-lfndqy.en-gb.html?aid=304142&label=gen173nr-1DCAEoggI46AdIM1gEaMQBiAECmAEJuAEJyAER2AED6AEBiAIBqAIDuAKmm9z0BcACAQ&sid=42146239dcdf1e519ee673686891723f&all_sr_blocks=178018701_93394607_3_0_0&checkin=2020-04-24&checkout=2020-04-25&dest_id=186&dest_type=country&group_adults=2&group_children=0&hapos=761&highlighted_blocks=178018701_93394607_3_0_0&hpos=11&no_rooms=1&sr_order=class_and_price&sr_pri_blocks=178018701_93394607_3_0_0__9900&srepoch=1587183130&srpvid=66171d8cef9e00a3&ucfs=1&from=searchresultshttps://www.booking.com;highlight_room=#hotelTmpl,booking_kaggle,2020,2020-04-24,2026-09-13T06:37:49.339055+00:00,False
hotels_00761,6295842,OYO 457 Diafati 2,Al Khobar,Eastern Province,99,,6.4,9,Standard Studio Twin,2 beds (2 singles),2,,True,26.293453,50.178936,https://www.booking.com/hotel/sa/oyo-457-diafati-2.en-gb.html?aid=304142&label=gen173nr-1DCAEoggI46AdIM1gEaMQBiAECmAEJuAEJyAER2AED6AEBiAIBqAIDuAKmm9z0BcACAQ&sid=42146239dcdf1e519ee673686891723f&all_sr_blocks=629584203_246288060_2_0_0&checkin=2020-04-24&checkout=2020-04-25&dest_id=186&dest_type=country&group_adults=2&group_children=0&hapos=762&highlighted_blocks=629584203_246288060_2_0_0&hpos=12&no_rooms=1&sr_order=class_and_price&sr_pri_blocks=629584203_246288060_2_0_0__9941&srepoch=1587183130&srpvid=66171d8cef9e00a3&ucfs=1&from=searchresultshttps://www.booking.com;highlight_room=#hotelTmpl,booking_kaggle,2020,2020-04-24,2026-09-13T06:37:49.339055+00:00,False
hotels_00762,5793173,هوليدي بلس المروة,Jeddah,Makkah,99,,8.8,84,Standard King Room,1 bed (1 extra-large double),2,,True,21.623838295704,39.2131720112902,https://www.booking.com/hotel/sa/hwlydy-bls-lmrw.en-gb.html?aid=304142&label=gen173nr-1DCAEoggI46AdIM1gEaMQBiAECmAEJuAEJyAER2AED6AEBiAIBqAIDuAKmm9z0BcACAQ&sid=42146239dcdf1e519ee673686891723f&all_sr_blocks=579317301_224548124_2_0_0&checkin=2020-04-24&checkout=2020-04-25&dest_id=186&dest_type=country&group_adults=2&group_children=0&hapos=763&highlighted_blocks=579317301_224548124_2_0_0&hpos=13&no_rooms=1&sr_order=class_and_price&sr_pri_blocks=579317301_224548124_2_0_0__9944&srepoch=1587183130&srpvid=66171d8cef9e00a3&ucfs=1&from=searchresultshttps://www.booking.com;highlight_room=#hotelTmpl,booking_kaggle,2020,2020-04-24,2026-09-13T06:37:49.339055+00:00,False
hotels_00763,4942840,جوهرة الروضة,Jeddah,Makkah,100,,8.4,127,Deluxe Apartment,1 bed (1 double),2,,True,21.5794929754699,39.1637410496292,https://www.booking.com/hotel/sa/jwhr-lrwd.en-gb.html?aid=304142&label=gen173nr-1DCAEoggI46AdIM1gEaMQBiAECmAEJuAEJyAER2AED6AEBiAIBqAIDuAKmm9z0BcACAQ&sid=42146239dcdf1e519ee673686891723f&all_sr_blocks=494284002_222288230_2_0_0&checkin=2020-04-24&checkout=2020-04-25&dest_id=186&dest_type=country&group_adults=2&group_children=0&hapos=764&highlighted_blocks=494284002_222288230_2_0_0&hpos=14&no_rooms=1&sr_order=class_and_price&sr_pri_blocks=494284002_222288230_2_0_0__10000&srepoch=1587183130&srpvid=66171d8cef9e00a3&ucfs=1&from=searchresultshttps://www.booking.com;highlight_room=#hotelTmpl,booking_kaggle,2020,2020-04-24,2026-09-13T06:37:49.339055+00:00,False
hotels_00764,2291192,فندق سكب البركة,Makkah,Makkah,100,,6.7,327,Standard Twin Room,2 beds (2 singles),2,,,21.4194839681278,39.8582547297701,https://www.booking.com/hotel/sa/fndq-skb-lbrk.en-gb.html?aid=304142&label=gen173nr-1DCAEoggI46AdIM1gEaMQBiAECmAEJuAEJyAER2AED6AEBiAIBqAIDuAKmm9z0BcACAQ&sid=42146239dcdf1e519ee673686891723f&all_sr_blocks=229119202_168776569_2_0_0&checkin=2020-04-24&checkout=2020-04-25&dest_id=186&dest_type=country&group_adults=2&group_children=0&hapos=765&highlighted_blocks=229119202_168776569_2_0_0&hpos=15&no_rooms=1&sr_order=class_and_price&sr_pri_blocks=229119202_168776569_2_0_0__10000&srepoch=1587183130&srpvid=66171d8cef9e00a3&ucfs=1&from=searchresultshttps://www.booking.com;highlight_room=#hotelTmpl,booking_kaggle,2020,2020-04-24,2026-09-13T06:37:49.339055+00:00,False
hotels_00765,5778031,اجنحة بيات,Abha,Asir,100,,9.0,80,Small Twin Room,2 beds (2 singles),2,,True,18.230353,42.596787,https://www.booking.com/hotel/sa/jnh-byt-bh.en-gb.html?aid=304142&label=gen173nr-1DCAEoggI46AdIM1gEaMQBiAECmAEJuAEJyAER2AED6AEBiAIBqAIDuAKmm9z0BcACAQ&sid=42146239dcdf1e519ee673686891723f&all_sr_blocks=577803106_225739761_2_0_0&checkin=2020-04-24&checkout=2020-04-25&dest_id=186&dest_type=country&group_adults=2&group_children=0&hapos=766&highlighted_blocks=577803106_225739761_2_0_0&hpos=16&no_rooms=1&sr_order=class_and_price&sr_pri_blocks=577803106_225739761_2_0_0__10000&srepoch=1587183130&srpvid=66171d8cef9e00a3&ucfs=1&from=searchresultshttps://www.booking.com;highlight_room=#hotelTmpl,booking_kaggle,2020,2020-04-24,2026-09-13T06:37:49.339055+00:00,False
hotels_00766,1081667,Safa Albawadi,Jeddah,Makkah,100,,7.8,702,Double Room,1 bed (1 single),2,,True,21.6130511077767,39.1793288290501,https://www.booking.com/hotel/sa/dary.en-gb.html?aid=304142&label=gen173nr-1DCAEoggI46AdIM1gEaMQBiAECmAEJuAEJyAER2AED6AEBiAIBqAIDuAKmm9z0BcACAQ&sid=42146239dcdf1e519ee673686891723f&all_sr_blocks=108166703_153319933_0_0_0&checkin=2020-04-24&checkout=2020-04-25&dest_id=186&dest_type=country&group_adults=2&group_children=0&hapos=767&highlighted_blocks=108166703_153319933_0_0_0&hpos=17&no_rooms=1&sr_order=class_and_price&sr_pri_blocks=108166703_153319933_0_0_0__10000&srepoch=1587183130&srpvid=66171d8cef9e00a3&ucfs=1&from=searchresultshttps://www.booking.com;highlight_room=#hotelTmpl,booking_kaggle,2020,2020-04-24,2026-09-13T06:37:49.339055+00:00,False
hotels_00767,434747,Qasr Al Balood Hotel Apartments Jeddah,Jeddah,Makkah,100,,6.7,75,Double Room,1 bed (1 double),2,,,21.615782639233,39.1503690183163,https://www.booking.com/hotel/sa/qasr-al-balood-apartment.en-gb.html?aid=304142&label=gen173nr-1DCAEoggI46AdIM1gEaMQBiAECmAEJuAEJyAER2AED6AEBiAIBqAIDuAKmm9z0BcACAQ&sid=42146239dcdf1e519ee673686891723f&all_sr_blocks=43474704_206280297_0_0_0&checkin=2020-04-24&checkout=2020-04-25&dest_id=186&dest_type=country&group_adults=2&group_children=0&hapos=768&highlighted_blocks=43474704_206280297_0_0_0&hpos=18&no_rooms=1&sr_order=class_and_price&sr_pri_blocks=43474704_206280297_0_0_0__10000&srepoch=1587183130&srpvid=66171d8cef9e00a3&ucfs=1&from=searchresultshttps://www.booking.com;highlight_room=#hotelTmpl,booking_kaggle,2020,2020-04-24,2026-09-13T06:37:49.339055+00:00,False
hotels_00768,2198345,ايون للشقق المفروشه,Al Khobar,Eastern Province,100,,7.9,478,One-Bedroom Apartment,1 bed (1 extra-large double),2,,True,26.2962377436986,50.1749986393561,https://www.booking.com/hotel/sa/asfar-plaza-alkhobar.en-gb.html?aid=304142&label=gen173nr-1DCAEoggI46AdIM1gEaMQBiAECmAEJuAEJyAER2AED6AEBiAIBqAIDuAKmm9z0BcACAQ&sid=42146239dcdf1e519ee673686891723f&all_sr_blocks=219834522_233778209_2_0_0&checkin=2020-04-24&checkout=2020-04-25&dest_id=186&dest_type=country&group_adults=2&group_children=0&hapos=769&highlighted_blocks=219834522_233778209_2_0_0&hpos=19&no_rooms=1&sr_order=class_and_price&sr_pri_blocks=219834522_233778209_2_0_0__10000&srepoch=1587183130&srpvid=66171d8cef9e00a3&ucfs=1&from=searchresultshttps://www.booking.com;highlight_room=#hotelTmpl,booking_kaggle,2020,2020-04-24,2026-09-13T06:37:49.339055+00:00,False
hotels_00769,3468370,Lilas Taif,Taif,Makkah,100,,7.9,152,Studio Apartment,1 bed (1 double),2,,True,21.310382155218,40.4325315393868,https://www.booking.com/hotel/sa/lilas-taif-lty-f.en-gb.html?aid=304142&label=gen173nr-1DCAEoggI46AdIM1gEaMQBiAECmAEJuAEJyAER2AED6AEBiAIBqAIDuAKmm9z0BcACAQ&sid=42146239dcdf1e519ee673686891723f&all_sr_blocks=346837001_117317523_2_0_0&checkin=2020-04-24&checkout=2020-04-25&dest_id=186&dest_type=country&group_adults=2&group_children=0&hapos=770&highlighted_blocks=346837001_117317523_2_0_0&hpos=20&no_rooms=1&sr_order=class_and_price&sr_pri_blocks=346837001_117317523_2_0_0__10000&srepoch=1587183130&srpvid=66171d8cef9e00a3&ucfs=1&from=searchresultshttps://www.booking.com;highlight_room=#hotelTmpl,booking_kaggle,2020,2020-04-24,2026-09-13T06:37:49.339055+00:00,False
hotels_00770,3916498,Areen Hotel,Jeddah,Makkah,100,,7.8,537,Deluxe King Room,1 bed (1 large double),2,,True,21.6422641280181,39.1298751891493,https://www.booking.com/hotel/sa/areen.en-gb.html?aid=304142&label=gen173nr-1DCAEoggI46AdIM1gEaMQBiAECmAEJuAEJyAER2AED6AEBiAIBqAIDuAKmm9z0BcACAQ&sid=42146239dcdf1e519ee673686891723f&all_sr_blocks=391649801_204962052_0_42_0&checkin=2020-04-24&checkout=2020-04-25&dest_id=186&dest_type=country&group_adults=2&group_children=0&hapos=771&highlighted_blocks=391649801_204962052_0_42_0&hpos=21&no_rooms=1&sr_order=class_and_price&sr_pri_blocks=391649801_204962052_0_42_0__10000&srepoch=1587183130&srpvid=66171d8cef9e00a3&ucfs=1&from=searchresultshttps://www.booking.com;highlight_room=#hotelTmpl,booking_kaggle,2020,2020-04-24,2026-09-13T06:37:49.339055+00:00,False
hotels_00771,1693513,Via Apart Hotel,Al Khobar,Eastern Province,100,,8.2,56,Double Room,1 bed (1 extra-large double),2,,True,26.2899040883128,50.1885831356049,https://www.booking.com/hotel/sa/via-apart-hotels-al-khobar.en-gb.html?aid=304142&label=gen173nr-1DCAEoggI46AdIM1gEaMQBiAECmAEJuAEJyAER2AED6AEBiAIBqAIDuAKmm9z0BcACAQ&sid=42146239dcdf1e519ee673686891723f&all_sr_blocks=169351304_244261048_2_0_0&checkin=2020-04-24&checkout=2020-04-25&dest_id=186&dest_type=country&group_adults=2&group_children=0&hapos=772&highlighted_blocks=169351304_244261048_2_0_0&hpos=22&no_rooms=1&sr_order=class_and_price&sr_pri_blocks=169351304_244261048_2_0_0__10000&srepoch=1587183130&srpvid=66171d8cef9e00a3&ucfs=1&from=searchresultshttps://www.booking.com;highlight_room=#hotelTmpl,booking_kaggle,2020,2020-04-24,2026-09-13T06:37:49.339055+00:00,False
hotels_00772,4982463,Qasr Al Dabab Furnished Units- Families only,Abha,Asir,100,,7.0,5,One-Bedroom Apartment,1 bed (1 extra-large double),2,,True,18.2068829165716,42.5124621147804,https://www.booking.com/hotel/sa/oyo-228-qasr-al-dabab.en-gb.html?aid=304142&label=gen173nr-1DCAEoggI46AdIM1gEaMQBiAECmAEJuAEJyAER2AED6AEBiAIBqAIDuAKmm9z0BcACAQ&sid=42146239dcdf1e519ee673686891723f&all_sr_blocks=498246308_168154114_2_0_0&checkin=2020-04-24&checkout=2020-04-25&dest_id=186&dest_type=country&group_adults=2&group_children=0&hapos=773&highlighted_blocks=498246308_168154114_2_0_0&hpos=23&no_rooms=1&sr_order=class_and_price&sr_pri_blocks=498246308_168154114_2_0_0__10000&srepoch=1587183130&srpvid=66171d8cef9e00a3&ucfs=1&from=searchresultshttps://www.booking.com;highlight_room=#hotelTmpl,booking_kaggle,2020,2020-04-24,2026-09-13T06:37:49.339055+00:00,False
hotels_00773,2231718,Al Eairy Apartments - Al Ahsa 5,Al Ahsa,Eastern Province,100,,5.7,157,One-Bedroom Apartment,1 bed (1 double),2,,True,25.3487819351998,49.6093386411667,https://www.booking.com/hotel/sa/aleairy-furnished-residential-units-al-ahsa-5.en-gb.html?aid=304142&label=gen173nr-1DCAEoggI46AdIM1gEaMQBiAECmAEJuAEJyAER2AED6AEBiAIBqAIDuAKmm9z0BcACAQ&sid=42146239dcdf1e519ee673686891723f&all_sr_blocks=223171804_98681569_2_0_0&checkin=2020-04-24&checkout=2020-04-25&dest_id=186&dest_type=country&group_adults=2&group_children=0&hapos=774&highlighted_blocks=223171804_98681569_2_0_0&hpos=24&no_rooms=1&sr_order=class_and_price&sr_pri_blocks=223171804_98681569_2_0_0__10000&srepoch=1587183130&srpvid=66171d8cef9e00a3&ucfs=1&from=searchresultshttps://www.booking.com;highlight_room=#hotelTmpl,booking_kaggle,2020,2020-04-24,2026-09-13T06:37:49.339055+00:00,False
hotels_00774,1165077,Zaer Al Fakhama Hotel Apartments,Tabuk,Tabuk,100,,8.4,172,Double Room,1 bed (1 double),2,,True,28.3872167352656,36.581058204174,https://www.booking.com/hotel/sa/zy-r-lfkhmh-llshqq-wlwhdt-lsknyh-lmfrwshh.en-gb.html?aid=304142&label=gen173nr-1DCAEoggI46AdIM1gEaMQBiAECmAEJuAEJyAER2AED6AEBiAIBqAIDuAKmm9z0BcACAQ&sid=42146239dcdf1e519ee673686891723f&all_sr_blocks=116507703_206169727_2_0_0&checkin=2020-04-24&checkout=2020-04-25&dest_id=186&dest_type=country&group_adults=2&group_children=0&hapos=775&highlighted_blocks=116507703_206169727_2_0_0&hpos=25&no_rooms=1&sr_order=class_and_price&sr_pri_blocks=116507703_206169727_2_0_0__10000&srepoch=1587183130&srpvid=66171d8cef9e00a3&ucfs=1&from=searchresultshttps://www.booking.com;highlight_room=#hotelTmpl,booking_kaggle,2020,2020-04-24,2026-09-13T06:37:49.339055+00:00,False
hotels_00775,1141189,Shomookh Hotel,Madinah,Madinah,100,,7.6,1,Double Room,1 bed (1 double),2,,True,24.4543856153709,39.5909902453423,https://www.booking.com/hotel/sa/fndq-shmwkh.en-gb.html?aid=304142&label=gen173nr-1DCAEoggI46AdIM1gEaMQBiAECmAEJuAEJyAER2AED6AEBiAIBqAIDuAKmm9z0BcACAQ&sid=42146239dcdf1e519ee673686891723f&all_sr_blocks=114118901_186752651_0_0_0&checkin=2020-04-24&checkout=2020-04-25&dest_id=186&dest_type=country&group_adults=2&group_children=0&hapos=776&highlighted_blocks=114118901_186752651_0_0_0&hpos=1&no_rooms=1&sr_order=class_and_price&sr_pri_blocks=114118901_186752651_0_0_0__10000&srepoch=1587183139&srpvid=551f1d917bd80060&ucfs=1&from=searchresultshttps://www.booking.com;highlight_room=#hotelTmpl,booking_kaggle,2020,2020-04-24,2026-09-13T06:37:49.339055+00:00,False
hotels_00776,6377191,الوان السمو,Riyadh,Riyadh,100,,,,Studio Apartment,1 bed (1 extra-large double),2,,True,24.79838,46.75768,https://www.booking.com/hotel/sa/lwn-lsmw-riyadh.en-gb.html?aid=304142&label=gen173nr-1DCAEoggI46AdIM1gEaMQBiAECmAEJuAEJyAER2AED6AEBiAIBqAIDuAKmm9z0BcACAQ&sid=42146239dcdf1e519ee673686891723f&all_sr_blocks=637719103_251366610_2_0_0&checkin=2020-04-24&checkout=2020-04-25&dest_id=186&dest_type=country&group_adults=2&group_children=0&hapos=777&highlighted_blocks=637719103_251366610_2_0_0&hpos=2&no_rooms=1&sr_order=class_and_price&sr_pri_blocks=637719103_251366610_2_0_0__10000&srepoch=1587183139&srpvid=551f1d917bd80060&ucfs=1&from=searchresultshttps://www.booking.com;highlight_room=#hotelTmpl,booking_kaggle,2020,2020-04-24,2026-09-13T06:37:49.339055+00:00,False
hotels_00777,1808058,First Home Suites,Jeddah,Makkah,100,,7.7,781,Studio,1 bed (1 large double),2,,True,21.5958139266216,39.2153898056656,https://www.booking.com/hotel/sa/first-home-suites.en-gb.html?aid=304142&label=gen173nr-1DCAEoggI46AdIM1gEaMQBiAECmAEJuAEJyAER2AED6AEBiAIBqAIDuAKmm9z0BcACAQ&sid=42146239dcdf1e519ee673686891723f&all_sr_blocks=180805803_91777769_0_0_0&checkin=2020-04-24&checkout=2020-04-25&dest_id=186&dest_type=country&group_adults=2&group_children=0&hapos=778&highlighted_blocks=180805803_91777769_0_0_0&hpos=3&no_rooms=1&sr_order=class_and_price&sr_pri_blocks=180805803_91777769_0_0_0__10000&srepoch=1587183139&srpvid=551f1d917bd80060&ucfs=1&from=searchresultshttps://www.booking.com;highlight_room=#hotelTmpl,booking_kaggle,2020,2020-04-24,2026-09-13T06:37:49.339055+00:00,False
hotels_00778,3249953,Etlalet Al-Sharm Apartments,Yanbu,Madinah,100,,8.3,132,Studio,3 beds (3 singles),3,,True,24.1327212065413,38.0000486969948,https://www.booking.com/hotel/sa/tll-lshrm-llshqq-lmfrwsh.en-gb.html?aid=304142&label=gen173nr-1DCAEoggI46AdIM1gEaMQBiAECmAEJuAEJyAER2AED6AEBiAIBqAIDuAKmm9z0BcACAQ&sid=42146239dcdf1e519ee673686891723f&all_sr_blocks=324995308_241255777_3_0_0&checkin=2020-04-24&checkout=2020-04-25&dest_id=186&dest_type=country&group_adults=2&group_children=0&hapos=779&highlighted_blocks=324995308_241255777_3_0_0&hpos=4&no_rooms=1&sr_order=class_and_price&sr_pri_blocks=324995308_241255777_3_0_0__10000&srepoch=1587183139&srpvid=551f1d917bd80060&ucfs=1&from=searchresultshttps://www.booking.com;highlight_room=#hotelTmpl,booking_kaggle,2020,2020-04-24,2026-09-13T06:37:49.339055+00:00,False
hotels_00779,479360,Monarch Jeddah Hotel Apartments,Jeddah,Makkah,100,,6.3,102,Studio,1 bed (1 double),2,,True,21.6177301142792,39.174365401268,https://www.booking.com/hotel/sa/monarch-jeddah-apartment.en-gb.html?aid=304142&label=gen173nr-1DCAEoggI46AdIM1gEaMQBiAECmAEJuAEJyAER2AED6AEBiAIBqAIDuAKmm9z0BcACAQ&sid=42146239dcdf1e519ee673686891723f&all_sr_blocks=47936001_99492084_2_0_0&checkin=2020-04-24&checkout=2020-04-25&dest_id=186&dest_type=country&group_adults=2&group_children=0&hapos=780&highlighted_blocks=47936001_99492084_2_0_0&hpos=5&no_rooms=1&sr_order=class_and_price&sr_pri_blocks=47936001_99492084_2_0_0__10000&srepoch=1587183139&srpvid=551f1d917bd80060&ucfs=1&from=searchresultshttps://www.booking.com;highlight_room=#hotelTmpl,booking_kaggle,2020,2020-04-24,2026-09-13T06:37:49.339055+00:00,False
hotels_00780,2013769,Riva Suites 2,Riyadh,Riyadh,100,,6.4,242,Studio,1 bed (1 large double),2,,True,24.8032674939416,46.765648711917,https://www.booking.com/hotel/sa/riva-suites-2.en-gb.html?aid=304142&label=gen173nr-1DCAEoggI46AdIM1gEaMQBiAECmAEJuAEJyAER2AED6AEBiAIBqAIDuAKmm9z0BcACAQ&sid=42146239dcdf1e519ee673686891723f&all_sr_blocks=201376901_206284900_2_0_0&checkin=2020-04-24&checkout=2020-04-25&dest_id=186&dest_type=country&group_adults=2&group_children=0&hapos=781&highlighted_blocks=201376901_206284900_2_0_0&hpos=6&no_rooms=1&sr_order=class_and_price&sr_pri_blocks=201376901_206284900_2_0_0__10000&srepoch=1587183139&srpvid=551f1d917bd80060&ucfs=1&from=searchresultshttps://www.booking.com;highlight_room=#hotelTmpl,booking_kaggle,2020,2020-04-24,2026-09-13T06:37:49.339055+00:00,False
hotels_00781,548870,Merfal Hotel Apartments Al Falah,Riyadh,Riyadh,100,,6.7,860,Studio,1 bed (1 double),2,,True,24.8026332,46.7025243000001,https://www.booking.com/hotel/sa/merfal-apartments-al-falah.en-gb.html?aid=304142&label=gen173nr-1DCAEoggI46AdIM1gEaMQBiAECmAEJuAEJyAER2AED6AEBiAIBqAIDuAKmm9z0BcACAQ&sid=42146239dcdf1e519ee673686891723f&all_sr_blocks=54887001_186573967_0_0_0&checkin=2020-04-24&checkout=2020-04-25&dest_id=186&dest_type=country&group_adults=2&group_children=0&hapos=782&highlighted_blocks=54887001_186573967_0_0_0&hpos=7&no_rooms=1&sr_order=class_and_price&sr_pri_blocks=54887001_186573967_0_0_0__10000&srepoch=1587183139&srpvid=551f1d917bd80060&ucfs=1&from=searchresultshttps://www.booking.com;highlight_room=#hotelTmpl,booking_kaggle,2020,2020-04-24,2026-09-13T06:37:49.339055+00:00,False
hotels_00782,1286542,Massaya Hotel Apartments,Jeddah,Makkah,100,,6.5,221,Studio,1 bed (1 large double),2,,True,21.5129943580121,39.1656133532524,https://www.booking.com/hotel/sa/fakhamet-al-hamra-apartments.en-gb.html?aid=304142&label=gen173nr-1DCAEoggI46AdIM1gEaMQBiAECmAEJuAEJyAER2AED6AEBiAIBqAIDuAKmm9z0BcACAQ&sid=42146239dcdf1e519ee673686891723f&all_sr_blocks=128654205_186702531_0_0_0&checkin=2020-04-24&checkout=2020-04-25&dest_id=186&dest_type=country&group_adults=2&group_children=0&hapos=783&highlighted_blocks=128654205_186702531_0_0_0&hpos=8&no_rooms=1&sr_order=class_and_price&sr_pri_blocks=128654205_186702531_0_0_0__10000&srepoch=1587183139&srpvid=551f1d917bd80060&ucfs=1&from=searchresultshttps://www.booking.com;highlight_room=#hotelTmpl,booking_kaggle,2020,2020-04-24,2026-09-13T06:37:49.339055+00:00,False
hotels_00783,2231759,Al Eairy Apartments - Al Ahsa 4,Al Ahsa,Eastern Province,100,,5.3,167,Double Room,2 beds (2 singles),2,,True,25.4164254587118,49.5627593994141,https://www.booking.com/hotel/sa/al-eairy-apartments-ihsaa-4.en-gb.html?aid=304142&label=gen173nr-1DCAEoggI46AdIM1gEaMQBiAECmAEJuAEJyAER2AED6AEBiAIBqAIDuAKmm9z0BcACAQ&sid=42146239dcdf1e519ee673686891723f&all_sr_blocks=223175902_101119409_2_0_0&checkin=2020-04-24&checkout=2020-04-25&dest_id=186&dest_type=country&group_adults=2&group_children=0&hapos=784&highlighted_blocks=223175902_101119409_2_0_0&hpos=9&no_rooms=1&sr_order=class_and_price&sr_pri_blocks=223175902_101119409_2_0_0__10000&srepoch=1587183139&srpvid=551f1d917bd80060&ucfs=1&from=searchresultshttps://www.booking.com;highlight_room=#hotelTmpl,booking_kaggle,2020,2020-04-24,2026-09-13T06:37:49.339055+00:00,False
hotels_00784,867823,Nozul Al Leqa Apartments,Al Kharj,Riyadh,100,,6.3,107,Double Room,1 bed (1 double),2,,True,24.1591056186735,47.3284122347832,https://www.booking.com/hotel/sa/ossuo-r-o-o-ossuo-r-o-o4.en-gb.html?aid=304142&label=gen173nr-1DCAEoggI46AdIM1gEaMQBiAECmAEJuAEJyAER2AED6AEBiAIBqAIDuAKmm9z0BcACAQ&sid=42146239dcdf1e519ee673686891723f&all_sr_blocks=86782302_226143731_0_0_0&checkin=2020-04-24&checkout=2020-04-25&dest_id=186&dest_type=country&group_adults=2&group_children=0&hapos=785&highlighted_blocks=86782302_226143731_0_0_0&hpos=10&no_rooms=1&sr_order=class_and_price&sr_pri_blocks=86782302_226143731_0_0_0__10000&srepoch=1587183139&srpvid=551f1d917bd80060&ucfs=1&from=searchresultshttps://www.booking.com;highlight_room=#hotelTmpl,booking_kaggle,2020,2020-04-24,2026-09-13T06:37:49.339055+00:00,False
hotels_00785,2000182,Doolv Hotel 2,Riyadh,Riyadh,100,,7.6,152,Double Room,1 bed (1 extra-large double),2,,True,24.7966019743611,46.6242220392868,https://www.booking.com/hotel/sa/doolv-2.en-gb.html?aid=304142&label=gen173nr-1DCAEoggI46AdIM1gEaMQBiAECmAEJuAEJyAER2AED6AEBiAIBqAIDuAKmm9z0BcACAQ&sid=42146239dcdf1e519ee673686891723f&all_sr_blocks=200018203_100952797_0_2_0&checkin=2020-04-24&checkout=2020-04-25&dest_id=186&dest_type=country&group_adults=2&group_children=0&hapos=786&highlighted_blocks=200018203_100952797_0_2_0&hpos=11&no_rooms=1&sr_order=class_and_price&sr_pri_blocks=200018203_100952797_0_2_0__10000&srepoch=1587183139&srpvid=551f1d917bd80060&ucfs=1&from=searchresultshttps://www.booking.com;highlight_room=#hotelTmpl,booking_kaggle,2020,2020-04-24,2026-09-13T06:37:49.339055+00:00,False
hotels_00786,2216587,Nojoom Home,Yanbu,Madinah,100,,7.1,320,One-Bedroom Apartment,"2 beds (1 extra-large double, 1 sofa bed)",2,,True,24.0657151100636,38.1242644786835,https://www.booking.com/hotel/sa/nojoom-home.en-gb.html?aid=304142&label=gen173nr-1DCAEoggI46AdIM1gEaMQBiAECmAEJuAEJyAER2AED6AEBiAIBqAIDuAKmm9z0BcACAQ&sid=42146239dcdf1e519ee673686891723f&all_sr_blocks=221658701_195321767_2_0_0&checkin=2020-04-24&checkout=2020-04-25&dest_id=186&dest_type=country&group_adults=2&group_children=0&hapos=787&highlighted_blocks=221658701_195321767_2_0_0&hpos=12&no_rooms=1&sr_order=class_and_price&sr_pri_blocks=221658701_195321767_2_0_0__10000&srepoch=1587183139&srpvid=551f1d917bd80060&ucfs=1&from=searchresultshttps://www.booking.com;highlight_room=#hotelTmpl,booking_kaggle,2020,2020-04-24,2026-09-13T06:37:49.339055+00:00,False
hotels_00787,1607501,Al Hammad Hotel Apartments,Jeddah,Makkah,100,,7.5,1,One-Bedroom Apartment,1 bed (1 extra-large double),2,,True,21.6020164719977,39.1687649488449,https://www.booking.com/hotel/sa/alhamad-for-residential-units.en-gb.html?aid=304142&label=gen173nr-1DCAEoggI46AdIM1gEaMQBiAECmAEJuAEJyAER2AED6AEBiAIBqAIDuAKmm9z0BcACAQ&sid=42146239dcdf1e519ee673686891723f&all_sr_blocks=160750101_175539455_2_0_0&checkin=2020-04-24&checkout=2020-04-25&dest_id=186&dest_type=country&group_adults=2&group_children=0&hapos=788&highlighted_blocks=160750101_175539455_2_0_0&hpos=13&no_rooms=1&sr_order=class_and_price&sr_pri_blocks=160750101_175539455_2_0_0__10000&srepoch=1587183139&srpvid=551f1d917bd80060&ucfs=1&from=searchresultshttps://www.booking.com;highlight_room=#hotelTmpl,booking_kaggle,2020,2020-04-24,2026-09-13T06:37:49.339055+00:00,False
hotels_00788,2982775,Oyon Al Anoud Furnished Units (for Families Only),Buraydah,Qassim,100,,6.7,71,One-Bedroom Apartment,1 bed (1 extra-large double),2,,True,26.327608,43.95242,https://www.booking.com/hotel/sa/shqq-ywn-l-nwd.en-gb.html?aid=304142&label=gen173nr-1DCAEoggI46AdIM1gEaMQBiAECmAEJuAEJyAER2AED6AEBiAIBqAIDuAKmm9z0BcACAQ&sid=42146239dcdf1e519ee673686891723f&all_sr_blocks=298277504_246044551_2_0_0&checkin=2020-04-24&checkout=2020-04-25&dest_id=186&dest_type=country&group_adults=2&group_children=0&hapos=789&highlighted_blocks=298277504_246044551_2_0_0&hpos=14&no_rooms=1&sr_order=class_and_price&sr_pri_blocks=298277504_246044551_2_0_0__10000&srepoch=1587183139&srpvid=551f1d917bd80060&ucfs=1&from=searchresultshttps://www.booking.com;highlight_room=#hotelTmpl,booking_kaggle,2020,2020-04-24,2026-09-13T06:37:49.339055+00:00,False
hotels_00789,2281167,Rsalyn Hotel Suites,Hail,Hail,100,,7.2,622,Double Room,1 bed (1 double),2,,True,27.5823825500622,41.7332913726568,https://www.booking.com/hotel/sa/jnh-rslyn-lfndqy.en-gb.html?aid=304142&label=gen173nr-1DCAEoggI46AdIM1gEaMQBiAECmAEJuAEJyAER2AED6AEBiAIBqAIDuAKmm9z0BcACAQ&sid=42146239dcdf1e519ee673686891723f&all_sr_blocks=228116701_179850793_2_0_0&checkin=2020-04-24&checkout=2020-04-25&dest_id=186&dest_type=country&group_adults=2&group_children=0&hapos=790&highlighted_blocks=228116701_179850793_2_0_0&hpos=15&no_rooms=1&sr_order=class_and_price&sr_pri_blocks=228116701_179850793_2_0_0__10000&srepoch=1587183139&srpvid=551f1d917bd80060&ucfs=1&from=searchresultshttps://www.booking.com;highlight_room=#hotelTmpl,booking_kaggle,2020,2020-04-24,2026-09-13T06:37:49.339055+00:00,False
hotels_00790,3743625,Nozl el Masara Furnished apartments,Al Kharj,Riyadh,100,,7.8,159,Suite,2 beds (2 large doubles),2,,True,24.1559692216372,47.3147322446747,https://www.booking.com/hotel/sa/nzl-lmsr-llwhdt-lskny-lmfrwsh-blkhrj.en-gb.html?aid=304142&label=gen173nr-1DCAEoggI46AdIM1gEaMQBiAECmAEJuAEJyAER2AED6AEBiAIBqAIDuAKmm9z0BcACAQ&sid=42146239dcdf1e519ee673686891723f&all_sr_blocks=374362501_219831748_2_0_0&checkin=2020-04-24&checkout=2020-04-25&dest_id=186&dest_type=country&group_adults=2&group_children=0&hapos=791&highlighted_blocks=374362501_219831748_2_0_0&hpos=16&no_rooms=1&sr_order=class_and_price&sr_pri_blocks=374362501_219831748_2_0_0__10000&srepoch=1587183139&srpvid=551f1d917bd80060&ucfs=1&from=searchresultshttps://www.booking.com;highlight_room=#hotelTmpl,booking_kaggle,2020,2020-04-24,2026-09-13T06:37:49.339055+00:00,False
hotels_00791,353095,Golden Prince Hotel Al Salam,Buraydah,Qassim,100,,6.5,245,Studio Apartment,1 bed (1 large double),2,,,26.3179980559066,43.9875680208206,https://www.booking.com/hotel/sa/golden-prince-2.en-gb.html?aid=304142&label=gen173nr-1DCAEoggI46AdIM1gEaMQBiAECmAEJuAEJyAER2AED6AEBiAIBqAIDuAKmm9z0BcACAQ&sid=42146239dcdf1e519ee673686891723f&all_sr_blocks=35309504_190255472_2_0_0&checkin=2020-04-24&checkout=2020-04-25&dest_id=186&dest_type=country&group_adults=2&group_children=0&hapos=792&highlighted_blocks=35309504_190255472_2_0_0&hpos=17&no_rooms=1&sr_order=class_and_price&sr_pri_blocks=35309504_190255472_2_0_0__10000&srepoch=1587183139&srpvid=551f1d917bd80060&ucfs=1&from=searchresultshttps://www.booking.com;highlight_room=#hotelTmpl,booking_kaggle,2020,2020-04-24,2026-09-13T06:37:49.339055+00:00,False
hotels_00792,1525040,Al Taif Suites,Taif,Makkah,100,,7.4,214,Standard King Room,1 bed (1 extra-large double),2,,True,21.3350533542839,40.4383698105812,https://www.booking.com/hotel/sa/jnh-lty-f.en-gb.html?aid=304142&label=gen173nr-1DCAEoggI46AdIM1gEaMQBiAECmAEJuAEJyAER2AED6AEBiAIBqAIDuAKmm9z0BcACAQ&sid=42146239dcdf1e519ee673686891723f&all_sr_blocks=152504001_186954371_2_0_0&checkin=2020-04-24&checkout=2020-04-25&dest_id=186&dest_type=country&group_adults=2&group_children=0&hapos=793&highlighted_blocks=152504001_186954371_2_0_0&hpos=18&no_rooms=1&sr_order=class_and_price&sr_pri_blocks=152504001_186954371_2_0_0__10000&srepoch=1587183139&srpvid=551f1d917bd80060&ucfs=1&from=searchresultshttps://www.booking.com;highlight_room=#hotelTmpl,booking_kaggle,2020,2020-04-24,2026-09-13T06:37:49.339055+00:00,False
hotels_00793,5809494,هدوء الياسر,Makkah,Makkah,100,,6.8,196,Deluxe Queen Room with Two Queen Beds,2 beds (2 singles),2,,True,21.4143873433276,39.8654321603241,https://www.booking.com/hotel/sa/hdw-lysr-makkah.en-gb.html?aid=304142&label=gen173nr-1DCAEoggI46AdIM1gEaMQBiAECmAEJuAEJyAER2AED6AEBiAIBqAIDuAKmm9z0BcACAQ&sid=42146239dcdf1e519ee673686891723f&all_sr_blocks=580949402_225876869_2_0_0&checkin=2020-04-24&checkout=2020-04-25&dest_id=186&dest_type=country&group_adults=2&group_children=0&hapos=794&highlighted_blocks=580949402_225876869_2_0_0&hpos=19&no_rooms=1&sr_order=class_and_price&sr_pri_blocks=580949402_225876869_2_0_0__10000&srepoch=1587183139&srpvid=551f1d917bd80060&ucfs=1&from=searchresultshttps://www.booking.com;highlight_room=#hotelTmpl,booking_kaggle,2020,2020-04-24,2026-09-13T06:37:49.339055+00:00,False
hotels_00794,4298124,دار العزاب المحترم (عزاب فقط),Jeddah,Makkah,100,,7.9,367,Budget Double Room,2 beds (2 singles),2,,True,21.6169501289949,39.1730390135804,https://www.booking.com/hotel/sa/l-zb-lmhtrm-zb-fqt.en-gb.html?aid=304142&label=gen173nr-1DCAEoggI46AdIM1gEaMQBiAECmAEJuAEJyAER2AED6AEBiAIBqAIDuAKmm9z0BcACAQ&sid=42146239dcdf1e519ee673686891723f&all_sr_blocks=429812401_212368568_2_0_0&checkin=2020-04-24&checkout=2020-04-25&dest_id=186&dest_type=country&group_adults=2&group_children=0&hapos=795&highlighted_blocks=429812401_212368568_2_0_0&hpos=20&no_rooms=1&sr_order=class_and_price&sr_pri_blocks=429812401_212368568_2_0_0__10000&srepoch=1587183139&srpvid=551f1d917bd80060&ucfs=1&from=searchresultshttps://www.booking.com;highlight_room=#hotelTmpl,booking_kaggle,2020,2020-04-24,2026-09-13T06:37:49.339055+00:00,False
hotels_00795,2983943,Qasr Dalin Furnished Apartments,Khamis Mushait,Asir,100,,6.7,252,One-Bedroom Apartment,1 bed (1 double),2,,,18.3152137499268,42.7532692449188,https://www.booking.com/hotel/sa/qsr-dlyn1.en-gb.html?aid=304142&label=gen173nr-1DCAEoggI46AdIM1gEaMQBiAECmAEJuAEJyAER2AED6AEBiAIBqAIDuAKmm9z0BcACAQ&sid=42146239dcdf1e519ee673686891723f&all_sr_blocks=298394302_114026110_2_0_0&checkin=2020-04-24&checkout=2020-04-25&dest_id=186&dest_type=country&group_adults=2&group_children=0&hapos=796&highlighted_blocks=298394302_114026110_2_0_0&hpos=21&no_rooms=1&sr_order=class_and_price&sr_pri_blocks=298394302_114026110_2_0_0__10000&srepoch=1587183139&srpvid=551f1d917bd80060&ucfs=1&from=searchresultshttps://www.booking.com;highlight_room=#hotelTmpl,booking_kaggle,2020,2020-04-24,2026-09-13T06:37:49.339055+00:00,False
hotels_00796,6197486,المبارك للشقق المفروشة,Sharurah,Najran,100,,,,One-Bedroom Apartment,"3 beds (2 sofa beds, 1 large double)",6,,True,17.485032,47.116724,https://www.booking.com/hotel/sa/lmbrk-llshqq-lmfrwsh.en-gb.html?aid=304142&label=gen173nr-1DCAEoggI46AdIM1gEaMQBiAECmAEJuAEJyAER2AED6AEBiAIBqAIDuAKmm9z0BcACAQ&sid=42146239dcdf1e519ee673686891723f&all_sr_blocks=619748601_241775491_6_0_0&checkin=2020-04-24&checkout=2020-04-25&dest_id=186&dest_type=country&group_adults=2&group_children=0&hapos=797&highlighted_blocks=619748601_241775491_6_0_0&hpos=22&no_rooms=1&sr_order=class_and_price&sr_pri_blocks=619748601_241775491_6_0_0__10000&srepoch=1587183139&srpvid=551f1d917bd80060&ucfs=1&from=searchresultshttps://www.booking.com;highlight_room=#hotelTmpl,booking_kaggle,2020,2020-04-24,2026-09-13T06:37:49.339055+00:00,False
hotels_00797,2678440,Layal Wardiyah Furnished Units,Taif,Makkah,100,,7.1,272,One-Bedroom Apartment,1 bed (1 double),2,,True,21.3198955172872,40.4333044588566,https://www.booking.com/hotel/sa/layal-wardiyah-furnished-units.en-gb.html?aid=304142&label=gen173nr-1DCAEoggI46AdIM1gEaMQBiAECmAEJuAEJyAER2AED6AEBiAIBqAIDuAKmm9z0BcACAQ&sid=42146239dcdf1e519ee673686891723f&all_sr_blocks=267844002_109501895_2_0_0&checkin=2020-04-24&checkout=2020-04-25&dest_id=186&dest_type=country&group_adults=2&group_children=0&hapos=798&highlighted_blocks=267844002_109501895_2_0_0&hpos=23&no_rooms=1&sr_order=class_and_price&sr_pri_blocks=267844002_109501895_2_0_0__10000&srepoch=1587183139&srpvid=551f1d917bd80060&ucfs=1&from=searchresultshttps://www.booking.com;highlight_room=#hotelTmpl,booking_kaggle,2020,2020-04-24,2026-09-13T06:37:49.339055+00:00,False
hotels_00798,6295675,ثروات صدقي,Makkah,Makkah,100,,,,Budget Double Room,2 beds (2 singles),2,,True,21.416909,39.864844,https://www.booking.com/hotel/sa/thrwt-sdqy.en-gb.html?aid=304142&label=gen173nr-1DCAEoggI46AdIM1gEaMQBiAECmAEJuAEJyAER2AED6AEBiAIBqAIDuAKmm9z0BcACAQ&sid=42146239dcdf1e519ee673686891723f&all_sr_blocks=629567501_245431807_2_34_0&checkin=2020-04-24&checkout=2020-04-25&dest_id=186&dest_type=country&group_adults=2&group_children=0&hapos=799&highlighted_blocks=629567501_245431807_2_34_0&hpos=24&no_rooms=1&sr_order=class_and_price&sr_pri_blocks=629567501_245431807_2_34_0__10000&srepoch=1587183139&srpvid=551f1d917bd80060&ucfs=1&from=searchresultshttps://www.booking.com;highlight_room=#hotelTmpl,booking_kaggle,2020,2020-04-24,2026-09-13T06:37:49.339055+00:00,False
hotels_00799,3033088,Al Joud Palace Residential Units,Abha,Asir,100,,7.9,219,One-Bedroom Apartment,1 bed (1 extra-large double),2,,True,18.2864006439422,42.5931739010467,https://www.booking.com/hotel/sa/qsr-ljwd-llwhdt-lskny.en-gb.html?aid=304142&label=gen173nr-1DCAEoggI46AdIM1gEaMQBiAECmAEJuAEJyAER2AED6AEBiAIBqAIDuAKmm9z0BcACAQ&sid=42146239dcdf1e519ee673686891723f&all_sr_blocks=303308802_111298777_2_0_0&checkin=2020-04-24&checkout=2020-04-25&dest_id=186&dest_type=country&group_adults=2&group_children=0&hapos=800&highlighted_blocks=303308802_111298777_2_0_0&hpos=25&no_rooms=1&sr_order=class_and_price&sr_pri_blocks=303308802_111298777_2_0_0__10000&srepoch=1587183139&srpvid=551f1d917bd80060&ucfs=1&from=searchresultshttps://www.booking.com;highlight_room=#hotelTmpl,booking_kaggle,2020,2020-04-24,2026-09-13T06:37:49.339055+00:00,False
hotels_00800,485528,Amana AlFakhera Furnished Units 2,Jeddah,Makkah,100,,6.5,74,Studio,1 bed (1 double),2,,True,21.6421810360982,39.1399258375168,https://www.booking.com/hotel/sa/al-amana-al-fakhera-apartment-2.en-gb.html?aid=304142&label=gen173nr-1DCAEoggI46AdIM1gEaMQBiAECmAEJuAEJyAER2AED6AEBiAIBqAIDuAKmm9z0BcACAQ&sid=42146239dcdf1e519ee673686891723f&all_sr_blocks=48552801_190296284_0_0_0&checkin=2020-04-24&checkout=2020-04-25&dest_id=186&dest_type=country&group_adults=2&group_children=0&hapos=801&highlighted_blocks=48552801_190296284_0_0_0&hpos=1&no_rooms=1&sr_order=class_and_price&sr_pri_blocks=48552801_190296284_0_0_0__10000&srepoch=1587183149&srpvid=551f1d9687bc002d&ucfs=1&from=searchresultshttps://www.booking.com;highlight_room=#hotelTmpl,booking_kaggle,2020,2020-04-24,2026-09-13T06:37:49.339055+00:00,False
hotels_00801,721174,Fakher Yanbu Hotel,Yanbu,Madinah,100,,7.0,926,Apartment,2 beds (2 singles),2,,True,24.0707747826778,38.1059208512306,https://www.booking.com/hotel/sa/fakher-yanbu-apartment.en-gb.html?aid=304142&label=gen173nr-1DCAEoggI46AdIM1gEaMQBiAECmAEJuAEJyAER2AED6AEBiAIBqAIDuAKmm9z0BcACAQ&sid=42146239dcdf1e519ee673686891723f&all_sr_blocks=72117406_238107409_0_0_0&checkin=2020-04-24&checkout=2020-04-25&dest_id=186&dest_type=country&group_adults=2&group_children=0&hapos=802&highlighted_blocks=72117406_238107409_0_0_0&hpos=2&no_rooms=1&sr_order=class_and_price&sr_pri_blocks=72117406_238107409_0_0_0__10000&srepoch=1587183149&srpvid=551f1d9687bc002d&ucfs=1&from=searchresultshttps://www.booking.com;highlight_room=#hotelTmpl,booking_kaggle,2020,2020-04-24,2026-09-13T06:37:49.339055+00:00,False
hotels_00802,6323965,منازل السلطان- Manazel Alsultan,Makkah,Makkah,100,,,,Three-Bedroom Apartment,9 beds (9 singles),9,,True,21.422134992163,39.862084915875,https://www.booking.com/hotel/sa/mnzl-lsltn.en-gb.html?aid=304142&label=gen173nr-1DCAEoggI46AdIM1gEaMQBiAECmAEJuAEJyAER2AED6AEBiAIBqAIDuAKmm9z0BcACAQ&sid=42146239dcdf1e519ee673686891723f&all_sr_blocks=632396501_246731854_9_0_0&checkin=2020-04-24&checkout=2020-04-25&dest_id=186&dest_type=country&group_adults=2&group_children=0&hapos=803&highlighted_blocks=632396501_246731854_9_0_0&hpos=3&no_rooms=1&sr_order=class_and_price&sr_pri_blocks=632396501_246731854_9_0_0__10000&srepoch=1587183149&srpvid=551f1d9687bc002d&ucfs=1&from=searchresultshttps://www.booking.com;highlight_room=#hotelTmpl,booking_kaggle,2020,2020-04-24,2026-09-13T06:37:49.339055+00:00,False
hotels_00803,434762,الفنار العالمى 3 مدخل الهيئة الملكية,Yanbu,Madinah,100,,6.3,60,Double Room,1 bed (1 large double),2,,True,24.0571544508855,38.1442577361817,https://www.booking.com/hotel/sa/al-fanar-national-guard-apartments-yanbu6.en-gb.html?aid=304142&label=gen173nr-1DCAEoggI46AdIM1gEaMQBiAECmAEJuAEJyAER2AED6AEBiAIBqAIDuAKmm9z0BcACAQ&sid=42146239dcdf1e519ee673686891723f&all_sr_blocks=43476204_197027923_0_0_0&checkin=2020-04-24&checkout=2020-04-25&dest_id=186&dest_type=country&group_adults=2&group_children=0&hapos=804&highlighted_blocks=43476204_197027923_0_0_0&hpos=4&no_rooms=1&sr_order=class_and_price&sr_pri_blocks=43476204_197027923_0_0_0__10000&srepoch=1587183149&srpvid=551f1d9687bc002d&ucfs=1&from=searchresultshttps://www.booking.com;highlight_room=#hotelTmpl,booking_kaggle,2020,2020-04-24,2026-09-13T06:37:49.339055+00:00,False
hotels_00804,2556108,Al Afaq Alraqi Furnished Apartments (Families only),Abha,Asir,100,,6.5,30,One-Bedroom Apartment,1 bed (1 large double),2,,True,18.211179,42.507601,https://www.booking.com/hotel/sa/al-afaq-alraqi-furnished-apartments.en-gb.html?aid=304142&label=gen173nr-1DCAEoggI46AdIM1gEaMQBiAECmAEJuAEJyAER2AED6AEBiAIBqAIDuAKmm9z0BcACAQ&sid=42146239dcdf1e519ee673686891723f&all_sr_blocks=255610804_231773377_2_0_0&checkin=2020-04-24&checkout=2020-04-25&dest_id=186&dest_type=country&group_adults=2&group_children=0&hapos=805&highlighted_blocks=255610804_231773377_2_0_0&hpos=5&no_rooms=1&sr_order=class_and_price&sr_pri_blocks=255610804_231773377_2_0_0__10000&srepoch=1587183149&srpvid=551f1d9687bc002d&ucfs=1&from=searchresultshttps://www.booking.com;highlight_room=#hotelTmpl,booking_kaggle,2020,2020-04-24,2026-09-13T06:37:49.339055+00:00,False
hotels_00805,1455790,Doolv Hotel,Riyadh,Riyadh,100,,6.6,67,Double Room,1 bed (1 double),2,,True,24.8021080903354,46.6252201795578,https://www.booking.com/hotel/sa/doolv.en-gb.html?aid=304142&label=gen173nr-1DCAEoggI46AdIM1gEaMQBiAECmAEJuAEJyAER2AED6AEBiAIBqAIDuAKmm9z0BcACAQ&sid=42146239dcdf1e519ee673686891723f&all_sr_blocks=145579001_200435982_2_0_0&checkin=2020-04-24&checkout=2020-04-25&dest_id=186&dest_type=country&group_adults=2&group_children=0&hapos=806&highlighted_blocks=145579001_200435982_2_0_0&hpos=6&no_rooms=1&sr_order=class_and_price&sr_pri_blocks=145579001_200435982_2_0_0__10000&srepoch=1587183149&srpvid=551f1d9687bc002d&ucfs=1&from=searchresultshttps://www.booking.com;highlight_room=#hotelTmpl,booking_kaggle,2020,2020-04-24,2026-09-13T06:37:49.339055+00:00,False
hotels_00806,4980124,OYO 365 Oyoon Jeddah Residential Units,Jeddah,Makkah,100,,7.3,57,One-Bedroom Apartment,1 bed (1 extra-large double),2,,True,21.5976825890135,39.181751519249,https://www.booking.com/hotel/sa/ywn-jd-llwhdt-lskny-lmfrwsh.en-gb.html?aid=304142&label=gen173nr-1DCAEoggI46AdIM1gEaMQBiAECmAEJuAEJyAER2AED6AEBiAIBqAIDuAKmm9z0BcACAQ&sid=42146239dcdf1e519ee673686891723f&all_sr_blocks=498012409_176232054_2_0_0&checkin=2020-04-24&checkout=2020-04-25&dest_id=186&dest_type=country&group_adults=2&group_children=0&hapos=807&highlighted_blocks=498012409_176232054_2_0_0&hpos=7&no_rooms=1&sr_order=class_and_price&sr_pri_blocks=498012409_176232054_2_0_0__10041&srepoch=1587183149&srpvid=551f1d9687bc002d&ucfs=1&from=searchresultshttps://www.booking.com;highlight_room=#hotelTmpl,booking_kaggle,2020,2020-04-24,2026-09-13T06:37:49.339055+00:00,False
hotels_00807,3922213,Holiday Plus Alnuzha,Jeddah,Makkah,101,,8.4,625,Deluxe Double Room,1 bed (1 extra-large double),2,,,21.6236714030919,39.1615031333723,https://www.booking.com/hotel/sa/grand-plaza-alnuzha.en-gb.html?aid=304142&label=gen173nr-1DCAEoggI46AdIM1gEaMQBiAECmAEJuAEJyAER2AED6AEBiAIBqAIDuAKmm9z0BcACAQ&sid=42146239dcdf1e519ee673686891723f&all_sr_blocks=392221306_254801084_2_0_0&checkin=2020-04-24&checkout=2020-04-25&dest_id=186&dest_type=country&group_adults=2&group_children=0&hapos=808&highlighted_blocks=392221306_254801084_2_0_0&hpos=8&no_rooms=1&sr_order=class_and_price&sr_pri_blocks=392221306_254801084_2_0_0__10125&srepoch=1587183149&srpvid=551f1d9687bc002d&ucfs=1&from=searchresultshttps://www.booking.com;highlight_room=;has_campaign_deals_breakaway20_customer_label=1#hotelTmpl,booking_kaggle,2020,2020-04-24,2026-09-13T06:37:49.339055+00:00,False
hotels_00808,6384855,OYO 443 Safari Al Khaleej,Dammam,Eastern Province,102,,,,Standard Twin Room,2 beds (2 singles),2,,True,26.431059,50.12119,https://www.booking.com/hotel/sa/oyo-443-safari-al-khaleej.en-gb.html?aid=304142&label=gen173nr-1DCAEoggI46AdIM1gEaMQBiAECmAEJuAEJyAER2AED6AEBiAIBqAIDuAKmm9z0BcACAQ&sid=42146239dcdf1e519ee673686891723f&all_sr_blocks=638485503_253245134_2_0_0&checkin=2020-04-24&checkout=2020-04-25&dest_id=186&dest_type=country&group_adults=2&group_children=0&hapos=809&highlighted_blocks=638485503_253245134_2_0_0&hpos=9&no_rooms=1&sr_order=class_and_price&sr_pri_blocks=638485503_253245134_2_0_0__10199&srepoch=1587183149&srpvid=551f1d9687bc002d&ucfs=1&from=searchresultshttps://www.booking.com;highlight_room=#hotelTmpl,booking_kaggle,2020,2020-04-24,2026-09-13T06:37:49.339055+00:00,False
hotels_00809,1251548,OYO 232 Fawasel Tabuk 2 Hotel Apartment,Tabuk,Tabuk,102,,7.3,315,Standard Studio Twin,1 bed (1 extra-large double),2,,True,28.3872397060787,36.5879702716584,https://www.booking.com/hotel/sa/fawasel-tabuk-apartments.en-gb.html?aid=304142&label=gen173nr-1DCAEoggI46AdIM1gEaMQBiAECmAEJuAEJyAER2AED6AEBiAIBqAIDuAKmm9z0BcACAQ&sid=42146239dcdf1e519ee673686891723f&all_sr_blocks=125154809_176961415_2_0_0&checkin=2020-04-24&checkout=2020-04-25&dest_id=186&dest_type=country&group_adults=2&group_children=0&hapos=810&highlighted_blocks=125154809_176961415_2_0_0&hpos=10&no_rooms=1&sr_order=class_and_price&sr_pri_blocks=125154809_176961415_2_0_0__10200&srepoch=1587183149&srpvid=551f1d9687bc002d&ucfs=1&from=searchresultshttps://www.booking.com;highlight_room=#hotelTmpl,booking_kaggle,2020,2020-04-24,2026-09-13T06:37:49.339055+00:00,False
hotels_00810,5318469,أبهى رفاف,Abha,Asir,102,,8.2,100,Double Room with Private Bathroom,1 bed (1 double),2,,True,18.2237938618985,42.5217915030327,https://www.booking.com/hotel/sa/bh-rff.en-gb.html?aid=304142&label=gen173nr-1DCAEoggI46AdIM1gEaMQBiAECmAEJuAEJyAER2AED6AEBiAIBqAIDuAKmm9z0BcACAQ&sid=42146239dcdf1e519ee673686891723f&all_sr_blocks=531846903_233996280_2_0_0&checkin=2020-04-24&checkout=2020-04-25&dest_id=186&dest_type=country&group_adults=2&group_children=0&hapos=811&highlighted_blocks=531846903_233996280_2_0_0&hpos=11&no_rooms=1&sr_order=class_and_price&sr_pri_blocks=531846903_233996280_2_0_0__10200&srepoch=1587183149&srpvid=551f1d9687bc002d&ucfs=1&from=searchresultshttps://www.booking.com;highlight_room=#hotelTmpl,booking_kaggle,2020,2020-04-24,2026-09-13T06:37:49.339055+00:00,False
hotels_00811,2231741,Al Eairy Apartments - Al Ahsa 2,Al Ahsa,Eastern Province,102,,5.4,268,Double Room,1 bed (1 double),2,,True,25.4207400412669,49.5619225254334,https://www.booking.com/hotel/sa/al-eairy-apartments-al-ahsa-2.en-gb.html?aid=304142&label=gen173nr-1DCAEoggI46AdIM1gEaMQBiAECmAEJuAEJyAER2AED6AEBiAIBqAIDuAKmm9z0BcACAQ&sid=42146239dcdf1e519ee673686891723f&all_sr_blocks=223174101_101119012_2_0_0&checkin=2020-04-24&checkout=2020-04-25&dest_id=186&dest_type=country&group_adults=2&group_children=0&hapos=812&highlighted_blocks=223174101_101119012_2_0_0&hpos=12&no_rooms=1&sr_order=class_and_price&sr_pri_blocks=223174101_101119012_2_0_0__10200&srepoch=1587183149&srpvid=551f1d9687bc002d&ucfs=1&from=searchresultshttps://www.booking.com;highlight_room=#hotelTmpl,booking_kaggle,2020,2020-04-24,2026-09-13T06:37:49.339055+00:00,False
hotels_00812,2231819,Al Eairy Apartments - Jazan 3,Jazan,Jazan,102,,5.5,493,Double Room,1 bed (1 double),2,,True,16.8912827340141,42.5814923725829,https://www.booking.com/hotel/sa/al-eairy-apartments-jazan-3.en-gb.html?aid=304142&label=gen173nr-1DCAEoggI46AdIM1gEaMQBiAECmAEJuAEJyAER2AED6AEBiAIBqAIDuAKmm9z0BcACAQ&sid=42146239dcdf1e519ee673686891723f&all_sr_blocks=223181901_101112062_0_0_0&checkin=2020-04-24&checkout=2020-04-25&dest_id=186&dest_type=country&group_adults=2&group_children=0&hapos=813&highlighted_blocks=223181901_101112062_0_0_0&hpos=13&no_rooms=1&sr_order=class_and_price&sr_pri_blocks=223181901_101112062_0_0_0__10200&srepoch=1587183149&srpvid=551f1d9687bc002d&ucfs=1&from=searchresultshttps://www.booking.com;highlight_room=#hotelTmpl,booking_kaggle,2020,2020-04-24,2026-09-13T06:37:49.339055+00:00,False
hotels_00813,1344589,Hona Al Holm Furnished Units,Dammam,Eastern Province,103,,8.0,657,Studio,2 beds (2 singles),2,,True,26.4189892929156,50.0189226865768,https://www.booking.com/hotel/sa/hn-lhlm-lljnh-lfndqy.en-gb.html?aid=304142&label=gen173nr-1DCAEoggI46AdIM1gEaMQBiAECmAEJuAEJyAER2AED6AEBiAIBqAIDuAKmm9z0BcACAQ&sid=42146239dcdf1e519ee673686891723f&all_sr_blocks=134458903_94041774_2_0_0&checkin=2020-04-24&checkout=2020-04-25&dest_id=186&dest_type=country&group_adults=2&group_children=0&hapos=814&highlighted_blocks=134458903_94041774_2_0_0&hpos=14&no_rooms=1&sr_order=class_and_price&sr_pri_blocks=134458903_94041774_2_0_0__10300&srepoch=1587183149&srpvid=551f1d9687bc002d&ucfs=1&from=searchresultshttps://www.booking.com;highlight_room=#hotelTmpl,booking_kaggle,2020,2020-04-24,2026-09-13T06:37:49.339055+00:00,False
hotels_00814,2049159,OYO 301 Asfrine Hotel Apartment,Tabuk,Tabuk,103,,7.2,85,Standard Studio Double,1 bed (1 extra-large double),2,,,28.4258773386012,36.5671286545694,https://www.booking.com/hotel/sa/as-sfrane-apart.en-gb.html?aid=304142&label=gen173nr-1DCAEoggI46AdIM1gEaMQBiAECmAEJuAEJyAER2AED6AEBiAIBqAIDuAKmm9z0BcACAQ&sid=42146239dcdf1e519ee673686891723f&all_sr_blocks=204915904_253265741_2_0_0&checkin=2020-04-24&checkout=2020-04-25&dest_id=186&dest_type=country&group_adults=2&group_children=0&hapos=815&highlighted_blocks=204915904_253265741_2_0_0&hpos=15&no_rooms=1&sr_order=class_and_price&sr_pri_blocks=204915904_253265741_2_0_0__10339&srepoch=1587183149&srpvid=551f1d9687bc002d&ucfs=1&from=searchresultshttps://www.booking.com;highlight_room=#hotelTmpl,booking_kaggle,2020,2020-04-24,2026-09-13T06:37:49.339055+00:00,False
hotels_00815,2358117,Tera Al Salam Hotel,Makkah,Makkah,104,,6.1,880,Economy Triple Room,3 beds (3 singles),3,,True,21.4039291299799,39.8701170086861,https://www.booking.com/hotel/sa/teira.en-gb.html?aid=304142&label=gen173nr-1DCAEoggI46AdIM1gEaMQBiAECmAEJuAEJyAER2AED6AEBiAIBqAIDuAKmm9z0BcACAQ&sid=42146239dcdf1e519ee673686891723f&all_sr_blocks=235811714_239863242_3_0_0&checkin=2020-04-24&checkout=2020-04-25&dest_id=186&dest_type=country&group_adults=2&group_children=0&hapos=816&highlighted_blocks=235811714_239863242_3_0_0&hpos=16&no_rooms=1&sr_order=class_and_price&sr_pri_blocks=235811714_239863242_3_0_0__10350&srepoch=1587183149&srpvid=551f1d9687bc002d&ucfs=1&from=searchresultshttps://www.booking.com;highlight_room=#hotelTmpl,booking_kaggle,2020,2020-04-24,2026-09-13T06:37:49.339055+00:00,False
hotels_00816,2470425,Lina Park 2,Dammam,Eastern Province,104,,8.0,297,Deluxe Studio,2 beds (2 singles),2,,True,26.3913131493591,50.0738751877716,https://www.booking.com/hotel/sa/lina-park-2.en-gb.html?aid=304142&label=gen173nr-1DCAEoggI46AdIM1gEaMQBiAECmAEJuAEJyAER2AED6AEBiAIBqAIDuAKmm9z0BcACAQ&sid=42146239dcdf1e519ee673686891723f&all_sr_blocks=247042501_233217554_0_0_0&checkin=2020-04-24&checkout=2020-04-25&dest_id=186&dest_type=country&group_adults=2&group_children=0&hapos=817&highlighted_blocks=247042501_233217554_0_0_0&hpos=17&no_rooms=1&sr_order=class_and_price&sr_pri_blocks=247042501_233217554_0_0_0__10400&srepoch=1587183149&srpvid=551f1d9687bc002d&ucfs=1&from=searchresultshttps://www.booking.com;highlight_room=#hotelTmpl,booking_kaggle,2020,2020-04-24,2026-09-13T06:37:49.339055+00:00,False
hotels_00817,493138,Kenanah Jeddah Hotel,Jeddah,Makkah,104,,6.4,507,Double or Twin Room,2 beds (2 singles),2,,True,21.501660030249,39.195436835289,https://www.booking.com/hotel/sa/louts-jeddah.en-gb.html?aid=304142&label=gen173nr-1DCAEoggI46AdIM1gEaMQBiAECmAEJuAEJyAER2AED6AEBiAIBqAIDuAKmm9z0BcACAQ&sid=42146239dcdf1e519ee673686891723f&all_sr_blocks=49313801_167610950_0_0_0&checkin=2020-04-24&checkout=2020-04-25&dest_id=186&dest_type=country&group_adults=2&group_children=0&hapos=818&highlighted_blocks=49313801_167610950_0_0_0&hpos=18&no_rooms=1&sr_order=class_and_price&sr_pri_blocks=49313801_167610950_0_0_0__10400&srepoch=1587183149&srpvid=551f1d9687bc002d&ucfs=1&from=searchresultshttps://www.booking.com;highlight_room=#hotelTmpl,booking_kaggle,2020,2020-04-24,2026-09-13T06:37:49.339055+00:00,False
hotels_00818,1137495,OYO 200 Majestic Homes,Al Khobar,Eastern Province,104,,7.7,403,Standard Studio,1 bed (1 extra-large double),2,,True,26.2957451356902,50.1766218245029,https://www.booking.com/hotel/sa/majestic-homes-bywtt-lfkhm.en-gb.html?aid=304142&label=gen173nr-1DCAEoggI46AdIM1gEaMQBiAECmAEJuAEJyAER2AED6AEBiAIBqAIDuAKmm9z0BcACAQ&sid=42146239dcdf1e519ee673686891723f&all_sr_blocks=113749505_168095485_2_0_0&checkin=2020-04-24&checkout=2020-04-25&dest_id=186&dest_type=country&group_adults=2&group_children=0&hapos=819&highlighted_blocks=113749505_168095485_2_0_0&hpos=19&no_rooms=1&sr_order=class_and_price&sr_pri_blocks=113749505_168095485_2_0_0__10428&srepoch=1587183149&srpvid=551f1d9687bc002d&ucfs=1&from=searchresultshttps://www.booking.com;highlight_room=#hotelTmpl,booking_kaggle,2020,2020-04-24,2026-09-13T06:37:49.339055+00:00,False
hotels_00819,5654711,المنزل الهادئ 3,Jeddah,Makkah,105,,8.2,206,Standard Single Room,1 bed (1 single),3,,True,21.5652923082876,39.2157020552254,https://www.booking.com/hotel/sa/lmnzl-lhdy-3.en-gb.html?aid=304142&label=gen173nr-1DCAEoggI46AdIM1gEaMQBiAECmAEJuAEJyAER2AED6AEBiAIBqAIDuAKmm9z0BcACAQ&sid=42146239dcdf1e519ee673686891723f&all_sr_blocks=565471103_214378630_3_0_0&checkin=2020-04-24&checkout=2020-04-25&dest_id=186&dest_type=country&group_adults=2&group_children=0&hapos=820&highlighted_blocks=565471103_214378630_3_0_0&hpos=20&no_rooms=1&sr_order=class_and_price&sr_pri_blocks=565471103_214378630_3_0_0__10450&srepoch=1587183149&srpvid=551f1d9687bc002d&ucfs=1&from=searchresultshttps://www.booking.com;highlight_room=#hotelTmpl,booking_kaggle,2020,2020-04-24,2026-09-13T06:37:49.339055+00:00,False
hotels_00820,3471476,دانية للأجنحة الفندقية - عزاب فقط,Jubail,Eastern Province,105,,6.8,96,One-Bedroom Apartment,2 beds (2 singles),2,,True,26.9773718702033,49.6471672294999,https://www.booking.com/hotel/sa/danya-suites-ljbyl1.en-gb.html?aid=304142&label=gen173nr-1DCAEoggI46AdIM1gEaMQBiAECmAEJuAEJyAER2AED6AEBiAIBqAIDuAKmm9z0BcACAQ&sid=42146239dcdf1e519ee673686891723f&all_sr_blocks=347147602_117365292_2_0_0&checkin=2020-04-24&checkout=2020-04-25&dest_id=186&dest_type=country&group_adults=2&group_children=0&hapos=821&highlighted_blocks=347147602_117365292_2_0_0&hpos=21&no_rooms=1&sr_order=class_and_price&sr_pri_blocks=347147602_117365292_2_0_0__10500&srepoch=1587183149&srpvid=551f1d9687bc002d&ucfs=1&from=searchresultshttps://www.booking.com;highlight_room=#hotelTmpl,booking_kaggle,2020,2020-04-24,2026-09-13T06:37:49.339055+00:00,False
hotels_00821,1713561,Lina Park,Al Khobar,Eastern Province,105,,8.4,119,Deluxe Double Studio,1 bed (1 large double),2,,True,26.2883136033406,50.186708249984,https://www.booking.com/hotel/sa/lina-park.en-gb.html?aid=304142&label=gen173nr-1DCAEoggI46AdIM1gEaMQBiAECmAEJuAEJyAER2AED6AEBiAIBqAIDuAKmm9z0BcACAQ&sid=42146239dcdf1e519ee673686891723f&all_sr_blocks=171356101_243059887_0_0_0&checkin=2020-04-24&checkout=2020-04-25&dest_id=186&dest_type=country&group_adults=2&group_children=0&hapos=822&highlighted_blocks=171356101_243059887_0_0_0&hpos=22&no_rooms=1&sr_order=class_and_price&sr_pri_blocks=171356101_243059887_0_0_0__10500&srepoch=1587183149&srpvid=551f1d9687bc002d&ucfs=1&from=searchresultshttps://www.booking.com;highlight_room=#hotelTmpl,booking_kaggle,2020,2020-04-24,2026-09-13T06:37:49.339055+00:00,False
hotels_00822,261452,Landmark Suites Jeddah,Jeddah,Makkah,105,,7.1,689,One-Bedroom Suite,1 bed (1 extra-large double),2,,True,21.5534333835824,39.1693818569183,https://www.booking.com/hotel/sa/landmark-suites-jeddah.en-gb.html?aid=304142&label=gen173nr-1DCAEoggI46AdIM1gEaMQBiAECmAEJuAEJyAER2AED6AEBiAIBqAIDuAKmm9z0BcACAQ&sid=42146239dcdf1e519ee673686891723f&all_sr_blocks=26145201_200932965_0_2_0&checkin=2020-04-24&checkout=2020-04-25&dest_id=186&dest_type=country&group_adults=2&group_children=0&hapos=823&highlighted_blocks=26145201_200932965_0_2_0&hpos=23&no_rooms=1&sr_order=class_and_price&sr_pri_blocks=26145201_200932965_0_2_0__10500&srepoch=1587183149&srpvid=551f1d9687bc002d&ucfs=1&from=searchresultshttps://www.booking.com;highlight_room=#hotelTmpl,booking_kaggle,2020,2020-04-24,2026-09-13T06:37:49.339055+00:00,False
hotels_00823,2288598,Loaloat Al Khobar,Al Khobar,Eastern Province,105,,7.3,422,Studio,1 bed (1 large double),2,,True,26.271698593014,50.2155098078347,https://www.booking.com/hotel/sa/lw-lw-lkhbr.en-gb.html?aid=304142&label=gen173nr-1DCAEoggI46AdIM1gEaMQBiAECmAEJuAEJyAER2AED6AEBiAIBqAIDuAKmm9z0BcACAQ&sid=42146239dcdf1e519ee673686891723f&all_sr_blocks=228859801_102609571_2_0_0&checkin=2020-04-24&checkout=2020-04-25&dest_id=186&dest_type=country&group_adults=2&group_children=0&hapos=824&highlighted_blocks=228859801_102609571_2_0_0&hpos=24&no_rooms=1&sr_order=class_and_price&sr_pri_blocks=228859801_102609571_2_0_0__10500&srepoch=1587183149&srpvid=551f1d9687bc002d&ucfs=1&from=searchresultshttps://www.booking.com;highlight_room=#hotelTmpl,booking_kaggle,2020,2020-04-24,2026-09-13T06:37:49.339055+00:00,False
hotels_00824,2231730,Al Eairy Apartments- Dammam 8,Dammam,Eastern Province,105,,6.3,152,One-Bedroom Apartment,1 bed (1 double),2,,True,26.4351574047393,50.0665184547729,https://www.booking.com/hotel/sa/al-eairy-apartments-dammam-8.en-gb.html?aid=304142&label=gen173nr-1DCAEoggI46AdIM1gEaMQBiAECmAEJuAEJyAER2AED6AEBiAIBqAIDuAKmm9z0BcACAQ&sid=42146239dcdf1e519ee673686891723f&all_sr_blocks=223173001_101118921_2_0_0&checkin=2020-04-24&checkout=2020-04-25&dest_id=186&dest_type=country&group_adults=2&group_children=0&hapos=825&highlighted_blocks=223173001_101118921_2_0_0&hpos=25&no_rooms=1&sr_order=class_and_price&sr_pri_blocks=223173001_101118921_2_0_0__10500&srepoch=1587183149&srpvid=551f1d9687bc002d&ucfs=1&from=searchresultshttps://www.booking.com;highlight_room=#hotelTmpl,booking_kaggle,2020,2020-04-24,2026-09-13T06:37:49.339055+00:00,False
hotels_00825,431233,Bronze Palace,Al Khobar,Eastern Province,105,,7.9,129,Deluxe King Room,1 bed (1 large double),2,,True,26.2887111542785,50.1909890770912,https://www.booking.com/hotel/sa/bronze-palace.en-gb.html?aid=304142&label=gen173nr-1DCAEoggI46AdIM1gEaMQBiAECmAEJuAEJyAER2AED6AEBiAIBqAIDuAKmm9z0BcACAQ&sid=42146239dcdf1e519ee673686891723f&all_sr_blocks=43123304_193911311_0_0_0&checkin=2020-04-24&checkout=2020-04-25&dest_id=186&dest_type=country&group_adults=2&group_children=0&hapos=826&highlighted_blocks=43123304_193911311_0_0_0&hpos=1&no_rooms=1&sr_order=class_and_price&sr_pri_blocks=43123304_193911311_0_0_0__10500&srepoch=1587183161&srpvid=35481d9cb1480004&ucfs=1&from=searchresultshttps://www.booking.com;highlight_room=#hotelTmpl,booking_kaggle,2020,2020-04-24,2026-09-13T06:37:49.339055+00:00,False
hotels_00826,5618319,شاطىء الأحلام الحديث,Taif,Makkah,105,,7.9,14,One-Bedroom Apartment,1 bed (1 extra-large double),2,,True,21.3203676050197,40.4315113864136,https://www.booking.com/hotel/sa/shty-lhlm-at-taif.en-gb.html?aid=304142&label=gen173nr-1DCAEoggI46AdIM1gEaMQBiAECmAEJuAEJyAER2AED6AEBiAIBqAIDuAKmm9z0BcACAQ&sid=42146239dcdf1e519ee673686891723f&all_sr_blocks=561831901_216980802_2_0_0&checkin=2020-04-24&checkout=2020-04-25&dest_id=186&dest_type=country&group_adults=2&group_children=0&hapos=827&highlighted_blocks=561831901_216980802_2_0_0&hpos=2&no_rooms=1&sr_order=class_and_price&sr_pri_blocks=561831901_216980802_2_0_0__10500&srepoch=1587183161&srpvid=35481d9cb1480004&ucfs=1&from=searchresultshttps://www.booking.com;highlight_room=#hotelTmpl,booking_kaggle,2020,2020-04-24,2026-09-13T06:37:49.339055+00:00,False
hotels_00827,2331549,Al Eairy Apartments - Al Riyad 4,Riyadh,Riyadh,105,,6.3,202,Deluxe Twin Room,2 beds (2 singles),2,,True,24.5833512709991,46.7622729915711,https://www.booking.com/hotel/sa/al-eairy-furnished-apartments-4-riyadh.en-gb.html?aid=304142&label=gen173nr-1DCAEoggI46AdIM1gEaMQBiAECmAEJuAEJyAER2AED6AEBiAIBqAIDuAKmm9z0BcACAQ&sid=42146239dcdf1e519ee673686891723f&all_sr_blocks=233154904_100682180_2_0_0&checkin=2020-04-24&checkout=2020-04-25&dest_id=186&dest_type=country&group_adults=2&group_children=0&hapos=828&highlighted_blocks=233154904_100682180_2_0_0&hpos=3&no_rooms=1&sr_order=class_and_price&sr_pri_blocks=233154904_100682180_2_0_0__10500&srepoch=1587183161&srpvid=35481d9cb1480004&ucfs=1&from=searchresultshttps://www.booking.com;highlight_room=#hotelTmpl,booking_kaggle,2020,2020-04-24,2026-09-13T06:37:49.339055+00:00,False
hotels_00828,1168248,Dary Furnished Apartments,Sharurah,Najran,105,,5.7,71,Studio,1 bed (1 double),2,,True,17.4881753127927,47.1079990267754,https://www.booking.com/hotel/sa/dry-llshqq-lmfrwsh.en-gb.html?aid=304142&label=gen173nr-1DCAEoggI46AdIM1gEaMQBiAECmAEJuAEJyAER2AED6AEBiAIBqAIDuAKmm9z0BcACAQ&sid=42146239dcdf1e519ee673686891723f&all_sr_blocks=116824801_206170062_2_0_0&checkin=2020-04-24&checkout=2020-04-25&dest_id=186&dest_type=country&group_adults=2&group_children=0&hapos=829&highlighted_blocks=116824801_206170062_2_0_0&hpos=4&no_rooms=1&sr_order=class_and_price&sr_pri_blocks=116824801_206170062_2_0_0__10500&srepoch=1587183161&srpvid=35481d9cb1480004&ucfs=1&from=searchresultshttps://www.booking.com;highlight_room=#hotelTmpl,booking_kaggle,2020,2020-04-24,2026-09-13T06:37:49.339055+00:00,False
hotels_00829,2682435,Malath Furnished Units,Al Kharj,Riyadh,105,,7.4,114,One-Bedroom Apartment,"2 beds (1 sofa bed, 1 large double)",3,,True,24.1594213175238,47.3232328891754,https://www.booking.com/hotel/sa/mldh-llwhdt-lskny-lmfrwsh.en-gb.html?aid=304142&label=gen173nr-1DCAEoggI46AdIM1gEaMQBiAECmAEJuAEJyAER2AED6AEBiAIBqAIDuAKmm9z0BcACAQ&sid=42146239dcdf1e519ee673686891723f&all_sr_blocks=268243501_105953584_3_0_0&checkin=2020-04-24&checkout=2020-04-25&dest_id=186&dest_type=country&group_adults=2&group_children=0&hapos=830&highlighted_blocks=268243501_105953584_3_0_0&hpos=5&no_rooms=1&sr_order=class_and_price&sr_pri_blocks=268243501_105953584_3_0_0__10500&srepoch=1587183161&srpvid=35481d9cb1480004&ucfs=1&from=searchresultshttps://www.booking.com;highlight_room=#hotelTmpl,booking_kaggle,2020,2020-04-24,2026-09-13T06:37:49.339055+00:00,False
hotels_00830,2710583,Saad Palace 3,Abha,Asir,105,,6.9,67,Studio Apartment,1 bed (1 large double),2,,True,18.2074752060001,42.5013757869601,https://www.booking.com/hotel/sa/saad-palace-3.en-gb.html?aid=304142&label=gen173nr-1DCAEoggI46AdIM1gEaMQBiAECmAEJuAEJyAER2AED6AEBiAIBqAIDuAKmm9z0BcACAQ&sid=42146239dcdf1e519ee673686891723f&all_sr_blocks=271058304_123262895_2_0_0&checkin=2020-04-24&checkout=2020-04-25&dest_id=186&dest_type=country&group_adults=2&group_children=0&hapos=831&highlighted_blocks=271058304_123262895_2_0_0&hpos=6&no_rooms=1&sr_order=class_and_price&sr_pri_blocks=271058304_123262895_2_0_0__10500&srepoch=1587183161&srpvid=35481d9cb1480004&ucfs=1&from=searchresultshttps://www.booking.com;highlight_room=#hotelTmpl,booking_kaggle,2020,2020-04-24,2026-09-13T06:37:49.339055+00:00,False
hotels_00831,2863790,بارك جازان 2 للواحدات السكنية,Jazan,Jazan,106,,6.9,9,King Studio,1 bed (1 large double),2,,True,16.897925,42.568704,https://www.booking.com/hotel/sa/brj-jyzn-2.en-gb.html?aid=304142&label=gen173nr-1DCAEoggI46AdIM1gEaMQBiAECmAEJuAEJyAER2AED6AEBiAIBqAIDuAKmm9z0BcACAQ&sid=42146239dcdf1e519ee673686891723f&all_sr_blocks=286379005_243985981_2_0_0&checkin=2020-04-24&checkout=2020-04-25&dest_id=186&dest_type=country&group_adults=2&group_children=0&hapos=832&highlighted_blocks=286379005_243985981_2_0_0&hpos=7&no_rooms=1&sr_order=class_and_price&sr_pri_blocks=286379005_243985981_2_0_0__10585&srepoch=1587183161&srpvid=35481d9cb1480004&ucfs=1&from=searchresultshttps://www.booking.com;highlight_room=#hotelTmpl,booking_kaggle,2020,2020-04-24,2026-09-13T06:37:49.339055+00:00,False
hotels_00832,4001964,Al Hammad 2 Hotel Apartments,Jeddah,Makkah,107,,7.9,1,One-Bedroom Apartment,1 bed (1 extra-large double),2,,True,21.6196536721702,39.1634660641002,https://www.booking.com/hotel/sa/lhmd-llshqq-lfndqy-2.en-gb.html?aid=304142&label=gen173nr-1DCAEoggI46AdIM1gEaMQBiAECmAEJuAEJyAER2AED6AEBiAIBqAIDuAKmm9z0BcACAQ&sid=42146239dcdf1e519ee673686891723f&all_sr_blocks=400196403_123440050_2_0_0&checkin=2020-04-24&checkout=2020-04-25&dest_id=186&dest_type=country&group_adults=2&group_children=0&hapos=833&highlighted_blocks=400196403_123440050_2_0_0&hpos=8&no_rooms=1&sr_order=class_and_price&sr_pri_blocks=400196403_123440050_2_0_0__10700&srepoch=1587183161&srpvid=35481d9cb1480004&ucfs=1&from=searchresultshttps://www.booking.com;highlight_room=#hotelTmpl,booking_kaggle,2020,2020-04-24,2026-09-13T06:37:49.339055+00:00,False
hotels_00833,2231834,Al Eairy Furnished Apartments -Madinah 3,Madinah,Madinah,107,,5.8,430,Double or Twin Room,2 beds (2 singles),2,,,24.4749138981404,39.632197022438,https://www.booking.com/hotel/sa/al-eairy-furnished-apartments-madinah-3.en-gb.html?aid=304142&label=gen173nr-1DCAEoggI46AdIM1gEaMQBiAECmAEJuAEJyAER2AED6AEBiAIBqAIDuAKmm9z0BcACAQ&sid=42146239dcdf1e519ee673686891723f&all_sr_blocks=223183406_201845598_2_0_0&checkin=2020-04-24&checkout=2020-04-25&dest_id=186&dest_type=country&group_adults=2&group_children=0&hapos=834&highlighted_blocks=223183406_201845598_2_0_0&hpos=9&no_rooms=1&sr_order=class_and_price&sr_pri_blocks=223183406_201845598_2_0_0__10700&srepoch=1587183161&srpvid=35481d9cb1480004&ucfs=1&from=searchresultshttps://www.booking.com;highlight_room=#hotelTmpl,booking_kaggle,2020,2020-04-24,2026-09-13T06:37:49.339055+00:00,False
hotels_00834,2227428,Al Eairy Apartments - Al Madinah 14,Madinah,Madinah,107,,6.2,1,Double or Twin Room,2 beds (2 singles),2,,True,24.4554023712163,39.6174770593643,https://www.booking.com/hotel/sa/al-eairy-apartments-al-madinah-14.en-gb.html?aid=304142&label=gen173nr-1DCAEoggI46AdIM1gEaMQBiAECmAEJuAEJyAER2AED6AEBiAIBqAIDuAKmm9z0BcACAQ&sid=42146239dcdf1e519ee673686891723f&all_sr_blocks=222742801_101165680_2_0_0&checkin=2020-04-24&checkout=2020-04-25&dest_id=186&dest_type=country&group_adults=2&group_children=0&hapos=835&highlighted_blocks=222742801_101165680_2_0_0&hpos=10&no_rooms=1&sr_order=class_and_price&sr_pri_blocks=222742801_101165680_2_0_0__10700&srepoch=1587183161&srpvid=35481d9cb1480004&ucfs=1&from=searchresultshttps://www.booking.com;highlight_room=#hotelTmpl,booking_kaggle,2020,2020-04-24,2026-09-13T06:37:49.339055+00:00,False
hotels_00835,2085483,Basmah Shaqraa for suits hotel,Jeddah,Makkah,107,,6.6,661,Double Room with Bathroom,1 bed (1 double),2,,True,21.5118814669907,39.1633308390785,https://www.booking.com/hotel/sa/basma-alshakraa-suites.en-gb.html?aid=304142&label=gen173nr-1DCAEoggI46AdIM1gEaMQBiAECmAEJuAEJyAER2AED6AEBiAIBqAIDuAKmm9z0BcACAQ&sid=42146239dcdf1e519ee673686891723f&all_sr_blocks=208548305_210943240_0_0_0&checkin=2020-04-24&checkout=2020-04-25&dest_id=186&dest_type=country&group_adults=2&group_children=0&hapos=836&highlighted_blocks=208548305_210943240_0_0_0&hpos=11&no_rooms=1&sr_order=class_and_price&sr_pri_blocks=208548305_210943240_0_0_0__10746&srepoch=1587183161&srpvid=35481d9cb1480004&ucfs=1&from=searchresultshttps://www.booking.com;highlight_room=#hotelTmpl,booking_kaggle,2020,2020-04-24,2026-09-13T06:37:49.339055+00:00,False
hotels_00836,6285920,الدانة طريق الرياض,Abha,Asir,108,,,,Deluxe Double Room,1 bed (1 large double),2,,,18.226594,42.509557,https://www.booking.com/hotel/sa/ldn-tryq-lryd.en-gb.html?aid=304142&label=gen173nr-1DCAEoggI46AdIM1gEaMQBiAECmAEJuAEJyAER2AED6AEBiAIBqAIDuAKmm9z0BcACAQ&sid=42146239dcdf1e519ee673686891723f&all_sr_blocks=628592001_244895004_2_0_0&checkin=2020-04-24&checkout=2020-04-25&dest_id=186&dest_type=country&group_adults=2&group_children=0&hapos=837&highlighted_blocks=628592001_244895004_2_0_0&hpos=12&no_rooms=1&sr_order=class_and_price&sr_pri_blocks=628592001_244895004_2_0_0__10800&srepoch=1587183161&srpvid=35481d9cb1480004&ucfs=1&from=searchresultshttps://www.booking.com;highlight_room=#hotelTmpl,booking_kaggle,2020,2020-04-24,2026-09-13T06:37:49.339055+00:00,False
hotels_00837,621466,Melaf Suites,Abha,Asir,108,,6.8,208,One-Bedroom Apartment,1 bed (1 large double),2,,True,18.2356641620291,42.5896167755127,https://www.booking.com/hotel/sa/melaf-suites.en-gb.html?aid=304142&label=gen173nr-1DCAEoggI46AdIM1gEaMQBiAECmAEJuAEJyAER2AED6AEBiAIBqAIDuAKmm9z0BcACAQ&sid=42146239dcdf1e519ee673686891723f&all_sr_blocks=62146601_198644953_0_42_0&checkin=2020-04-24&checkout=2020-04-25&dest_id=186&dest_type=country&group_adults=2&group_children=0&hapos=838&highlighted_blocks=62146601_198644953_0_42_0&hpos=13&no_rooms=1&sr_order=class_and_price&sr_pri_blocks=62146601_198644953_0_42_0__10800&srepoch=1587183161&srpvid=35481d9cb1480004&ucfs=1&from=searchresultshttps://www.booking.com;highlight_room=#hotelTmpl,booking_kaggle,2020,2020-04-24,2026-09-13T06:37:49.339055+00:00,False
hotels_00838,2275684,Holiday Plus,Riyadh,Riyadh,108,,7.8,324,Economy Room,1 bed (1 extra-large double),2,,True,24.8187594255651,46.7305911955441,https://www.booking.com/hotel/sa/holiday-plus.en-gb.html?aid=304142&label=gen173nr-1DCAEoggI46AdIM1gEaMQBiAECmAEJuAEJyAER2AED6AEBiAIBqAIDuAKmm9z0BcACAQ&sid=42146239dcdf1e519ee673686891723f&all_sr_blocks=227568415_132134229_0_0_0&checkin=2020-04-24&checkout=2020-04-25&dest_id=186&dest_type=country&group_adults=2&group_children=0&hapos=839&highlighted_blocks=227568415_132134229_0_0_0&hpos=14&no_rooms=1&sr_order=class_and_price&sr_pri_blocks=227568415_132134229_0_0_0__10800&srepoch=1587183161&srpvid=35481d9cb1480004&ucfs=1&from=searchresultshttps://www.booking.com;highlight_room=#hotelTmpl,booking_kaggle,2020,2020-04-24,2026-09-13T06:37:49.339055+00:00,False
hotels_00839,1107160,Al Eyeery Furnitured Apartment 1,Madinah,Madinah,108,,5.8,595,Double or Twin Room,1 bed (1 large double),2,,True,24.456396,39.595003,https://www.booking.com/hotel/sa/al-eyeery-furnitured-apartment-1.en-gb.html?aid=304142&label=gen173nr-1DCAEoggI46AdIM1gEaMQBiAECmAEJuAEJyAER2AED6AEBiAIBqAIDuAKmm9z0BcACAQ&sid=42146239dcdf1e519ee673686891723f&all_sr_blocks=110716002_101032242_0_0_0&checkin=2020-04-24&checkout=2020-04-25&dest_id=186&dest_type=country&group_adults=2&group_children=0&hapos=840&highlighted_blocks=110716002_101032242_0_0_0&hpos=15&no_rooms=1&sr_order=class_and_price&sr_pri_blocks=110716002_101032242_0_0_0__10800&srepoch=1587183161&srpvid=35481d9cb1480004&ucfs=1&from=searchresultshttps://www.booking.com;highlight_room=#hotelTmpl,booking_kaggle,2020,2020-04-24,2026-09-13T06:37:49.339055+00:00,False
hotels_00840,1927744,Ghosn Al Banafsej Hotel Apartments,Dammam,Eastern Province,108,,7.4,635,Studio Apartment,1 bed (1 extra-large double),2,,,26.4269311001846,50.037507712841,https://www.booking.com/hotel/sa/ghosn-al-banafsej.en-gb.html?aid=304142&label=gen173nr-1DCAEoggI46AdIM1gEaMQBiAECmAEJuAEJyAER2AED6AEBiAIBqAIDuAKmm9z0BcACAQ&sid=42146239dcdf1e519ee673686891723f&all_sr_blocks=192774411_117582758_2_0_0&checkin=2020-04-24&checkout=2020-04-25&dest_id=186&dest_type=country&group_adults=2&group_children=0&hapos=841&highlighted_blocks=192774411_117582758_2_0_0&hpos=16&no_rooms=1&sr_order=class_and_price&sr_pri_blocks=192774411_117582758_2_0_0__10807&srepoch=1587183161&srpvid=35481d9cb1480004&ucfs=1&from=searchresultshttps://www.booking.com;highlight_room=#hotelTmpl,booking_kaggle,2020,2020-04-24,2026-09-13T06:37:49.339055+00:00,False
hotels_00841,4922230,Zahrat Rozah Apartment,Riyadh,Riyadh,109,,7.0,71,One-Bedroom Apartment,1 bed (1 extra-large double),2,,True,24.812139615868,46.7903944591828,https://www.booking.com/hotel/sa/zahrat-rozah-apartment.en-gb.html?aid=304142&label=gen173nr-1DCAEoggI46AdIM1gEaMQBiAECmAEJuAEJyAER2AED6AEBiAIBqAIDuAKmm9z0BcACAQ&sid=42146239dcdf1e519ee673686891723f&all_sr_blocks=492223001_227623559_2_0_0&checkin=2020-04-24&checkout=2020-04-25&dest_id=186&dest_type=country&group_adults=2&group_children=0&hapos=842&highlighted_blocks=492223001_227623559_2_0_0&hpos=17&no_rooms=1&sr_order=class_and_price&sr_pri_blocks=492223001_227623559_2_0_0__10900&srepoch=1587183161&srpvid=35481d9cb1480004&ucfs=1&from=searchresultshttps://www.booking.com;highlight_room=#hotelTmpl,booking_kaggle,2020,2020-04-24,2026-09-13T06:37:49.339055+00:00,False
hotels_00842,3467664,Kanaf Abaha Aparthotel,Abha,Asir,109,,8.3,621,Double Room,1 bed (1 extra-large double),2,,True,18.2237744168993,42.5863524041824,https://www.booking.com/hotel/sa/knf-bh-ll-jnh-lfndqy-bh.en-gb.html?aid=304142&label=gen173nr-1DCAEoggI46AdIM1gEaMQBiAECmAEJuAEJyAER2AED6AEBiAIBqAIDuAKmm9z0BcACAQ&sid=42146239dcdf1e519ee673686891723f&all_sr_blocks=346766403_180260435_2_0_0&checkin=2020-04-24&checkout=2020-04-25&dest_id=186&dest_type=country&group_adults=2&group_children=0&hapos=843&highlighted_blocks=346766403_180260435_2_0_0&hpos=18&no_rooms=1&sr_order=class_and_price&sr_pri_blocks=346766403_180260435_2_0_0__10900&srepoch=1587183161&srpvid=35481d9cb1480004&ucfs=1&from=searchresultshttps://www.booking.com;highlight_room=#hotelTmpl,booking_kaggle,2020,2020-04-24,2026-09-13T06:37:49.339055+00:00,False
hotels_00843,2167502,Night For You Apartment 3,Hail,Hail,109,,7.0,5,Standard Apartment,2 beds (2 singles),2,,True,27.5049865133086,41.6693635962915,https://www.booking.com/hotel/sa/al-maqsoora-furnished-apartments.en-gb.html?aid=304142&label=gen173nr-1DCAEoggI46AdIM1gEaMQBiAECmAEJuAEJyAER2AED6AEBiAIBqAIDuAKmm9z0BcACAQ&sid=42146239dcdf1e519ee673686891723f&all_sr_blocks=216750208_103975957_2_0_0&checkin=2020-04-24&checkout=2020-04-25&dest_id=186&dest_type=country&group_adults=2&group_children=0&hapos=844&highlighted_blocks=216750208_103975957_2_0_0&hpos=19&no_rooms=1&sr_order=class_and_price&sr_pri_blocks=216750208_103975957_2_0_0__10900&srepoch=1587183161&srpvid=35481d9cb1480004&ucfs=1&from=searchresultshttps://www.booking.com;highlight_room=#hotelTmpl,booking_kaggle,2020,2020-04-24,2026-09-13T06:37:49.339055+00:00,False
hotels_00844,1189995,Qemmat Al Rafaa,Riyadh,Riyadh,109,,7.3,340,Double Room,1 bed (1 extra-large double),2,,True,24.6910818673133,46.8055129051208,https://www.booking.com/hotel/sa/qemmat-al-rafaa.en-gb.html?aid=304142&label=gen173nr-1DCAEoggI46AdIM1gEaMQBiAECmAEJuAEJyAER2AED6AEBiAIBqAIDuAKmm9z0BcACAQ&sid=42146239dcdf1e519ee673686891723f&all_sr_blocks=118999503_134136074_0_0_0&checkin=2020-04-24&checkout=2020-04-25&dest_id=186&dest_type=country&group_adults=2&group_children=0&hapos=845&highlighted_blocks=118999503_134136074_0_0_0&hpos=20&no_rooms=1&sr_order=class_and_price&sr_pri_blocks=118999503_134136074_0_0_0__10900&srepoch=1587183161&srpvid=35481d9cb1480004&ucfs=1&from=searchresultshttps://www.booking.com;highlight_room=#hotelTmpl,booking_kaggle,2020,2020-04-24,2026-09-13T06:37:49.339055+00:00,False
hotels_00845,1139550,Zievle Executive Apartments,Buraydah,Qassim,109,,6.6,110,Single Room,1 bed (1 single),2,,True,26.3667055730092,43.9650776982307,https://www.booking.com/hotel/sa/zievle-apartment.en-gb.html?aid=304142&label=gen173nr-1DCAEoggI46AdIM1gEaMQBiAECmAEJuAEJyAER2AED6AEBiAIBqAIDuAKmm9z0BcACAQ&sid=42146239dcdf1e519ee673686891723f&all_sr_blocks=113955004_195354267_0_0_0&checkin=2020-04-24&checkout=2020-04-25&dest_id=186&dest_type=country&group_adults=2&group_children=0&hapos=846&highlighted_blocks=113955004_195354267_0_0_0&hpos=21&no_rooms=1&sr_order=class_and_price&sr_pri_blocks=113955004_195354267_0_0_0__10900&srepoch=1587183161&srpvid=35481d9cb1480004&ucfs=1&from=searchresultshttps://www.booking.com;highlight_room=#hotelTmpl,booking_kaggle,2020,2020-04-24,2026-09-13T06:37:49.339055+00:00,False
hotels_00846,2232244,Al Eairy Apartments- Madinah 5,Madinah,Madinah,109,,6.4,848,Standard Twin Room,2 beds (2 singles),2,,True,24.4570040318515,39.6161225438118,https://www.booking.com/hotel/sa/al-eairy-apartments-madinah-5.en-gb.html?aid=304142&label=gen173nr-1DCAEoggI46AdIM1gEaMQBiAECmAEJuAEJyAER2AED6AEBiAIBqAIDuAKmm9z0BcACAQ&sid=42146239dcdf1e519ee673686891723f&all_sr_blocks=223224401_101032632_2_0_0&checkin=2020-04-24&checkout=2020-04-25&dest_id=186&dest_type=country&group_adults=2&group_children=0&hapos=847&highlighted_blocks=223224401_101032632_2_0_0&hpos=22&no_rooms=1&sr_order=class_and_price&sr_pri_blocks=223224401_101032632_2_0_0__10900&srepoch=1587183161&srpvid=35481d9cb1480004&ucfs=1&from=searchresultshttps://www.booking.com;highlight_room=#hotelTmpl,booking_kaggle,2020,2020-04-24,2026-09-13T06:37:49.339055+00:00,False
hotels_00847,1107161,Al Eyeery Furnished Apartment Medinah 2,Madinah,Madinah,109,,6.2,607,Double or Twin Room,1 bed (1 double),2,,True,24.4628040085761,39.5932804809856,https://www.booking.com/hotel/sa/al-eyeery-furnitued-apartment-medinah-2.en-gb.html?aid=304142&label=gen173nr-1DCAEoggI46AdIM1gEaMQBiAECmAEJuAEJyAER2AED6AEBiAIBqAIDuAKmm9z0BcACAQ&sid=42146239dcdf1e519ee673686891723f&all_sr_blocks=110716103_101032294_0_0_0&checkin=2020-04-24&checkout=2020-04-25&dest_id=186&dest_type=country&group_adults=2&group_children=0&hapos=848&highlighted_blocks=110716103_101032294_0_0_0&hpos=23&no_rooms=1&sr_order=class_and_price&sr_pri_blocks=110716103_101032294_0_0_0__10900&srepoch=1587183161&srpvid=35481d9cb1480004&ucfs=1&from=searchresultshttps://www.booking.com;highlight_room=#hotelTmpl,booking_kaggle,2020,2020-04-24,2026-09-13T06:37:49.339055+00:00,False
hotels_00848,1538322,Holiday Plus Hotel Suites,Al Khobar,Eastern Province,109,,7.3,180,Studio,1 bed (1 extra-large double),2,,True,26.2921047356497,50.1834413409233,https://www.booking.com/hotel/sa/holiday-plus-suites.en-gb.html?aid=304142&label=gen173nr-1DCAEoggI46AdIM1gEaMQBiAECmAEJuAEJyAER2AED6AEBiAIBqAIDuAKmm9z0BcACAQ&sid=42146239dcdf1e519ee673686891723f&all_sr_blocks=153832203_200495114_0_0_0&checkin=2020-04-24&checkout=2020-04-25&dest_id=186&dest_type=country&group_adults=2&group_children=0&hapos=849&highlighted_blocks=153832203_200495114_0_0_0&hpos=24&no_rooms=1&sr_order=class_and_price&sr_pri_blocks=153832203_200495114_0_0_0__10900&srepoch=1587183161&srpvid=35481d9cb1480004&ucfs=1&from=searchresultshttps://www.booking.com;highlight_room=#hotelTmpl,booking_kaggle,2020,2020-04-24,2026-09-13T06:37:49.339055+00:00,False
hotels_00849,1444630,Nayyara Al Khobar Hotel Apartments - Families Only,Al Khobar,Eastern Province,110,,8.5,207,Double Room,1 bed (1 large double),2,,True,26.2951346529979,50.1780259609222,https://www.booking.com/hotel/sa/nayyara-al-khobar-apartment.en-gb.html?aid=304142&label=gen173nr-1DCAEoggI46AdIM1gEaMQBiAECmAEJuAEJyAER2AED6AEBiAIBqAIDuAKmm9z0BcACAQ&sid=42146239dcdf1e519ee673686891723f&all_sr_blocks=144463003_200423805_0_2_0&checkin=2020-04-24&checkout=2020-04-25&dest_id=186&dest_type=country&group_adults=2&group_children=0&hapos=850&highlighted_blocks=144463003_200423805_0_2_0&hpos=25&no_rooms=1&sr_order=class_and_price&sr_pri_blocks=144463003_200423805_0_2_0__10985&srepoch=1587183161&srpvid=35481d9cb1480004&ucfs=1&from=searchresultshttps://www.booking.com;highlight_room=#hotelTmpl,booking_kaggle,2020,2020-04-24,2026-09-13T06:37:49.339055+00:00,False
hotels_00850,2080125,Al Farhan Hotel Hafer Albaten,Abū Qa‘Ar,,110,,7.6,832,Double or Twin Room,1 bed (1 extra-large double),2,True,True,28.4004524151891,45.9658266477157,https://www.booking.com/hotel/sa/hafer-albaten.en-gb.html?aid=304142&label=gen173nr-1DCAEoggI46AdIM1gEaMQBiAECmAEJuAEJyAER2AED6AEBiAIBqAIDuAKmm9z0BcACAQ&sid=42146239dcdf1e519ee673686891723f&all_sr_blocks=208012511_248221626_2_1_0&checkin=2020-04-24&checkout=2020-04-25&dest_id=186&dest_type=country&group_adults=2&group_children=0&hapos=851&highlighted_blocks=208012511_248221626_2_1_0&hpos=1&no_rooms=1&sr_order=class_and_price&sr_pri_blocks=208012511_248221626_2_1_0__11000&srepoch=1587183171&srpvid=dee01da1dab600cf&ucfs=1&from=searchresultshttps://www.booking.com;highlight_room=#hotelTmpl,booking_kaggle,2020,2020-04-24,2026-09-13T06:37:49.339055+00:00,False
hotels_00851,5194768,تورنت للأجنحة الفندقية,Al Muraysīyah,,110,,7.4,25,One-Bedroom Apartment,"2 beds (1 extra-large double, 1 sofa bed)",3,,True,21.4730350835883,40.4932294265394,https://www.booking.com/hotel/sa/twrnt-ll-jnh-lfndqy.en-gb.html?aid=304142&label=gen173nr-1DCAEoggI46AdIM1gEaMQBiAECmAEJuAEJyAER2AED6AEBiAIBqAIDuAKmm9z0BcACAQ&sid=42146239dcdf1e519ee673686891723f&all_sr_blocks=519476801_235187305_3_0_0&checkin=2020-04-24&checkout=2020-04-25&dest_id=186&dest_type=country&group_adults=2&group_children=0&hapos=852&highlighted_blocks=519476801_235187305_3_0_0&hpos=2&no_rooms=1&sr_order=class_and_price&sr_pri_blocks=519476801_235187305_3_0_0__11000&srepoch=1587183171&srpvid=dee01da1dab600cf&ucfs=1&from=searchresultshttps://www.booking.com;highlight_room=#hotelTmpl,booking_kaggle,2020,2020-04-24,2026-09-13T06:37:49.339055+00:00,False
hotels_00852,4111101,Adwaa Rafa,Al Kharj,Riyadh,110,,7.8,495,Deluxe Room (2 Adults + 1 Child),1 bed (1 extra-large double),2,,True,24.1521134754866,47.310684966526,https://www.booking.com/hotel/sa/adwaa-rafa.en-gb.html?aid=304142&label=gen173nr-1DCAEoggI46AdIM1gEaMQBiAECmAEJuAEJyAER2AED6AEBiAIBqAIDuAKmm9z0BcACAQ&sid=42146239dcdf1e519ee673686891723f&all_sr_blocks=411110101_190646141_2_0_0&checkin=2020-04-24&checkout=2020-04-25&dest_id=186&dest_type=country&group_adults=2&group_children=0&hapos=853&highlighted_blocks=411110101_190646141_2_0_0&hpos=3&no_rooms=1&sr_order=class_and_price&sr_pri_blocks=411110101_190646141_2_0_0__11000&srepoch=1587183171&srpvid=dee01da1dab600cf&ucfs=1&from=searchresultshttps://www.booking.com;highlight_room=#hotelTmpl,booking_kaggle,2020,2020-04-24,2026-09-13T06:37:49.339055+00:00,False
hotels_00853,1931615,Areen Palace Hotel - Almadina Road,Jeddah,Makkah,110,,7.9,929,Junior Suite,1 bed (1 double),2,,True,21.6970969816317,39.1177439689636,https://www.booking.com/hotel/sa/areen-palace-almadina-road.en-gb.html?aid=304142&label=gen173nr-1DCAEoggI46AdIM1gEaMQBiAECmAEJuAEJyAER2AED6AEBiAIBqAIDuAKmm9z0BcACAQ&sid=42146239dcdf1e519ee673686891723f&all_sr_blocks=193161501_205839191_2_2_0&checkin=2020-04-24&checkout=2020-04-25&dest_id=186&dest_type=country&group_adults=2&group_children=0&hapos=854&highlighted_blocks=193161501_205839191_2_2_0&hpos=4&no_rooms=1&sr_order=class_and_price&sr_pri_blocks=193161501_205839191_2_2_0__11000&srepoch=1587183171&srpvid=dee01da1dab600cf&ucfs=1&from=searchresultshttps://www.booking.com;highlight_room=#hotelTmpl,booking_kaggle,2020,2020-04-24,2026-09-13T06:37:49.339055+00:00,False
hotels_00854,3106287,Hayat Jazan Furnished Units,Jazan,Jazan,110,,6.4,32,Double Room,1 bed (1 extra-large double),2,,True,16.898510138807,42.5707746653595,https://www.booking.com/hotel/sa/hy-jzn-whdt-skny-mfrwsh.en-gb.html?aid=304142&label=gen173nr-1DCAEoggI46AdIM1gEaMQBiAECmAEJuAEJyAER2AED6AEBiAIBqAIDuAKmm9z0BcACAQ&sid=42146239dcdf1e519ee673686891723f&all_sr_blocks=310628703_112887179_2_0_0&checkin=2020-04-24&checkout=2020-04-25&dest_id=186&dest_type=country&group_adults=2&group_children=0&hapos=855&highlighted_blocks=310628703_112887179_2_0_0&hpos=5&no_rooms=1&sr_order=class_and_price&sr_pri_blocks=310628703_112887179_2_0_0__11000&srepoch=1587183171&srpvid=dee01da1dab600cf&ucfs=1&from=searchresultshttps://www.booking.com;highlight_room=#hotelTmpl,booking_kaggle,2020,2020-04-24,2026-09-13T06:37:49.339055+00:00,False
hotels_00855,1056871,Manazel Qurish Furnished Apartments,Jeddah,Makkah,110,,5.6,37,Studio,1 bed (1 double),2,,True,21.6006544789049,39.1682366031631,https://www.booking.com/hotel/sa/manazel-qurish-furnished-apartments.en-gb.html?aid=304142&label=gen173nr-1DCAEoggI46AdIM1gEaMQBiAECmAEJuAEJyAER2AED6AEBiAIBqAIDuAKmm9z0BcACAQ&sid=42146239dcdf1e519ee673686891723f&all_sr_blocks=105687101_186945264_2_0_0&checkin=2020-04-24&checkout=2020-04-25&dest_id=186&dest_type=country&group_adults=2&group_children=0&hapos=856&highlighted_blocks=105687101_186945264_2_0_0&hpos=6&no_rooms=1&sr_order=class_and_price&sr_pri_blocks=105687101_186945264_2_0_0__11000&srepoch=1587183171&srpvid=dee01da1dab600cf&ucfs=1&from=searchresultshttps://www.booking.com;highlight_room=#hotelTmpl,booking_kaggle,2020,2020-04-24,2026-09-13T06:37:49.339055+00:00,False
hotels_00856,5637726,النايفة للوحدات السكنية المفروشة,Dammam,Eastern Province,110,,5.9,9,Studio Apartment,1 bed (1 extra-large double),2,,True,26.4266349294842,50.0369808635196,https://www.booking.com/hotel/sa/lnyf-llwhdt-lskny-lmfrwsh.en-gb.html?aid=304142&label=gen173nr-1DCAEoggI46AdIM1gEaMQBiAECmAEJuAEJyAER2AED6AEBiAIBqAIDuAKmm9z0BcACAQ&sid=42146239dcdf1e519ee673686891723f&all_sr_blocks=563772601_212917624_2_0_0&checkin=2020-04-24&checkout=2020-04-25&dest_id=186&dest_type=country&group_adults=2&group_children=0&hapos=857&highlighted_blocks=563772601_212917624_2_0_0&hpos=7&no_rooms=1&sr_order=class_and_price&sr_pri_blocks=563772601_212917624_2_0_0__11000&srepoch=1587183171&srpvid=dee01da1dab600cf&ucfs=1&from=searchresultshttps://www.booking.com;highlight_room=#hotelTmpl,booking_kaggle,2020,2020-04-24,2026-09-13T06:37:49.339055+00:00,False
hotels_00857,1900971,Yahalla Hotel Units,Jeddah,Makkah,110,,7.6,359,Standard Studio,2 beds (2 singles),2,,True,21.6069937528785,39.1251253961564,https://www.booking.com/hotel/sa/yahalla-furnished-apartments.en-gb.html?aid=304142&label=gen173nr-1DCAEoggI46AdIM1gEaMQBiAECmAEJuAEJyAER2AED6AEBiAIBqAIDuAKmm9z0BcACAQ&sid=42146239dcdf1e519ee673686891723f&all_sr_blocks=190097105_168138999_0_0_0&checkin=2020-04-24&checkout=2020-04-25&dest_id=186&dest_type=country&group_adults=2&group_children=0&hapos=858&highlighted_blocks=190097105_168138999_0_0_0&hpos=8&no_rooms=1&sr_order=class_and_price&sr_pri_blocks=190097105_168138999_0_0_0__11000&srepoch=1587183171&srpvid=dee01da1dab600cf&ucfs=1&from=searchresultshttps://www.booking.com;highlight_room=#hotelTmpl,booking_kaggle,2020,2020-04-24,2026-09-13T06:37:49.339055+00:00,False
hotels_00858,5548610,امواج للوحدات السكنية المفروشة,Al Khobar,Eastern Province,110,,7.9,22,Deluxe Family Room,1 bed (1 large double),2,,True,26.28701,50.218177,https://www.booking.com/hotel/sa/mwj-llwhdt-lskny-lmfrwsh.en-gb.html?aid=304142&label=gen173nr-1DCAEoggI46AdIM1gEaMQBiAECmAEJuAEJyAER2AED6AEBiAIBqAIDuAKmm9z0BcACAQ&sid=42146239dcdf1e519ee673686891723f&all_sr_blocks=554861001_220662546_2_0_0&checkin=2020-04-24&checkout=2020-04-25&dest_id=186&dest_type=country&group_adults=2&group_children=0&hapos=859&highlighted_blocks=554861001_220662546_2_0_0&hpos=9&no_rooms=1&sr_order=class_and_price&sr_pri_blocks=554861001_220662546_2_0_0__11000&srepoch=1587183171&srpvid=dee01da1dab600cf&ucfs=1&from=searchresultshttps://www.booking.com;highlight_room=#hotelTmpl,booking_kaggle,2020,2020-04-24,2026-09-13T06:37:49.339055+00:00,False
hotels_00859,2682389,Al Safwah Al Asriyah Furnished Units,Jeddah,Makkah,110,,8.2,343,Double Room,1 bed (1 double),2,,True,21.5144106189789,39.2395306751132,https://www.booking.com/hotel/sa/lsfw-l-sry.en-gb.html?aid=304142&label=gen173nr-1DCAEoggI46AdIM1gEaMQBiAECmAEJuAEJyAER2AED6AEBiAIBqAIDuAKmm9z0BcACAQ&sid=42146239dcdf1e519ee673686891723f&all_sr_blocks=268238901_202940953_0_0_0&checkin=2020-04-24&checkout=2020-04-25&dest_id=186&dest_type=country&group_adults=2&group_children=0&hapos=860&highlighted_blocks=268238901_202940953_0_0_0&hpos=10&no_rooms=1&sr_order=class_and_price&sr_pri_blocks=268238901_202940953_0_0_0__11000&srepoch=1587183171&srpvid=dee01da1dab600cf&ucfs=1&from=searchresultshttps://www.booking.com;highlight_room=#hotelTmpl,booking_kaggle,2020,2020-04-24,2026-09-13T06:37:49.339055+00:00,False
hotels_00860,6325244,شقق عبق الخزامى,Hail,Hail,110,,,,Standard Studio,2 beds (2 doubles),2,,True,27.572176,41.725804,https://www.booking.com/hotel/sa/shqq-bq-lkhzm.en-gb.html?aid=304142&label=gen173nr-1DCAEoggI46AdIM1gEaMQBiAECmAEJuAEJyAER2AED6AEBiAIBqAIDuAKmm9z0BcACAQ&sid=42146239dcdf1e519ee673686891723f&all_sr_blocks=632524401_246848533_2_0_0&checkin=2020-04-24&checkout=2020-04-25&dest_id=186&dest_type=country&group_adults=2&group_children=0&hapos=861&highlighted_blocks=632524401_246848533_2_0_0&hpos=11&no_rooms=1&sr_order=class_and_price&sr_pri_blocks=632524401_246848533_2_0_0__11000&srepoch=1587183171&srpvid=dee01da1dab600cf&ucfs=1&from=searchresultshttps://www.booking.com;highlight_room=#hotelTmpl,booking_kaggle,2020,2020-04-24,2026-09-13T06:37:49.339055+00:00,False
hotels_00861,5770973,قلعه الشرق للوحدات السكنية المفروشة الدمام شارع ٢٨,Dammam,Eastern Province,110,,8.3,6,Deluxe Room (1 adult + 2 children),1 bed (1 double),2,,,26.454557,50.08105,https://www.booking.com/hotel/sa/ql-h-lshrq-llwhdt-lskny-lmfrwsh-ldmm-shr-28.en-gb.html?aid=304142&label=gen173nr-1DCAEoggI46AdIM1gEaMQBiAECmAEJuAEJyAER2AED6AEBiAIBqAIDuAKmm9z0BcACAQ&sid=42146239dcdf1e519ee673686891723f&all_sr_blocks=577097302_241674306_2_0_0&checkin=2020-04-24&checkout=2020-04-25&dest_id=186&dest_type=country&group_adults=2&group_children=0&hapos=862&highlighted_blocks=577097302_241674306_2_0_0&hpos=12&no_rooms=1&sr_order=class_and_price&sr_pri_blocks=577097302_241674306_2_0_0__11000&srepoch=1587183171&srpvid=dee01da1dab600cf&ucfs=1&from=searchresultshttps://www.booking.com;highlight_room=#hotelTmpl,booking_kaggle,2020,2020-04-24,2026-09-13T06:37:49.339055+00:00,False
hotels_00862,1500015,Rofan Hotel Suites,Riyadh,Riyadh,111,,8.3,38,One-Bedroom Apartment,1 bed (1 large double),2,,True,24.7942884397525,46.734933257103,https://www.booking.com/hotel/sa/rofan.en-gb.html?aid=304142&label=gen173nr-1DCAEoggI46AdIM1gEaMQBiAECmAEJuAEJyAER2AED6AEBiAIBqAIDuAKmm9z0BcACAQ&sid=42146239dcdf1e519ee673686891723f&all_sr_blocks=150001502_195207370_0_0_0&checkin=2020-04-24&checkout=2020-04-25&dest_id=186&dest_type=country&group_adults=2&group_children=0&hapos=863&highlighted_blocks=150001502_195207370_0_0_0&hpos=13&no_rooms=1&sr_order=class_and_price&sr_pri_blocks=150001502_195207370_0_0_0__11100&srepoch=1587183171&srpvid=dee01da1dab600cf&ucfs=1&from=searchresultshttps://www.booking.com;highlight_room=#hotelTmpl,booking_kaggle,2020,2020-04-24,2026-09-13T06:37:49.339055+00:00,False
hotels_00863,4315065,Hala Onaizah,Unayzah,Qassim,111,,8.5,184,Economy Studio,1 bed (1 large double),2,,True,26.0934146143225,44.0113496122683,https://www.booking.com/hotel/sa/hl-nyz.en-gb.html?aid=304142&label=gen173nr-1DCAEoggI46AdIM1gEaMQBiAECmAEJuAEJyAER2AED6AEBiAIBqAIDuAKmm9z0BcACAQ&sid=42146239dcdf1e519ee673686891723f&all_sr_blocks=431506501_209138054_0_0_0&checkin=2020-04-24&checkout=2020-04-25&dest_id=186&dest_type=country&group_adults=2&group_children=0&hapos=864&highlighted_blocks=431506501_209138054_0_0_0&hpos=14&no_rooms=1&sr_order=class_and_price&sr_pri_blocks=431506501_209138054_0_0_0__11100&srepoch=1587183171&srpvid=dee01da1dab600cf&ucfs=1&from=searchresultshttps://www.booking.com;highlight_room=#hotelTmpl,booking_kaggle,2020,2020-04-24,2026-09-13T06:37:49.339055+00:00,False
hotels_00864,6384830,OYO 470 Dar Lafina,Tabuk,Tabuk,111,,,,Deluxe Double Room,2 beds (2 singles),2,,True,28.384308,36.57893,https://www.booking.com/hotel/sa/oyo-470-dar-lafina.en-gb.html?aid=304142&label=gen173nr-1DCAEoggI46AdIM1gEaMQBiAECmAEJuAEJyAER2AED6AEBiAIBqAIDuAKmm9z0BcACAQ&sid=42146239dcdf1e519ee673686891723f&all_sr_blocks=638483005_253200643_2_0_0&checkin=2020-04-24&checkout=2020-04-25&dest_id=186&dest_type=country&group_adults=2&group_children=0&hapos=865&highlighted_blocks=638483005_253200643_2_0_0&hpos=15&no_rooms=1&sr_order=class_and_price&sr_pri_blocks=638483005_253200643_2_0_0__11148&srepoch=1587183171&srpvid=dee01da1dab600cf&ucfs=1&from=searchresultshttps://www.booking.com;highlight_room=#hotelTmpl,booking_kaggle,2020,2020-04-24,2026-09-13T06:37:49.339055+00:00,False
hotels_00865,4040274,OYO 150 Al Hamra Palace Al Aswaq,Riyadh,Riyadh,111,,6.9,1,Standard Studio Twin,2 beds (2 singles),2,,,24.6458983476824,46.71640416683,https://www.booking.com/hotel/sa/qsr-lhmr-l-swq.en-gb.html?aid=304142&label=gen173nr-1DCAEoggI46AdIM1gEaMQBiAECmAEJuAEJyAER2AED6AEBiAIBqAIDuAKmm9z0BcACAQ&sid=42146239dcdf1e519ee673686891723f&all_sr_blocks=404027406_253265507_2_0_0&checkin=2020-04-24&checkout=2020-04-25&dest_id=186&dest_type=country&group_adults=2&group_children=0&hapos=866&highlighted_blocks=404027406_253265507_2_0_0&hpos=16&no_rooms=1&sr_order=class_and_price&sr_pri_blocks=404027406_253265507_2_0_0__11149&srepoch=1587183171&srpvid=dee01da1dab600cf&ucfs=1&from=searchresultshttps://www.booking.com;highlight_room=#hotelTmpl,booking_kaggle,2020,2020-04-24,2026-09-13T06:37:49.339055+00:00,False
hotels_00866,1997331,مسكن العائلة,Jeddah,Makkah,112,,6.8,94,Standard Studio,1 bed (1 extra-large double),2,,True,21.5970259548466,39.1590138124072,https://www.booking.com/hotel/sa/family-house.en-gb.html?aid=304142&label=gen173nr-1DCAEoggI46AdIM1gEaMQBiAECmAEJuAEJyAER2AED6AEBiAIBqAIDuAKmm9z0BcACAQ&sid=42146239dcdf1e519ee673686891723f&all_sr_blocks=199733101_227398892_0_0_0&checkin=2020-04-24&checkout=2020-04-25&dest_id=186&dest_type=country&group_adults=2&group_children=0&hapos=867&highlighted_blocks=199733101_227398892_0_0_0&hpos=17&no_rooms=1&sr_order=class_and_price&sr_pri_blocks=199733101_227398892_0_0_0__11160&srepoch=1587183171&srpvid=dee01da1dab600cf&ucfs=1&from=searchresultshttps://www.booking.com;highlight_room=#hotelTmpl,booking_kaggle,2020,2020-04-24,2026-09-13T06:37:49.339055+00:00,False
hotels_00867,775857,Sultana Tower Hotel Suites,Buraydah,Qassim,112,,7.2,97,One-Bedroom Suite - Double Bed,1 bed (1 large double),2,,True,26.3795097511661,43.8999992609024,https://www.booking.com/hotel/sa/ossuuouuu.en-gb.html?aid=304142&label=gen173nr-1DCAEoggI46AdIM1gEaMQBiAECmAEJuAEJyAER2AED6AEBiAIBqAIDuAKmm9z0BcACAQ&sid=42146239dcdf1e519ee673686891723f&all_sr_blocks=77585702_200374285_0_0_0&checkin=2020-04-24&checkout=2020-04-25&dest_id=186&dest_type=country&group_adults=2&group_children=0&hapos=868&highlighted_blocks=77585702_200374285_0_0_0&hpos=18&no_rooms=1&sr_order=class_and_price&sr_pri_blocks=77585702_200374285_0_0_0__11200&srepoch=1587183171&srpvid=dee01da1dab600cf&ucfs=1&from=searchresultshttps://www.booking.com;highlight_room=#hotelTmpl,booking_kaggle,2020,2020-04-24,2026-09-13T06:37:49.339055+00:00,False
hotels_00868,2230580,Al Eairy Apartments - Al Madinah 6,Madinah,Madinah,112,,5.9,206,Double Room,2 beds (2 singles),2,,True,24.4564778878441,39.589081821782,https://www.booking.com/hotel/sa/al-eairy-apartments-al-madinah-6.en-gb.html?aid=304142&label=gen173nr-1DCAEoggI46AdIM1gEaMQBiAECmAEJuAEJyAER2AED6AEBiAIBqAIDuAKmm9z0BcACAQ&sid=42146239dcdf1e519ee673686891723f&all_sr_blocks=223058001_101032737_2_0_0&checkin=2020-04-24&checkout=2020-04-25&dest_id=186&dest_type=country&group_adults=2&group_children=0&hapos=869&highlighted_blocks=223058001_101032737_2_0_0&hpos=19&no_rooms=1&sr_order=class_and_price&sr_pri_blocks=223058001_101032737_2_0_0__11200&srepoch=1587183171&srpvid=dee01da1dab600cf&ucfs=1&from=searchresultshttps://www.booking.com;highlight_room=#hotelTmpl,booking_kaggle,2020,2020-04-24,2026-09-13T06:37:49.339055+00:00,False
hotels_00869,2146317,Avene For Furnished Residential Units,Ad Dawādimī,Riyadh,113,,8.9,94,Studio Apartment,1 bed (1 double),2,,True,24.4891263725455,44.3642354602343,https://www.booking.com/hotel/sa/small-wings-for-furnished-apartments.en-gb.html?aid=304142&label=gen173nr-1DCAEoggI46AdIM1gEaMQBiAECmAEJuAEJyAER2AED6AEBiAIBqAIDuAKmm9z0BcACAQ&sid=42146239dcdf1e519ee673686891723f&all_sr_blocks=214631705_195658918_0_0_0&checkin=2020-04-24&checkout=2020-04-25&dest_id=186&dest_type=country&group_adults=2&group_children=0&hapos=870&highlighted_blocks=214631705_195658918_0_0_0&hpos=20&no_rooms=1&sr_order=class_and_price&sr_pri_blocks=214631705_195658918_0_0_0__11250&srepoch=1587183171&srpvid=dee01da1dab600cf&ucfs=1&from=searchresultshttps://www.booking.com;highlight_room=;has_campaign_deals_breakaway20_customer_label=1#hotelTmpl,booking_kaggle,2020,2020-04-24,2026-09-13T06:37:49.339055+00:00,False
hotels_00870,335984,Al Farhan Hotel Suites (Al Jubail),Jubail,Eastern Province,113,,6.3,310,Standard Double or Twin Room,2 beds (2 singles),2,True,True,26.9878557738061,49.6633368730545,https://www.booking.com/hotel/sa/al-farhan-suites-al-jubail.en-gb.html?aid=304142&label=gen173nr-1DCAEoggI46AdIM1gEaMQBiAECmAEJuAEJyAER2AED6AEBiAIBqAIDuAKmm9z0BcACAQ&sid=42146239dcdf1e519ee673686891723f&all_sr_blocks=33598405_192353735_2_1_0&checkin=2020-04-24&checkout=2020-04-25&dest_id=186&dest_type=country&group_adults=2&group_children=0&hapos=871&highlighted_blocks=33598405_192353735_2_1_0&hpos=21&no_rooms=1&sr_order=class_and_price&sr_pri_blocks=33598405_192353735_2_1_0__11259&srepoch=1587183171&srpvid=dee01da1dab600cf&ucfs=1&from=searchresultshttps://www.booking.com;highlight_room=#hotelTmpl,booking_kaggle,2020,2020-04-24,2026-09-13T06:37:49.339055+00:00,False
hotels_00871,2017879,Lamssat El saada,Dammam,Eastern Province,114,,8.0,276,Standard Studio,1 bed (1 double),2,,True,26.3587298234341,50.044162273407,https://www.booking.com/hotel/sa/lamssat-el-saada.en-gb.html?aid=304142&label=gen173nr-1DCAEoggI46AdIM1gEaMQBiAECmAEJuAEJyAER2AED6AEBiAIBqAIDuAKmm9z0BcACAQ&sid=42146239dcdf1e519ee673686891723f&all_sr_blocks=201787906_214855265_2_0_0&checkin=2020-04-24&checkout=2020-04-25&dest_id=186&dest_type=country&group_adults=2&group_children=0&hapos=872&highlighted_blocks=201787906_214855265_2_0_0&hpos=22&no_rooms=1&sr_order=class_and_price&sr_pri_blocks=201787906_214855265_2_0_0__11385&srepoch=1587183171&srpvid=dee01da1dab600cf&ucfs=1&from=searchresultshttps://www.booking.com;highlight_room=#hotelTmpl,booking_kaggle,2020,2020-04-24,2026-09-13T06:37:49.339055+00:00,False
hotels_00872,2225838,Al Eairy Apartments - Al Madinah 4,Madinah,Madinah,114,,5.9,290,Double or Twin Room,2 beds (2 singles),2,,,24.4775532123985,39.6064025353041,https://www.booking.com/hotel/sa/al-eairy-apartments-al-madinah-4.en-gb.html?aid=304142&label=gen173nr-1DCAEoggI46AdIM1gEaMQBiAECmAEJuAEJyAER2AED6AEBiAIBqAIDuAKmm9z0BcACAQ&sid=42146239dcdf1e519ee673686891723f&all_sr_blocks=222583805_201846093_2_0_0&checkin=2020-04-24&checkout=2020-04-25&dest_id=186&dest_type=country&group_adults=2&group_children=0&hapos=873&highlighted_blocks=222583805_201846093_2_0_0&hpos=23&no_rooms=1&sr_order=class_and_price&sr_pri_blocks=222583805_201846093_2_0_0__11400&srepoch=1587183171&srpvid=dee01da1dab600cf&ucfs=1&from=searchresultshttps://www.booking.com;highlight_room=#hotelTmpl,booking_kaggle,2020,2020-04-24,2026-09-13T06:37:49.339055+00:00,False
hotels_00873,715798,Abahi Apartment,Jeddah,Makkah,114,,7.9,503,Double Room,1 bed (1 double),2,,True,21.5145314863333,39.2253541946411,https://www.booking.com/hotel/sa/opso-uoss.en-gb.html?aid=304142&label=gen173nr-1DCAEoggI46AdIM1gEaMQBiAECmAEJuAEJyAER2AED6AEBiAIBqAIDuAKmm9z0BcACAQ&sid=42146239dcdf1e519ee673686891723f&all_sr_blocks=71579805_190335181_0_0_0&checkin=2020-04-24&checkout=2020-04-25&dest_id=186&dest_type=country&group_adults=2&group_children=0&hapos=874&highlighted_blocks=71579805_190335181_0_0_0&hpos=24&no_rooms=1&sr_order=class_and_price&sr_pri_blocks=71579805_190335181_0_0_0__11400&srepoch=1587183171&srpvid=dee01da1dab600cf&ucfs=1&from=searchresultshttps://www.booking.com;highlight_room=#hotelTmpl,booking_kaggle,2020,2020-04-24,2026-09-13T06:37:49.339055+00:00,False
hotels_00874,1924303,Aknaf Jeddah Hotel Suites,Jeddah,Makkah,114,,6.8,80,Double or Twin Room,2 beds (2 singles),2,,True,21.5992499831096,39.1664003859139,https://www.booking.com/hotel/sa/aknaf-jeddah-suites.en-gb.html?aid=304142&label=gen173nr-1DCAEoggI46AdIM1gEaMQBiAECmAEJuAEJyAER2AED6AEBiAIBqAIDuAKmm9z0BcACAQ&sid=42146239dcdf1e519ee673686891723f&all_sr_blocks=192430310_105766390_0_0_0&checkin=2020-04-24&checkout=2020-04-25&dest_id=186&dest_type=country&group_adults=2&group_children=0&hapos=875&highlighted_blocks=192430310_105766390_0_0_0&hpos=25&no_rooms=1&sr_order=class_and_price&sr_pri_blocks=192430310_105766390_0_0_0__11400&srepoch=1587183171&srpvid=dee01da1dab600cf&ucfs=1&from=searchresultshttps://www.booking.com;highlight_room=#hotelTmpl,booking_kaggle,2020,2020-04-24,2026-09-13T06:37:49.339055+00:00,False
hotels_00875,1783889,OYO 415 Golden Gate Hotel,Al Khobar,Eastern Province,114,,7.3,185,Standard Studio,1 bed (1 extra-large double),2,,True,26.2986406014048,50.17208956182,https://www.booking.com/hotel/sa/golden-gates-suites.en-gb.html?aid=304142&label=gen173nr-1DCAEoggI46AdIM1gEaMQBiAECmAEJuAEJyAER2AED6AEBiAIBqAIDuAKmm9z0BcACAQ&sid=42146239dcdf1e519ee673686891723f&all_sr_blocks=178388905_244444820_2_0_0&checkin=2020-04-24&checkout=2020-04-25&dest_id=186&dest_type=country&group_adults=2&group_children=0&hapos=876&highlighted_blocks=178388905_244444820_2_0_0&hpos=1&no_rooms=1&sr_order=class_and_price&sr_pri_blocks=178388905_244444820_2_0_0__11411&srepoch=1587183180&srpvid=dee01da60f180077&ucfs=1&from=searchresultshttps://www.booking.com;highlight_room=#hotelTmpl,booking_kaggle,2020,2020-04-24,2026-09-13T06:37:49.339055+00:00,False
hotels_00876,405716,Al Safa Hotel Suites,Jazan,Jazan,115,,7.8,581,One-Bedroom Apartment,2 beds (2 singles),2,,True,16.8889472383319,42.5605469942093,https://www.booking.com/hotel/sa/al-safa.en-gb.html?aid=304142&label=gen173nr-1DCAEoggI46AdIM1gEaMQBiAECmAEJuAEJyAER2AED6AEBiAIBqAIDuAKmm9z0BcACAQ&sid=42146239dcdf1e519ee673686891723f&all_sr_blocks=40571601_190269665_0_0_0&checkin=2020-04-24&checkout=2020-04-25&dest_id=186&dest_type=country&group_adults=2&group_children=0&hapos=877&highlighted_blocks=40571601_190269665_0_0_0&hpos=2&no_rooms=1&sr_order=class_and_price&sr_pri_blocks=40571601_190269665_0_0_0__11479&srepoch=1587183180&srpvid=dee01da60f180077&ucfs=1&from=searchresultshttps://www.booking.com;highlight_room=#hotelTmpl,booking_kaggle,2020,2020-04-24,2026-09-13T06:37:49.339055+00:00,False
hotels_00877,3123514,Al Fairouz Resort,Al Hada,Makkah,115,,7.7,143,Suite with Balcony,1 bed (1 double),2,,True,21.3616695350182,40.2730128895492,https://www.booking.com/hotel/sa/mntj-lfyrwz-lsyhy.en-gb.html?aid=304142&label=gen173nr-1DCAEoggI46AdIM1gEaMQBiAECmAEJuAEJyAER2AED6AEBiAIBqAIDuAKmm9z0BcACAQ&sid=42146239dcdf1e519ee673686891723f&all_sr_blocks=312351401_178026562_2_0_0&checkin=2020-04-24&checkout=2020-04-25&dest_id=186&dest_type=country&group_adults=2&group_children=0&hapos=878&highlighted_blocks=312351401_178026562_2_0_0&hpos=3&no_rooms=1&sr_order=class_and_price&sr_pri_blocks=312351401_178026562_2_0_0__11500&srepoch=1587183180&srpvid=dee01da60f180077&ucfs=1&from=searchresultshttps://www.booking.com;highlight_room=#hotelTmpl,booking_kaggle,2020,2020-04-24,2026-09-13T06:37:49.339055+00:00,False
hotels_00878,1306742,Rose Al Hamra روز الحمراء,Jeddah,Makkah,115,,6.3,103,King Room,1 bed (1 single),2,,True,21.5195286006288,39.1621398925781,https://www.booking.com/hotel/sa/rose-al-hamra-apartments.en-gb.html?aid=304142&label=gen173nr-1DCAEoggI46AdIM1gEaMQBiAECmAEJuAEJyAER2AED6AEBiAIBqAIDuAKmm9z0BcACAQ&sid=42146239dcdf1e519ee673686891723f&all_sr_blocks=130674201_235033968_0_0_0&checkin=2020-04-24&checkout=2020-04-25&dest_id=186&dest_type=country&group_adults=2&group_children=0&hapos=879&highlighted_blocks=130674201_235033968_0_0_0&hpos=4&no_rooms=1&sr_order=class_and_price&sr_pri_blocks=130674201_235033968_0_0_0__11500&srepoch=1587183180&srpvid=dee01da60f180077&ucfs=1&from=searchresultshttps://www.booking.com;highlight_room=#hotelTmpl,booking_kaggle,2020,2020-04-24,2026-09-13T06:37:49.339055+00:00,False
hotels_00879,1997959,Ritan Apart-Hotel,Taif,Makkah,115,,8.0,349,Double Room,1 bed (1 large double),2,,True,21.2825627498015,40.4126125833283,https://www.booking.com/hotel/sa/ritan-apart.en-gb.html?aid=304142&label=gen173nr-1DCAEoggI46AdIM1gEaMQBiAECmAEJuAEJyAER2AED6AEBiAIBqAIDuAKmm9z0BcACAQ&sid=42146239dcdf1e519ee673686891723f&all_sr_blocks=199795903_124927893_2_0_0&checkin=2020-04-24&checkout=2020-04-25&dest_id=186&dest_type=country&group_adults=2&group_children=0&hapos=880&highlighted_blocks=199795903_124927893_2_0_0&hpos=5&no_rooms=1&sr_order=class_and_price&sr_pri_blocks=199795903_124927893_2_0_0__11500&srepoch=1587183180&srpvid=dee01da60f180077&ucfs=1&from=searchresultshttps://www.booking.com;highlight_room=#hotelTmpl,booking_kaggle,2020,2020-04-24,2026-09-13T06:37:49.339055+00:00,False
hotels_00880,2115454,Asaheeb Al Ahsa,Ar Ruqayyiqah,,115,,7.2,426,Deluxe King Studio,1 bed (1 extra-large double),2,,True,25.3577163207641,49.5693548976226,https://www.booking.com/hotel/sa/asaheeb-al-ahsa.en-gb.html?aid=304142&label=gen173nr-1DCAEoggI46AdIM1gEaMQBiAECmAEJuAEJyAER2AED6AEBiAIBqAIDuAKmm9z0BcACAQ&sid=42146239dcdf1e519ee673686891723f&all_sr_blocks=211545401_195262758_2_0_0&checkin=2020-04-24&checkout=2020-04-25&dest_id=186&dest_type=country&group_adults=2&group_children=0&hapos=881&highlighted_blocks=211545401_195262758_2_0_0&hpos=6&no_rooms=1&sr_order=class_and_price&sr_pri_blocks=211545401_195262758_2_0_0__11500&srepoch=1587183180&srpvid=dee01da60f180077&ucfs=1&from=searchresultshttps://www.booking.com;highlight_room=#hotelTmpl,booking_kaggle,2020,2020-04-24,2026-09-13T06:37:49.339055+00:00,False
hotels_00881,5779814,فندق لؤلؤة الشرق,Hafr Al Baten,Eastern Province,115,,8.1,106,Standard King Room,1 bed (1 extra-large double),2,True,True,28.4078952415578,45.9641406315384,https://www.booking.com/hotel/sa/lw-lw-lshrq-hafar-al-batin.en-gb.html?aid=304142&label=gen173nr-1DCAEoggI46AdIM1gEaMQBiAECmAEJuAEJyAER2AED6AEBiAIBqAIDuAKmm9z0BcACAQ&sid=42146239dcdf1e519ee673686891723f&all_sr_blocks=577981401_223928503_2_1_0&checkin=2020-04-24&checkout=2020-04-25&dest_id=186&dest_type=country&group_adults=2&group_children=0&hapos=882&highlighted_blocks=577981401_223928503_2_1_0&hpos=7&no_rooms=1&sr_order=class_and_price&sr_pri_blocks=577981401_223928503_2_1_0__11500&srepoch=1587183180&srpvid=dee01da60f180077&ucfs=1&from=searchresultshttps://www.booking.com;highlight_room=#hotelTmpl,booking_kaggle,2020,2020-04-24,2026-09-13T06:37:49.339055+00:00,False
hotels_00882,4789878,روعة ميار,Buraydah,Qassim,115,,5.5,88,Studio Apartment,2 beds (2 singles),2,,True,26.3708174727057,43.9797068761711,https://www.booking.com/hotel/sa/rw-myr.en-gb.html?aid=304142&label=gen173nr-1DCAEoggI46AdIM1gEaMQBiAECmAEJuAEJyAER2AED6AEBiAIBqAIDuAKmm9z0BcACAQ&sid=42146239dcdf1e519ee673686891723f&all_sr_blocks=478987801_152268375_2_0_0&checkin=2020-04-24&checkout=2020-04-25&dest_id=186&dest_type=country&group_adults=2&group_children=0&hapos=883&highlighted_blocks=478987801_152268375_2_0_0&hpos=8&no_rooms=1&sr_order=class_and_price&sr_pri_blocks=478987801_152268375_2_0_0__11500&srepoch=1587183180&srpvid=dee01da60f180077&ucfs=1&from=searchresultshttps://www.booking.com;highlight_room=#hotelTmpl,booking_kaggle,2020,2020-04-24,2026-09-13T06:37:49.339055+00:00,False
hotels_00883,417920,Salam Al Dar Makkah Hotel,Makkah,Makkah,115,,6.4,76,Twin Room,2 beds (2 singles),2,,,21.3870794213115,39.8224360845506,https://www.booking.com/hotel/sa/al-salam-makkah.en-gb.html?aid=304142&label=gen173nr-1DCAEoggI46AdIM1gEaMQBiAECmAEJuAEJyAER2AED6AEBiAIBqAIDuAKmm9z0BcACAQ&sid=42146239dcdf1e519ee673686891723f&all_sr_blocks=41792001_88785574_0_2_0&checkin=2020-04-24&checkout=2020-04-25&dest_id=186&dest_type=country&group_adults=2&group_children=0&hapos=884&highlighted_blocks=41792001_88785574_0_2_0&hpos=9&no_rooms=1&sr_order=class_and_price&sr_pri_blocks=41792001_88785574_0_2_0__11500&srepoch=1587183180&srpvid=dee01da60f180077&ucfs=1&from=searchresultshttps://www.booking.com;highlight_room=#hotelTmpl,booking_kaggle,2020,2020-04-24,2026-09-13T06:37:49.339055+00:00,False
hotels_00884,2495230,Noura Furnished Units,Yanbu,Madinah,115,,7.2,587,Studio Apartment,1 bed (1 large double),2,,True,24.0750157935612,38.0405487120152,https://www.booking.com/hotel/sa/nwr-ll-jnh-lfndqy.en-gb.html?aid=304142&label=gen173nr-1DCAEoggI46AdIM1gEaMQBiAECmAEJuAEJyAER2AED6AEBiAIBqAIDuAKmm9z0BcACAQ&sid=42146239dcdf1e519ee673686891723f&all_sr_blocks=249523026_203991794_2_0_0&checkin=2020-04-24&checkout=2020-04-25&dest_id=186&dest_type=country&group_adults=2&group_children=0&hapos=885&highlighted_blocks=249523026_203991794_2_0_0&hpos=10&no_rooms=1&sr_order=class_and_price&sr_pri_blocks=249523026_203991794_2_0_0__11500&srepoch=1587183180&srpvid=dee01da60f180077&ucfs=1&from=searchresultshttps://www.booking.com;highlight_room=#hotelTmpl,booking_kaggle,2020,2020-04-24,2026-09-13T06:37:49.339055+00:00,False
hotels_00885,4593741,Dar Wed Hotel suites,Jeddah,Makkah,117,,8.3,831,Studio,1 bed (1 double),2,,,21.62375114213,39.1600865044727,https://www.booking.com/hotel/sa/dr-wd-dar-wed.en-gb.html?aid=304142&label=gen173nr-1DCAEoggI46AdIM1gEaMQBiAECmAEJuAEJyAER2AED6AEBiAIBqAIDuAKmm9z0BcACAQ&sid=42146239dcdf1e519ee673686891723f&all_sr_blocks=459374103_195694113_2_0_0&checkin=2020-04-24&checkout=2020-04-25&dest_id=186&dest_type=country&group_adults=2&group_children=0&hapos=886&highlighted_blocks=459374103_195694113_2_0_0&hpos=11&no_rooms=1&sr_order=class_and_price&sr_pri_blocks=459374103_195694113_2_0_0__11700&srepoch=1587183181&srpvid=dee01da60f180077&ucfs=1&from=searchresultshttps://www.booking.com;highlight_room=;has_campaign_deals_breakaway20_customer_label=1#hotelTmpl,booking_kaggle,2020,2020-04-24,2026-09-13T06:37:49.339055+00:00,False
hotels_00886,2822015,Qandeel Al Raha Furnished Units - For families only,Jeddah,Makkah,117,,7.0,90,Double Room with Private Bathroom,1 bed (1 double),2,,,21.4836484035105,39.2617121408615,https://www.booking.com/hotel/sa/qandeel-al-raha-furnished-units.en-gb.html?aid=304142&label=gen173nr-1DCAEoggI46AdIM1gEaMQBiAECmAEJuAEJyAER2AED6AEBiAIBqAIDuAKmm9z0BcACAQ&sid=42146239dcdf1e519ee673686891723f&all_sr_blocks=282201501_107325798_2_0_0&checkin=2020-04-24&checkout=2020-04-25&dest_id=186&dest_type=country&group_adults=2&group_children=0&hapos=887&highlighted_blocks=282201501_107325798_2_0_0&hpos=12&no_rooms=1&sr_order=class_and_price&sr_pri_blocks=282201501_107325798_2_0_0__11700&srepoch=1587183181&srpvid=dee01da60f180077&ucfs=1&from=searchresultshttps://www.booking.com;highlight_room=#hotelTmpl,booking_kaggle,2020,2020-04-24,2026-09-13T06:37:49.339055+00:00,False
hotels_00887,4612262,Shamsoon Suits,Al Khobar,Eastern Province,119,,8.2,197,Deluxe Apartment,1 bed (1 extra-large double),2,,True,26.2757204692016,50.2162655442953,https://www.booking.com/hotel/sa/jnh-shmswn.en-gb.html?aid=304142&label=gen173nr-1DCAEoggI46AdIM1gEaMQBiAECmAEJuAEJyAER2AED6AEBiAIBqAIDuAKmm9z0BcACAQ&sid=42146239dcdf1e519ee673686891723f&all_sr_blocks=461226207_181385641_2_0_0&checkin=2020-04-24&checkout=2020-04-25&dest_id=186&dest_type=country&group_adults=2&group_children=0&hapos=888&highlighted_blocks=461226207_181385641_2_0_0&hpos=13&no_rooms=1&sr_order=class_and_price&sr_pri_blocks=461226207_181385641_2_0_0__11900&srepoch=1587183181&srpvid=dee01da60f180077&ucfs=1&from=searchresultshttps://www.booking.com;highlight_room=#hotelTmpl,booking_kaggle,2020,2020-04-24,2026-09-13T06:37:49.339055+00:00,False
hotels_00888,1265063,Mkani 2 Hotel Apartments,Al Khobar,Eastern Province,119,,7.1,264,Standard Studio,1 bed (1 extra-large double),2,,,26.2916547501015,50.1863515377045,https://www.booking.com/hotel/sa/mkani-vip.en-gb.html?aid=304142&label=gen173nr-1DCAEoggI46AdIM1gEaMQBiAECmAEJuAEJyAER2AED6AEBiAIBqAIDuAKmm9z0BcACAQ&sid=42146239dcdf1e519ee673686891723f&all_sr_blocks=126506303_253223572_2_0_0&checkin=2020-04-24&checkout=2020-04-25&dest_id=186&dest_type=country&group_adults=2&group_children=0&hapos=889&highlighted_blocks=126506303_253223572_2_0_0&hpos=14&no_rooms=1&sr_order=class_and_price&sr_pri_blocks=126506303_253223572_2_0_0__11900&srepoch=1587183181&srpvid=dee01da60f180077&ucfs=1&from=searchresultshttps://www.booking.com;highlight_room=#hotelTmpl,booking_kaggle,2020,2020-04-24,2026-09-13T06:37:49.339055+00:00,False
hotels_00889,6176169,الشهد للوحدات السكنية المفروشة,Khamis Mushait,Asir,119,,7.8,5,Studio,1 bed (1 double),2,,True,18.290731213572,42.73094663824,https://www.booking.com/hotel/sa/lshhd-llwhdt-lskny-lmfrwsh.en-gb.html?aid=304142&label=gen173nr-1DCAEoggI46AdIM1gEaMQBiAECmAEJuAEJyAER2AED6AEBiAIBqAIDuAKmm9z0BcACAQ&sid=42146239dcdf1e519ee673686891723f&all_sr_blocks=617616901_241182107_2_0_0&checkin=2020-04-24&checkout=2020-04-25&dest_id=186&dest_type=country&group_adults=2&group_children=0&hapos=890&highlighted_blocks=617616901_241182107_2_0_0&hpos=15&no_rooms=1&sr_order=class_and_price&sr_pri_blocks=617616901_241182107_2_0_0__11900&srepoch=1587183181&srpvid=dee01da60f180077&ucfs=1&from=searchresultshttps://www.booking.com;highlight_room=#hotelTmpl,booking_kaggle,2020,2020-04-24,2026-09-13T06:37:49.339055+00:00,False
hotels_00890,4353967,لؤلؤة الخبر 2,Al Khobar,Eastern Province,119,,7.2,198,Studio,2 beds (2 singles),2,,True,26.1787735400995,50.1861603110972,https://www.booking.com/hotel/sa/fndq-l-zyzy.en-gb.html?aid=304142&label=gen173nr-1DCAEoggI46AdIM1gEaMQBiAECmAEJuAEJyAER2AED6AEBiAIBqAIDuAKmm9z0BcACAQ&sid=42146239dcdf1e519ee673686891723f&all_sr_blocks=435396701_131550839_2_0_0&checkin=2020-04-24&checkout=2020-04-25&dest_id=186&dest_type=country&group_adults=2&group_children=0&hapos=891&highlighted_blocks=435396701_131550839_2_0_0&hpos=16&no_rooms=1&sr_order=class_and_price&sr_pri_blocks=435396701_131550839_2_0_0__11900&srepoch=1587183181&srpvid=dee01da60f180077&ucfs=1&from=searchresultshttps://www.booking.com;highlight_room=#hotelTmpl,booking_kaggle,2020,2020-04-24,2026-09-13T06:37:49.339055+00:00,False
hotels_00891,2228625,Layali Alandlous Furnished Units,Al Qunfudhah,Makkah,119,,7.7,112,Apartment,1 bed (1 double),2,,True,19.1331585402673,41.0782637213983,https://www.booking.com/hotel/sa/layali-alandlous-furnished-units.en-gb.html?aid=304142&label=gen173nr-1DCAEoggI46AdIM1gEaMQBiAECmAEJuAEJyAER2AED6AEBiAIBqAIDuAKmm9z0BcACAQ&sid=42146239dcdf1e519ee673686891723f&all_sr_blocks=222862501_206348583_2_0_0&checkin=2020-04-24&checkout=2020-04-25&dest_id=186&dest_type=country&group_adults=2&group_children=0&hapos=892&highlighted_blocks=222862501_206348583_2_0_0&hpos=17&no_rooms=1&sr_order=class_and_price&sr_pri_blocks=222862501_206348583_2_0_0__11900&srepoch=1587183181&srpvid=dee01da60f180077&ucfs=1&from=searchresultshttps://www.booking.com;highlight_room=#hotelTmpl,booking_kaggle,2020,2020-04-24,2026-09-13T06:37:49.339055+00:00,False
hotels_00892,5746791,سحب ابها للوحدات السكنية الفندقية2,Khamis Mushait,Asir,119,,8.3,51,King Studio,1 bed (1 extra-large double),2,,True,18.2957121091893,42.757659150961,https://www.booking.com/hotel/sa/shb-bh-llwhdt-lskny-lfndqy-khamis-mushait1234.en-gb.html?aid=304142&label=gen173nr-1DCAEoggI46AdIM1gEaMQBiAECmAEJuAEJyAER2AED6AEBiAIBqAIDuAKmm9z0BcACAQ&sid=42146239dcdf1e519ee673686891723f&all_sr_blocks=574679102_224651148_2_0_0&checkin=2020-04-24&checkout=2020-04-25&dest_id=186&dest_type=country&group_adults=2&group_children=0&hapos=893&highlighted_blocks=574679102_224651148_2_0_0&hpos=18&no_rooms=1&sr_order=class_and_price&sr_pri_blocks=574679102_224651148_2_0_0__11900&srepoch=1587183181&srpvid=dee01da60f180077&ucfs=1&from=searchresultshttps://www.booking.com;highlight_room=#hotelTmpl,booking_kaggle,2020,2020-04-24,2026-09-13T06:37:49.339055+00:00,False
hotels_00893,3954002,Jeddah Seasons Furnished Apartments,Al ‘Azīzīyah,,120,,7.9,79,Studio Apartment,1 bed (1 double),2,,True,21.7727512833481,39.2019594729691,https://www.booking.com/hotel/sa/mwsm-jd.en-gb.html?aid=304142&label=gen173nr-1DCAEoggI46AdIM1gEaMQBiAECmAEJuAEJyAER2AED6AEBiAIBqAIDuAKmm9z0BcACAQ&sid=42146239dcdf1e519ee673686891723f&all_sr_blocks=395400203_204282816_0_0_0&checkin=2020-04-24&checkout=2020-04-25&dest_id=186&dest_type=country&group_adults=2&group_children=0&hapos=894&highlighted_blocks=395400203_204282816_0_0_0&hpos=19&no_rooms=1&sr_order=class_and_price&sr_pri_blocks=395400203_204282816_0_0_0__12000&srepoch=1587183181&srpvid=dee01da60f180077&ucfs=1&from=searchresultshttps://www.booking.com;highlight_room=#hotelTmpl,booking_kaggle,2020,2020-04-24,2026-09-13T06:37:49.339055+00:00,False
hotels_00894,2381074,Burj Al Faris Hotel Apartments,Jeddah,Makkah,120,,8.5,532,Studio,1 bed (1 double),2,,True,21.6440060716472,39.1292881965637,https://www.booking.com/hotel/sa/burj-alfaris.en-gb.html?aid=304142&label=gen173nr-1DCAEoggI46AdIM1gEaMQBiAECmAEJuAEJyAER2AED6AEBiAIBqAIDuAKmm9z0BcACAQ&sid=42146239dcdf1e519ee673686891723f&all_sr_blocks=238107405_113488560_2_0_0&checkin=2020-04-24&checkout=2020-04-25&dest_id=186&dest_type=country&group_adults=2&group_children=0&hapos=895&highlighted_blocks=238107405_113488560_2_0_0&hpos=20&no_rooms=1&sr_order=class_and_price&sr_pri_blocks=238107405_113488560_2_0_0__12000&srepoch=1587183181&srpvid=dee01da60f180077&ucfs=1&from=searchresultshttps://www.booking.com;highlight_room=#hotelTmpl,booking_kaggle,2020,2020-04-24,2026-09-13T06:37:49.339055+00:00,False
hotels_00895,2042319,Rose Palace for Families Only,Abha,Asir,120,,8.2,231,شقه غرفة نوم واحده بدون صاله,1 bed (1 extra-large double),2,,True,18.2348707726757,42.5911500770599,https://www.booking.com/hotel/sa/rose-palace.en-gb.html?aid=304142&label=gen173nr-1DCAEoggI46AdIM1gEaMQBiAECmAEJuAEJyAER2AED6AEBiAIBqAIDuAKmm9z0BcACAQ&sid=42146239dcdf1e519ee673686891723f&all_sr_blocks=204231901_198645882_2_0_0&checkin=2020-04-24&checkout=2020-04-25&dest_id=186&dest_type=country&group_adults=2&group_children=0&hapos=896&highlighted_blocks=204231901_198645882_2_0_0&hpos=21&no_rooms=1&sr_order=class_and_price&sr_pri_blocks=204231901_198645882_2_0_0__12000&srepoch=1587183181&srpvid=dee01da60f180077&ucfs=1&from=searchresultshttps://www.booking.com;highlight_room=#hotelTmpl,booking_kaggle,2020,2020-04-24,2026-09-13T06:37:49.339055+00:00,False
hotels_00896,6311633,Bule Palace Tower,Al Jubayl,Eastern Province,120,,,,Family Studio,1 bed (1 large double),2,,True,26.989527,49.630767,https://www.booking.com/hotel/sa/bule-palace-tower.en-gb.html?aid=304142&label=gen173nr-1DCAEoggI46AdIM1gEaMQBiAECmAEJuAEJyAER2AED6AEBiAIBqAIDuAKmm9z0BcACAQ&sid=42146239dcdf1e519ee673686891723f&all_sr_blocks=631163304_246128203_2_0_0&checkin=2020-04-24&checkout=2020-04-25&dest_id=186&dest_type=country&group_adults=2&group_children=0&hapos=897&highlighted_blocks=631163304_246128203_2_0_0&hpos=22&no_rooms=1&sr_order=class_and_price&sr_pri_blocks=631163304_246128203_2_0_0__11999&srepoch=1587183181&srpvid=dee01da60f180077&ucfs=1&from=searchresultshttps://www.booking.com;highlight_room=#hotelTmpl,booking_kaggle,2020,2020-04-24,2026-09-13T06:37:49.339055+00:00,False
hotels_00897,3099480,New Home Furnished Units,Yanbu,Madinah,120,,8.6,407,Studio Apartment,1 bed (1 extra-large double),2,,True,24.0677784324079,38.1039614975452,https://www.booking.com/hotel/sa/nywm-llwhdt-lskny-lmfrwsh.en-gb.html?aid=304142&label=gen173nr-1DCAEoggI46AdIM1gEaMQBiAECmAEJuAEJyAER2AED6AEBiAIBqAIDuAKmm9z0BcACAQ&sid=42146239dcdf1e519ee673686891723f&all_sr_blocks=309948007_114641776_2_0_0&checkin=2020-04-24&checkout=2020-04-25&dest_id=186&dest_type=country&group_adults=2&group_children=0&hapos=898&highlighted_blocks=309948007_114641776_2_0_0&hpos=23&no_rooms=1&sr_order=class_and_price&sr_pri_blocks=309948007_114641776_2_0_0__12000&srepoch=1587183181&srpvid=dee01da60f180077&ucfs=1&from=searchresultshttps://www.booking.com;highlight_room=#hotelTmpl,booking_kaggle,2020,2020-04-24,2026-09-13T06:37:49.339055+00:00,False
hotels_00898,2268892,Khayal Apart-Hotel,Hail,Hail,120,,7.4,41,Double Room,2 beds (2 singles),2,,True,27.4409450374572,41.6114633819534,https://www.booking.com/hotel/sa/khayal-apart.en-gb.html?aid=304142&label=gen173nr-1DCAEoggI46AdIM1gEaMQBiAECmAEJuAEJyAER2AED6AEBiAIBqAIDuAKmm9z0BcACAQ&sid=42146239dcdf1e519ee673686891723f&all_sr_blocks=226889201_240527736_0_0_0&checkin=2020-04-24&checkout=2020-04-25&dest_id=186&dest_type=country&group_adults=2&group_children=0&hapos=899&highlighted_blocks=226889201_240527736_0_0_0&hpos=24&no_rooms=1&sr_order=class_and_price&sr_pri_blocks=226889201_240527736_0_0_0__12000&srepoch=1587183181&srpvid=dee01da60f180077&ucfs=1&from=searchresultshttps://www.booking.com;highlight_room=#hotelTmpl,booking_kaggle,2020,2020-04-24,2026-09-13T06:37:49.339055+00:00,False
hotels_00899,6353648,اماكن للوحدات السكنية المفروشة,Al Ahsa,Eastern Province,120,,,,Budget Twin Room,2 beds (2 singles),2,,,25.3693109922406,49.586153276598,https://www.booking.com/hotel/sa/mkn-llwhdt-lskny-lmfrwsh.en-gb.html?aid=304142&label=gen173nr-1DCAEoggI46AdIM1gEaMQBiAECmAEJuAEJyAER2AED6AEBiAIBqAIDuAKmm9z0BcACAQ&sid=42146239dcdf1e519ee673686891723f&all_sr_blocks=635364804_247976153_2_0_0&checkin=2020-04-24&checkout=2020-04-25&dest_id=186&dest_type=country&group_adults=2&group_children=0&hapos=900&highlighted_blocks=635364804_247976153_2_0_0&hpos=25&no_rooms=1&sr_order=class_and_price&sr_pri_blocks=635364804_247976153_2_0_0__11999&srepoch=1587183181&srpvid=dee01da60f180077&ucfs=1&from=searchresultshttps://www.booking.com;highlight_room=#hotelTmpl,booking_kaggle,2020,2020-04-24,2026-09-13T06:37:49.339055+00:00,False
hotels_00900,860517,AL Bian Suites Hotel,Rabigh,Makkah,120,,7.2,257,Double Room,1 bed (1 double),2,,True,22.7978063010625,39.0322761386415,https://www.booking.com/hotel/sa/al-bian-plaza.en-gb.html?aid=304142&label=gen173nr-1DCAEoggI46AdIM1gEaMQBiAECmAEJuAEJyAER2AED6AEBiAIBqAIDuAKmm9z0BcACAQ&sid=42146239dcdf1e519ee673686891723f&all_sr_blocks=86051701_208473629_0_0_0&checkin=2020-04-24&checkout=2020-04-25&dest_id=186&dest_type=country&group_adults=2&group_children=0&hapos=901&highlighted_blocks=86051701_208473629_0_0_0&hpos=1&no_rooms=1&sr_order=class_and_price&sr_pri_blocks=86051701_208473629_0_0_0__12000&srepoch=1587183189&srpvid=eeb81daa10590013&ucfs=1&from=searchresultshttps://www.booking.com;highlight_room=#hotelTmpl,booking_kaggle,2020,2020-04-24,2026-09-13T06:37:49.339055+00:00,False
hotels_00901,2920046,LA Fontaine Al Jawharah,Jeddah,Makkah,120,,8.2,311,One-Bedroom Apartment,1 bed (1 extra-large double),2,,True,21.7549730589468,39.1868084825057,https://www.booking.com/hotel/sa/jnh-lfwntyn-ljwhr.en-gb.html?aid=304142&label=gen173nr-1DCAEoggI46AdIM1gEaMQBiAECmAEJuAEJyAER2AED6AEBiAIBqAIDuAKmm9z0BcACAQ&sid=42146239dcdf1e519ee673686891723f&all_sr_blocks=292004602_240461593_0_0_0&checkin=2020-04-24&checkout=2020-04-25&dest_id=186&dest_type=country&group_adults=2&group_children=0&hapos=902&highlighted_blocks=292004602_240461593_0_0_0&hpos=2&no_rooms=1&sr_order=class_and_price&sr_pri_blocks=292004602_240461593_0_0_0__12000&srepoch=1587183189&srpvid=eeb81daa10590013&ucfs=1&from=searchresultshttps://www.booking.com;highlight_room=#hotelTmpl,booking_kaggle,2020,2020-04-24,2026-09-13T06:37:49.339055+00:00,False
hotels_00902,4299394,Yahalla Hotel Units 2,Jeddah,Makkah,120,,7.3,152,Standard Studio,2 beds (2 singles),2,,True,21.6068902393805,39.1252280960216,https://www.booking.com/hotel/sa/yahalla-units-2.en-gb.html?aid=304142&label=gen173nr-1DCAEoggI46AdIM1gEaMQBiAECmAEJuAEJyAER2AED6AEBiAIBqAIDuAKmm9z0BcACAQ&sid=42146239dcdf1e519ee673686891723f&all_sr_blocks=429939402_242557173_0_0_0&checkin=2020-04-24&checkout=2020-04-25&dest_id=186&dest_type=country&group_adults=2&group_children=0&hapos=903&highlighted_blocks=429939402_242557173_0_0_0&hpos=3&no_rooms=1&sr_order=class_and_price&sr_pri_blocks=429939402_242557173_0_0_0__12000&srepoch=1587183189&srpvid=eeb81daa10590013&ucfs=1&from=searchresultshttps://www.booking.com;highlight_room=#hotelTmpl,booking_kaggle,2020,2020-04-24,2026-09-13T06:37:49.339055+00:00,False
hotels_00903,5358325,Rose Park Residence,Jeddah,Makkah,120,,7.6,173,One-Bedroom Apartment,1 bed (1 extra-large double),2,,True,21.618502,39.180832,https://www.booking.com/hotel/sa/rwz-brk-ryzydns.en-gb.html?aid=304142&label=gen173nr-1DCAEoggI46AdIM1gEaMQBiAECmAEJuAEJyAER2AED6AEBiAIBqAIDuAKmm9z0BcACAQ&sid=42146239dcdf1e519ee673686891723f&all_sr_blocks=535832501_207290004_0_0_0&checkin=2020-04-24&checkout=2020-04-25&dest_id=186&dest_type=country&group_adults=2&group_children=0&hapos=904&highlighted_blocks=535832501_207290004_0_0_0&hpos=4&no_rooms=1&sr_order=class_and_price&sr_pri_blocks=535832501_207290004_0_0_0__12000&srepoch=1587183189&srpvid=eeb81daa10590013&ucfs=1&from=searchresultshttps://www.booking.com;highlight_room=#hotelTmpl,booking_kaggle,2020,2020-04-24,2026-09-13T06:37:49.339055+00:00,False
hotels_00904,2130521,Roshan Hotel Suites Hera,Jeddah,Makkah,120,,7.1,282,Standard Studio,1 bed (1 extra-large double),2,,True,21.6093363450507,39.131971824537,https://www.booking.com/hotel/sa/jnh-rwshn-llwhdt-lskny.en-gb.html?aid=304142&label=gen173nr-1DCAEoggI46AdIM1gEaMQBiAECmAEJuAEJyAER2AED6AEBiAIBqAIDuAKmm9z0BcACAQ&sid=42146239dcdf1e519ee673686891723f&all_sr_blocks=213052105_167784838_0_0_0&checkin=2020-04-24&checkout=2020-04-25&dest_id=186&dest_type=country&group_adults=2&group_children=0&hapos=905&highlighted_blocks=213052105_167784838_0_0_0&hpos=5&no_rooms=1&sr_order=class_and_price&sr_pri_blocks=213052105_167784838_0_0_0__12000&srepoch=1587183189&srpvid=eeb81daa10590013&ucfs=1&from=searchresultshttps://www.booking.com;highlight_room=#hotelTmpl,booking_kaggle,2020,2020-04-24,2026-09-13T06:37:49.339055+00:00,False
hotels_00905,3808602,Sanabel Al Mish'an Furnished Units,Al Jithāmīyah,,120,,8.5,27,Budget Double Room,2 beds (2 singles),2,,True,27.679545,41.728293,https://www.booking.com/hotel/sa/snbl-lmsh-n-llwhdt-lskny.en-gb.html?aid=304142&label=gen173nr-1DCAEoggI46AdIM1gEaMQBiAECmAEJuAEJyAER2AED6AEBiAIBqAIDuAKmm9z0BcACAQ&sid=42146239dcdf1e519ee673686891723f&all_sr_blocks=380860201_120887411_2_0_0&checkin=2020-04-24&checkout=2020-04-25&dest_id=186&dest_type=country&group_adults=2&group_children=0&hapos=906&highlighted_blocks=380860201_120887411_2_0_0&hpos=6&no_rooms=1&sr_order=class_and_price&sr_pri_blocks=380860201_120887411_2_0_0__12000&srepoch=1587183189&srpvid=eeb81daa10590013&ucfs=1&from=searchresultshttps://www.booking.com;highlight_room=#hotelTmpl,booking_kaggle,2020,2020-04-24,2026-09-13T06:37:49.339055+00:00,False
hotels_00906,483822,Belle Vue Inn Hotel & Suites,Dammam,Eastern Province,120,,7.0,999,One-Bedroom Apartment,1 bed (1 large double),2,,True,26.4367041200213,50.0897839665413,https://www.booking.com/hotel/sa/bellevue-apartment.en-gb.html?aid=304142&label=gen173nr-1DCAEoggI46AdIM1gEaMQBiAECmAEJuAEJyAER2AED6AEBiAIBqAIDuAKmm9z0BcACAQ&sid=42146239dcdf1e519ee673686891723f&all_sr_blocks=48382212_204355450_0_0_0&checkin=2020-04-24&checkout=2020-04-25&dest_id=186&dest_type=country&group_adults=2&group_children=0&hapos=907&highlighted_blocks=48382212_204355450_0_0_0&hpos=7&no_rooms=1&sr_order=class_and_price&sr_pri_blocks=48382212_204355450_0_0_0__12000&srepoch=1587183189&srpvid=eeb81daa10590013&ucfs=1&from=searchresultshttps://www.booking.com;highlight_room=#hotelTmpl,booking_kaggle,2020,2020-04-24,2026-09-13T06:37:49.339055+00:00,False
hotels_00907,3551105,Noftel طائر النيل Furnished Unit,Najran,Najran,120,,7.1,31,One-Bedroom Apartment,1 bed (1 extra-large double),2,,,17.5796697318206,44.2297138526611,https://www.booking.com/hotel/sa/novotel.en-gb.html?aid=304142&label=gen173nr-1DCAEoggI46AdIM1gEaMQBiAECmAEJuAEJyAER2AED6AEBiAIBqAIDuAKmm9z0BcACAQ&sid=42146239dcdf1e519ee673686891723f&all_sr_blocks=355110501_226868669_2_0_0&checkin=2020-04-24&checkout=2020-04-25&dest_id=186&dest_type=country&group_adults=2&group_children=0&hapos=908&highlighted_blocks=355110501_226868669_2_0_0&hpos=8&no_rooms=1&sr_order=class_and_price&sr_pri_blocks=355110501_226868669_2_0_0__12000&srepoch=1587183190&srpvid=eeb81daa10590013&ucfs=1&from=searchresultshttps://www.booking.com;highlight_room=#hotelTmpl,booking_kaggle,2020,2020-04-24,2026-09-13T06:37:49.339055+00:00,False
hotels_00908,908806,Najmat Manami AlQuds,Riyadh,Riyadh,120,,6.5,7,One-Bedroom Apartment,,2,,True,24.7486923058973,46.7469549179077,https://www.booking.com/hotel/sa/ossuo-uossop-ou-ossuuo-o3-o-osso-o1-ossuopsuuo-uouo-o-u-o3o1uo.en-gb.html?aid=304142&label=gen173nr-1DCAEoggI46AdIM1gEaMQBiAECmAEJuAEJyAER2AED6AEBiAIBqAIDuAKmm9z0BcACAQ&sid=42146239dcdf1e519ee673686891723f&all_sr_blocks=90880601_206347312_0_2_0&checkin=2020-04-24&checkout=2020-04-25&dest_id=186&dest_type=country&group_adults=2&group_children=0&hapos=909&highlighted_blocks=90880601_206347312_0_2_0&hpos=9&no_rooms=1&sr_order=class_and_price&sr_pri_blocks=90880601_206347312_0_2_0__12000&srepoch=1587183190&srpvid=eeb81daa10590013&ucfs=1&from=searchresultshttps://www.booking.com;highlight_room=#hotelTmpl,booking_kaggle,2020,2020-04-24,2026-09-13T06:37:49.339055+00:00,False
hotels_00909,3041069,Mocador Furnished Apartments 2,Riyadh,Riyadh,120,,7.1,374,Deluxe Double Room (2 Adults + 1 Child),1 bed (1 extra-large double),2,,True,24.7495424795752,46.7592686904602,https://www.booking.com/hotel/sa/mwkdwr-ll-jnh-lfndqy-lqds.en-gb.html?aid=304142&label=gen173nr-1DCAEoggI46AdIM1gEaMQBiAECmAEJuAEJyAER2AED6AEBiAIBqAIDuAKmm9z0BcACAQ&sid=42146239dcdf1e519ee673686891723f&all_sr_blocks=304106901_204187230_2_0_0&checkin=2020-04-24&checkout=2020-04-25&dest_id=186&dest_type=country&group_adults=2&group_children=0&hapos=910&highlighted_blocks=304106901_204187230_2_0_0&hpos=10&no_rooms=1&sr_order=class_and_price&sr_pri_blocks=304106901_204187230_2_0_0__12000&srepoch=1587183190&srpvid=eeb81daa10590013&ucfs=1&from=searchresultshttps://www.booking.com;highlight_room=#hotelTmpl,booking_kaggle,2020,2020-04-24,2026-09-13T06:37:49.339055+00:00,False
hotels_00910,5628643,القصر المميز للوحدات السكنية,Muhayil,Asir,120,,5.3,43,One-Bedroom Apartment,"2 beds (1 sofa bed, 1 large double)",3,,True,18.545108,42.037757,https://www.booking.com/hotel/sa/the-palace-mahail-muhayil.en-gb.html?aid=304142&label=gen173nr-1DCAEoggI46AdIM1gEaMQBiAECmAEJuAEJyAER2AED6AEBiAIBqAIDuAKmm9z0BcACAQ&sid=42146239dcdf1e519ee673686891723f&all_sr_blocks=562864302_212080855_3_0_0&checkin=2020-04-24&checkout=2020-04-25&dest_id=186&dest_type=country&group_adults=2&group_children=0&hapos=911&highlighted_blocks=562864302_212080855_3_0_0&hpos=11&no_rooms=1&sr_order=class_and_price&sr_pri_blocks=562864302_212080855_3_0_0__11999&srepoch=1587183190&srpvid=eeb81daa10590013&ucfs=1&from=searchresultshttps://www.booking.com;highlight_room=#hotelTmpl,booking_kaggle,2020,2020-04-24,2026-09-13T06:37:49.339055+00:00,False
hotels_00911,1604915,Natwan Furnished unites,Dammam,Eastern Province,120,,7.6,161,One-Bedroom Apartment,1 bed (1 extra-large double),2,,,26.36711102,50.03322423,https://www.booking.com/hotel/sa/natwan-furnished-unites.en-gb.html?aid=304142&label=gen173nr-1DCAEoggI46AdIM1gEaMQBiAECmAEJuAEJyAER2AED6AEBiAIBqAIDuAKmm9z0BcACAQ&sid=42146239dcdf1e519ee673686891723f&all_sr_blocks=160491504_208624637_0_0_0&checkin=2020-04-24&checkout=2020-04-25&dest_id=186&dest_type=country&group_adults=2&group_children=0&hapos=912&highlighted_blocks=160491504_208624637_0_0_0&hpos=12&no_rooms=1&sr_order=class_and_price&sr_pri_blocks=160491504_208624637_0_0_0__12000&srepoch=1587183190&srpvid=eeb81daa10590013&ucfs=1&from=searchresultshttps://www.booking.com;highlight_room=#hotelTmpl,booking_kaggle,2020,2020-04-24,2026-09-13T06:37:49.339055+00:00,False
hotels_00912,4649110,Olayan Mahbas Hotel,Makkah,Makkah,120,,6.3,464,Double or Twin Room with Private Bathroom,2 beds (2 singles),2,,,21.4203373431265,39.8482396455079,https://www.booking.com/hotel/sa/fndq-l-lyn-mhbs-ljn-mk.en-gb.html?aid=304142&label=gen173nr-1DCAEoggI46AdIM1gEaMQBiAECmAEJuAEJyAER2AED6AEBiAIBqAIDuAKmm9z0BcACAQ&sid=42146239dcdf1e519ee673686891723f&all_sr_blocks=464911002_168779048_2_0_0&checkin=2020-04-24&checkout=2020-04-25&dest_id=186&dest_type=country&group_adults=2&group_children=0&hapos=913&highlighted_blocks=464911002_168779048_2_0_0&hpos=13&no_rooms=1&sr_order=class_and_price&sr_pri_blocks=464911002_168779048_2_0_0__12000&srepoch=1587183190&srpvid=eeb81daa10590013&ucfs=1&from=searchresultshttps://www.booking.com;highlight_room=#hotelTmpl,booking_kaggle,2020,2020-04-24,2026-09-13T06:37:49.339055+00:00,False
hotels_00913,1771554,Telal Ishbeliah,Hafr Al Baten,Eastern Province,120,,7.0,183,One-Bedroom Apartment,2 beds (2 singles),2,,True,28.3968237610769,45.9721076488495,https://www.booking.com/hotel/sa/tll-shbylyh-llwhdt-lskny.en-gb.html?aid=304142&label=gen173nr-1DCAEoggI46AdIM1gEaMQBiAECmAEJuAEJyAER2AED6AEBiAIBqAIDuAKmm9z0BcACAQ&sid=42146239dcdf1e519ee673686891723f&all_sr_blocks=177155404_106004311_2_0_0&checkin=2020-04-24&checkout=2020-04-25&dest_id=186&dest_type=country&group_adults=2&group_children=0&hapos=914&highlighted_blocks=177155404_106004311_2_0_0&hpos=14&no_rooms=1&sr_order=class_and_price&sr_pri_blocks=177155404_106004311_2_0_0__12000&srepoch=1587183190&srpvid=eeb81daa10590013&ucfs=1&from=searchresultshttps://www.booking.com;highlight_room=#hotelTmpl,booking_kaggle,2020,2020-04-24,2026-09-13T06:37:49.339055+00:00,False
hotels_00914,2530584,Ejaz Hotel Apartments,Riyadh,Riyadh,120,,7.6,40,One-Bedroom Apartment,1 bed (1 extra-large double),2,,True,24.811701469502,46.8059418465575,https://www.booking.com/hotel/sa/ejaz-apartments.en-gb.html?aid=304142&label=gen173nr-1DCAEoggI46AdIM1gEaMQBiAECmAEJuAEJyAER2AED6AEBiAIBqAIDuAKmm9z0BcACAQ&sid=42146239dcdf1e519ee673686891723f&all_sr_blocks=253058401_206394516_2_0_0&checkin=2020-04-24&checkout=2020-04-25&dest_id=186&dest_type=country&group_adults=2&group_children=0&hapos=915&highlighted_blocks=253058401_206394516_2_0_0&hpos=15&no_rooms=1&sr_order=class_and_price&sr_pri_blocks=253058401_206394516_2_0_0__12000&srepoch=1587183190&srpvid=eeb81daa10590013&ucfs=1&from=searchresultshttps://www.booking.com;highlight_room=#hotelTmpl,booking_kaggle,2020,2020-04-24,2026-09-13T06:37:49.339055+00:00,False
hotels_00915,2737748,Al Liylak Furnished Units,Dammam,Eastern Province,120,,6.0,10,One-Bedroom Apartment,1 bed (1 large double),2,,True,26.4126418099794,50.0748386702637,https://www.booking.com/hotel/sa/al-liylak-furnished-units.en-gb.html?aid=304142&label=gen173nr-1DCAEoggI46AdIM1gEaMQBiAECmAEJuAEJyAER2AED6AEBiAIBqAIDuAKmm9z0BcACAQ&sid=42146239dcdf1e519ee673686891723f&all_sr_blocks=273774804_176834236_2_0_0&checkin=2020-04-24&checkout=2020-04-25&dest_id=186&dest_type=country&group_adults=2&group_children=0&hapos=916&highlighted_blocks=273774804_176834236_2_0_0&hpos=16&no_rooms=1&sr_order=class_and_price&sr_pri_blocks=273774804_176834236_2_0_0__12000&srepoch=1587183190&srpvid=eeb81daa10590013&ucfs=1&from=searchresultshttps://www.booking.com;highlight_room=#hotelTmpl,booking_kaggle,2020,2020-04-24,2026-09-13T06:37:49.339055+00:00,False
hotels_00916,3494396,Evan Suites,Riyadh,Riyadh,120,,7.4,18,Studio Apartment,1 bed (1 double),2,,True,24.7827628756089,46.6723741079693,https://www.booking.com/hotel/sa/jnhh-yfn-whdt-sknyh-mfrwshh.en-gb.html?aid=304142&label=gen173nr-1DCAEoggI46AdIM1gEaMQBiAECmAEJuAEJyAER2AED6AEBiAIBqAIDuAKmm9z0BcACAQ&sid=42146239dcdf1e519ee673686891723f&all_sr_blocks=349439601_175061707_2_0_0&checkin=2020-04-24&checkout=2020-04-25&dest_id=186&dest_type=country&group_adults=2&group_children=0&hapos=917&highlighted_blocks=349439601_175061707_2_0_0&hpos=17&no_rooms=1&sr_order=class_and_price&sr_pri_blocks=349439601_175061707_2_0_0__12000&srepoch=1587183190&srpvid=eeb81daa10590013&ucfs=1&from=searchresultshttps://www.booking.com;highlight_room=#hotelTmpl,booking_kaggle,2020,2020-04-24,2026-09-13T06:37:49.339055+00:00,False
hotels_00917,2580183,Saad Palace Jeddah,Jeddah,Makkah,120,,7.2,128,Studio,1 bed (1 large double),2,,True,21.6172603904804,39.1657880846558,https://www.booking.com/hotel/sa/saad-palace-jeddah.en-gb.html?aid=304142&label=gen173nr-1DCAEoggI46AdIM1gEaMQBiAECmAEJuAEJyAER2AED6AEBiAIBqAIDuAKmm9z0BcACAQ&sid=42146239dcdf1e519ee673686891723f&all_sr_blocks=258018303_123262891_2_0_0&checkin=2020-04-24&checkout=2020-04-25&dest_id=186&dest_type=country&group_adults=2&group_children=0&hapos=918&highlighted_blocks=258018303_123262891_2_0_0&hpos=18&no_rooms=1&sr_order=class_and_price&sr_pri_blocks=258018303_123262891_2_0_0__12000&srepoch=1587183190&srpvid=eeb81daa10590013&ucfs=1&from=searchresultshttps://www.booking.com;highlight_room=#hotelTmpl,booking_kaggle,2020,2020-04-24,2026-09-13T06:37:49.339055+00:00,False
hotels_00918,1898396,Dar Lebanon,Jeddah,Makkah,120,,6.0,59,Studio Apartment,1 bed (1 large double),2,,True,21.5338689681427,39.1983497142792,https://www.booking.com/hotel/sa/dar-lebanon.en-gb.html?aid=304142&label=gen173nr-1DCAEoggI46AdIM1gEaMQBiAECmAEJuAEJyAER2AED6AEBiAIBqAIDuAKmm9z0BcACAQ&sid=42146239dcdf1e519ee673686891723f&all_sr_blocks=189839603_96243177_2_0_0&checkin=2020-04-24&checkout=2020-04-25&dest_id=186&dest_type=country&group_adults=2&group_children=0&hapos=919&highlighted_blocks=189839603_96243177_2_0_0&hpos=19&no_rooms=1&sr_order=class_and_price&sr_pri_blocks=189839603_96243177_2_0_0__12000&srepoch=1587183190&srpvid=eeb81daa10590013&ucfs=1&from=searchresultshttps://www.booking.com;highlight_room=#hotelTmpl,booking_kaggle,2020,2020-04-24,2026-09-13T06:37:49.339055+00:00,False
hotels_00919,5630845,الربيع للوحدات السكنية المفروشة,Hail,Hail,120,,4.7,3,One-Bedroom Suite,1 bed (1 extra-large double),2,,True,27.415494218123,41.5806024081878,https://www.booking.com/hotel/sa/lrby-llwhdt-lskny-lmfrwsh.en-gb.html?aid=304142&label=gen173nr-1DCAEoggI46AdIM1gEaMQBiAECmAEJuAEJyAER2AED6AEBiAIBqAIDuAKmm9z0BcACAQ&sid=42146239dcdf1e519ee673686891723f&all_sr_blocks=563084501_251142773_2_0_0&checkin=2020-04-24&checkout=2020-04-25&dest_id=186&dest_type=country&group_adults=2&group_children=0&hapos=920&highlighted_blocks=563084501_251142773_2_0_0&hpos=20&no_rooms=1&sr_order=class_and_price&sr_pri_blocks=563084501_251142773_2_0_0__11999&srepoch=1587183190&srpvid=eeb81daa10590013&ucfs=1&from=searchresultshttps://www.booking.com;highlight_room=#hotelTmpl,booking_kaggle,2020,2020-04-24,2026-09-13T06:37:49.339055+00:00,False
hotels_00920,1956932,layale Alnile,Dammam,Eastern Province,120,,7.1,174,Apartment,,2,,True,26.4510583370001,50.1053890754631,https://www.booking.com/hotel/sa/layale-alnile.en-gb.html?aid=304142&label=gen173nr-1DCAEoggI46AdIM1gEaMQBiAECmAEJuAEJyAER2AED6AEBiAIBqAIDuAKmm9z0BcACAQ&sid=42146239dcdf1e519ee673686891723f&all_sr_blocks=195693201_206263030_2_0_0&checkin=2020-04-24&checkout=2020-04-25&dest_id=186&dest_type=country&group_adults=2&group_children=0&hapos=921&highlighted_blocks=195693201_206263030_2_0_0&hpos=21&no_rooms=1&sr_order=class_and_price&sr_pri_blocks=195693201_206263030_2_0_0__12000&srepoch=1587183190&srpvid=eeb81daa10590013&ucfs=1&from=searchresultshttps://www.booking.com;highlight_room=#hotelTmpl,booking_kaggle,2020,2020-04-24,2026-09-13T06:37:49.339055+00:00,False
hotels_00921,4932219,Yamama Palace Shemaisi Branch,Riyadh,Riyadh,120,,6.9,51,Standard Studio,1 bed (1 double),2,,True,24.6255569890224,46.6892633361512,https://www.booking.com/hotel/sa/al-yamama-palace-lshmysy.en-gb.html?aid=304142&label=gen173nr-1DCAEoggI46AdIM1gEaMQBiAECmAEJuAEJyAER2AED6AEBiAIBqAIDuAKmm9z0BcACAQ&sid=42146239dcdf1e519ee673686891723f&all_sr_blocks=493221904_187402953_2_0_0&checkin=2020-04-24&checkout=2020-04-25&dest_id=186&dest_type=country&group_adults=2&group_children=0&hapos=922&highlighted_blocks=493221904_187402953_2_0_0&hpos=22&no_rooms=1&sr_order=class_and_price&sr_pri_blocks=493221904_187402953_2_0_0__12000&srepoch=1587183190&srpvid=eeb81daa10590013&ucfs=1&from=searchresultshttps://www.booking.com;highlight_room=#hotelTmpl,booking_kaggle,2020,2020-04-24,2026-09-13T06:37:49.339055+00:00,False
hotels_00922,2965177,Almasah Altaj Aparthotel 2,Hail,Hail,120,,8.5,85,Studio Apartment,1 bed (1 extra-large double),2,,True,27.4509018929345,41.6414451599121,https://www.booking.com/hotel/sa/shqq-lms-ltj-2.en-gb.html?aid=304142&label=gen173nr-1DCAEoggI46AdIM1gEaMQBiAECmAEJuAEJyAER2AED6AEBiAIBqAIDuAKmm9z0BcACAQ&sid=42146239dcdf1e519ee673686891723f&all_sr_blocks=296517705_206445500_2_0_0&checkin=2020-04-24&checkout=2020-04-25&dest_id=186&dest_type=country&group_adults=2&group_children=0&hapos=923&highlighted_blocks=296517705_206445500_2_0_0&hpos=23&no_rooms=1&sr_order=class_and_price&sr_pri_blocks=296517705_206445500_2_0_0__12000&srepoch=1587183190&srpvid=eeb81daa10590013&ucfs=1&from=searchresultshttps://www.booking.com;highlight_room=#hotelTmpl,booking_kaggle,2020,2020-04-24,2026-09-13T06:37:49.339055+00:00,False
hotels_00923,6097608,فندق ياهلا,Sharurah,Najran,120,,,,Standard Double Room,2 beds (2 singles),2,,True,17.485032,47.116724,https://www.booking.com/hotel/sa/fndq-yhl-sharorah.en-gb.html?aid=304142&label=gen173nr-1DCAEoggI46AdIM1gEaMQBiAECmAEJuAEJyAER2AED6AEBiAIBqAIDuAKmm9z0BcACAQ&sid=42146239dcdf1e519ee673686891723f&all_sr_blocks=609760802_238755748_2_0_0&checkin=2020-04-24&checkout=2020-04-25&dest_id=186&dest_type=country&group_adults=2&group_children=0&hapos=924&highlighted_blocks=609760802_238755748_2_0_0&hpos=24&no_rooms=1&sr_order=class_and_price&sr_pri_blocks=609760802_238755748_2_0_0__12000&srepoch=1587183190&srpvid=eeb81daa10590013&ucfs=1&from=searchresultshttps://www.booking.com;highlight_room=#hotelTmpl,booking_kaggle,2020,2020-04-24,2026-09-13T06:37:49.339055+00:00,False
hotels_00924,573879,Wed Plaza Hotel Apartments - Families Only,Jeddah,Makkah,120,,7.7,496,Superior Double Room,1 bed (1 extra-large double),2,,,21.5204402957871,39.1640181988259,https://www.booking.com/hotel/sa/o-o-o-c-o-o-o-c.en-gb.html?aid=304142&label=gen173nr-1DCAEoggI46AdIM1gEaMQBiAECmAEJuAEJyAER2AED6AEBiAIBqAIDuAKmm9z0BcACAQ&sid=42146239dcdf1e519ee673686891723f&all_sr_blocks=57387902_192645855_0_0_0&checkin=2020-04-24&checkout=2020-04-25&dest_id=186&dest_type=country&group_adults=2&group_children=0&hapos=925&highlighted_blocks=57387902_192645855_0_0_0&hpos=25&no_rooms=1&sr_order=class_and_price&sr_pri_blocks=57387902_192645855_0_0_0__12000&srepoch=1587183190&srpvid=eeb81daa10590013&ucfs=1&from=searchresultshttps://www.booking.com;highlight_room=;has_campaign_deals_breakaway20_customer_label=1#hotelTmpl,booking_kaggle,2020,2020-04-24,2026-09-13T06:37:49.339055+00:00,False
hotels_00925,548494,Merfal Hotel Apartments Al Taawan,Riyadh,Riyadh,120,,7.0,622,Studio,1 bed (1 double),2,,True,24.7666871028064,46.7059761285782,https://www.booking.com/hotel/sa/merfal-al-taawan.en-gb.html?aid=304142&label=gen173nr-1DCAEoggI46AdIM1gEaMQBiAECmAEJuAEJyAER2AED6AEBiAIBqAIDuAKmm9z0BcACAQ&sid=42146239dcdf1e519ee673686891723f&all_sr_blocks=54849401_187492142_0_0_0&checkin=2020-04-24&checkout=2020-04-25&dest_id=186&dest_type=country&group_adults=2&group_children=0&hapos=926&highlighted_blocks=54849401_187492142_0_0_0&hpos=1&no_rooms=1&sr_order=class_and_price&sr_pri_blocks=54849401_187492142_0_0_0__12000&srepoch=1587183200&srpvid=eeb81dafef0f0072&ucfs=1&from=searchresultshttps://www.booking.com;highlight_room=#hotelTmpl,booking_kaggle,2020,2020-04-24,2026-09-13T06:37:49.339055+00:00,False
hotels_00926,3142461,Ahla Amassi Furnished Units,Dammam,Eastern Province,120,,6.8,80,Studio Apartment,1 bed (1 extra-large double),2,,True,26.4564157650552,50.0964760780334,https://www.booking.com/hotel/sa/hl-msy.en-gb.html?aid=304142&label=gen173nr-1DCAEoggI46AdIM1gEaMQBiAECmAEJuAEJyAER2AED6AEBiAIBqAIDuAKmm9z0BcACAQ&sid=42146239dcdf1e519ee673686891723f&all_sr_blocks=314246104_113490218_2_0_0&checkin=2020-04-24&checkout=2020-04-25&dest_id=186&dest_type=country&group_adults=2&group_children=0&hapos=927&highlighted_blocks=314246104_113490218_2_0_0&hpos=2&no_rooms=1&sr_order=class_and_price&sr_pri_blocks=314246104_113490218_2_0_0__11999&srepoch=1587183200&srpvid=eeb81dafef0f0072&ucfs=1&from=searchresultshttps://www.booking.com;highlight_room=#hotelTmpl,booking_kaggle,2020,2020-04-24,2026-09-13T06:37:49.339055+00:00,False
hotels_00927,730375,Refan Suites,Dammam,Eastern Province,120,,6.3,415,Double Room,2 beds (2 singles),2,,True,26.4650217409494,50.0812196731567,https://www.booking.com/hotel/sa/ossuo-uossu-ossuo-uossu.en-gb.html?aid=304142&label=gen173nr-1DCAEoggI46AdIM1gEaMQBiAECmAEJuAEJyAER2AED6AEBiAIBqAIDuAKmm9z0BcACAQ&sid=42146239dcdf1e519ee673686891723f&all_sr_blocks=73037502_191555574_0_0_0&checkin=2020-04-24&checkout=2020-04-25&dest_id=186&dest_type=country&group_adults=2&group_children=0&hapos=928&highlighted_blocks=73037502_191555574_0_0_0&hpos=3&no_rooms=1&sr_order=class_and_price&sr_pri_blocks=73037502_191555574_0_0_0__12000&srepoch=1587183200&srpvid=eeb81dafef0f0072&ucfs=1&from=searchresultshttps://www.booking.com;highlight_room=#hotelTmpl,booking_kaggle,2020,2020-04-24,2026-09-13T06:37:49.339055+00:00,False
hotels_00928,1175785,Tulip Jazan,Jazan,Jazan,120,,6.9,284,Double Room,1 bed (1 double),2,,True,16.9350748432465,42.5572843617157,https://www.booking.com/hotel/sa/tulip-jazan.en-gb.html?aid=304142&label=gen173nr-1DCAEoggI46AdIM1gEaMQBiAECmAEJuAEJyAER2AED6AEBiAIBqAIDuAKmm9z0BcACAQ&sid=42146239dcdf1e519ee673686891723f&all_sr_blocks=117578502_186869841_0_0_0&checkin=2020-04-24&checkout=2020-04-25&dest_id=186&dest_type=country&group_adults=2&group_children=0&hapos=929&highlighted_blocks=117578502_186869841_0_0_0&hpos=4&no_rooms=1&sr_order=class_and_price&sr_pri_blocks=117578502_186869841_0_0_0__12000&srepoch=1587183200&srpvid=eeb81dafef0f0072&ucfs=1&from=searchresultshttps://www.booking.com;highlight_room=#hotelTmpl,booking_kaggle,2020,2020-04-24,2026-09-13T06:37:49.339055+00:00,False
hotels_00929,1997354,Anwar Al Habeeb Hotel,Madinah,Madinah,120,,6.9,1,Twin Room with Private Bathroom,2 beds (2 singles),2,,True,24.4532906994838,39.6238412708044,https://www.booking.com/hotel/sa/anwar-alhabeeb-al-madinah.en-gb.html?aid=304142&label=gen173nr-1DCAEoggI46AdIM1gEaMQBiAECmAEJuAEJyAER2AED6AEBiAIBqAIDuAKmm9z0BcACAQ&sid=42146239dcdf1e519ee673686891723f&all_sr_blocks=199735401_195254585_2_0_0&checkin=2020-04-24&checkout=2020-04-25&dest_id=186&dest_type=country&group_adults=2&group_children=0&hapos=930&highlighted_blocks=199735401_195254585_2_0_0&hpos=5&no_rooms=1&sr_order=class_and_price&sr_pri_blocks=199735401_195254585_2_0_0__12000&srepoch=1587183200&srpvid=eeb81dafef0f0072&ucfs=1&from=searchresultshttps://www.booking.com;highlight_room=#hotelTmpl,booking_kaggle,2020,2020-04-24,2026-09-13T06:37:49.339055+00:00,False
hotels_00930,1733524,Wahat Al-Nfil (Al-Yarmouk),Riyadh,Riyadh,120,,,,Deluxe Double Room (2 Adults + 1 Child),1 bed (1 extra-large double),2,,True,24.8145382432636,46.7962056398391,https://www.booking.com/hotel/sa/wahat-al-nfil-furnished-apartments.en-gb.html?aid=304142&label=gen173nr-1DCAEoggI46AdIM1gEaMQBiAECmAEJuAEJyAER2AED6AEBiAIBqAIDuAKmm9z0BcACAQ&sid=42146239dcdf1e519ee673686891723f&all_sr_blocks=173352401_243035774_2_0_0&checkin=2020-04-24&checkout=2020-04-25&dest_id=186&dest_type=country&group_adults=2&group_children=0&hapos=931&highlighted_blocks=173352401_243035774_2_0_0&hpos=6&no_rooms=1&sr_order=class_and_price&sr_pri_blocks=173352401_243035774_2_0_0__12000&srepoch=1587183200&srpvid=eeb81dafef0f0072&ucfs=1&from=searchresultshttps://www.booking.com;highlight_room=#hotelTmpl,booking_kaggle,2020,2020-04-24,2026-09-13T06:37:49.339055+00:00,False
hotels_00931,2020240,Wajan Hotel,Madinah,Madinah,120,,7.7,340,One-Bedroom Suite,1 bed (1 extra-large double),3,,True,24.4738956494973,39.6340371645056,https://www.booking.com/hotel/sa/wajan.en-gb.html?aid=304142&label=gen173nr-1DCAEoggI46AdIM1gEaMQBiAECmAEJuAEJyAER2AED6AEBiAIBqAIDuAKmm9z0BcACAQ&sid=42146239dcdf1e519ee673686891723f&all_sr_blocks=202024002_133305175_0_0_0&checkin=2020-04-24&checkout=2020-04-25&dest_id=186&dest_type=country&group_adults=2&group_children=0&hapos=932&highlighted_blocks=202024002_133305175_0_0_0&hpos=7&no_rooms=1&sr_order=class_and_price&sr_pri_blocks=202024002_133305175_0_0_0__12000&srepoch=1587183200&srpvid=eeb81dafef0f0072&ucfs=1&from=searchresultshttps://www.booking.com;highlight_room=#hotelTmpl,booking_kaggle,2020,2020-04-24,2026-09-13T06:37:49.339055+00:00,False
hotels_00932,2606804,Alhan Aparthotel,Taif,Makkah,120,,7.5,276,Apartment,1 bed (1 extra-large double),2,,True,21.2645830212527,40.4123577274307,https://www.booking.com/hotel/sa/alhan-aparthotel.en-gb.html?aid=304142&label=gen173nr-1DCAEoggI46AdIM1gEaMQBiAECmAEJuAEJyAER2AED6AEBiAIBqAIDuAKmm9z0BcACAQ&sid=42146239dcdf1e519ee673686891723f&all_sr_blocks=260680408_229874276_2_0_0&checkin=2020-04-24&checkout=2020-04-25&dest_id=186&dest_type=country&group_adults=2&group_children=0&hapos=933&highlighted_blocks=260680408_229874276_2_0_0&hpos=8&no_rooms=1&sr_order=class_and_price&sr_pri_blocks=260680408_229874276_2_0_0__11999&srepoch=1587183200&srpvid=eeb81dafef0f0072&ucfs=1&from=searchresultshttps://www.booking.com;highlight_room=#hotelTmpl,booking_kaggle,2020,2020-04-24,2026-09-13T06:37:49.339055+00:00,False
hotels_00933,445905,Tonova Apartment,Buraydah,Qassim,120,,6.6,56,One-Bedroom Apartment,1 bed (1 double),2,,True,26.3966028058192,43.9356619119644,https://www.booking.com/hotel/sa/tonova-apartment.en-gb.html?aid=304142&label=gen173nr-1DCAEoggI46AdIM1gEaMQBiAECmAEJuAEJyAER2AED6AEBiAIBqAIDuAKmm9z0BcACAQ&sid=42146239dcdf1e519ee673686891723f&all_sr_blocks=44590501_193505498_0_0_0&checkin=2020-04-24&checkout=2020-04-25&dest_id=186&dest_type=country&group_adults=2&group_children=0&hapos=934&highlighted_blocks=44590501_193505498_0_0_0&hpos=9&no_rooms=1&sr_order=class_and_price&sr_pri_blocks=44590501_193505498_0_0_0__12000&srepoch=1587183200&srpvid=eeb81dafef0f0072&ucfs=1&from=searchresultshttps://www.booking.com;highlight_room=#hotelTmpl,booking_kaggle,2020,2020-04-24,2026-09-13T06:37:49.339055+00:00,False
hotels_00934,1859929,Bariq Al Jawhara,Buraydah,Qassim,120,,6.4,171,Apartment,1 bed (1 extra-large double),2,,True,26.35551718306,43.9778731763363,https://www.booking.com/hotel/sa/bariq-al-jawhara.en-gb.html?aid=304142&label=gen173nr-1DCAEoggI46AdIM1gEaMQBiAECmAEJuAEJyAER2AED6AEBiAIBqAIDuAKmm9z0BcACAQ&sid=42146239dcdf1e519ee673686891723f&all_sr_blocks=185992903_206230425_2_0_0&checkin=2020-04-24&checkout=2020-04-25&dest_id=186&dest_type=country&group_adults=2&group_children=0&hapos=935&highlighted_blocks=185992903_206230425_2_0_0&hpos=10&no_rooms=1&sr_order=class_and_price&sr_pri_blocks=185992903_206230425_2_0_0__12000&srepoch=1587183200&srpvid=eeb81dafef0f0072&ucfs=1&from=searchresultshttps://www.booking.com;highlight_room=#hotelTmpl,booking_kaggle,2020,2020-04-24,2026-09-13T06:37:49.339055+00:00,False
hotels_00935,4994838,الفيصل للاجنحة الفندقية,Abha,Asir,120,,7.3,26,Apartment,1 bed (1 large double),3,,True,18.2408239435766,42.4993216653595,https://www.booking.com/hotel/sa/lfysl-lljnh-lfndqy.en-gb.html?aid=304142&label=gen173nr-1DCAEoggI46AdIM1gEaMQBiAECmAEJuAEJyAER2AED6AEBiAIBqAIDuAKmm9z0BcACAQ&sid=42146239dcdf1e519ee673686891723f&all_sr_blocks=499483801_168808387_3_0_0&checkin=2020-04-24&checkout=2020-04-25&dest_id=186&dest_type=country&group_adults=2&group_children=0&hapos=936&highlighted_blocks=499483801_168808387_3_0_0&hpos=11&no_rooms=1&sr_order=class_and_price&sr_pri_blocks=499483801_168808387_3_0_0__12000&srepoch=1587183200&srpvid=eeb81dafef0f0072&ucfs=1&from=searchresultshttps://www.booking.com;highlight_room=#hotelTmpl,booking_kaggle,2020,2020-04-24,2026-09-13T06:37:49.339055+00:00,False
hotels_00936,6297272,بيت الصداقة للوحدات السكنية,Abha,Asir,120,,,,One-Bedroom Apartment,"5 beds (2 singles, 1 double, 2 sofa beds)",4,,,18.235473408772,42.499635699807,https://www.booking.com/hotel/sa/byt-lsdq-llwhdt-lskny.en-gb.html?aid=304142&label=gen173nr-1DCAEoggI46AdIM1gEaMQBiAECmAEJuAEJyAER2AED6AEBiAIBqAIDuAKmm9z0BcACAQ&sid=42146239dcdf1e519ee673686891723f&all_sr_blocks=629727201_245506901_4_0_0&checkin=2020-04-24&checkout=2020-04-25&dest_id=186&dest_type=country&group_adults=2&group_children=0&hapos=937&highlighted_blocks=629727201_245506901_4_0_0&hpos=12&no_rooms=1&sr_order=class_and_price&sr_pri_blocks=629727201_245506901_4_0_0__11999&srepoch=1587183200&srpvid=eeb81dafef0f0072&ucfs=1&from=searchresultshttps://www.booking.com;highlight_room=#hotelTmpl,booking_kaggle,2020,2020-04-24,2026-09-13T06:37:49.339055+00:00,False
hotels_00937,1102885,Manazel Begela Hotel Apartments,Taif,Makkah,120,,7.9,87,One-Bedroom Apartment,1 bed (1 double),2,,True,21.2494405371753,40.4126259684563,https://www.booking.com/hotel/sa/mnzl-bjyl.en-gb.html?aid=304142&label=gen173nr-1DCAEoggI46AdIM1gEaMQBiAECmAEJuAEJyAER2AED6AEBiAIBqAIDuAKmm9z0BcACAQ&sid=42146239dcdf1e519ee673686891723f&all_sr_blocks=110288501_190364662_2_0_0&checkin=2020-04-24&checkout=2020-04-25&dest_id=186&dest_type=country&group_adults=2&group_children=0&hapos=938&highlighted_blocks=110288501_190364662_2_0_0&hpos=13&no_rooms=1&sr_order=class_and_price&sr_pri_blocks=110288501_190364662_2_0_0__12000&srepoch=1587183200&srpvid=eeb81dafef0f0072&ucfs=1&from=searchresultshttps://www.booking.com;highlight_room=#hotelTmpl,booking_kaggle,2020,2020-04-24,2026-09-13T06:37:49.339055+00:00,False
hotels_00938,1820919,Omar Suites,Madinah,Madinah,120,,6.6,29,Double Room,1 bed (1 extra-large double),2,,True,24.4704442993889,39.6546169370413,https://www.booking.com/hotel/sa/jnh-thmn.en-gb.html?aid=304142&label=gen173nr-1DCAEoggI46AdIM1gEaMQBiAECmAEJuAEJyAER2AED6AEBiAIBqAIDuAKmm9z0BcACAQ&sid=42146239dcdf1e519ee673686891723f&all_sr_blocks=182091901_115206198_2_0_0&checkin=2020-04-24&checkout=2020-04-25&dest_id=186&dest_type=country&group_adults=2&group_children=0&hapos=939&highlighted_blocks=182091901_115206198_2_0_0&hpos=14&no_rooms=1&sr_order=class_and_price&sr_pri_blocks=182091901_115206198_2_0_0__12000&srepoch=1587183200&srpvid=eeb81dafef0f0072&ucfs=1&from=searchresultshttps://www.booking.com;highlight_room=#hotelTmpl,booking_kaggle,2020,2020-04-24,2026-09-13T06:37:49.339055+00:00,False
hotels_00939,6082469,شقة هاني,Umm Lajj,Tabuk,120,,6.6,3,,"2 beds (1 single, 1 bunk bed)",2,,,25.0232432998602,37.2652348803231,https://www.booking.com/hotel/sa/shq-hny.en-gb.html?aid=304142&label=gen173nr-1DCAEoggI46AdIM1gEaMQBiAECmAEJuAEJyAER2AED6AEBiAIBqAIDuAKmm9z0BcACAQ&sid=42146239dcdf1e519ee673686891723f&all_sr_blocks=608246901_243368030_1_0_0%2C608246903_243368030_1_0_0&checkin=2020-04-24&checkout=2020-04-25&dest_id=186&dest_type=country&group_adults=2&group_children=0&hapos=940&highlighted_blocks=608246901_243368030_1_0_0%2C608246903_243368030_1_0_0&hpos=15&no_rooms=1&sr_order=class_and_price&sr_pri_blocks=608246901_243368030_1_0_0__5000%2C608246903_243368030_1_0_0__7000&srepoch=1587183200&srpvid=eeb81dafef0f0072&ucfs=1&from=searchresultshttps://www.booking.com;highlight_room=#hotelTmpl,booking_kaggle,2020,2020-04-24,2026-09-13T06:37:49.339055+00:00,False
hotels_00940,4173358,سجايا للوحدات السكنية المفروشة,Ḩayy Aş Şāliḩīyah,,120,,7.3,73,One-Bedroom Apartment,1 bed (1 extra-large double),2,,,21.7582106529798,39.1871427281494,https://www.booking.com/hotel/sa/sajayahotel-jd1.en-gb.html?aid=304142&label=gen173nr-1DCAEoggI46AdIM1gEaMQBiAECmAEJuAEJyAER2AED6AEBiAIBqAIDuAKmm9z0BcACAQ&sid=42146239dcdf1e519ee673686891723f&all_sr_blocks=417335805_179373845_2_0_0&checkin=2020-04-24&checkout=2020-04-25&dest_id=186&dest_type=country&group_adults=2&group_children=0&hapos=941&highlighted_blocks=417335805_179373845_2_0_0&hpos=16&no_rooms=1&sr_order=class_and_price&sr_pri_blocks=417335805_179373845_2_0_0__12000&srepoch=1587183200&srpvid=eeb81dafef0f0072&ucfs=1&from=searchresultshttps://www.booking.com;highlight_room=#hotelTmpl,booking_kaggle,2020,2020-04-24,2026-09-13T06:37:49.339055+00:00,False
hotels_00941,2741664,Burj Al Alailah Furnished Units (Families only),Muhayil,Asir,120,,5.9,68,One-Bedroom Apartment,1 bed (1 double),2,,True,18.541119,42.047492,https://www.booking.com/hotel/sa/burj-al-alailah-furnished.en-gb.html?aid=304142&label=gen173nr-1DCAEoggI46AdIM1gEaMQBiAECmAEJuAEJyAER2AED6AEBiAIBqAIDuAKmm9z0BcACAQ&sid=42146239dcdf1e519ee673686891723f&all_sr_blocks=274166402_106476965_2_0_0&checkin=2020-04-24&checkout=2020-04-25&dest_id=186&dest_type=country&group_adults=2&group_children=0&hapos=942&highlighted_blocks=274166402_106476965_2_0_0&hpos=17&no_rooms=1&sr_order=class_and_price&sr_pri_blocks=274166402_106476965_2_0_0__12000&srepoch=1587183200&srpvid=eeb81dafef0f0072&ucfs=1&from=searchresultshttps://www.booking.com;highlight_room=#hotelTmpl,booking_kaggle,2020,2020-04-24,2026-09-13T06:37:49.339055+00:00,False
hotels_00942,2511853,Sama Furnished Apartments,Al Rass,Qassim,120,,6.9,158,Standard Double Room,1 bed (1 extra-large double),2,,True,25.8799007159169,43.4821872040629,https://www.booking.com/hotel/sa/sama-furnished-apartments.en-gb.html?aid=304142&label=gen173nr-1DCAEoggI46AdIM1gEaMQBiAECmAEJuAEJyAER2AED6AEBiAIBqAIDuAKmm9z0BcACAQ&sid=42146239dcdf1e519ee673686891723f&all_sr_blocks=251185303_195378774_2_0_0&checkin=2020-04-24&checkout=2020-04-25&dest_id=186&dest_type=country&group_adults=2&group_children=0&hapos=943&highlighted_blocks=251185303_195378774_2_0_0&hpos=18&no_rooms=1&sr_order=class_and_price&sr_pri_blocks=251185303_195378774_2_0_0__12000&srepoch=1587183200&srpvid=eeb81dafef0f0072&ucfs=1&from=searchresultshttps://www.booking.com;highlight_room=#hotelTmpl,booking_kaggle,2020,2020-04-24,2026-09-13T06:37:49.339055+00:00,False
hotels_00943,1370200,OYO 146 Al Asemah Hotel,Riyadh,Riyadh,120,,7.4,1,Standard Twin Room,2 beds (2 singles),2,,,24.6418677438207,46.7211453616619,https://www.booking.com/hotel/sa/al-asemah.en-gb.html?aid=304142&label=gen173nr-1DCAEoggI46AdIM1gEaMQBiAECmAEJuAEJyAER2AED6AEBiAIBqAIDuAKmm9z0BcACAQ&sid=42146239dcdf1e519ee673686891723f&all_sr_blocks=137020011_253267545_2_0_0&checkin=2020-04-24&checkout=2020-04-25&dest_id=186&dest_type=country&group_adults=2&group_children=0&hapos=944&highlighted_blocks=137020011_253267545_2_0_0&hpos=19&no_rooms=1&sr_order=class_and_price&sr_pri_blocks=137020011_253267545_2_0_0__12018&srepoch=1587183200&srpvid=eeb81dafef0f0072&ucfs=1&from=searchresultshttps://www.booking.com;highlight_room=#hotelTmpl,booking_kaggle,2020,2020-04-24,2026-09-13T06:37:49.339055+00:00,False
hotels_00944,3617354,دار الملوك للوحدات السكنية المفروشة,Jazan,Jazan,123,,7.7,329,Studio Apartment,1 bed (1 double),2,,True,16.8808173021558,42.582255769745,https://www.booking.com/hotel/sa/jnhh-dr-lmlwk.en-gb.html?aid=304142&label=gen173nr-1DCAEoggI46AdIM1gEaMQBiAECmAEJuAEJyAER2AED6AEBiAIBqAIDuAKmm9z0BcACAQ&sid=42146239dcdf1e519ee673686891723f&all_sr_blocks=361735407_226515618_2_0_0&checkin=2020-04-24&checkout=2020-04-25&dest_id=186&dest_type=country&group_adults=2&group_children=0&hapos=945&highlighted_blocks=361735407_226515618_2_0_0&hpos=20&no_rooms=1&sr_order=class_and_price&sr_pri_blocks=361735407_226515618_2_0_0__12300&srepoch=1587183200&srpvid=eeb81dafef0f0072&ucfs=1&from=searchresultshttps://www.booking.com;highlight_room=#hotelTmpl,booking_kaggle,2020,2020-04-24,2026-09-13T06:37:49.339055+00:00,False
hotels_00945,458649,Rahhal Hotel Suites,Yanbu,Madinah,125,,8.5,811,One-Bedroom Apartment,,2,,True,24.0878943918095,38.044568002224,https://www.booking.com/hotel/sa/rahhal-suites.en-gb.html?aid=304142&label=gen173nr-1DCAEoggI46AdIM1gEaMQBiAECmAEJuAEJyAER2AED6AEBiAIBqAIDuAKmm9z0BcACAQ&sid=42146239dcdf1e519ee673686891723f&all_sr_blocks=45864902_101519060_0_0_0&checkin=2020-04-24&checkout=2020-04-25&dest_id=186&dest_type=country&group_adults=2&group_children=0&hapos=946&highlighted_blocks=45864902_101519060_0_0_0&hpos=21&no_rooms=1&sr_order=class_and_price&sr_pri_blocks=45864902_101519060_0_0_0__12500&srepoch=1587183200&srpvid=eeb81dafef0f0072&ucfs=1&from=searchresultshttps://www.booking.com;highlight_room=#hotelTmpl,booking_kaggle,2020,2020-04-24,2026-09-13T06:37:49.339055+00:00,False
hotels_00946,483214,Aseel Hotel Apartment,Salhabah,,125,,7.9,520,Double or Twin Room,1 bed (1 double),2,,,17.159538,42.6645619999999,https://www.booking.com/hotel/sa/aseel.en-gb.html?aid=304142&label=gen173nr-1DCAEoggI46AdIM1gEaMQBiAECmAEJuAEJyAER2AED6AEBiAIBqAIDuAKmm9z0BcACAQ&sid=42146239dcdf1e519ee673686891723f&all_sr_blocks=48321401_207629282_0_0_0&checkin=2020-04-24&checkout=2020-04-25&dest_id=186&dest_type=country&group_adults=2&group_children=0&hapos=947&highlighted_blocks=48321401_207629282_0_0_0&hpos=22&no_rooms=1&sr_order=class_and_price&sr_pri_blocks=48321401_207629282_0_0_0__12500&srepoch=1587183200&srpvid=eeb81dafef0f0072&ucfs=1&from=searchresultshttps://www.booking.com;highlight_room=#hotelTmpl,booking_kaggle,2020,2020-04-24,2026-09-13T06:37:49.339055+00:00,False
hotels_00947,1524676,Burj Alhayah Hotel Suites Alfalah,Riyadh,Riyadh,125,,7.7,600,Studio,1 bed (1 large double),2,,True,24.8011558717146,46.698735974205,https://www.booking.com/hotel/sa/burj-alhayah.en-gb.html?aid=304142&label=gen173nr-1DCAEoggI46AdIM1gEaMQBiAECmAEJuAEJyAER2AED6AEBiAIBqAIDuAKmm9z0BcACAQ&sid=42146239dcdf1e519ee673686891723f&all_sr_blocks=152467601_102605830_0_0_0&checkin=2020-04-24&checkout=2020-04-25&dest_id=186&dest_type=country&group_adults=2&group_children=0&hapos=948&highlighted_blocks=152467601_102605830_0_0_0&hpos=23&no_rooms=1&sr_order=class_and_price&sr_pri_blocks=152467601_102605830_0_0_0__12500&srepoch=1587183200&srpvid=eeb81dafef0f0072&ucfs=1&from=searchresultshttps://www.booking.com;highlight_room=#hotelTmpl,booking_kaggle,2020,2020-04-24,2026-09-13T06:37:49.339055+00:00,False
hotels_00948,544806,Amasi for Hotel Suite1,Jubail,Eastern Province,125,,8.0,7,Two-Bedroom Apartment,"3 beds (2 singles, 1 large double)",4,,True,26.9909318210543,49.6555906534195,https://www.booking.com/hotel/sa/amasi-for-suit-1.en-gb.html?aid=304142&label=gen173nr-1DCAEoggI46AdIM1gEaMQBiAECmAEJuAEJyAER2AED6AEBiAIBqAIDuAKmm9z0BcACAQ&sid=42146239dcdf1e519ee673686891723f&all_sr_blocks=54480602_127583961_0_0_0&checkin=2020-04-24&checkout=2020-04-25&dest_id=186&dest_type=country&group_adults=2&group_children=0&hapos=949&highlighted_blocks=54480602_127583961_0_0_0&hpos=24&no_rooms=1&sr_order=class_and_price&sr_pri_blocks=54480602_127583961_0_0_0__12500&srepoch=1587183200&srpvid=eeb81dafef0f0072&ucfs=1&from=searchresultshttps://www.booking.com;highlight_room=#hotelTmpl,booking_kaggle,2020,2020-04-24,2026-09-13T06:37:49.339055+00:00,False
hotels_00949,1381502,Night 4 You 2 - Al Khozama,Hail,Hail,125,,7.4,77,One-Bedroom Apartment,1 bed (1 extra-large double),2,,True,27.5811014793701,41.7117431759834,https://www.booking.com/hotel/sa/night-for-you-suites-2.en-gb.html?aid=304142&label=gen173nr-1DCAEoggI46AdIM1gEaMQBiAECmAEJuAEJyAER2AED6AEBiAIBqAIDuAKmm9z0BcACAQ&sid=42146239dcdf1e519ee673686891723f&all_sr_blocks=138150203_107616210_0_0_0&checkin=2020-04-24&checkout=2020-04-25&dest_id=186&dest_type=country&group_adults=2&group_children=0&hapos=950&highlighted_blocks=138150203_107616210_0_0_0&hpos=25&no_rooms=1&sr_order=class_and_price&sr_pri_blocks=138150203_107616210_0_0_0__12500&srepoch=1587183200&srpvid=eeb81dafef0f0072&ucfs=1&from=searchresultshttps://www.booking.com;highlight_room=#hotelTmpl,booking_kaggle,2020,2020-04-24,2026-09-13T06:37:49.339055+00:00,False
hotels_00950,420993,Yamama Palace Aktham Branch,Riyadh,Riyadh,125,,5.1,27,One-Bedroom Apartment,"2 beds (1 double, 1 sofa bed)",2,,True,24.7242485298912,46.8294060230255,https://www.booking.com/hotel/sa/al-yamama-palace-riyadh3.en-gb.html?aid=304142&label=gen173nr-1DCAEoggI46AdIM1gEaMQBiAECmAEJuAEJyAER2AED6AEBiAIBqAIDuAKmm9z0BcACAQ&sid=42146239dcdf1e519ee673686891723f&all_sr_blocks=42099304_197129147_2_0_0&checkin=2020-04-24&checkout=2020-04-25&dest_id=186&dest_type=country&group_adults=2&group_children=0&hapos=951&highlighted_blocks=42099304_197129147_2_0_0&hpos=1&no_rooms=1&sr_order=class_and_price&sr_pri_blocks=42099304_197129147_2_0_0__12500&srepoch=1587183209&srpvid=773e1db4b96b0087&ucfs=1&from=searchresultshttps://www.booking.com;highlight_room=#hotelTmpl,booking_kaggle,2020,2020-04-24,2026-09-13T06:37:49.339055+00:00,False
hotels_00951,273333,Villa Hotel Apartments Al Khobar,Al Khobar,Eastern Province,125,,7.4,477,Superior Apartment,1 bed (1 large double),2,,True,26.2970123804912,50.1713821291924,https://www.booking.com/hotel/sa/villa-apartments-al-khobar.en-gb.html?aid=304142&label=gen173nr-1DCAEoggI46AdIM1gEaMQBiAECmAEJuAEJyAER2AED6AEBiAIBqAIDuAKmm9z0BcACAQ&sid=42146239dcdf1e519ee673686891723f&all_sr_blocks=27333305_230341617_2_0_0&checkin=2020-04-24&checkout=2020-04-25&dest_id=186&dest_type=country&group_adults=2&group_children=0&hapos=952&highlighted_blocks=27333305_230341617_2_0_0&hpos=2&no_rooms=1&sr_order=class_and_price&sr_pri_blocks=27333305_230341617_2_0_0__12500&srepoch=1587183209&srpvid=773e1db4b96b0087&ucfs=1&from=searchresultshttps://www.booking.com;highlight_room=#hotelTmpl,booking_kaggle,2020,2020-04-24,2026-09-13T06:37:49.339055+00:00,False
hotels_00952,420576,Al Yamama Palace Hejab Branch,Riyadh,Riyadh,125,,5.4,64,One-Bedroom Apartment,"2 beds (1 double, 1 sofa bed)",2,,True,24.7281807112539,46.8255463242531,https://www.booking.com/hotel/sa/al-yamama-palace-hijab-branch.en-gb.html?aid=304142&label=gen173nr-1DCAEoggI46AdIM1gEaMQBiAECmAEJuAEJyAER2AED6AEBiAIBqAIDuAKmm9z0BcACAQ&sid=42146239dcdf1e519ee673686891723f&all_sr_blocks=42057603_197156341_2_0_0&checkin=2020-04-24&checkout=2020-04-25&dest_id=186&dest_type=country&group_adults=2&group_children=0&hapos=953&highlighted_blocks=42057603_197156341_2_0_0&hpos=3&no_rooms=1&sr_order=class_and_price&sr_pri_blocks=42057603_197156341_2_0_0__12500&srepoch=1587183209&srpvid=773e1db4b96b0087&ucfs=1&from=searchresultshttps://www.booking.com;highlight_room=#hotelTmpl,booking_kaggle,2020,2020-04-24,2026-09-13T06:37:49.339055+00:00,False
hotels_00953,2643105,Dgnna Furnished Apartment,Riyadh,Riyadh,125,,5.2,379,Apartment,1 bed (1 large double),2,,,24.8006322261712,46.7622609436512,https://www.booking.com/hotel/sa/dgnna-furnished-apartment-riyadh.en-gb.html?aid=304142&label=gen173nr-1DCAEoggI46AdIM1gEaMQBiAECmAEJuAEJyAER2AED6AEBiAIBqAIDuAKmm9z0BcACAQ&sid=42146239dcdf1e519ee673686891723f&all_sr_blocks=264310501_207450717_0_0_0&checkin=2020-04-24&checkout=2020-04-25&dest_id=186&dest_type=country&group_adults=2&group_children=0&hapos=954&highlighted_blocks=264310501_207450717_0_0_0&hpos=4&no_rooms=1&sr_order=class_and_price&sr_pri_blocks=264310501_207450717_0_0_0__12525&srepoch=1587183209&srpvid=773e1db4b96b0087&ucfs=1&from=searchresultshttps://www.booking.com;highlight_room=;has_campaign_deals_breakaway20_customer_label=1#hotelTmpl,booking_kaggle,2020,2020-04-24,2026-09-13T06:37:49.339055+00:00,False
hotels_00954,249320,Layali Al Tamayoz 1,Jeddah,Makkah,126,,7.8,90,One-Bedroom Apartment,"4 beds (1 double, 3 sofa beds)",2,,True,21.5858602918538,39.162290096283,https://www.booking.com/hotel/sa/layali-suites.en-gb.html?aid=304142&label=gen173nr-1DCAEoggI46AdIM1gEaMQBiAECmAEJuAEJyAER2AED6AEBiAIBqAIDuAKmm9z0BcACAQ&sid=42146239dcdf1e519ee673686891723f&all_sr_blocks=24932003_190234164_0_0_0&checkin=2020-04-24&checkout=2020-04-25&dest_id=186&dest_type=country&group_adults=2&group_children=0&hapos=955&highlighted_blocks=24932003_190234164_0_0_0&hpos=5&no_rooms=1&sr_order=class_and_price&sr_pri_blocks=24932003_190234164_0_0_0__12600&srepoch=1587183209&srpvid=773e1db4b96b0087&ucfs=1&from=searchresultshttps://www.booking.com;highlight_room=#hotelTmpl,booking_kaggle,2020,2020-04-24,2026-09-13T06:37:49.339055+00:00,False
hotels_00955,6123837,The golden caost hotel,Jeddah,Makkah,126,,,,Budget Double Room,1 bed (1 extra-large double),2,,,21.477018,39.263009,https://www.booking.com/hotel/sa/the-golden-caost.en-gb.html?aid=304142&label=gen173nr-1DCAEoggI46AdIM1gEaMQBiAECmAEJuAEJyAER2AED6AEBiAIBqAIDuAKmm9z0BcACAQ&sid=42146239dcdf1e519ee673686891723f&all_sr_blocks=612383701_239668409_2_0_0&checkin=2020-04-24&checkout=2020-04-25&dest_id=186&dest_type=country&group_adults=2&group_children=0&hapos=956&highlighted_blocks=612383701_239668409_2_0_0&hpos=6&no_rooms=1&sr_order=class_and_price&sr_pri_blocks=612383701_239668409_2_0_0__12600&srepoch=1587183209&srpvid=773e1db4b96b0087&ucfs=1&from=searchresultshttps://www.booking.com;highlight_room=#hotelTmpl,booking_kaggle,2020,2020-04-24,2026-09-13T06:37:49.339055+00:00,False
hotels_00956,6311525,التورن للأجنحه الفندقية,Riyadh,Riyadh,126,,5.3,4,One-Bedroom Apartment,1 bed (1 large double),2,,True,24.666017,46.740201,https://www.booking.com/hotel/sa/ltwrn-ll-jnhh-lfndqy.en-gb.html?aid=304142&label=gen173nr-1DCAEoggI46AdIM1gEaMQBiAECmAEJuAEJyAER2AED6AEBiAIBqAIDuAKmm9z0BcACAQ&sid=42146239dcdf1e519ee673686891723f&all_sr_blocks=631152502_246467149_2_0_0&checkin=2020-04-24&checkout=2020-04-25&dest_id=186&dest_type=country&group_adults=2&group_children=0&hapos=957&highlighted_blocks=631152502_246467149_2_0_0&hpos=7&no_rooms=1&sr_order=class_and_price&sr_pri_blocks=631152502_246467149_2_0_0__12649&srepoch=1587183209&srpvid=773e1db4b96b0087&ucfs=1&from=searchresultshttps://www.booking.com;highlight_room=#hotelTmpl,booking_kaggle,2020,2020-04-24,2026-09-13T06:37:49.339055+00:00,False
hotels_00957,2554568,Tobal Al Khobar Furnished Apartments,Al Khobar,Eastern Province,128,,7.9,953,Maisonette,1 bed (1 extra-large double),2,,True,26.2891841066185,50.1890343473297,https://www.booking.com/hotel/sa/twbl-lkhbr-llshqq-lfndqy.en-gb.html?aid=304142&label=gen173nr-1DCAEoggI46AdIM1gEaMQBiAECmAEJuAEJyAER2AED6AEBiAIBqAIDuAKmm9z0BcACAQ&sid=42146239dcdf1e519ee673686891723f&all_sr_blocks=255456816_222457220_0_0_0&checkin=2020-04-24&checkout=2020-04-25&dest_id=186&dest_type=country&group_adults=2&group_children=0&hapos=958&highlighted_blocks=255456816_222457220_0_0_0&hpos=8&no_rooms=1&sr_order=class_and_price&sr_pri_blocks=255456816_222457220_0_0_0__12780&srepoch=1587183209&srpvid=773e1db4b96b0087&ucfs=1&from=searchresultshttps://www.booking.com;highlight_room=#hotelTmpl,booking_kaggle,2020,2020-04-24,2026-09-13T06:37:49.339055+00:00,False
hotels_00958,2197917,Clouds and stars Aparthotel 2,Najran,Najran,128,,8.1,81,One-Bedroom Apartment,1 bed (1 large double),2,,True,17.5492964814493,44.2530596069992,https://www.booking.com/hotel/sa/clouds-and-stars-aparthotel.en-gb.html?aid=304142&label=gen173nr-1DCAEoggI46AdIM1gEaMQBiAECmAEJuAEJyAER2AED6AEBiAIBqAIDuAKmm9z0BcACAQ&sid=42146239dcdf1e519ee673686891723f&all_sr_blocks=219791701_238477924_0_42_0&checkin=2020-04-24&checkout=2020-04-25&dest_id=186&dest_type=country&group_adults=2&group_children=0&hapos=959&highlighted_blocks=219791701_238477924_0_42_0&hpos=9&no_rooms=1&sr_order=class_and_price&sr_pri_blocks=219791701_238477924_0_42_0__12800&srepoch=1587183209&srpvid=773e1db4b96b0087&ucfs=1&from=searchresultshttps://www.booking.com;highlight_room=#hotelTmpl,booking_kaggle,2020,2020-04-24,2026-09-13T06:37:49.339055+00:00,False
hotels_00959,1175473,Worood Al Safawa Villas & Suites,Jeddah,Makkah,128,,7.0,858,Standard Studio,1 bed (1 double),2,True,True,21.5761912846545,39.1463899612427,https://www.booking.com/hotel/sa/wrwd-lsfwh-llfll-wljnh-lmlky.en-gb.html?aid=304142&label=gen173nr-1DCAEoggI46AdIM1gEaMQBiAECmAEJuAEJyAER2AED6AEBiAIBqAIDuAKmm9z0BcACAQ&sid=42146239dcdf1e519ee673686891723f&all_sr_blocks=117547308_101188558_0_1_0&checkin=2020-04-24&checkout=2020-04-25&dest_id=186&dest_type=country&group_adults=2&group_children=0&hapos=960&highlighted_blocks=117547308_101188558_0_1_0&hpos=10&no_rooms=1&sr_order=class_and_price&sr_pri_blocks=117547308_101188558_0_1_0__12825&srepoch=1587183209&srpvid=773e1db4b96b0087&ucfs=1&from=searchresultshttps://www.booking.com;highlight_room=#hotelTmpl,booking_kaggle,2020,2020-04-24,2026-09-13T06:37:49.339055+00:00,False
hotels_00960,5061387,إليت الحمراء - الاندلس,Jeddah,Makkah,129,,9.0,355,Twin Room,2 beds (2 singles),2,,True,21.5205692294114,39.1646574382286,https://www.booking.com/hotel/sa/lyt-ll-jnh-lfndqy-lhmr-tryq-lndls.en-gb.html?aid=304142&label=gen173nr-1DCAEoggI46AdIM1gEaMQBiAECmAEJuAEJyAER2AED6AEBiAIBqAIDuAKmm9z0BcACAQ&sid=42146239dcdf1e519ee673686891723f&all_sr_blocks=506138704_176764171_0_0_0&checkin=2020-04-24&checkout=2020-04-25&dest_id=186&dest_type=country&group_adults=2&group_children=0&hapos=961&highlighted_blocks=506138704_176764171_0_0_0&hpos=11&no_rooms=1&sr_order=class_and_price&sr_pri_blocks=506138704_176764171_0_0_0__12900&srepoch=1587183209&srpvid=773e1db4b96b0087&ucfs=1&from=searchresultshttps://www.booking.com;highlight_room=#hotelTmpl,booking_kaggle,2020,2020-04-24,2026-09-13T06:37:49.339055+00:00,False
hotels_00961,4063881,Yara Suites,Buraydah,Qassim,129,,7.9,327,One-Bedroom Suite,1 bed (1 extra-large double),2,,True,26.331623374601,43.9701506908074,https://www.booking.com/hotel/sa/yara-suites.en-gb.html?aid=304142&label=gen173nr-1DCAEoggI46AdIM1gEaMQBiAECmAEJuAEJyAER2AED6AEBiAIBqAIDuAKmm9z0BcACAQ&sid=42146239dcdf1e519ee673686891723f&all_sr_blocks=406388106_208370382_2_0_0&checkin=2020-04-24&checkout=2020-04-25&dest_id=186&dest_type=country&group_adults=2&group_children=0&hapos=962&highlighted_blocks=406388106_208370382_2_0_0&hpos=12&no_rooms=1&sr_order=class_and_price&sr_pri_blocks=406388106_208370382_2_0_0__12900&srepoch=1587183209&srpvid=773e1db4b96b0087&ucfs=1&from=searchresultshttps://www.booking.com;highlight_room=#hotelTmpl,booking_kaggle,2020,2020-04-24,2026-09-13T06:37:49.339055+00:00,False
hotels_00962,443076,Al Muhaidb Khanshalila,Riyadh,Riyadh,129,,7.7,218,Standard Double Room,1 bed (1 large double),2,,True,24.6008919518726,46.7386910319328,https://www.booking.com/hotel/sa/al-muhaidb-khanshalila.en-gb.html?aid=304142&label=gen173nr-1DCAEoggI46AdIM1gEaMQBiAECmAEJuAEJyAER2AED6AEBiAIBqAIDuAKmm9z0BcACAQ&sid=42146239dcdf1e519ee673686891723f&all_sr_blocks=44307601_218836252_0_0_0&checkin=2020-04-24&checkout=2020-04-25&dest_id=186&dest_type=country&group_adults=2&group_children=0&hapos=963&highlighted_blocks=44307601_218836252_0_0_0&hpos=13&no_rooms=1&sr_order=class_and_price&sr_pri_blocks=44307601_218836252_0_0_0__12900&srepoch=1587183209&srpvid=773e1db4b96b0087&ucfs=1&from=searchresultshttps://www.booking.com;highlight_room=#hotelTmpl,booking_kaggle,2020,2020-04-24,2026-09-13T06:37:49.339055+00:00,False
hotels_00963,1268897,Hala Al Khobar furnished hotel Units for Families Only,Al Khobar,Eastern Province,129,,7.0,110,Standard Double Room,1 bed (1 large double),2,,,26.2972448775297,50.1716315746307,https://www.booking.com/hotel/sa/al-jawzaa-palace-4-apartments.en-gb.html?aid=304142&label=gen173nr-1DCAEoggI46AdIM1gEaMQBiAECmAEJuAEJyAER2AED6AEBiAIBqAIDuAKmm9z0BcACAQ&sid=42146239dcdf1e519ee673686891723f&all_sr_blocks=126889702_96352487_0_0_0&checkin=2020-04-24&checkout=2020-04-25&dest_id=186&dest_type=country&group_adults=2&group_children=0&hapos=964&highlighted_blocks=126889702_96352487_0_0_0&hpos=14&no_rooms=1&sr_order=class_and_price&sr_pri_blocks=126889702_96352487_0_0_0__12900&srepoch=1587183209&srpvid=773e1db4b96b0087&ucfs=1&from=searchresultshttps://www.booking.com;highlight_room=#hotelTmpl,booking_kaggle,2020,2020-04-24,2026-09-13T06:37:49.339055+00:00,False
hotels_00964,725091,La Casa Hotel Apartment,Khamis Mushait,Asir,129,,7.0,111,Studio,"2 beds (1 single, 1 sofa bed)",2,,True,18.2349661451775,42.7756279706955,https://www.booking.com/hotel/sa/uoss-uosso3oss.en-gb.html?aid=304142&label=gen173nr-1DCAEoggI46AdIM1gEaMQBiAECmAEJuAEJyAER2AED6AEBiAIBqAIDuAKmm9z0BcACAQ&sid=42146239dcdf1e519ee673686891723f&all_sr_blocks=72509105_90628361_2_0_0&checkin=2020-04-24&checkout=2020-04-25&dest_id=186&dest_type=country&group_adults=2&group_children=0&hapos=965&highlighted_blocks=72509105_90628361_2_0_0&hpos=15&no_rooms=1&sr_order=class_and_price&sr_pri_blocks=72509105_90628361_2_0_0__12900&srepoch=1587183209&srpvid=773e1db4b96b0087&ucfs=1&from=searchresultshttps://www.booking.com;highlight_room=#hotelTmpl,booking_kaggle,2020,2020-04-24,2026-09-13T06:37:49.339055+00:00,False
hotels_00965,2302268,Rawasi Hotel Suites,Taif,Makkah,129,,7.0,191,Studio Apartment,1 bed (1 extra-large double),2,,True,21.3208361787196,40.4337644577026,https://www.booking.com/hotel/sa/rawasi-suites.en-gb.html?aid=304142&label=gen173nr-1DCAEoggI46AdIM1gEaMQBiAECmAEJuAEJyAER2AED6AEBiAIBqAIDuAKmm9z0BcACAQ&sid=42146239dcdf1e519ee673686891723f&all_sr_blocks=230226806_247447892_2_0_0&checkin=2020-04-24&checkout=2020-04-25&dest_id=186&dest_type=country&group_adults=2&group_children=0&hapos=966&highlighted_blocks=230226806_247447892_2_0_0&hpos=16&no_rooms=1&sr_order=class_and_price&sr_pri_blocks=230226806_247447892_2_0_0__12900&srepoch=1587183209&srpvid=773e1db4b96b0087&ucfs=1&from=searchresultshttps://www.booking.com;highlight_room=#hotelTmpl,booking_kaggle,2020,2020-04-24,2026-09-13T06:37:49.339055+00:00,False
hotels_00966,860516,Lavona 2 Hotel Apartments,Dammam,Eastern Province,129,,5.8,251,Studio,1 bed (1 double),2,,True,26.4196890678922,50.0225222110748,https://www.booking.com/hotel/sa/lavona-2.en-gb.html?aid=304142&label=gen173nr-1DCAEoggI46AdIM1gEaMQBiAECmAEJuAEJyAER2AED6AEBiAIBqAIDuAKmm9z0BcACAQ&sid=42146239dcdf1e519ee673686891723f&all_sr_blocks=86051602_111831498_0_0_0&checkin=2020-04-24&checkout=2020-04-25&dest_id=186&dest_type=country&group_adults=2&group_children=0&hapos=967&highlighted_blocks=86051602_111831498_0_0_0&hpos=17&no_rooms=1&sr_order=class_and_price&sr_pri_blocks=86051602_111831498_0_0_0__12900&srepoch=1587183209&srpvid=773e1db4b96b0087&ucfs=1&from=searchresultshttps://www.booking.com;highlight_room=#hotelTmpl,booking_kaggle,2020,2020-04-24,2026-09-13T06:37:49.339055+00:00,False
hotels_00967,2528300,Ruoof Furnished Units Apartment,Dammam,Eastern Province,129,,7.9,1,Superior King Room,1 bed (1 extra-large double),2,,True,26.4516550853691,50.1029308407226,https://www.booking.com/hotel/sa/rywf.en-gb.html?aid=304142&label=gen173nr-1DCAEoggI46AdIM1gEaMQBiAECmAEJuAEJyAER2AED6AEBiAIBqAIDuAKmm9z0BcACAQ&sid=42146239dcdf1e519ee673686891723f&all_sr_blocks=252830002_206394250_2_0_0&checkin=2020-04-24&checkout=2020-04-25&dest_id=186&dest_type=country&group_adults=2&group_children=0&hapos=968&highlighted_blocks=252830002_206394250_2_0_0&hpos=18&no_rooms=1&sr_order=class_and_price&sr_pri_blocks=252830002_206394250_2_0_0__12900&srepoch=1587183209&srpvid=773e1db4b96b0087&ucfs=1&from=searchresultshttps://www.booking.com;highlight_room=#hotelTmpl,booking_kaggle,2020,2020-04-24,2026-09-13T06:37:49.339055+00:00,False
hotels_00968,886832,Rest Home Hotel Apartments Dammam,Dammam,Eastern Province,129,,5.1,60,Double Room,1 bed (1 double),2,,True,26.4254382939303,50.0353653877755,https://www.booking.com/hotel/sa/rest-home-apartments-dammam.en-gb.html?aid=304142&label=gen173nr-1DCAEoggI46AdIM1gEaMQBiAECmAEJuAEJyAER2AED6AEBiAIBqAIDuAKmm9z0BcACAQ&sid=42146239dcdf1e519ee673686891723f&all_sr_blocks=88683201_190355708_0_0_0&checkin=2020-04-24&checkout=2020-04-25&dest_id=186&dest_type=country&group_adults=2&group_children=0&hapos=969&highlighted_blocks=88683201_190355708_0_0_0&hpos=19&no_rooms=1&sr_order=class_and_price&sr_pri_blocks=88683201_190355708_0_0_0__12900&srepoch=1587183209&srpvid=773e1db4b96b0087&ucfs=1&from=searchresultshttps://www.booking.com;highlight_room=#hotelTmpl,booking_kaggle,2020,2020-04-24,2026-09-13T06:37:49.339055+00:00,False
hotels_00969,335980,Al Farhan Hotel Suites (Exit 15),Riyadh,Riyadh,129,,6.6,267,One-Bedroom Apartment,2 beds (2 singles),2,True,True,24.6819339087722,46.7862814664841,https://www.booking.com/hotel/sa/al-farhan-suites.en-gb.html?aid=304142&label=gen173nr-1DCAEoggI46AdIM1gEaMQBiAECmAEJuAEJyAER2AED6AEBiAIBqAIDuAKmm9z0BcACAQ&sid=42146239dcdf1e519ee673686891723f&all_sr_blocks=33598001_206242067_0_1_0&checkin=2020-04-24&checkout=2020-04-25&dest_id=186&dest_type=country&group_adults=2&group_children=0&hapos=970&highlighted_blocks=33598001_206242067_0_1_0&hpos=20&no_rooms=1&sr_order=class_and_price&sr_pri_blocks=33598001_206242067_0_1_0__12900&srepoch=1587183209&srpvid=773e1db4b96b0087&ucfs=1&from=searchresultshttps://www.booking.com;highlight_room=#hotelTmpl,booking_kaggle,2020,2020-04-24,2026-09-13T06:37:49.339055+00:00,False
hotels_00970,1429782,Talah Aparthotel,Buraydah,Qassim,129,,7.4,70,One-Bedroom Apartment,,2,,True,26.4047835223577,43.9174041152,https://www.booking.com/hotel/sa/tala-aparthotel.en-gb.html?aid=304142&label=gen173nr-1DCAEoggI46AdIM1gEaMQBiAECmAEJuAEJyAER2AED6AEBiAIBqAIDuAKmm9z0BcACAQ&sid=42146239dcdf1e519ee673686891723f&all_sr_blocks=142978204_87491445_0_0_0&checkin=2020-04-24&checkout=2020-04-25&dest_id=186&dest_type=country&group_adults=2&group_children=0&hapos=971&highlighted_blocks=142978204_87491445_0_0_0&hpos=21&no_rooms=1&sr_order=class_and_price&sr_pri_blocks=142978204_87491445_0_0_0__12900&srepoch=1587183209&srpvid=773e1db4b96b0087&ucfs=1&from=searchresultshttps://www.booking.com;highlight_room=#hotelTmpl,booking_kaggle,2020,2020-04-24,2026-09-13T06:37:49.339055+00:00,False
hotels_00971,6372963,OYO 431 Marina Taiba Hotel,Madinah,Madinah,129,,,,One-Bedroom Apartment,1 bed (1 extra-large double),2,,True,24.461548,39.5943,https://www.booking.com/hotel/sa/oyo-431-marina-taiba.en-gb.html?aid=304142&label=gen173nr-1DCAEoggI46AdIM1gEaMQBiAECmAEJuAEJyAER2AED6AEBiAIBqAIDuAKmm9z0BcACAQ&sid=42146239dcdf1e519ee673686891723f&all_sr_blocks=637296302_250650388_2_0_0&checkin=2020-04-24&checkout=2020-04-25&dest_id=186&dest_type=country&group_adults=2&group_children=0&hapos=972&highlighted_blocks=637296302_250650388_2_0_0&hpos=22&no_rooms=1&sr_order=class_and_price&sr_pri_blocks=637296302_250650388_2_0_0__12915&srepoch=1587183209&srpvid=773e1db4b96b0087&ucfs=1&from=searchresultshttps://www.booking.com;highlight_room=#hotelTmpl,booking_kaggle,2020,2020-04-24,2026-09-13T06:37:49.339055+00:00,False
hotels_00972,6348777,OYO 462 Masar Najd,Riyadh,Riyadh,129,,8.7,3,Standard Studio,1 bed (1 extra-large double),2,,True,24.749718,46.668404,https://www.booking.com/hotel/sa/oyo-462-masar-najd.en-gb.html?aid=304142&label=gen173nr-1DCAEoggI46AdIM1gEaMQBiAECmAEJuAEJyAER2AED6AEBiAIBqAIDuAKmm9z0BcACAQ&sid=42146239dcdf1e519ee673686891723f&all_sr_blocks=634877709_253026054_2_0_0&checkin=2020-04-24&checkout=2020-04-25&dest_id=186&dest_type=country&group_adults=2&group_children=0&hapos=973&highlighted_blocks=634877709_253026054_2_0_0&hpos=23&no_rooms=1&sr_order=class_and_price&sr_pri_blocks=634877709_253026054_2_0_0__12915&srepoch=1587183209&srpvid=773e1db4b96b0087&ucfs=1&from=searchresultshttps://www.booking.com;highlight_room=#hotelTmpl,booking_kaggle,2020,2020-04-24,2026-09-13T06:37:49.339055+00:00,False
hotels_00973,1848925,OYO 362 Masar Najd,Unayzah,Qassim,130,,8.5,226,One-Bedroom Apartment,1 bed (1 extra-large double),2,,,26.0933239935329,44.0033903717995,https://www.booking.com/hotel/sa/masar-najd-furnished-apartments.en-gb.html?aid=304142&label=gen173nr-1DCAEoggI46AdIM1gEaMQBiAECmAEJuAEJyAER2AED6AEBiAIBqAIDuAKmm9z0BcACAQ&sid=42146239dcdf1e519ee673686891723f&all_sr_blocks=184892504_249348330_2_0_0&checkin=2020-04-24&checkout=2020-04-25&dest_id=186&dest_type=country&group_adults=2&group_children=0&hapos=974&highlighted_blocks=184892504_249348330_2_0_0&hpos=24&no_rooms=1&sr_order=class_and_price&sr_pri_blocks=184892504_249348330_2_0_0__12967&srepoch=1587183209&srpvid=773e1db4b96b0087&ucfs=1&from=searchresultshttps://www.booking.com;highlight_room=#hotelTmpl,booking_kaggle,2020,2020-04-24,2026-09-13T06:37:49.339055+00:00,False
hotels_00974,1642898,Traveller Inn Hotel Appartments,Al Khobar,Eastern Province,130,,7.3,1,Budget Double Room,1 bed (1 double),2,,True,26.2914022524359,50.182304084301,https://www.booking.com/hotel/sa/traveler-in-residential-units.en-gb.html?aid=304142&label=gen173nr-1DCAEoggI46AdIM1gEaMQBiAECmAEJuAEJyAER2AED6AEBiAIBqAIDuAKmm9z0BcACAQ&sid=42146239dcdf1e519ee673686891723f&all_sr_blocks=164289810_173831324_0_2_0&checkin=2020-04-24&checkout=2020-04-25&dest_id=186&dest_type=country&group_adults=2&group_children=0&hapos=975&highlighted_blocks=164289810_173831324_0_2_0&hpos=25&no_rooms=1&sr_order=class_and_price&sr_pri_blocks=164289810_173831324_0_2_0__13000&srepoch=1587183209&srpvid=773e1db4b96b0087&ucfs=1&from=searchresultshttps://www.booking.com;highlight_room=#hotelTmpl,booking_kaggle,2020,2020-04-24,2026-09-13T06:37:49.339055+00:00,False
hotels_00975,3478669,Araek Resort,Taif,Makkah,130,,8.5,656,Deluxe Double Room without Pool,1 bed (1 extra-large double),2,,,21.2113969263596,40.3965655511092,https://www.booking.com/hotel/sa/ry-k.en-gb.html?aid=304142&label=gen173nr-1DCAEoggI46AdIM1gEaMQBiAECmAEJuAEJyAER2AED6AEBiAIBqAIDuAKmm9z0BcACAQ&sid=42146239dcdf1e519ee673686891723f&all_sr_blocks=347866904_190401381_2_0_0&checkin=2020-04-24&checkout=2020-04-25&dest_id=186&dest_type=country&group_adults=2&group_children=0&hapos=976&highlighted_blocks=347866904_190401381_2_0_0&hpos=1&no_rooms=1&sr_order=class_and_price&sr_pri_blocks=347866904_190401381_2_0_0__13000&srepoch=1587183223&srpvid=e2bb1dbbf02d004f&ucfs=1&from=searchresultshttps://www.booking.com;highlight_room=#hotelTmpl,booking_kaggle,2020,2020-04-24,2026-09-13T06:37:49.339055+00:00,False
hotels_00976,2090216,Al Farhan Suites Ishbillia,Riyadh,Riyadh,130,,7.1,1,One-Bedroom Apartment,1 bed (1 extra-large double),2,,True,24.7902721727604,46.7766815470532,https://www.booking.com/hotel/sa/al-farhan-suites-ishbillia.en-gb.html?aid=304142&label=gen173nr-1DCAEoggI46AdIM1gEaMQBiAECmAEJuAEJyAER2AED6AEBiAIBqAIDuAKmm9z0BcACAQ&sid=42146239dcdf1e519ee673686891723f&all_sr_blocks=209021603_144576163_0_0_0&checkin=2020-04-24&checkout=2020-04-25&dest_id=186&dest_type=country&group_adults=2&group_children=0&hapos=977&highlighted_blocks=209021603_144576163_0_0_0&hpos=2&no_rooms=1&sr_order=class_and_price&sr_pri_blocks=209021603_144576163_0_0_0__13000&srepoch=1587183223&srpvid=e2bb1dbbf02d004f&ucfs=1&from=searchresultshttps://www.booking.com;highlight_room=#hotelTmpl,booking_kaggle,2020,2020-04-24,2026-09-13T06:37:49.339055+00:00,False
hotels_00977,5085830,أجحنة ملفا الفندقية,Nughaylah,,130,,8.3,128,Twin Room with Private Bathroom,2 beds (2 singles),2,,True,20.009514453941,42.6217031630821,https://www.booking.com/hotel/sa/mlf-llshqq-lfndqy.en-gb.html?aid=304142&label=gen173nr-1DCAEoggI46AdIM1gEaMQBiAECmAEJuAEJyAER2AED6AEBiAIBqAIDuAKmm9z0BcACAQ&sid=42146239dcdf1e519ee673686891723f&all_sr_blocks=508583002_235951873_2_0_0&checkin=2020-04-24&checkout=2020-04-25&dest_id=186&dest_type=country&group_adults=2&group_children=0&hapos=978&highlighted_blocks=508583002_235951873_2_0_0&hpos=3&no_rooms=1&sr_order=class_and_price&sr_pri_blocks=508583002_235951873_2_0_0__13000&srepoch=1587183223&srpvid=e2bb1dbbf02d004f&ucfs=1&from=searchresultshttps://www.booking.com;highlight_room=#hotelTmpl,booking_kaggle,2020,2020-04-24,2026-09-13T06:37:49.339055+00:00,False
hotels_00978,2649131,Masat Darkom 2 Furnished Apartments,Buraydah,Qassim,130,,7.6,190,Studio,1 bed (1 extra-large double),2,,True,26.3485801422595,43.9592535595245,https://www.booking.com/hotel/sa/masat-darkom-2.en-gb.html?aid=304142&label=gen173nr-1DCAEoggI46AdIM1gEaMQBiAECmAEJuAEJyAER2AED6AEBiAIBqAIDuAKmm9z0BcACAQ&sid=42146239dcdf1e519ee673686891723f&all_sr_blocks=264913103_243288549_2_0_0&checkin=2020-04-24&checkout=2020-04-25&dest_id=186&dest_type=country&group_adults=2&group_children=0&hapos=979&highlighted_blocks=264913103_243288549_2_0_0&hpos=4&no_rooms=1&sr_order=class_and_price&sr_pri_blocks=264913103_243288549_2_0_0__13000&srepoch=1587183223&srpvid=e2bb1dbbf02d004f&ucfs=1&from=searchresultshttps://www.booking.com;highlight_room=#hotelTmpl,booking_kaggle,2020,2020-04-24,2026-09-13T06:37:49.339055+00:00,False
hotels_00979,557235,Harmony House Hotel Apartments,Riyadh,Riyadh,130,,7.1,72,Studio,1 bed (1 double),2,,True,24.7994841193472,46.7313659191132,https://www.booking.com/hotel/sa/bait-al-tanaghom.en-gb.html?aid=304142&label=gen173nr-1DCAEoggI46AdIM1gEaMQBiAECmAEJuAEJyAER2AED6AEBiAIBqAIDuAKmm9z0BcACAQ&sid=42146239dcdf1e519ee673686891723f&all_sr_blocks=55723501_215511239_0_0_0&checkin=2020-04-24&checkout=2020-04-25&dest_id=186&dest_type=country&group_adults=2&group_children=0&hapos=980&highlighted_blocks=55723501_215511239_0_0_0&hpos=5&no_rooms=1&sr_order=class_and_price&sr_pri_blocks=55723501_215511239_0_0_0__13000&srepoch=1587183223&srpvid=e2bb1dbbf02d004f&ucfs=1&from=searchresultshttps://www.booking.com;highlight_room=#hotelTmpl,booking_kaggle,2020,2020-04-24,2026-09-13T06:37:49.339055+00:00,False
hotels_00980,1724976,Osool Alshakreen,Jeddah,Makkah,130,,7.0,20,Studio,1 bed (1 extra-large double),2,,True,21.5749525650256,39.2171198129654,https://www.booking.com/hotel/sa/swl-lshkryn-llwhdt-lskny.en-gb.html?aid=304142&label=gen173nr-1DCAEoggI46AdIM1gEaMQBiAECmAEJuAEJyAER2AED6AEBiAIBqAIDuAKmm9z0BcACAQ&sid=42146239dcdf1e519ee673686891723f&all_sr_blocks=172497601_99247942_2_0_0&checkin=2020-04-24&checkout=2020-04-25&dest_id=186&dest_type=country&group_adults=2&group_children=0&hapos=981&highlighted_blocks=172497601_99247942_2_0_0&hpos=6&no_rooms=1&sr_order=class_and_price&sr_pri_blocks=172497601_99247942_2_0_0__13000&srepoch=1587183223&srpvid=e2bb1dbbf02d004f&ucfs=1&from=searchresultshttps://www.booking.com;highlight_room=#hotelTmpl,booking_kaggle,2020,2020-04-24,2026-09-13T06:37:49.339055+00:00,False
hotels_00981,1996759,Residence Secret,Riyadh,Riyadh,130,,8.1,105,Family Studio,1 bed (1 extra-large double),2,,True,24.7802874224996,46.7666879296303,https://www.booking.com/hotel/sa/residence-secret.en-gb.html?aid=304142&label=gen173nr-1DCAEoggI46AdIM1gEaMQBiAECmAEJuAEJyAER2AED6AEBiAIBqAIDuAKmm9z0BcACAQ&sid=42146239dcdf1e519ee673686891723f&all_sr_blocks=199675901_128663328_2_0_0&checkin=2020-04-24&checkout=2020-04-25&dest_id=186&dest_type=country&group_adults=2&group_children=0&hapos=982&highlighted_blocks=199675901_128663328_2_0_0&hpos=7&no_rooms=1&sr_order=class_and_price&sr_pri_blocks=199675901_128663328_2_0_0__13000&srepoch=1587183223&srpvid=e2bb1dbbf02d004f&ucfs=1&from=searchresultshttps://www.booking.com;highlight_room=#hotelTmpl,booking_kaggle,2020,2020-04-24,2026-09-13T06:37:49.339055+00:00,False
hotels_00982,2428774,Al Qasr Almomayaz Aparthotel,Abha,Asir,130,,7.3,298,Room with Private Bathroom,1 bed (1 double),2,,True,18.2187977689815,42.5476825330406,https://www.booking.com/hotel/sa/al-qasr-almomayaz-aparthotel.en-gb.html?aid=304142&label=gen173nr-1DCAEoggI46AdIM1gEaMQBiAECmAEJuAEJyAER2AED6AEBiAIBqAIDuAKmm9z0BcACAQ&sid=42146239dcdf1e519ee673686891723f&all_sr_blocks=242877405_198642400_2_0_0&checkin=2020-04-24&checkout=2020-04-25&dest_id=186&dest_type=country&group_adults=2&group_children=0&hapos=983&highlighted_blocks=242877405_198642400_2_0_0&hpos=8&no_rooms=1&sr_order=class_and_price&sr_pri_blocks=242877405_198642400_2_0_0__13000&srepoch=1587183223&srpvid=e2bb1dbbf02d004f&ucfs=1&from=searchresultshttps://www.booking.com;highlight_room=#hotelTmpl,booking_kaggle,2020,2020-04-24,2026-09-13T06:37:49.339055+00:00,False
hotels_00983,1043054,Zain Tabuk Apartment,Tabuk,Tabuk,130,,6.9,89,Standard Studio,1 bed (1 extra-large double),2,,True,28.4342168566774,36.5183615684509,https://www.booking.com/hotel/sa/zyn-tbwk.en-gb.html?aid=304142&label=gen173nr-1DCAEoggI46AdIM1gEaMQBiAECmAEJuAEJyAER2AED6AEBiAIBqAIDuAKmm9z0BcACAQ&sid=42146239dcdf1e519ee673686891723f&all_sr_blocks=104305402_195195498_2_0_0&checkin=2020-04-24&checkout=2020-04-25&dest_id=186&dest_type=country&group_adults=2&group_children=0&hapos=984&highlighted_blocks=104305402_195195498_2_0_0&hpos=9&no_rooms=1&sr_order=class_and_price&sr_pri_blocks=104305402_195195498_2_0_0__13000&srepoch=1587183223&srpvid=e2bb1dbbf02d004f&ucfs=1&from=searchresultshttps://www.booking.com;highlight_room=#hotelTmpl,booking_kaggle,2020,2020-04-24,2026-09-13T06:37:49.339055+00:00,False
hotels_00984,3086992,Taleen Al Naseem,Riyadh,Riyadh,130,,7.5,230,One-Bedroom Apartment,2 beds (2 singles),2,,True,24.708651289678,46.8393819260255,https://www.booking.com/hotel/sa/tlyn-lnsym.en-gb.html?aid=304142&label=gen173nr-1DCAEoggI46AdIM1gEaMQBiAECmAEJuAEJyAER2AED6AEBiAIBqAIDuAKmm9z0BcACAQ&sid=42146239dcdf1e519ee673686891723f&all_sr_blocks=308699201_190551673_2_0_0&checkin=2020-04-24&checkout=2020-04-25&dest_id=186&dest_type=country&group_adults=2&group_children=0&hapos=985&highlighted_blocks=308699201_190551673_2_0_0&hpos=10&no_rooms=1&sr_order=class_and_price&sr_pri_blocks=308699201_190551673_2_0_0__13000&srepoch=1587183223&srpvid=e2bb1dbbf02d004f&ucfs=1&from=searchresultshttps://www.booking.com;highlight_room=#hotelTmpl,booking_kaggle,2020,2020-04-24,2026-09-13T06:37:49.339055+00:00,False
hotels_00985,2084251,Mrakez Alarab Furnished Apartments 3,Jeddah,Makkah,130,,8.1,27,Studio,2 beds (2 singles),2,,True,21.6178036739622,39.1656790673733,https://www.booking.com/hotel/sa/mrakez-alarab-furnished-apartments-3.en-gb.html?aid=304142&label=gen173nr-1DCAEoggI46AdIM1gEaMQBiAECmAEJuAEJyAER2AED6AEBiAIBqAIDuAKmm9z0BcACAQ&sid=42146239dcdf1e519ee673686891723f&all_sr_blocks=208425103_95742123_2_0_0&checkin=2020-04-24&checkout=2020-04-25&dest_id=186&dest_type=country&group_adults=2&group_children=0&hapos=986&highlighted_blocks=208425103_95742123_2_0_0&hpos=11&no_rooms=1&sr_order=class_and_price&sr_pri_blocks=208425103_95742123_2_0_0__13000&srepoch=1587183223&srpvid=e2bb1dbbf02d004f&ucfs=1&from=searchresultshttps://www.booking.com;highlight_room=#hotelTmpl,booking_kaggle,2020,2020-04-24,2026-09-13T06:37:49.339055+00:00,False
hotels_00986,1598411,Saryet Al Hamra Hotel Apartments,Jeddah,Makkah,130,,7.3,170,Family Studio,1 bed (1 large double),2,,True,21.5071595099249,39.1676598787308,https://www.booking.com/hotel/sa/saryet-al-hamra-apartments.en-gb.html?aid=304142&label=gen173nr-1DCAEoggI46AdIM1gEaMQBiAECmAEJuAEJyAER2AED6AEBiAIBqAIDuAKmm9z0BcACAQ&sid=42146239dcdf1e519ee673686891723f&all_sr_blocks=159841101_199488143_2_1_0&checkin=2020-04-24&checkout=2020-04-25&dest_id=186&dest_type=country&group_adults=2&group_children=0&hapos=987&highlighted_blocks=159841101_199488143_2_1_0&hpos=12&no_rooms=1&sr_order=class_and_price&sr_pri_blocks=159841101_199488143_2_1_0__13000&srepoch=1587183223&srpvid=e2bb1dbbf02d004f&ucfs=1&from=searchresultshttps://www.booking.com;highlight_room=#hotelTmpl,booking_kaggle,2020,2020-04-24,2026-09-13T06:37:49.339055+00:00,False
hotels_00987,6172553,شقق مفروشة فاخرة عوائل,Tabuk,Tabuk,130,,9.3,6,Deluxe Queen Room,1 bed (1 large double),2,,,28.3619986608896,36.5706707074318,https://www.booking.com/hotel/sa/shqq-mfrwsh-fkhr-wy-l.en-gb.html?aid=304142&label=gen173nr-1DCAEoggI46AdIM1gEaMQBiAECmAEJuAEJyAER2AED6AEBiAIBqAIDuAKmm9z0BcACAQ&sid=42146239dcdf1e519ee673686891723f&all_sr_blocks=617255301_241071786_2_0_0&checkin=2020-04-24&checkout=2020-04-25&dest_id=186&dest_type=country&group_adults=2&group_children=0&hapos=988&highlighted_blocks=617255301_241071786_2_0_0&hpos=13&no_rooms=1&sr_order=class_and_price&sr_pri_blocks=617255301_241071786_2_0_0__13000&srepoch=1587183223&srpvid=e2bb1dbbf02d004f&ucfs=1&from=searchresultshttps://www.booking.com;highlight_room=#hotelTmpl,booking_kaggle,2020,2020-04-24,2026-09-13T06:37:49.339055+00:00,False
hotels_00988,1725847,Merfal Royal new,Riyadh,Riyadh,130,,7.5,561,Studio,1 bed (1 large double),2,,True,24.7665975980516,46.7062778770924,https://www.booking.com/hotel/sa/merfal-royal-new.en-gb.html?aid=304142&label=gen173nr-1DCAEoggI46AdIM1gEaMQBiAECmAEJuAEJyAER2AED6AEBiAIBqAIDuAKmm9z0BcACAQ&sid=42146239dcdf1e519ee673686891723f&all_sr_blocks=172584703_193800883_2_0_0&checkin=2020-04-24&checkout=2020-04-25&dest_id=186&dest_type=country&group_adults=2&group_children=0&hapos=989&highlighted_blocks=172584703_193800883_2_0_0&hpos=14&no_rooms=1&sr_order=class_and_price&sr_pri_blocks=172584703_193800883_2_0_0__13000&srepoch=1587183223&srpvid=e2bb1dbbf02d004f&ucfs=1&from=searchresultshttps://www.booking.com;highlight_room=#hotelTmpl,booking_kaggle,2020,2020-04-24,2026-09-13T06:37:49.339055+00:00,False
hotels_00989,6366191,naseem al rawdah,Jeddah,Makkah,130,,,,One-Bedroom Apartment,2 beds (2 singles),2,,True,21.480105,39.262954,https://www.booking.com/hotel/sa/naseem-al-rawdah.en-gb.html?aid=304142&label=gen173nr-1DCAEoggI46AdIM1gEaMQBiAECmAEJuAEJyAER2AED6AEBiAIBqAIDuAKmm9z0BcACAQ&sid=42146239dcdf1e519ee673686891723f&all_sr_blocks=636619101_249629083_2_0_0&checkin=2020-04-24&checkout=2020-04-25&dest_id=186&dest_type=country&group_adults=2&group_children=0&hapos=990&highlighted_blocks=636619101_249629083_2_0_0&hpos=15&no_rooms=1&sr_order=class_and_price&sr_pri_blocks=636619101_249629083_2_0_0__13000&srepoch=1587183223&srpvid=e2bb1dbbf02d004f&ucfs=1&from=searchresultshttps://www.booking.com;highlight_room=#hotelTmpl,booking_kaggle,2020,2020-04-24,2026-09-13T06:37:49.339055+00:00,False
hotels_00990,2598617,Rafeef Al Shamal,Al Ḩāyiţ,,130,,8.5,10,One-Bedroom Apartment,1 bed (1 extra-large double),2,,True,25.9952888939322,40.4657508908767,https://www.booking.com/hotel/sa/rafeef-al-shamal-al-hayit1.en-gb.html?aid=304142&label=gen173nr-1DCAEoggI46AdIM1gEaMQBiAECmAEJuAEJyAER2AED6AEBiAIBqAIDuAKmm9z0BcACAQ&sid=42146239dcdf1e519ee673686891723f&all_sr_blocks=259861704_104783833_2_0_0&checkin=2020-04-24&checkout=2020-04-25&dest_id=186&dest_type=country&group_adults=2&group_children=0&hapos=991&highlighted_blocks=259861704_104783833_2_0_0&hpos=16&no_rooms=1&sr_order=class_and_price&sr_pri_blocks=259861704_104783833_2_0_0__13000&srepoch=1587183223&srpvid=e2bb1dbbf02d004f&ucfs=1&from=searchresultshttps://www.booking.com;highlight_room=#hotelTmpl,booking_kaggle,2020,2020-04-24,2026-09-13T06:37:49.339055+00:00,False
hotels_00991,1794345,Beautat Hotel,Abha,Asir,130,,7.4,841,Deluxe Studio,1 bed (1 double),3,,True,18.2453606382164,42.4967694282532,https://www.booking.com/hotel/sa/beautat.en-gb.html?aid=304142&label=gen173nr-1DCAEoggI46AdIM1gEaMQBiAECmAEJuAEJyAER2AED6AEBiAIBqAIDuAKmm9z0BcACAQ&sid=42146239dcdf1e519ee673686891723f&all_sr_blocks=179434509_212738497_3_0_0&checkin=2020-04-24&checkout=2020-04-25&dest_id=186&dest_type=country&group_adults=2&group_children=0&hapos=992&highlighted_blocks=179434509_212738497_3_0_0&hpos=17&no_rooms=1&sr_order=class_and_price&sr_pri_blocks=179434509_212738497_3_0_0__13000&srepoch=1587183223&srpvid=e2bb1dbbf02d004f&ucfs=1&from=searchresultshttps://www.booking.com;highlight_room=#hotelTmpl,booking_kaggle,2020,2020-04-24,2026-09-13T06:37:49.339055+00:00,False
hotels_00992,5522832,الهضبتين الخضراء,Jeddah,Makkah,130,,7.0,25,One-Bedroom Apartment,1 bed (1 large double),2,,True,21.4629652805345,39.2540846401978,https://www.booking.com/hotel/sa/lhdbtyn-lkhdr.en-gb.html?aid=304142&label=gen173nr-1DCAEoggI46AdIM1gEaMQBiAECmAEJuAEJyAER2AED6AEBiAIBqAIDuAKmm9z0BcACAQ&sid=42146239dcdf1e519ee673686891723f&all_sr_blocks=552283201_204031534_2_0_0&checkin=2020-04-24&checkout=2020-04-25&dest_id=186&dest_type=country&group_adults=2&group_children=0&hapos=993&highlighted_blocks=552283201_204031534_2_0_0&hpos=18&no_rooms=1&sr_order=class_and_price&sr_pri_blocks=552283201_204031534_2_0_0__13000&srepoch=1587183223&srpvid=e2bb1dbbf02d004f&ucfs=1&from=searchresultshttps://www.booking.com;highlight_room=#hotelTmpl,booking_kaggle,2020,2020-04-24,2026-09-13T06:37:49.339055+00:00,False
hotels_00993,4183596,Rawat Al Msaif Hotel Suites,Taif,Makkah,130,,7.9,206,One-Bedroom Apartment,1 bed (1 large double),3,,True,21.341819582095,40.4409524872246,https://www.booking.com/hotel/sa/rw-h-lmsyf-lljnh-lfndqy.en-gb.html?aid=304142&label=gen173nr-1DCAEoggI46AdIM1gEaMQBiAECmAEJuAEJyAER2AED6AEBiAIBqAIDuAKmm9z0BcACAQ&sid=42146239dcdf1e519ee673686891723f&all_sr_blocks=418359602_179387004_3_0_0&checkin=2020-04-24&checkout=2020-04-25&dest_id=186&dest_type=country&group_adults=2&group_children=0&hapos=994&highlighted_blocks=418359602_179387004_3_0_0&hpos=19&no_rooms=1&sr_order=class_and_price&sr_pri_blocks=418359602_179387004_3_0_0__13000&srepoch=1587183223&srpvid=e2bb1dbbf02d004f&ucfs=1&from=searchresultshttps://www.booking.com;highlight_room=#hotelTmpl,booking_kaggle,2020,2020-04-24,2026-09-13T06:37:49.339055+00:00,False
hotels_00994,416072,Al Salam Hotel Riyadh,Riyadh,Riyadh,130,,6.5,105,Standard Double Room,2 beds (2 singles),2,,True,24.6422145171704,46.7174559831619,https://www.booking.com/hotel/sa/al-salam.en-gb.html?aid=304142&label=gen173nr-1DCAEoggI46AdIM1gEaMQBiAECmAEJuAEJyAER2AED6AEBiAIBqAIDuAKmm9z0BcACAQ&sid=42146239dcdf1e519ee673686891723f&all_sr_blocks=41607201_204550445_0_0_0&checkin=2020-04-24&checkout=2020-04-25&dest_id=186&dest_type=country&group_adults=2&group_children=0&hapos=995&highlighted_blocks=41607201_204550445_0_0_0&hpos=20&no_rooms=1&sr_order=class_and_price&sr_pri_blocks=41607201_204550445_0_0_0__13000&srepoch=1587183223&srpvid=e2bb1dbbf02d004f&ucfs=1&from=searchresultshttps://www.booking.com;highlight_room=#hotelTmpl,booking_kaggle,2020,2020-04-24,2026-09-13T06:37:49.339055+00:00,False
hotels_00995,1251382,Jood Hotel Apartments,Riyadh,Riyadh,130,,6.2,108,One-Bedroom Apartment,1 bed (1 large double),2,,True,24.6378831405268,46.5710985660553,https://www.booking.com/hotel/sa/jood-riyadh.en-gb.html?aid=304142&label=gen173nr-1DCAEoggI46AdIM1gEaMQBiAECmAEJuAEJyAER2AED6AEBiAIBqAIDuAKmm9z0BcACAQ&sid=42146239dcdf1e519ee673686891723f&all_sr_blocks=125138202_200301891_0_0_0&checkin=2020-04-24&checkout=2020-04-25&dest_id=186&dest_type=country&group_adults=2&group_children=0&hapos=996&highlighted_blocks=125138202_200301891_0_0_0&hpos=21&no_rooms=1&sr_order=class_and_price&sr_pri_blocks=125138202_200301891_0_0_0__13000&srepoch=1587183223&srpvid=e2bb1dbbf02d004f&ucfs=1&from=searchresultshttps://www.booking.com;highlight_room=#hotelTmpl,booking_kaggle,2020,2020-04-24,2026-09-13T06:37:49.339055+00:00,False
hotels_00996,2042723,Al Farhan Suites Al Hamra-Jeddah,Jeddah,Makkah,130,,7.2,954,Small Double Room,1 bed (1 extra-large double),2,,,21.5152695548038,39.1601556027308,https://www.booking.com/hotel/sa/al-farhan-suites-al-hamra-jeddah.en-gb.html?aid=304142&label=gen173nr-1DCAEoggI46AdIM1gEaMQBiAECmAEJuAEJyAER2AED6AEBiAIBqAIDuAKmm9z0BcACAQ&sid=42146239dcdf1e519ee673686891723f&all_sr_blocks=204272312_151587659_0_0_0&checkin=2020-04-24&checkout=2020-04-25&dest_id=186&dest_type=country&group_adults=2&group_children=0&hapos=997&highlighted_blocks=204272312_151587659_0_0_0&hpos=22&no_rooms=1&sr_order=class_and_price&sr_pri_blocks=204272312_151587659_0_0_0__13000&srepoch=1587183223&srpvid=e2bb1dbbf02d004f&ucfs=1&from=searchresultshttps://www.booking.com;highlight_room=#hotelTmpl,booking_kaggle,2020,2020-04-24,2026-09-13T06:37:49.339055+00:00,False
hotels_00997,1002266,Al Narjis Suites - Abha,Abha,Asir,130,,7.5,413,Double Room with Private Bathroom,1 bed (1 large double),2,,True,18.2192003725096,42.4899834394455,https://www.booking.com/hotel/sa/jnh-lnrjs-bh.en-gb.html?aid=304142&label=gen173nr-1DCAEoggI46AdIM1gEaMQBiAECmAEJuAEJyAER2AED6AEBiAIBqAIDuAKmm9z0BcACAQ&sid=42146239dcdf1e519ee673686891723f&all_sr_blocks=100226605_190530359_0_0_0&checkin=2020-04-24&checkout=2020-04-25&dest_id=186&dest_type=country&group_adults=2&group_children=0&hapos=998&highlighted_blocks=100226605_190530359_0_0_0&hpos=23&no_rooms=1&sr_order=class_and_price&sr_pri_blocks=100226605_190530359_0_0_0__13000&srepoch=1587183223&srpvid=e2bb1dbbf02d004f&ucfs=1&from=searchresultshttps://www.booking.com;highlight_room=#hotelTmpl,booking_kaggle,2020,2020-04-24,2026-09-13T06:37:49.339055+00:00,False
hotels_00998,3144251,Holiday Furnished Units,Dammam,Eastern Province,130,,7.4,485,Double Bed Studio,1 bed (1 large double),2,,True,26.4525303787788,50.1058155298233,https://www.booking.com/hotel/sa/holiday-apartment.en-gb.html?aid=304142&label=gen173nr-1DCAEoggI46AdIM1gEaMQBiAECmAEJuAEJyAER2AED6AEBiAIBqAIDuAKmm9z0BcACAQ&sid=42146239dcdf1e519ee673686891723f&all_sr_blocks=314425109_113573178_0_0_0&checkin=2020-04-24&checkout=2020-04-25&dest_id=186&dest_type=country&group_adults=2&group_children=0&hapos=999&highlighted_blocks=314425109_113573178_0_0_0&hpos=24&no_rooms=1&sr_order=class_and_price&sr_pri_blocks=314425109_113573178_0_0_0__13000&srepoch=1587183223&srpvid=e2bb1dbbf02d004f&ucfs=1&from=searchresultshttps://www.booking.com;highlight_room=#hotelTmpl,booking_kaggle,2020,2020-04-24,2026-09-13T06:37:49.339055+00:00,False
hotels_00999,538909,Jawhra Ghurnata Apartment,Riyadh,Riyadh,130,,6.7,45,Studio,1 bed (1 double),2,,True,24.7926718,46.734862,https://www.booking.com/hotel/sa/jawhra-ghurnata-apartment.en-gb.html?aid=304142&label=gen173nr-1DCAEoggI46AdIM1gEaMQBiAECmAEJuAEJyAER2AED6AEBiAIBqAIDuAKmm9z0BcACAQ&sid=42146239dcdf1e519ee673686891723f&all_sr_blocks=53890901_190304886_0_0_0&checkin=2020-04-24&checkout=2020-04-25&dest_id=186&dest_type=country&group_adults=2&group_children=0&hapos=1000&highlighted_blocks=53890901_190304886_0_0_0&hpos=25&no_rooms=1&sr_order=class_and_price&sr_pri_blocks=53890901_190304886_0_0_0__13000&srepoch=1587183223&srpvid=e2bb1dbbf02d004f&ucfs=1&from=searchresultshttps://www.booking.com;highlight_room=#hotelTmpl,booking_kaggle,2020,2020-04-24,2026-09-13T06:37:49.339055+00:00,False
hotels_01000,1229909,Al Nakhlah Furnished Units,Al Ahsa,Eastern Province,130,,6.8,88,One-Bedroom Apartment,1 bed (1 large double),2,,True,25.3916858723458,49.5794668793678,https://www.booking.com/hotel/sa/al-nakhlah-furnished-units-al-hofuf.en-gb.html?aid=304142&label=gen173nr-1DCAEoggI46AdIM1gEaMQBiAECmAEJuAEJyAER2AED6AEBiAIBqAIDuAKmm9z0BcACAQ&sid=42146239dcdf1e519ee673686891723f&all_sr_blocks=122990904_87692112_0_0_0&checkin=2020-04-24&checkout=2020-04-25&dest_id=186&dest_type=country&group_adults=2&group_children=0&hapos=1001&highlighted_blocks=122990904_87692112_0_0_0&hpos=1&no_rooms=1&sr_order=class_and_price&sr_pri_blocks=122990904_87692112_0_0_0__13000&srepoch=1587183234&srpvid=e2bb1dc1f7600027&ucfs=1&from=searchresultshttps://www.booking.com;highlight_room=#hotelTmpl,booking_kaggle,2020,2020-04-24,2026-09-13T06:37:49.339055+00:00,False
hotels_01001,2710729,Manzile Al Rowad Furnished Units,Riyadh,Riyadh,130,,7.4,319,One-Bedroom Apartment,1 bed (1 large double),2,,True,24.748621,46.746967,https://www.booking.com/hotel/sa/mnzl-lrwd.en-gb.html?aid=304142&label=gen173nr-1DCAEoggI46AdIM1gEaMQBiAECmAEJuAEJyAER2AED6AEBiAIBqAIDuAKmm9z0BcACAQ&sid=42146239dcdf1e519ee673686891723f&all_sr_blocks=271072901_122825486_2_0_0&checkin=2020-04-24&checkout=2020-04-25&dest_id=186&dest_type=country&group_adults=2&group_children=0&hapos=1002&highlighted_blocks=271072901_122825486_2_0_0&hpos=2&no_rooms=1&sr_order=class_and_price&sr_pri_blocks=271072901_122825486_2_0_0__13000&srepoch=1587183234&srpvid=e2bb1dc1f7600027&ucfs=1&from=searchresultshttps://www.booking.com;highlight_room=#hotelTmpl,booking_kaggle,2020,2020-04-24,2026-09-13T06:37:49.339055+00:00,False
hotels_01002,1455436,Lewan Alkhaleej Aparthotel,Riyadh,Riyadh,130,,6.3,48,Studio,1 bed (1 large double),2,,True,24.6832361386439,46.7900204658508,https://www.booking.com/hotel/sa/lewan-alkhaleej-aparthotel.en-gb.html?aid=304142&label=gen173nr-1DCAEoggI46AdIM1gEaMQBiAECmAEJuAEJyAER2AED6AEBiAIBqAIDuAKmm9z0BcACAQ&sid=42146239dcdf1e519ee673686891723f&all_sr_blocks=145543602_204548028_0_0_0&checkin=2020-04-24&checkout=2020-04-25&dest_id=186&dest_type=country&group_adults=2&group_children=0&hapos=1003&highlighted_blocks=145543602_204548028_0_0_0&hpos=3&no_rooms=1&sr_order=class_and_price&sr_pri_blocks=145543602_204548028_0_0_0__13000&srepoch=1587183234&srpvid=e2bb1dc1f7600027&ucfs=1&from=searchresultshttps://www.booking.com;highlight_room=#hotelTmpl,booking_kaggle,2020,2020-04-24,2026-09-13T06:37:49.339055+00:00,False
hotels_01003,1884095,Rawabi Green Palace,Jeddah,Makkah,130,,7.2,196,Deluxe Apartment,1 bed (1 extra-large double),2,,True,21.5824212009958,39.2070199549198,https://www.booking.com/hotel/sa/green-qsr-residential-units.en-gb.html?aid=304142&label=gen173nr-1DCAEoggI46AdIM1gEaMQBiAECmAEJuAEJyAER2AED6AEBiAIBqAIDuAKmm9z0BcACAQ&sid=42146239dcdf1e519ee673686891723f&all_sr_blocks=188409514_195234341_2_0_0&checkin=2020-04-24&checkout=2020-04-25&dest_id=186&dest_type=country&group_adults=2&group_children=0&hapos=1004&highlighted_blocks=188409514_195234341_2_0_0&hpos=4&no_rooms=1&sr_order=class_and_price&sr_pri_blocks=188409514_195234341_2_0_0__13000&srepoch=1587183234&srpvid=e2bb1dc1f7600027&ucfs=1&from=searchresultshttps://www.booking.com;highlight_room=#hotelTmpl,booking_kaggle,2020,2020-04-24,2026-09-13T06:37:49.339055+00:00,False
hotels_01004,883412,Al Raha Rotana Hotel Apartments,Khamis Mushait,Asir,130,,7.0,264,One-Bedroom Apartment,1 bed (1 extra-large double),2,,True,18.328530142797,42.7603803723832,https://www.booking.com/hotel/sa/al-raha-rotana-apartments.en-gb.html?aid=304142&label=gen173nr-1DCAEoggI46AdIM1gEaMQBiAECmAEJuAEJyAER2AED6AEBiAIBqAIDuAKmm9z0BcACAQ&sid=42146239dcdf1e519ee673686891723f&all_sr_blocks=88341206_205832149_2_0_0&checkin=2020-04-24&checkout=2020-04-25&dest_id=186&dest_type=country&group_adults=2&group_children=0&hapos=1005&highlighted_blocks=88341206_205832149_2_0_0&hpos=5&no_rooms=1&sr_order=class_and_price&sr_pri_blocks=88341206_205832149_2_0_0__13000&srepoch=1587183234&srpvid=e2bb1dc1f7600027&ucfs=1&from=searchresultshttps://www.booking.com;highlight_room=#hotelTmpl,booking_kaggle,2020,2020-04-24,2026-09-13T06:37:49.339055+00:00,False
hotels_01005,3402133,Orchida Turaif Hotel 1,Ţurayf,Northern Borders,130,,6.0,10,Twin Room,2 beds (2 singles),2,,True,31.6697168510459,38.6546981765213,https://www.booking.com/hotel/sa/wrkyd-tryf-1.en-gb.html?aid=304142&label=gen173nr-1DCAEoggI46AdIM1gEaMQBiAECmAEJuAEJyAER2AED6AEBiAIBqAIDuAKmm9z0BcACAQ&sid=42146239dcdf1e519ee673686891723f&all_sr_blocks=340213303_216231318_2_2_0&checkin=2020-04-24&checkout=2020-04-25&dest_id=186&dest_type=country&group_adults=2&group_children=0&hapos=1006&highlighted_blocks=340213303_216231318_2_2_0&hpos=6&no_rooms=1&sr_order=class_and_price&sr_pri_blocks=340213303_216231318_2_2_0__13000&srepoch=1587183234&srpvid=e2bb1dc1f7600027&ucfs=1&from=searchresultshttps://www.booking.com;highlight_room=#hotelTmpl,booking_kaggle,2020,2020-04-24,2026-09-13T06:37:49.339055+00:00,False
hotels_01006,1251517,موكادور للأجنحة الفندقية فرع النزهة,Riyadh,Riyadh,130,,6.8,382,Standard Studio,1 bed (1 double),2,,True,24.7531350317469,46.7010676860809,https://www.booking.com/hotel/sa/mocador-riyadh.en-gb.html?aid=304142&label=gen173nr-1DCAEoggI46AdIM1gEaMQBiAECmAEJuAEJyAER2AED6AEBiAIBqAIDuAKmm9z0BcACAQ&sid=42146239dcdf1e519ee673686891723f&all_sr_blocks=125151713_168136261_2_0_0&checkin=2020-04-24&checkout=2020-04-25&dest_id=186&dest_type=country&group_adults=2&group_children=0&hapos=1007&highlighted_blocks=125151713_168136261_2_0_0&hpos=7&no_rooms=1&sr_order=class_and_price&sr_pri_blocks=125151713_168136261_2_0_0__13000&srepoch=1587183234&srpvid=e2bb1dc1f7600027&ucfs=1&from=searchresultshttps://www.booking.com;highlight_room=#hotelTmpl,booking_kaggle,2020,2020-04-24,2026-09-13T06:37:49.339055+00:00,False
hotels_01007,395833,Marahal kharj,Al Kharj,Riyadh,130,,7.2,82,Double Room,1 bed (1 double),2,,True,24.1664423561791,47.3310944437981,https://www.booking.com/hotel/sa/marahal-luxury-suite.en-gb.html?aid=304142&label=gen173nr-1DCAEoggI46AdIM1gEaMQBiAECmAEJuAEJyAER2AED6AEBiAIBqAIDuAKmm9z0BcACAQ&sid=42146239dcdf1e519ee673686891723f&all_sr_blocks=39583301_190266920_0_0_0&checkin=2020-04-24&checkout=2020-04-25&dest_id=186&dest_type=country&group_adults=2&group_children=0&hapos=1008&highlighted_blocks=39583301_190266920_0_0_0&hpos=8&no_rooms=1&sr_order=class_and_price&sr_pri_blocks=39583301_190266920_0_0_0__13000&srepoch=1587183234&srpvid=e2bb1dc1f7600027&ucfs=1&from=searchresultshttps://www.booking.com;highlight_room=#hotelTmpl,booking_kaggle,2020,2020-04-24,2026-09-13T06:37:49.339055+00:00,False
hotels_01008,542973,Taleen Al Malaz Hotel Apartments,Riyadh,Riyadh,130,,6.9,722,Studio,1 bed (1 double),2,,True,24.6617774368077,46.7205029726028,https://www.booking.com/hotel/sa/taleen-al-malaz.en-gb.html?aid=304142&label=gen173nr-1DCAEoggI46AdIM1gEaMQBiAECmAEJuAEJyAER2AED6AEBiAIBqAIDuAKmm9z0BcACAQ&sid=42146239dcdf1e519ee673686891723f&all_sr_blocks=54297301_187498720_0_0_0&checkin=2020-04-24&checkout=2020-04-25&dest_id=186&dest_type=country&group_adults=2&group_children=0&hapos=1009&highlighted_blocks=54297301_187498720_0_0_0&hpos=9&no_rooms=1&sr_order=class_and_price&sr_pri_blocks=54297301_187498720_0_0_0__13000&srepoch=1587183234&srpvid=e2bb1dc1f7600027&ucfs=1&from=searchresultshttps://www.booking.com;highlight_room=#hotelTmpl,booking_kaggle,2020,2020-04-24,2026-09-13T06:37:49.339055+00:00,False
hotels_01009,420598,Yamama Palace Nahdah Branch,Riyadh,Riyadh,130,,5.9,46,One-Bedroom Apartment,1 bed (1 double),2,,True,24.7531108691127,46.8187308311462,https://www.booking.com/hotel/sa/al-yamama-palace-nahda-branch.en-gb.html?aid=304142&label=gen173nr-1DCAEoggI46AdIM1gEaMQBiAECmAEJuAEJyAER2AED6AEBiAIBqAIDuAKmm9z0BcACAQ&sid=42146239dcdf1e519ee673686891723f&all_sr_blocks=42059808_195781541_2_0_0&checkin=2020-04-24&checkout=2020-04-25&dest_id=186&dest_type=country&group_adults=2&group_children=0&hapos=1010&highlighted_blocks=42059808_195781541_2_0_0&hpos=10&no_rooms=1&sr_order=class_and_price&sr_pri_blocks=42059808_195781541_2_0_0__13000&srepoch=1587183234&srpvid=e2bb1dc1f7600027&ucfs=1&from=searchresultshttps://www.booking.com;highlight_room=#hotelTmpl,booking_kaggle,2020,2020-04-24,2026-09-13T06:37:49.339055+00:00,False
hotels_01010,4665707,شقق حياكم,Hail,Hail,130,,6.7,34,One-Bedroom Apartment,1 bed (1 double),2,,True,27.5432113176274,41.671027448534,https://www.booking.com/hotel/sa/shqq-hykm.en-gb.html?aid=304142&label=gen173nr-1DCAEoggI46AdIM1gEaMQBiAECmAEJuAEJyAER2AED6AEBiAIBqAIDuAKmm9z0BcACAQ&sid=42146239dcdf1e519ee673686891723f&all_sr_blocks=466570704_241172228_2_0_0&checkin=2020-04-24&checkout=2020-04-25&dest_id=186&dest_type=country&group_adults=2&group_children=0&hapos=1011&highlighted_blocks=466570704_241172228_2_0_0&hpos=11&no_rooms=1&sr_order=class_and_price&sr_pri_blocks=466570704_241172228_2_0_0__13000&srepoch=1587183234&srpvid=e2bb1dc1f7600027&ucfs=1&from=searchresultshttps://www.booking.com;highlight_room=#hotelTmpl,booking_kaggle,2020,2020-04-24,2026-09-13T06:37:49.339055+00:00,False
hotels_01011,1867458,Orkid Arar Residential Units,Buraydah,Qassim,130,,6.8,38,Suite,"2 beds (1 extra-large double, 1 sofa bed)",4,,True,26.4247504316068,43.9087560027838,https://www.booking.com/hotel/sa/orkid-arar-residential-units.en-gb.html?aid=304142&label=gen173nr-1DCAEoggI46AdIM1gEaMQBiAECmAEJuAEJyAER2AED6AEBiAIBqAIDuAKmm9z0BcACAQ&sid=42146239dcdf1e519ee673686891723f&all_sr_blocks=186745802_92093450_0_0_0&checkin=2020-04-24&checkout=2020-04-25&dest_id=186&dest_type=country&group_adults=2&group_children=0&hapos=1012&highlighted_blocks=186745802_92093450_0_0_0&hpos=12&no_rooms=1&sr_order=class_and_price&sr_pri_blocks=186745802_92093450_0_0_0__13000&srepoch=1587183234&srpvid=e2bb1dc1f7600027&ucfs=1&from=searchresultshttps://www.booking.com;highlight_room=#hotelTmpl,booking_kaggle,2020,2020-04-24,2026-09-13T06:37:49.339055+00:00,False
hotels_01012,2706572,Khuzama Abha Furnished Apartments,Abha,Asir,130,,7.5,38,One-Bedroom Apartment,1 bed (1 double),2,,True,18.224238,42.558086,https://www.booking.com/hotel/sa/khuzama-abha-furnished-apartments.en-gb.html?aid=304142&label=gen173nr-1DCAEoggI46AdIM1gEaMQBiAECmAEJuAEJyAER2AED6AEBiAIBqAIDuAKmm9z0BcACAQ&sid=42146239dcdf1e519ee673686891723f&all_sr_blocks=270657203_120887662_2_0_0&checkin=2020-04-24&checkout=2020-04-25&dest_id=186&dest_type=country&group_adults=2&group_children=0&hapos=1013&highlighted_blocks=270657203_120887662_2_0_0&hpos=13&no_rooms=1&sr_order=class_and_price&sr_pri_blocks=270657203_120887662_2_0_0__13000&srepoch=1587183234&srpvid=e2bb1dc1f7600027&ucfs=1&from=searchresultshttps://www.booking.com;highlight_room=#hotelTmpl,booking_kaggle,2020,2020-04-24,2026-09-13T06:37:49.339055+00:00,False
hotels_01013,1727273,Zahrat Al-hamra زهرة الحمراء,Al Quway‘Īyah,,130,,7.3,58,Double Room,1 bed (1 extra-large double),2,,True,24.0697029112124,45.2942329645157,https://www.booking.com/hotel/sa/al-rahaa-suites.en-gb.html?aid=304142&label=gen173nr-1DCAEoggI46AdIM1gEaMQBiAECmAEJuAEJyAER2AED6AEBiAIBqAIDuAKmm9z0BcACAQ&sid=42146239dcdf1e519ee673686891723f&all_sr_blocks=172727302_105931439_2_0_0&checkin=2020-04-24&checkout=2020-04-25&dest_id=186&dest_type=country&group_adults=2&group_children=0&hapos=1014&highlighted_blocks=172727302_105931439_2_0_0&hpos=14&no_rooms=1&sr_order=class_and_price&sr_pri_blocks=172727302_105931439_2_0_0__13000&srepoch=1587183234&srpvid=e2bb1dc1f7600027&ucfs=1&from=searchresultshttps://www.booking.com;highlight_room=#hotelTmpl,booking_kaggle,2020,2020-04-24,2026-09-13T06:37:49.339055+00:00,False
hotels_01014,1664162,Al Masa Furnished Units Yanbu 2,Yanbu,Madinah,130,,7.5,59,Double Room,1 bed (1 large double),2,,True,24.0793109971163,38.0432617664337,https://www.booking.com/hotel/sa/al-masa-furnished-units-yanbu-2.en-gb.html?aid=304142&label=gen173nr-1DCAEoggI46AdIM1gEaMQBiAECmAEJuAEJyAER2AED6AEBiAIBqAIDuAKmm9z0BcACAQ&sid=42146239dcdf1e519ee673686891723f&all_sr_blocks=166416201_200551578_2_0_0&checkin=2020-04-24&checkout=2020-04-25&dest_id=186&dest_type=country&group_adults=2&group_children=0&hapos=1015&highlighted_blocks=166416201_200551578_2_0_0&hpos=15&no_rooms=1&sr_order=class_and_price&sr_pri_blocks=166416201_200551578_2_0_0__13000&srepoch=1587183234&srpvid=e2bb1dc1f7600027&ucfs=1&from=searchresultshttps://www.booking.com;highlight_room=#hotelTmpl,booking_kaggle,2020,2020-04-24,2026-09-13T06:37:49.339055+00:00,False
hotels_01015,1726837,Inwan Residential Units,Dammam,Eastern Province,130,,6.2,56,Family Studio,1 bed (1 extra-large double),2,,True,26.4389677204656,50.0833493471146,https://www.booking.com/hotel/sa/inwan-residential-units.en-gb.html?aid=304142&label=gen173nr-1DCAEoggI46AdIM1gEaMQBiAECmAEJuAEJyAER2AED6AEBiAIBqAIDuAKmm9z0BcACAQ&sid=42146239dcdf1e519ee673686891723f&all_sr_blocks=172683702_200595867_2_0_0&checkin=2020-04-24&checkout=2020-04-25&dest_id=186&dest_type=country&group_adults=2&group_children=0&hapos=1016&highlighted_blocks=172683702_200595867_2_0_0&hpos=16&no_rooms=1&sr_order=class_and_price&sr_pri_blocks=172683702_200595867_2_0_0__13000&srepoch=1587183234&srpvid=e2bb1dc1f7600027&ucfs=1&from=searchresultshttps://www.booking.com;highlight_room=#hotelTmpl,booking_kaggle,2020,2020-04-24,2026-09-13T06:37:49.339055+00:00,False
hotels_01016,1161888,Quite Night Hotel Apartments,Khamis Mushait,Asir,130,,6.7,241,One-Bedroom Suite,1 bed (1 double),2,,True,18.3241885253675,42.7146345376968,https://www.booking.com/hotel/sa/llyl-lhdy-llwhdt-lskny.en-gb.html?aid=304142&label=gen173nr-1DCAEoggI46AdIM1gEaMQBiAECmAEJuAEJyAER2AED6AEBiAIBqAIDuAKmm9z0BcACAQ&sid=42146239dcdf1e519ee673686891723f&all_sr_blocks=116188802_106239754_2_2_0&checkin=2020-04-24&checkout=2020-04-25&dest_id=186&dest_type=country&group_adults=2&group_children=0&hapos=1017&highlighted_blocks=116188802_106239754_2_2_0&hpos=17&no_rooms=1&sr_order=class_and_price&sr_pri_blocks=116188802_106239754_2_2_0__13000&srepoch=1587183234&srpvid=e2bb1dc1f7600027&ucfs=1&from=searchresultshttps://www.booking.com;highlight_room=#hotelTmpl,booking_kaggle,2020,2020-04-24,2026-09-13T06:37:49.339055+00:00,False
hotels_01017,2519802,Patto Suites,Al Bahah,Al Bahah,132,,7.5,636,Standard Apartment,2 beds (2 singles),2,,True,19.9429542306271,41.5483291230316,https://www.booking.com/hotel/sa/patto-suites-al-baha.en-gb.html?aid=304142&label=gen173nr-1DCAEoggI46AdIM1gEaMQBiAECmAEJuAEJyAER2AED6AEBiAIBqAIDuAKmm9z0BcACAQ&sid=42146239dcdf1e519ee673686891723f&all_sr_blocks=251980208_230338008_2_0_0&checkin=2020-04-24&checkout=2020-04-25&dest_id=186&dest_type=country&group_adults=2&group_children=0&hapos=1018&highlighted_blocks=251980208_230338008_2_0_0&hpos=18&no_rooms=1&sr_order=class_and_price&sr_pri_blocks=251980208_230338008_2_0_0__13200&srepoch=1587183234&srpvid=e2bb1dc1f7600027&ucfs=1&from=searchresultshttps://www.booking.com;highlight_room=#hotelTmpl,booking_kaggle,2020,2020-04-24,2026-09-13T06:37:49.339055+00:00,False
hotels_01018,2195558,Rosalina Hotel,Yanbu,Madinah,132,,8.4,1,Double or Twin Room,"2 beds (1 single, 1 extra-large double)",3,,,24.0820045343755,38.0869023797277,https://www.booking.com/hotel/sa/rosalina.en-gb.html?aid=304142&label=gen173nr-1DCAEoggI46AdIM1gEaMQBiAECmAEJuAEJyAER2AED6AEBiAIBqAIDuAKmm9z0BcACAQ&sid=42146239dcdf1e519ee673686891723f&all_sr_blocks=219555812_187224178_3_0_0&checkin=2020-04-24&checkout=2020-04-25&dest_id=186&dest_type=country&group_adults=2&group_children=0&hapos=1019&highlighted_blocks=219555812_187224178_3_0_0&hpos=19&no_rooms=1&sr_order=class_and_price&sr_pri_blocks=219555812_187224178_3_0_0__13200&srepoch=1587183234&srpvid=e2bb1dc1f7600027&ucfs=1&from=searchresultshttps://www.booking.com;highlight_room=#hotelTmpl,booking_kaggle,2020,2020-04-24,2026-09-13T06:37:49.339055+00:00,False
hotels_01019,2223777,Abahi Aparthotels,Ad Darb,,133,,6.2,108,One-Bedroom Suite,"2 beds (1 extra-large double, 1 sofa bed)",3,,True,17.7972345860576,42.3297147452831,https://www.booking.com/hotel/sa/abahi-aparthotels-ad-darb1.en-gb.html?aid=304142&label=gen173nr-1DCAEoggI46AdIM1gEaMQBiAECmAEJuAEJyAER2AED6AEBiAIBqAIDuAKmm9z0BcACAQ&sid=42146239dcdf1e519ee673686891723f&all_sr_blocks=222377705_206347484_3_0_0&checkin=2020-04-24&checkout=2020-04-25&dest_id=186&dest_type=country&group_adults=2&group_children=0&hapos=1020&highlighted_blocks=222377705_206347484_3_0_0&hpos=20&no_rooms=1&sr_order=class_and_price&sr_pri_blocks=222377705_206347484_3_0_0__13300&srepoch=1587183234&srpvid=e2bb1dc1f7600027&ucfs=1&from=searchresultshttps://www.booking.com;highlight_room=#hotelTmpl,booking_kaggle,2020,2020-04-24,2026-09-13T06:37:49.339055+00:00,False
hotels_01020,737295,Al Corniche Hotel Suites & Villas,Hail,Hail,133,,7.5,193,Twin Room,2 beds (2 singles),2,,True,27.4694968969485,41.6917955875397,https://www.booking.com/hotel/sa/ossuuuo-uuo-uuopso-uoo-c-ossuuuo-uuo-c.en-gb.html?aid=304142&label=gen173nr-1DCAEoggI46AdIM1gEaMQBiAECmAEJuAEJyAER2AED6AEBiAIBqAIDuAKmm9z0BcACAQ&sid=42146239dcdf1e519ee673686891723f&all_sr_blocks=73729502_190337982_0_0_0&checkin=2020-04-24&checkout=2020-04-25&dest_id=186&dest_type=country&group_adults=2&group_children=0&hapos=1021&highlighted_blocks=73729502_190337982_0_0_0&hpos=21&no_rooms=1&sr_order=class_and_price&sr_pri_blocks=73729502_190337982_0_0_0__13325&srepoch=1587183234&srpvid=e2bb1dc1f7600027&ucfs=1&from=searchresultshttps://www.booking.com;highlight_room=#hotelTmpl,booking_kaggle,2020,2020-04-24,2026-09-13T06:37:49.339055+00:00,False
hotels_01021,3418383,Golden Tower Hotel,Jubail,Eastern Province,134,,7.2,421,Deluxe Double Room (2 Adults + 1 Child),1 bed (1 double),2,,True,26.9898687325459,49.65674415477,https://www.booking.com/hotel/sa/golden-tower.en-gb.html?aid=304142&label=gen173nr-1DCAEoggI46AdIM1gEaMQBiAECmAEJuAEJyAER2AED6AEBiAIBqAIDuAKmm9z0BcACAQ&sid=42146239dcdf1e519ee673686891723f&all_sr_blocks=341838301_116873213_2_42_0&checkin=2020-04-24&checkout=2020-04-25&dest_id=186&dest_type=country&group_adults=2&group_children=0&hapos=1022&highlighted_blocks=341838301_116873213_2_42_0&hpos=22&no_rooms=1&sr_order=class_and_price&sr_pri_blocks=341838301_116873213_2_42_0__13400&srepoch=1587183234&srpvid=e2bb1dc1f7600027&ucfs=1&from=searchresultshttps://www.booking.com;highlight_room=#hotelTmpl,booking_kaggle,2020,2020-04-24,2026-09-13T06:37:49.339055+00:00,False
hotels_01022,371101,Drr Ramah Suites 2,Riyadh,Riyadh,134,,6.5,194,King Studio,1 bed (1 double),2,,,24.7653646178229,46.6683474183083,https://www.booking.com/hotel/sa/dorrar-ramah.en-gb.html?aid=304142&label=gen173nr-1DCAEoggI46AdIM1gEaMQBiAECmAEJuAEJyAER2AED6AEBiAIBqAIDuAKmm9z0BcACAQ&sid=42146239dcdf1e519ee673686891723f&all_sr_blocks=37110101_96264503_0_0_0&checkin=2020-04-24&checkout=2020-04-25&dest_id=186&dest_type=country&group_adults=2&group_children=0&hapos=1023&highlighted_blocks=37110101_96264503_0_0_0&hpos=23&no_rooms=1&sr_order=class_and_price&sr_pri_blocks=37110101_96264503_0_0_0__13410&srepoch=1587183234&srpvid=e2bb1dc1f7600027&ucfs=1&from=searchresultshttps://www.booking.com;highlight_room=#hotelTmpl,booking_kaggle,2020,2020-04-24,2026-09-13T06:37:49.339055+00:00,False
hotels_01023,3445586,Taj Al Khaleej Furnished Units 2,Ţurayf,Northern Borders,135,,8.9,122,Deluxe Apartment,1 bed (1 extra-large double),2,,True,31.6557814527169,38.6711655220222,https://www.booking.com/hotel/sa/tj-lkhlyj-llwhdt-lskny-2.en-gb.html?aid=304142&label=gen173nr-1DCAEoggI46AdIM1gEaMQBiAECmAEJuAEJyAER2AED6AEBiAIBqAIDuAKmm9z0BcACAQ&sid=42146239dcdf1e519ee673686891723f&all_sr_blocks=344558601_195443767_2_0_0&checkin=2020-04-24&checkout=2020-04-25&dest_id=186&dest_type=country&group_adults=2&group_children=0&hapos=1024&highlighted_blocks=344558601_195443767_2_0_0&hpos=24&no_rooms=1&sr_order=class_and_price&sr_pri_blocks=344558601_195443767_2_0_0__13500&srepoch=1587183234&srpvid=e2bb1dc1f7600027&ucfs=1&from=searchresultshttps://www.booking.com;highlight_room=#hotelTmpl,booking_kaggle,2020,2020-04-24,2026-09-13T06:37:49.339055+00:00,False
hotels_01024,3970957,Shatha Abha Furnished Units,Abha,Asir,135,,9.3,379,One-Bedroom Suite,1 bed (1 extra-large double),2,True,True,18.2221363825543,42.5856067500763,https://www.booking.com/hotel/sa/shdh-bh-ll-jnh-lfndqy.en-gb.html?aid=304142&label=gen173nr-1DCAEoggI46AdIM1gEaMQBiAECmAEJuAEJyAER2AED6AEBiAIBqAIDuAKmm9z0BcACAQ&sid=42146239dcdf1e519ee673686891723f&all_sr_blocks=397095701_127449917_2_1_0&checkin=2020-04-24&checkout=2020-04-25&dest_id=186&dest_type=country&group_adults=2&group_children=0&hapos=1025&highlighted_blocks=397095701_127449917_2_1_0&hpos=25&no_rooms=1&sr_order=class_and_price&sr_pri_blocks=397095701_127449917_2_1_0__13500&srepoch=1587183234&srpvid=e2bb1dc1f7600027&ucfs=1&from=searchresultshttps://www.booking.com;highlight_room=#hotelTmpl,booking_kaggle,2020,2020-04-24,2026-09-13T06:37:49.339055+00:00,False
